semantic_id,dataset,pipeline_id,implementation_label,backbone,input_res,arm,aggregation,lpd,gdca_ot,split_id,train_rep,d,paired_block,reuse_class,seed_class_split,seed_training_initialization,seed_base_data_permutation,seed_augmentation,seed_minibatch_order,seed_client_schedule,seed_Dirichlet_partition,seed_proposal_fold,seed_certification_reservoir,seed_primary_audit_draw,seed_secondary_audit_redraw,seed_traffic_draw,seed_evaluation
cifar10_proser_fedavg__split00__seed0__d0.1,cifar10,cifar10_proser_fedavg,WRN28_10_PROSER_FEDAVG,wide_resnet_28_10,32x32,proser_fedavg,fedavg,False,False,cifar10_split_00,0,0.1,cifar10__split00__seed0,fresh_training,102109232,3865239680,2883142971,2219672654,556507987,424135404,3698309823,219817215,3760029205,3409906855,3620098958,1918132926,596940623
cifar10_proser_fedavg__split00__seed0__d0.5,cifar10,cifar10_proser_fedavg,WRN28_10_PROSER_FEDAVG,wide_resnet_28_10,32x32,proser_fedavg,fedavg,False,False,cifar10_split_00,0,0.5,cifar10__split00__seed0,fresh_training,102109232,3865239680,2883142971,2219672654,556507987,424135404,3698309823,219817215,3760029205,3409906855,3620098958,1918132926,596940623
cifar10_proser_fedavg__split00__seed0__d5.0,cifar10,cifar10_proser_fedavg,WRN28_10_PROSER_FEDAVG,wide_resnet_28_10,32x32,proser_fedavg,fedavg,False,False,cifar10_split_00,0,5.0,cifar10__split00__seed0,fresh_training,102109232,3865239680,2883142971,2219672654,556507987,424135404,3698309823,219817215,3760029205,3409906855,3620098958,1918132926,596940623
cifar10_proser_fedavg__split00__seed1__d0.1,cifar10,cifar10_proser_fedavg,WRN28_10_PROSER_FEDAVG,wide_resnet_28_10,32x32,proser_fedavg,fedavg,False,False,cifar10_split_00,1,0.1,cifar10__split00__seed1,fresh_training,258296842,3587590432,3060057501,3689535398,2305236529,2872905153,2569711044,3473550699,1131343495,3180620588,1412408978,898485134,3290504687
cifar10_proser_fedavg__split00__seed1__d0.5,cifar10,cifar10_proser_fedavg,WRN28_10_PROSER_FEDAVG,wide_resnet_28_10,32x32,proser_fedavg,fedavg,False,False,cifar10_split_00,1,0.5,cifar10__split00__seed1,fresh_training,258296842,3587590432,3060057501,3689535398,2305236529,2872905153,2569711044,3473550699,1131343495,3180620588,1412408978,898485134,3290504687
cifar10_proser_fedavg__split00__seed1__d5.0,cifar10,cifar10_proser_fedavg,WRN28_10_PROSER_FEDAVG,wide_resnet_28_10,32x32,proser_fedavg,fedavg,False,False,cifar10_split_00,1,5.0,cifar10__split00__seed1,fresh_training,258296842,3587590432,3060057501,3689535398,2305236529,2872905153,2569711044,3473550699,1131343495,3180620588,1412408978,898485134,3290504687
cifar10_proser_fedavg__split00__seed2__d0.1,cifar10,cifar10_proser_fedavg,WRN28_10_PROSER_FEDAVG,wide_resnet_28_10,32x32,proser_fedavg,fedavg,False,False,cifar10_split_00,2,0.1,cifar10__split00__seed2,fresh_training,186015601,4127180481,1563057024,4040864604,308523296,4291120944,60355509,3670777154,3691689095,1752956387,3589840733,1385271832,1583293731
cifar10_proser_fedavg__split00__seed2__d0.5,cifar10,cifar10_proser_fedavg,WRN28_10_PROSER_FEDAVG,wide_resnet_28_10,32x32,proser_fedavg,fedavg,False,False,cifar10_split_00,2,0.5,cifar10__split00__seed2,fresh_training,186015601,4127180481,1563057024,4040864604,308523296,4291120944,60355509,3670777154,3691689095,1752956387,3589840733,1385271832,1583293731
cifar10_proser_fedavg__split00__seed2__d5.0,cifar10,cifar10_proser_fedavg,WRN28_10_PROSER_FEDAVG,wide_resnet_28_10,32x32,proser_fedavg,fedavg,False,False,cifar10_split_00,2,5.0,cifar10__split00__seed2,fresh_training,186015601,4127180481,1563057024,4040864604,308523296,4291120944,60355509,3670777154,3691689095,1752956387,3589840733,1385271832,1583293731
cifar10_proser_fedavg__split00__seed3__d0.1,cifar10,cifar10_proser_fedavg,WRN28_10_PROSER_FEDAVG,wide_resnet_28_10,32x32,proser_fedavg,fedavg,False,False,cifar10_split_00,3,0.1,cifar10__split00__seed3,fresh_training,2238609934,2666876875,1658708108,871301865,133707148,1984679286,1569845702,188566284,2913106715,10848192,3013665165,4105757947,3173038925
cifar10_proser_fedavg__split00__seed3__d0.5,cifar10,cifar10_proser_fedavg,WRN28_10_PROSER_FEDAVG,wide_resnet_28_10,32x32,proser_fedavg,fedavg,False,False,cifar10_split_00,3,0.5,cifar10__split00__seed3,fresh_training,2238609934,2666876875,1658708108,871301865,133707148,1984679286,1569845702,188566284,2913106715,10848192,3013665165,4105757947,3173038925
cifar10_proser_fedavg__split00__seed3__d5.0,cifar10,cifar10_proser_fedavg,WRN28_10_PROSER_FEDAVG,wide_resnet_28_10,32x32,proser_fedavg,fedavg,False,False,cifar10_split_00,3,5.0,cifar10__split00__seed3,fresh_training,2238609934,2666876875,1658708108,871301865,133707148,1984679286,1569845702,188566284,2913106715,10848192,3013665165,4105757947,3173038925
cifar10_proser_fedavg__split00__seed4__d0.1,cifar10,cifar10_proser_fedavg,WRN28_10_PROSER_FEDAVG,wide_resnet_28_10,32x32,proser_fedavg,fedavg,False,False,cifar10_split_00,4,0.1,cifar10__split00__seed4,fresh_training,2783717195,2342145456,933165769,158016765,1430890781,1180383248,3332942899,3342082080,1922150372,4275751143,2580731688,1291077888,3225917258
cifar10_proser_fedavg__split00__seed4__d0.5,cifar10,cifar10_proser_fedavg,WRN28_10_PROSER_FEDAVG,wide_resnet_28_10,32x32,proser_fedavg,fedavg,False,False,cifar10_split_00,4,0.5,cifar10__split00__seed4,fresh_training,2783717195,2342145456,933165769,158016765,1430890781,1180383248,3332942899,3342082080,1922150372,4275751143,2580731688,1291077888,3225917258
cifar10_proser_fedavg__split00__seed4__d5.0,cifar10,cifar10_proser_fedavg,WRN28_10_PROSER_FEDAVG,wide_resnet_28_10,32x32,proser_fedavg,fedavg,False,False,cifar10_split_00,4,5.0,cifar10__split00__seed4,fresh_training,2783717195,2342145456,933165769,158016765,1430890781,1180383248,3332942899,3342082080,1922150372,4275751143,2580731688,1291077888,3225917258
cifar10_proser_fedavg__split01__seed0__d0.1,cifar10,cifar10_proser_fedavg,WRN28_10_PROSER_FEDAVG,wide_resnet_28_10,32x32,proser_fedavg,fedavg,False,False,cifar10_split_01,0,0.1,cifar10__split01__seed0,fresh_training,1228971514,830753846,3910870989,1532270702,1471949119,2731586128,1252600743,1100728071,2019909692,2783490910,2211698480,2456436231,2881633264
cifar10_proser_fedavg__split01__seed0__d0.5,cifar10,cifar10_proser_fedavg,WRN28_10_PROSER_FEDAVG,wide_resnet_28_10,32x32,proser_fedavg,fedavg,False,False,cifar10_split_01,0,0.5,cifar10__split01__seed0,fresh_training,1228971514,830753846,3910870989,1532270702,1471949119,2731586128,1252600743,1100728071,2019909692,2783490910,2211698480,2456436231,2881633264
cifar10_proser_fedavg__split01__seed0__d5.0,cifar10,cifar10_proser_fedavg,WRN28_10_PROSER_FEDAVG,wide_resnet_28_10,32x32,proser_fedavg,fedavg,False,False,cifar10_split_01,0,5.0,cifar10__split01__seed0,fresh_training,1228971514,830753846,3910870989,1532270702,1471949119,2731586128,1252600743,1100728071,2019909692,2783490910,2211698480,2456436231,2881633264
cifar10_proser_fedavg__split01__seed1__d0.1,cifar10,cifar10_proser_fedavg,WRN28_10_PROSER_FEDAVG,wide_resnet_28_10,32x32,proser_fedavg,fedavg,False,False,cifar10_split_01,1,0.1,cifar10__split01__seed1,fresh_training,3535986209,3996978467,3409581928,3230552979,2679114687,1884110716,63133613,827441187,1461270803,3999345152,4015551230,520538792,835545991
cifar10_proser_fedavg__split01__seed1__d0.5,cifar10,cifar10_proser_fedavg,WRN28_10_PROSER_FEDAVG,wide_resnet_28_10,32x32,proser_fedavg,fedavg,False,False,cifar10_split_01,1,0.5,cifar10__split01__seed1,fresh_training,3535986209,3996978467,3409581928,3230552979,2679114687,1884110716,63133613,827441187,1461270803,3999345152,4015551230,520538792,835545991
cifar10_proser_fedavg__split01__seed1__d5.0,cifar10,cifar10_proser_fedavg,WRN28_10_PROSER_FEDAVG,wide_resnet_28_10,32x32,proser_fedavg,fedavg,False,False,cifar10_split_01,1,5.0,cifar10__split01__seed1,fresh_training,3535986209,3996978467,3409581928,3230552979,2679114687,1884110716,63133613,827441187,1461270803,3999345152,4015551230,520538792,835545991
cifar10_proser_fedavg__split01__seed2__d0.1,cifar10,cifar10_proser_fedavg,WRN28_10_PROSER_FEDAVG,wide_resnet_28_10,32x32,proser_fedavg,fedavg,False,False,cifar10_split_01,2,0.1,cifar10__split01__seed2,fresh_training,1216480471,3496567269,2138286292,4070283559,4198116065,926977568,456673550,2011553629,1259294377,776235959,2577111437,4200942004,2110861353
cifar10_proser_fedavg__split01__seed2__d0.5,cifar10,cifar10_proser_fedavg,WRN28_10_PROSER_FEDAVG,wide_resnet_28_10,32x32,proser_fedavg,fedavg,False,False,cifar10_split_01,2,0.5,cifar10__split01__seed2,fresh_training,1216480471,3496567269,2138286292,4070283559,4198116065,926977568,456673550,2011553629,1259294377,776235959,2577111437,4200942004,2110861353
cifar10_proser_fedavg__split01__seed2__d5.0,cifar10,cifar10_proser_fedavg,WRN28_10_PROSER_FEDAVG,wide_resnet_28_10,32x32,proser_fedavg,fedavg,False,False,cifar10_split_01,2,5.0,cifar10__split01__seed2,fresh_training,1216480471,3496567269,2138286292,4070283559,4198116065,926977568,456673550,2011553629,1259294377,776235959,2577111437,4200942004,2110861353
cifar10_proser_fedavg__split01__seed3__d0.1,cifar10,cifar10_proser_fedavg,WRN28_10_PROSER_FEDAVG,wide_resnet_28_10,32x32,proser_fedavg,fedavg,False,False,cifar10_split_01,3,0.1,cifar10__split01__seed3,fresh_training,3312628391,3555156592,3808767578,2621155345,1461657744,2511329918,3675631527,4246082950,1011843821,3688545234,189006848,524242476,3243650663
cifar10_proser_fedavg__split01__seed3__d0.5,cifar10,cifar10_proser_fedavg,WRN28_10_PROSER_FEDAVG,wide_resnet_28_10,32x32,proser_fedavg,fedavg,False,False,cifar10_split_01,3,0.5,cifar10__split01__seed3,fresh_training,3312628391,3555156592,3808767578,2621155345,1461657744,2511329918,3675631527,4246082950,1011843821,3688545234,189006848,524242476,3243650663
cifar10_proser_fedavg__split01__seed3__d5.0,cifar10,cifar10_proser_fedavg,WRN28_10_PROSER_FEDAVG,wide_resnet_28_10,32x32,proser_fedavg,fedavg,False,False,cifar10_split_01,3,5.0,cifar10__split01__seed3,fresh_training,3312628391,3555156592,3808767578,2621155345,1461657744,2511329918,3675631527,4246082950,1011843821,3688545234,189006848,524242476,3243650663
cifar10_proser_fedavg__split01__seed4__d0.1,cifar10,cifar10_proser_fedavg,WRN28_10_PROSER_FEDAVG,wide_resnet_28_10,32x32,proser_fedavg,fedavg,False,False,cifar10_split_01,4,0.1,cifar10__split01__seed4,fresh_training,484211396,2591181513,3009782545,3689042316,1824052674,2391227065,3162493068,4248029968,3169454164,4178169859,1135463606,1587372926,3293176082
cifar10_proser_fedavg__split01__seed4__d0.5,cifar10,cifar10_proser_fedavg,WRN28_10_PROSER_FEDAVG,wide_resnet_28_10,32x32,proser_fedavg,fedavg,False,False,cifar10_split_01,4,0.5,cifar10__split01__seed4,fresh_training,484211396,2591181513,3009782545,3689042316,1824052674,2391227065,3162493068,4248029968,3169454164,4178169859,1135463606,1587372926,3293176082
cifar10_proser_fedavg__split01__seed4__d5.0,cifar10,cifar10_proser_fedavg,WRN28_10_PROSER_FEDAVG,wide_resnet_28_10,32x32,proser_fedavg,fedavg,False,False,cifar10_split_01,4,5.0,cifar10__split01__seed4,fresh_training,484211396,2591181513,3009782545,3689042316,1824052674,2391227065,3162493068,4248029968,3169454164,4178169859,1135463606,1587372926,3293176082
cifar10_proser_fedavg__split02__seed0__d0.1,cifar10,cifar10_proser_fedavg,WRN28_10_PROSER_FEDAVG,wide_resnet_28_10,32x32,proser_fedavg,fedavg,False,False,cifar10_split_02,0,0.1,cifar10__split02__seed0,fresh_training,4274514747,1762824454,2327749630,1405640681,1342452983,2336172147,3528001977,3491711383,2177373033,705208115,3826982570,862174844,622233070
cifar10_proser_fedavg__split02__seed0__d0.5,cifar10,cifar10_proser_fedavg,WRN28_10_PROSER_FEDAVG,wide_resnet_28_10,32x32,proser_fedavg,fedavg,False,False,cifar10_split_02,0,0.5,cifar10__split02__seed0,fresh_training,4274514747,1762824454,2327749630,1405640681,1342452983,2336172147,3528001977,3491711383,2177373033,705208115,3826982570,862174844,622233070
cifar10_proser_fedavg__split02__seed0__d5.0,cifar10,cifar10_proser_fedavg,WRN28_10_PROSER_FEDAVG,wide_resnet_28_10,32x32,proser_fedavg,fedavg,False,False,cifar10_split_02,0,5.0,cifar10__split02__seed0,fresh_training,4274514747,1762824454,2327749630,1405640681,1342452983,2336172147,3528001977,3491711383,2177373033,705208115,3826982570,862174844,622233070
cifar10_proser_fedavg__split02__seed1__d0.1,cifar10,cifar10_proser_fedavg,WRN28_10_PROSER_FEDAVG,wide_resnet_28_10,32x32,proser_fedavg,fedavg,False,False,cifar10_split_02,1,0.1,cifar10__split02__seed1,fresh_training,3458403844,2928390364,1354434470,4158624920,1441589882,286500561,1345449285,2425396399,651312806,364116490,1692744352,1191820181,722981002
cifar10_proser_fedavg__split02__seed1__d0.5,cifar10,cifar10_proser_fedavg,WRN28_10_PROSER_FEDAVG,wide_resnet_28_10,32x32,proser_fedavg,fedavg,False,False,cifar10_split_02,1,0.5,cifar10__split02__seed1,fresh_training,3458403844,2928390364,1354434470,4158624920,1441589882,286500561,1345449285,2425396399,651312806,364116490,1692744352,1191820181,722981002
cifar10_proser_fedavg__split02__seed1__d5.0,cifar10,cifar10_proser_fedavg,WRN28_10_PROSER_FEDAVG,wide_resnet_28_10,32x32,proser_fedavg,fedavg,False,False,cifar10_split_02,1,5.0,cifar10__split02__seed1,fresh_training,3458403844,2928390364,1354434470,4158624920,1441589882,286500561,1345449285,2425396399,651312806,364116490,1692744352,1191820181,722981002
cifar10_proser_fedavg__split02__seed2__d0.1,cifar10,cifar10_proser_fedavg,WRN28_10_PROSER_FEDAVG,wide_resnet_28_10,32x32,proser_fedavg,fedavg,False,False,cifar10_split_02,2,0.1,cifar10__split02__seed2,fresh_training,3093476929,1669013110,3022422784,4068838068,804392662,1425124365,1471053466,1918760789,1098489177,401018107,2269136384,4236684755,2398483409
cifar10_proser_fedavg__split02__seed2__d0.5,cifar10,cifar10_proser_fedavg,WRN28_10_PROSER_FEDAVG,wide_resnet_28_10,32x32,proser_fedavg,fedavg,False,False,cifar10_split_02,2,0.5,cifar10__split02__seed2,fresh_training,3093476929,1669013110,3022422784,4068838068,804392662,1425124365,1471053466,1918760789,1098489177,401018107,2269136384,4236684755,2398483409
cifar10_proser_fedavg__split02__seed2__d5.0,cifar10,cifar10_proser_fedavg,WRN28_10_PROSER_FEDAVG,wide_resnet_28_10,32x32,proser_fedavg,fedavg,False,False,cifar10_split_02,2,5.0,cifar10__split02__seed2,fresh_training,3093476929,1669013110,3022422784,4068838068,804392662,1425124365,1471053466,1918760789,1098489177,401018107,2269136384,4236684755,2398483409
cifar10_proser_fedavg__split02__seed3__d0.1,cifar10,cifar10_proser_fedavg,WRN28_10_PROSER_FEDAVG,wide_resnet_28_10,32x32,proser_fedavg,fedavg,False,False,cifar10_split_02,3,0.1,cifar10__split02__seed3,fresh_training,2407947887,1280768563,2144439588,2260680654,833001242,220351494,447774852,526684440,3789767449,4284297689,644537379,3430077065,1422591174
cifar10_proser_fedavg__split02__seed3__d0.5,cifar10,cifar10_proser_fedavg,WRN28_10_PROSER_FEDAVG,wide_resnet_28_10,32x32,proser_fedavg,fedavg,False,False,cifar10_split_02,3,0.5,cifar10__split02__seed3,fresh_training,2407947887,1280768563,2144439588,2260680654,833001242,220351494,447774852,526684440,3789767449,4284297689,644537379,3430077065,1422591174
cifar10_proser_fedavg__split02__seed3__d5.0,cifar10,cifar10_proser_fedavg,WRN28_10_PROSER_FEDAVG,wide_resnet_28_10,32x32,proser_fedavg,fedavg,False,False,cifar10_split_02,3,5.0,cifar10__split02__seed3,fresh_training,2407947887,1280768563,2144439588,2260680654,833001242,220351494,447774852,526684440,3789767449,4284297689,644537379,3430077065,1422591174
cifar10_proser_fedavg__split02__seed4__d0.1,cifar10,cifar10_proser_fedavg,WRN28_10_PROSER_FEDAVG,wide_resnet_28_10,32x32,proser_fedavg,fedavg,False,False,cifar10_split_02,4,0.1,cifar10__split02__seed4,fresh_training,1665270041,342830697,3246212494,2439287175,3761806345,3848603539,2383386867,367114607,4198011863,1951852865,422635924,1042132327,3862097628
cifar10_proser_fedavg__split02__seed4__d0.5,cifar10,cifar10_proser_fedavg,WRN28_10_PROSER_FEDAVG,wide_resnet_28_10,32x32,proser_fedavg,fedavg,False,False,cifar10_split_02,4,0.5,cifar10__split02__seed4,fresh_training,1665270041,342830697,3246212494,2439287175,3761806345,3848603539,2383386867,367114607,4198011863,1951852865,422635924,1042132327,3862097628
cifar10_proser_fedavg__split02__seed4__d5.0,cifar10,cifar10_proser_fedavg,WRN28_10_PROSER_FEDAVG,wide_resnet_28_10,32x32,proser_fedavg,fedavg,False,False,cifar10_split_02,4,5.0,cifar10__split02__seed4,fresh_training,1665270041,342830697,3246212494,2439287175,3761806345,3848603539,2383386867,367114607,4198011863,1951852865,422635924,1042132327,3862097628
cifar10_proser_fedavg__split03__seed0__d0.1,cifar10,cifar10_proser_fedavg,WRN28_10_PROSER_FEDAVG,wide_resnet_28_10,32x32,proser_fedavg,fedavg,False,False,cifar10_split_03,0,0.1,cifar10__split03__seed0,fresh_training,1346131208,1712026865,1380620344,2150435227,3352218521,3017520874,1836202971,3545617662,1843347993,2059207558,2769917490,889384508,3608023570
cifar10_proser_fedavg__split03__seed0__d0.5,cifar10,cifar10_proser_fedavg,WRN28_10_PROSER_FEDAVG,wide_resnet_28_10,32x32,proser_fedavg,fedavg,False,False,cifar10_split_03,0,0.5,cifar10__split03__seed0,fresh_training,1346131208,1712026865,1380620344,2150435227,3352218521,3017520874,1836202971,3545617662,1843347993,2059207558,2769917490,889384508,3608023570
cifar10_proser_fedavg__split03__seed0__d5.0,cifar10,cifar10_proser_fedavg,WRN28_10_PROSER_FEDAVG,wide_resnet_28_10,32x32,proser_fedavg,fedavg,False,False,cifar10_split_03,0,5.0,cifar10__split03__seed0,fresh_training,1346131208,1712026865,1380620344,2150435227,3352218521,3017520874,1836202971,3545617662,1843347993,2059207558,2769917490,889384508,3608023570
cifar10_proser_fedavg__split03__seed1__d0.1,cifar10,cifar10_proser_fedavg,WRN28_10_PROSER_FEDAVG,wide_resnet_28_10,32x32,proser_fedavg,fedavg,False,False,cifar10_split_03,1,0.1,cifar10__split03__seed1,fresh_training,831617313,760776122,3451228357,1425023916,578813979,3405052401,50032215,1887064994,4062698163,2078687017,1412001767,3812063553,2198445219
cifar10_proser_fedavg__split03__seed1__d0.5,cifar10,cifar10_proser_fedavg,WRN28_10_PROSER_FEDAVG,wide_resnet_28_10,32x32,proser_fedavg,fedavg,False,False,cifar10_split_03,1,0.5,cifar10__split03__seed1,fresh_training,831617313,760776122,3451228357,1425023916,578813979,3405052401,50032215,1887064994,4062698163,2078687017,1412001767,3812063553,2198445219
cifar10_proser_fedavg__split03__seed1__d5.0,cifar10,cifar10_proser_fedavg,WRN28_10_PROSER_FEDAVG,wide_resnet_28_10,32x32,proser_fedavg,fedavg,False,False,cifar10_split_03,1,5.0,cifar10__split03__seed1,fresh_training,831617313,760776122,3451228357,1425023916,578813979,3405052401,50032215,1887064994,4062698163,2078687017,1412001767,3812063553,2198445219
cifar10_proser_fedavg__split03__seed2__d0.1,cifar10,cifar10_proser_fedavg,WRN28_10_PROSER_FEDAVG,wide_resnet_28_10,32x32,proser_fedavg,fedavg,False,False,cifar10_split_03,2,0.1,cifar10__split03__seed2,fresh_training,3737171978,3315006129,2345690057,3406092749,142072280,2875773129,1306536565,1674706357,2973531470,3252553165,1239389548,3396698993,1172296143
cifar10_proser_fedavg__split03__seed2__d0.5,cifar10,cifar10_proser_fedavg,WRN28_10_PROSER_FEDAVG,wide_resnet_28_10,32x32,proser_fedavg,fedavg,False,False,cifar10_split_03,2,0.5,cifar10__split03__seed2,fresh_training,3737171978,3315006129,2345690057,3406092749,142072280,2875773129,1306536565,1674706357,2973531470,3252553165,1239389548,3396698993,1172296143
cifar10_proser_fedavg__split03__seed2__d5.0,cifar10,cifar10_proser_fedavg,WRN28_10_PROSER_FEDAVG,wide_resnet_28_10,32x32,proser_fedavg,fedavg,False,False,cifar10_split_03,2,5.0,cifar10__split03__seed2,fresh_training,3737171978,3315006129,2345690057,3406092749,142072280,2875773129,1306536565,1674706357,2973531470,3252553165,1239389548,3396698993,1172296143
cifar10_proser_fedavg__split03__seed3__d0.1,cifar10,cifar10_proser_fedavg,WRN28_10_PROSER_FEDAVG,wide_resnet_28_10,32x32,proser_fedavg,fedavg,False,False,cifar10_split_03,3,0.1,cifar10__split03__seed3,fresh_training,2968420369,578152868,1311983090,2448104508,3234527324,3233571823,2461558466,2297042165,2799522379,2784462196,2680807267,2199434948,745835662
cifar10_proser_fedavg__split03__seed3__d0.5,cifar10,cifar10_proser_fedavg,WRN28_10_PROSER_FEDAVG,wide_resnet_28_10,32x32,proser_fedavg,fedavg,False,False,cifar10_split_03,3,0.5,cifar10__split03__seed3,fresh_training,2968420369,578152868,1311983090,2448104508,3234527324,3233571823,2461558466,2297042165,2799522379,2784462196,2680807267,2199434948,745835662
cifar10_proser_fedavg__split03__seed3__d5.0,cifar10,cifar10_proser_fedavg,WRN28_10_PROSER_FEDAVG,wide_resnet_28_10,32x32,proser_fedavg,fedavg,False,False,cifar10_split_03,3,5.0,cifar10__split03__seed3,fresh_training,2968420369,578152868,1311983090,2448104508,3234527324,3233571823,2461558466,2297042165,2799522379,2784462196,2680807267,2199434948,745835662
cifar10_proser_fedavg__split03__seed4__d0.1,cifar10,cifar10_proser_fedavg,WRN28_10_PROSER_FEDAVG,wide_resnet_28_10,32x32,proser_fedavg,fedavg,False,False,cifar10_split_03,4,0.1,cifar10__split03__seed4,fresh_training,2783136329,3814111656,3354297552,1855459085,2952873299,3699451756,2874445194,3790173150,3123726700,2745648300,2586922260,2306198260,1312696410
cifar10_proser_fedavg__split03__seed4__d0.5,cifar10,cifar10_proser_fedavg,WRN28_10_PROSER_FEDAVG,wide_resnet_28_10,32x32,proser_fedavg,fedavg,False,False,cifar10_split_03,4,0.5,cifar10__split03__seed4,fresh_training,2783136329,3814111656,3354297552,1855459085,2952873299,3699451756,2874445194,3790173150,3123726700,2745648300,2586922260,2306198260,1312696410
cifar10_proser_fedavg__split03__seed4__d5.0,cifar10,cifar10_proser_fedavg,WRN28_10_PROSER_FEDAVG,wide_resnet_28_10,32x32,proser_fedavg,fedavg,False,False,cifar10_split_03,4,5.0,cifar10__split03__seed4,fresh_training,2783136329,3814111656,3354297552,1855459085,2952873299,3699451756,2874445194,3790173150,3123726700,2745648300,2586922260,2306198260,1312696410
cifar10_proser_fedavg__split04__seed0__d0.1,cifar10,cifar10_proser_fedavg,WRN28_10_PROSER_FEDAVG,wide_resnet_28_10,32x32,proser_fedavg,fedavg,False,False,cifar10_split_04,0,0.1,cifar10__split04__seed0,fresh_training,284407590,591785450,1397699975,2858610454,285294553,2889999683,2260832141,2041539163,272812121,3253060520,3626012462,1305270549,4264422988
cifar10_proser_fedavg__split04__seed0__d0.5,cifar10,cifar10_proser_fedavg,WRN28_10_PROSER_FEDAVG,wide_resnet_28_10,32x32,proser_fedavg,fedavg,False,False,cifar10_split_04,0,0.5,cifar10__split04__seed0,fresh_training,284407590,591785450,1397699975,2858610454,285294553,2889999683,2260832141,2041539163,272812121,3253060520,3626012462,1305270549,4264422988
cifar10_proser_fedavg__split04__seed0__d5.0,cifar10,cifar10_proser_fedavg,WRN28_10_PROSER_FEDAVG,wide_resnet_28_10,32x32,proser_fedavg,fedavg,False,False,cifar10_split_04,0,5.0,cifar10__split04__seed0,fresh_training,284407590,591785450,1397699975,2858610454,285294553,2889999683,2260832141,2041539163,272812121,3253060520,3626012462,1305270549,4264422988
cifar10_proser_fedavg__split04__seed1__d0.1,cifar10,cifar10_proser_fedavg,WRN28_10_PROSER_FEDAVG,wide_resnet_28_10,32x32,proser_fedavg,fedavg,False,False,cifar10_split_04,1,0.1,cifar10__split04__seed1,fresh_training,1027560094,1301355522,755133840,2343923465,3522780453,921640853,2540387208,488005500,980939469,1426030260,3996983411,167814245,686711400
cifar10_proser_fedavg__split04__seed1__d0.5,cifar10,cifar10_proser_fedavg,WRN28_10_PROSER_FEDAVG,wide_resnet_28_10,32x32,proser_fedavg,fedavg,False,False,cifar10_split_04,1,0.5,cifar10__split04__seed1,fresh_training,1027560094,1301355522,755133840,2343923465,3522780453,921640853,2540387208,488005500,980939469,1426030260,3996983411,167814245,686711400
cifar10_proser_fedavg__split04__seed1__d5.0,cifar10,cifar10_proser_fedavg,WRN28_10_PROSER_FEDAVG,wide_resnet_28_10,32x32,proser_fedavg,fedavg,False,False,cifar10_split_04,1,5.0,cifar10__split04__seed1,fresh_training,1027560094,1301355522,755133840,2343923465,3522780453,921640853,2540387208,488005500,980939469,1426030260,3996983411,167814245,686711400
cifar10_proser_fedavg__split04__seed2__d0.1,cifar10,cifar10_proser_fedavg,WRN28_10_PROSER_FEDAVG,wide_resnet_28_10,32x32,proser_fedavg,fedavg,False,False,cifar10_split_04,2,0.1,cifar10__split04__seed2,fresh_training,3693890018,1185183827,1053546113,4008313511,389439548,2993971114,2790287182,3775420922,781830005,2938545752,1159374571,697274416,4192418774
cifar10_proser_fedavg__split04__seed2__d0.5,cifar10,cifar10_proser_fedavg,WRN28_10_PROSER_FEDAVG,wide_resnet_28_10,32x32,proser_fedavg,fedavg,False,False,cifar10_split_04,2,0.5,cifar10__split04__seed2,fresh_training,3693890018,1185183827,1053546113,4008313511,389439548,2993971114,2790287182,3775420922,781830005,2938545752,1159374571,697274416,4192418774
cifar10_proser_fedavg__split04__seed2__d5.0,cifar10,cifar10_proser_fedavg,WRN28_10_PROSER_FEDAVG,wide_resnet_28_10,32x32,proser_fedavg,fedavg,False,False,cifar10_split_04,2,5.0,cifar10__split04__seed2,fresh_training,3693890018,1185183827,1053546113,4008313511,389439548,2993971114,2790287182,3775420922,781830005,2938545752,1159374571,697274416,4192418774
cifar10_proser_fedavg__split04__seed3__d0.1,cifar10,cifar10_proser_fedavg,WRN28_10_PROSER_FEDAVG,wide_resnet_28_10,32x32,proser_fedavg,fedavg,False,False,cifar10_split_04,3,0.1,cifar10__split04__seed3,fresh_training,1811896368,1818610448,2552558243,2321425737,1326547974,1884356243,1178508363,2672784073,127747693,716624903,2429653642,2492031004,1435617818
cifar10_proser_fedavg__split04__seed3__d0.5,cifar10,cifar10_proser_fedavg,WRN28_10_PROSER_FEDAVG,wide_resnet_28_10,32x32,proser_fedavg,fedavg,False,False,cifar10_split_04,3,0.5,cifar10__split04__seed3,fresh_training,1811896368,1818610448,2552558243,2321425737,1326547974,1884356243,1178508363,2672784073,127747693,716624903,2429653642,2492031004,1435617818
cifar10_proser_fedavg__split04__seed3__d5.0,cifar10,cifar10_proser_fedavg,WRN28_10_PROSER_FEDAVG,wide_resnet_28_10,32x32,proser_fedavg,fedavg,False,False,cifar10_split_04,3,5.0,cifar10__split04__seed3,fresh_training,1811896368,1818610448,2552558243,2321425737,1326547974,1884356243,1178508363,2672784073,127747693,716624903,2429653642,2492031004,1435617818
cifar10_proser_fedavg__split04__seed4__d0.1,cifar10,cifar10_proser_fedavg,WRN28_10_PROSER_FEDAVG,wide_resnet_28_10,32x32,proser_fedavg,fedavg,False,False,cifar10_split_04,4,0.1,cifar10__split04__seed4,fresh_training,1755926433,565954445,3676945254,3633579689,2424063112,67132170,443111600,1556442403,1160662758,1358120413,2466790401,1443501424,2050331490
cifar10_proser_fedavg__split04__seed4__d0.5,cifar10,cifar10_proser_fedavg,WRN28_10_PROSER_FEDAVG,wide_resnet_28_10,32x32,proser_fedavg,fedavg,False,False,cifar10_split_04,4,0.5,cifar10__split04__seed4,fresh_training,1755926433,565954445,3676945254,3633579689,2424063112,67132170,443111600,1556442403,1160662758,1358120413,2466790401,1443501424,2050331490
cifar10_proser_fedavg__split04__seed4__d5.0,cifar10,cifar10_proser_fedavg,WRN28_10_PROSER_FEDAVG,wide_resnet_28_10,32x32,proser_fedavg,fedavg,False,False,cifar10_split_04,4,5.0,cifar10__split04__seed4,fresh_training,1755926433,565954445,3676945254,3633579689,2424063112,67132170,443111600,1556442403,1160662758,1358120413,2466790401,1443501424,2050331490
cifar10_proser_fedavg__split05__seed0__d0.1,cifar10,cifar10_proser_fedavg,WRN28_10_PROSER_FEDAVG,wide_resnet_28_10,32x32,proser_fedavg,fedavg,False,False,cifar10_split_05,0,0.1,cifar10__split05__seed0,fresh_training,682046977,1176735589,1803948508,3665087486,3735163216,3373599323,1311939328,4081029303,1680966297,4045760189,2212435922,1229781119,2174187913
cifar10_proser_fedavg__split05__seed0__d0.5,cifar10,cifar10_proser_fedavg,WRN28_10_PROSER_FEDAVG,wide_resnet_28_10,32x32,proser_fedavg,fedavg,False,False,cifar10_split_05,0,0.5,cifar10__split05__seed0,fresh_training,682046977,1176735589,1803948508,3665087486,3735163216,3373599323,1311939328,4081029303,1680966297,4045760189,2212435922,1229781119,2174187913
cifar10_proser_fedavg__split05__seed0__d5.0,cifar10,cifar10_proser_fedavg,WRN28_10_PROSER_FEDAVG,wide_resnet_28_10,32x32,proser_fedavg,fedavg,False,False,cifar10_split_05,0,5.0,cifar10__split05__seed0,fresh_training,682046977,1176735589,1803948508,3665087486,3735163216,3373599323,1311939328,4081029303,1680966297,4045760189,2212435922,1229781119,2174187913
cifar10_proser_fedavg__split05__seed1__d0.1,cifar10,cifar10_proser_fedavg,WRN28_10_PROSER_FEDAVG,wide_resnet_28_10,32x32,proser_fedavg,fedavg,False,False,cifar10_split_05,1,0.1,cifar10__split05__seed1,fresh_training,4281551370,1629084562,464828297,3906846568,484188993,2553122695,2743996482,1485872854,1639505815,1886493673,4261925135,3210234078,52441004
cifar10_proser_fedavg__split05__seed1__d0.5,cifar10,cifar10_proser_fedavg,WRN28_10_PROSER_FEDAVG,wide_resnet_28_10,32x32,proser_fedavg,fedavg,False,False,cifar10_split_05,1,0.5,cifar10__split05__seed1,fresh_training,4281551370,1629084562,464828297,3906846568,484188993,2553122695,2743996482,1485872854,1639505815,1886493673,4261925135,3210234078,52441004
cifar10_proser_fedavg__split05__seed1__d5.0,cifar10,cifar10_proser_fedavg,WRN28_10_PROSER_FEDAVG,wide_resnet_28_10,32x32,proser_fedavg,fedavg,False,False,cifar10_split_05,1,5.0,cifar10__split05__seed1,fresh_training,4281551370,1629084562,464828297,3906846568,484188993,2553122695,2743996482,1485872854,1639505815,1886493673,4261925135,3210234078,52441004
cifar10_proser_fedavg__split05__seed2__d0.1,cifar10,cifar10_proser_fedavg,WRN28_10_PROSER_FEDAVG,wide_resnet_28_10,32x32,proser_fedavg,fedavg,False,False,cifar10_split_05,2,0.1,cifar10__split05__seed2,fresh_training,4187144429,2438565058,836884237,2197943901,1825781050,4210863075,1840023304,3223894723,3941420668,140490442,4264565387,3715162033,2453246465
cifar10_proser_fedavg__split05__seed2__d0.5,cifar10,cifar10_proser_fedavg,WRN28_10_PROSER_FEDAVG,wide_resnet_28_10,32x32,proser_fedavg,fedavg,False,False,cifar10_split_05,2,0.5,cifar10__split05__seed2,fresh_training,4187144429,2438565058,836884237,2197943901,1825781050,4210863075,1840023304,3223894723,3941420668,140490442,4264565387,3715162033,2453246465
cifar10_proser_fedavg__split05__seed2__d5.0,cifar10,cifar10_proser_fedavg,WRN28_10_PROSER_FEDAVG,wide_resnet_28_10,32x32,proser_fedavg,fedavg,False,False,cifar10_split_05,2,5.0,cifar10__split05__seed2,fresh_training,4187144429,2438565058,836884237,2197943901,1825781050,4210863075,1840023304,3223894723,3941420668,140490442,4264565387,3715162033,2453246465
cifar10_proser_fedavg__split05__seed3__d0.1,cifar10,cifar10_proser_fedavg,WRN28_10_PROSER_FEDAVG,wide_resnet_28_10,32x32,proser_fedavg,fedavg,False,False,cifar10_split_05,3,0.1,cifar10__split05__seed3,fresh_training,2003845027,2052672652,2969092683,1071636061,2962897329,3839401489,195501928,1410031791,1564041995,1233565215,3197274845,3180638444,4147751424
cifar10_proser_fedavg__split05__seed3__d0.5,cifar10,cifar10_proser_fedavg,WRN28_10_PROSER_FEDAVG,wide_resnet_28_10,32x32,proser_fedavg,fedavg,False,False,cifar10_split_05,3,0.5,cifar10__split05__seed3,fresh_training,2003845027,2052672652,2969092683,1071636061,2962897329,3839401489,195501928,1410031791,1564041995,1233565215,3197274845,3180638444,4147751424
cifar10_proser_fedavg__split05__seed3__d5.0,cifar10,cifar10_proser_fedavg,WRN28_10_PROSER_FEDAVG,wide_resnet_28_10,32x32,proser_fedavg,fedavg,False,False,cifar10_split_05,3,5.0,cifar10__split05__seed3,fresh_training,2003845027,2052672652,2969092683,1071636061,2962897329,3839401489,195501928,1410031791,1564041995,1233565215,3197274845,3180638444,4147751424
cifar10_proser_fedavg__split05__seed4__d0.1,cifar10,cifar10_proser_fedavg,WRN28_10_PROSER_FEDAVG,wide_resnet_28_10,32x32,proser_fedavg,fedavg,False,False,cifar10_split_05,4,0.1,cifar10__split05__seed4,fresh_training,1831033600,1802123082,1775769612,206108295,3478608378,2101520121,936246269,642167626,2371961747,408740932,3011619274,594374698,1153502721
cifar10_proser_fedavg__split05__seed4__d0.5,cifar10,cifar10_proser_fedavg,WRN28_10_PROSER_FEDAVG,wide_resnet_28_10,32x32,proser_fedavg,fedavg,False,False,cifar10_split_05,4,0.5,cifar10__split05__seed4,fresh_training,1831033600,1802123082,1775769612,206108295,3478608378,2101520121,936246269,642167626,2371961747,408740932,3011619274,594374698,1153502721
cifar10_proser_fedavg__split05__seed4__d5.0,cifar10,cifar10_proser_fedavg,WRN28_10_PROSER_FEDAVG,wide_resnet_28_10,32x32,proser_fedavg,fedavg,False,False,cifar10_split_05,4,5.0,cifar10__split05__seed4,fresh_training,1831033600,1802123082,1775769612,206108295,3478608378,2101520121,936246269,642167626,2371961747,408740932,3011619274,594374698,1153502721
cifar10_proser_fedavg__split06__seed0__d0.1,cifar10,cifar10_proser_fedavg,WRN28_10_PROSER_FEDAVG,wide_resnet_28_10,32x32,proser_fedavg,fedavg,False,False,cifar10_split_06,0,0.1,cifar10__split06__seed0,fresh_training,3639748221,608741522,2591621791,3882528768,517300563,2126506136,1507719353,1193200769,1691608405,1643074505,710727221,1923463127,2004781541
cifar10_proser_fedavg__split06__seed0__d0.5,cifar10,cifar10_proser_fedavg,WRN28_10_PROSER_FEDAVG,wide_resnet_28_10,32x32,proser_fedavg,fedavg,False,False,cifar10_split_06,0,0.5,cifar10__split06__seed0,fresh_training,3639748221,608741522,2591621791,3882528768,517300563,2126506136,1507719353,1193200769,1691608405,1643074505,710727221,1923463127,2004781541
cifar10_proser_fedavg__split06__seed0__d5.0,cifar10,cifar10_proser_fedavg,WRN28_10_PROSER_FEDAVG,wide_resnet_28_10,32x32,proser_fedavg,fedavg,False,False,cifar10_split_06,0,5.0,cifar10__split06__seed0,fresh_training,3639748221,608741522,2591621791,3882528768,517300563,2126506136,1507719353,1193200769,1691608405,1643074505,710727221,1923463127,2004781541
cifar10_proser_fedavg__split06__seed1__d0.1,cifar10,cifar10_proser_fedavg,WRN28_10_PROSER_FEDAVG,wide_resnet_28_10,32x32,proser_fedavg,fedavg,False,False,cifar10_split_06,1,0.1,cifar10__split06__seed1,fresh_training,1068471835,501477183,2207905063,485649363,3619723160,976452618,1208726924,3288538846,1054655390,3059670850,691908337,828945767,3740439335
cifar10_proser_fedavg__split06__seed1__d0.5,cifar10,cifar10_proser_fedavg,WRN28_10_PROSER_FEDAVG,wide_resnet_28_10,32x32,proser_fedavg,fedavg,False,False,cifar10_split_06,1,0.5,cifar10__split06__seed1,fresh_training,1068471835,501477183,2207905063,485649363,3619723160,976452618,1208726924,3288538846,1054655390,3059670850,691908337,828945767,3740439335
cifar10_proser_fedavg__split06__seed1__d5.0,cifar10,cifar10_proser_fedavg,WRN28_10_PROSER_FEDAVG,wide_resnet_28_10,32x32,proser_fedavg,fedavg,False,False,cifar10_split_06,1,5.0,cifar10__split06__seed1,fresh_training,1068471835,501477183,2207905063,485649363,3619723160,976452618,1208726924,3288538846,1054655390,3059670850,691908337,828945767,3740439335
cifar10_proser_fedavg__split06__seed2__d0.1,cifar10,cifar10_proser_fedavg,WRN28_10_PROSER_FEDAVG,wide_resnet_28_10,32x32,proser_fedavg,fedavg,False,False,cifar10_split_06,2,0.1,cifar10__split06__seed2,fresh_training,126082100,4123608962,3020556938,2897625366,753644954,3994059034,1461674680,1545993777,2603973321,2723033462,834327634,693722453,889755106
cifar10_proser_fedavg__split06__seed2__d0.5,cifar10,cifar10_proser_fedavg,WRN28_10_PROSER_FEDAVG,wide_resnet_28_10,32x32,proser_fedavg,fedavg,False,False,cifar10_split_06,2,0.5,cifar10__split06__seed2,fresh_training,126082100,4123608962,3020556938,2897625366,753644954,3994059034,1461674680,1545993777,2603973321,2723033462,834327634,693722453,889755106
cifar10_proser_fedavg__split06__seed2__d5.0,cifar10,cifar10_proser_fedavg,WRN28_10_PROSER_FEDAVG,wide_resnet_28_10,32x32,proser_fedavg,fedavg,False,False,cifar10_split_06,2,5.0,cifar10__split06__seed2,fresh_training,126082100,4123608962,3020556938,2897625366,753644954,3994059034,1461674680,1545993777,2603973321,2723033462,834327634,693722453,889755106
cifar10_proser_fedavg__split06__seed3__d0.1,cifar10,cifar10_proser_fedavg,WRN28_10_PROSER_FEDAVG,wide_resnet_28_10,32x32,proser_fedavg,fedavg,False,False,cifar10_split_06,3,0.1,cifar10__split06__seed3,fresh_training,224698433,2761557971,199614479,835417115,681645762,1041362129,3431006655,3390436639,1636033291,630974301,724919933,226325272,2023812972
cifar10_proser_fedavg__split06__seed3__d0.5,cifar10,cifar10_proser_fedavg,WRN28_10_PROSER_FEDAVG,wide_resnet_28_10,32x32,proser_fedavg,fedavg,False,False,cifar10_split_06,3,0.5,cifar10__split06__seed3,fresh_training,224698433,2761557971,199614479,835417115,681645762,1041362129,3431006655,3390436639,1636033291,630974301,724919933,226325272,2023812972
cifar10_proser_fedavg__split06__seed3__d5.0,cifar10,cifar10_proser_fedavg,WRN28_10_PROSER_FEDAVG,wide_resnet_28_10,32x32,proser_fedavg,fedavg,False,False,cifar10_split_06,3,5.0,cifar10__split06__seed3,fresh_training,224698433,2761557971,199614479,835417115,681645762,1041362129,3431006655,3390436639,1636033291,630974301,724919933,226325272,2023812972
cifar10_proser_fedavg__split06__seed4__d0.1,cifar10,cifar10_proser_fedavg,WRN28_10_PROSER_FEDAVG,wide_resnet_28_10,32x32,proser_fedavg,fedavg,False,False,cifar10_split_06,4,0.1,cifar10__split06__seed4,fresh_training,2804439295,101641154,4098295203,4127629489,3256672471,3814150284,1102819397,3846793284,631155234,2279289858,2547218957,2977344418,4010683797
cifar10_proser_fedavg__split06__seed4__d0.5,cifar10,cifar10_proser_fedavg,WRN28_10_PROSER_FEDAVG,wide_resnet_28_10,32x32,proser_fedavg,fedavg,False,False,cifar10_split_06,4,0.5,cifar10__split06__seed4,fresh_training,2804439295,101641154,4098295203,4127629489,3256672471,3814150284,1102819397,3846793284,631155234,2279289858,2547218957,2977344418,4010683797
cifar10_proser_fedavg__split06__seed4__d5.0,cifar10,cifar10_proser_fedavg,WRN28_10_PROSER_FEDAVG,wide_resnet_28_10,32x32,proser_fedavg,fedavg,False,False,cifar10_split_06,4,5.0,cifar10__split06__seed4,fresh_training,2804439295,101641154,4098295203,4127629489,3256672471,3814150284,1102819397,3846793284,631155234,2279289858,2547218957,2977344418,4010683797
cifar10_proser_fedavg__split07__seed0__d0.1,cifar10,cifar10_proser_fedavg,WRN28_10_PROSER_FEDAVG,wide_resnet_28_10,32x32,proser_fedavg,fedavg,False,False,cifar10_split_07,0,0.1,cifar10__split07__seed0,fresh_training,2649525222,3640082450,802480656,1661191349,2375861750,1521687618,2575455677,3936927261,744325918,3189090512,2502758482,3088531602,897126959
cifar10_proser_fedavg__split07__seed0__d0.5,cifar10,cifar10_proser_fedavg,WRN28_10_PROSER_FEDAVG,wide_resnet_28_10,32x32,proser_fedavg,fedavg,False,False,cifar10_split_07,0,0.5,cifar10__split07__seed0,fresh_training,2649525222,3640082450,802480656,1661191349,2375861750,1521687618,2575455677,3936927261,744325918,3189090512,2502758482,3088531602,897126959
cifar10_proser_fedavg__split07__seed0__d5.0,cifar10,cifar10_proser_fedavg,WRN28_10_PROSER_FEDAVG,wide_resnet_28_10,32x32,proser_fedavg,fedavg,False,False,cifar10_split_07,0,5.0,cifar10__split07__seed0,fresh_training,2649525222,3640082450,802480656,1661191349,2375861750,1521687618,2575455677,3936927261,744325918,3189090512,2502758482,3088531602,897126959
cifar10_proser_fedavg__split07__seed1__d0.1,cifar10,cifar10_proser_fedavg,WRN28_10_PROSER_FEDAVG,wide_resnet_28_10,32x32,proser_fedavg,fedavg,False,False,cifar10_split_07,1,0.1,cifar10__split07__seed1,fresh_training,2224121797,661334528,1546305384,1358689900,2905653788,2870765374,2748718432,724926285,2069796577,3837677304,2843297750,670907508,4199595593
cifar10_proser_fedavg__split07__seed1__d0.5,cifar10,cifar10_proser_fedavg,WRN28_10_PROSER_FEDAVG,wide_resnet_28_10,32x32,proser_fedavg,fedavg,False,False,cifar10_split_07,1,0.5,cifar10__split07__seed1,fresh_training,2224121797,661334528,1546305384,1358689900,2905653788,2870765374,2748718432,724926285,2069796577,3837677304,2843297750,670907508,4199595593
cifar10_proser_fedavg__split07__seed1__d5.0,cifar10,cifar10_proser_fedavg,WRN28_10_PROSER_FEDAVG,wide_resnet_28_10,32x32,proser_fedavg,fedavg,False,False,cifar10_split_07,1,5.0,cifar10__split07__seed1,fresh_training,2224121797,661334528,1546305384,1358689900,2905653788,2870765374,2748718432,724926285,2069796577,3837677304,2843297750,670907508,4199595593
cifar10_proser_fedavg__split07__seed2__d0.1,cifar10,cifar10_proser_fedavg,WRN28_10_PROSER_FEDAVG,wide_resnet_28_10,32x32,proser_fedavg,fedavg,False,False,cifar10_split_07,2,0.1,cifar10__split07__seed2,fresh_training,3968167876,2772056347,1957280720,3219432855,1337561894,1255265493,1704301727,3692547502,444446082,3544141390,2818873647,1440599524,830560901
cifar10_proser_fedavg__split07__seed2__d0.5,cifar10,cifar10_proser_fedavg,WRN28_10_PROSER_FEDAVG,wide_resnet_28_10,32x32,proser_fedavg,fedavg,False,False,cifar10_split_07,2,0.5,cifar10__split07__seed2,fresh_training,3968167876,2772056347,1957280720,3219432855,1337561894,1255265493,1704301727,3692547502,444446082,3544141390,2818873647,1440599524,830560901
cifar10_proser_fedavg__split07__seed2__d5.0,cifar10,cifar10_proser_fedavg,WRN28_10_PROSER_FEDAVG,wide_resnet_28_10,32x32,proser_fedavg,fedavg,False,False,cifar10_split_07,2,5.0,cifar10__split07__seed2,fresh_training,3968167876,2772056347,1957280720,3219432855,1337561894,1255265493,1704301727,3692547502,444446082,3544141390,2818873647,1440599524,830560901
cifar10_proser_fedavg__split07__seed3__d0.1,cifar10,cifar10_proser_fedavg,WRN28_10_PROSER_FEDAVG,wide_resnet_28_10,32x32,proser_fedavg,fedavg,False,False,cifar10_split_07,3,0.1,cifar10__split07__seed3,fresh_training,1511311201,1299159702,1060089359,887259028,1977220819,83846063,3968062534,604546881,1171283400,1060033330,831264465,2911013448,1041476579
cifar10_proser_fedavg__split07__seed3__d0.5,cifar10,cifar10_proser_fedavg,WRN28_10_PROSER_FEDAVG,wide_resnet_28_10,32x32,proser_fedavg,fedavg,False,False,cifar10_split_07,3,0.5,cifar10__split07__seed3,fresh_training,1511311201,1299159702,1060089359,887259028,1977220819,83846063,3968062534,604546881,1171283400,1060033330,831264465,2911013448,1041476579
cifar10_proser_fedavg__split07__seed3__d5.0,cifar10,cifar10_proser_fedavg,WRN28_10_PROSER_FEDAVG,wide_resnet_28_10,32x32,proser_fedavg,fedavg,False,False,cifar10_split_07,3,5.0,cifar10__split07__seed3,fresh_training,1511311201,1299159702,1060089359,887259028,1977220819,83846063,3968062534,604546881,1171283400,1060033330,831264465,2911013448,1041476579
cifar10_proser_fedavg__split07__seed4__d0.1,cifar10,cifar10_proser_fedavg,WRN28_10_PROSER_FEDAVG,wide_resnet_28_10,32x32,proser_fedavg,fedavg,False,False,cifar10_split_07,4,0.1,cifar10__split07__seed4,fresh_training,2290872305,2948476259,2552154128,2337582421,2211215366,4203147098,946712775,1106527004,637811382,219645341,1358328374,4081251721,1178227304
cifar10_proser_fedavg__split07__seed4__d0.5,cifar10,cifar10_proser_fedavg,WRN28_10_PROSER_FEDAVG,wide_resnet_28_10,32x32,proser_fedavg,fedavg,False,False,cifar10_split_07,4,0.5,cifar10__split07__seed4,fresh_training,2290872305,2948476259,2552154128,2337582421,2211215366,4203147098,946712775,1106527004,637811382,219645341,1358328374,4081251721,1178227304
cifar10_proser_fedavg__split07__seed4__d5.0,cifar10,cifar10_proser_fedavg,WRN28_10_PROSER_FEDAVG,wide_resnet_28_10,32x32,proser_fedavg,fedavg,False,False,cifar10_split_07,4,5.0,cifar10__split07__seed4,fresh_training,2290872305,2948476259,2552154128,2337582421,2211215366,4203147098,946712775,1106527004,637811382,219645341,1358328374,4081251721,1178227304
cifar10_proser_fedavg__split08__seed0__d0.1,cifar10,cifar10_proser_fedavg,WRN28_10_PROSER_FEDAVG,wide_resnet_28_10,32x32,proser_fedavg,fedavg,False,False,cifar10_split_08,0,0.1,cifar10__split08__seed0,fresh_training,618176417,1497360971,2393503907,2098813476,2682084336,984255805,3362529345,3021777703,3889654011,2176570139,2272626269,778915360,2707543100
cifar10_proser_fedavg__split08__seed0__d0.5,cifar10,cifar10_proser_fedavg,WRN28_10_PROSER_FEDAVG,wide_resnet_28_10,32x32,proser_fedavg,fedavg,False,False,cifar10_split_08,0,0.5,cifar10__split08__seed0,fresh_training,618176417,1497360971,2393503907,2098813476,2682084336,984255805,3362529345,3021777703,3889654011,2176570139,2272626269,778915360,2707543100
cifar10_proser_fedavg__split08__seed0__d5.0,cifar10,cifar10_proser_fedavg,WRN28_10_PROSER_FEDAVG,wide_resnet_28_10,32x32,proser_fedavg,fedavg,False,False,cifar10_split_08,0,5.0,cifar10__split08__seed0,fresh_training,618176417,1497360971,2393503907,2098813476,2682084336,984255805,3362529345,3021777703,3889654011,2176570139,2272626269,778915360,2707543100
cifar10_proser_fedavg__split08__seed1__d0.1,cifar10,cifar10_proser_fedavg,WRN28_10_PROSER_FEDAVG,wide_resnet_28_10,32x32,proser_fedavg,fedavg,False,False,cifar10_split_08,1,0.1,cifar10__split08__seed1,fresh_training,1087245179,323147760,1875521423,961011719,3742433809,4175611428,4019184187,2909998110,2542810891,1051778899,3786066870,323361399,3457516648
cifar10_proser_fedavg__split08__seed1__d0.5,cifar10,cifar10_proser_fedavg,WRN28_10_PROSER_FEDAVG,wide_resnet_28_10,32x32,proser_fedavg,fedavg,False,False,cifar10_split_08,1,0.5,cifar10__split08__seed1,fresh_training,1087245179,323147760,1875521423,961011719,3742433809,4175611428,4019184187,2909998110,2542810891,1051778899,3786066870,323361399,3457516648
cifar10_proser_fedavg__split08__seed1__d5.0,cifar10,cifar10_proser_fedavg,WRN28_10_PROSER_FEDAVG,wide_resnet_28_10,32x32,proser_fedavg,fedavg,False,False,cifar10_split_08,1,5.0,cifar10__split08__seed1,fresh_training,1087245179,323147760,1875521423,961011719,3742433809,4175611428,4019184187,2909998110,2542810891,1051778899,3786066870,323361399,3457516648
cifar10_proser_fedavg__split08__seed2__d0.1,cifar10,cifar10_proser_fedavg,WRN28_10_PROSER_FEDAVG,wide_resnet_28_10,32x32,proser_fedavg,fedavg,False,False,cifar10_split_08,2,0.1,cifar10__split08__seed2,fresh_training,7691299,556605451,1798816122,337780138,2547525254,1097024223,433193958,2542787643,3298608616,3063615817,2191853862,2188146000,2329636601
cifar10_proser_fedavg__split08__seed2__d0.5,cifar10,cifar10_proser_fedavg,WRN28_10_PROSER_FEDAVG,wide_resnet_28_10,32x32,proser_fedavg,fedavg,False,False,cifar10_split_08,2,0.5,cifar10__split08__seed2,fresh_training,7691299,556605451,1798816122,337780138,2547525254,1097024223,433193958,2542787643,3298608616,3063615817,2191853862,2188146000,2329636601
cifar10_proser_fedavg__split08__seed2__d5.0,cifar10,cifar10_proser_fedavg,WRN28_10_PROSER_FEDAVG,wide_resnet_28_10,32x32,proser_fedavg,fedavg,False,False,cifar10_split_08,2,5.0,cifar10__split08__seed2,fresh_training,7691299,556605451,1798816122,337780138,2547525254,1097024223,433193958,2542787643,3298608616,3063615817,2191853862,2188146000,2329636601
cifar10_proser_fedavg__split08__seed3__d0.1,cifar10,cifar10_proser_fedavg,WRN28_10_PROSER_FEDAVG,wide_resnet_28_10,32x32,proser_fedavg,fedavg,False,False,cifar10_split_08,3,0.1,cifar10__split08__seed3,fresh_training,1587334303,4145595972,3934082228,1176162347,1075318699,3453214851,3967732274,4117799917,3992792580,2625728981,306182758,203794158,1050566830
cifar10_proser_fedavg__split08__seed3__d0.5,cifar10,cifar10_proser_fedavg,WRN28_10_PROSER_FEDAVG,wide_resnet_28_10,32x32,proser_fedavg,fedavg,False,False,cifar10_split_08,3,0.5,cifar10__split08__seed3,fresh_training,1587334303,4145595972,3934082228,1176162347,1075318699,3453214851,3967732274,4117799917,3992792580,2625728981,306182758,203794158,1050566830
cifar10_proser_fedavg__split08__seed3__d5.0,cifar10,cifar10_proser_fedavg,WRN28_10_PROSER_FEDAVG,wide_resnet_28_10,32x32,proser_fedavg,fedavg,False,False,cifar10_split_08,3,5.0,cifar10__split08__seed3,fresh_training,1587334303,4145595972,3934082228,1176162347,1075318699,3453214851,3967732274,4117799917,3992792580,2625728981,306182758,203794158,1050566830
cifar10_proser_fedavg__split08__seed4__d0.1,cifar10,cifar10_proser_fedavg,WRN28_10_PROSER_FEDAVG,wide_resnet_28_10,32x32,proser_fedavg,fedavg,False,False,cifar10_split_08,4,0.1,cifar10__split08__seed4,fresh_training,1281125712,1229832005,3357508393,2834217864,3309983112,2735346165,3434657493,3699164057,2097673667,1112494673,732303534,607797950,2175571468
cifar10_proser_fedavg__split08__seed4__d0.5,cifar10,cifar10_proser_fedavg,WRN28_10_PROSER_FEDAVG,wide_resnet_28_10,32x32,proser_fedavg,fedavg,False,False,cifar10_split_08,4,0.5,cifar10__split08__seed4,fresh_training,1281125712,1229832005,3357508393,2834217864,3309983112,2735346165,3434657493,3699164057,2097673667,1112494673,732303534,607797950,2175571468
cifar10_proser_fedavg__split08__seed4__d5.0,cifar10,cifar10_proser_fedavg,WRN28_10_PROSER_FEDAVG,wide_resnet_28_10,32x32,proser_fedavg,fedavg,False,False,cifar10_split_08,4,5.0,cifar10__split08__seed4,fresh_training,1281125712,1229832005,3357508393,2834217864,3309983112,2735346165,3434657493,3699164057,2097673667,1112494673,732303534,607797950,2175571468
cifar10_proser_fedavg__split09__seed0__d0.1,cifar10,cifar10_proser_fedavg,WRN28_10_PROSER_FEDAVG,wide_resnet_28_10,32x32,proser_fedavg,fedavg,False,False,cifar10_split_09,0,0.1,cifar10__split09__seed0,fresh_training,4135463781,288365142,2347241236,3333937316,394039872,2926688861,2580081680,3563372065,3696411823,2269446078,3123094014,282478985,2060413607
cifar10_proser_fedavg__split09__seed0__d0.5,cifar10,cifar10_proser_fedavg,WRN28_10_PROSER_FEDAVG,wide_resnet_28_10,32x32,proser_fedavg,fedavg,False,False,cifar10_split_09,0,0.5,cifar10__split09__seed0,fresh_training,4135463781,288365142,2347241236,3333937316,394039872,2926688861,2580081680,3563372065,3696411823,2269446078,3123094014,282478985,2060413607
cifar10_proser_fedavg__split09__seed0__d5.0,cifar10,cifar10_proser_fedavg,WRN28_10_PROSER_FEDAVG,wide_resnet_28_10,32x32,proser_fedavg,fedavg,False,False,cifar10_split_09,0,5.0,cifar10__split09__seed0,fresh_training,4135463781,288365142,2347241236,3333937316,394039872,2926688861,2580081680,3563372065,3696411823,2269446078,3123094014,282478985,2060413607
cifar10_proser_fedavg__split09__seed1__d0.1,cifar10,cifar10_proser_fedavg,WRN28_10_PROSER_FEDAVG,wide_resnet_28_10,32x32,proser_fedavg,fedavg,False,False,cifar10_split_09,1,0.1,cifar10__split09__seed1,fresh_training,821830023,3685370117,2268778052,2298814833,3736655682,2810969674,959546810,1495362682,3132071622,1343383694,3723046516,3959828095,3386253892
cifar10_proser_fedavg__split09__seed1__d0.5,cifar10,cifar10_proser_fedavg,WRN28_10_PROSER_FEDAVG,wide_resnet_28_10,32x32,proser_fedavg,fedavg,False,False,cifar10_split_09,1,0.5,cifar10__split09__seed1,fresh_training,821830023,3685370117,2268778052,2298814833,3736655682,2810969674,959546810,1495362682,3132071622,1343383694,3723046516,3959828095,3386253892
cifar10_proser_fedavg__split09__seed1__d5.0,cifar10,cifar10_proser_fedavg,WRN28_10_PROSER_FEDAVG,wide_resnet_28_10,32x32,proser_fedavg,fedavg,False,False,cifar10_split_09,1,5.0,cifar10__split09__seed1,fresh_training,821830023,3685370117,2268778052,2298814833,3736655682,2810969674,959546810,1495362682,3132071622,1343383694,3723046516,3959828095,3386253892
cifar10_proser_fedavg__split09__seed2__d0.1,cifar10,cifar10_proser_fedavg,WRN28_10_PROSER_FEDAVG,wide_resnet_28_10,32x32,proser_fedavg,fedavg,False,False,cifar10_split_09,2,0.1,cifar10__split09__seed2,fresh_training,3235259820,1322460403,3545980543,2504658839,1447250635,1450625392,2307776164,80271598,2349102891,1487127682,1685353726,667507758,1776583046
cifar10_proser_fedavg__split09__seed2__d0.5,cifar10,cifar10_proser_fedavg,WRN28_10_PROSER_FEDAVG,wide_resnet_28_10,32x32,proser_fedavg,fedavg,False,False,cifar10_split_09,2,0.5,cifar10__split09__seed2,fresh_training,3235259820,1322460403,3545980543,2504658839,1447250635,1450625392,2307776164,80271598,2349102891,1487127682,1685353726,667507758,1776583046
cifar10_proser_fedavg__split09__seed2__d5.0,cifar10,cifar10_proser_fedavg,WRN28_10_PROSER_FEDAVG,wide_resnet_28_10,32x32,proser_fedavg,fedavg,False,False,cifar10_split_09,2,5.0,cifar10__split09__seed2,fresh_training,3235259820,1322460403,3545980543,2504658839,1447250635,1450625392,2307776164,80271598,2349102891,1487127682,1685353726,667507758,1776583046
cifar10_proser_fedavg__split09__seed3__d0.1,cifar10,cifar10_proser_fedavg,WRN28_10_PROSER_FEDAVG,wide_resnet_28_10,32x32,proser_fedavg,fedavg,False,False,cifar10_split_09,3,0.1,cifar10__split09__seed3,fresh_training,4074225541,4083410141,169561353,623433746,3007171083,2529354779,2120789012,1786911941,3559549870,1159757236,3263990211,3561969519,2037829607
cifar10_proser_fedavg__split09__seed3__d0.5,cifar10,cifar10_proser_fedavg,WRN28_10_PROSER_FEDAVG,wide_resnet_28_10,32x32,proser_fedavg,fedavg,False,False,cifar10_split_09,3,0.5,cifar10__split09__seed3,fresh_training,4074225541,4083410141,169561353,623433746,3007171083,2529354779,2120789012,1786911941,3559549870,1159757236,3263990211,3561969519,2037829607
cifar10_proser_fedavg__split09__seed3__d5.0,cifar10,cifar10_proser_fedavg,WRN28_10_PROSER_FEDAVG,wide_resnet_28_10,32x32,proser_fedavg,fedavg,False,False,cifar10_split_09,3,5.0,cifar10__split09__seed3,fresh_training,4074225541,4083410141,169561353,623433746,3007171083,2529354779,2120789012,1786911941,3559549870,1159757236,3263990211,3561969519,2037829607
cifar10_proser_fedavg__split09__seed4__d0.1,cifar10,cifar10_proser_fedavg,WRN28_10_PROSER_FEDAVG,wide_resnet_28_10,32x32,proser_fedavg,fedavg,False,False,cifar10_split_09,4,0.1,cifar10__split09__seed4,fresh_training,2380273347,1872984312,1763489358,1484145045,879309942,3860254506,188524312,3179616909,3973351109,2217091004,1673175205,3951056861,4195236204
cifar10_proser_fedavg__split09__seed4__d0.5,cifar10,cifar10_proser_fedavg,WRN28_10_PROSER_FEDAVG,wide_resnet_28_10,32x32,proser_fedavg,fedavg,False,False,cifar10_split_09,4,0.5,cifar10__split09__seed4,fresh_training,2380273347,1872984312,1763489358,1484145045,879309942,3860254506,188524312,3179616909,3973351109,2217091004,1673175205,3951056861,4195236204
cifar10_proser_fedavg__split09__seed4__d5.0,cifar10,cifar10_proser_fedavg,WRN28_10_PROSER_FEDAVG,wide_resnet_28_10,32x32,proser_fedavg,fedavg,False,False,cifar10_split_09,4,5.0,cifar10__split09__seed4,fresh_training,2380273347,1872984312,1763489358,1484145045,879309942,3860254506,188524312,3179616909,3973351109,2217091004,1673175205,3951056861,4195236204
cifar100_proser_fedavg__split00__seed0__d0.1,cifar100,cifar100_proser_fedavg,WRN28_10_PROSER_FEDAVG,wide_resnet_28_10,32x32,proser_fedavg,fedavg,False,False,cifar100_split_00,0,0.1,cifar100__split00__seed0,fresh_training,3248140646,866252218,3985662073,2718340891,393087749,303426055,176648015,4143246042,676846712,683006144,870806791,1761187922,2368889829
cifar100_proser_fedavg__split00__seed0__d0.5,cifar100,cifar100_proser_fedavg,WRN28_10_PROSER_FEDAVG,wide_resnet_28_10,32x32,proser_fedavg,fedavg,False,False,cifar100_split_00,0,0.5,cifar100__split00__seed0,fresh_training,3248140646,866252218,3985662073,2718340891,393087749,303426055,176648015,4143246042,676846712,683006144,870806791,1761187922,2368889829
cifar100_proser_fedavg__split00__seed0__d5.0,cifar100,cifar100_proser_fedavg,WRN28_10_PROSER_FEDAVG,wide_resnet_28_10,32x32,proser_fedavg,fedavg,False,False,cifar100_split_00,0,5.0,cifar100__split00__seed0,fresh_training,3248140646,866252218,3985662073,2718340891,393087749,303426055,176648015,4143246042,676846712,683006144,870806791,1761187922,2368889829
cifar100_proser_fedavg__split00__seed1__d0.1,cifar100,cifar100_proser_fedavg,WRN28_10_PROSER_FEDAVG,wide_resnet_28_10,32x32,proser_fedavg,fedavg,False,False,cifar100_split_00,1,0.1,cifar100__split00__seed1,fresh_training,3725065262,3137453974,2219509359,1006773296,136946878,4282102009,306671961,3937333980,468107407,2737897763,1968738823,2034613808,1740084120
cifar100_proser_fedavg__split00__seed1__d0.5,cifar100,cifar100_proser_fedavg,WRN28_10_PROSER_FEDAVG,wide_resnet_28_10,32x32,proser_fedavg,fedavg,False,False,cifar100_split_00,1,0.5,cifar100__split00__seed1,fresh_training,3725065262,3137453974,2219509359,1006773296,136946878,4282102009,306671961,3937333980,468107407,2737897763,1968738823,2034613808,1740084120
cifar100_proser_fedavg__split00__seed1__d5.0,cifar100,cifar100_proser_fedavg,WRN28_10_PROSER_FEDAVG,wide_resnet_28_10,32x32,proser_fedavg,fedavg,False,False,cifar100_split_00,1,5.0,cifar100__split00__seed1,fresh_training,3725065262,3137453974,2219509359,1006773296,136946878,4282102009,306671961,3937333980,468107407,2737897763,1968738823,2034613808,1740084120
cifar100_proser_fedavg__split00__seed2__d0.1,cifar100,cifar100_proser_fedavg,WRN28_10_PROSER_FEDAVG,wide_resnet_28_10,32x32,proser_fedavg,fedavg,False,False,cifar100_split_00,2,0.1,cifar100__split00__seed2,fresh_training,3221639727,146199423,2670514211,2793274528,4215259258,1824545575,1627528501,2465297592,3575612035,1299007889,935571092,3453947094,2439101911
cifar100_proser_fedavg__split00__seed2__d0.5,cifar100,cifar100_proser_fedavg,WRN28_10_PROSER_FEDAVG,wide_resnet_28_10,32x32,proser_fedavg,fedavg,False,False,cifar100_split_00,2,0.5,cifar100__split00__seed2,fresh_training,3221639727,146199423,2670514211,2793274528,4215259258,1824545575,1627528501,2465297592,3575612035,1299007889,935571092,3453947094,2439101911
cifar100_proser_fedavg__split00__seed2__d5.0,cifar100,cifar100_proser_fedavg,WRN28_10_PROSER_FEDAVG,wide_resnet_28_10,32x32,proser_fedavg,fedavg,False,False,cifar100_split_00,2,5.0,cifar100__split00__seed2,fresh_training,3221639727,146199423,2670514211,2793274528,4215259258,1824545575,1627528501,2465297592,3575612035,1299007889,935571092,3453947094,2439101911
cifar100_proser_fedavg__split00__seed3__d0.1,cifar100,cifar100_proser_fedavg,WRN28_10_PROSER_FEDAVG,wide_resnet_28_10,32x32,proser_fedavg,fedavg,False,False,cifar100_split_00,3,0.1,cifar100__split00__seed3,fresh_training,2396631560,3983546714,4259184652,3240665134,3883982029,3349493718,2861857525,3482864420,3346534594,463787603,2675941341,4219696863,1422420015
cifar100_proser_fedavg__split00__seed3__d0.5,cifar100,cifar100_proser_fedavg,WRN28_10_PROSER_FEDAVG,wide_resnet_28_10,32x32,proser_fedavg,fedavg,False,False,cifar100_split_00,3,0.5,cifar100__split00__seed3,fresh_training,2396631560,3983546714,4259184652,3240665134,3883982029,3349493718,2861857525,3482864420,3346534594,463787603,2675941341,4219696863,1422420015
cifar100_proser_fedavg__split00__seed3__d5.0,cifar100,cifar100_proser_fedavg,WRN28_10_PROSER_FEDAVG,wide_resnet_28_10,32x32,proser_fedavg,fedavg,False,False,cifar100_split_00,3,5.0,cifar100__split00__seed3,fresh_training,2396631560,3983546714,4259184652,3240665134,3883982029,3349493718,2861857525,3482864420,3346534594,463787603,2675941341,4219696863,1422420015
cifar100_proser_fedavg__split00__seed4__d0.1,cifar100,cifar100_proser_fedavg,WRN28_10_PROSER_FEDAVG,wide_resnet_28_10,32x32,proser_fedavg,fedavg,False,False,cifar100_split_00,4,0.1,cifar100__split00__seed4,fresh_training,761495424,446870494,362605947,3045388320,2743822548,1297682029,1189946628,3069183604,2025840367,1865373158,4264600163,645412207,996762154
cifar100_proser_fedavg__split00__seed4__d0.5,cifar100,cifar100_proser_fedavg,WRN28_10_PROSER_FEDAVG,wide_resnet_28_10,32x32,proser_fedavg,fedavg,False,False,cifar100_split_00,4,0.5,cifar100__split00__seed4,fresh_training,761495424,446870494,362605947,3045388320,2743822548,1297682029,1189946628,3069183604,2025840367,1865373158,4264600163,645412207,996762154
cifar100_proser_fedavg__split00__seed4__d5.0,cifar100,cifar100_proser_fedavg,WRN28_10_PROSER_FEDAVG,wide_resnet_28_10,32x32,proser_fedavg,fedavg,False,False,cifar100_split_00,4,5.0,cifar100__split00__seed4,fresh_training,761495424,446870494,362605947,3045388320,2743822548,1297682029,1189946628,3069183604,2025840367,1865373158,4264600163,645412207,996762154
cifar100_proser_fedavg__split01__seed0__d0.1,cifar100,cifar100_proser_fedavg,WRN28_10_PROSER_FEDAVG,wide_resnet_28_10,32x32,proser_fedavg,fedavg,False,False,cifar100_split_01,0,0.1,cifar100__split01__seed0,fresh_training,2325905740,1142392435,277120156,3211701481,1357795582,3967824811,3652445694,148262680,615879569,3420555906,2873033376,1428187303,1558876467
cifar100_proser_fedavg__split01__seed0__d0.5,cifar100,cifar100_proser_fedavg,WRN28_10_PROSER_FEDAVG,wide_resnet_28_10,32x32,proser_fedavg,fedavg,False,False,cifar100_split_01,0,0.5,cifar100__split01__seed0,fresh_training,2325905740,1142392435,277120156,3211701481,1357795582,3967824811,3652445694,148262680,615879569,3420555906,2873033376,1428187303,1558876467
cifar100_proser_fedavg__split01__seed0__d5.0,cifar100,cifar100_proser_fedavg,WRN28_10_PROSER_FEDAVG,wide_resnet_28_10,32x32,proser_fedavg,fedavg,False,False,cifar100_split_01,0,5.0,cifar100__split01__seed0,fresh_training,2325905740,1142392435,277120156,3211701481,1357795582,3967824811,3652445694,148262680,615879569,3420555906,2873033376,1428187303,1558876467
cifar100_proser_fedavg__split01__seed1__d0.1,cifar100,cifar100_proser_fedavg,WRN28_10_PROSER_FEDAVG,wide_resnet_28_10,32x32,proser_fedavg,fedavg,False,False,cifar100_split_01,1,0.1,cifar100__split01__seed1,fresh_training,3263760270,4166668866,4126947971,1813382481,736235518,1071814716,3462772702,1526419041,644848802,630552162,3750485090,344297350,554341283
cifar100_proser_fedavg__split01__seed1__d0.5,cifar100,cifar100_proser_fedavg,WRN28_10_PROSER_FEDAVG,wide_resnet_28_10,32x32,proser_fedavg,fedavg,False,False,cifar100_split_01,1,0.5,cifar100__split01__seed1,fresh_training,3263760270,4166668866,4126947971,1813382481,736235518,1071814716,3462772702,1526419041,644848802,630552162,3750485090,344297350,554341283
cifar100_proser_fedavg__split01__seed1__d5.0,cifar100,cifar100_proser_fedavg,WRN28_10_PROSER_FEDAVG,wide_resnet_28_10,32x32,proser_fedavg,fedavg,False,False,cifar100_split_01,1,5.0,cifar100__split01__seed1,fresh_training,3263760270,4166668866,4126947971,1813382481,736235518,1071814716,3462772702,1526419041,644848802,630552162,3750485090,344297350,554341283
cifar100_proser_fedavg__split01__seed2__d0.1,cifar100,cifar100_proser_fedavg,WRN28_10_PROSER_FEDAVG,wide_resnet_28_10,32x32,proser_fedavg,fedavg,False,False,cifar100_split_01,2,0.1,cifar100__split01__seed2,fresh_training,771691978,1549323131,869212240,4263136306,1432557297,1381642702,3350467250,1538642713,4079909152,3807314033,2257805301,3166676981,726887275
cifar100_proser_fedavg__split01__seed2__d0.5,cifar100,cifar100_proser_fedavg,WRN28_10_PROSER_FEDAVG,wide_resnet_28_10,32x32,proser_fedavg,fedavg,False,False,cifar100_split_01,2,0.5,cifar100__split01__seed2,fresh_training,771691978,1549323131,869212240,4263136306,1432557297,1381642702,3350467250,1538642713,4079909152,3807314033,2257805301,3166676981,726887275
cifar100_proser_fedavg__split01__seed2__d5.0,cifar100,cifar100_proser_fedavg,WRN28_10_PROSER_FEDAVG,wide_resnet_28_10,32x32,proser_fedavg,fedavg,False,False,cifar100_split_01,2,5.0,cifar100__split01__seed2,fresh_training,771691978,1549323131,869212240,4263136306,1432557297,1381642702,3350467250,1538642713,4079909152,3807314033,2257805301,3166676981,726887275
cifar100_proser_fedavg__split01__seed3__d0.1,cifar100,cifar100_proser_fedavg,WRN28_10_PROSER_FEDAVG,wide_resnet_28_10,32x32,proser_fedavg,fedavg,False,False,cifar100_split_01,3,0.1,cifar100__split01__seed3,fresh_training,1933393273,4139821552,588591698,2357227389,193206378,2108930686,4029608819,87623327,4238307935,2390744139,2557455211,2391864151,2277202249
cifar100_proser_fedavg__split01__seed3__d0.5,cifar100,cifar100_proser_fedavg,WRN28_10_PROSER_FEDAVG,wide_resnet_28_10,32x32,proser_fedavg,fedavg,False,False,cifar100_split_01,3,0.5,cifar100__split01__seed3,fresh_training,1933393273,4139821552,588591698,2357227389,193206378,2108930686,4029608819,87623327,4238307935,2390744139,2557455211,2391864151,2277202249
cifar100_proser_fedavg__split01__seed3__d5.0,cifar100,cifar100_proser_fedavg,WRN28_10_PROSER_FEDAVG,wide_resnet_28_10,32x32,proser_fedavg,fedavg,False,False,cifar100_split_01,3,5.0,cifar100__split01__seed3,fresh_training,1933393273,4139821552,588591698,2357227389,193206378,2108930686,4029608819,87623327,4238307935,2390744139,2557455211,2391864151,2277202249
cifar100_proser_fedavg__split01__seed4__d0.1,cifar100,cifar100_proser_fedavg,WRN28_10_PROSER_FEDAVG,wide_resnet_28_10,32x32,proser_fedavg,fedavg,False,False,cifar100_split_01,4,0.1,cifar100__split01__seed4,fresh_training,2498125150,1654133138,95078040,1042295215,2433559197,4265056175,1625879818,1946632347,3224002599,552393899,2365712910,3404177082,2808778967
cifar100_proser_fedavg__split01__seed4__d0.5,cifar100,cifar100_proser_fedavg,WRN28_10_PROSER_FEDAVG,wide_resnet_28_10,32x32,proser_fedavg,fedavg,False,False,cifar100_split_01,4,0.5,cifar100__split01__seed4,fresh_training,2498125150,1654133138,95078040,1042295215,2433559197,4265056175,1625879818,1946632347,3224002599,552393899,2365712910,3404177082,2808778967
cifar100_proser_fedavg__split01__seed4__d5.0,cifar100,cifar100_proser_fedavg,WRN28_10_PROSER_FEDAVG,wide_resnet_28_10,32x32,proser_fedavg,fedavg,False,False,cifar100_split_01,4,5.0,cifar100__split01__seed4,fresh_training,2498125150,1654133138,95078040,1042295215,2433559197,4265056175,1625879818,1946632347,3224002599,552393899,2365712910,3404177082,2808778967
cifar100_proser_fedavg__split02__seed0__d0.1,cifar100,cifar100_proser_fedavg,WRN28_10_PROSER_FEDAVG,wide_resnet_28_10,32x32,proser_fedavg,fedavg,False,False,cifar100_split_02,0,0.1,cifar100__split02__seed0,fresh_training,1605909707,2022909330,4155591012,4120044558,2445775084,3431514726,1032803055,4269140264,3069594687,4279138739,1843995266,3595296254,1070186480
cifar100_proser_fedavg__split02__seed0__d0.5,cifar100,cifar100_proser_fedavg,WRN28_10_PROSER_FEDAVG,wide_resnet_28_10,32x32,proser_fedavg,fedavg,False,False,cifar100_split_02,0,0.5,cifar100__split02__seed0,fresh_training,1605909707,2022909330,4155591012,4120044558,2445775084,3431514726,1032803055,4269140264,3069594687,4279138739,1843995266,3595296254,1070186480
cifar100_proser_fedavg__split02__seed0__d5.0,cifar100,cifar100_proser_fedavg,WRN28_10_PROSER_FEDAVG,wide_resnet_28_10,32x32,proser_fedavg,fedavg,False,False,cifar100_split_02,0,5.0,cifar100__split02__seed0,fresh_training,1605909707,2022909330,4155591012,4120044558,2445775084,3431514726,1032803055,4269140264,3069594687,4279138739,1843995266,3595296254,1070186480
cifar100_proser_fedavg__split02__seed1__d0.1,cifar100,cifar100_proser_fedavg,WRN28_10_PROSER_FEDAVG,wide_resnet_28_10,32x32,proser_fedavg,fedavg,False,False,cifar100_split_02,1,0.1,cifar100__split02__seed1,fresh_training,3170447874,1520668289,2937404227,2182297576,4070755282,2339697048,961659630,2653360886,2912576736,2001683801,3429780155,3993391720,3869865654
cifar100_proser_fedavg__split02__seed1__d0.5,cifar100,cifar100_proser_fedavg,WRN28_10_PROSER_FEDAVG,wide_resnet_28_10,32x32,proser_fedavg,fedavg,False,False,cifar100_split_02,1,0.5,cifar100__split02__seed1,fresh_training,3170447874,1520668289,2937404227,2182297576,4070755282,2339697048,961659630,2653360886,2912576736,2001683801,3429780155,3993391720,3869865654
cifar100_proser_fedavg__split02__seed1__d5.0,cifar100,cifar100_proser_fedavg,WRN28_10_PROSER_FEDAVG,wide_resnet_28_10,32x32,proser_fedavg,fedavg,False,False,cifar100_split_02,1,5.0,cifar100__split02__seed1,fresh_training,3170447874,1520668289,2937404227,2182297576,4070755282,2339697048,961659630,2653360886,2912576736,2001683801,3429780155,3993391720,3869865654
cifar100_proser_fedavg__split02__seed2__d0.1,cifar100,cifar100_proser_fedavg,WRN28_10_PROSER_FEDAVG,wide_resnet_28_10,32x32,proser_fedavg,fedavg,False,False,cifar100_split_02,2,0.1,cifar100__split02__seed2,fresh_training,3967033117,3705836839,4150541091,1082812624,1991646105,3740400933,1177396393,2451028270,2870726358,1973055081,439367498,3566595377,2171594483
cifar100_proser_fedavg__split02__seed2__d0.5,cifar100,cifar100_proser_fedavg,WRN28_10_PROSER_FEDAVG,wide_resnet_28_10,32x32,proser_fedavg,fedavg,False,False,cifar100_split_02,2,0.5,cifar100__split02__seed2,fresh_training,3967033117,3705836839,4150541091,1082812624,1991646105,3740400933,1177396393,2451028270,2870726358,1973055081,439367498,3566595377,2171594483
cifar100_proser_fedavg__split02__seed2__d5.0,cifar100,cifar100_proser_fedavg,WRN28_10_PROSER_FEDAVG,wide_resnet_28_10,32x32,proser_fedavg,fedavg,False,False,cifar100_split_02,2,5.0,cifar100__split02__seed2,fresh_training,3967033117,3705836839,4150541091,1082812624,1991646105,3740400933,1177396393,2451028270,2870726358,1973055081,439367498,3566595377,2171594483
cifar100_proser_fedavg__split02__seed3__d0.1,cifar100,cifar100_proser_fedavg,WRN28_10_PROSER_FEDAVG,wide_resnet_28_10,32x32,proser_fedavg,fedavg,False,False,cifar100_split_02,3,0.1,cifar100__split02__seed3,fresh_training,1124469530,1419825353,3552869434,3215140869,2614344048,4221357421,2488476811,3092474191,1781953211,2122878319,3871702046,3397962508,343392136
cifar100_proser_fedavg__split02__seed3__d0.5,cifar100,cifar100_proser_fedavg,WRN28_10_PROSER_FEDAVG,wide_resnet_28_10,32x32,proser_fedavg,fedavg,False,False,cifar100_split_02,3,0.5,cifar100__split02__seed3,fresh_training,1124469530,1419825353,3552869434,3215140869,2614344048,4221357421,2488476811,3092474191,1781953211,2122878319,3871702046,3397962508,343392136
cifar100_proser_fedavg__split02__seed3__d5.0,cifar100,cifar100_proser_fedavg,WRN28_10_PROSER_FEDAVG,wide_resnet_28_10,32x32,proser_fedavg,fedavg,False,False,cifar100_split_02,3,5.0,cifar100__split02__seed3,fresh_training,1124469530,1419825353,3552869434,3215140869,2614344048,4221357421,2488476811,3092474191,1781953211,2122878319,3871702046,3397962508,343392136
cifar100_proser_fedavg__split02__seed4__d0.1,cifar100,cifar100_proser_fedavg,WRN28_10_PROSER_FEDAVG,wide_resnet_28_10,32x32,proser_fedavg,fedavg,False,False,cifar100_split_02,4,0.1,cifar100__split02__seed4,fresh_training,2676626973,1988909373,473744749,3922556477,2295446022,1191163872,840176121,961499528,3473951319,2339451339,820139667,2352627202,2060215979
cifar100_proser_fedavg__split02__seed4__d0.5,cifar100,cifar100_proser_fedavg,WRN28_10_PROSER_FEDAVG,wide_resnet_28_10,32x32,proser_fedavg,fedavg,False,False,cifar100_split_02,4,0.5,cifar100__split02__seed4,fresh_training,2676626973,1988909373,473744749,3922556477,2295446022,1191163872,840176121,961499528,3473951319,2339451339,820139667,2352627202,2060215979
cifar100_proser_fedavg__split02__seed4__d5.0,cifar100,cifar100_proser_fedavg,WRN28_10_PROSER_FEDAVG,wide_resnet_28_10,32x32,proser_fedavg,fedavg,False,False,cifar100_split_02,4,5.0,cifar100__split02__seed4,fresh_training,2676626973,1988909373,473744749,3922556477,2295446022,1191163872,840176121,961499528,3473951319,2339451339,820139667,2352627202,2060215979
cifar100_proser_fedavg__split03__seed0__d0.1,cifar100,cifar100_proser_fedavg,WRN28_10_PROSER_FEDAVG,wide_resnet_28_10,32x32,proser_fedavg,fedavg,False,False,cifar100_split_03,0,0.1,cifar100__split03__seed0,fresh_training,243679516,2652747119,3469681906,1255851306,1714435424,3554715782,3187858700,3441267126,2869201770,3363560519,3208627251,1246569764,3799265508
cifar100_proser_fedavg__split03__seed0__d0.5,cifar100,cifar100_proser_fedavg,WRN28_10_PROSER_FEDAVG,wide_resnet_28_10,32x32,proser_fedavg,fedavg,False,False,cifar100_split_03,0,0.5,cifar100__split03__seed0,fresh_training,243679516,2652747119,3469681906,1255851306,1714435424,3554715782,3187858700,3441267126,2869201770,3363560519,3208627251,1246569764,3799265508
cifar100_proser_fedavg__split03__seed0__d5.0,cifar100,cifar100_proser_fedavg,WRN28_10_PROSER_FEDAVG,wide_resnet_28_10,32x32,proser_fedavg,fedavg,False,False,cifar100_split_03,0,5.0,cifar100__split03__seed0,fresh_training,243679516,2652747119,3469681906,1255851306,1714435424,3554715782,3187858700,3441267126,2869201770,3363560519,3208627251,1246569764,3799265508
cifar100_proser_fedavg__split03__seed1__d0.1,cifar100,cifar100_proser_fedavg,WRN28_10_PROSER_FEDAVG,wide_resnet_28_10,32x32,proser_fedavg,fedavg,False,False,cifar100_split_03,1,0.1,cifar100__split03__seed1,fresh_training,1434514725,1289404669,2942990170,2930815517,3701873452,681630575,418017516,819897418,2547350225,1092593206,159580539,2701647009,1385385446
cifar100_proser_fedavg__split03__seed1__d0.5,cifar100,cifar100_proser_fedavg,WRN28_10_PROSER_FEDAVG,wide_resnet_28_10,32x32,proser_fedavg,fedavg,False,False,cifar100_split_03,1,0.5,cifar100__split03__seed1,fresh_training,1434514725,1289404669,2942990170,2930815517,3701873452,681630575,418017516,819897418,2547350225,1092593206,159580539,2701647009,1385385446
cifar100_proser_fedavg__split03__seed1__d5.0,cifar100,cifar100_proser_fedavg,WRN28_10_PROSER_FEDAVG,wide_resnet_28_10,32x32,proser_fedavg,fedavg,False,False,cifar100_split_03,1,5.0,cifar100__split03__seed1,fresh_training,1434514725,1289404669,2942990170,2930815517,3701873452,681630575,418017516,819897418,2547350225,1092593206,159580539,2701647009,1385385446
cifar100_proser_fedavg__split03__seed2__d0.1,cifar100,cifar100_proser_fedavg,WRN28_10_PROSER_FEDAVG,wide_resnet_28_10,32x32,proser_fedavg,fedavg,False,False,cifar100_split_03,2,0.1,cifar100__split03__seed2,fresh_training,1459861707,86060191,3578913286,2038340643,3642148260,1052943578,3229172431,2354622722,2912180400,3132133901,1228450772,3676307155,4012590418
cifar100_proser_fedavg__split03__seed2__d0.5,cifar100,cifar100_proser_fedavg,WRN28_10_PROSER_FEDAVG,wide_resnet_28_10,32x32,proser_fedavg,fedavg,False,False,cifar100_split_03,2,0.5,cifar100__split03__seed2,fresh_training,1459861707,86060191,3578913286,2038340643,3642148260,1052943578,3229172431,2354622722,2912180400,3132133901,1228450772,3676307155,4012590418
cifar100_proser_fedavg__split03__seed2__d5.0,cifar100,cifar100_proser_fedavg,WRN28_10_PROSER_FEDAVG,wide_resnet_28_10,32x32,proser_fedavg,fedavg,False,False,cifar100_split_03,2,5.0,cifar100__split03__seed2,fresh_training,1459861707,86060191,3578913286,2038340643,3642148260,1052943578,3229172431,2354622722,2912180400,3132133901,1228450772,3676307155,4012590418
cifar100_proser_fedavg__split03__seed3__d0.1,cifar100,cifar100_proser_fedavg,WRN28_10_PROSER_FEDAVG,wide_resnet_28_10,32x32,proser_fedavg,fedavg,False,False,cifar100_split_03,3,0.1,cifar100__split03__seed3,fresh_training,1777997528,2174936202,3261185033,3025036393,1530883707,3482444208,1546046543,1895883564,1247658973,2143201999,1073624584,484657600,581816328
cifar100_proser_fedavg__split03__seed3__d0.5,cifar100,cifar100_proser_fedavg,WRN28_10_PROSER_FEDAVG,wide_resnet_28_10,32x32,proser_fedavg,fedavg,False,False,cifar100_split_03,3,0.5,cifar100__split03__seed3,fresh_training,1777997528,2174936202,3261185033,3025036393,1530883707,3482444208,1546046543,1895883564,1247658973,2143201999,1073624584,484657600,581816328
cifar100_proser_fedavg__split03__seed3__d5.0,cifar100,cifar100_proser_fedavg,WRN28_10_PROSER_FEDAVG,wide_resnet_28_10,32x32,proser_fedavg,fedavg,False,False,cifar100_split_03,3,5.0,cifar100__split03__seed3,fresh_training,1777997528,2174936202,3261185033,3025036393,1530883707,3482444208,1546046543,1895883564,1247658973,2143201999,1073624584,484657600,581816328
cifar100_proser_fedavg__split03__seed4__d0.1,cifar100,cifar100_proser_fedavg,WRN28_10_PROSER_FEDAVG,wide_resnet_28_10,32x32,proser_fedavg,fedavg,False,False,cifar100_split_03,4,0.1,cifar100__split03__seed4,fresh_training,2577795066,3083123984,2398397552,134135211,1936150816,3847497911,3863746083,2269493035,4071287879,743386867,882586097,1273346656,386388301
cifar100_proser_fedavg__split03__seed4__d0.5,cifar100,cifar100_proser_fedavg,WRN28_10_PROSER_FEDAVG,wide_resnet_28_10,32x32,proser_fedavg,fedavg,False,False,cifar100_split_03,4,0.5,cifar100__split03__seed4,fresh_training,2577795066,3083123984,2398397552,134135211,1936150816,3847497911,3863746083,2269493035,4071287879,743386867,882586097,1273346656,386388301
cifar100_proser_fedavg__split03__seed4__d5.0,cifar100,cifar100_proser_fedavg,WRN28_10_PROSER_FEDAVG,wide_resnet_28_10,32x32,proser_fedavg,fedavg,False,False,cifar100_split_03,4,5.0,cifar100__split03__seed4,fresh_training,2577795066,3083123984,2398397552,134135211,1936150816,3847497911,3863746083,2269493035,4071287879,743386867,882586097,1273346656,386388301
cifar100_proser_fedavg__split04__seed0__d0.1,cifar100,cifar100_proser_fedavg,WRN28_10_PROSER_FEDAVG,wide_resnet_28_10,32x32,proser_fedavg,fedavg,False,False,cifar100_split_04,0,0.1,cifar100__split04__seed0,fresh_training,2965749873,1010371797,1083170271,3261990708,494461506,4010989536,494889253,1181242492,3165472596,1684228010,3503472348,1686615543,3717862012
cifar100_proser_fedavg__split04__seed0__d0.5,cifar100,cifar100_proser_fedavg,WRN28_10_PROSER_FEDAVG,wide_resnet_28_10,32x32,proser_fedavg,fedavg,False,False,cifar100_split_04,0,0.5,cifar100__split04__seed0,fresh_training,2965749873,1010371797,1083170271,3261990708,494461506,4010989536,494889253,1181242492,3165472596,1684228010,3503472348,1686615543,3717862012
cifar100_proser_fedavg__split04__seed0__d5.0,cifar100,cifar100_proser_fedavg,WRN28_10_PROSER_FEDAVG,wide_resnet_28_10,32x32,proser_fedavg,fedavg,False,False,cifar100_split_04,0,5.0,cifar100__split04__seed0,fresh_training,2965749873,1010371797,1083170271,3261990708,494461506,4010989536,494889253,1181242492,3165472596,1684228010,3503472348,1686615543,3717862012
cifar100_proser_fedavg__split04__seed1__d0.1,cifar100,cifar100_proser_fedavg,WRN28_10_PROSER_FEDAVG,wide_resnet_28_10,32x32,proser_fedavg,fedavg,False,False,cifar100_split_04,1,0.1,cifar100__split04__seed1,fresh_training,1730730022,3142481582,4259138484,1267039070,2564070751,4261676479,3697683548,1290961391,1225940430,1758493121,2051793210,2925733892,4140124213
cifar100_proser_fedavg__split04__seed1__d0.5,cifar100,cifar100_proser_fedavg,WRN28_10_PROSER_FEDAVG,wide_resnet_28_10,32x32,proser_fedavg,fedavg,False,False,cifar100_split_04,1,0.5,cifar100__split04__seed1,fresh_training,1730730022,3142481582,4259138484,1267039070,2564070751,4261676479,3697683548,1290961391,1225940430,1758493121,2051793210,2925733892,4140124213
cifar100_proser_fedavg__split04__seed1__d5.0,cifar100,cifar100_proser_fedavg,WRN28_10_PROSER_FEDAVG,wide_resnet_28_10,32x32,proser_fedavg,fedavg,False,False,cifar100_split_04,1,5.0,cifar100__split04__seed1,fresh_training,1730730022,3142481582,4259138484,1267039070,2564070751,4261676479,3697683548,1290961391,1225940430,1758493121,2051793210,2925733892,4140124213
cifar100_proser_fedavg__split04__seed2__d0.1,cifar100,cifar100_proser_fedavg,WRN28_10_PROSER_FEDAVG,wide_resnet_28_10,32x32,proser_fedavg,fedavg,False,False,cifar100_split_04,2,0.1,cifar100__split04__seed2,fresh_training,78932161,2530196735,1675976083,834649654,1257408454,3978191096,4175823353,3215154943,2892742787,3182148312,1405517211,1292854163,1292937872
cifar100_proser_fedavg__split04__seed2__d0.5,cifar100,cifar100_proser_fedavg,WRN28_10_PROSER_FEDAVG,wide_resnet_28_10,32x32,proser_fedavg,fedavg,False,False,cifar100_split_04,2,0.5,cifar100__split04__seed2,fresh_training,78932161,2530196735,1675976083,834649654,1257408454,3978191096,4175823353,3215154943,2892742787,3182148312,1405517211,1292854163,1292937872
cifar100_proser_fedavg__split04__seed2__d5.0,cifar100,cifar100_proser_fedavg,WRN28_10_PROSER_FEDAVG,wide_resnet_28_10,32x32,proser_fedavg,fedavg,False,False,cifar100_split_04,2,5.0,cifar100__split04__seed2,fresh_training,78932161,2530196735,1675976083,834649654,1257408454,3978191096,4175823353,3215154943,2892742787,3182148312,1405517211,1292854163,1292937872
cifar100_proser_fedavg__split04__seed3__d0.1,cifar100,cifar100_proser_fedavg,WRN28_10_PROSER_FEDAVG,wide_resnet_28_10,32x32,proser_fedavg,fedavg,False,False,cifar100_split_04,3,0.1,cifar100__split04__seed3,fresh_training,2524268073,2961154525,1392476681,1700770161,4092430720,1206017726,3326102180,2312060734,71473100,606111360,1092521483,906955897,1494159825
cifar100_proser_fedavg__split04__seed3__d0.5,cifar100,cifar100_proser_fedavg,WRN28_10_PROSER_FEDAVG,wide_resnet_28_10,32x32,proser_fedavg,fedavg,False,False,cifar100_split_04,3,0.5,cifar100__split04__seed3,fresh_training,2524268073,2961154525,1392476681,1700770161,4092430720,1206017726,3326102180,2312060734,71473100,606111360,1092521483,906955897,1494159825
cifar100_proser_fedavg__split04__seed3__d5.0,cifar100,cifar100_proser_fedavg,WRN28_10_PROSER_FEDAVG,wide_resnet_28_10,32x32,proser_fedavg,fedavg,False,False,cifar100_split_04,3,5.0,cifar100__split04__seed3,fresh_training,2524268073,2961154525,1392476681,1700770161,4092430720,1206017726,3326102180,2312060734,71473100,606111360,1092521483,906955897,1494159825
cifar100_proser_fedavg__split04__seed4__d0.1,cifar100,cifar100_proser_fedavg,WRN28_10_PROSER_FEDAVG,wide_resnet_28_10,32x32,proser_fedavg,fedavg,False,False,cifar100_split_04,4,0.1,cifar100__split04__seed4,fresh_training,4130631707,2434652642,533071056,3331695688,2020503107,3273647319,1414380053,199725968,2880747760,1373967355,2749071122,3182583369,1352876268
cifar100_proser_fedavg__split04__seed4__d0.5,cifar100,cifar100_proser_fedavg,WRN28_10_PROSER_FEDAVG,wide_resnet_28_10,32x32,proser_fedavg,fedavg,False,False,cifar100_split_04,4,0.5,cifar100__split04__seed4,fresh_training,4130631707,2434652642,533071056,3331695688,2020503107,3273647319,1414380053,199725968,2880747760,1373967355,2749071122,3182583369,1352876268
cifar100_proser_fedavg__split04__seed4__d5.0,cifar100,cifar100_proser_fedavg,WRN28_10_PROSER_FEDAVG,wide_resnet_28_10,32x32,proser_fedavg,fedavg,False,False,cifar100_split_04,4,5.0,cifar100__split04__seed4,fresh_training,4130631707,2434652642,533071056,3331695688,2020503107,3273647319,1414380053,199725968,2880747760,1373967355,2749071122,3182583369,1352876268
cifar100_proser_fedavg__split05__seed0__d0.1,cifar100,cifar100_proser_fedavg,WRN28_10_PROSER_FEDAVG,wide_resnet_28_10,32x32,proser_fedavg,fedavg,False,False,cifar100_split_05,0,0.1,cifar100__split05__seed0,fresh_training,1810940954,2518353399,173520498,1897082486,1613716506,749153189,4038921172,1578827795,1338211852,3010074051,2473916811,950169721,1046301720
cifar100_proser_fedavg__split05__seed0__d0.5,cifar100,cifar100_proser_fedavg,WRN28_10_PROSER_FEDAVG,wide_resnet_28_10,32x32,proser_fedavg,fedavg,False,False,cifar100_split_05,0,0.5,cifar100__split05__seed0,fresh_training,1810940954,2518353399,173520498,1897082486,1613716506,749153189,4038921172,1578827795,1338211852,3010074051,2473916811,950169721,1046301720
cifar100_proser_fedavg__split05__seed0__d5.0,cifar100,cifar100_proser_fedavg,WRN28_10_PROSER_FEDAVG,wide_resnet_28_10,32x32,proser_fedavg,fedavg,False,False,cifar100_split_05,0,5.0,cifar100__split05__seed0,fresh_training,1810940954,2518353399,173520498,1897082486,1613716506,749153189,4038921172,1578827795,1338211852,3010074051,2473916811,950169721,1046301720
cifar100_proser_fedavg__split05__seed1__d0.1,cifar100,cifar100_proser_fedavg,WRN28_10_PROSER_FEDAVG,wide_resnet_28_10,32x32,proser_fedavg,fedavg,False,False,cifar100_split_05,1,0.1,cifar100__split05__seed1,fresh_training,1831383309,310998876,2624682375,724490466,2657586638,2051097041,2810161929,2200079658,2546557773,3380967870,1967234760,2377611531,2527399084
cifar100_proser_fedavg__split05__seed1__d0.5,cifar100,cifar100_proser_fedavg,WRN28_10_PROSER_FEDAVG,wide_resnet_28_10,32x32,proser_fedavg,fedavg,False,False,cifar100_split_05,1,0.5,cifar100__split05__seed1,fresh_training,1831383309,310998876,2624682375,724490466,2657586638,2051097041,2810161929,2200079658,2546557773,3380967870,1967234760,2377611531,2527399084
cifar100_proser_fedavg__split05__seed1__d5.0,cifar100,cifar100_proser_fedavg,WRN28_10_PROSER_FEDAVG,wide_resnet_28_10,32x32,proser_fedavg,fedavg,False,False,cifar100_split_05,1,5.0,cifar100__split05__seed1,fresh_training,1831383309,310998876,2624682375,724490466,2657586638,2051097041,2810161929,2200079658,2546557773,3380967870,1967234760,2377611531,2527399084
cifar100_proser_fedavg__split05__seed2__d0.1,cifar100,cifar100_proser_fedavg,WRN28_10_PROSER_FEDAVG,wide_resnet_28_10,32x32,proser_fedavg,fedavg,False,False,cifar100_split_05,2,0.1,cifar100__split05__seed2,fresh_training,3588724960,2064743051,3588084199,3892537914,3935515074,571465421,1946541514,89792969,3422565406,3202682141,2633376965,3157927180,21817299
cifar100_proser_fedavg__split05__seed2__d0.5,cifar100,cifar100_proser_fedavg,WRN28_10_PROSER_FEDAVG,wide_resnet_28_10,32x32,proser_fedavg,fedavg,False,False,cifar100_split_05,2,0.5,cifar100__split05__seed2,fresh_training,3588724960,2064743051,3588084199,3892537914,3935515074,571465421,1946541514,89792969,3422565406,3202682141,2633376965,3157927180,21817299
cifar100_proser_fedavg__split05__seed2__d5.0,cifar100,cifar100_proser_fedavg,WRN28_10_PROSER_FEDAVG,wide_resnet_28_10,32x32,proser_fedavg,fedavg,False,False,cifar100_split_05,2,5.0,cifar100__split05__seed2,fresh_training,3588724960,2064743051,3588084199,3892537914,3935515074,571465421,1946541514,89792969,3422565406,3202682141,2633376965,3157927180,21817299
cifar100_proser_fedavg__split05__seed3__d0.1,cifar100,cifar100_proser_fedavg,WRN28_10_PROSER_FEDAVG,wide_resnet_28_10,32x32,proser_fedavg,fedavg,False,False,cifar100_split_05,3,0.1,cifar100__split05__seed3,fresh_training,696797449,3865920783,2667183547,1979600105,390909737,2749354339,4017849935,2999728485,1689780657,1588659328,1999439663,601476448,3971569007
cifar100_proser_fedavg__split05__seed3__d0.5,cifar100,cifar100_proser_fedavg,WRN28_10_PROSER_FEDAVG,wide_resnet_28_10,32x32,proser_fedavg,fedavg,False,False,cifar100_split_05,3,0.5,cifar100__split05__seed3,fresh_training,696797449,3865920783,2667183547,1979600105,390909737,2749354339,4017849935,2999728485,1689780657,1588659328,1999439663,601476448,3971569007
cifar100_proser_fedavg__split05__seed3__d5.0,cifar100,cifar100_proser_fedavg,WRN28_10_PROSER_FEDAVG,wide_resnet_28_10,32x32,proser_fedavg,fedavg,False,False,cifar100_split_05,3,5.0,cifar100__split05__seed3,fresh_training,696797449,3865920783,2667183547,1979600105,390909737,2749354339,4017849935,2999728485,1689780657,1588659328,1999439663,601476448,3971569007
cifar100_proser_fedavg__split05__seed4__d0.1,cifar100,cifar100_proser_fedavg,WRN28_10_PROSER_FEDAVG,wide_resnet_28_10,32x32,proser_fedavg,fedavg,False,False,cifar100_split_05,4,0.1,cifar100__split05__seed4,fresh_training,51813816,3618112227,3396600459,4137881070,2226468049,797727236,2250736475,805896258,3619567832,2774646293,2268319028,4011507190,1941461667
cifar100_proser_fedavg__split05__seed4__d0.5,cifar100,cifar100_proser_fedavg,WRN28_10_PROSER_FEDAVG,wide_resnet_28_10,32x32,proser_fedavg,fedavg,False,False,cifar100_split_05,4,0.5,cifar100__split05__seed4,fresh_training,51813816,3618112227,3396600459,4137881070,2226468049,797727236,2250736475,805896258,3619567832,2774646293,2268319028,4011507190,1941461667
cifar100_proser_fedavg__split05__seed4__d5.0,cifar100,cifar100_proser_fedavg,WRN28_10_PROSER_FEDAVG,wide_resnet_28_10,32x32,proser_fedavg,fedavg,False,False,cifar100_split_05,4,5.0,cifar100__split05__seed4,fresh_training,51813816,3618112227,3396600459,4137881070,2226468049,797727236,2250736475,805896258,3619567832,2774646293,2268319028,4011507190,1941461667
cifar100_proser_fedavg__split06__seed0__d0.1,cifar100,cifar100_proser_fedavg,WRN28_10_PROSER_FEDAVG,wide_resnet_28_10,32x32,proser_fedavg,fedavg,False,False,cifar100_split_06,0,0.1,cifar100__split06__seed0,fresh_training,2316637753,4250978414,1803478746,4119734581,746238629,4233116963,815862277,3678220994,2625947984,3123724890,3404531445,2148613803,2830169026
cifar100_proser_fedavg__split06__seed0__d0.5,cifar100,cifar100_proser_fedavg,WRN28_10_PROSER_FEDAVG,wide_resnet_28_10,32x32,proser_fedavg,fedavg,False,False,cifar100_split_06,0,0.5,cifar100__split06__seed0,fresh_training,2316637753,4250978414,1803478746,4119734581,746238629,4233116963,815862277,3678220994,2625947984,3123724890,3404531445,2148613803,2830169026
cifar100_proser_fedavg__split06__seed0__d5.0,cifar100,cifar100_proser_fedavg,WRN28_10_PROSER_FEDAVG,wide_resnet_28_10,32x32,proser_fedavg,fedavg,False,False,cifar100_split_06,0,5.0,cifar100__split06__seed0,fresh_training,2316637753,4250978414,1803478746,4119734581,746238629,4233116963,815862277,3678220994,2625947984,3123724890,3404531445,2148613803,2830169026
cifar100_proser_fedavg__split06__seed1__d0.1,cifar100,cifar100_proser_fedavg,WRN28_10_PROSER_FEDAVG,wide_resnet_28_10,32x32,proser_fedavg,fedavg,False,False,cifar100_split_06,1,0.1,cifar100__split06__seed1,fresh_training,1863000629,3243223191,1129756977,226483340,1996740540,3531453056,554190883,2056308626,3425529759,3443829340,1229140657,574494351,775134569
cifar100_proser_fedavg__split06__seed1__d0.5,cifar100,cifar100_proser_fedavg,WRN28_10_PROSER_FEDAVG,wide_resnet_28_10,32x32,proser_fedavg,fedavg,False,False,cifar100_split_06,1,0.5,cifar100__split06__seed1,fresh_training,1863000629,3243223191,1129756977,226483340,1996740540,3531453056,554190883,2056308626,3425529759,3443829340,1229140657,574494351,775134569
cifar100_proser_fedavg__split06__seed1__d5.0,cifar100,cifar100_proser_fedavg,WRN28_10_PROSER_FEDAVG,wide_resnet_28_10,32x32,proser_fedavg,fedavg,False,False,cifar100_split_06,1,5.0,cifar100__split06__seed1,fresh_training,1863000629,3243223191,1129756977,226483340,1996740540,3531453056,554190883,2056308626,3425529759,3443829340,1229140657,574494351,775134569
cifar100_proser_fedavg__split06__seed2__d0.1,cifar100,cifar100_proser_fedavg,WRN28_10_PROSER_FEDAVG,wide_resnet_28_10,32x32,proser_fedavg,fedavg,False,False,cifar100_split_06,2,0.1,cifar100__split06__seed2,fresh_training,3171537553,2811099140,3551776189,703992306,2255873216,4129199668,2986171694,1702510887,1545567294,2037060718,1025691757,3024388415,97077280
cifar100_proser_fedavg__split06__seed2__d0.5,cifar100,cifar100_proser_fedavg,WRN28_10_PROSER_FEDAVG,wide_resnet_28_10,32x32,proser_fedavg,fedavg,False,False,cifar100_split_06,2,0.5,cifar100__split06__seed2,fresh_training,3171537553,2811099140,3551776189,703992306,2255873216,4129199668,2986171694,1702510887,1545567294,2037060718,1025691757,3024388415,97077280
cifar100_proser_fedavg__split06__seed2__d5.0,cifar100,cifar100_proser_fedavg,WRN28_10_PROSER_FEDAVG,wide_resnet_28_10,32x32,proser_fedavg,fedavg,False,False,cifar100_split_06,2,5.0,cifar100__split06__seed2,fresh_training,3171537553,2811099140,3551776189,703992306,2255873216,4129199668,2986171694,1702510887,1545567294,2037060718,1025691757,3024388415,97077280
cifar100_proser_fedavg__split06__seed3__d0.1,cifar100,cifar100_proser_fedavg,WRN28_10_PROSER_FEDAVG,wide_resnet_28_10,32x32,proser_fedavg,fedavg,False,False,cifar100_split_06,3,0.1,cifar100__split06__seed3,fresh_training,1904914342,3577994703,2902601898,477039637,1966359912,2916451430,355583478,946333339,2142012945,4188717662,511814040,4143725574,82374031
cifar100_proser_fedavg__split06__seed3__d0.5,cifar100,cifar100_proser_fedavg,WRN28_10_PROSER_FEDAVG,wide_resnet_28_10,32x32,proser_fedavg,fedavg,False,False,cifar100_split_06,3,0.5,cifar100__split06__seed3,fresh_training,1904914342,3577994703,2902601898,477039637,1966359912,2916451430,355583478,946333339,2142012945,4188717662,511814040,4143725574,82374031
cifar100_proser_fedavg__split06__seed3__d5.0,cifar100,cifar100_proser_fedavg,WRN28_10_PROSER_FEDAVG,wide_resnet_28_10,32x32,proser_fedavg,fedavg,False,False,cifar100_split_06,3,5.0,cifar100__split06__seed3,fresh_training,1904914342,3577994703,2902601898,477039637,1966359912,2916451430,355583478,946333339,2142012945,4188717662,511814040,4143725574,82374031
cifar100_proser_fedavg__split06__seed4__d0.1,cifar100,cifar100_proser_fedavg,WRN28_10_PROSER_FEDAVG,wide_resnet_28_10,32x32,proser_fedavg,fedavg,False,False,cifar100_split_06,4,0.1,cifar100__split06__seed4,fresh_training,1521870934,2723455619,2119834936,2171178991,1287542970,1551404272,258148923,2933545203,2782569326,650748753,1815813945,3690864695,2485015318
cifar100_proser_fedavg__split06__seed4__d0.5,cifar100,cifar100_proser_fedavg,WRN28_10_PROSER_FEDAVG,wide_resnet_28_10,32x32,proser_fedavg,fedavg,False,False,cifar100_split_06,4,0.5,cifar100__split06__seed4,fresh_training,1521870934,2723455619,2119834936,2171178991,1287542970,1551404272,258148923,2933545203,2782569326,650748753,1815813945,3690864695,2485015318
cifar100_proser_fedavg__split06__seed4__d5.0,cifar100,cifar100_proser_fedavg,WRN28_10_PROSER_FEDAVG,wide_resnet_28_10,32x32,proser_fedavg,fedavg,False,False,cifar100_split_06,4,5.0,cifar100__split06__seed4,fresh_training,1521870934,2723455619,2119834936,2171178991,1287542970,1551404272,258148923,2933545203,2782569326,650748753,1815813945,3690864695,2485015318
cifar100_proser_fedavg__split07__seed0__d0.1,cifar100,cifar100_proser_fedavg,WRN28_10_PROSER_FEDAVG,wide_resnet_28_10,32x32,proser_fedavg,fedavg,False,False,cifar100_split_07,0,0.1,cifar100__split07__seed0,fresh_training,354219220,2069693981,1925190940,1050753641,2879395664,3454926421,2783486007,1007197992,2405190172,731456049,2042838879,972046618,2822411334
cifar100_proser_fedavg__split07__seed0__d0.5,cifar100,cifar100_proser_fedavg,WRN28_10_PROSER_FEDAVG,wide_resnet_28_10,32x32,proser_fedavg,fedavg,False,False,cifar100_split_07,0,0.5,cifar100__split07__seed0,fresh_training,354219220,2069693981,1925190940,1050753641,2879395664,3454926421,2783486007,1007197992,2405190172,731456049,2042838879,972046618,2822411334
cifar100_proser_fedavg__split07__seed0__d5.0,cifar100,cifar100_proser_fedavg,WRN28_10_PROSER_FEDAVG,wide_resnet_28_10,32x32,proser_fedavg,fedavg,False,False,cifar100_split_07,0,5.0,cifar100__split07__seed0,fresh_training,354219220,2069693981,1925190940,1050753641,2879395664,3454926421,2783486007,1007197992,2405190172,731456049,2042838879,972046618,2822411334
cifar100_proser_fedavg__split07__seed1__d0.1,cifar100,cifar100_proser_fedavg,WRN28_10_PROSER_FEDAVG,wide_resnet_28_10,32x32,proser_fedavg,fedavg,False,False,cifar100_split_07,1,0.1,cifar100__split07__seed1,fresh_training,3776398198,2991880343,177045629,1699614537,2672275740,85076780,3751022403,2775941308,4118932805,3892470507,611050681,139362982,3048185559
cifar100_proser_fedavg__split07__seed1__d0.5,cifar100,cifar100_proser_fedavg,WRN28_10_PROSER_FEDAVG,wide_resnet_28_10,32x32,proser_fedavg,fedavg,False,False,cifar100_split_07,1,0.5,cifar100__split07__seed1,fresh_training,3776398198,2991880343,177045629,1699614537,2672275740,85076780,3751022403,2775941308,4118932805,3892470507,611050681,139362982,3048185559
cifar100_proser_fedavg__split07__seed1__d5.0,cifar100,cifar100_proser_fedavg,WRN28_10_PROSER_FEDAVG,wide_resnet_28_10,32x32,proser_fedavg,fedavg,False,False,cifar100_split_07,1,5.0,cifar100__split07__seed1,fresh_training,3776398198,2991880343,177045629,1699614537,2672275740,85076780,3751022403,2775941308,4118932805,3892470507,611050681,139362982,3048185559
cifar100_proser_fedavg__split07__seed2__d0.1,cifar100,cifar100_proser_fedavg,WRN28_10_PROSER_FEDAVG,wide_resnet_28_10,32x32,proser_fedavg,fedavg,False,False,cifar100_split_07,2,0.1,cifar100__split07__seed2,fresh_training,2470121679,691883742,3888156174,3826383154,285811695,3423743695,3606448594,756085133,3236153138,2275934588,1477367791,599728901,401489804
cifar100_proser_fedavg__split07__seed2__d0.5,cifar100,cifar100_proser_fedavg,WRN28_10_PROSER_FEDAVG,wide_resnet_28_10,32x32,proser_fedavg,fedavg,False,False,cifar100_split_07,2,0.5,cifar100__split07__seed2,fresh_training,2470121679,691883742,3888156174,3826383154,285811695,3423743695,3606448594,756085133,3236153138,2275934588,1477367791,599728901,401489804
cifar100_proser_fedavg__split07__seed2__d5.0,cifar100,cifar100_proser_fedavg,WRN28_10_PROSER_FEDAVG,wide_resnet_28_10,32x32,proser_fedavg,fedavg,False,False,cifar100_split_07,2,5.0,cifar100__split07__seed2,fresh_training,2470121679,691883742,3888156174,3826383154,285811695,3423743695,3606448594,756085133,3236153138,2275934588,1477367791,599728901,401489804
cifar100_proser_fedavg__split07__seed3__d0.1,cifar100,cifar100_proser_fedavg,WRN28_10_PROSER_FEDAVG,wide_resnet_28_10,32x32,proser_fedavg,fedavg,False,False,cifar100_split_07,3,0.1,cifar100__split07__seed3,fresh_training,2255732436,2418662594,2393237883,3765374836,724771105,1286440047,1469571887,1693496939,76448059,843740302,2568856273,1902248052,1593879017
cifar100_proser_fedavg__split07__seed3__d0.5,cifar100,cifar100_proser_fedavg,WRN28_10_PROSER_FEDAVG,wide_resnet_28_10,32x32,proser_fedavg,fedavg,False,False,cifar100_split_07,3,0.5,cifar100__split07__seed3,fresh_training,2255732436,2418662594,2393237883,3765374836,724771105,1286440047,1469571887,1693496939,76448059,843740302,2568856273,1902248052,1593879017
cifar100_proser_fedavg__split07__seed3__d5.0,cifar100,cifar100_proser_fedavg,WRN28_10_PROSER_FEDAVG,wide_resnet_28_10,32x32,proser_fedavg,fedavg,False,False,cifar100_split_07,3,5.0,cifar100__split07__seed3,fresh_training,2255732436,2418662594,2393237883,3765374836,724771105,1286440047,1469571887,1693496939,76448059,843740302,2568856273,1902248052,1593879017
cifar100_proser_fedavg__split07__seed4__d0.1,cifar100,cifar100_proser_fedavg,WRN28_10_PROSER_FEDAVG,wide_resnet_28_10,32x32,proser_fedavg,fedavg,False,False,cifar100_split_07,4,0.1,cifar100__split07__seed4,fresh_training,2851734624,3125495762,210481842,670340724,1272847294,1150435844,2987706300,2756229793,2959740829,1912494194,2738075621,744162199,3447452382
cifar100_proser_fedavg__split07__seed4__d0.5,cifar100,cifar100_proser_fedavg,WRN28_10_PROSER_FEDAVG,wide_resnet_28_10,32x32,proser_fedavg,fedavg,False,False,cifar100_split_07,4,0.5,cifar100__split07__seed4,fresh_training,2851734624,3125495762,210481842,670340724,1272847294,1150435844,2987706300,2756229793,2959740829,1912494194,2738075621,744162199,3447452382
cifar100_proser_fedavg__split07__seed4__d5.0,cifar100,cifar100_proser_fedavg,WRN28_10_PROSER_FEDAVG,wide_resnet_28_10,32x32,proser_fedavg,fedavg,False,False,cifar100_split_07,4,5.0,cifar100__split07__seed4,fresh_training,2851734624,3125495762,210481842,670340724,1272847294,1150435844,2987706300,2756229793,2959740829,1912494194,2738075621,744162199,3447452382
cifar100_proser_fedavg__split08__seed0__d0.1,cifar100,cifar100_proser_fedavg,WRN28_10_PROSER_FEDAVG,wide_resnet_28_10,32x32,proser_fedavg,fedavg,False,False,cifar100_split_08,0,0.1,cifar100__split08__seed0,fresh_training,2628392545,2191012708,1741166127,2430534207,813684339,2894114352,1044562973,3546594517,155649924,3265923293,3503813554,1690360042,809290905
cifar100_proser_fedavg__split08__seed0__d0.5,cifar100,cifar100_proser_fedavg,WRN28_10_PROSER_FEDAVG,wide_resnet_28_10,32x32,proser_fedavg,fedavg,False,False,cifar100_split_08,0,0.5,cifar100__split08__seed0,fresh_training,2628392545,2191012708,1741166127,2430534207,813684339,2894114352,1044562973,3546594517,155649924,3265923293,3503813554,1690360042,809290905
cifar100_proser_fedavg__split08__seed0__d5.0,cifar100,cifar100_proser_fedavg,WRN28_10_PROSER_FEDAVG,wide_resnet_28_10,32x32,proser_fedavg,fedavg,False,False,cifar100_split_08,0,5.0,cifar100__split08__seed0,fresh_training,2628392545,2191012708,1741166127,2430534207,813684339,2894114352,1044562973,3546594517,155649924,3265923293,3503813554,1690360042,809290905
cifar100_proser_fedavg__split08__seed1__d0.1,cifar100,cifar100_proser_fedavg,WRN28_10_PROSER_FEDAVG,wide_resnet_28_10,32x32,proser_fedavg,fedavg,False,False,cifar100_split_08,1,0.1,cifar100__split08__seed1,fresh_training,954876923,2155400409,2552153137,2586420140,218167066,687740480,2857393750,1969617113,4197583430,2533880317,2593650912,3685536107,2531736169
cifar100_proser_fedavg__split08__seed1__d0.5,cifar100,cifar100_proser_fedavg,WRN28_10_PROSER_FEDAVG,wide_resnet_28_10,32x32,proser_fedavg,fedavg,False,False,cifar100_split_08,1,0.5,cifar100__split08__seed1,fresh_training,954876923,2155400409,2552153137,2586420140,218167066,687740480,2857393750,1969617113,4197583430,2533880317,2593650912,3685536107,2531736169
cifar100_proser_fedavg__split08__seed1__d5.0,cifar100,cifar100_proser_fedavg,WRN28_10_PROSER_FEDAVG,wide_resnet_28_10,32x32,proser_fedavg,fedavg,False,False,cifar100_split_08,1,5.0,cifar100__split08__seed1,fresh_training,954876923,2155400409,2552153137,2586420140,218167066,687740480,2857393750,1969617113,4197583430,2533880317,2593650912,3685536107,2531736169
cifar100_proser_fedavg__split08__seed2__d0.1,cifar100,cifar100_proser_fedavg,WRN28_10_PROSER_FEDAVG,wide_resnet_28_10,32x32,proser_fedavg,fedavg,False,False,cifar100_split_08,2,0.1,cifar100__split08__seed2,fresh_training,3653298123,2682794766,1457762494,3246346183,323471760,3374078356,519233954,2166920904,2184808223,341861708,3184623541,4258606335,3950579344
cifar100_proser_fedavg__split08__seed2__d0.5,cifar100,cifar100_proser_fedavg,WRN28_10_PROSER_FEDAVG,wide_resnet_28_10,32x32,proser_fedavg,fedavg,False,False,cifar100_split_08,2,0.5,cifar100__split08__seed2,fresh_training,3653298123,2682794766,1457762494,3246346183,323471760,3374078356,519233954,2166920904,2184808223,341861708,3184623541,4258606335,3950579344
cifar100_proser_fedavg__split08__seed2__d5.0,cifar100,cifar100_proser_fedavg,WRN28_10_PROSER_FEDAVG,wide_resnet_28_10,32x32,proser_fedavg,fedavg,False,False,cifar100_split_08,2,5.0,cifar100__split08__seed2,fresh_training,3653298123,2682794766,1457762494,3246346183,323471760,3374078356,519233954,2166920904,2184808223,341861708,3184623541,4258606335,3950579344
cifar100_proser_fedavg__split08__seed3__d0.1,cifar100,cifar100_proser_fedavg,WRN28_10_PROSER_FEDAVG,wide_resnet_28_10,32x32,proser_fedavg,fedavg,False,False,cifar100_split_08,3,0.1,cifar100__split08__seed3,fresh_training,109215260,2743774871,679021124,1793804731,482896824,428628887,866869792,1542747137,2105860662,1441914193,3124559383,2332821017,3188140638
cifar100_proser_fedavg__split08__seed3__d0.5,cifar100,cifar100_proser_fedavg,WRN28_10_PROSER_FEDAVG,wide_resnet_28_10,32x32,proser_fedavg,fedavg,False,False,cifar100_split_08,3,0.5,cifar100__split08__seed3,fresh_training,109215260,2743774871,679021124,1793804731,482896824,428628887,866869792,1542747137,2105860662,1441914193,3124559383,2332821017,3188140638
cifar100_proser_fedavg__split08__seed3__d5.0,cifar100,cifar100_proser_fedavg,WRN28_10_PROSER_FEDAVG,wide_resnet_28_10,32x32,proser_fedavg,fedavg,False,False,cifar100_split_08,3,5.0,cifar100__split08__seed3,fresh_training,109215260,2743774871,679021124,1793804731,482896824,428628887,866869792,1542747137,2105860662,1441914193,3124559383,2332821017,3188140638
cifar100_proser_fedavg__split08__seed4__d0.1,cifar100,cifar100_proser_fedavg,WRN28_10_PROSER_FEDAVG,wide_resnet_28_10,32x32,proser_fedavg,fedavg,False,False,cifar100_split_08,4,0.1,cifar100__split08__seed4,fresh_training,2406927625,7636359,1310161776,3923782811,176899327,136503686,389701612,2045289189,2568763947,2834732810,4016889298,1730142516,1545632600
cifar100_proser_fedavg__split08__seed4__d0.5,cifar100,cifar100_proser_fedavg,WRN28_10_PROSER_FEDAVG,wide_resnet_28_10,32x32,proser_fedavg,fedavg,False,False,cifar100_split_08,4,0.5,cifar100__split08__seed4,fresh_training,2406927625,7636359,1310161776,3923782811,176899327,136503686,389701612,2045289189,2568763947,2834732810,4016889298,1730142516,1545632600
cifar100_proser_fedavg__split08__seed4__d5.0,cifar100,cifar100_proser_fedavg,WRN28_10_PROSER_FEDAVG,wide_resnet_28_10,32x32,proser_fedavg,fedavg,False,False,cifar100_split_08,4,5.0,cifar100__split08__seed4,fresh_training,2406927625,7636359,1310161776,3923782811,176899327,136503686,389701612,2045289189,2568763947,2834732810,4016889298,1730142516,1545632600
cifar100_proser_fedavg__split09__seed0__d0.1,cifar100,cifar100_proser_fedavg,WRN28_10_PROSER_FEDAVG,wide_resnet_28_10,32x32,proser_fedavg,fedavg,False,False,cifar100_split_09,0,0.1,cifar100__split09__seed0,fresh_training,2057858322,3732670495,455940767,1091356263,3406103207,4160609715,3066778771,1921402492,3953705943,1368353471,3886866297,1827932939,995621301
cifar100_proser_fedavg__split09__seed0__d0.5,cifar100,cifar100_proser_fedavg,WRN28_10_PROSER_FEDAVG,wide_resnet_28_10,32x32,proser_fedavg,fedavg,False,False,cifar100_split_09,0,0.5,cifar100__split09__seed0,fresh_training,2057858322,3732670495,455940767,1091356263,3406103207,4160609715,3066778771,1921402492,3953705943,1368353471,3886866297,1827932939,995621301
cifar100_proser_fedavg__split09__seed0__d5.0,cifar100,cifar100_proser_fedavg,WRN28_10_PROSER_FEDAVG,wide_resnet_28_10,32x32,proser_fedavg,fedavg,False,False,cifar100_split_09,0,5.0,cifar100__split09__seed0,fresh_training,2057858322,3732670495,455940767,1091356263,3406103207,4160609715,3066778771,1921402492,3953705943,1368353471,3886866297,1827932939,995621301
cifar100_proser_fedavg__split09__seed1__d0.1,cifar100,cifar100_proser_fedavg,WRN28_10_PROSER_FEDAVG,wide_resnet_28_10,32x32,proser_fedavg,fedavg,False,False,cifar100_split_09,1,0.1,cifar100__split09__seed1,fresh_training,554404358,519305161,3192810140,3421563174,1296075651,414302352,3044252737,1589870391,4063320087,2090847257,358861148,4138864566,832199433
cifar100_proser_fedavg__split09__seed1__d0.5,cifar100,cifar100_proser_fedavg,WRN28_10_PROSER_FEDAVG,wide_resnet_28_10,32x32,proser_fedavg,fedavg,False,False,cifar100_split_09,1,0.5,cifar100__split09__seed1,fresh_training,554404358,519305161,3192810140,3421563174,1296075651,414302352,3044252737,1589870391,4063320087,2090847257,358861148,4138864566,832199433
cifar100_proser_fedavg__split09__seed1__d5.0,cifar100,cifar100_proser_fedavg,WRN28_10_PROSER_FEDAVG,wide_resnet_28_10,32x32,proser_fedavg,fedavg,False,False,cifar100_split_09,1,5.0,cifar100__split09__seed1,fresh_training,554404358,519305161,3192810140,3421563174,1296075651,414302352,3044252737,1589870391,4063320087,2090847257,358861148,4138864566,832199433
cifar100_proser_fedavg__split09__seed2__d0.1,cifar100,cifar100_proser_fedavg,WRN28_10_PROSER_FEDAVG,wide_resnet_28_10,32x32,proser_fedavg,fedavg,False,False,cifar100_split_09,2,0.1,cifar100__split09__seed2,fresh_training,805171538,4294794126,1177042644,3383713934,83854909,60010869,2279098893,2239522555,4268464428,675052726,944340942,1599221396,3130542957
cifar100_proser_fedavg__split09__seed2__d0.5,cifar100,cifar100_proser_fedavg,WRN28_10_PROSER_FEDAVG,wide_resnet_28_10,32x32,proser_fedavg,fedavg,False,False,cifar100_split_09,2,0.5,cifar100__split09__seed2,fresh_training,805171538,4294794126,1177042644,3383713934,83854909,60010869,2279098893,2239522555,4268464428,675052726,944340942,1599221396,3130542957
cifar100_proser_fedavg__split09__seed2__d5.0,cifar100,cifar100_proser_fedavg,WRN28_10_PROSER_FEDAVG,wide_resnet_28_10,32x32,proser_fedavg,fedavg,False,False,cifar100_split_09,2,5.0,cifar100__split09__seed2,fresh_training,805171538,4294794126,1177042644,3383713934,83854909,60010869,2279098893,2239522555,4268464428,675052726,944340942,1599221396,3130542957
cifar100_proser_fedavg__split09__seed3__d0.1,cifar100,cifar100_proser_fedavg,WRN28_10_PROSER_FEDAVG,wide_resnet_28_10,32x32,proser_fedavg,fedavg,False,False,cifar100_split_09,3,0.1,cifar100__split09__seed3,fresh_training,1035201231,2864374282,1204448802,3696227652,2299192932,1584024627,3430544548,1714398537,573301643,2648493648,3063151678,2752242766,2455419389
cifar100_proser_fedavg__split09__seed3__d0.5,cifar100,cifar100_proser_fedavg,WRN28_10_PROSER_FEDAVG,wide_resnet_28_10,32x32,proser_fedavg,fedavg,False,False,cifar100_split_09,3,0.5,cifar100__split09__seed3,fresh_training,1035201231,2864374282,1204448802,3696227652,2299192932,1584024627,3430544548,1714398537,573301643,2648493648,3063151678,2752242766,2455419389
cifar100_proser_fedavg__split09__seed3__d5.0,cifar100,cifar100_proser_fedavg,WRN28_10_PROSER_FEDAVG,wide_resnet_28_10,32x32,proser_fedavg,fedavg,False,False,cifar100_split_09,3,5.0,cifar100__split09__seed3,fresh_training,1035201231,2864374282,1204448802,3696227652,2299192932,1584024627,3430544548,1714398537,573301643,2648493648,3063151678,2752242766,2455419389
cifar100_proser_fedavg__split09__seed4__d0.1,cifar100,cifar100_proser_fedavg,WRN28_10_PROSER_FEDAVG,wide_resnet_28_10,32x32,proser_fedavg,fedavg,False,False,cifar100_split_09,4,0.1,cifar100__split09__seed4,fresh_training,357840302,3738538228,1044499271,4218350681,593612375,2388430024,2533032135,2721861710,1240701223,813448879,2040404182,1341041724,3016729762
cifar100_proser_fedavg__split09__seed4__d0.5,cifar100,cifar100_proser_fedavg,WRN28_10_PROSER_FEDAVG,wide_resnet_28_10,32x32,proser_fedavg,fedavg,False,False,cifar100_split_09,4,0.5,cifar100__split09__seed4,fresh_training,357840302,3738538228,1044499271,4218350681,593612375,2388430024,2533032135,2721861710,1240701223,813448879,2040404182,1341041724,3016729762
cifar100_proser_fedavg__split09__seed4__d5.0,cifar100,cifar100_proser_fedavg,WRN28_10_PROSER_FEDAVG,wide_resnet_28_10,32x32,proser_fedavg,fedavg,False,False,cifar100_split_09,4,5.0,cifar100__split09__seed4,fresh_training,357840302,3738538228,1044499271,4218350681,593612375,2388430024,2533032135,2721861710,1240701223,813448879,2040404182,1341041724,3016729762
officehome_convnext_full__split00__seed0,officehome,officehome_convnext_full,CONVNEXT_TINY_224_FULL_FINETUNE_FEDAVG,convnext_tiny_in1k,224x224,convnext_full_ft,fedavg,False,False,officehome_split_00,0,,officehome__split00__seed0,fresh_training,3341306938,3112968804,583584182,906395442,3907368685,1258886583,523113860,2106569613,451467734,1470747726,3114706801,403364673,773787830
officehome_convnext_full__split00__seed1,officehome,officehome_convnext_full,CONVNEXT_TINY_224_FULL_FINETUNE_FEDAVG,convnext_tiny_in1k,224x224,convnext_full_ft,fedavg,False,False,officehome_split_00,1,,officehome__split00__seed1,fresh_training,1589368618,93653170,3599739655,1172065803,1216604828,202773676,4043373127,2959672288,4118272959,3522328466,1037541495,3391222186,1564709606
officehome_convnext_full__split00__seed2,officehome,officehome_convnext_full,CONVNEXT_TINY_224_FULL_FINETUNE_FEDAVG,convnext_tiny_in1k,224x224,convnext_full_ft,fedavg,False,False,officehome_split_00,2,,officehome__split00__seed2,fresh_training,97672312,987665886,3469902508,130004189,1149817995,3516048195,1037245208,1462646127,3244629011,1727057852,3778668153,984844372,2952760595
officehome_convnext_full__split00__seed3,officehome,officehome_convnext_full,CONVNEXT_TINY_224_FULL_FINETUNE_FEDAVG,convnext_tiny_in1k,224x224,convnext_full_ft,fedavg,False,False,officehome_split_00,3,,officehome__split00__seed3,fresh_training,1352097513,1563155373,2963989642,1384255185,1263800691,2190084180,3026219889,703595087,1979824027,543105901,1902382343,2792904323,3023628353
officehome_convnext_full__split00__seed4,officehome,officehome_convnext_full,CONVNEXT_TINY_224_FULL_FINETUNE_FEDAVG,convnext_tiny_in1k,224x224,convnext_full_ft,fedavg,False,False,officehome_split_00,4,,officehome__split00__seed4,fresh_training,102308478,2817029286,2789379612,1170811645,4025596461,3555642770,3709729428,1976975980,3878119850,4118731700,1308104279,2579379023,3035299734
officehome_convnext_full__split01__seed0,officehome,officehome_convnext_full,CONVNEXT_TINY_224_FULL_FINETUNE_FEDAVG,convnext_tiny_in1k,224x224,convnext_full_ft,fedavg,False,False,officehome_split_01,0,,officehome__split01__seed0,fresh_training,3557875055,2203079006,1782337272,3527322066,2572285349,2605320809,3146770580,2002229905,2846413673,3682604276,588238823,2683168574,3468919044
officehome_convnext_full__split01__seed1,officehome,officehome_convnext_full,CONVNEXT_TINY_224_FULL_FINETUNE_FEDAVG,convnext_tiny_in1k,224x224,convnext_full_ft,fedavg,False,False,officehome_split_01,1,,officehome__split01__seed1,fresh_training,3243008456,1366001136,1198381329,2614302569,1413913458,899110702,613245179,4223715727,1009730312,2738847007,3387590798,2739813076,3079938625
officehome_convnext_full__split01__seed2,officehome,officehome_convnext_full,CONVNEXT_TINY_224_FULL_FINETUNE_FEDAVG,convnext_tiny_in1k,224x224,convnext_full_ft,fedavg,False,False,officehome_split_01,2,,officehome__split01__seed2,fresh_training,2119942248,1680944645,1763751857,3772281099,918179560,1523543481,1799931558,4157513511,3410648138,3052380968,1519498964,731191351,3805603508
officehome_convnext_full__split01__seed3,officehome,officehome_convnext_full,CONVNEXT_TINY_224_FULL_FINETUNE_FEDAVG,convnext_tiny_in1k,224x224,convnext_full_ft,fedavg,False,False,officehome_split_01,3,,officehome__split01__seed3,fresh_training,3530871780,1868093874,3306913297,3835358905,1577690532,1036735784,1172586614,2810355169,3909468115,2277013787,3756420322,3621037389,1688406393
officehome_convnext_full__split01__seed4,officehome,officehome_convnext_full,CONVNEXT_TINY_224_FULL_FINETUNE_FEDAVG,convnext_tiny_in1k,224x224,convnext_full_ft,fedavg,False,False,officehome_split_01,4,,officehome__split01__seed4,fresh_training,2820528178,2711628378,1688991977,2978069017,1090867520,2390412298,4267444539,1283100376,3038676913,4199201209,4258404104,4247666976,2577889483
officehome_convnext_full__split02__seed0,officehome,officehome_convnext_full,CONVNEXT_TINY_224_FULL_FINETUNE_FEDAVG,convnext_tiny_in1k,224x224,convnext_full_ft,fedavg,False,False,officehome_split_02,0,,officehome__split02__seed0,fresh_training,2493694469,1235311807,1062904421,1889854722,1930264436,340431170,3295435064,3541553121,3635104369,3743546337,2118051020,1358679839,704098856
officehome_convnext_full__split02__seed1,officehome,officehome_convnext_full,CONVNEXT_TINY_224_FULL_FINETUNE_FEDAVG,convnext_tiny_in1k,224x224,convnext_full_ft,fedavg,False,False,officehome_split_02,1,,officehome__split02__seed1,fresh_training,3935810284,659728526,294240561,2460814622,1545390886,862477442,51235791,2379299865,506522962,2551369888,3386737016,1999662504,991649809
officehome_convnext_full__split02__seed2,officehome,officehome_convnext_full,CONVNEXT_TINY_224_FULL_FINETUNE_FEDAVG,convnext_tiny_in1k,224x224,convnext_full_ft,fedavg,False,False,officehome_split_02,2,,officehome__split02__seed2,fresh_training,3611691886,3866566146,1273075527,2398695104,1051810775,45242143,2440840817,2965413703,2149097681,1744064352,1817195656,3990160362,3065798866
officehome_convnext_full__split02__seed3,officehome,officehome_convnext_full,CONVNEXT_TINY_224_FULL_FINETUNE_FEDAVG,convnext_tiny_in1k,224x224,convnext_full_ft,fedavg,False,False,officehome_split_02,3,,officehome__split02__seed3,fresh_training,926268778,3187347980,2208318815,4141293830,251416622,977039824,1848355579,840186492,1836945918,1470441029,2024835043,2080100272,3411260801
officehome_convnext_full__split02__seed4,officehome,officehome_convnext_full,CONVNEXT_TINY_224_FULL_FINETUNE_FEDAVG,convnext_tiny_in1k,224x224,convnext_full_ft,fedavg,False,False,officehome_split_02,4,,officehome__split02__seed4,fresh_training,3585262209,2442548041,2930824106,145756544,1213772261,3199228540,546377796,2183071826,3142493777,15996076,1632845103,483866479,3582105361
officehome_convnext_full__split03__seed0,officehome,officehome_convnext_full,CONVNEXT_TINY_224_FULL_FINETUNE_FEDAVG,convnext_tiny_in1k,224x224,convnext_full_ft,fedavg,False,False,officehome_split_03,0,,officehome__split03__seed0,fresh_training,85139599,2334041072,3631267251,2929519040,3666405313,786413147,3543784662,1590821393,404789297,455474424,326793496,1244765528,3398687503
officehome_convnext_full__split03__seed1,officehome,officehome_convnext_full,CONVNEXT_TINY_224_FULL_FINETUNE_FEDAVG,convnext_tiny_in1k,224x224,convnext_full_ft,fedavg,False,False,officehome_split_03,1,,officehome__split03__seed1,fresh_training,755530760,1513212965,1401475257,1738093721,2362283369,975002797,1385810803,2513027294,3327639938,3807325586,1439326864,320039893,3522786671
officehome_convnext_full__split03__seed2,officehome,officehome_convnext_full,CONVNEXT_TINY_224_FULL_FINETUNE_FEDAVG,convnext_tiny_in1k,224x224,convnext_full_ft,fedavg,False,False,officehome_split_03,2,,officehome__split03__seed2,fresh_training,1143043741,2634501954,190703969,2806883828,1629290285,284601944,4229396622,2709944107,1580771121,2220602137,3189203653,2075590936,90736946
officehome_convnext_full__split03__seed3,officehome,officehome_convnext_full,CONVNEXT_TINY_224_FULL_FINETUNE_FEDAVG,convnext_tiny_in1k,224x224,convnext_full_ft,fedavg,False,False,officehome_split_03,3,,officehome__split03__seed3,fresh_training,3964246931,4110359153,1202449557,1157369395,633178521,3795693113,2890214345,927436075,1844635282,494143090,3001128606,4269768495,2151819911
officehome_convnext_full__split03__seed4,officehome,officehome_convnext_full,CONVNEXT_TINY_224_FULL_FINETUNE_FEDAVG,convnext_tiny_in1k,224x224,convnext_full_ft,fedavg,False,False,officehome_split_03,4,,officehome__split03__seed4,fresh_training,2297406998,319527002,1682010551,2633698191,867269538,2404889205,1371029031,2686461254,2619958204,4027153696,3109642525,2407977237,905545826
officehome_convnext_full__split04__seed0,officehome,officehome_convnext_full,CONVNEXT_TINY_224_FULL_FINETUNE_FEDAVG,convnext_tiny_in1k,224x224,convnext_full_ft,fedavg,False,False,officehome_split_04,0,,officehome__split04__seed0,fresh_training,192697512,3096755212,2263959659,2857398493,1854155684,425786572,1878669183,1929509518,199205746,3782800468,3844004215,4232675011,3589200006
officehome_convnext_full__split04__seed1,officehome,officehome_convnext_full,CONVNEXT_TINY_224_FULL_FINETUNE_FEDAVG,convnext_tiny_in1k,224x224,convnext_full_ft,fedavg,False,False,officehome_split_04,1,,officehome__split04__seed1,fresh_training,3047869875,676486049,2267376258,4153461561,17039012,3864062674,4212024147,2368949468,723466124,978952196,596623437,2145249084,3446139627
officehome_convnext_full__split04__seed2,officehome,officehome_convnext_full,CONVNEXT_TINY_224_FULL_FINETUNE_FEDAVG,convnext_tiny_in1k,224x224,convnext_full_ft,fedavg,False,False,officehome_split_04,2,,officehome__split04__seed2,fresh_training,2682882303,28609503,57384978,2413580750,2306828510,1446948442,3005344047,2857797723,1703311756,160708610,2665181292,4241066492,2818045288
officehome_convnext_full__split04__seed3,officehome,officehome_convnext_full,CONVNEXT_TINY_224_FULL_FINETUNE_FEDAVG,convnext_tiny_in1k,224x224,convnext_full_ft,fedavg,False,False,officehome_split_04,3,,officehome__split04__seed3,fresh_training,4130838316,2780051024,2678768166,2565948006,3463709865,4190328292,171109650,1986044386,2855654074,1070955047,4178865343,3243583680,462307764
officehome_convnext_full__split04__seed4,officehome,officehome_convnext_full,CONVNEXT_TINY_224_FULL_FINETUNE_FEDAVG,convnext_tiny_in1k,224x224,convnext_full_ft,fedavg,False,False,officehome_split_04,4,,officehome__split04__seed4,fresh_training,354630165,1572163336,3451491169,804333839,3977207433,495576537,1401007687,1699070881,3262442648,1228143616,996378467,2788491642,2052533440
officehome_convnext_full__split05__seed0,officehome,officehome_convnext_full,CONVNEXT_TINY_224_FULL_FINETUNE_FEDAVG,convnext_tiny_in1k,224x224,convnext_full_ft,fedavg,False,False,officehome_split_05,0,,officehome__split05__seed0,fresh_training,1887708424,3619192056,3078929758,2620342310,575233852,2533171200,1396336616,3944003308,3210138723,601761610,2213998707,2200953201,524133226
officehome_convnext_full__split05__seed1,officehome,officehome_convnext_full,CONVNEXT_TINY_224_FULL_FINETUNE_FEDAVG,convnext_tiny_in1k,224x224,convnext_full_ft,fedavg,False,False,officehome_split_05,1,,officehome__split05__seed1,fresh_training,124827904,2731794269,857590006,814040611,4136490684,2824328109,3486970438,2432223455,1479981299,1142060857,3511943341,2262606700,190787330
officehome_convnext_full__split05__seed2,officehome,officehome_convnext_full,CONVNEXT_TINY_224_FULL_FINETUNE_FEDAVG,convnext_tiny_in1k,224x224,convnext_full_ft,fedavg,False,False,officehome_split_05,2,,officehome__split05__seed2,fresh_training,1984914573,1260364326,508113991,3928107615,2967128223,2215284053,1635144105,3919753995,1425580703,275055327,1103994599,533342928,2128912836
officehome_convnext_full__split05__seed3,officehome,officehome_convnext_full,CONVNEXT_TINY_224_FULL_FINETUNE_FEDAVG,convnext_tiny_in1k,224x224,convnext_full_ft,fedavg,False,False,officehome_split_05,3,,officehome__split05__seed3,fresh_training,4157166652,624934539,2213534625,1110529907,1568281154,897432035,1468619971,598382183,817165666,2781193887,2685384991,3643026868,1678622085
officehome_convnext_full__split05__seed4,officehome,officehome_convnext_full,CONVNEXT_TINY_224_FULL_FINETUNE_FEDAVG,convnext_tiny_in1k,224x224,convnext_full_ft,fedavg,False,False,officehome_split_05,4,,officehome__split05__seed4,fresh_training,3409885437,3770846353,2766047219,507913829,200580779,1268475104,1986252492,2513941160,822452833,3250009285,2717942682,2917148838,1126441870
officehome_convnext_full__split06__seed0,officehome,officehome_convnext_full,CONVNEXT_TINY_224_FULL_FINETUNE_FEDAVG,convnext_tiny_in1k,224x224,convnext_full_ft,fedavg,False,False,officehome_split_06,0,,officehome__split06__seed0,fresh_training,4126695495,2479522250,3361800809,2273331870,845816962,2366867700,3241859107,2912258864,305709125,684115365,2541176437,4188414854,3413752106
officehome_convnext_full__split06__seed1,officehome,officehome_convnext_full,CONVNEXT_TINY_224_FULL_FINETUNE_FEDAVG,convnext_tiny_in1k,224x224,convnext_full_ft,fedavg,False,False,officehome_split_06,1,,officehome__split06__seed1,fresh_training,1701548772,3607514586,4680054,1230663388,3147325458,1947461782,3216353769,3927028633,3346456710,555130479,3278923247,39375788,358280956
officehome_convnext_full__split06__seed2,officehome,officehome_convnext_full,CONVNEXT_TINY_224_FULL_FINETUNE_FEDAVG,convnext_tiny_in1k,224x224,convnext_full_ft,fedavg,False,False,officehome_split_06,2,,officehome__split06__seed2,fresh_training,1667743009,3307901192,1188234933,1882399773,1384848647,4104535868,316388970,1260592013,1332041858,3910533844,2102366107,403409458,4064867383
officehome_convnext_full__split06__seed3,officehome,officehome_convnext_full,CONVNEXT_TINY_224_FULL_FINETUNE_FEDAVG,convnext_tiny_in1k,224x224,convnext_full_ft,fedavg,False,False,officehome_split_06,3,,officehome__split06__seed3,fresh_training,3586829225,4100881957,3992838231,1957273490,504570343,815158149,1756092722,2573250158,454743079,90525953,262809361,215748952,3773362379
officehome_convnext_full__split06__seed4,officehome,officehome_convnext_full,CONVNEXT_TINY_224_FULL_FINETUNE_FEDAVG,convnext_tiny_in1k,224x224,convnext_full_ft,fedavg,False,False,officehome_split_06,4,,officehome__split06__seed4,fresh_training,241014820,3705579677,321668697,899392391,304240084,1142398842,1201742122,470889876,580529221,1781063051,1207425003,4076095059,3027175913
officehome_convnext_full__split07__seed0,officehome,officehome_convnext_full,CONVNEXT_TINY_224_FULL_FINETUNE_FEDAVG,convnext_tiny_in1k,224x224,convnext_full_ft,fedavg,False,False,officehome_split_07,0,,officehome__split07__seed0,fresh_training,2415707196,1451157505,1290119299,3359261888,3784219992,3631846670,4042645138,2732589319,3449825616,503503433,3765916287,982509025,2719053826
officehome_convnext_full__split07__seed1,officehome,officehome_convnext_full,CONVNEXT_TINY_224_FULL_FINETUNE_FEDAVG,convnext_tiny_in1k,224x224,convnext_full_ft,fedavg,False,False,officehome_split_07,1,,officehome__split07__seed1,fresh_training,765906857,4071819575,556496283,1794620842,2268486600,2898470003,1021868140,3451156196,1421354527,4118518517,101443831,2665508176,3801470852
officehome_convnext_full__split07__seed2,officehome,officehome_convnext_full,CONVNEXT_TINY_224_FULL_FINETUNE_FEDAVG,convnext_tiny_in1k,224x224,convnext_full_ft,fedavg,False,False,officehome_split_07,2,,officehome__split07__seed2,fresh_training,1780324481,965776656,331755729,124076411,1198800570,121723705,249604059,4135535702,1430972766,960951148,2288469166,1571803343,2908989016
officehome_convnext_full__split07__seed3,officehome,officehome_convnext_full,CONVNEXT_TINY_224_FULL_FINETUNE_FEDAVG,convnext_tiny_in1k,224x224,convnext_full_ft,fedavg,False,False,officehome_split_07,3,,officehome__split07__seed3,fresh_training,846138107,1686842411,2863751506,3452920434,964725274,658770675,1242163719,245211484,1807117248,2765303837,2068935157,1614683459,1257142779
officehome_convnext_full__split07__seed4,officehome,officehome_convnext_full,CONVNEXT_TINY_224_FULL_FINETUNE_FEDAVG,convnext_tiny_in1k,224x224,convnext_full_ft,fedavg,False,False,officehome_split_07,4,,officehome__split07__seed4,fresh_training,3184051106,3942697357,561776175,3717244898,298663907,2396316933,3969649919,686966307,894133175,1754523438,3004962064,4134090353,3183739000
officehome_convnext_full__split08__seed0,officehome,officehome_convnext_full,CONVNEXT_TINY_224_FULL_FINETUNE_FEDAVG,convnext_tiny_in1k,224x224,convnext_full_ft,fedavg,False,False,officehome_split_08,0,,officehome__split08__seed0,fresh_training,895113240,643845088,3141899653,2526584563,4287447049,648835839,183242194,3253181189,2710692481,425136103,253606955,520702516,1210701487
officehome_convnext_full__split08__seed1,officehome,officehome_convnext_full,CONVNEXT_TINY_224_FULL_FINETUNE_FEDAVG,convnext_tiny_in1k,224x224,convnext_full_ft,fedavg,False,False,officehome_split_08,1,,officehome__split08__seed1,fresh_training,2504153757,1235550955,111185029,1727081953,1038476476,1905107759,1121186836,3750109443,2851466835,3662435962,2496785603,129333876,696759676
officehome_convnext_full__split08__seed2,officehome,officehome_convnext_full,CONVNEXT_TINY_224_FULL_FINETUNE_FEDAVG,convnext_tiny_in1k,224x224,convnext_full_ft,fedavg,False,False,officehome_split_08,2,,officehome__split08__seed2,fresh_training,3070178887,2488682556,2776922652,3143349126,1205231643,4127424780,3548203352,3184320449,66204479,865285661,2333646155,4115408928,2038784076
officehome_convnext_full__split08__seed3,officehome,officehome_convnext_full,CONVNEXT_TINY_224_FULL_FINETUNE_FEDAVG,convnext_tiny_in1k,224x224,convnext_full_ft,fedavg,False,False,officehome_split_08,3,,officehome__split08__seed3,fresh_training,1436206430,930153836,647924398,2851578970,69908124,4104601553,731069510,3157481657,633003426,3217033101,3633170909,3568039187,478045241
officehome_convnext_full__split08__seed4,officehome,officehome_convnext_full,CONVNEXT_TINY_224_FULL_FINETUNE_FEDAVG,convnext_tiny_in1k,224x224,convnext_full_ft,fedavg,False,False,officehome_split_08,4,,officehome__split08__seed4,fresh_training,730800869,1161404920,783009998,1500969835,12477393,1405313991,3735816418,2110181358,2250545081,3739366003,766191721,1891553140,347646596
officehome_convnext_full__split09__seed0,officehome,officehome_convnext_full,CONVNEXT_TINY_224_FULL_FINETUNE_FEDAVG,convnext_tiny_in1k,224x224,convnext_full_ft,fedavg,False,False,officehome_split_09,0,,officehome__split09__seed0,fresh_training,2783866320,4148136444,3512715398,2680926055,1723947247,659708257,1190888194,2325845427,89503036,846824762,736383076,417400857,2102515368
officehome_convnext_full__split09__seed1,officehome,officehome_convnext_full,CONVNEXT_TINY_224_FULL_FINETUNE_FEDAVG,convnext_tiny_in1k,224x224,convnext_full_ft,fedavg,False,False,officehome_split_09,1,,officehome__split09__seed1,fresh_training,3730152717,2231135617,2842498119,199377962,60489469,1790586947,571321692,3747505750,757755750,512349093,495475976,1445574481,249777213
officehome_convnext_full__split09__seed2,officehome,officehome_convnext_full,CONVNEXT_TINY_224_FULL_FINETUNE_FEDAVG,convnext_tiny_in1k,224x224,convnext_full_ft,fedavg,False,False,officehome_split_09,2,,officehome__split09__seed2,fresh_training,1327774940,1858168477,2303463751,3277751717,1464839236,3345041554,3009124470,423195146,3060785266,1124332596,1955910344,339438626,799074940
officehome_convnext_full__split09__seed3,officehome,officehome_convnext_full,CONVNEXT_TINY_224_FULL_FINETUNE_FEDAVG,convnext_tiny_in1k,224x224,convnext_full_ft,fedavg,False,False,officehome_split_09,3,,officehome__split09__seed3,fresh_training,2102326484,1653268094,4169106994,3228863083,1872518490,2295449620,716712830,2338906975,1984936298,3001826484,258606225,707586714,2790467812
officehome_convnext_full__split09__seed4,officehome,officehome_convnext_full,CONVNEXT_TINY_224_FULL_FINETUNE_FEDAVG,convnext_tiny_in1k,224x224,convnext_full_ft,fedavg,False,False,officehome_split_09,4,,officehome__split09__seed4,fresh_training,2735799000,96737157,2495979468,3950370918,2926527259,2323451111,3810746480,3999023601,2969746617,1190378951,1485447936,945564258,1719988038
officehome_convnext_frozen__split00__seed0,officehome,officehome_convnext_frozen,CONVNEXT_TINY_224_FROZEN_ENCODER_LINEAR_HEAD_FEDAVG,convnext_tiny_in1k,224x224,convnext_frozen_linear,fedavg,False,False,officehome_split_00,0,,officehome__split00__seed0,fresh_training,3341306938,3112968804,583584182,906395442,3907368685,1258886583,523113860,2106569613,451467734,1470747726,3114706801,403364673,773787830
officehome_convnext_frozen__split00__seed1,officehome,officehome_convnext_frozen,CONVNEXT_TINY_224_FROZEN_ENCODER_LINEAR_HEAD_FEDAVG,convnext_tiny_in1k,224x224,convnext_frozen_linear,fedavg,False,False,officehome_split_00,1,,officehome__split00__seed1,fresh_training,1589368618,93653170,3599739655,1172065803,1216604828,202773676,4043373127,2959672288,4118272959,3522328466,1037541495,3391222186,1564709606
officehome_convnext_frozen__split00__seed2,officehome,officehome_convnext_frozen,CONVNEXT_TINY_224_FROZEN_ENCODER_LINEAR_HEAD_FEDAVG,convnext_tiny_in1k,224x224,convnext_frozen_linear,fedavg,False,False,officehome_split_00,2,,officehome__split00__seed2,fresh_training,97672312,987665886,3469902508,130004189,1149817995,3516048195,1037245208,1462646127,3244629011,1727057852,3778668153,984844372,2952760595
officehome_convnext_frozen__split00__seed3,officehome,officehome_convnext_frozen,CONVNEXT_TINY_224_FROZEN_ENCODER_LINEAR_HEAD_FEDAVG,convnext_tiny_in1k,224x224,convnext_frozen_linear,fedavg,False,False,officehome_split_00,3,,officehome__split00__seed3,fresh_training,1352097513,1563155373,2963989642,1384255185,1263800691,2190084180,3026219889,703595087,1979824027,543105901,1902382343,2792904323,3023628353
officehome_convnext_frozen__split00__seed4,officehome,officehome_convnext_frozen,CONVNEXT_TINY_224_FROZEN_ENCODER_LINEAR_HEAD_FEDAVG,convnext_tiny_in1k,224x224,convnext_frozen_linear,fedavg,False,False,officehome_split_00,4,,officehome__split00__seed4,fresh_training,102308478,2817029286,2789379612,1170811645,4025596461,3555642770,3709729428,1976975980,3878119850,4118731700,1308104279,2579379023,3035299734
officehome_convnext_frozen__split01__seed0,officehome,officehome_convnext_frozen,CONVNEXT_TINY_224_FROZEN_ENCODER_LINEAR_HEAD_FEDAVG,convnext_tiny_in1k,224x224,convnext_frozen_linear,fedavg,False,False,officehome_split_01,0,,officehome__split01__seed0,fresh_training,3557875055,2203079006,1782337272,3527322066,2572285349,2605320809,3146770580,2002229905,2846413673,3682604276,588238823,2683168574,3468919044
officehome_convnext_frozen__split01__seed1,officehome,officehome_convnext_frozen,CONVNEXT_TINY_224_FROZEN_ENCODER_LINEAR_HEAD_FEDAVG,convnext_tiny_in1k,224x224,convnext_frozen_linear,fedavg,False,False,officehome_split_01,1,,officehome__split01__seed1,fresh_training,3243008456,1366001136,1198381329,2614302569,1413913458,899110702,613245179,4223715727,1009730312,2738847007,3387590798,2739813076,3079938625
officehome_convnext_frozen__split01__seed2,officehome,officehome_convnext_frozen,CONVNEXT_TINY_224_FROZEN_ENCODER_LINEAR_HEAD_FEDAVG,convnext_tiny_in1k,224x224,convnext_frozen_linear,fedavg,False,False,officehome_split_01,2,,officehome__split01__seed2,fresh_training,2119942248,1680944645,1763751857,3772281099,918179560,1523543481,1799931558,4157513511,3410648138,3052380968,1519498964,731191351,3805603508
officehome_convnext_frozen__split01__seed3,officehome,officehome_convnext_frozen,CONVNEXT_TINY_224_FROZEN_ENCODER_LINEAR_HEAD_FEDAVG,convnext_tiny_in1k,224x224,convnext_frozen_linear,fedavg,False,False,officehome_split_01,3,,officehome__split01__seed3,fresh_training,3530871780,1868093874,3306913297,3835358905,1577690532,1036735784,1172586614,2810355169,3909468115,2277013787,3756420322,3621037389,1688406393
officehome_convnext_frozen__split01__seed4,officehome,officehome_convnext_frozen,CONVNEXT_TINY_224_FROZEN_ENCODER_LINEAR_HEAD_FEDAVG,convnext_tiny_in1k,224x224,convnext_frozen_linear,fedavg,False,False,officehome_split_01,4,,officehome__split01__seed4,fresh_training,2820528178,2711628378,1688991977,2978069017,1090867520,2390412298,4267444539,1283100376,3038676913,4199201209,4258404104,4247666976,2577889483
officehome_convnext_frozen__split02__seed0,officehome,officehome_convnext_frozen,CONVNEXT_TINY_224_FROZEN_ENCODER_LINEAR_HEAD_FEDAVG,convnext_tiny_in1k,224x224,convnext_frozen_linear,fedavg,False,False,officehome_split_02,0,,officehome__split02__seed0,fresh_training,2493694469,1235311807,1062904421,1889854722,1930264436,340431170,3295435064,3541553121,3635104369,3743546337,2118051020,1358679839,704098856
officehome_convnext_frozen__split02__seed1,officehome,officehome_convnext_frozen,CONVNEXT_TINY_224_FROZEN_ENCODER_LINEAR_HEAD_FEDAVG,convnext_tiny_in1k,224x224,convnext_frozen_linear,fedavg,False,False,officehome_split_02,1,,officehome__split02__seed1,fresh_training,3935810284,659728526,294240561,2460814622,1545390886,862477442,51235791,2379299865,506522962,2551369888,3386737016,1999662504,991649809
officehome_convnext_frozen__split02__seed2,officehome,officehome_convnext_frozen,CONVNEXT_TINY_224_FROZEN_ENCODER_LINEAR_HEAD_FEDAVG,convnext_tiny_in1k,224x224,convnext_frozen_linear,fedavg,False,False,officehome_split_02,2,,officehome__split02__seed2,fresh_training,3611691886,3866566146,1273075527,2398695104,1051810775,45242143,2440840817,2965413703,2149097681,1744064352,1817195656,3990160362,3065798866
officehome_convnext_frozen__split02__seed3,officehome,officehome_convnext_frozen,CONVNEXT_TINY_224_FROZEN_ENCODER_LINEAR_HEAD_FEDAVG,convnext_tiny_in1k,224x224,convnext_frozen_linear,fedavg,False,False,officehome_split_02,3,,officehome__split02__seed3,fresh_training,926268778,3187347980,2208318815,4141293830,251416622,977039824,1848355579,840186492,1836945918,1470441029,2024835043,2080100272,3411260801
officehome_convnext_frozen__split02__seed4,officehome,officehome_convnext_frozen,CONVNEXT_TINY_224_FROZEN_ENCODER_LINEAR_HEAD_FEDAVG,convnext_tiny_in1k,224x224,convnext_frozen_linear,fedavg,False,False,officehome_split_02,4,,officehome__split02__seed4,fresh_training,3585262209,2442548041,2930824106,145756544,1213772261,3199228540,546377796,2183071826,3142493777,15996076,1632845103,483866479,3582105361
officehome_convnext_frozen__split03__seed0,officehome,officehome_convnext_frozen,CONVNEXT_TINY_224_FROZEN_ENCODER_LINEAR_HEAD_FEDAVG,convnext_tiny_in1k,224x224,convnext_frozen_linear,fedavg,False,False,officehome_split_03,0,,officehome__split03__seed0,fresh_training,85139599,2334041072,3631267251,2929519040,3666405313,786413147,3543784662,1590821393,404789297,455474424,326793496,1244765528,3398687503
officehome_convnext_frozen__split03__seed1,officehome,officehome_convnext_frozen,CONVNEXT_TINY_224_FROZEN_ENCODER_LINEAR_HEAD_FEDAVG,convnext_tiny_in1k,224x224,convnext_frozen_linear,fedavg,False,False,officehome_split_03,1,,officehome__split03__seed1,fresh_training,755530760,1513212965,1401475257,1738093721,2362283369,975002797,1385810803,2513027294,3327639938,3807325586,1439326864,320039893,3522786671
officehome_convnext_frozen__split03__seed2,officehome,officehome_convnext_frozen,CONVNEXT_TINY_224_FROZEN_ENCODER_LINEAR_HEAD_FEDAVG,convnext_tiny_in1k,224x224,convnext_frozen_linear,fedavg,False,False,officehome_split_03,2,,officehome__split03__seed2,fresh_training,1143043741,2634501954,190703969,2806883828,1629290285,284601944,4229396622,2709944107,1580771121,2220602137,3189203653,2075590936,90736946
officehome_convnext_frozen__split03__seed3,officehome,officehome_convnext_frozen,CONVNEXT_TINY_224_FROZEN_ENCODER_LINEAR_HEAD_FEDAVG,convnext_tiny_in1k,224x224,convnext_frozen_linear,fedavg,False,False,officehome_split_03,3,,officehome__split03__seed3,fresh_training,3964246931,4110359153,1202449557,1157369395,633178521,3795693113,2890214345,927436075,1844635282,494143090,3001128606,4269768495,2151819911
officehome_convnext_frozen__split03__seed4,officehome,officehome_convnext_frozen,CONVNEXT_TINY_224_FROZEN_ENCODER_LINEAR_HEAD_FEDAVG,convnext_tiny_in1k,224x224,convnext_frozen_linear,fedavg,False,False,officehome_split_03,4,,officehome__split03__seed4,fresh_training,2297406998,319527002,1682010551,2633698191,867269538,2404889205,1371029031,2686461254,2619958204,4027153696,3109642525,2407977237,905545826
officehome_convnext_frozen__split04__seed0,officehome,officehome_convnext_frozen,CONVNEXT_TINY_224_FROZEN_ENCODER_LINEAR_HEAD_FEDAVG,convnext_tiny_in1k,224x224,convnext_frozen_linear,fedavg,False,False,officehome_split_04,0,,officehome__split04__seed0,fresh_training,192697512,3096755212,2263959659,2857398493,1854155684,425786572,1878669183,1929509518,199205746,3782800468,3844004215,4232675011,3589200006
officehome_convnext_frozen__split04__seed1,officehome,officehome_convnext_frozen,CONVNEXT_TINY_224_FROZEN_ENCODER_LINEAR_HEAD_FEDAVG,convnext_tiny_in1k,224x224,convnext_frozen_linear,fedavg,False,False,officehome_split_04,1,,officehome__split04__seed1,fresh_training,3047869875,676486049,2267376258,4153461561,17039012,3864062674,4212024147,2368949468,723466124,978952196,596623437,2145249084,3446139627
officehome_convnext_frozen__split04__seed2,officehome,officehome_convnext_frozen,CONVNEXT_TINY_224_FROZEN_ENCODER_LINEAR_HEAD_FEDAVG,convnext_tiny_in1k,224x224,convnext_frozen_linear,fedavg,False,False,officehome_split_04,2,,officehome__split04__seed2,fresh_training,2682882303,28609503,57384978,2413580750,2306828510,1446948442,3005344047,2857797723,1703311756,160708610,2665181292,4241066492,2818045288
officehome_convnext_frozen__split04__seed3,officehome,officehome_convnext_frozen,CONVNEXT_TINY_224_FROZEN_ENCODER_LINEAR_HEAD_FEDAVG,convnext_tiny_in1k,224x224,convnext_frozen_linear,fedavg,False,False,officehome_split_04,3,,officehome__split04__seed3,fresh_training,4130838316,2780051024,2678768166,2565948006,3463709865,4190328292,171109650,1986044386,2855654074,1070955047,4178865343,3243583680,462307764
officehome_convnext_frozen__split04__seed4,officehome,officehome_convnext_frozen,CONVNEXT_TINY_224_FROZEN_ENCODER_LINEAR_HEAD_FEDAVG,convnext_tiny_in1k,224x224,convnext_frozen_linear,fedavg,False,False,officehome_split_04,4,,officehome__split04__seed4,fresh_training,354630165,1572163336,3451491169,804333839,3977207433,495576537,1401007687,1699070881,3262442648,1228143616,996378467,2788491642,2052533440
officehome_convnext_frozen__split05__seed0,officehome,officehome_convnext_frozen,CONVNEXT_TINY_224_FROZEN_ENCODER_LINEAR_HEAD_FEDAVG,convnext_tiny_in1k,224x224,convnext_frozen_linear,fedavg,False,False,officehome_split_05,0,,officehome__split05__seed0,fresh_training,1887708424,3619192056,3078929758,2620342310,575233852,2533171200,1396336616,3944003308,3210138723,601761610,2213998707,2200953201,524133226
officehome_convnext_frozen__split05__seed1,officehome,officehome_convnext_frozen,CONVNEXT_TINY_224_FROZEN_ENCODER_LINEAR_HEAD_FEDAVG,convnext_tiny_in1k,224x224,convnext_frozen_linear,fedavg,False,False,officehome_split_05,1,,officehome__split05__seed1,fresh_training,124827904,2731794269,857590006,814040611,4136490684,2824328109,3486970438,2432223455,1479981299,1142060857,3511943341,2262606700,190787330
officehome_convnext_frozen__split05__seed2,officehome,officehome_convnext_frozen,CONVNEXT_TINY_224_FROZEN_ENCODER_LINEAR_HEAD_FEDAVG,convnext_tiny_in1k,224x224,convnext_frozen_linear,fedavg,False,False,officehome_split_05,2,,officehome__split05__seed2,fresh_training,1984914573,1260364326,508113991,3928107615,2967128223,2215284053,1635144105,3919753995,1425580703,275055327,1103994599,533342928,2128912836
officehome_convnext_frozen__split05__seed3,officehome,officehome_convnext_frozen,CONVNEXT_TINY_224_FROZEN_ENCODER_LINEAR_HEAD_FEDAVG,convnext_tiny_in1k,224x224,convnext_frozen_linear,fedavg,False,False,officehome_split_05,3,,officehome__split05__seed3,fresh_training,4157166652,624934539,2213534625,1110529907,1568281154,897432035,1468619971,598382183,817165666,2781193887,2685384991,3643026868,1678622085
officehome_convnext_frozen__split05__seed4,officehome,officehome_convnext_frozen,CONVNEXT_TINY_224_FROZEN_ENCODER_LINEAR_HEAD_FEDAVG,convnext_tiny_in1k,224x224,convnext_frozen_linear,fedavg,False,False,officehome_split_05,4,,officehome__split05__seed4,fresh_training,3409885437,3770846353,2766047219,507913829,200580779,1268475104,1986252492,2513941160,822452833,3250009285,2717942682,2917148838,1126441870
officehome_convnext_frozen__split06__seed0,officehome,officehome_convnext_frozen,CONVNEXT_TINY_224_FROZEN_ENCODER_LINEAR_HEAD_FEDAVG,convnext_tiny_in1k,224x224,convnext_frozen_linear,fedavg,False,False,officehome_split_06,0,,officehome__split06__seed0,fresh_training,4126695495,2479522250,3361800809,2273331870,845816962,2366867700,3241859107,2912258864,305709125,684115365,2541176437,4188414854,3413752106
officehome_convnext_frozen__split06__seed1,officehome,officehome_convnext_frozen,CONVNEXT_TINY_224_FROZEN_ENCODER_LINEAR_HEAD_FEDAVG,convnext_tiny_in1k,224x224,convnext_frozen_linear,fedavg,False,False,officehome_split_06,1,,officehome__split06__seed1,fresh_training,1701548772,3607514586,4680054,1230663388,3147325458,1947461782,3216353769,3927028633,3346456710,555130479,3278923247,39375788,358280956
officehome_convnext_frozen__split06__seed2,officehome,officehome_convnext_frozen,CONVNEXT_TINY_224_FROZEN_ENCODER_LINEAR_HEAD_FEDAVG,convnext_tiny_in1k,224x224,convnext_frozen_linear,fedavg,False,False,officehome_split_06,2,,officehome__split06__seed2,fresh_training,1667743009,3307901192,1188234933,1882399773,1384848647,4104535868,316388970,1260592013,1332041858,3910533844,2102366107,403409458,4064867383
officehome_convnext_frozen__split06__seed3,officehome,officehome_convnext_frozen,CONVNEXT_TINY_224_FROZEN_ENCODER_LINEAR_HEAD_FEDAVG,convnext_tiny_in1k,224x224,convnext_frozen_linear,fedavg,False,False,officehome_split_06,3,,officehome__split06__seed3,fresh_training,3586829225,4100881957,3992838231,1957273490,504570343,815158149,1756092722,2573250158,454743079,90525953,262809361,215748952,3773362379
officehome_convnext_frozen__split06__seed4,officehome,officehome_convnext_frozen,CONVNEXT_TINY_224_FROZEN_ENCODER_LINEAR_HEAD_FEDAVG,convnext_tiny_in1k,224x224,convnext_frozen_linear,fedavg,False,False,officehome_split_06,4,,officehome__split06__seed4,fresh_training,241014820,3705579677,321668697,899392391,304240084,1142398842,1201742122,470889876,580529221,1781063051,1207425003,4076095059,3027175913
officehome_convnext_frozen__split07__seed0,officehome,officehome_convnext_frozen,CONVNEXT_TINY_224_FROZEN_ENCODER_LINEAR_HEAD_FEDAVG,convnext_tiny_in1k,224x224,convnext_frozen_linear,fedavg,False,False,officehome_split_07,0,,officehome__split07__seed0,fresh_training,2415707196,1451157505,1290119299,3359261888,3784219992,3631846670,4042645138,2732589319,3449825616,503503433,3765916287,982509025,2719053826
officehome_convnext_frozen__split07__seed1,officehome,officehome_convnext_frozen,CONVNEXT_TINY_224_FROZEN_ENCODER_LINEAR_HEAD_FEDAVG,convnext_tiny_in1k,224x224,convnext_frozen_linear,fedavg,False,False,officehome_split_07,1,,officehome__split07__seed1,fresh_training,765906857,4071819575,556496283,1794620842,2268486600,2898470003,1021868140,3451156196,1421354527,4118518517,101443831,2665508176,3801470852
officehome_convnext_frozen__split07__seed2,officehome,officehome_convnext_frozen,CONVNEXT_TINY_224_FROZEN_ENCODER_LINEAR_HEAD_FEDAVG,convnext_tiny_in1k,224x224,convnext_frozen_linear,fedavg,False,False,officehome_split_07,2,,officehome__split07__seed2,fresh_training,1780324481,965776656,331755729,124076411,1198800570,121723705,249604059,4135535702,1430972766,960951148,2288469166,1571803343,2908989016
officehome_convnext_frozen__split07__seed3,officehome,officehome_convnext_frozen,CONVNEXT_TINY_224_FROZEN_ENCODER_LINEAR_HEAD_FEDAVG,convnext_tiny_in1k,224x224,convnext_frozen_linear,fedavg,False,False,officehome_split_07,3,,officehome__split07__seed3,fresh_training,846138107,1686842411,2863751506,3452920434,964725274,658770675,1242163719,245211484,1807117248,2765303837,2068935157,1614683459,1257142779
officehome_convnext_frozen__split07__seed4,officehome,officehome_convnext_frozen,CONVNEXT_TINY_224_FROZEN_ENCODER_LINEAR_HEAD_FEDAVG,convnext_tiny_in1k,224x224,convnext_frozen_linear,fedavg,False,False,officehome_split_07,4,,officehome__split07__seed4,fresh_training,3184051106,3942697357,561776175,3717244898,298663907,2396316933,3969649919,686966307,894133175,1754523438,3004962064,4134090353,3183739000
officehome_convnext_frozen__split08__seed0,officehome,officehome_convnext_frozen,CONVNEXT_TINY_224_FROZEN_ENCODER_LINEAR_HEAD_FEDAVG,convnext_tiny_in1k,224x224,convnext_frozen_linear,fedavg,False,False,officehome_split_08,0,,officehome__split08__seed0,fresh_training,895113240,643845088,3141899653,2526584563,4287447049,648835839,183242194,3253181189,2710692481,425136103,253606955,520702516,1210701487
officehome_convnext_frozen__split08__seed1,officehome,officehome_convnext_frozen,CONVNEXT_TINY_224_FROZEN_ENCODER_LINEAR_HEAD_FEDAVG,convnext_tiny_in1k,224x224,convnext_frozen_linear,fedavg,False,False,officehome_split_08,1,,officehome__split08__seed1,fresh_training,2504153757,1235550955,111185029,1727081953,1038476476,1905107759,1121186836,3750109443,2851466835,3662435962,2496785603,129333876,696759676
officehome_convnext_frozen__split08__seed2,officehome,officehome_convnext_frozen,CONVNEXT_TINY_224_FROZEN_ENCODER_LINEAR_HEAD_FEDAVG,convnext_tiny_in1k,224x224,convnext_frozen_linear,fedavg,False,False,officehome_split_08,2,,officehome__split08__seed2,fresh_training,3070178887,2488682556,2776922652,3143349126,1205231643,4127424780,3548203352,3184320449,66204479,865285661,2333646155,4115408928,2038784076
officehome_convnext_frozen__split08__seed3,officehome,officehome_convnext_frozen,CONVNEXT_TINY_224_FROZEN_ENCODER_LINEAR_HEAD_FEDAVG,convnext_tiny_in1k,224x224,convnext_frozen_linear,fedavg,False,False,officehome_split_08,3,,officehome__split08__seed3,fresh_training,1436206430,930153836,647924398,2851578970,69908124,4104601553,731069510,3157481657,633003426,3217033101,3633170909,3568039187,478045241
officehome_convnext_frozen__split08__seed4,officehome,officehome_convnext_frozen,CONVNEXT_TINY_224_FROZEN_ENCODER_LINEAR_HEAD_FEDAVG,convnext_tiny_in1k,224x224,convnext_frozen_linear,fedavg,False,False,officehome_split_08,4,,officehome__split08__seed4,fresh_training,730800869,1161404920,783009998,1500969835,12477393,1405313991,3735816418,2110181358,2250545081,3739366003,766191721,1891553140,347646596
officehome_convnext_frozen__split09__seed0,officehome,officehome_convnext_frozen,CONVNEXT_TINY_224_FROZEN_ENCODER_LINEAR_HEAD_FEDAVG,convnext_tiny_in1k,224x224,convnext_frozen_linear,fedavg,False,False,officehome_split_09,0,,officehome__split09__seed0,fresh_training,2783866320,4148136444,3512715398,2680926055,1723947247,659708257,1190888194,2325845427,89503036,846824762,736383076,417400857,2102515368
officehome_convnext_frozen__split09__seed1,officehome,officehome_convnext_frozen,CONVNEXT_TINY_224_FROZEN_ENCODER_LINEAR_HEAD_FEDAVG,convnext_tiny_in1k,224x224,convnext_frozen_linear,fedavg,False,False,officehome_split_09,1,,officehome__split09__seed1,fresh_training,3730152717,2231135617,2842498119,199377962,60489469,1790586947,571321692,3747505750,757755750,512349093,495475976,1445574481,249777213
officehome_convnext_frozen__split09__seed2,officehome,officehome_convnext_frozen,CONVNEXT_TINY_224_FROZEN_ENCODER_LINEAR_HEAD_FEDAVG,convnext_tiny_in1k,224x224,convnext_frozen_linear,fedavg,False,False,officehome_split_09,2,,officehome__split09__seed2,fresh_training,1327774940,1858168477,2303463751,3277751717,1464839236,3345041554,3009124470,423195146,3060785266,1124332596,1955910344,339438626,799074940
officehome_convnext_frozen__split09__seed3,officehome,officehome_convnext_frozen,CONVNEXT_TINY_224_FROZEN_ENCODER_LINEAR_HEAD_FEDAVG,convnext_tiny_in1k,224x224,convnext_frozen_linear,fedavg,False,False,officehome_split_09,3,,officehome__split09__seed3,fresh_training,2102326484,1653268094,4169106994,3228863083,1872518490,2295449620,716712830,2338906975,1984936298,3001826484,258606225,707586714,2790467812
officehome_convnext_frozen__split09__seed4,officehome,officehome_convnext_frozen,CONVNEXT_TINY_224_FROZEN_ENCODER_LINEAR_HEAD_FEDAVG,convnext_tiny_in1k,224x224,convnext_frozen_linear,fedavg,False,False,officehome_split_09,4,,officehome__split09__seed4,fresh_training,2735799000,96737157,2495979468,3950370918,2926527259,2323451111,3810746480,3999023601,2969746617,1190378951,1485447936,945564258,1719988038
