split,client,replicate_id,pcg64_seed_uint64,maximum_prefix_draws,primary_prefix_draws,secondary_lower_prefix_draws,secondary_upper_prefix_draws,primary
0,art_painting,0,7027606727928042223,256,128,64,256,true
0,art_painting,1,11518403361931085264,256,128,64,256,false
0,art_painting,2,6874755884409089302,256,128,64,256,false
0,art_painting,3,11283095507035758304,256,128,64,256,false
0,art_painting,4,2941754892015621019,256,128,64,256,false
0,art_painting,5,5955436973095412435,256,128,64,256,false
0,art_painting,6,9009575778593431275,256,128,64,256,false
0,art_painting,7,12858945344538590479,256,128,64,256,false
0,art_painting,8,1475439898520756091,256,128,64,256,false
0,art_painting,9,14998953498806667336,256,128,64,256,false
0,art_painting,10,7194743643680308802,256,128,64,256,false
0,art_painting,11,2519591175926858870,256,128,64,256,false
0,art_painting,12,7491415454670928658,256,128,64,256,false
0,art_painting,13,5369573213677562448,256,128,64,256,false
0,art_painting,14,4009804355559389807,256,128,64,256,false
0,art_painting,15,3045278689933825596,256,128,64,256,false
0,art_painting,16,2752857880830159438,256,128,64,256,false
0,art_painting,17,5093222205446762369,256,128,64,256,false
0,art_painting,18,7130683701103779221,256,128,64,256,false
0,art_painting,19,17535157285089137931,256,128,64,256,false
0,art_painting,20,9594205948955374194,256,128,64,256,false
0,art_painting,21,3123576462636040252,256,128,64,256,false
0,art_painting,22,12614842801322509136,256,128,64,256,false
0,art_painting,23,14170236498069769128,256,128,64,256,false
0,art_painting,24,16189238835316931831,256,128,64,256,false
0,art_painting,25,7684123065457097897,256,128,64,256,false
0,art_painting,26,7527774059668850778,256,128,64,256,false
0,art_painting,27,770380373819021128,256,128,64,256,false
0,art_painting,28,16042609321939721778,256,128,64,256,false
0,art_painting,29,3792790045216464356,256,128,64,256,false
0,art_painting,30,12161231330093557892,256,128,64,256,false
0,art_painting,31,17007370185567190862,256,128,64,256,false
0,art_painting,32,7441888666259130387,256,128,64,256,false
0,art_painting,33,10756602018204208951,256,128,64,256,false
0,art_painting,34,8381786691752268907,256,128,64,256,false
0,art_painting,35,4652953947534440706,256,128,64,256,false
0,art_painting,36,16493362432294872389,256,128,64,256,false
0,art_painting,37,8002303522222296288,256,128,64,256,false
0,art_painting,38,12933255933154426033,256,128,64,256,false
0,art_painting,39,4761142096405986608,256,128,64,256,false
0,art_painting,40,17569050416370557585,256,128,64,256,false
0,art_painting,41,3717412810528656122,256,128,64,256,false
0,art_painting,42,10045028412381735508,256,128,64,256,false
0,art_painting,43,2848674345219926439,256,128,64,256,false
0,art_painting,44,11614918223761754705,256,128,64,256,false
0,art_painting,45,6625577377744859472,256,128,64,256,false
0,art_painting,46,11588746027819735364,256,128,64,256,false
0,art_painting,47,2954991999643023560,256,128,64,256,false
0,art_painting,48,1127872907796651070,256,128,64,256,false
0,art_painting,49,3263964717933801092,256,128,64,256,false
0,art_painting,50,951719136845393232,256,128,64,256,false
0,art_painting,51,6569509701082780491,256,128,64,256,false
0,art_painting,52,7349249655424594518,256,128,64,256,false
0,art_painting,53,7284610352012384562,256,128,64,256,false
0,art_painting,54,4321639275486980406,256,128,64,256,false
0,art_painting,55,8305053624952891119,256,128,64,256,false
0,art_painting,56,3866909033211479597,256,128,64,256,false
0,art_painting,57,1394160046367922539,256,128,64,256,false
0,art_painting,58,11970998723932651133,256,128,64,256,false
0,art_painting,59,5246190197098497019,256,128,64,256,false
0,art_painting,60,4586083233217014931,256,128,64,256,false
0,art_painting,61,11266666725700109294,256,128,64,256,false
0,art_painting,62,11739591625503745227,256,128,64,256,false
0,art_painting,63,16437509343543365208,256,128,64,256,false
0,art_painting,64,17054528591197989183,256,128,64,256,false
0,art_painting,65,9830463721440494490,256,128,64,256,false
0,art_painting,66,16964338000516407792,256,128,64,256,false
0,art_painting,67,13817284071588749845,256,128,64,256,false
0,art_painting,68,16704464034078427263,256,128,64,256,false
0,art_painting,69,14293191967566052396,256,128,64,256,false
0,art_painting,70,7222410940360302112,256,128,64,256,false
0,art_painting,71,2560214643742371314,256,128,64,256,false
0,art_painting,72,778791339086150487,256,128,64,256,false
0,art_painting,73,7433699027612752874,256,128,64,256,false
0,art_painting,74,2027171579633477822,256,128,64,256,false
0,art_painting,75,2524099100509199378,256,128,64,256,false
0,art_painting,76,2729646665398873951,256,128,64,256,false
0,art_painting,77,10194536276486185951,256,128,64,256,false
0,art_painting,78,12993927637968644617,256,128,64,256,false
0,art_painting,79,4970432949200508572,256,128,64,256,false
0,art_painting,80,5513865021819000665,256,128,64,256,false
0,art_painting,81,18339768522794866940,256,128,64,256,false
0,art_painting,82,384811272272636808,256,128,64,256,false
0,art_painting,83,15314103398946016725,256,128,64,256,false
0,art_painting,84,4024751608489953690,256,128,64,256,false
0,art_painting,85,8220289238584015831,256,128,64,256,false
0,art_painting,86,9578582906361868324,256,128,64,256,false
0,art_painting,87,132284711076374233,256,128,64,256,false
0,art_painting,88,1685696916847694957,256,128,64,256,false
0,art_painting,89,5168710226726650338,256,128,64,256,false
0,art_painting,90,12901992810364515640,256,128,64,256,false
0,art_painting,91,847950197896521365,256,128,64,256,false
0,art_painting,92,4961316387689241680,256,128,64,256,false
0,art_painting,93,12210358838418349557,256,128,64,256,false
0,art_painting,94,9575898072736979748,256,128,64,256,false
0,art_painting,95,5936369797412762356,256,128,64,256,false
0,art_painting,96,8728123237103030195,256,128,64,256,false
0,art_painting,97,16381482759689480965,256,128,64,256,false
0,art_painting,98,980427890783971432,256,128,64,256,false
0,art_painting,99,13418872195722480133,256,128,64,256,false
0,cartoon,0,6282475333378742201,256,128,64,256,true
0,cartoon,1,13903850855336862066,256,128,64,256,false
0,cartoon,2,12881569392614880722,256,128,64,256,false
0,cartoon,3,15049541508869782769,256,128,64,256,false
0,cartoon,4,11954714449324808091,256,128,64,256,false
0,cartoon,5,11804233258740389059,256,128,64,256,false
0,cartoon,6,12337899183623439387,256,128,64,256,false
0,cartoon,7,2082443459249716904,256,128,64,256,false
0,cartoon,8,10668654959355616576,256,128,64,256,false
0,cartoon,9,16909461310845892813,256,128,64,256,false
0,cartoon,10,2757078509509934770,256,128,64,256,false
0,cartoon,11,16285856311452932746,256,128,64,256,false
0,cartoon,12,14126861609946199761,256,128,64,256,false
0,cartoon,13,16911034444057821962,256,128,64,256,false
0,cartoon,14,5578202611292313840,256,128,64,256,false
0,cartoon,15,8547504648290235946,256,128,64,256,false
0,cartoon,16,9429837426885333249,256,128,64,256,false
0,cartoon,17,11877645866524179481,256,128,64,256,false
0,cartoon,18,8683574193572243214,256,128,64,256,false
0,cartoon,19,16410690794336732965,256,128,64,256,false
0,cartoon,20,8942902880412684368,256,128,64,256,false
0,cartoon,21,9882774838005588681,256,128,64,256,false
0,cartoon,22,12071931068367461426,256,128,64,256,false
0,cartoon,23,10916901739503676944,256,128,64,256,false
0,cartoon,24,2897164336593117639,256,128,64,256,false
0,cartoon,25,16665090291397961690,256,128,64,256,false
0,cartoon,26,17124324908181139186,256,128,64,256,false
0,cartoon,27,2790923880959552424,256,128,64,256,false
0,cartoon,28,13267496016378938770,256,128,64,256,false
0,cartoon,29,6718543845089067062,256,128,64,256,false
0,cartoon,30,8832411264002665454,256,128,64,256,false
0,cartoon,31,14086683035166257075,256,128,64,256,false
0,cartoon,32,4640141840487002419,256,128,64,256,false
0,cartoon,33,10260220641588693284,256,128,64,256,false
0,cartoon,34,3711205447909947317,256,128,64,256,false
0,cartoon,35,5406721629732264952,256,128,64,256,false
0,cartoon,36,5365594381324149048,256,128,64,256,false
0,cartoon,37,7441340845169921834,256,128,64,256,false
0,cartoon,38,3750006912765930450,256,128,64,256,false
0,cartoon,39,8690351665092640547,256,128,64,256,false
0,cartoon,40,11975647101018450259,256,128,64,256,false
0,cartoon,41,9565710194004688448,256,128,64,256,false
0,cartoon,42,11340134179719790968,256,128,64,256,false
0,cartoon,43,6360104261551037920,256,128,64,256,false
0,cartoon,44,12824237672069436349,256,128,64,256,false
0,cartoon,45,8362671489851304107,256,128,64,256,false
0,cartoon,46,16340364747204800989,256,128,64,256,false
0,cartoon,47,4614022131638853529,256,128,64,256,false
0,cartoon,48,14980355358770484330,256,128,64,256,false
0,cartoon,49,16668758344592902716,256,128,64,256,false
0,cartoon,50,12246803042823394090,256,128,64,256,false
0,cartoon,51,5095353995383059126,256,128,64,256,false
0,cartoon,52,12440018726261157918,256,128,64,256,false
0,cartoon,53,9040791239920502373,256,128,64,256,false
0,cartoon,54,6613831546620370186,256,128,64,256,false
0,cartoon,55,2129916586134451916,256,128,64,256,false
0,cartoon,56,2297122804134607402,256,128,64,256,false
0,cartoon,57,12208052212296680001,256,128,64,256,false
0,cartoon,58,16579393308097249888,256,128,64,256,false
0,cartoon,59,17037800836866243577,256,128,64,256,false
0,cartoon,60,4246389901060030749,256,128,64,256,false
0,cartoon,61,2544378321252270854,256,128,64,256,false
0,cartoon,62,9715953190667395357,256,128,64,256,false
0,cartoon,63,207433616643173685,256,128,64,256,false
0,cartoon,64,5336625199862047190,256,128,64,256,false
0,cartoon,65,14479412737013020434,256,128,64,256,false
0,cartoon,66,9563988940488819698,256,128,64,256,false
0,cartoon,67,8108600059940889830,256,128,64,256,false
0,cartoon,68,6114093453036337517,256,128,64,256,false
0,cartoon,69,2718150033402491204,256,128,64,256,false
0,cartoon,70,17426869148708444990,256,128,64,256,false
0,cartoon,71,18064985904432387443,256,128,64,256,false
0,cartoon,72,8948258447480831276,256,128,64,256,false
0,cartoon,73,9258690088029918510,256,128,64,256,false
0,cartoon,74,14369020634931386520,256,128,64,256,false
0,cartoon,75,16706129392711607613,256,128,64,256,false
0,cartoon,76,7029234843398582016,256,128,64,256,false
0,cartoon,77,5163768641600202817,256,128,64,256,false
0,cartoon,78,10742176876582509160,256,128,64,256,false
0,cartoon,79,15166039229197660613,256,128,64,256,false
0,cartoon,80,7557924639377151204,256,128,64,256,false
0,cartoon,81,12367405896736164513,256,128,64,256,false
0,cartoon,82,17384410693215887433,256,128,64,256,false
0,cartoon,83,818383906396447085,256,128,64,256,false
0,cartoon,84,13280466255576599656,256,128,64,256,false
0,cartoon,85,9193276315046613543,256,128,64,256,false
0,cartoon,86,17648179917515122273,256,128,64,256,false
0,cartoon,87,4473615895332933191,256,128,64,256,false
0,cartoon,88,343146556530778772,256,128,64,256,false
0,cartoon,89,12163434668342682155,256,128,64,256,false
0,cartoon,90,6335910731650232166,256,128,64,256,false
0,cartoon,91,12331132582950797218,256,128,64,256,false
0,cartoon,92,5475432492977392106,256,128,64,256,false
0,cartoon,93,2711708567142638622,256,128,64,256,false
0,cartoon,94,10321421320384753723,256,128,64,256,false
0,cartoon,95,11969153280788979841,256,128,64,256,false
0,cartoon,96,5728738165492378082,256,128,64,256,false
0,cartoon,97,10299295047090184184,256,128,64,256,false
0,cartoon,98,9407006789146746823,256,128,64,256,false
0,cartoon,99,11121443270747041649,256,128,64,256,false
0,photo,0,13082555571541385553,256,128,64,256,true
0,photo,1,12391744026113561155,256,128,64,256,false
0,photo,2,864708201695160172,256,128,64,256,false
0,photo,3,10638519056635135348,256,128,64,256,false
0,photo,4,12530069860581561216,256,128,64,256,false
0,photo,5,13731020244489339217,256,128,64,256,false
0,photo,6,10276168009568655578,256,128,64,256,false
0,photo,7,6773481737714476298,256,128,64,256,false
0,photo,8,10661820152910579574,256,128,64,256,false
0,photo,9,9626204143304562687,256,128,64,256,false
0,photo,10,14150019006098297331,256,128,64,256,false
0,photo,11,17195649353789154517,256,128,64,256,false
0,photo,12,7461585114145274444,256,128,64,256,false
0,photo,13,13723920426101441612,256,128,64,256,false
0,photo,14,13100412366621453820,256,128,64,256,false
0,photo,15,15880694313859521138,256,128,64,256,false
0,photo,16,7400108683935566008,256,128,64,256,false
0,photo,17,5995330374317340698,256,128,64,256,false
0,photo,18,5155436179410478632,256,128,64,256,false
0,photo,19,1660804443024391496,256,128,64,256,false
0,photo,20,8823467308961315423,256,128,64,256,false
0,photo,21,6021129466388449788,256,128,64,256,false
0,photo,22,7703010934567840529,256,128,64,256,false
0,photo,23,16610530268796753917,256,128,64,256,false
0,photo,24,4277721921750035036,256,128,64,256,false
0,photo,25,10388815877889755416,256,128,64,256,false
0,photo,26,12829985412893843979,256,128,64,256,false
0,photo,27,1413989425633313047,256,128,64,256,false
0,photo,28,18161061658655298328,256,128,64,256,false
0,photo,29,11716071634289436450,256,128,64,256,false
0,photo,30,12374126497980142351,256,128,64,256,false
0,photo,31,17181225770674827327,256,128,64,256,false
0,photo,32,9904596607839043632,256,128,64,256,false
0,photo,33,10782092976304598165,256,128,64,256,false
0,photo,34,18427025705889755996,256,128,64,256,false
0,photo,35,473173980586268530,256,128,64,256,false
0,photo,36,13234342207700532830,256,128,64,256,false
0,photo,37,4562311481258014959,256,128,64,256,false
0,photo,38,3273182195770104401,256,128,64,256,false
0,photo,39,10900062078043611635,256,128,64,256,false
0,photo,40,15695438209331583465,256,128,64,256,false
0,photo,41,7957332192065011568,256,128,64,256,false
0,photo,42,15317927514127602129,256,128,64,256,false
0,photo,43,2773324879571887510,256,128,64,256,false
0,photo,44,3032176248089023216,256,128,64,256,false
0,photo,45,10619470392890282347,256,128,64,256,false
0,photo,46,7031659292696874192,256,128,64,256,false
0,photo,47,8906848848319475942,256,128,64,256,false
0,photo,48,2831156522317034445,256,128,64,256,false
0,photo,49,5544083574071084245,256,128,64,256,false
0,photo,50,12268801296526272941,256,128,64,256,false
0,photo,51,10434656499831331629,256,128,64,256,false
0,photo,52,13550796435781702320,256,128,64,256,false
0,photo,53,9225976085245177043,256,128,64,256,false
0,photo,54,18354238078124060638,256,128,64,256,false
0,photo,55,13944039380112828551,256,128,64,256,false
0,photo,56,5574196567921771175,256,128,64,256,false
0,photo,57,14732647580976089494,256,128,64,256,false
0,photo,58,10539948106798974538,256,128,64,256,false
0,photo,59,5925139069710015511,256,128,64,256,false
0,photo,60,16307590858556722216,256,128,64,256,false
0,photo,61,4029204011228814877,256,128,64,256,false
0,photo,62,10240217915280293784,256,128,64,256,false
0,photo,63,5246551079218631912,256,128,64,256,false
0,photo,64,3673348190003027699,256,128,64,256,false
0,photo,65,7342677882613935113,256,128,64,256,false
0,photo,66,1351757719322429656,256,128,64,256,false
0,photo,67,11061114807235172951,256,128,64,256,false
0,photo,68,218252387663131384,256,128,64,256,false
0,photo,69,4124400249164037344,256,128,64,256,false
0,photo,70,8993699804250653699,256,128,64,256,false
0,photo,71,95516565870626125,256,128,64,256,false
0,photo,72,17274574614081817474,256,128,64,256,false
0,photo,73,11598196919650171935,256,128,64,256,false
0,photo,74,16943094673695787894,256,128,64,256,false
0,photo,75,2894632940650465571,256,128,64,256,false
0,photo,76,7978584375916019183,256,128,64,256,false
0,photo,77,2831278169302179347,256,128,64,256,false
0,photo,78,12754832008239120070,256,128,64,256,false
0,photo,79,10481824125824274684,256,128,64,256,false
0,photo,80,13141898893215973617,256,128,64,256,false
0,photo,81,8092808273649613669,256,128,64,256,false
0,photo,82,13295289794574834636,256,128,64,256,false
0,photo,83,13583442543516235083,256,128,64,256,false
0,photo,84,2211909786552038250,256,128,64,256,false
0,photo,85,15252454992926897016,256,128,64,256,false
0,photo,86,168776009871658393,256,128,64,256,false
0,photo,87,10990143082737943572,256,128,64,256,false
0,photo,88,901774511198930109,256,128,64,256,false
0,photo,89,9107984933313123381,256,128,64,256,false
0,photo,90,11395164062840876402,256,128,64,256,false
0,photo,91,966893383558250429,256,128,64,256,false
0,photo,92,3178304965087926422,256,128,64,256,false
0,photo,93,13842393539713126477,256,128,64,256,false
0,photo,94,7176840052826296047,256,128,64,256,false
0,photo,95,8996968857120245478,256,128,64,256,false
0,photo,96,2620817153465790704,256,128,64,256,false
0,photo,97,4388657471996141967,256,128,64,256,false
0,photo,98,6035889322916372828,256,128,64,256,false
0,photo,99,14415171724200284558,256,128,64,256,false
0,sketch,0,6635336278595761720,256,128,64,256,true
0,sketch,1,14362305944298933102,256,128,64,256,false
0,sketch,2,6051208690787564805,256,128,64,256,false
0,sketch,3,12073291795655462598,256,128,64,256,false
0,sketch,4,12398290392505699883,256,128,64,256,false
0,sketch,5,2106426520713713723,256,128,64,256,false
0,sketch,6,12075648297232480283,256,128,64,256,false
0,sketch,7,15850906672877112292,256,128,64,256,false
0,sketch,8,3220549633268885741,256,128,64,256,false
0,sketch,9,17620531354112281211,256,128,64,256,false
0,sketch,10,11120662473561089599,256,128,64,256,false
0,sketch,11,13623902834432864531,256,128,64,256,false
0,sketch,12,11896847990176317118,256,128,64,256,false
0,sketch,13,10667069533260320533,256,128,64,256,false
0,sketch,14,5918445131013448972,256,128,64,256,false
0,sketch,15,10368360295635472618,256,128,64,256,false
0,sketch,16,4959978811708223453,256,128,64,256,false
0,sketch,17,12794144905726518145,256,128,64,256,false
0,sketch,18,16947463593631113035,256,128,64,256,false
0,sketch,19,7989501968906195458,256,128,64,256,false
0,sketch,20,16061323824874230511,256,128,64,256,false
0,sketch,21,15323016230229860430,256,128,64,256,false
0,sketch,22,8190199782982586982,256,128,64,256,false
0,sketch,23,11920277591676126967,256,128,64,256,false
0,sketch,24,10394567218043985762,256,128,64,256,false
0,sketch,25,5304371312236680227,256,128,64,256,false
0,sketch,26,12832016891955364430,256,128,64,256,false
0,sketch,27,4345151814495408893,256,128,64,256,false
0,sketch,28,7600232194880119801,256,128,64,256,false
0,sketch,29,1201601875870531284,256,128,64,256,false
0,sketch,30,7439257132692921059,256,128,64,256,false
0,sketch,31,5296740291219891968,256,128,64,256,false
0,sketch,32,979927878277993033,256,128,64,256,false
0,sketch,33,14780812416116506504,256,128,64,256,false
0,sketch,34,3912759632051240223,256,128,64,256,false
0,sketch,35,15399160373534989219,256,128,64,256,false
0,sketch,36,703679673240018718,256,128,64,256,false
0,sketch,37,17311426703548503183,256,128,64,256,false
0,sketch,38,479160818579297303,256,128,64,256,false
0,sketch,39,706344348881335762,256,128,64,256,false
0,sketch,40,998841525839830496,256,128,64,256,false
0,sketch,41,16647718976628868896,256,128,64,256,false
0,sketch,42,1136143546838627872,256,128,64,256,false
0,sketch,43,15122992996599981781,256,128,64,256,false
0,sketch,44,18384841435427436464,256,128,64,256,false
0,sketch,45,5377547303265831156,256,128,64,256,false
0,sketch,46,5336473231215143293,256,128,64,256,false
0,sketch,47,7390055272797377004,256,128,64,256,false
0,sketch,48,15463687378111960789,256,128,64,256,false
0,sketch,49,16511999779779337427,256,128,64,256,false
0,sketch,50,4083228430461971688,256,128,64,256,false
0,sketch,51,2307181105607497899,256,128,64,256,false
0,sketch,52,7181589192634582658,256,128,64,256,false
0,sketch,53,14533042329576509997,256,128,64,256,false
0,sketch,54,12936859657584749489,256,128,64,256,false
0,sketch,55,11416103305543235646,256,128,64,256,false
0,sketch,56,9527439657325520182,256,128,64,256,false
0,sketch,57,8399943065605184646,256,128,64,256,false
0,sketch,58,10337546571613890207,256,128,64,256,false
0,sketch,59,14011656064128601292,256,128,64,256,false
0,sketch,60,1606600730163965993,256,128,64,256,false
0,sketch,61,4921299707996708244,256,128,64,256,false
0,sketch,62,12323250542450200113,256,128,64,256,false
0,sketch,63,10682019941238719716,256,128,64,256,false
0,sketch,64,2866655260142940922,256,128,64,256,false
0,sketch,65,11609822402713112713,256,128,64,256,false
0,sketch,66,15690702958441281962,256,128,64,256,false
0,sketch,67,9257036119416857436,256,128,64,256,false
0,sketch,68,1962150147953320728,256,128,64,256,false
0,sketch,69,3351764086885985183,256,128,64,256,false
0,sketch,70,13104051915996482879,256,128,64,256,false
0,sketch,71,142672694778738966,256,128,64,256,false
0,sketch,72,2045738598056821991,256,128,64,256,false
0,sketch,73,11451028549950624495,256,128,64,256,false
0,sketch,74,15683625975908495128,256,128,64,256,false
0,sketch,75,10160969066067746480,256,128,64,256,false
0,sketch,76,6373496523102117273,256,128,64,256,false
0,sketch,77,5413392534834091520,256,128,64,256,false
0,sketch,78,14566323683562621586,256,128,64,256,false
0,sketch,79,12475223658348711181,256,128,64,256,false
0,sketch,80,13347888204993612527,256,128,64,256,false
0,sketch,81,16559762207692382948,256,128,64,256,false
0,sketch,82,10346826658162391960,256,128,64,256,false
0,sketch,83,6639118896798346785,256,128,64,256,false
0,sketch,84,4362468065999049645,256,128,64,256,false
0,sketch,85,703735555553751314,256,128,64,256,false
0,sketch,86,8659722492097388319,256,128,64,256,false
0,sketch,87,4288885551976943384,256,128,64,256,false
0,sketch,88,8661234889597496248,256,128,64,256,false
0,sketch,89,1410084591729439959,256,128,64,256,false
0,sketch,90,5210180010086008163,256,128,64,256,false
0,sketch,91,4709372995560982743,256,128,64,256,false
0,sketch,92,18356914003954952069,256,128,64,256,false
0,sketch,93,15531908135257615744,256,128,64,256,false
0,sketch,94,16362180017489317105,256,128,64,256,false
0,sketch,95,2893895255080314973,256,128,64,256,false
0,sketch,96,18425325124339665723,256,128,64,256,false
0,sketch,97,2537007898645903066,256,128,64,256,false
0,sketch,98,15129120164262982121,256,128,64,256,false
0,sketch,99,13992466178537850994,256,128,64,256,false
1,art_painting,0,13785821195668613957,256,128,64,256,true
1,art_painting,1,3931733623193759929,256,128,64,256,false
1,art_painting,2,9064639822142714153,256,128,64,256,false
1,art_painting,3,12748009904231295849,256,128,64,256,false
1,art_painting,4,3037556335066059281,256,128,64,256,false
1,art_painting,5,15532475126535900815,256,128,64,256,false
1,art_painting,6,1008246571655714157,256,128,64,256,false
1,art_painting,7,12504612186319631438,256,128,64,256,false
1,art_painting,8,9327927905441183703,256,128,64,256,false
1,art_painting,9,5943028370661704377,256,128,64,256,false
1,art_painting,10,15658792416636685585,256,128,64,256,false
1,art_painting,11,934510019326361808,256,128,64,256,false
1,art_painting,12,11023053562228985121,256,128,64,256,false
1,art_painting,13,17762308624106045346,256,128,64,256,false
1,art_painting,14,18031681226610588722,256,128,64,256,false
1,art_painting,15,1921540870202085470,256,128,64,256,false
1,art_painting,16,18177599749956055444,256,128,64,256,false
1,art_painting,17,4232090743325610434,256,128,64,256,false
1,art_painting,18,10139719874776309380,256,128,64,256,false
1,art_painting,19,4395131753325876319,256,128,64,256,false
1,art_painting,20,3798947119108183680,256,128,64,256,false
1,art_painting,21,17675366986821845098,256,128,64,256,false
1,art_painting,22,12503923395838400121,256,128,64,256,false
1,art_painting,23,1734360817843342543,256,128,64,256,false
1,art_painting,24,6932469282727785596,256,128,64,256,false
1,art_painting,25,6612212618000615610,256,128,64,256,false
1,art_painting,26,8745070443721041301,256,128,64,256,false
1,art_painting,27,876431561029696095,256,128,64,256,false
1,art_painting,28,11327661383725855526,256,128,64,256,false
1,art_painting,29,10306873169275727498,256,128,64,256,false
1,art_painting,30,16558828703018137016,256,128,64,256,false
1,art_painting,31,16082011502919654785,256,128,64,256,false
1,art_painting,32,7677579626407513007,256,128,64,256,false
1,art_painting,33,15393201774054959605,256,128,64,256,false
1,art_painting,34,9589184840897864032,256,128,64,256,false
1,art_painting,35,214312782677971008,256,128,64,256,false
1,art_painting,36,10439994329685052072,256,128,64,256,false
1,art_painting,37,299979114594818683,256,128,64,256,false
1,art_painting,38,8794173431547431217,256,128,64,256,false
1,art_painting,39,3473991723252858291,256,128,64,256,false
1,art_painting,40,14338693916161519387,256,128,64,256,false
1,art_painting,41,4612645468241936973,256,128,64,256,false
1,art_painting,42,37995763991121734,256,128,64,256,false
1,art_painting,43,10882977574750933597,256,128,64,256,false
1,art_painting,44,17832296141430749696,256,128,64,256,false
1,art_painting,45,9552619144026733648,256,128,64,256,false
1,art_painting,46,10116046485591753286,256,128,64,256,false
1,art_painting,47,8028472401103489217,256,128,64,256,false
1,art_painting,48,1780661434713279423,256,128,64,256,false
1,art_painting,49,18232750980568443929,256,128,64,256,false
1,art_painting,50,2261832116059757099,256,128,64,256,false
1,art_painting,51,13391664901982193189,256,128,64,256,false
1,art_painting,52,2427435379877661296,256,128,64,256,false
1,art_painting,53,15880646703003618034,256,128,64,256,false
1,art_painting,54,10471523415346293366,256,128,64,256,false
1,art_painting,55,7711678334712754977,256,128,64,256,false
1,art_painting,56,15710654931790967426,256,128,64,256,false
1,art_painting,57,5613782903304764118,256,128,64,256,false
1,art_painting,58,5900843364712441212,256,128,64,256,false
1,art_painting,59,10139027198977161177,256,128,64,256,false
1,art_painting,60,6788773611839842012,256,128,64,256,false
1,art_painting,61,14610366163166490731,256,128,64,256,false
1,art_painting,62,7758306469068951260,256,128,64,256,false
1,art_painting,63,15045549385051926870,256,128,64,256,false
1,art_painting,64,16603516780087700896,256,128,64,256,false
1,art_painting,65,12685262244811506947,256,128,64,256,false
1,art_painting,66,2391459572294984240,256,128,64,256,false
1,art_painting,67,14562846376932593783,256,128,64,256,false
1,art_painting,68,13988895382179342963,256,128,64,256,false
1,art_painting,69,4261474620929528232,256,128,64,256,false
1,art_painting,70,10003304325433816210,256,128,64,256,false
1,art_painting,71,15995201416880049612,256,128,64,256,false
1,art_painting,72,10797924094649021171,256,128,64,256,false
1,art_painting,73,10254035670019798912,256,128,64,256,false
1,art_painting,74,15600540890951735759,256,128,64,256,false
1,art_painting,75,15231585276646542806,256,128,64,256,false
1,art_painting,76,14200565455144600545,256,128,64,256,false
1,art_painting,77,1253818077929980917,256,128,64,256,false
1,art_painting,78,3872071691625877114,256,128,64,256,false
1,art_painting,79,9759156421756648515,256,128,64,256,false
1,art_painting,80,443446530498337318,256,128,64,256,false
1,art_painting,81,9618816888629828951,256,128,64,256,false
1,art_painting,82,7347179929828469645,256,128,64,256,false
1,art_painting,83,12554186683457221238,256,128,64,256,false
1,art_painting,84,4807023949773722643,256,128,64,256,false
1,art_painting,85,652863726817341705,256,128,64,256,false
1,art_painting,86,111406044234600118,256,128,64,256,false
1,art_painting,87,8173915518747461401,256,128,64,256,false
1,art_painting,88,12905644450559938105,256,128,64,256,false
1,art_painting,89,4029273947867296366,256,128,64,256,false
1,art_painting,90,5287744798592680855,256,128,64,256,false
1,art_painting,91,11038932833812663956,256,128,64,256,false
1,art_painting,92,14856017239405634916,256,128,64,256,false
1,art_painting,93,16725632187805609489,256,128,64,256,false
1,art_painting,94,2167925450744835803,256,128,64,256,false
1,art_painting,95,6673321285645550257,256,128,64,256,false
1,art_painting,96,10078205594879143997,256,128,64,256,false
1,art_painting,97,1303422890046047110,256,128,64,256,false
1,art_painting,98,2347294972533373731,256,128,64,256,false
1,art_painting,99,11318612049283822559,256,128,64,256,false
1,cartoon,0,13588349329438484070,256,128,64,256,true
1,cartoon,1,4728209510478419573,256,128,64,256,false
1,cartoon,2,10307342573701163227,256,128,64,256,false
1,cartoon,3,1358864340084305065,256,128,64,256,false
1,cartoon,4,5541787060215079868,256,128,64,256,false
1,cartoon,5,5418491074581089255,256,128,64,256,false
1,cartoon,6,458157027918647095,256,128,64,256,false
1,cartoon,7,5916997091914231687,256,128,64,256,false
1,cartoon,8,867469324850064626,256,128,64,256,false
1,cartoon,9,12542285213077922291,256,128,64,256,false
1,cartoon,10,1254706261689231337,256,128,64,256,false
1,cartoon,11,11856912399261313575,256,128,64,256,false
1,cartoon,12,15352648403766881322,256,128,64,256,false
1,cartoon,13,5668670717873178114,256,128,64,256,false
1,cartoon,14,4825297135544356121,256,128,64,256,false
1,cartoon,15,17286201362557837098,256,128,64,256,false
1,cartoon,16,12117338095253897309,256,128,64,256,false
1,cartoon,17,10748584265609094198,256,128,64,256,false
1,cartoon,18,15147858980581020327,256,128,64,256,false
1,cartoon,19,6272456966072628450,256,128,64,256,false
1,cartoon,20,6464708646480388620,256,128,64,256,false
1,cartoon,21,8912539225156879582,256,128,64,256,false
1,cartoon,22,13426321255167433989,256,128,64,256,false
1,cartoon,23,15604440728339949315,256,128,64,256,false
1,cartoon,24,12122777800589105986,256,128,64,256,false
1,cartoon,25,5229520884133381067,256,128,64,256,false
1,cartoon,26,13223285182155975221,256,128,64,256,false
1,cartoon,27,11292381602198343598,256,128,64,256,false
1,cartoon,28,3800523430821210024,256,128,64,256,false
1,cartoon,29,5339099781781921958,256,128,64,256,false
1,cartoon,30,11035114953344335289,256,128,64,256,false
1,cartoon,31,14605524360093829757,256,128,64,256,false
1,cartoon,32,2007516466563460348,256,128,64,256,false
1,cartoon,33,14524725467338952721,256,128,64,256,false
1,cartoon,34,1323322511087658303,256,128,64,256,false
1,cartoon,35,14687704386812433137,256,128,64,256,false
1,cartoon,36,8791184996894363658,256,128,64,256,false
1,cartoon,37,14584914938404032959,256,128,64,256,false
1,cartoon,38,15453689718072315328,256,128,64,256,false
1,cartoon,39,8712545206766573441,256,128,64,256,false
1,cartoon,40,11977781184033873593,256,128,64,256,false
1,cartoon,41,2467521950613773621,256,128,64,256,false
1,cartoon,42,9602331580244382346,256,128,64,256,false
1,cartoon,43,7714262597459004367,256,128,64,256,false
1,cartoon,44,12237889956499898546,256,128,64,256,false
1,cartoon,45,14600978967147713693,256,128,64,256,false
1,cartoon,46,14283492812526615279,256,128,64,256,false
1,cartoon,47,12390121056265052329,256,128,64,256,false
1,cartoon,48,13167641519343395127,256,128,64,256,false
1,cartoon,49,13669202336452160106,256,128,64,256,false
1,cartoon,50,10344034251039062408,256,128,64,256,false
1,cartoon,51,206304510363844879,256,128,64,256,false
1,cartoon,52,1651845317456493833,256,128,64,256,false
1,cartoon,53,14457519397320055080,256,128,64,256,false
1,cartoon,54,11860996994079885719,256,128,64,256,false
1,cartoon,55,233876997942251927,256,128,64,256,false
1,cartoon,56,17467628215702340444,256,128,64,256,false
1,cartoon,57,12308329619354011999,256,128,64,256,false
1,cartoon,58,11584697509633815157,256,128,64,256,false
1,cartoon,59,9443001319748288515,256,128,64,256,false
1,cartoon,60,11132580334753638111,256,128,64,256,false
1,cartoon,61,4187797443238389882,256,128,64,256,false
1,cartoon,62,4503806351426588094,256,128,64,256,false
1,cartoon,63,3772208024725026183,256,128,64,256,false
1,cartoon,64,1550931000325265767,256,128,64,256,false
1,cartoon,65,17511197829137055838,256,128,64,256,false
1,cartoon,66,13807896295049483371,256,128,64,256,false
1,cartoon,67,10584559128964551719,256,128,64,256,false
1,cartoon,68,10877799017547060827,256,128,64,256,false
1,cartoon,69,1446647040073302741,256,128,64,256,false
1,cartoon,70,5516084937382018505,256,128,64,256,false
1,cartoon,71,6124565700619297417,256,128,64,256,false
1,cartoon,72,16587727873112856089,256,128,64,256,false
1,cartoon,73,5736431305664719553,256,128,64,256,false
1,cartoon,74,4777224326425882856,256,128,64,256,false
1,cartoon,75,18370600474836692034,256,128,64,256,false
1,cartoon,76,12044650615100142673,256,128,64,256,false
1,cartoon,77,1853782734292543514,256,128,64,256,false
1,cartoon,78,15408483094119910700,256,128,64,256,false
1,cartoon,79,8127545055943424289,256,128,64,256,false
1,cartoon,80,13075753323379904826,256,128,64,256,false
1,cartoon,81,9922595998781895352,256,128,64,256,false
1,cartoon,82,2305574695946615015,256,128,64,256,false
1,cartoon,83,12233027406562532316,256,128,64,256,false
1,cartoon,84,12067984025213702404,256,128,64,256,false
1,cartoon,85,4397045935369045687,256,128,64,256,false
1,cartoon,86,1677312569129353475,256,128,64,256,false
1,cartoon,87,324616926501977186,256,128,64,256,false
1,cartoon,88,6414281714813548562,256,128,64,256,false
1,cartoon,89,1379139183745960480,256,128,64,256,false
1,cartoon,90,7452423835079521509,256,128,64,256,false
1,cartoon,91,2575032273633250601,256,128,64,256,false
1,cartoon,92,6650431029934881257,256,128,64,256,false
1,cartoon,93,18007577625447349197,256,128,64,256,false
1,cartoon,94,1621387161956934066,256,128,64,256,false
1,cartoon,95,8308944422911658787,256,128,64,256,false
1,cartoon,96,12109555730100324817,256,128,64,256,false
1,cartoon,97,15756080192569494835,256,128,64,256,false
1,cartoon,98,3392951306901412787,256,128,64,256,false
1,cartoon,99,10237534194700514208,256,128,64,256,false
1,photo,0,6465988766684114629,256,128,64,256,true
1,photo,1,17507324830037850112,256,128,64,256,false
1,photo,2,17725721849853014984,256,128,64,256,false
1,photo,3,12672409701406245064,256,128,64,256,false
1,photo,4,216430362627042094,256,128,64,256,false
1,photo,5,4222696341026919101,256,128,64,256,false
1,photo,6,7180377850978811334,256,128,64,256,false
1,photo,7,10583029849326093612,256,128,64,256,false
1,photo,8,17001267356709908636,256,128,64,256,false
1,photo,9,10626698602116260797,256,128,64,256,false
1,photo,10,5840681162340019937,256,128,64,256,false
1,photo,11,18378829135660259125,256,128,64,256,false
1,photo,12,14478764182755783577,256,128,64,256,false
1,photo,13,8736496815214775544,256,128,64,256,false
1,photo,14,3391594191696570075,256,128,64,256,false
1,photo,15,7880661894347469593,256,128,64,256,false
1,photo,16,12708408628553008302,256,128,64,256,false
1,photo,17,6795979225897702713,256,128,64,256,false
1,photo,18,2430414561822711515,256,128,64,256,false
1,photo,19,18001624211693909091,256,128,64,256,false
1,photo,20,13224722898448939968,256,128,64,256,false
1,photo,21,4845093366748476525,256,128,64,256,false
1,photo,22,5217764685500374278,256,128,64,256,false
1,photo,23,8473041481178326719,256,128,64,256,false
1,photo,24,13569131417794269641,256,128,64,256,false
1,photo,25,17372826374742891831,256,128,64,256,false
1,photo,26,7346174355986697840,256,128,64,256,false
1,photo,27,7185742973411987412,256,128,64,256,false
1,photo,28,11224926596189190115,256,128,64,256,false
1,photo,29,15159960261015302407,256,128,64,256,false
1,photo,30,15234601808813436953,256,128,64,256,false
1,photo,31,14496300764422870048,256,128,64,256,false
1,photo,32,9675889993767339553,256,128,64,256,false
1,photo,33,973293607416672516,256,128,64,256,false
1,photo,34,13794171336719398300,256,128,64,256,false
1,photo,35,10044308312430015340,256,128,64,256,false
1,photo,36,2408954549128553600,256,128,64,256,false
1,photo,37,11520851967374621681,256,128,64,256,false
1,photo,38,14724290500837898219,256,128,64,256,false
1,photo,39,9743191010230924646,256,128,64,256,false
1,photo,40,9115582222646605213,256,128,64,256,false
1,photo,41,8814140060659301139,256,128,64,256,false
1,photo,42,10842824786473715688,256,128,64,256,false
1,photo,43,1144269487509280878,256,128,64,256,false
1,photo,44,636241106286662625,256,128,64,256,false
1,photo,45,12826711243847218954,256,128,64,256,false
1,photo,46,5512452739615260454,256,128,64,256,false
1,photo,47,1435558497394049829,256,128,64,256,false
1,photo,48,10091037964509291091,256,128,64,256,false
1,photo,49,13950847121026526796,256,128,64,256,false
1,photo,50,6195218661811059522,256,128,64,256,false
1,photo,51,13584504573425532264,256,128,64,256,false
1,photo,52,1338705647416238765,256,128,64,256,false
1,photo,53,16356401938503561159,256,128,64,256,false
1,photo,54,4997775074616297073,256,128,64,256,false
1,photo,55,9584725585193685879,256,128,64,256,false
1,photo,56,7583812539956060454,256,128,64,256,false
1,photo,57,7083861128028374861,256,128,64,256,false
1,photo,58,13574063041955660623,256,128,64,256,false
1,photo,59,14097763872974310604,256,128,64,256,false
1,photo,60,12746178723904462958,256,128,64,256,false
1,photo,61,14755776757085016788,256,128,64,256,false
1,photo,62,18001263662546921566,256,128,64,256,false
1,photo,63,5024089891342229037,256,128,64,256,false
1,photo,64,2084050021670612714,256,128,64,256,false
1,photo,65,4361360090951931548,256,128,64,256,false
1,photo,66,16447990121863608196,256,128,64,256,false
1,photo,67,15008728473160554108,256,128,64,256,false
1,photo,68,2319078069230930779,256,128,64,256,false
1,photo,69,3405958350690472932,256,128,64,256,false
1,photo,70,4397301875414275882,256,128,64,256,false
1,photo,71,6961754770688740972,256,128,64,256,false
1,photo,72,10509363755223053769,256,128,64,256,false
1,photo,73,9612580623436484436,256,128,64,256,false
1,photo,74,67073016072019672,256,128,64,256,false
1,photo,75,5834382124244212931,256,128,64,256,false
1,photo,76,7049987923956714832,256,128,64,256,false
1,photo,77,8243563913402317554,256,128,64,256,false
1,photo,78,15438833576246432724,256,128,64,256,false
1,photo,79,6897214261141423079,256,128,64,256,false
1,photo,80,2406820219910083938,256,128,64,256,false
1,photo,81,3508490764653859042,256,128,64,256,false
1,photo,82,11498137243857896987,256,128,64,256,false
1,photo,83,11150288763109690635,256,128,64,256,false
1,photo,84,3010667550592163542,256,128,64,256,false
1,photo,85,9409747627081384403,256,128,64,256,false
1,photo,86,10307848867328419173,256,128,64,256,false
1,photo,87,11642310348697202081,256,128,64,256,false
1,photo,88,3573343096814768377,256,128,64,256,false
1,photo,89,16359741920128636620,256,128,64,256,false
1,photo,90,12808146238947865314,256,128,64,256,false
1,photo,91,4342453122472874422,256,128,64,256,false
1,photo,92,13702409208481799036,256,128,64,256,false
1,photo,93,16442292114044104565,256,128,64,256,false
1,photo,94,6659051589222996213,256,128,64,256,false
1,photo,95,16083071771561976795,256,128,64,256,false
1,photo,96,8257019279878594145,256,128,64,256,false
1,photo,97,17049018958889276602,256,128,64,256,false
1,photo,98,16221670489699156837,256,128,64,256,false
1,photo,99,1666268339530499146,256,128,64,256,false
1,sketch,0,4129490976484663857,256,128,64,256,true
1,sketch,1,8805462681768033640,256,128,64,256,false
1,sketch,2,4366269117296256352,256,128,64,256,false
1,sketch,3,5194531920110419064,256,128,64,256,false
1,sketch,4,15139905853351004369,256,128,64,256,false
1,sketch,5,2609227672554787773,256,128,64,256,false
1,sketch,6,5719419055995913703,256,128,64,256,false
1,sketch,7,459204352288124858,256,128,64,256,false
1,sketch,8,16536757705568825181,256,128,64,256,false
1,sketch,9,12344448502087712131,256,128,64,256,false
1,sketch,10,8240718613832563035,256,128,64,256,false
1,sketch,11,886592832231557511,256,128,64,256,false
1,sketch,12,2160009903270183117,256,128,64,256,false
1,sketch,13,420686618969608419,256,128,64,256,false
1,sketch,14,5141481563124226024,256,128,64,256,false
1,sketch,15,13588682732284747112,256,128,64,256,false
1,sketch,16,3893212049755008611,256,128,64,256,false
1,sketch,17,16462433502599542326,256,128,64,256,false
1,sketch,18,11750212693814151942,256,128,64,256,false
1,sketch,19,5954203247266283833,256,128,64,256,false
1,sketch,20,6511789752993804129,256,128,64,256,false
1,sketch,21,4652681283854898613,256,128,64,256,false
1,sketch,22,1899691640919831262,256,128,64,256,false
1,sketch,23,2171277582478429612,256,128,64,256,false
1,sketch,24,9435483983410745926,256,128,64,256,false
1,sketch,25,7436101000081680596,256,128,64,256,false
1,sketch,26,2410228030092300144,256,128,64,256,false
1,sketch,27,7463763184968030813,256,128,64,256,false
1,sketch,28,11614567484957366809,256,128,64,256,false
1,sketch,29,11477203423398398108,256,128,64,256,false
1,sketch,30,17845028765217129328,256,128,64,256,false
1,sketch,31,17564423412785797375,256,128,64,256,false
1,sketch,32,1936931995074726357,256,128,64,256,false
1,sketch,33,1961079607768557661,256,128,64,256,false
1,sketch,34,117775173238946623,256,128,64,256,false
1,sketch,35,10853483579944555840,256,128,64,256,false
1,sketch,36,2159286561281889175,256,128,64,256,false
1,sketch,37,16728354513409740273,256,128,64,256,false
1,sketch,38,16631128030397570438,256,128,64,256,false
1,sketch,39,16106822259100083021,256,128,64,256,false
1,sketch,40,16601297013214092092,256,128,64,256,false
1,sketch,41,1467605452491403531,256,128,64,256,false
1,sketch,42,9898677324178245976,256,128,64,256,false
1,sketch,43,4460974720512778907,256,128,64,256,false
1,sketch,44,1477782592126991369,256,128,64,256,false
1,sketch,45,4950300151320741300,256,128,64,256,false
1,sketch,46,12166019609789665214,256,128,64,256,false
1,sketch,47,606819343691674334,256,128,64,256,false
1,sketch,48,6123706754586149440,256,128,64,256,false
1,sketch,49,3354380145747731510,256,128,64,256,false
1,sketch,50,12973988321806632115,256,128,64,256,false
1,sketch,51,5827451394805263758,256,128,64,256,false
1,sketch,52,3553708144661175121,256,128,64,256,false
1,sketch,53,4169337638608719493,256,128,64,256,false
1,sketch,54,3250168538772707016,256,128,64,256,false
1,sketch,55,1467538061147020729,256,128,64,256,false
1,sketch,56,3414237916359494524,256,128,64,256,false
1,sketch,57,8463548315040537570,256,128,64,256,false
1,sketch,58,4555293276608520051,256,128,64,256,false
1,sketch,59,7487724687352683796,256,128,64,256,false
1,sketch,60,5131873849575176034,256,128,64,256,false
1,sketch,61,7753622382655941715,256,128,64,256,false
1,sketch,62,2825830096280183341,256,128,64,256,false
1,sketch,63,3051202378726674356,256,128,64,256,false
1,sketch,64,421676967912739354,256,128,64,256,false
1,sketch,65,9197833642504721276,256,128,64,256,false
1,sketch,66,4947184789220824730,256,128,64,256,false
1,sketch,67,9684599082959242695,256,128,64,256,false
1,sketch,68,17046093298390735285,256,128,64,256,false
1,sketch,69,12561032515794100793,256,128,64,256,false
1,sketch,70,3406957294973668604,256,128,64,256,false
1,sketch,71,5135438856007215211,256,128,64,256,false
1,sketch,72,6800618640218340187,256,128,64,256,false
1,sketch,73,8300031543236041019,256,128,64,256,false
1,sketch,74,16947419632637194462,256,128,64,256,false
1,sketch,75,11595730646878206130,256,128,64,256,false
1,sketch,76,13225013659566534559,256,128,64,256,false
1,sketch,77,11954582427235611608,256,128,64,256,false
1,sketch,78,16995575727389779973,256,128,64,256,false
1,sketch,79,6146023216286787089,256,128,64,256,false
1,sketch,80,7014809404662372066,256,128,64,256,false
1,sketch,81,5642442063258356246,256,128,64,256,false
1,sketch,82,3209466434617658527,256,128,64,256,false
1,sketch,83,17251943430861939435,256,128,64,256,false
1,sketch,84,13683600943915065718,256,128,64,256,false
1,sketch,85,12117667329492867582,256,128,64,256,false
1,sketch,86,15038731771227598390,256,128,64,256,false
1,sketch,87,5696863403027465043,256,128,64,256,false
1,sketch,88,5162769375600505354,256,128,64,256,false
1,sketch,89,17140524473815489937,256,128,64,256,false
1,sketch,90,12519766605338225577,256,128,64,256,false
1,sketch,91,8534009415033043208,256,128,64,256,false
1,sketch,92,10391744134208589293,256,128,64,256,false
1,sketch,93,15706904084588789196,256,128,64,256,false
1,sketch,94,5741645302753334551,256,128,64,256,false
1,sketch,95,2313235814717587804,256,128,64,256,false
1,sketch,96,10052984628048768201,256,128,64,256,false
1,sketch,97,2325073944601609692,256,128,64,256,false
1,sketch,98,6153330913756640652,256,128,64,256,false
1,sketch,99,16442249080288011,256,128,64,256,false
2,art_painting,0,13113089724129749049,256,128,64,256,true
2,art_painting,1,13777653869643161681,256,128,64,256,false
2,art_painting,2,13716571678904432207,256,128,64,256,false
2,art_painting,3,1167652943292929507,256,128,64,256,false
2,art_painting,4,14298734361820721110,256,128,64,256,false
2,art_painting,5,16119756948498763847,256,128,64,256,false
2,art_painting,6,18110133573386767207,256,128,64,256,false
2,art_painting,7,2533612433202975663,256,128,64,256,false
2,art_painting,8,5032827190057601109,256,128,64,256,false
2,art_painting,9,12339032588240692054,256,128,64,256,false
2,art_painting,10,344094872709497651,256,128,64,256,false
2,art_painting,11,13775675474606178190,256,128,64,256,false
2,art_painting,12,7983949414158509803,256,128,64,256,false
2,art_painting,13,6449424181746503038,256,128,64,256,false
2,art_painting,14,3893559396036964220,256,128,64,256,false
2,art_painting,15,7715080503211610239,256,128,64,256,false
2,art_painting,16,7543672885956745884,256,128,64,256,false
2,art_painting,17,8678199751301286850,256,128,64,256,false
2,art_painting,18,17240779779376244427,256,128,64,256,false
2,art_painting,19,5054768236943027495,256,128,64,256,false
2,art_painting,20,5283107793975502702,256,128,64,256,false
2,art_painting,21,12357339816020266845,256,128,64,256,false
2,art_painting,22,16959754593604920900,256,128,64,256,false
2,art_painting,23,10418401585051573455,256,128,64,256,false
2,art_painting,24,2718549894518809763,256,128,64,256,false
2,art_painting,25,15196865262554492445,256,128,64,256,false
2,art_painting,26,3592872784716731720,256,128,64,256,false
2,art_painting,27,15767210063384755298,256,128,64,256,false
2,art_painting,28,413281923475827934,256,128,64,256,false
2,art_painting,29,13113257026342268270,256,128,64,256,false
2,art_painting,30,4047818382010900552,256,128,64,256,false
2,art_painting,31,9208133445904161200,256,128,64,256,false
2,art_painting,32,5287338752891585132,256,128,64,256,false
2,art_painting,33,15547453152598957893,256,128,64,256,false
2,art_painting,34,15365440467935331526,256,128,64,256,false
2,art_painting,35,14439613065803975317,256,128,64,256,false
2,art_painting,36,11276113944893426529,256,128,64,256,false
2,art_painting,37,1885692329778127867,256,128,64,256,false
2,art_painting,38,5480832906557003038,256,128,64,256,false
2,art_painting,39,15452430416643346217,256,128,64,256,false
2,art_painting,40,6441022554955688115,256,128,64,256,false
2,art_painting,41,10742880232499251726,256,128,64,256,false
2,art_painting,42,18337582169598727244,256,128,64,256,false
2,art_painting,43,9632902840810058073,256,128,64,256,false
2,art_painting,44,12729765317437544336,256,128,64,256,false
2,art_painting,45,1218230972603567596,256,128,64,256,false
2,art_painting,46,14879844995093062626,256,128,64,256,false
2,art_painting,47,18276444111748559076,256,128,64,256,false
2,art_painting,48,10801257938199996682,256,128,64,256,false
2,art_painting,49,6217245122282109564,256,128,64,256,false
2,art_painting,50,10172763242358034580,256,128,64,256,false
2,art_painting,51,14093640077078582217,256,128,64,256,false
2,art_painting,52,17929551439619681421,256,128,64,256,false
2,art_painting,53,5194839292252333581,256,128,64,256,false
2,art_painting,54,10731582608904951929,256,128,64,256,false
2,art_painting,55,5420822737024412205,256,128,64,256,false
2,art_painting,56,2929999782492314825,256,128,64,256,false
2,art_painting,57,6813869153508933111,256,128,64,256,false
2,art_painting,58,17774572589808538401,256,128,64,256,false
2,art_painting,59,10059814143730643833,256,128,64,256,false
2,art_painting,60,17733600244470846745,256,128,64,256,false
2,art_painting,61,14206132170806891429,256,128,64,256,false
2,art_painting,62,17683756701018045349,256,128,64,256,false
2,art_painting,63,18350627247434158050,256,128,64,256,false
2,art_painting,64,8301379515258541909,256,128,64,256,false
2,art_painting,65,7870210751175262680,256,128,64,256,false
2,art_painting,66,14141115326573311531,256,128,64,256,false
2,art_painting,67,10410783701300094169,256,128,64,256,false
2,art_painting,68,1439145859510919014,256,128,64,256,false
2,art_painting,69,9971378450908172738,256,128,64,256,false
2,art_painting,70,6019258910120620853,256,128,64,256,false
2,art_painting,71,15540043839988825005,256,128,64,256,false
2,art_painting,72,2856912625299627819,256,128,64,256,false
2,art_painting,73,16479789594471340815,256,128,64,256,false
2,art_painting,74,11524344056881467280,256,128,64,256,false
2,art_painting,75,2436832076466673557,256,128,64,256,false
2,art_painting,76,13091814198418008236,256,128,64,256,false
2,art_painting,77,12879460130634761741,256,128,64,256,false
2,art_painting,78,10089085761775377850,256,128,64,256,false
2,art_painting,79,1795694337321578157,256,128,64,256,false
2,art_painting,80,926136661902569391,256,128,64,256,false
2,art_painting,81,7199991497430298063,256,128,64,256,false
2,art_painting,82,2892889513261213561,256,128,64,256,false
2,art_painting,83,11665977294772810785,256,128,64,256,false
2,art_painting,84,11926783812112862888,256,128,64,256,false
2,art_painting,85,6134180175309543991,256,128,64,256,false
2,art_painting,86,1580011062020735625,256,128,64,256,false
2,art_painting,87,10130880368341556014,256,128,64,256,false
2,art_painting,88,17836060548456978232,256,128,64,256,false
2,art_painting,89,9422859262520013858,256,128,64,256,false
2,art_painting,90,11350477240136224383,256,128,64,256,false
2,art_painting,91,6438529260051103708,256,128,64,256,false
2,art_painting,92,5572029661900431893,256,128,64,256,false
2,art_painting,93,7844503191890140596,256,128,64,256,false
2,art_painting,94,35257553841328090,256,128,64,256,false
2,art_painting,95,12598708020432812476,256,128,64,256,false
2,art_painting,96,14290324579232929956,256,128,64,256,false
2,art_painting,97,15539375374667367355,256,128,64,256,false
2,art_painting,98,15408825241741887803,256,128,64,256,false
2,art_painting,99,18336802115820909460,256,128,64,256,false
2,cartoon,0,16186828474704764645,256,128,64,256,true
2,cartoon,1,15568956671224680106,256,128,64,256,false
2,cartoon,2,12384089955293298975,256,128,64,256,false
2,cartoon,3,7835443987059144736,256,128,64,256,false
2,cartoon,4,6157386061124358377,256,128,64,256,false
2,cartoon,5,10448093849795805032,256,128,64,256,false
2,cartoon,6,11770847076705252621,256,128,64,256,false
2,cartoon,7,9507881706210680916,256,128,64,256,false
2,cartoon,8,16056478489376901893,256,128,64,256,false
2,cartoon,9,10671108918948530306,256,128,64,256,false
2,cartoon,10,264618875870100471,256,128,64,256,false
2,cartoon,11,11075735562588541916,256,128,64,256,false
2,cartoon,12,12283291451232392525,256,128,64,256,false
2,cartoon,13,5174546484364578985,256,128,64,256,false
2,cartoon,14,9582979200639883424,256,128,64,256,false
2,cartoon,15,13410349799942693240,256,128,64,256,false
2,cartoon,16,15733435300857734524,256,128,64,256,false
2,cartoon,17,4398759467093509377,256,128,64,256,false
2,cartoon,18,11227114433695742202,256,128,64,256,false
2,cartoon,19,11002497768032748289,256,128,64,256,false
2,cartoon,20,6791217802910538977,256,128,64,256,false
2,cartoon,21,13725990999184965621,256,128,64,256,false
2,cartoon,22,7791964030955709149,256,128,64,256,false
2,cartoon,23,5422332435134122187,256,128,64,256,false
2,cartoon,24,1233550271545466596,256,128,64,256,false
2,cartoon,25,9337154444397763815,256,128,64,256,false
2,cartoon,26,4390005314430738018,256,128,64,256,false
2,cartoon,27,15338713476608496259,256,128,64,256,false
2,cartoon,28,14703605950440914492,256,128,64,256,false
2,cartoon,29,4626451540530435673,256,128,64,256,false
2,cartoon,30,1724799060877087364,256,128,64,256,false
2,cartoon,31,3136049984517047001,256,128,64,256,false
2,cartoon,32,6389011064258751604,256,128,64,256,false
2,cartoon,33,16818604329312144034,256,128,64,256,false
2,cartoon,34,12919585504686569125,256,128,64,256,false
2,cartoon,35,10992285464180571927,256,128,64,256,false
2,cartoon,36,11870833100047562550,256,128,64,256,false
2,cartoon,37,963084146028512556,256,128,64,256,false
2,cartoon,38,14351885528133093723,256,128,64,256,false
2,cartoon,39,13698873388053045403,256,128,64,256,false
2,cartoon,40,17424722274188058853,256,128,64,256,false
2,cartoon,41,7208121490105309994,256,128,64,256,false
2,cartoon,42,15155983819957289403,256,128,64,256,false
2,cartoon,43,7602041199376638183,256,128,64,256,false
2,cartoon,44,7177690844350575111,256,128,64,256,false
2,cartoon,45,13511520155839782938,256,128,64,256,false
2,cartoon,46,1169019035221971737,256,128,64,256,false
2,cartoon,47,12744216138855878209,256,128,64,256,false
2,cartoon,48,9929973927505331038,256,128,64,256,false
2,cartoon,49,6248145388981280707,256,128,64,256,false
2,cartoon,50,6074695220753566074,256,128,64,256,false
2,cartoon,51,17006922605255699602,256,128,64,256,false
2,cartoon,52,1989410209205187974,256,128,64,256,false
2,cartoon,53,1017828105681793893,256,128,64,256,false
2,cartoon,54,17870537854908797503,256,128,64,256,false
2,cartoon,55,11993628238230742231,256,128,64,256,false
2,cartoon,56,11117697719508640666,256,128,64,256,false
2,cartoon,57,3053578546928160261,256,128,64,256,false
2,cartoon,58,5891979637757562237,256,128,64,256,false
2,cartoon,59,406305039464038988,256,128,64,256,false
2,cartoon,60,5230445642942060966,256,128,64,256,false
2,cartoon,61,13373359580591825631,256,128,64,256,false
2,cartoon,62,3596810162692459812,256,128,64,256,false
2,cartoon,63,9628464934972767029,256,128,64,256,false
2,cartoon,64,17904865928425720171,256,128,64,256,false
2,cartoon,65,4145495654984933122,256,128,64,256,false
2,cartoon,66,1172168778300739999,256,128,64,256,false
2,cartoon,67,13649381183588502893,256,128,64,256,false
2,cartoon,68,14675028338229728431,256,128,64,256,false
2,cartoon,69,623380726767682538,256,128,64,256,false
2,cartoon,70,7053246147926652747,256,128,64,256,false
2,cartoon,71,17631806003904312230,256,128,64,256,false
2,cartoon,72,10534918326789874972,256,128,64,256,false
2,cartoon,73,8541007742102204877,256,128,64,256,false
2,cartoon,74,16783552092558491488,256,128,64,256,false
2,cartoon,75,5148878789512099289,256,128,64,256,false
2,cartoon,76,15289435116589662155,256,128,64,256,false
2,cartoon,77,15612029736075301185,256,128,64,256,false
2,cartoon,78,693180871475413812,256,128,64,256,false
2,cartoon,79,14209505031878529979,256,128,64,256,false
2,cartoon,80,10489582342508452646,256,128,64,256,false
2,cartoon,81,5801066811834079049,256,128,64,256,false
2,cartoon,82,13182723914362116585,256,128,64,256,false
2,cartoon,83,3224017852655179759,256,128,64,256,false
2,cartoon,84,11488854872219859721,256,128,64,256,false
2,cartoon,85,15312607208255834646,256,128,64,256,false
2,cartoon,86,4491714726935931332,256,128,64,256,false
2,cartoon,87,13666638251413969432,256,128,64,256,false
2,cartoon,88,7425618422314677128,256,128,64,256,false
2,cartoon,89,1227399310996402659,256,128,64,256,false
2,cartoon,90,10212322345132960339,256,128,64,256,false
2,cartoon,91,11840077341264213615,256,128,64,256,false
2,cartoon,92,15883947144458281654,256,128,64,256,false
2,cartoon,93,13502232631170431225,256,128,64,256,false
2,cartoon,94,580361410568877763,256,128,64,256,false
2,cartoon,95,12640131005318113234,256,128,64,256,false
2,cartoon,96,12015992337485069448,256,128,64,256,false
2,cartoon,97,6672858124294363769,256,128,64,256,false
2,cartoon,98,9575825457076441525,256,128,64,256,false
2,cartoon,99,11097598415735726944,256,128,64,256,false
2,photo,0,2194064642992776516,256,128,64,256,true
2,photo,1,4117881437836719760,256,128,64,256,false
2,photo,2,5630730797783519752,256,128,64,256,false
2,photo,3,9421263830931025809,256,128,64,256,false
2,photo,4,15178850204113683894,256,128,64,256,false
2,photo,5,2686257360770979432,256,128,64,256,false
2,photo,6,2687026551571094075,256,128,64,256,false
2,photo,7,7029586874593768216,256,128,64,256,false
2,photo,8,876713907062454393,256,128,64,256,false
2,photo,9,5301872524239403860,256,128,64,256,false
2,photo,10,236311535751168272,256,128,64,256,false
2,photo,11,11308730240964316682,256,128,64,256,false
2,photo,12,14126234179615020401,256,128,64,256,false
2,photo,13,17843068897366958017,256,128,64,256,false
2,photo,14,250973087080851035,256,128,64,256,false
2,photo,15,7882141739800926317,256,128,64,256,false
2,photo,16,16244881847004929138,256,128,64,256,false
2,photo,17,980179870878351632,256,128,64,256,false
2,photo,18,11781161291351587331,256,128,64,256,false
2,photo,19,1373966434178516475,256,128,64,256,false
2,photo,20,1213493365028960946,256,128,64,256,false
2,photo,21,9572480679600687839,256,128,64,256,false
2,photo,22,6666821164262192548,256,128,64,256,false
2,photo,23,14174353831412054292,256,128,64,256,false
2,photo,24,2684385149583582161,256,128,64,256,false
2,photo,25,122086782714822161,256,128,64,256,false
2,photo,26,1990051414504981647,256,128,64,256,false
2,photo,27,12378922556997014787,256,128,64,256,false
2,photo,28,11933054800955661180,256,128,64,256,false
2,photo,29,13496706075783615180,256,128,64,256,false
2,photo,30,11642079000563669263,256,128,64,256,false
2,photo,31,4204837862309084004,256,128,64,256,false
2,photo,32,7925603191247916688,256,128,64,256,false
2,photo,33,8706659315155961559,256,128,64,256,false
2,photo,34,12519903003043850168,256,128,64,256,false
2,photo,35,163499754896767984,256,128,64,256,false
2,photo,36,3758559684765173669,256,128,64,256,false
2,photo,37,11810186051896389298,256,128,64,256,false
2,photo,38,13889560490586426309,256,128,64,256,false
2,photo,39,10215377162095304649,256,128,64,256,false
2,photo,40,11248351445425451347,256,128,64,256,false
2,photo,41,3248404703438352238,256,128,64,256,false
2,photo,42,15099480259961537249,256,128,64,256,false
2,photo,43,14269162135787710407,256,128,64,256,false
2,photo,44,14987694017814854573,256,128,64,256,false
2,photo,45,12855849819213267426,256,128,64,256,false
2,photo,46,11522653869566333780,256,128,64,256,false
2,photo,47,7108633171301937890,256,128,64,256,false
2,photo,48,17639672038734701389,256,128,64,256,false
2,photo,49,9048405000944668434,256,128,64,256,false
2,photo,50,13935293957703550297,256,128,64,256,false
2,photo,51,11249700572685124207,256,128,64,256,false
2,photo,52,7587049020320249668,256,128,64,256,false
2,photo,53,5590972722129224575,256,128,64,256,false
2,photo,54,4735726505920495809,256,128,64,256,false
2,photo,55,3963149473068370054,256,128,64,256,false
2,photo,56,18055334463828852623,256,128,64,256,false
2,photo,57,12913328689590827986,256,128,64,256,false
2,photo,58,4350561720073024700,256,128,64,256,false
2,photo,59,1023924625037494326,256,128,64,256,false
2,photo,60,6589872628104011883,256,128,64,256,false
2,photo,61,11990965553059586278,256,128,64,256,false
2,photo,62,17616187867448572945,256,128,64,256,false
2,photo,63,17741177286605294505,256,128,64,256,false
2,photo,64,10307579976308851671,256,128,64,256,false
2,photo,65,12475611739750931345,256,128,64,256,false
2,photo,66,11470537178807490102,256,128,64,256,false
2,photo,67,8806204742385479135,256,128,64,256,false
2,photo,68,3711882932394233696,256,128,64,256,false
2,photo,69,424134619971808699,256,128,64,256,false
2,photo,70,17989363223409338510,256,128,64,256,false
2,photo,71,16921441684986190191,256,128,64,256,false
2,photo,72,6227116694693824668,256,128,64,256,false
2,photo,73,12263158851922949789,256,128,64,256,false
2,photo,74,10178892360166624265,256,128,64,256,false
2,photo,75,2166594677374470113,256,128,64,256,false
2,photo,76,2392256682684993223,256,128,64,256,false
2,photo,77,15737425504674215552,256,128,64,256,false
2,photo,78,7099013753228836212,256,128,64,256,false
2,photo,79,11393538704854848914,256,128,64,256,false
2,photo,80,2697287212690859426,256,128,64,256,false
2,photo,81,4602280520872874047,256,128,64,256,false
2,photo,82,6568779887698588571,256,128,64,256,false
2,photo,83,8273466645994328943,256,128,64,256,false
2,photo,84,9949950836758076881,256,128,64,256,false
2,photo,85,7385171186566630089,256,128,64,256,false
2,photo,86,17367509199082288280,256,128,64,256,false
2,photo,87,14457724236389803281,256,128,64,256,false
2,photo,88,15891451411190209513,256,128,64,256,false
2,photo,89,13686437462814325237,256,128,64,256,false
2,photo,90,11331482648496161278,256,128,64,256,false
2,photo,91,8463187075630214204,256,128,64,256,false
2,photo,92,1741643686584396481,256,128,64,256,false
2,photo,93,10177620549042193336,256,128,64,256,false
2,photo,94,9727563803331393916,256,128,64,256,false
2,photo,95,10617337848192135488,256,128,64,256,false
2,photo,96,8474284283493629167,256,128,64,256,false
2,photo,97,2579256447753174005,256,128,64,256,false
2,photo,98,12064583486666863462,256,128,64,256,false
2,photo,99,11448561863817254801,256,128,64,256,false
2,sketch,0,7784999562942035055,256,128,64,256,true
2,sketch,1,4832900927318460280,256,128,64,256,false
2,sketch,2,7358653134324534756,256,128,64,256,false
2,sketch,3,16233496013992791585,256,128,64,256,false
2,sketch,4,6319820165544779380,256,128,64,256,false
2,sketch,5,16116595765387849808,256,128,64,256,false
2,sketch,6,17674500670982517300,256,128,64,256,false
2,sketch,7,15481115478415968084,256,128,64,256,false
2,sketch,8,18445830191104557483,256,128,64,256,false
2,sketch,9,13072630873680538355,256,128,64,256,false
2,sketch,10,16096181601726272911,256,128,64,256,false
2,sketch,11,11021042668673778649,256,128,64,256,false
2,sketch,12,10091343209266051848,256,128,64,256,false
2,sketch,13,5264607675851450041,256,128,64,256,false
2,sketch,14,9342419636159842283,256,128,64,256,false
2,sketch,15,3265112918998640912,256,128,64,256,false
2,sketch,16,4419133605118764394,256,128,64,256,false
2,sketch,17,7247025261381130793,256,128,64,256,false
2,sketch,18,6396426585470474842,256,128,64,256,false
2,sketch,19,16039910599721981622,256,128,64,256,false
2,sketch,20,2689858591582573914,256,128,64,256,false
2,sketch,21,5951432168387397195,256,128,64,256,false
2,sketch,22,18424445725681024836,256,128,64,256,false
2,sketch,23,10043878102271835530,256,128,64,256,false
2,sketch,24,18390849597067056339,256,128,64,256,false
2,sketch,25,17614274988599263753,256,128,64,256,false
2,sketch,26,12108653578456825718,256,128,64,256,false
2,sketch,27,8508807812610357779,256,128,64,256,false
2,sketch,28,7360204535339383357,256,128,64,256,false
2,sketch,29,11015651096872106567,256,128,64,256,false
2,sketch,30,2954109080442357117,256,128,64,256,false
2,sketch,31,2982453184217737319,256,128,64,256,false
2,sketch,32,15910390444399478123,256,128,64,256,false
2,sketch,33,9919508615179914628,256,128,64,256,false
2,sketch,34,7924809560867916900,256,128,64,256,false
2,sketch,35,7274643127052985940,256,128,64,256,false
2,sketch,36,12120801718502221019,256,128,64,256,false
2,sketch,37,1727325655625073463,256,128,64,256,false
2,sketch,38,7381031009710146442,256,128,64,256,false
2,sketch,39,2564876938303671237,256,128,64,256,false
2,sketch,40,8960510029484581932,256,128,64,256,false
2,sketch,41,7701166418357579576,256,128,64,256,false
2,sketch,42,18323598156332319642,256,128,64,256,false
2,sketch,43,16839483469232126583,256,128,64,256,false
2,sketch,44,15426615868917828600,256,128,64,256,false
2,sketch,45,17711584434501279771,256,128,64,256,false
2,sketch,46,15992152689331150238,256,128,64,256,false
2,sketch,47,448380428652129260,256,128,64,256,false
2,sketch,48,6036026670551646429,256,128,64,256,false
2,sketch,49,7135952951994244150,256,128,64,256,false
2,sketch,50,3411791588433376364,256,128,64,256,false
2,sketch,51,6283040037628141658,256,128,64,256,false
2,sketch,52,16299266113493831409,256,128,64,256,false
2,sketch,53,3530039107040521603,256,128,64,256,false
2,sketch,54,1392131333874143042,256,128,64,256,false
2,sketch,55,10150571182506804779,256,128,64,256,false
2,sketch,56,4770400609991833870,256,128,64,256,false
2,sketch,57,6602408667734560694,256,128,64,256,false
2,sketch,58,3457125090094139911,256,128,64,256,false
2,sketch,59,5841203093376645282,256,128,64,256,false
2,sketch,60,12507338477432297446,256,128,64,256,false
2,sketch,61,11690179123924128496,256,128,64,256,false
2,sketch,62,3250538000070707349,256,128,64,256,false
2,sketch,63,6415060232430179195,256,128,64,256,false
2,sketch,64,16737872945796150588,256,128,64,256,false
2,sketch,65,11004924578715654114,256,128,64,256,false
2,sketch,66,3237618486908574788,256,128,64,256,false
2,sketch,67,14479793738590690936,256,128,64,256,false
2,sketch,68,180329974869071528,256,128,64,256,false
2,sketch,69,13238925790149169113,256,128,64,256,false
2,sketch,70,6763127987673449842,256,128,64,256,false
2,sketch,71,17746148117357741650,256,128,64,256,false
2,sketch,72,1928645539414498033,256,128,64,256,false
2,sketch,73,6134139539911331472,256,128,64,256,false
2,sketch,74,15981424037182045885,256,128,64,256,false
2,sketch,75,7507850359440281150,256,128,64,256,false
2,sketch,76,7749046240153654150,256,128,64,256,false
2,sketch,77,13325971491334827478,256,128,64,256,false
2,sketch,78,11390900572961974251,256,128,64,256,false
2,sketch,79,18414936368603319810,256,128,64,256,false
2,sketch,80,15081101045149489494,256,128,64,256,false
2,sketch,81,772845234119624681,256,128,64,256,false
2,sketch,82,8135112241311039187,256,128,64,256,false
2,sketch,83,2065553272733508118,256,128,64,256,false
2,sketch,84,16373252862482503833,256,128,64,256,false
2,sketch,85,114187549257867699,256,128,64,256,false
2,sketch,86,8863651463370875078,256,128,64,256,false
2,sketch,87,7402839586123974661,256,128,64,256,false
2,sketch,88,9785014921791541046,256,128,64,256,false
2,sketch,89,16970877513641770487,256,128,64,256,false
2,sketch,90,8265328165287277406,256,128,64,256,false
2,sketch,91,3503150943728855326,256,128,64,256,false
2,sketch,92,11993742933760799690,256,128,64,256,false
2,sketch,93,9089923924360706074,256,128,64,256,false
2,sketch,94,15629389798553546579,256,128,64,256,false
2,sketch,95,16846028373675888351,256,128,64,256,false
2,sketch,96,9517621565419309806,256,128,64,256,false
2,sketch,97,6560182209787270989,256,128,64,256,false
2,sketch,98,3598196904220523982,256,128,64,256,false
2,sketch,99,7949887883076588396,256,128,64,256,false
3,art_painting,0,6606861780392396786,256,128,64,256,true
3,art_painting,1,17523048512589162573,256,128,64,256,false
3,art_painting,2,526703007281171694,256,128,64,256,false
3,art_painting,3,8971680217277558173,256,128,64,256,false
3,art_painting,4,2061414858510422882,256,128,64,256,false
3,art_painting,5,7335338083656832609,256,128,64,256,false
3,art_painting,6,18203787420076366104,256,128,64,256,false
3,art_painting,7,10433144346639550343,256,128,64,256,false
3,art_painting,8,4881715887816655311,256,128,64,256,false
3,art_painting,9,2348188131541380120,256,128,64,256,false
3,art_painting,10,15454129508767097110,256,128,64,256,false
3,art_painting,11,3405838024022008391,256,128,64,256,false
3,art_painting,12,3642667883608272240,256,128,64,256,false
3,art_painting,13,8782557871430273739,256,128,64,256,false
3,art_painting,14,6089315470149058067,256,128,64,256,false
3,art_painting,15,4329846866767276586,256,128,64,256,false
3,art_painting,16,1817922698051065558,256,128,64,256,false
3,art_painting,17,16664892405853670898,256,128,64,256,false
3,art_painting,18,14057804847883459772,256,128,64,256,false
3,art_painting,19,14952346750530943349,256,128,64,256,false
3,art_painting,20,16871339497931707039,256,128,64,256,false
3,art_painting,21,6639224971858317497,256,128,64,256,false
3,art_painting,22,12339925187238942315,256,128,64,256,false
3,art_painting,23,7470145538085128396,256,128,64,256,false
3,art_painting,24,10240596291546709931,256,128,64,256,false
3,art_painting,25,11274522709931685884,256,128,64,256,false
3,art_painting,26,2426817517891323121,256,128,64,256,false
3,art_painting,27,5142477721365237545,256,128,64,256,false
3,art_painting,28,5772410495358803611,256,128,64,256,false
3,art_painting,29,8278040448133023595,256,128,64,256,false
3,art_painting,30,9495790819956598084,256,128,64,256,false
3,art_painting,31,5323148960297866614,256,128,64,256,false
3,art_painting,32,15907655719234571401,256,128,64,256,false
3,art_painting,33,3892400491370937725,256,128,64,256,false
3,art_painting,34,14617992232886830103,256,128,64,256,false
3,art_painting,35,11185465312821715033,256,128,64,256,false
3,art_painting,36,7295293674125765537,256,128,64,256,false
3,art_painting,37,6978395782536345913,256,128,64,256,false
3,art_painting,38,7990542408299598024,256,128,64,256,false
3,art_painting,39,10449984053737486765,256,128,64,256,false
3,art_painting,40,2855124743599075771,256,128,64,256,false
3,art_painting,41,13083002632293216576,256,128,64,256,false
3,art_painting,42,14869286741370629884,256,128,64,256,false
3,art_painting,43,9876462919065431335,256,128,64,256,false
3,art_painting,44,17486134471520835298,256,128,64,256,false
3,art_painting,45,1090698500276878458,256,128,64,256,false
3,art_painting,46,13532892498603070985,256,128,64,256,false
3,art_painting,47,1259322674474106227,256,128,64,256,false
3,art_painting,48,17247964258572646068,256,128,64,256,false
3,art_painting,49,913257644984642643,256,128,64,256,false
3,art_painting,50,8852781929746035499,256,128,64,256,false
3,art_painting,51,11727887723231291226,256,128,64,256,false
3,art_painting,52,9967686818536314740,256,128,64,256,false
3,art_painting,53,11053620791619020177,256,128,64,256,false
3,art_painting,54,9330028314195057682,256,128,64,256,false
3,art_painting,55,9518032489645726643,256,128,64,256,false
3,art_painting,56,12158749983836014168,256,128,64,256,false
3,art_painting,57,4104767583825596200,256,128,64,256,false
3,art_painting,58,8352527429195477441,256,128,64,256,false
3,art_painting,59,9109969373421103533,256,128,64,256,false
3,art_painting,60,15297613709044387035,256,128,64,256,false
3,art_painting,61,5583411302681423783,256,128,64,256,false
3,art_painting,62,17478274767179508095,256,128,64,256,false
3,art_painting,63,17717101906064150975,256,128,64,256,false
3,art_painting,64,13319661372317559692,256,128,64,256,false
3,art_painting,65,13643736728394162585,256,128,64,256,false
3,art_painting,66,16382175488303434927,256,128,64,256,false
3,art_painting,67,5525735121845236807,256,128,64,256,false
3,art_painting,68,4606747823926084307,256,128,64,256,false
3,art_painting,69,13872820140700473310,256,128,64,256,false
3,art_painting,70,1037689976143771607,256,128,64,256,false
3,art_painting,71,10472081920190324898,256,128,64,256,false
3,art_painting,72,3575969096670249558,256,128,64,256,false
3,art_painting,73,6979147947666883448,256,128,64,256,false
3,art_painting,74,2684890160415657513,256,128,64,256,false
3,art_painting,75,18238075952527778450,256,128,64,256,false
3,art_painting,76,2989408122964778155,256,128,64,256,false
3,art_painting,77,7054598137878553957,256,128,64,256,false
3,art_painting,78,4750042431386611269,256,128,64,256,false
3,art_painting,79,4301912366837141127,256,128,64,256,false
3,art_painting,80,1288552593142485466,256,128,64,256,false
3,art_painting,81,11226545164515822526,256,128,64,256,false
3,art_painting,82,497284872434407033,256,128,64,256,false
3,art_painting,83,893476004048460816,256,128,64,256,false
3,art_painting,84,1523220844994639817,256,128,64,256,false
3,art_painting,85,8266816805188858823,256,128,64,256,false
3,art_painting,86,8515037848769829620,256,128,64,256,false
3,art_painting,87,8348680290664851825,256,128,64,256,false
3,art_painting,88,17009564425428032222,256,128,64,256,false
3,art_painting,89,10577935477039902097,256,128,64,256,false
3,art_painting,90,18336642027271610447,256,128,64,256,false
3,art_painting,91,12014732413465074447,256,128,64,256,false
3,art_painting,92,8931913360399616907,256,128,64,256,false
3,art_painting,93,11227256436463083004,256,128,64,256,false
3,art_painting,94,12336767071823743939,256,128,64,256,false
3,art_painting,95,8962892870473582511,256,128,64,256,false
3,art_painting,96,13128472003590424628,256,128,64,256,false
3,art_painting,97,4829685286700227045,256,128,64,256,false
3,art_painting,98,13912110692111347941,256,128,64,256,false
3,art_painting,99,3442773259595477992,256,128,64,256,false
3,cartoon,0,2673379884505240189,256,128,64,256,true
3,cartoon,1,10724157350296562258,256,128,64,256,false
3,cartoon,2,15915126266885903959,256,128,64,256,false
3,cartoon,3,7755790283570700200,256,128,64,256,false
3,cartoon,4,14728367303824343777,256,128,64,256,false
3,cartoon,5,17243055197522387942,256,128,64,256,false
3,cartoon,6,10483528366892908684,256,128,64,256,false
3,cartoon,7,9219844203600033091,256,128,64,256,false
3,cartoon,8,6396562929327289162,256,128,64,256,false
3,cartoon,9,3372380441822648981,256,128,64,256,false
3,cartoon,10,12411093780061643617,256,128,64,256,false
3,cartoon,11,6760038616111583034,256,128,64,256,false
3,cartoon,12,12100225115958150167,256,128,64,256,false
3,cartoon,13,6579686218349300740,256,128,64,256,false
3,cartoon,14,15473277519210170027,256,128,64,256,false
3,cartoon,15,4702736653371085034,256,128,64,256,false
3,cartoon,16,16374325855823525483,256,128,64,256,false
3,cartoon,17,14822155983982745212,256,128,64,256,false
3,cartoon,18,7255351501860602488,256,128,64,256,false
3,cartoon,19,6713981608131271317,256,128,64,256,false
3,cartoon,20,6334981318927899810,256,128,64,256,false
3,cartoon,21,4436132588724178376,256,128,64,256,false
3,cartoon,22,15913477089234031407,256,128,64,256,false
3,cartoon,23,13492414122299587179,256,128,64,256,false
3,cartoon,24,7531764756798478086,256,128,64,256,false
3,cartoon,25,15378130368390360749,256,128,64,256,false
3,cartoon,26,16558890632357494515,256,128,64,256,false
3,cartoon,27,11138689944850542002,256,128,64,256,false
3,cartoon,28,2392988231749109611,256,128,64,256,false
3,cartoon,29,17246778323217169054,256,128,64,256,false
3,cartoon,30,11849459768894779474,256,128,64,256,false
3,cartoon,31,10832416787114661718,256,128,64,256,false
3,cartoon,32,15983670592259535837,256,128,64,256,false
3,cartoon,33,17761573067943084634,256,128,64,256,false
3,cartoon,34,17376580020743134571,256,128,64,256,false
3,cartoon,35,18139701239239133772,256,128,64,256,false
3,cartoon,36,14141422954090786150,256,128,64,256,false
3,cartoon,37,15975819589585786247,256,128,64,256,false
3,cartoon,38,53596213303596357,256,128,64,256,false
3,cartoon,39,11552414577550469332,256,128,64,256,false
3,cartoon,40,2517923769353377446,256,128,64,256,false
3,cartoon,41,14194871587421779050,256,128,64,256,false
3,cartoon,42,10620256709013093735,256,128,64,256,false
3,cartoon,43,5976677371026003218,256,128,64,256,false
3,cartoon,44,17884475530400140931,256,128,64,256,false
3,cartoon,45,5590913589503597396,256,128,64,256,false
3,cartoon,46,13142840599685711630,256,128,64,256,false
3,cartoon,47,5819745379474057283,256,128,64,256,false
3,cartoon,48,17395142627685738411,256,128,64,256,false
3,cartoon,49,1998432742275693776,256,128,64,256,false
3,cartoon,50,7214712894609621708,256,128,64,256,false
3,cartoon,51,7717168444365938266,256,128,64,256,false
3,cartoon,52,10591383044264566970,256,128,64,256,false
3,cartoon,53,7790150850383075846,256,128,64,256,false
3,cartoon,54,1070813131744832481,256,128,64,256,false
3,cartoon,55,10177772282805382645,256,128,64,256,false
3,cartoon,56,2017189405528736790,256,128,64,256,false
3,cartoon,57,172584614944201685,256,128,64,256,false
3,cartoon,58,2736716713585680896,256,128,64,256,false
3,cartoon,59,11951012051990966565,256,128,64,256,false
3,cartoon,60,14486824102568304722,256,128,64,256,false
3,cartoon,61,7298097159507981131,256,128,64,256,false
3,cartoon,62,8723074594419677868,256,128,64,256,false
3,cartoon,63,7508711685602410663,256,128,64,256,false
3,cartoon,64,13524557687352533604,256,128,64,256,false
3,cartoon,65,2552867368876980111,256,128,64,256,false
3,cartoon,66,139583241520263734,256,128,64,256,false
3,cartoon,67,2827285980597050610,256,128,64,256,false
3,cartoon,68,11833575389245769588,256,128,64,256,false
3,cartoon,69,18305642390682447118,256,128,64,256,false
3,cartoon,70,4317566646685550803,256,128,64,256,false
3,cartoon,71,1803803353059371354,256,128,64,256,false
3,cartoon,72,17651948421620547075,256,128,64,256,false
3,cartoon,73,15559440030321504193,256,128,64,256,false
3,cartoon,74,6627159300237929808,256,128,64,256,false
3,cartoon,75,12198413877586131319,256,128,64,256,false
3,cartoon,76,8738363508417782079,256,128,64,256,false
3,cartoon,77,7478202216743342255,256,128,64,256,false
3,cartoon,78,7237219557722617399,256,128,64,256,false
3,cartoon,79,15469614613643624901,256,128,64,256,false
3,cartoon,80,10775774617359207142,256,128,64,256,false
3,cartoon,81,13662640491823437188,256,128,64,256,false
3,cartoon,82,9504069319982166459,256,128,64,256,false
3,cartoon,83,15607766130458894076,256,128,64,256,false
3,cartoon,84,2643161322698008995,256,128,64,256,false
3,cartoon,85,16482196831421404311,256,128,64,256,false
3,cartoon,86,2999650246538905098,256,128,64,256,false
3,cartoon,87,16944227173768890436,256,128,64,256,false
3,cartoon,88,17016375659737155117,256,128,64,256,false
3,cartoon,89,536913616052206744,256,128,64,256,false
3,cartoon,90,12762089038733094675,256,128,64,256,false
3,cartoon,91,11777378400090447144,256,128,64,256,false
3,cartoon,92,6231926846673119775,256,128,64,256,false
3,cartoon,93,12070035020269376310,256,128,64,256,false
3,cartoon,94,16628739130342059216,256,128,64,256,false
3,cartoon,95,14673078937557874301,256,128,64,256,false
3,cartoon,96,9239129077549223027,256,128,64,256,false
3,cartoon,97,7858012700295043047,256,128,64,256,false
3,cartoon,98,13941518691080915072,256,128,64,256,false
3,cartoon,99,6752533151244382749,256,128,64,256,false
3,photo,0,6499183579388896828,256,128,64,256,true
3,photo,1,17914202265361003708,256,128,64,256,false
3,photo,2,13875997473802620565,256,128,64,256,false
3,photo,3,4238772313133030998,256,128,64,256,false
3,photo,4,6755073451998744836,256,128,64,256,false
3,photo,5,12197663458019222250,256,128,64,256,false
3,photo,6,5983931149781816023,256,128,64,256,false
3,photo,7,3655268142891089645,256,128,64,256,false
3,photo,8,11960544818547673604,256,128,64,256,false
3,photo,9,8444221553913111299,256,128,64,256,false
3,photo,10,8819762530343327847,256,128,64,256,false
3,photo,11,16916782868160677310,256,128,64,256,false
3,photo,12,3326302536554497606,256,128,64,256,false
3,photo,13,14820002503563069444,256,128,64,256,false
3,photo,14,18207013477572356190,256,128,64,256,false
3,photo,15,10370772871900084583,256,128,64,256,false
3,photo,16,3076073009553052504,256,128,64,256,false
3,photo,17,12980628766304624390,256,128,64,256,false
3,photo,18,14351363138353867665,256,128,64,256,false
3,photo,19,2083257631035739327,256,128,64,256,false
3,photo,20,2746756243364298469,256,128,64,256,false
3,photo,21,6225414759118574280,256,128,64,256,false
3,photo,22,2049602973638643115,256,128,64,256,false
3,photo,23,8712506320856993027,256,128,64,256,false
3,photo,24,9952307662963668745,256,128,64,256,false
3,photo,25,5704287427767648784,256,128,64,256,false
3,photo,26,12695663651416806998,256,128,64,256,false
3,photo,27,17190032146522418785,256,128,64,256,false
3,photo,28,10326187936634694767,256,128,64,256,false
3,photo,29,8231515304990993149,256,128,64,256,false
3,photo,30,6488448820373093686,256,128,64,256,false
3,photo,31,12586361043405224760,256,128,64,256,false
3,photo,32,16307305401474788875,256,128,64,256,false
3,photo,33,7082012452772672553,256,128,64,256,false
3,photo,34,11338039294749268085,256,128,64,256,false
3,photo,35,15925007624948722578,256,128,64,256,false
3,photo,36,13507633231122982214,256,128,64,256,false
3,photo,37,9523524393468075763,256,128,64,256,false
3,photo,38,14006110418549258033,256,128,64,256,false
3,photo,39,10609570907141096042,256,128,64,256,false
3,photo,40,13755695724703057910,256,128,64,256,false
3,photo,41,717241536696376121,256,128,64,256,false
3,photo,42,13481758218625656514,256,128,64,256,false
3,photo,43,17819094863554429323,256,128,64,256,false
3,photo,44,7787575452809956872,256,128,64,256,false
3,photo,45,4744075456836096698,256,128,64,256,false
3,photo,46,1959804663705250219,256,128,64,256,false
3,photo,47,4049584353093799179,256,128,64,256,false
3,photo,48,10144802197858219872,256,128,64,256,false
3,photo,49,5153184455321026714,256,128,64,256,false
3,photo,50,11956456069663966395,256,128,64,256,false
3,photo,51,198665999792691006,256,128,64,256,false
3,photo,52,15505242654745477661,256,128,64,256,false
3,photo,53,11096285025647357112,256,128,64,256,false
3,photo,54,9203509600569932661,256,128,64,256,false
3,photo,55,1005624885970447842,256,128,64,256,false
3,photo,56,17877529385854748161,256,128,64,256,false
3,photo,57,11370215142525573697,256,128,64,256,false
3,photo,58,5635518691484712814,256,128,64,256,false
3,photo,59,8521422399861947265,256,128,64,256,false
3,photo,60,16345515449359049013,256,128,64,256,false
3,photo,61,17172548964955977354,256,128,64,256,false
3,photo,62,12096179682749639879,256,128,64,256,false
3,photo,63,7526624847882927269,256,128,64,256,false
3,photo,64,8862445607077632447,256,128,64,256,false
3,photo,65,18128267424815645899,256,128,64,256,false
3,photo,66,14627978674300880390,256,128,64,256,false
3,photo,67,4119200567402001764,256,128,64,256,false
3,photo,68,17995787244028197086,256,128,64,256,false
3,photo,69,17952447817380324470,256,128,64,256,false
3,photo,70,1400511868471176163,256,128,64,256,false
3,photo,71,14039014517246348959,256,128,64,256,false
3,photo,72,11524403695953968025,256,128,64,256,false
3,photo,73,17915858475074754015,256,128,64,256,false
3,photo,74,3505565267818879451,256,128,64,256,false
3,photo,75,4054486976287057009,256,128,64,256,false
3,photo,76,7097598440986674427,256,128,64,256,false
3,photo,77,3681255100605705820,256,128,64,256,false
3,photo,78,7500576207196383798,256,128,64,256,false
3,photo,79,10271433398340151497,256,128,64,256,false
3,photo,80,5122440313286907500,256,128,64,256,false
3,photo,81,5463283645614477866,256,128,64,256,false
3,photo,82,465381881589100478,256,128,64,256,false
3,photo,83,5196045694324836136,256,128,64,256,false
3,photo,84,4097578062710910777,256,128,64,256,false
3,photo,85,5066574974057550448,256,128,64,256,false
3,photo,86,17927241774468108843,256,128,64,256,false
3,photo,87,5535099107230360396,256,128,64,256,false
3,photo,88,17385697233928108708,256,128,64,256,false
3,photo,89,15957942812907438034,256,128,64,256,false
3,photo,90,12871601984461951447,256,128,64,256,false
3,photo,91,11405227406311318835,256,128,64,256,false
3,photo,92,3285646022950479858,256,128,64,256,false
3,photo,93,1642805947556993935,256,128,64,256,false
3,photo,94,2823677339592911190,256,128,64,256,false
3,photo,95,10894775118369629255,256,128,64,256,false
3,photo,96,16613518564676394830,256,128,64,256,false
3,photo,97,10467564387876126696,256,128,64,256,false
3,photo,98,6114044651858075077,256,128,64,256,false
3,photo,99,6608897434225393305,256,128,64,256,false
3,sketch,0,512387548464524224,256,128,64,256,true
3,sketch,1,3666640533218438509,256,128,64,256,false
3,sketch,2,17526303988515349950,256,128,64,256,false
3,sketch,3,1930019491093595872,256,128,64,256,false
3,sketch,4,3911521106566545917,256,128,64,256,false
3,sketch,5,15207525395526117143,256,128,64,256,false
3,sketch,6,7103665579936406578,256,128,64,256,false
3,sketch,7,8208944960334256193,256,128,64,256,false
3,sketch,8,17357339682844214006,256,128,64,256,false
3,sketch,9,5405067218700418880,256,128,64,256,false
3,sketch,10,3510412222484821121,256,128,64,256,false
3,sketch,11,16186248757999077097,256,128,64,256,false
3,sketch,12,10024655024906032524,256,128,64,256,false
3,sketch,13,4625133291542651088,256,128,64,256,false
3,sketch,14,11673045496875922208,256,128,64,256,false
3,sketch,15,5553061040017476264,256,128,64,256,false
3,sketch,16,6977213652323026627,256,128,64,256,false
3,sketch,17,16680503635420558689,256,128,64,256,false
3,sketch,18,3212837672759601530,256,128,64,256,false
3,sketch,19,9693824011977110143,256,128,64,256,false
3,sketch,20,12324069891538464189,256,128,64,256,false
3,sketch,21,7558585689049179814,256,128,64,256,false
3,sketch,22,7542317334768226368,256,128,64,256,false
3,sketch,23,7872872995947381539,256,128,64,256,false
3,sketch,24,14011703033728422193,256,128,64,256,false
3,sketch,25,1635342923978609494,256,128,64,256,false
3,sketch,26,1926482640415426226,256,128,64,256,false
3,sketch,27,3179105817920388036,256,128,64,256,false
3,sketch,28,709691618973014525,256,128,64,256,false
3,sketch,29,891357757241066485,256,128,64,256,false
3,sketch,30,7819000496289878696,256,128,64,256,false
3,sketch,31,14065606844229987784,256,128,64,256,false
3,sketch,32,11652434597438362404,256,128,64,256,false
3,sketch,33,3127121636954249484,256,128,64,256,false
3,sketch,34,17046615584596751668,256,128,64,256,false
3,sketch,35,5771514485426425820,256,128,64,256,false
3,sketch,36,11935442356731639113,256,128,64,256,false
3,sketch,37,5225300006504070230,256,128,64,256,false
3,sketch,38,560261212316547396,256,128,64,256,false
3,sketch,39,13234329563895354298,256,128,64,256,false
3,sketch,40,7731652541888342512,256,128,64,256,false
3,sketch,41,13137068273021198427,256,128,64,256,false
3,sketch,42,11675312748659330824,256,128,64,256,false
3,sketch,43,16564011431785920066,256,128,64,256,false
3,sketch,44,18034335567764298262,256,128,64,256,false
3,sketch,45,4374677367656604622,256,128,64,256,false
3,sketch,46,796558348445526865,256,128,64,256,false
3,sketch,47,12468246590114531764,256,128,64,256,false
3,sketch,48,15550687751472988247,256,128,64,256,false
3,sketch,49,16515749772383060678,256,128,64,256,false
3,sketch,50,2201864237384174884,256,128,64,256,false
3,sketch,51,4242239630175286344,256,128,64,256,false
3,sketch,52,12844318288266602832,256,128,64,256,false
3,sketch,53,17003635184411269640,256,128,64,256,false
3,sketch,54,8566498564887403110,256,128,64,256,false
3,sketch,55,6081134669329493428,256,128,64,256,false
3,sketch,56,4456276985139137857,256,128,64,256,false
3,sketch,57,17818702807424379689,256,128,64,256,false
3,sketch,58,9069784691690648397,256,128,64,256,false
3,sketch,59,4412365097801235887,256,128,64,256,false
3,sketch,60,4221060237137675649,256,128,64,256,false
3,sketch,61,3798291550110845092,256,128,64,256,false
3,sketch,62,4636207608691785774,256,128,64,256,false
3,sketch,63,9007974086566339291,256,128,64,256,false
3,sketch,64,12405495189848671488,256,128,64,256,false
3,sketch,65,767574644277569946,256,128,64,256,false
3,sketch,66,15476471652088458924,256,128,64,256,false
3,sketch,67,17209168401022347602,256,128,64,256,false
3,sketch,68,4912178215755833829,256,128,64,256,false
3,sketch,69,2461216496133690576,256,128,64,256,false
3,sketch,70,1772447370665682647,256,128,64,256,false
3,sketch,71,14801715462868098662,256,128,64,256,false
3,sketch,72,1291876811366972676,256,128,64,256,false
3,sketch,73,155854681579590433,256,128,64,256,false
3,sketch,74,14411460583488393913,256,128,64,256,false
3,sketch,75,17730606687237645541,256,128,64,256,false
3,sketch,76,4753032258144019532,256,128,64,256,false
3,sketch,77,3558211217378804695,256,128,64,256,false
3,sketch,78,11085687943528093373,256,128,64,256,false
3,sketch,79,6910577649346650285,256,128,64,256,false
3,sketch,80,15540345744955665066,256,128,64,256,false
3,sketch,81,9012506256422325990,256,128,64,256,false
3,sketch,82,8189779883812076744,256,128,64,256,false
3,sketch,83,7301799394047472706,256,128,64,256,false
3,sketch,84,9507207017138751055,256,128,64,256,false
3,sketch,85,6464134260562042357,256,128,64,256,false
3,sketch,86,6318756518986479983,256,128,64,256,false
3,sketch,87,5393490603675741601,256,128,64,256,false
3,sketch,88,506332007687486068,256,128,64,256,false
3,sketch,89,3085520805154227864,256,128,64,256,false
3,sketch,90,15401462226980923780,256,128,64,256,false
3,sketch,91,17837617817831960206,256,128,64,256,false
3,sketch,92,13879001787924587980,256,128,64,256,false
3,sketch,93,14326412334686039031,256,128,64,256,false
3,sketch,94,18400549418653220307,256,128,64,256,false
3,sketch,95,9859411566937655457,256,128,64,256,false
3,sketch,96,2855885674157894284,256,128,64,256,false
3,sketch,97,7139127089868145138,256,128,64,256,false
3,sketch,98,14470450594874179195,256,128,64,256,false
3,sketch,99,8687975385438067864,256,128,64,256,false
4,art_painting,0,7188977303725257015,256,128,64,256,true
4,art_painting,1,17015208428507541502,256,128,64,256,false
4,art_painting,2,5541988987313718019,256,128,64,256,false
4,art_painting,3,14339034439882864729,256,128,64,256,false
4,art_painting,4,15331951808273340263,256,128,64,256,false
4,art_painting,5,8499732754467798134,256,128,64,256,false
4,art_painting,6,10942781470413650466,256,128,64,256,false
4,art_painting,7,1428559241008174594,256,128,64,256,false
4,art_painting,8,7480807881515471251,256,128,64,256,false
4,art_painting,9,7856028807587207312,256,128,64,256,false
4,art_painting,10,18315678931153982583,256,128,64,256,false
4,art_painting,11,2115003634088010594,256,128,64,256,false
4,art_painting,12,11931682918054572057,256,128,64,256,false
4,art_painting,13,9329542807412944044,256,128,64,256,false
4,art_painting,14,1157409629095817037,256,128,64,256,false
4,art_painting,15,8847159104005236792,256,128,64,256,false
4,art_painting,16,6376854903500931282,256,128,64,256,false
4,art_painting,17,2938685585238245377,256,128,64,256,false
4,art_painting,18,17892228142547629423,256,128,64,256,false
4,art_painting,19,13807410115041222712,256,128,64,256,false
4,art_painting,20,9031039622659609299,256,128,64,256,false
4,art_painting,21,10058667765913551339,256,128,64,256,false
4,art_painting,22,5403652021658712560,256,128,64,256,false
4,art_painting,23,1244260131765431662,256,128,64,256,false
4,art_painting,24,12318475371891510078,256,128,64,256,false
4,art_painting,25,6252988952886497382,256,128,64,256,false
4,art_painting,26,1239321233599546109,256,128,64,256,false
4,art_painting,27,873586008954880044,256,128,64,256,false
4,art_painting,28,2823384577606422023,256,128,64,256,false
4,art_painting,29,6855016907628428240,256,128,64,256,false
4,art_painting,30,11873944101023430526,256,128,64,256,false
4,art_painting,31,13684439403551007341,256,128,64,256,false
4,art_painting,32,17454213701348438903,256,128,64,256,false
4,art_painting,33,6726207655734063273,256,128,64,256,false
4,art_painting,34,13277269740263805340,256,128,64,256,false
4,art_painting,35,9255998860552033772,256,128,64,256,false
4,art_painting,36,2557244827111185094,256,128,64,256,false
4,art_painting,37,13167630517121455138,256,128,64,256,false
4,art_painting,38,9828044340444700032,256,128,64,256,false
4,art_painting,39,6932335002262100202,256,128,64,256,false
4,art_painting,40,17304572730130771576,256,128,64,256,false
4,art_painting,41,10322798367198037856,256,128,64,256,false
4,art_painting,42,5694476779453005043,256,128,64,256,false
4,art_painting,43,8652807869614550678,256,128,64,256,false
4,art_painting,44,15919562356451365777,256,128,64,256,false
4,art_painting,45,10068350694383175298,256,128,64,256,false
4,art_painting,46,2995914053504537774,256,128,64,256,false
4,art_painting,47,17830686803399163892,256,128,64,256,false
4,art_painting,48,6091165492539505872,256,128,64,256,false
4,art_painting,49,969434556621772661,256,128,64,256,false
4,art_painting,50,5087683313802513569,256,128,64,256,false
4,art_painting,51,10969176112149887786,256,128,64,256,false
4,art_painting,52,16418906819032995463,256,128,64,256,false
4,art_painting,53,12134267228622445326,256,128,64,256,false
4,art_painting,54,13470496321318117675,256,128,64,256,false
4,art_painting,55,13834242465474960066,256,128,64,256,false
4,art_painting,56,13817742079912366916,256,128,64,256,false
4,art_painting,57,12950886549253517781,256,128,64,256,false
4,art_painting,58,7972671928955576476,256,128,64,256,false
4,art_painting,59,13809591852043479392,256,128,64,256,false
4,art_painting,60,7059706949401708165,256,128,64,256,false
4,art_painting,61,696634310713202651,256,128,64,256,false
4,art_painting,62,11285863154084193696,256,128,64,256,false
4,art_painting,63,13245991475964323233,256,128,64,256,false
4,art_painting,64,1968011887157421849,256,128,64,256,false
4,art_painting,65,12040919730523445487,256,128,64,256,false
4,art_painting,66,7136170320733901528,256,128,64,256,false
4,art_painting,67,8641230070876626868,256,128,64,256,false
4,art_painting,68,16889354806235135668,256,128,64,256,false
4,art_painting,69,5430985353166659736,256,128,64,256,false
4,art_painting,70,17538565934406937957,256,128,64,256,false
4,art_painting,71,9618351108565704350,256,128,64,256,false
4,art_painting,72,12014086363973623001,256,128,64,256,false
4,art_painting,73,12886489860490550454,256,128,64,256,false
4,art_painting,74,10003892470280488032,256,128,64,256,false
4,art_painting,75,13801887998948952207,256,128,64,256,false
4,art_painting,76,10289606776253278230,256,128,64,256,false
4,art_painting,77,10600020020075261115,256,128,64,256,false
4,art_painting,78,15080078031189706747,256,128,64,256,false
4,art_painting,79,15322540899915971138,256,128,64,256,false
4,art_painting,80,9123613839584244326,256,128,64,256,false
4,art_painting,81,8581916668357921481,256,128,64,256,false
4,art_painting,82,2303107096468133295,256,128,64,256,false
4,art_painting,83,16342087665649011935,256,128,64,256,false
4,art_painting,84,14118398727384526984,256,128,64,256,false
4,art_painting,85,15328134920192971105,256,128,64,256,false
4,art_painting,86,11962669818238946894,256,128,64,256,false
4,art_painting,87,3447925191989811069,256,128,64,256,false
4,art_painting,88,9223365278397412462,256,128,64,256,false
4,art_painting,89,2204284236614339803,256,128,64,256,false
4,art_painting,90,15061419927329859568,256,128,64,256,false
4,art_painting,91,15722106910731442467,256,128,64,256,false
4,art_painting,92,12938104055584953477,256,128,64,256,false
4,art_painting,93,15245217509332380957,256,128,64,256,false
4,art_painting,94,547160263404424653,256,128,64,256,false
4,art_painting,95,3143089098994495249,256,128,64,256,false
4,art_painting,96,204940779428912006,256,128,64,256,false
4,art_painting,97,9404514009300885492,256,128,64,256,false
4,art_painting,98,2796120871549622132,256,128,64,256,false
4,art_painting,99,4343857771038379103,256,128,64,256,false
4,cartoon,0,11823111378431701804,256,128,64,256,true
4,cartoon,1,16746125783198627483,256,128,64,256,false
4,cartoon,2,3169975519527740522,256,128,64,256,false
4,cartoon,3,13119191370229294116,256,128,64,256,false
4,cartoon,4,17285628499201576827,256,128,64,256,false
4,cartoon,5,7666670330955764428,256,128,64,256,false
4,cartoon,6,3783669778088811123,256,128,64,256,false
4,cartoon,7,8453251577406146405,256,128,64,256,false
4,cartoon,8,7953630581527783093,256,128,64,256,false
4,cartoon,9,6276427143994712936,256,128,64,256,false
4,cartoon,10,5638203499262570517,256,128,64,256,false
4,cartoon,11,14159956617102337232,256,128,64,256,false
4,cartoon,12,14144727392631644743,256,128,64,256,false
4,cartoon,13,578134989656062628,256,128,64,256,false
4,cartoon,14,10136390424623055521,256,128,64,256,false
4,cartoon,15,7029827376311611199,256,128,64,256,false
4,cartoon,16,14574995066060907946,256,128,64,256,false
4,cartoon,17,13511368732172442097,256,128,64,256,false
4,cartoon,18,14572649866422315722,256,128,64,256,false
4,cartoon,19,16244580487269082300,256,128,64,256,false
4,cartoon,20,4109358242062613914,256,128,64,256,false
4,cartoon,21,653436587357190732,256,128,64,256,false
4,cartoon,22,12702678987626102768,256,128,64,256,false
4,cartoon,23,10169616510695399706,256,128,64,256,false
4,cartoon,24,4472595902714639869,256,128,64,256,false
4,cartoon,25,14563733730398408997,256,128,64,256,false
4,cartoon,26,1689169622449654556,256,128,64,256,false
4,cartoon,27,6327794811752028504,256,128,64,256,false
4,cartoon,28,5314810366086888571,256,128,64,256,false
4,cartoon,29,10883837652921264077,256,128,64,256,false
4,cartoon,30,11773132127099125372,256,128,64,256,false
4,cartoon,31,5564712143498463130,256,128,64,256,false
4,cartoon,32,6017169611047803317,256,128,64,256,false
4,cartoon,33,6033082515910188154,256,128,64,256,false
4,cartoon,34,18278175876979389207,256,128,64,256,false
4,cartoon,35,11287482361362423923,256,128,64,256,false
4,cartoon,36,11878362419605779135,256,128,64,256,false
4,cartoon,37,16791541755378542788,256,128,64,256,false
4,cartoon,38,4629030491417162363,256,128,64,256,false
4,cartoon,39,728697266901958514,256,128,64,256,false
4,cartoon,40,9940017901107526486,256,128,64,256,false
4,cartoon,41,8472848505522504510,256,128,64,256,false
4,cartoon,42,2057403445188035701,256,128,64,256,false
4,cartoon,43,2962673548770509600,256,128,64,256,false
4,cartoon,44,3332862035239852476,256,128,64,256,false
4,cartoon,45,15672248610992967825,256,128,64,256,false
4,cartoon,46,16948567517839623682,256,128,64,256,false
4,cartoon,47,11482911274142059889,256,128,64,256,false
4,cartoon,48,8782438317790264950,256,128,64,256,false
4,cartoon,49,3945176116166133821,256,128,64,256,false
4,cartoon,50,7394636810593678697,256,128,64,256,false
4,cartoon,51,12477190914867542901,256,128,64,256,false
4,cartoon,52,4310991772592053967,256,128,64,256,false
4,cartoon,53,15613581734606117001,256,128,64,256,false
4,cartoon,54,11351636290916745124,256,128,64,256,false
4,cartoon,55,6918188150273886758,256,128,64,256,false
4,cartoon,56,7516085594764260866,256,128,64,256,false
4,cartoon,57,9367265039354146549,256,128,64,256,false
4,cartoon,58,9854434597297678724,256,128,64,256,false
4,cartoon,59,10353813920114522250,256,128,64,256,false
4,cartoon,60,10558870475225009928,256,128,64,256,false
4,cartoon,61,13396771476957405052,256,128,64,256,false
4,cartoon,62,3868535743936844567,256,128,64,256,false
4,cartoon,63,309939581772002107,256,128,64,256,false
4,cartoon,64,2723968652666971720,256,128,64,256,false
4,cartoon,65,12130796391076444674,256,128,64,256,false
4,cartoon,66,4472458882861047134,256,128,64,256,false
4,cartoon,67,7053362651623010946,256,128,64,256,false
4,cartoon,68,17433208405038818359,256,128,64,256,false
4,cartoon,69,16254707050148560949,256,128,64,256,false
4,cartoon,70,16682880958402122120,256,128,64,256,false
4,cartoon,71,3466562864536859539,256,128,64,256,false
4,cartoon,72,8893558331880394240,256,128,64,256,false
4,cartoon,73,10124049487380174383,256,128,64,256,false
4,cartoon,74,3077623060870308511,256,128,64,256,false
4,cartoon,75,6722919936039496904,256,128,64,256,false
4,cartoon,76,6547618148914477436,256,128,64,256,false
4,cartoon,77,8963269201887103227,256,128,64,256,false
4,cartoon,78,258053783595274060,256,128,64,256,false
4,cartoon,79,2570630247118717304,256,128,64,256,false
4,cartoon,80,4123320676371638277,256,128,64,256,false
4,cartoon,81,18051104805647879750,256,128,64,256,false
4,cartoon,82,989368904314827525,256,128,64,256,false
4,cartoon,83,5477761381402164244,256,128,64,256,false
4,cartoon,84,7631951539537876920,256,128,64,256,false
4,cartoon,85,3520694266447398951,256,128,64,256,false
4,cartoon,86,13005410007400942263,256,128,64,256,false
4,cartoon,87,9808777693977997812,256,128,64,256,false
4,cartoon,88,14249269078060445734,256,128,64,256,false
4,cartoon,89,17628596429560289520,256,128,64,256,false
4,cartoon,90,3016831177120355522,256,128,64,256,false
4,cartoon,91,9729703709733839855,256,128,64,256,false
4,cartoon,92,411646713078246005,256,128,64,256,false
4,cartoon,93,12039333896932990278,256,128,64,256,false
4,cartoon,94,6435528944335974599,256,128,64,256,false
4,cartoon,95,11442907277658385143,256,128,64,256,false
4,cartoon,96,9254279873273175344,256,128,64,256,false
4,cartoon,97,14680110361634674122,256,128,64,256,false
4,cartoon,98,12164563144532931347,256,128,64,256,false
4,cartoon,99,16417230455967847426,256,128,64,256,false
4,photo,0,13747839274442868293,256,128,64,256,true
4,photo,1,9657850836927783174,256,128,64,256,false
4,photo,2,11316140870010308180,256,128,64,256,false
4,photo,3,3944711929552882238,256,128,64,256,false
4,photo,4,10511634222135893531,256,128,64,256,false
4,photo,5,12127205718922173841,256,128,64,256,false
4,photo,6,13680806481560285241,256,128,64,256,false
4,photo,7,6195902139083735223,256,128,64,256,false
4,photo,8,15101929753866734143,256,128,64,256,false
4,photo,9,15686218956665933134,256,128,64,256,false
4,photo,10,18156991076666372813,256,128,64,256,false
4,photo,11,17104436616128097179,256,128,64,256,false
4,photo,12,14771826661683588169,256,128,64,256,false
4,photo,13,7614778316313229949,256,128,64,256,false
4,photo,14,14053447808549487230,256,128,64,256,false
4,photo,15,13640188022010269397,256,128,64,256,false
4,photo,16,14883172989101561902,256,128,64,256,false
4,photo,17,10159315961919066948,256,128,64,256,false
4,photo,18,12303804992152795768,256,128,64,256,false
4,photo,19,18376309968461583448,256,128,64,256,false
4,photo,20,15913147180496644863,256,128,64,256,false
4,photo,21,2296051882687814812,256,128,64,256,false
4,photo,22,6461170037582004213,256,128,64,256,false
4,photo,23,9913470982999869758,256,128,64,256,false
4,photo,24,17896224864443677308,256,128,64,256,false
4,photo,25,15098807294375749292,256,128,64,256,false
4,photo,26,10371653950673278169,256,128,64,256,false
4,photo,27,15424976786389480988,256,128,64,256,false
4,photo,28,13286303073960165647,256,128,64,256,false
4,photo,29,10076836018438423664,256,128,64,256,false
4,photo,30,14182637323788629683,256,128,64,256,false
4,photo,31,11536950220431463955,256,128,64,256,false
4,photo,32,13315238628696247542,256,128,64,256,false
4,photo,33,12331964637949501272,256,128,64,256,false
4,photo,34,4663331553344388091,256,128,64,256,false
4,photo,35,8340461021717988321,256,128,64,256,false
4,photo,36,5323585942568591852,256,128,64,256,false
4,photo,37,4661602538582889786,256,128,64,256,false
4,photo,38,14382997150227367133,256,128,64,256,false
4,photo,39,9197106698352065691,256,128,64,256,false
4,photo,40,6623682865546281916,256,128,64,256,false
4,photo,41,5284233779397337672,256,128,64,256,false
4,photo,42,8858849264785381516,256,128,64,256,false
4,photo,43,13226261231481817647,256,128,64,256,false
4,photo,44,11581852321833581034,256,128,64,256,false
4,photo,45,614565462872552854,256,128,64,256,false
4,photo,46,2379517983235710860,256,128,64,256,false
4,photo,47,1683707848230468876,256,128,64,256,false
4,photo,48,1632359064408457448,256,128,64,256,false
4,photo,49,7935277614708777180,256,128,64,256,false
4,photo,50,1976624380892082635,256,128,64,256,false
4,photo,51,14856262398674538233,256,128,64,256,false
4,photo,52,17267052648690519950,256,128,64,256,false
4,photo,53,3638912036856328649,256,128,64,256,false
4,photo,54,12464885380271435668,256,128,64,256,false
4,photo,55,13013008390520749522,256,128,64,256,false
4,photo,56,12252488894349362315,256,128,64,256,false
4,photo,57,4250331980578399888,256,128,64,256,false
4,photo,58,11606565625402147487,256,128,64,256,false
4,photo,59,17319091062748550663,256,128,64,256,false
4,photo,60,15051637510380503167,256,128,64,256,false
4,photo,61,7647268761876884069,256,128,64,256,false
4,photo,62,10341484533146523751,256,128,64,256,false
4,photo,63,1057338078755181861,256,128,64,256,false
4,photo,64,4606277214838860603,256,128,64,256,false
4,photo,65,7023756689080701534,256,128,64,256,false
4,photo,66,3417834901637489861,256,128,64,256,false
4,photo,67,16909237818786117030,256,128,64,256,false
4,photo,68,13632081091739064276,256,128,64,256,false
4,photo,69,15307940211073163779,256,128,64,256,false
4,photo,70,10962834889612629905,256,128,64,256,false
4,photo,71,11667424169759317135,256,128,64,256,false
4,photo,72,3429621639458379012,256,128,64,256,false
4,photo,73,4007693235200316057,256,128,64,256,false
4,photo,74,3323030131019329924,256,128,64,256,false
4,photo,75,10624323739376976403,256,128,64,256,false
4,photo,76,627582628866172296,256,128,64,256,false
4,photo,77,13627515011116848808,256,128,64,256,false
4,photo,78,16780951161900480364,256,128,64,256,false
4,photo,79,11584678212240149312,256,128,64,256,false
4,photo,80,1616572165783683033,256,128,64,256,false
4,photo,81,5726404842139136016,256,128,64,256,false
4,photo,82,4798833634106444806,256,128,64,256,false
4,photo,83,12999368385517805751,256,128,64,256,false
4,photo,84,10701150965987503398,256,128,64,256,false
4,photo,85,18172899736876643025,256,128,64,256,false
4,photo,86,1287576698941231912,256,128,64,256,false
4,photo,87,10108020299487945174,256,128,64,256,false
4,photo,88,16387217138385428325,256,128,64,256,false
4,photo,89,1505216489112191585,256,128,64,256,false
4,photo,90,16591392987844880336,256,128,64,256,false
4,photo,91,11741026692134185601,256,128,64,256,false
4,photo,92,4424951150425732490,256,128,64,256,false
4,photo,93,16416873065895796126,256,128,64,256,false
4,photo,94,7348156717590100598,256,128,64,256,false
4,photo,95,12799171561589903537,256,128,64,256,false
4,photo,96,14960515373341576457,256,128,64,256,false
4,photo,97,10571903434934768732,256,128,64,256,false
4,photo,98,17153469581837591729,256,128,64,256,false
4,photo,99,7288162839904082408,256,128,64,256,false
4,sketch,0,1692185325191886235,256,128,64,256,true
4,sketch,1,9153683957586163132,256,128,64,256,false
4,sketch,2,1171623242342544349,256,128,64,256,false
4,sketch,3,14834132480275141694,256,128,64,256,false
4,sketch,4,11359705680910591416,256,128,64,256,false
4,sketch,5,1838737154114894454,256,128,64,256,false
4,sketch,6,16716304135235234781,256,128,64,256,false
4,sketch,7,10213928366243950049,256,128,64,256,false
4,sketch,8,14688205315383203435,256,128,64,256,false
4,sketch,9,11472276178162492949,256,128,64,256,false
4,sketch,10,15329207098580315604,256,128,64,256,false
4,sketch,11,9280440220836756535,256,128,64,256,false
4,sketch,12,10960357602101868156,256,128,64,256,false
4,sketch,13,14067893167424767285,256,128,64,256,false
4,sketch,14,12635462995254319864,256,128,64,256,false
4,sketch,15,8378777098867485516,256,128,64,256,false
4,sketch,16,16170923641122261034,256,128,64,256,false
4,sketch,17,6888096807278269095,256,128,64,256,false
4,sketch,18,3954166441884376486,256,128,64,256,false
4,sketch,19,13079887347086524835,256,128,64,256,false
4,sketch,20,15209482682717798871,256,128,64,256,false
4,sketch,21,3189830063462984443,256,128,64,256,false
4,sketch,22,10315101296727591338,256,128,64,256,false
4,sketch,23,13965559035983265919,256,128,64,256,false
4,sketch,24,9115543005032517331,256,128,64,256,false
4,sketch,25,7182804688869782747,256,128,64,256,false
4,sketch,26,6425827215953667471,256,128,64,256,false
4,sketch,27,7121343819417820475,256,128,64,256,false
4,sketch,28,17281094253011850614,256,128,64,256,false
4,sketch,29,7046347126344259681,256,128,64,256,false
4,sketch,30,7825626642494034222,256,128,64,256,false
4,sketch,31,12062049821785258325,256,128,64,256,false
4,sketch,32,2772940250405201344,256,128,64,256,false
4,sketch,33,532019572825240978,256,128,64,256,false
4,sketch,34,12966825407309145115,256,128,64,256,false
4,sketch,35,10899011942699233317,256,128,64,256,false
4,sketch,36,10291817884342207370,256,128,64,256,false
4,sketch,37,18143061432728854470,256,128,64,256,false
4,sketch,38,10155581656669452202,256,128,64,256,false
4,sketch,39,4608434016134057531,256,128,64,256,false
4,sketch,40,1041972353275370257,256,128,64,256,false
4,sketch,41,16377276055469924310,256,128,64,256,false
4,sketch,42,14268733262785844686,256,128,64,256,false
4,sketch,43,15684248267841451571,256,128,64,256,false
4,sketch,44,12044897036457361883,256,128,64,256,false
4,sketch,45,2741848956735667040,256,128,64,256,false
4,sketch,46,9321412296819243207,256,128,64,256,false
4,sketch,47,14661026835587740111,256,128,64,256,false
4,sketch,48,10937868041784008166,256,128,64,256,false
4,sketch,49,3122456886842187346,256,128,64,256,false
4,sketch,50,15955218774138792357,256,128,64,256,false
4,sketch,51,17714293247212399718,256,128,64,256,false
4,sketch,52,16768998979243391599,256,128,64,256,false
4,sketch,53,3373941857834171681,256,128,64,256,false
4,sketch,54,6435768739098490106,256,128,64,256,false
4,sketch,55,16397018022723556413,256,128,64,256,false
4,sketch,56,10652891432914669094,256,128,64,256,false
4,sketch,57,9957147793163615792,256,128,64,256,false
4,sketch,58,2316988948513148358,256,128,64,256,false
4,sketch,59,15402530230237847077,256,128,64,256,false
4,sketch,60,18258804083908234854,256,128,64,256,false
4,sketch,61,8032145598098648336,256,128,64,256,false
4,sketch,62,12100755308794144001,256,128,64,256,false
4,sketch,63,8255919267495524525,256,128,64,256,false
4,sketch,64,17900327020838810405,256,128,64,256,false
4,sketch,65,10989643449539299760,256,128,64,256,false
4,sketch,66,15894552592740370851,256,128,64,256,false
4,sketch,67,11874698518603655127,256,128,64,256,false
4,sketch,68,7390989328791600897,256,128,64,256,false
4,sketch,69,16009520156065141607,256,128,64,256,false
4,sketch,70,4997347553459349809,256,128,64,256,false
4,sketch,71,4176849320772192386,256,128,64,256,false
4,sketch,72,3343434076330195581,256,128,64,256,false
4,sketch,73,4060575917088984028,256,128,64,256,false
4,sketch,74,10777925511375195705,256,128,64,256,false
4,sketch,75,188655141148987132,256,128,64,256,false
4,sketch,76,4730293343143865125,256,128,64,256,false
4,sketch,77,5188481219302197686,256,128,64,256,false
4,sketch,78,17217670696443744092,256,128,64,256,false
4,sketch,79,2902223940405975001,256,128,64,256,false
4,sketch,80,4753126480740403741,256,128,64,256,false
4,sketch,81,10663691886713425933,256,128,64,256,false
4,sketch,82,6677246771972170987,256,128,64,256,false
4,sketch,83,18225416656124371050,256,128,64,256,false
4,sketch,84,3936652944356242357,256,128,64,256,false
4,sketch,85,8588031134329192555,256,128,64,256,false
4,sketch,86,5548212912849581659,256,128,64,256,false
4,sketch,87,476192039364555171,256,128,64,256,false
4,sketch,88,9733452536101388691,256,128,64,256,false
4,sketch,89,6519499241921211622,256,128,64,256,false
4,sketch,90,10298850714891292495,256,128,64,256,false
4,sketch,91,9749571916075698246,256,128,64,256,false
4,sketch,92,13260237879994156624,256,128,64,256,false
4,sketch,93,13873535222581786394,256,128,64,256,false
4,sketch,94,15525214091044756170,256,128,64,256,false
4,sketch,95,14035022421812596951,256,128,64,256,false
4,sketch,96,11253921789466027235,256,128,64,256,false
4,sketch,97,17291873364921052866,256,128,64,256,false
4,sketch,98,7255295770653111390,256,128,64,256,false
4,sketch,99,1634777170551853465,256,128,64,256,false
