semantic_id,alpha,M,ordered_family_sha256
cifar100_proser_fedavg__split00__seed0__d0.1,0.05,12,9311937483fa4dadd48705b8e2fa1f50473360667f11d5ed03b98910d35d592d
cifar100_proser_fedavg__split00__seed0__d0.1,0.1,12,96c80d452352ad8aa1d38bee7ced4f6eb4e4f63a087b8e45249d5fd7f742a04d
cifar100_proser_fedavg__split00__seed0__d0.1,0.15,12,9a43697922ad61c8aa5e8a07d8890009a0dbdb5daceff7dd0b79fbf907802f0c
cifar100_proser_fedavg__split00__seed0__d0.1,0.2,12,4bc39eae3d14adfc394fac87ca7aaba989a03f64d4ab9557e7ee7087d5d707e8
cifar100_proser_fedavg__split00__seed0__d0.1,0.25,12,ad31ab3266ff3a54ebeecc3bb4411dbab1394d79f9a0955a3effb19393b104b9
cifar100_proser_fedavg__split00__seed0__d0.1,0.3,12,4fd5b4abf8729f57e808e95875a2ceb561a8db9bdf5e93a5caaea3424f73d1a4
cifar100_proser_fedavg__split00__seed0__d0.5,0.05,12,5afc220b1c505ef50014dffba8b6aa27bd55135ecc3445f7a855d95bc2dba95d
cifar100_proser_fedavg__split00__seed0__d0.5,0.1,12,ed3bf5f03d1931130321cd50263eee9f862054719d0dac99f10dc9aecf4210e2
cifar100_proser_fedavg__split00__seed0__d0.5,0.15,12,1022996b412a2d698f9619fb582b857bb5b0389c01d3dc46b2a3e7129955cbb5
cifar100_proser_fedavg__split00__seed0__d0.5,0.2,12,106c60372865f834c0ae3fee183b3abdd62172173083e7fe1e9ac8b2a9ff746e
cifar100_proser_fedavg__split00__seed0__d0.5,0.25,12,fbe4899765a7a64b7b56fa508808681172f08f1758d641e289895db7bd122593
cifar100_proser_fedavg__split00__seed0__d0.5,0.3,12,8f9c75601c5104a0d0545d2214b04c5c718a4b16a31d9b301ec479f9277264d7
cifar100_proser_fedavg__split00__seed0__d5.0,0.05,12,3d933d72fbeb367a0cac554ba1adaffd14b6e8e8d42875f1703823c79d0d3b25
cifar100_proser_fedavg__split00__seed0__d5.0,0.1,12,fda0f3643688921ba046ad6a5c9efe743419875892f2d27b6b5e6c214e6deb0e
cifar100_proser_fedavg__split00__seed0__d5.0,0.15,12,abb7e6cf25e959adf0ca0174129a0f0bb9190c487a9f04505ef309a188e4cfce
cifar100_proser_fedavg__split00__seed0__d5.0,0.2,12,e143281873f170a31926c2e39f93ee36236896ddce7ccccfc2f3719ef06f6514
cifar100_proser_fedavg__split00__seed0__d5.0,0.25,12,37478f05ad1ace8887693bdb1667d0240499984e7fc610fb3ff8c27fc72c1661
cifar100_proser_fedavg__split00__seed0__d5.0,0.3,12,c5e356f124aa5531b26fc4376605e48ae1779eeae7dd0e94194fd317b1868f3f
cifar100_proser_fedavg__split00__seed1__d0.1,0.05,12,aea09851b0281075f27811740abfd8937e1a2774491f4e5c3838bb1224dbe74c
cifar100_proser_fedavg__split00__seed1__d0.1,0.1,12,55da4a0f496776e30d63d0245b5bcf275cac98094e6230d2348734f87fc6ebf9
cifar100_proser_fedavg__split00__seed1__d0.1,0.15,12,74e3ba2d41ba4e1ec8a2a6210ed0ee89035426e7f843ffaa497353516730cc3d
cifar100_proser_fedavg__split00__seed1__d0.1,0.2,12,76729b7bccfd4d7ee57db592f279e4b990c8f5d27cd9b4e686524965821d7443
cifar100_proser_fedavg__split00__seed1__d0.1,0.25,12,b8bf3221a8c0fac8d8c73aa4e5d14418f38e3d897b10280ef1ad22568de334ef
cifar100_proser_fedavg__split00__seed1__d0.1,0.3,12,6d818be32c577c146b5df94033c553c04548faa36ab8b16bd8fcd2f6de496cda
cifar100_proser_fedavg__split00__seed1__d0.5,0.05,12,2724a993233b7c2d97fe1185b2235b5faff6e4a00319d664e85069dea7495af1
cifar100_proser_fedavg__split00__seed1__d0.5,0.1,12,aa456ec2c48f89e27f3a0cf9dcefbfdb61160b97f130a5d3123876ba5d78cd4b
cifar100_proser_fedavg__split00__seed1__d0.5,0.15,12,382a29c1534610066aed06c821523a10d9127ad78f45e0b4a47394c83931f2eb
cifar100_proser_fedavg__split00__seed1__d0.5,0.2,12,bb084d118cdee0db070188ffc67eb3f492a12348e9be26463d4b3297bdc361d3
cifar100_proser_fedavg__split00__seed1__d0.5,0.25,12,aa1a3d68daab5b8d986441b8cc138b6c41663df327feefb098b56dfe609c0d8b
cifar100_proser_fedavg__split00__seed1__d0.5,0.3,12,9d34a413c6a93967291fa23393cd737f44d307f79903e2babfb2faf0cb691252
cifar100_proser_fedavg__split00__seed1__d5.0,0.05,12,89dfa3cd6c426ab01d35f48f40bdb050e12a0d4f60f64755c6fd0a3b3cc339d0
cifar100_proser_fedavg__split00__seed1__d5.0,0.1,12,410a8e62c76ff8cc6be507a9af4d8fdfca1a486957135f3da03588521ab067c2
cifar100_proser_fedavg__split00__seed1__d5.0,0.15,12,b434cfee9ffe041b14d32beb08227b4da8da922ccdb4c03f8221ffc4c74c09a7
cifar100_proser_fedavg__split00__seed1__d5.0,0.2,12,a54dd98d0b56b6619df741e666cddd76501b67476e4c42fdfa74421bc18f0a76
cifar100_proser_fedavg__split00__seed1__d5.0,0.25,12,e022e811edd733c573da69be9737d8f721c61a675274c0e1f16254e841307b91
cifar100_proser_fedavg__split00__seed1__d5.0,0.3,12,2c33518710c21c394f27cbc5aef12f560c5610ca9ba2cf1fb346a9f5da58c59d
cifar100_proser_fedavg__split00__seed2__d0.1,0.05,12,867ec44fe4d2be558a0d36c185488d67ca1745ca062d7cd3b717cd13a9dae403
cifar100_proser_fedavg__split00__seed2__d0.1,0.1,12,f109f7a278af6e2217649bf2a6927cabe94db856324d18454440b75cfc5139ec
cifar100_proser_fedavg__split00__seed2__d0.1,0.15,12,59795c28482240e5ac6854584e604c564170e0b9e80fe7491c6813cbe06ae2cf
cifar100_proser_fedavg__split00__seed2__d0.1,0.2,12,93987fd1f75403e229de226a1e9df6f2ea91c0d80c24c265eb5f972a0d887f1e
cifar100_proser_fedavg__split00__seed2__d0.1,0.25,12,feb77393dcedde0d28fa837167263f8ed5da853d840d9c5ba314792443cd3ce6
cifar100_proser_fedavg__split00__seed2__d0.1,0.3,12,b2a5f13cba99606248d9c2d3f579344e6bafab7d1fa7cdad8a6078c36eb4d556
cifar100_proser_fedavg__split00__seed2__d0.5,0.05,12,458feab0e85517091129f3ee18e8a1d8b1e3c08420a975d21c6ebeea2167897b
cifar100_proser_fedavg__split00__seed2__d0.5,0.1,12,abb88d4880937ba0e993f220ca971f124f7efbc02f6c9cb1d362e86bf50d9893
cifar100_proser_fedavg__split00__seed2__d0.5,0.15,12,c0c57477a04cd4ad41d8929803a45826ec7131394092d247375135fd79709406
cifar100_proser_fedavg__split00__seed2__d0.5,0.2,12,1565e885b243574cae72b45e311727fdabd07ed8da28d7ddc3e66da80d2f764d
cifar100_proser_fedavg__split00__seed2__d0.5,0.25,12,17ea4130bde553ebc7d21cb9e5f8af9078ce7441aadc73b22cd27b9a6b7adc97
cifar100_proser_fedavg__split00__seed2__d0.5,0.3,12,81cbec5a358f9df093404c96a9e3b8441fe046e97a2018e86854cf0e9e4d46dc
cifar100_proser_fedavg__split00__seed2__d5.0,0.05,12,886bbe697523a0b19128fe8455d4ba2d28610eb9108da782bc0c09160671ae6b
cifar100_proser_fedavg__split00__seed2__d5.0,0.1,12,e24a8d66077a4ccf593b82a11be062eae535b5865d6915a996b0d9b6fe2eb18c
cifar100_proser_fedavg__split00__seed2__d5.0,0.15,12,e346dcc527100e608e447789df4e1b2bf93bb1d91fddf94d58bbfdd19b1d04af
cifar100_proser_fedavg__split00__seed2__d5.0,0.2,12,b1b4ff1fd9ef68905171e63f516e610efffa2efdd144731eb6288a7ebdce9452
cifar100_proser_fedavg__split00__seed2__d5.0,0.25,12,38161f8db47ab75fada5373085e9958eed8d57a1df5e3fd555a4909192020da4
cifar100_proser_fedavg__split00__seed2__d5.0,0.3,12,e07139e5887afd734d890b93fb51ec406c0f713ba220b097b89624688fa66d3b
cifar100_proser_fedavg__split00__seed3__d0.1,0.05,12,f7793f06a0a9f70136c7b2f2ff678156f9f346e16f6663d7f3226f785f0d4508
cifar100_proser_fedavg__split00__seed3__d0.1,0.1,12,a1ad858819f5e361ecc4f55f945a3f66f8319f575ff9d80c8347435a3b76b52b
cifar100_proser_fedavg__split00__seed3__d0.1,0.15,12,6282ff58838737ad4cd4313f593386d0f4dd722836d5fad76f6343824e9ce327
cifar100_proser_fedavg__split00__seed3__d0.1,0.2,12,4af64f46b361601363320170a3f6615b0190d41eff0bce96b077c83542c76cb0
cifar100_proser_fedavg__split00__seed3__d0.1,0.25,12,acd5f800b670c0218a1f9608167361006b574f6ab22d5871b8fb34be7fe5a178
cifar100_proser_fedavg__split00__seed3__d0.1,0.3,12,02dd0f476363a652199e08f2e20276c47658f5c1eb3d1b76657f7f19e81b1e3e
cifar100_proser_fedavg__split00__seed3__d0.5,0.05,12,a8a01837f0e05a5dab71c913f8520f29593b82826aafd28cff20005a07f3caf7
cifar100_proser_fedavg__split00__seed3__d0.5,0.1,12,67c0daba5d5cfb80ce8f0aeec62b09fdb49170fcfbfbe5b7f82d7aa4e4648848
cifar100_proser_fedavg__split00__seed3__d0.5,0.15,12,5887db6d156f3381c1140bd0de94ef381ea2e70f94b78e45ae79e2e4ee3208f3
cifar100_proser_fedavg__split00__seed3__d0.5,0.2,12,377fd3409f6bc7ade7a4aac7509d7edacbf42b88d7c6de68bf866d8f9ae0fafd
cifar100_proser_fedavg__split00__seed3__d0.5,0.25,12,d2846162f2aca1a919d985200892436b937b718aef5e1d2144bd72e3839a77eb
cifar100_proser_fedavg__split00__seed3__d0.5,0.3,12,18621dc77b50260bf9632793fc09ee3757795aca34f9e2a26fd9184f55717dcc
cifar100_proser_fedavg__split00__seed3__d5.0,0.05,12,ed573e1a7b6d2dae200ecec5759d5fa740752340965c85ce5d538de7d6c70b2c
cifar100_proser_fedavg__split00__seed3__d5.0,0.1,12,48d16f58ed53d0441c5ade282e4d09860c8097a8b3929a5f85ed1ab76b0114ef
cifar100_proser_fedavg__split00__seed3__d5.0,0.15,12,c7ce0c9485e3768221f22c2b2a9c19171c820cb90b22edce4cf8be0249bf4e21
cifar100_proser_fedavg__split00__seed3__d5.0,0.2,12,46aed3c5b35c9b3cf420c94ad122a542c3a8e0ebfea522d258cd2b1caf67e7a0
cifar100_proser_fedavg__split00__seed3__d5.0,0.25,12,d048bcdfad72466f7d35511acd97db33fe0b19353836c5f09fdb79600ca5854a
cifar100_proser_fedavg__split00__seed3__d5.0,0.3,12,785473be9df12209cf4b43b285d27067f6a261506ab982310888ee4dedc5a93e
cifar100_proser_fedavg__split00__seed4__d0.1,0.05,12,4da37ca02a3fa0e1a917494a3ed63e0fb4481807afe0c0a271c14875765c2269
cifar100_proser_fedavg__split00__seed4__d0.1,0.1,12,70add787aac1a1dd65d54d3c32565b5f58c30294981643ed82f476eb350e993e
cifar100_proser_fedavg__split00__seed4__d0.1,0.15,12,170b03b77d52755412bc114c8834a0dcffcf54aeea0fda48a19d30a6f4f60a19
cifar100_proser_fedavg__split00__seed4__d0.1,0.2,12,5b62d5d5b0b24b07bc455fd6c163bcb96e86bcf2a0a50bea97e6fae1cc7e6edf
cifar100_proser_fedavg__split00__seed4__d0.1,0.25,12,8bf7f67c591d357fb7c5d30ed8953b4be8831872f727d27318dc367e9676edc4
cifar100_proser_fedavg__split00__seed4__d0.1,0.3,12,d02006fc7bc9f6aae0985713b660a22cda3757144b476bde55fa0038bd051414
cifar100_proser_fedavg__split00__seed4__d0.5,0.05,12,037c3ef82c1904fad257b3e3f815b67a293c89ecd81a4b362b5400f1fdf08939
cifar100_proser_fedavg__split00__seed4__d0.5,0.1,12,047191862d9e8b9ce3bc189467d73e9c573c2418ce76dd3007921702dd7a80a2
cifar100_proser_fedavg__split00__seed4__d0.5,0.15,12,cc3daa01cbd98c3ab823351a61ddd70e2f080506bf7f17d060c58321dd87e4d0
cifar100_proser_fedavg__split00__seed4__d0.5,0.2,12,4a317368e09632b59da4a4871728cd9fdecbe976e92085559876b74464e9c14c
cifar100_proser_fedavg__split00__seed4__d0.5,0.25,12,60b7e3f8a400a336844595e1c0a796f8e521e7e70d7a1ebc4b8121cef75f78ae
cifar100_proser_fedavg__split00__seed4__d0.5,0.3,12,d6d3d874bf0b368d956c968b89daab01516c4cdc5213d3f6d42bd30c93a6766a
cifar100_proser_fedavg__split00__seed4__d5.0,0.05,12,28319c3ce4b5d6740b3eb508d9f78afed2aedf5006ba7d7b0d1766d65551dee0
cifar100_proser_fedavg__split00__seed4__d5.0,0.1,12,d5fdff0127fa6cc43fdc048e49d1491263ac7c9f1e49814e220208ccec02a832
cifar100_proser_fedavg__split00__seed4__d5.0,0.15,12,1ddcec4a8b65a0c77d48aa3cfbd4aee1f21cb37a70b7880908df9b3c9c03e06f
cifar100_proser_fedavg__split00__seed4__d5.0,0.2,12,eb39d723d9b0454fcde23247d96036734c19f06549686419ffb6d9d885cf6fe5
cifar100_proser_fedavg__split00__seed4__d5.0,0.25,12,4da78a581d1c957d9e99ad1215e858c163d06f61e91374851eafa5529022e08c
cifar100_proser_fedavg__split00__seed4__d5.0,0.3,12,806c6bb3a618d50763056dfdc95cb5fa894537699a686b30f22ebc5f9a53dbe9
cifar100_proser_fedavg__split01__seed0__d0.1,0.05,12,45de63704dfc5b663d9c144028ffcc17ce75b04727d2a157c4290a985f905fbb
cifar100_proser_fedavg__split01__seed0__d0.1,0.1,12,e8bc35da866c92b99557cd0d99c9b2f348459305a335b0d3c908624eaaa73f00
cifar100_proser_fedavg__split01__seed0__d0.1,0.15,12,4dde3bad3e43a7950d0f326a92de05c30cb8e725f5658dc2ecfbe3fa14f9c3ac
cifar100_proser_fedavg__split01__seed0__d0.1,0.2,12,7a3297733738245788093b4bb0dad22be5d184fcc8fe26fc6f977b3938428c58
cifar100_proser_fedavg__split01__seed0__d0.1,0.25,12,1f7b3fe438c8d5cce8def4d37d90b709bcf7e00cd8041f98d7892cf555cbbeb7
cifar100_proser_fedavg__split01__seed0__d0.1,0.3,12,5f12a7069c238e182a0d311317895f86fcb68a256454efa90b25ba1e74e7c648
cifar100_proser_fedavg__split01__seed0__d0.5,0.05,12,bd11ea209a49dfba7d6965733c17b5036c0382280e254a7827c27d5a476ac73f
cifar100_proser_fedavg__split01__seed0__d0.5,0.1,12,6caacdb1bf73d54bd5cc3bcbbd30b232266977d9bb16596c50b4cd7a64c0102e
cifar100_proser_fedavg__split01__seed0__d0.5,0.15,12,3f38a48b3d2d2bb412b2580bfb3349c5219ac1c11c790d3034dd281717689608
cifar100_proser_fedavg__split01__seed0__d0.5,0.2,12,7ced8d807cc5c6c644a9a797b122f6bf156da8897605467a0e4fcf7d8a8e2f6f
cifar100_proser_fedavg__split01__seed0__d0.5,0.25,12,77a62ec7a7d52e743088ad9f4dc29aab1cd38895359119fb9549040d72efb607
cifar100_proser_fedavg__split01__seed0__d0.5,0.3,12,d06b02cb63ff65aa373441133f5aa6b2d0655960766905000882acdaecb05b34
cifar100_proser_fedavg__split01__seed0__d5.0,0.05,12,4fef7c9bcb0f96755c4516f6028cd8071379230096d4025be4e661cb565ac429
cifar100_proser_fedavg__split01__seed0__d5.0,0.1,12,edf2ff95fec610c70f91f9e3415a6d5680413458043106f2d114d272ca28930b
cifar100_proser_fedavg__split01__seed0__d5.0,0.15,12,a7ee5a0ca7a5d62e1e925ff6f5cba33e6b55e146b44634c958d4db4e9e01653d
cifar100_proser_fedavg__split01__seed0__d5.0,0.2,12,b9e621c023e0deb091874fff906c552c60641fb593db2ec5385d48ca34951920
cifar100_proser_fedavg__split01__seed0__d5.0,0.25,12,7160e37a8669699e95e3593fdba828a8c92bc3dd5e9db52eaa8d5f50627a6edc
cifar100_proser_fedavg__split01__seed0__d5.0,0.3,12,bdd4cabca488cdf2abe3b9cf57d2f720b993f21fd9dac84b6884449783e43fca
cifar100_proser_fedavg__split01__seed1__d0.1,0.05,12,53d231cf1aaf861f553457bd5e9c237324c16dc52d7fae3f92351209cdd68717
cifar100_proser_fedavg__split01__seed1__d0.1,0.1,12,c62f72eec3b7f37642c9309e915715332df812179e2cb07c85e9e681cf2a592c
cifar100_proser_fedavg__split01__seed1__d0.1,0.15,12,b6e6a4e4f2b0b1dbb33c5e32bc5e270da9811b93bfc8f556f54cc56f30ab7415
cifar100_proser_fedavg__split01__seed1__d0.1,0.2,12,7976c974bd1e9da2deeb0627dcde112df20d575cf17a72a5e739afbf5f00a037
cifar100_proser_fedavg__split01__seed1__d0.1,0.25,12,1c020c2546acddca167abdb0a3882e5cdde90d1d5eb4d8d5dedd5f9b1fb2c098
cifar100_proser_fedavg__split01__seed1__d0.1,0.3,12,8b5a148b4b6bee0ab8cd87d864653f943e58f5adb4dd4d2f66108da74c646245
cifar100_proser_fedavg__split01__seed1__d0.5,0.05,12,3ff0c87bae8f58f6e586cee13becc537e170a0c495695ae951ee92e1172ff2eb
cifar100_proser_fedavg__split01__seed1__d0.5,0.1,12,dbc6a8452e1d5413343f8566cef848d8c922d8feabfba6a1019e19b1e9244d6b
cifar100_proser_fedavg__split01__seed1__d0.5,0.15,12,ca25ef3f9feb6c1fc3514e3d832bcb427a52b89bd939613e38b7612e5b0b93df
cifar100_proser_fedavg__split01__seed1__d0.5,0.2,12,e371623c44456b8edb0604156af70d960cfdd77e0e57ecc533a261318a08ffbb
cifar100_proser_fedavg__split01__seed1__d0.5,0.25,12,d742ec62f07197256e98b334a1632f17d0415f47bf5600a9faf0ca5d5f5f41cf
cifar100_proser_fedavg__split01__seed1__d0.5,0.3,12,07e23d2ad3ea2b107e6396e385340603042b03c735fee570e0a739e6b7243957
cifar100_proser_fedavg__split01__seed1__d5.0,0.05,12,481f5cd5e68ef0dc407f9b5666f49ac86a5c4f2f09d4a24e502c7ccb25292b00
cifar100_proser_fedavg__split01__seed1__d5.0,0.1,12,2e8461310a5532ce91cf2c9d4e7ab4651c238aee27a30238e398b81076fb001d
cifar100_proser_fedavg__split01__seed1__d5.0,0.15,12,de79a7ba6c86d23661073c29bb532309d5eafcda93c528071e507f324590662f
cifar100_proser_fedavg__split01__seed1__d5.0,0.2,12,a49262340a95c010b0da9179f7a6e19ce4547ec15cf0928fd3cea8c205deed55
cifar100_proser_fedavg__split01__seed1__d5.0,0.25,12,ab78cc547a0cd1339797a3fa85b65471a4a1284bf5e1b06bac85c5a67e9b2bf9
cifar100_proser_fedavg__split01__seed1__d5.0,0.3,12,9f6df99da857de0368017f8c209cb12c2a99b5f2415332d2cb9d8f13b1e08a64
cifar100_proser_fedavg__split01__seed2__d0.1,0.05,12,249c0cbc035055f5cf541f5418b4895c9be4437000ad5280a1b35d3afceca017
cifar100_proser_fedavg__split01__seed2__d0.1,0.1,12,4d99921fca18e4d4a8e98897a619e5434c0cb9fd1309b9f9fc2c9a59a60c3271
cifar100_proser_fedavg__split01__seed2__d0.1,0.15,12,069a695ff819b92c236869968010bad2e0e814dd6dca03c312d49175265aab9b
cifar100_proser_fedavg__split01__seed2__d0.1,0.2,12,19a85db2d4cb02b4b7ed3934669f801c95f0edd0a0544be0ac8fced42b359ae1
cifar100_proser_fedavg__split01__seed2__d0.1,0.25,12,0bd71c612e943d3c00b10fd54ad96c4832680ec1ac083492bb026e8d9244999d
cifar100_proser_fedavg__split01__seed2__d0.1,0.3,12,69933f934951fd4c6bb445a8305cafef1abc2455df8c6107ba4905697d888303
cifar100_proser_fedavg__split01__seed2__d0.5,0.05,12,9059fe5d183cbb3529428f80da4a3943239bc1f6c31928f5ccd3ea3acd179ac7
cifar100_proser_fedavg__split01__seed2__d0.5,0.1,12,b068ade54f4d4f491b8de2661f280ce45460607fd09153304c7f89a367bde2d7
cifar100_proser_fedavg__split01__seed2__d0.5,0.15,12,ccf155b39782fff3ea4a99361f6b1aaa2224111c0ef1ac4375eb6394aad1d5a4
cifar100_proser_fedavg__split01__seed2__d0.5,0.2,12,51ec352f06755c89184ef932543dd88c11188f7449cfb97e3e6c5a7a0c762186
cifar100_proser_fedavg__split01__seed2__d0.5,0.25,12,8e4ce5a2493dbd1d1977473d29cbd3d7349915039eecf1c713b5356a7e1448cd
cifar100_proser_fedavg__split01__seed2__d0.5,0.3,12,ddb37b8b0df6d65c949b02666adbc7c387b03d089e04c1da507c07815c1f7732
cifar100_proser_fedavg__split01__seed2__d5.0,0.05,12,3c31c0499b26519d356bc32f5e0768da5497f007f2af0c65acf625aa29b4e31d
cifar100_proser_fedavg__split01__seed2__d5.0,0.1,12,51dda863b1a20acaad25d440f9f67fcf83ff44003ed6f53511edb1624bac13d2
cifar100_proser_fedavg__split01__seed2__d5.0,0.15,12,079c091a0a94d94911e30ea477b44de5fb3a493e3fa256960ce5fe77f389ea1c
cifar100_proser_fedavg__split01__seed2__d5.0,0.2,12,d6c665b2e069611e4f29f4f139ad6bdf2e8a6eebd409df08edd0aeb5a93cf37d
cifar100_proser_fedavg__split01__seed2__d5.0,0.25,12,d107339ceda81e13b402723bb4d49f0185f2015e7682cd50333b28d611bbc442
cifar100_proser_fedavg__split01__seed2__d5.0,0.3,12,70de5a54996a27624d5db04cb6860b0077fa4e5de1a75a02b5299f9e775ee73a
cifar100_proser_fedavg__split01__seed3__d0.1,0.05,12,f3160a059e1b859815208754fc1f8d0871b395e0c8d8d222f8a7ccf9c62516ae
cifar100_proser_fedavg__split01__seed3__d0.1,0.1,12,fd0f5496db1dc672b5bee3cc5fa4ae0569ae816ca2e8b70c7d45b99516659728
cifar100_proser_fedavg__split01__seed3__d0.1,0.15,12,f64cbdc14098a76b230644afe300ba632dbc2e9a5b6dc184d9f77341161f69ac
cifar100_proser_fedavg__split01__seed3__d0.1,0.2,12,e66f2d39834ce2ca28a5eb0d27abaf478863d5b8cea019e0340f84fda5ab4898
cifar100_proser_fedavg__split01__seed3__d0.1,0.25,12,7ae2b358ea243de263c20b288a6d6381f60b827e99031430b6f9dc927098fd9c
cifar100_proser_fedavg__split01__seed3__d0.1,0.3,12,339d947aa1afebe6d20522342848a1d45c37af6a64fe33090873f44ecd231bd8
cifar100_proser_fedavg__split01__seed3__d0.5,0.05,12,b5cfab54db2594288a2ad05e65426c19b7b97bf0910ded5fbbd24725fd035320
cifar100_proser_fedavg__split01__seed3__d0.5,0.1,12,f412d69b0e693a7491252fbeb968ed11c197a77523a1e9e59a83f26f270711c5
cifar100_proser_fedavg__split01__seed3__d0.5,0.15,12,80ccf70dfdb6a25b6460bd29d93d0316815e2743e54a8e80a89db113fdca6578
cifar100_proser_fedavg__split01__seed3__d0.5,0.2,12,b87ce5b5c80ecb96289cadb3def6c232b88672ffc0bcb336bb5ff4a685559546
cifar100_proser_fedavg__split01__seed3__d0.5,0.25,12,c9d00a82d5f9c9987636adcb2231e34947afb8797335c361313bea0ce646a183
cifar100_proser_fedavg__split01__seed3__d0.5,0.3,12,396c152d3846554ecf39ea038f18badebcad301153130effbab815bd2175078e
cifar100_proser_fedavg__split01__seed3__d5.0,0.05,12,ecca6a93437a8ec585605f5ca0d4ea353956a0a8e6b92d27f440f88b2ef6136c
cifar100_proser_fedavg__split01__seed3__d5.0,0.1,12,421ab2cbeac65afb3b19f4fcac8500a1b9b9c3b694351c3bfe723c8ce83ffcaf
cifar100_proser_fedavg__split01__seed3__d5.0,0.15,12,44c1d8e722fb0dafaae0ebbc14329e6a9fc81987fcbbe6133f5da809bba89d23
cifar100_proser_fedavg__split01__seed3__d5.0,0.2,12,d497e3aca284aeba8693217873fb0c9bf52496967ba05920db96e24ba1df89b6
cifar100_proser_fedavg__split01__seed3__d5.0,0.25,12,a7b24134f464a69296d8a91484604d10670a07c48fe7ff5e623f0d4b2f555e33
cifar100_proser_fedavg__split01__seed3__d5.0,0.3,12,572e9cb8ec61899a00f909990cc81071ea53d80db8aed3d3f855015c645cccf7
cifar100_proser_fedavg__split01__seed4__d0.1,0.05,12,a8bff5c95e6baf8321a6ec71fd6e01c5411f2c9909fdb20c41c4b9fbcfca0297
cifar100_proser_fedavg__split01__seed4__d0.1,0.1,12,64f3aab9ed8f9614f09621cd188cc02e9898754d4119e5929e158202d8a0ee89
cifar100_proser_fedavg__split01__seed4__d0.1,0.15,12,c257dd5c257ace62e142dc600ae44a0487e64478e38b8ee3c98f22f3ad41aabd
cifar100_proser_fedavg__split01__seed4__d0.1,0.2,12,fa1ee82566a29f839c61878e24f948b618bc8d745f3f0f3318967c927b419428
cifar100_proser_fedavg__split01__seed4__d0.1,0.25,12,2a14b51ea22f59ac34df0bd52d8843609e11c3db97d3c3407871c02f2d24daae
cifar100_proser_fedavg__split01__seed4__d0.1,0.3,12,5903bd0de32d379ee187cd9ed572ab50883fcd50496c907784d9fec4c4908045
cifar100_proser_fedavg__split01__seed4__d0.5,0.05,12,067e9232497d73c2978232175d5e91b9d170575ea028173305787d07cdaf482b
cifar100_proser_fedavg__split01__seed4__d0.5,0.1,12,0fe5c99f5bda16f45990af4682240c06cd0a08619f906d9db0ca3f621de14b54
cifar100_proser_fedavg__split01__seed4__d0.5,0.15,12,e0329269bae8d71f38b91d38e98417a3039078cde35ba431616beeda046e08cf
cifar100_proser_fedavg__split01__seed4__d0.5,0.2,12,31cb7cd065223f92aa1df01bca6d22e508442696016fac48415c701de66c4a8a
cifar100_proser_fedavg__split01__seed4__d0.5,0.25,12,d8ce804d50aae134453bb1e8446027133404b05bcfd78e142df8b1b670f2a7c0
cifar100_proser_fedavg__split01__seed4__d0.5,0.3,12,5dd6125c7703f189089f7939c2a45db3a8a1214600c8960f1c7df10e5385a730
cifar100_proser_fedavg__split01__seed4__d5.0,0.05,12,1d7af6300ec1ca095d97c509a2373b1c111bec1274f8a0854aa7a6e0f84722cf
cifar100_proser_fedavg__split01__seed4__d5.0,0.1,12,c83992e53e482bb00107708042ffc881708c628c72dcd55986d4bd65c0580e65
cifar100_proser_fedavg__split01__seed4__d5.0,0.15,12,cf7fa89cfc614225b4e4c1fdc748a715fd617c32bc3a871553909104ed8f515d
cifar100_proser_fedavg__split01__seed4__d5.0,0.2,12,1eb8cd908f2e624ea98b681967f5df1a915a0fb7dd293e5425a6b9491f87f64b
cifar100_proser_fedavg__split01__seed4__d5.0,0.25,12,2a0a1d10bba997e6591b1385e2968c1b3328541e83fc38e5d92b83443011b1fe
cifar100_proser_fedavg__split01__seed4__d5.0,0.3,12,39ee913415d3b1142d9e01f6a84e373fad4fa41ab312ba3594c2a92f41f4cdd3
cifar100_proser_fedavg__split02__seed0__d0.1,0.05,12,dfa78b6256c2ff4a6c6477e8574854540fe01e3e19c4ef1da577fca14af6a4b9
cifar100_proser_fedavg__split02__seed0__d0.1,0.1,12,8d62ccafce8631c10c158bad358a852af50da3a822f26cf97594fe5a516948cd
cifar100_proser_fedavg__split02__seed0__d0.1,0.15,12,d8e812d7f431474efae64e33df25ee57a258ba4f2ecd326c6ea7681ba4da5633
cifar100_proser_fedavg__split02__seed0__d0.1,0.2,12,618b5b422252ac58721ab8b6b87f51a3d0415482872d0c8476932c1e2e415ac4
cifar100_proser_fedavg__split02__seed0__d0.1,0.25,12,ff5693ea43e6dfadb47eecf0dfc49bff7f1e0f4cef4e4755c350d0991e01e31e
cifar100_proser_fedavg__split02__seed0__d0.1,0.3,12,b78de639bb588a7e9f9244eb3e4a8c98e37d47c1889079a441e94ff64fb76953
cifar100_proser_fedavg__split02__seed0__d0.5,0.05,12,96d0eba8db59550acd12a962ddb6a9726a2ce6e8d955f3ea21cbde5e2b5733da
cifar100_proser_fedavg__split02__seed0__d0.5,0.1,12,26cc275d212e7b8e8fd3984faf2f7cc4c5e9205c33b970fa12382def26166cef
cifar100_proser_fedavg__split02__seed0__d0.5,0.15,12,9c198c057e1cfadd251e85755aa7b5bbd79e5521c1971f9e3735d935195f491f
cifar100_proser_fedavg__split02__seed0__d0.5,0.2,12,87762c6a1ce5eb0f1deb2895f6907265e51f02f78dbec56fa7eb58d2883cb414
cifar100_proser_fedavg__split02__seed0__d0.5,0.25,12,132afaa09ec92e1f091317015ca946025d0bd8512a62bd2a0f9e385e68e99357
cifar100_proser_fedavg__split02__seed0__d0.5,0.3,12,9939a3aaf42e2035887d3634ce4f3962b74817d16243e850da4be365ff6e0a9e
cifar100_proser_fedavg__split02__seed0__d5.0,0.05,12,f3abf10f90b985443ad40c494b945caf3380c5177731a81be1d4607723b0bc83
cifar100_proser_fedavg__split02__seed0__d5.0,0.1,12,fee681c664806ad2490327c9eaa06fd65745bc3c4a776aec4343959d493d0a42
cifar100_proser_fedavg__split02__seed0__d5.0,0.15,12,8e1def9a272b468986437de0a5f93b6a79ff53737819890cadbcf7dcdc9605c3
cifar100_proser_fedavg__split02__seed0__d5.0,0.2,12,41c288806f0a93b5a673b7aefc0904f9d399aa3b03af8ccd533ce73703c99d81
cifar100_proser_fedavg__split02__seed0__d5.0,0.25,12,37be6453c4e08e22b15173ebd078ef1e3e0fb9f2d02952fabaf05a14c36a5248
cifar100_proser_fedavg__split02__seed0__d5.0,0.3,12,6b5b1f39bbfbb6f37afebf86c7be5e29b758ea92d38d3400311c39b671696706
cifar100_proser_fedavg__split02__seed1__d0.1,0.05,12,18903d7455db4e1f7b4002ac55972ba9f259c1cd58ec6f535af8e7ef6f6ac371
cifar100_proser_fedavg__split02__seed1__d0.1,0.1,12,63b61c784f7524c0be4c432f12c5112bcb78d4650e5a8b2a6ad19683a4b3587a
cifar100_proser_fedavg__split02__seed1__d0.1,0.15,12,13cf6a1f73f5f57502ba3e1e17b7bb28e855f34bc0e55bf98b205e1399013576
cifar100_proser_fedavg__split02__seed1__d0.1,0.2,12,0126a749284893b03e7540f2fc12996cefa2b058adcac86da4ed6fb203d4ff8f
cifar100_proser_fedavg__split02__seed1__d0.1,0.25,12,a858cd64a15951a3d395529e9770f399b0d45ca44d0f191a4830d4160aa42596
cifar100_proser_fedavg__split02__seed1__d0.1,0.3,12,d36a377a3dad2acd8ec637679419fac9e147aa41a22b51a27c0dc96d57c0431b
cifar100_proser_fedavg__split02__seed1__d0.5,0.05,12,3a897324171b05fce93be7626070e0f3d9fd99508ac4b48d3c0ba3679f8863fa
cifar100_proser_fedavg__split02__seed1__d0.5,0.1,12,a9556b890f2aaf667b7820acb145f35235c1408211a7949f7e8ad77fc5f2851a
cifar100_proser_fedavg__split02__seed1__d0.5,0.15,12,059bc2fc60270ebf8af0996fbd85bd9dbf1175dfee2bed93e62c048e886a5e7a
cifar100_proser_fedavg__split02__seed1__d0.5,0.2,12,94ba88a0513c0135959c0414623452073c096722b31dce97db0d699148c71063
cifar100_proser_fedavg__split02__seed1__d0.5,0.25,12,0e7afe5948e6a75e558867272a3cf39cb818293be70b6df266232ff19d617cc1
cifar100_proser_fedavg__split02__seed1__d0.5,0.3,12,f5ababaf05e547abaa9bf9495b751b9d4b106305fe47ab679dec51dd9cfa15b4
cifar100_proser_fedavg__split02__seed1__d5.0,0.05,12,2167cbe39b37f818f6a65f0199a9472a777b9e33c7a818937d932a204b58f77f
cifar100_proser_fedavg__split02__seed1__d5.0,0.1,12,40a18bc288923ea0664326675fe58da844a77dbbf4a8d108d64e814a649e8c51
cifar100_proser_fedavg__split02__seed1__d5.0,0.15,12,ea97746381ba3db40143daa92bb285cfee757ca6e39df14e1efa7e7bbd21b1cf
cifar100_proser_fedavg__split02__seed1__d5.0,0.2,12,5f4f650459d0ae0b8a1b57c94f84e1bc2012522287fbb565d707fcd803beea4f
cifar100_proser_fedavg__split02__seed1__d5.0,0.25,12,353a8556fd1922cdcec5e5132c2c6b15ca0c00b14a3ac6db8d9128b9cf0c8431
cifar100_proser_fedavg__split02__seed1__d5.0,0.3,12,9cf865e1a6cb0c88622d8e5c075226c8bc803e215df7ad1b54f47cd2b2567a3c
cifar100_proser_fedavg__split02__seed2__d0.1,0.05,12,9b77e8a07143a8899bbc4e03f8d16b2380e3222870c994076c6a48b68f49e031
cifar100_proser_fedavg__split02__seed2__d0.1,0.1,12,9af2c573b7d495ae41cf66f10bf8172fd6a794c66645b259b167d5375c63941d
cifar100_proser_fedavg__split02__seed2__d0.1,0.15,12,f22c91bf420f5ce2fe00a0a0b26e99414f453b68b64094595cb57e9deb60e1a9
cifar100_proser_fedavg__split02__seed2__d0.1,0.2,12,00ad726eccd78cf508b380a8bc49d2ecf374fe016dfc98b91cff043434d467a3
cifar100_proser_fedavg__split02__seed2__d0.1,0.25,12,55c490c24f9207274eabcb0cb22e3df6e1ec46ecde77fb223427087784a3df31
cifar100_proser_fedavg__split02__seed2__d0.1,0.3,12,1d16a8a026c12318ca862ff0462df1b4f8dbdc8adff58a4c76e5a9e82dc9517d
cifar100_proser_fedavg__split02__seed2__d0.5,0.05,12,5dbc4dd8bc95bf3cf06988905106af8b0608475db398ec2a4a757cc530462b17
cifar100_proser_fedavg__split02__seed2__d0.5,0.1,12,3aadcad4fd0a1fac2bca6f307a1c846954208a1c2e421ec41274a1fe61c2b27b
cifar100_proser_fedavg__split02__seed2__d0.5,0.15,12,d9d4ada32d7cbc199ef36c796263e0b4c2e0aabc45b67a41737ad282a2ca7369
cifar100_proser_fedavg__split02__seed2__d0.5,0.2,12,f2dd8e0e0f3a405b6a81d2a2425e7b3f52add532110a5857ff841db3a070978f
cifar100_proser_fedavg__split02__seed2__d0.5,0.25,12,a242fe97deb32d4eb2e7c662121ce407b94973a5f30be6235c7ad58ee9aae52b
cifar100_proser_fedavg__split02__seed2__d0.5,0.3,12,242e2c5a7f03f4d008ba8cdf58317ddd0dc542da02929351c69af48017395637
cifar100_proser_fedavg__split02__seed2__d5.0,0.05,12,c54b83a8a5de1b210cdc5c3fc1f9b4920cb6ac9f4acde3defbb6b762a21ee7b7
cifar100_proser_fedavg__split02__seed2__d5.0,0.1,12,f69858bc26c6000381669b393aabb7925066e9ff67c66c9d0aa70e2877cb3877
cifar100_proser_fedavg__split02__seed2__d5.0,0.15,12,b2df6b10f4cea72daf5e5f702ba3aa4c18043f33bc5ac7b41cce382ba70746a7
cifar100_proser_fedavg__split02__seed2__d5.0,0.2,12,88ed2be5f1f8c2694a83cce2cebbf667f30d699f2c649e8a54e5d6658f9b441d
cifar100_proser_fedavg__split02__seed2__d5.0,0.25,12,ec51dcfe55f8a963deab851a722974c058314cc4d27ec5ad3f8ac8dda0836ab8
cifar100_proser_fedavg__split02__seed2__d5.0,0.3,12,d1315d26e096c601a51afd14a6294dd6c72af969adee9db9496d8656b5e3d4ff
cifar100_proser_fedavg__split02__seed3__d0.1,0.05,12,a7aa375d9114d4e7e75776f47d9cf242b2d6aff6840b7963523b90af24dc359a
cifar100_proser_fedavg__split02__seed3__d0.1,0.1,12,9dddc7b576bd5c584fcb02298a83ea892a9fa87a5e5ea59631cacfb51faa7481
cifar100_proser_fedavg__split02__seed3__d0.1,0.15,12,acb244aaa98ab94804bcea52f1d4155ea0c51c7bb10f2ab0d1eb9bf86be4f386
cifar100_proser_fedavg__split02__seed3__d0.1,0.2,12,4e02e4995951ae30d97c836033a9cca81ab3a7fdf71e2df73bed77a0a08799e1
cifar100_proser_fedavg__split02__seed3__d0.1,0.25,12,c3a1a9ee6189480da0911c273aba14e115360e0bb77846d779185985776a9bd5
cifar100_proser_fedavg__split02__seed3__d0.1,0.3,12,f567d2bc3ebb9dfc7de07e73613bafb4aea4c68c36bdfbcc01201e96a355d4e7
cifar100_proser_fedavg__split02__seed3__d0.5,0.05,12,90bf0afe9d294e4ed2b7c25ab2371fe78083ce6048f00590af85cfc28911ffe4
cifar100_proser_fedavg__split02__seed3__d0.5,0.1,12,e9c651dde4e5058100f3de615b7a42299a78ceff1b398f6c5178035cf6cb2e1a
cifar100_proser_fedavg__split02__seed3__d0.5,0.15,12,3bd6ab65ef7d8719317b2e81bd5dd4262d9fdecb747b673f8a2141d1134eff90
cifar100_proser_fedavg__split02__seed3__d0.5,0.2,12,54876b95ec5c99132396a3f87ba88a24d7127deafd30ccebdc184699f8dd6403
cifar100_proser_fedavg__split02__seed3__d0.5,0.25,12,ed2acf38dc367f685646ecf627fdb0a3287d17d0583a659c42e026d85ed9c492
cifar100_proser_fedavg__split02__seed3__d0.5,0.3,12,3251b4e651829c74322ad66ad51db69057d87f7a57eb145bdaae231d7cf8c562
cifar100_proser_fedavg__split02__seed3__d5.0,0.05,12,3a16ee6d8ba13e34bf74b7a81f3b667ce479ad7c4c0b87d24e6066fdc7e71d80
cifar100_proser_fedavg__split02__seed3__d5.0,0.1,12,47a0df23262bbb1e3ceee1ea2cb3b962d62c044d7e0f582b05cf782592991726
cifar100_proser_fedavg__split02__seed3__d5.0,0.15,12,46ae714a3e3e0e7b70b760840f9a3e3c11f12fd0265e6216d5954b648047803b
cifar100_proser_fedavg__split02__seed3__d5.0,0.2,12,8cabf1585f3beb1fc423f4a2533c835809a8cc40b0f1fe3e6b7dc7c935d68ef1
cifar100_proser_fedavg__split02__seed3__d5.0,0.25,12,b51c6c882d03efd2d1be4144bd00ad90627c194a7269516eef4bb56510a916c2
cifar100_proser_fedavg__split02__seed3__d5.0,0.3,12,fc848b39f00e2c81ad3d33dd5b7d5f6b76b817885294ecbbb541c505cb5e7ded
cifar100_proser_fedavg__split02__seed4__d0.1,0.05,12,e4b79663720d0651bb3c2cd55d6b7c5008b97eb22bf7ae921e5d66edb1beb75d
cifar100_proser_fedavg__split02__seed4__d0.1,0.1,12,f8cde3354d366eecf1ad84afdcac0e133b6cd4015b91d9a99fe5ab5af486ac20
cifar100_proser_fedavg__split02__seed4__d0.1,0.15,12,8f836fa98345bc74547eaf2022cc1acadaa5a99e228c46887fdf7b984c14aa9f
cifar100_proser_fedavg__split02__seed4__d0.1,0.2,12,b3b2e227441452faa61b1f7699640a6570a447e2f4a5531411446dac0da3b7d9
cifar100_proser_fedavg__split02__seed4__d0.1,0.25,12,ee53689fa282a5fedbead88b35fc57b6d71a9e5ea65e939467f8698ef3a9c194
cifar100_proser_fedavg__split02__seed4__d0.1,0.3,12,ecda3cd3d6b59b0377a1c84df4376bfea0d494dcf0b82dbfc5a94c91fbfbe96f
cifar100_proser_fedavg__split02__seed4__d0.5,0.05,12,6bb75bf00e2ab6d56679f8004c0696a7279c47ed705d18fa47fd3e3fc1e481ac
cifar100_proser_fedavg__split02__seed4__d0.5,0.1,12,3698d1573a30f7af101f866a29fe70ac311153ab75b26798eada32b9a48e27fb
cifar100_proser_fedavg__split02__seed4__d0.5,0.15,12,5db21b7397f5926a612269a46174f222ef2ad39a4e4f4490b9aa32bf8bdd97f2
cifar100_proser_fedavg__split02__seed4__d0.5,0.2,12,6051e16211ab4977fbd58bfec6e2f660ca1b2a1ec9121d7b41459207a8f9721a
cifar100_proser_fedavg__split02__seed4__d0.5,0.25,12,36cd8be7f5450d37e9521e70ec6520a43f8bcbf4f7cfa746dff9878bd1c89c8d
cifar100_proser_fedavg__split02__seed4__d0.5,0.3,12,22093365cc1dce02828bd8c01e88a9ec8eb47bfbff0fa08d65abeb60e3a8ea29
cifar100_proser_fedavg__split02__seed4__d5.0,0.05,12,b92df9b6b9196043e1cc08ba29aee93e12622220962b6b09ce3cae8625e87fdc
cifar100_proser_fedavg__split02__seed4__d5.0,0.1,12,35e147cd19544ffcb8a90da830dcbcc39e7f4abd3f06a73b7d45ae9fdcb95b30
cifar100_proser_fedavg__split02__seed4__d5.0,0.15,12,55baf3b64cc867c9ea47809f8ff8ffe25283b011cf2b1d40a484a36c2012c4ea
cifar100_proser_fedavg__split02__seed4__d5.0,0.2,12,2c130f9d6a0f0132022ace944d901844279902c737127e42d50996e11526250c
cifar100_proser_fedavg__split02__seed4__d5.0,0.25,12,99aaa1396bde45088421ddff99292b0d2179d5d1a1dd39de77e8c1f5c1a6a621
cifar100_proser_fedavg__split02__seed4__d5.0,0.3,12,0c4f6381140665df1050f8306b3281b744546027cf1ef8d8c41af73dee0a32aa
cifar100_proser_fedavg__split03__seed0__d0.1,0.05,12,527317b44eec5c81667ede24299afc6c9cb4124a462698d58dfd2da4e5afbee5
cifar100_proser_fedavg__split03__seed0__d0.1,0.1,12,04a0c32e367b06441e7be628889924dbe8ff84c3ab1723f34c7c157c3dffd724
cifar100_proser_fedavg__split03__seed0__d0.1,0.15,12,b2d5d5eb00168cfaf396b3408804a5f53d3598c2674fac8ce8cc1926c8600c21
cifar100_proser_fedavg__split03__seed0__d0.1,0.2,12,e60ef345e33e4ca90d7968a5a45cf8cb6e87d14448dbac346ff600629b5c743e
cifar100_proser_fedavg__split03__seed0__d0.1,0.25,12,134cd811c47ce335ae2e0469c9888c8f9a2e31830df928ebb0cc6040fce01bf4
cifar100_proser_fedavg__split03__seed0__d0.1,0.3,12,0e79cb054dfdf2ab7d14ee9d2a52e1bd293753e61aa6d88fc07a1a467b2c30da
cifar100_proser_fedavg__split03__seed0__d0.5,0.05,12,f8097a5453e065df4954a751f0ca88aef4a93fcd6737dc28622e4744e2778beb
cifar100_proser_fedavg__split03__seed0__d0.5,0.1,12,b4ecfd7c4da9a3f860fbdb44613c08edec81c0af8052055ad4768fe1efdcc0d2
cifar100_proser_fedavg__split03__seed0__d0.5,0.15,12,613c58d560fb7c6331baf4fb26e2fbca333dd86bee2d11e41a29b502a895fef3
cifar100_proser_fedavg__split03__seed0__d0.5,0.2,12,bb7ef53358d748bdd47352127b8e38c7719fe09eb7753547ec6f512ca6dab3fd
cifar100_proser_fedavg__split03__seed0__d0.5,0.25,12,c20b2f82b3df057545711953685581c12567b70170813e726613080aafed6776
cifar100_proser_fedavg__split03__seed0__d0.5,0.3,12,af35779e5214786d800707c63e1bc236f801cfef512e1ed8bb4b293b2de73579
cifar100_proser_fedavg__split03__seed0__d5.0,0.05,12,fe54c721846d47bdd8ee79d1b437fdedb5a028a2309d165873ba360b5207dece
cifar100_proser_fedavg__split03__seed0__d5.0,0.1,12,ce5af52f2e864995f60b9326b44755dcf7988686440db1cde85a967948e82e74
cifar100_proser_fedavg__split03__seed0__d5.0,0.15,12,c794bc5b414bfb17b8d11fa81064fe5e03292d35ac20520e36d71d3b8af2aefc
cifar100_proser_fedavg__split03__seed0__d5.0,0.2,12,0d162506e1feec44d004890899b55c58f7e538f272fe951e3ff77f286bc0fbe4
cifar100_proser_fedavg__split03__seed0__d5.0,0.25,12,061d6ea4dc522af71ff95ab00b2e556b35680c5621b3cb04308fddfe8151f602
cifar100_proser_fedavg__split03__seed0__d5.0,0.3,12,e7d91264dc4a2dbfd7d06e8a3cd462cf647a9cef13110d5c9ed21a7987fc5cb7
cifar100_proser_fedavg__split03__seed1__d0.1,0.05,12,a9d8158b7d02198167e737e501b4170324e6f68eb0d254fcd4a3f74386424831
cifar100_proser_fedavg__split03__seed1__d0.1,0.1,12,8f8851827613cd09cf3c49e2aff65541bf758f8978532d364ecf1c5ff3c335d1
cifar100_proser_fedavg__split03__seed1__d0.1,0.15,12,99ffbc14743029324898dc816fe3cb0ca76f97c122cdaf4327cbbbc83d70ea29
cifar100_proser_fedavg__split03__seed1__d0.1,0.2,12,a181ca41c1676b2b21239e50839f63f2c571e746dc6720ee56599ca34618b0d9
cifar100_proser_fedavg__split03__seed1__d0.1,0.25,12,2d75b1261f31c7f2ec993e070181e1dde1180bb0444c9566c378b2c0dd2acd03
cifar100_proser_fedavg__split03__seed1__d0.1,0.3,12,d3f50f09aeede8227443152ef7fca1b3a65e45b0f2c7bcb77a1095d574920a6b
cifar100_proser_fedavg__split03__seed1__d0.5,0.05,12,07731b1d97d58626be643c29909a4e5177b3cf849eb45edd145e49f3bf91bdca
cifar100_proser_fedavg__split03__seed1__d0.5,0.1,12,4fcc5eda593dd01aa4583cf2bcb762ecf552c3ee14ff9f5f543069c01d9692f4
cifar100_proser_fedavg__split03__seed1__d0.5,0.15,12,37dd00f8dcb33fdc2c79898933cb44da249b760181892136af246c6a0b48c976
cifar100_proser_fedavg__split03__seed1__d0.5,0.2,12,fb536596518fe2293f291b242708801b45f3b65ca6115e22fb18784f2ec4e84d
cifar100_proser_fedavg__split03__seed1__d0.5,0.25,12,3faaf3d3882556448e61398521d0641b970deb80c2bb4b2ec0bf6d454b96faf9
cifar100_proser_fedavg__split03__seed1__d0.5,0.3,12,86d7e48ae8a6c332404772fc3b2c408d38bf7e6c2eb7d96ebbc58a6c3316dad7
cifar100_proser_fedavg__split03__seed1__d5.0,0.05,12,c1be3d33d5a898094581f576e63c8322e5875b9eeb3b3e97edf2783a543ceb4f
cifar100_proser_fedavg__split03__seed1__d5.0,0.1,12,8f8f6e01b1a088e46ebe4fcbbdce07da618a9b518f1e85fc272f9c6610aa5df9
cifar100_proser_fedavg__split03__seed1__d5.0,0.15,12,945268b91bead2b5d6b71aa0aa7c895bcd2dc78294b5168c68289a828e99d93f
cifar100_proser_fedavg__split03__seed1__d5.0,0.2,12,b50895d6e6c96ba30d69ec49087ad3ac8e00506d894d3111ca624518cf1de465
cifar100_proser_fedavg__split03__seed1__d5.0,0.25,12,b80a4a0558eeb1db5d975d21975a99fa986f2a5d9db94fd69f8778b9cf260580
cifar100_proser_fedavg__split03__seed1__d5.0,0.3,12,ad453502b98abe50d6df8fbac83d2fbd13af7abbd08bb179181aa8f0f64475ac
cifar100_proser_fedavg__split03__seed2__d0.1,0.05,12,5aa7707be0f4aac35361d04a1688ba9a1f995a2ad6f136c2f750173eb69e504e
cifar100_proser_fedavg__split03__seed2__d0.1,0.1,12,1434fa12cb0245c99effcc3323513048379843383a5ad44674f9a3ba7432f6bf
cifar100_proser_fedavg__split03__seed2__d0.1,0.15,12,eb612bdffff5e7f1f1cc0f1d1f89628867da26b07f87113537c3cf6c231ab2f4
cifar100_proser_fedavg__split03__seed2__d0.1,0.2,12,c852dfb1c6b70252f58e0687cd2e59b3f24003e5cdba337916603b0efaaa6618
cifar100_proser_fedavg__split03__seed2__d0.1,0.25,12,2e30adecc556399949fe21305e5c62c004a500baaad39c937525c5211029ac68
cifar100_proser_fedavg__split03__seed2__d0.1,0.3,12,3f7eda96b040050be71ccb8dfae1cba49ca01082f6154523783475517719eda9
cifar100_proser_fedavg__split03__seed2__d0.5,0.05,12,b611092eb442cc261b9ad73c18b085088922ce6e3250e8d954b2d0ab36325fcb
cifar100_proser_fedavg__split03__seed2__d0.5,0.1,12,65dc5243f62f25c36b99c72ed90f77d6b73a9ae51ed3314f8743459920703c4c
cifar100_proser_fedavg__split03__seed2__d0.5,0.15,12,9b14562967e0b1df1cfc9a10d9a98e360a3a72f5f88670d4ac4c5dfa9deec2dc
cifar100_proser_fedavg__split03__seed2__d0.5,0.2,12,35509903b6e26b9f074a02d25ecec70b7b5d4181481324f816896e8aa8e127e1
cifar100_proser_fedavg__split03__seed2__d0.5,0.25,12,dee382cfe2f6a84ad3afa413a1c70866e12694b9ef0ff6031153fdb6d4aa803b
cifar100_proser_fedavg__split03__seed2__d0.5,0.3,12,61fa46670018da1dc66e265234f769aaac51e10dbbe8377ec5da59ec0176de40
cifar100_proser_fedavg__split03__seed2__d5.0,0.05,12,9a91b991ebcd4704f5c73f82b25505dab9dc8ca88e47f4b3ca12f63633e8490d
cifar100_proser_fedavg__split03__seed2__d5.0,0.1,12,99724177b0bced555899efa0889d2fe544d047b888db2dec2fe5d15e7e36f4b9
cifar100_proser_fedavg__split03__seed2__d5.0,0.15,12,f04eff94b1e771a4d92615ea1c6486975170e318bb7ae000a1a5f9d722953845
cifar100_proser_fedavg__split03__seed2__d5.0,0.2,12,e5933b851caf6490217791794f329052889562c77774802af4b03a7222bfa36d
cifar100_proser_fedavg__split03__seed2__d5.0,0.25,12,22f7a0c62266b8b4c97e804cd7b411095a95f57e9dd7fc0baf1e512a102e69d6
cifar100_proser_fedavg__split03__seed2__d5.0,0.3,12,c78f1524dd1a850681a7945bf869c27a969f0183da50af5ccacca1efa2f92c62
cifar100_proser_fedavg__split03__seed3__d0.1,0.05,12,f4d117359bb6a58417123d7eb0e216a8c1be9cc29e2a61e8708602bae24f185c
cifar100_proser_fedavg__split03__seed3__d0.1,0.1,12,9582a4cd6280d692d809bae2d27852943d1215d04e4d729b7cc2d2ee09520cd9
cifar100_proser_fedavg__split03__seed3__d0.1,0.15,12,57a4cf771788cda5ab13f64e157964ffe8dca9e42fc92da494ab76e4626ecc38
cifar100_proser_fedavg__split03__seed3__d0.1,0.2,12,61669d52be2bac56ec76de4b8cd923e188eb7e96eb98f709385f43cc885a81ad
cifar100_proser_fedavg__split03__seed3__d0.1,0.25,12,f4bd31f115c7c01dee010a91141bb139534eb0c4c227e0fd6c4b9fa0d21ecc65
cifar100_proser_fedavg__split03__seed3__d0.1,0.3,12,704a2ea3faa053c0b12664adddc4825f7026eaa99b4cea0453a1fa7c498c05bb
cifar100_proser_fedavg__split03__seed3__d0.5,0.05,12,5b9546a57c366a6a505d593ff4d3c01b9bd0d07fff0681b4fd4eeb3407486188
cifar100_proser_fedavg__split03__seed3__d0.5,0.1,12,d3d8b94ab2699f8484dce88a7c8c00a6b0922cd11c91df87c0cbb63e901d6e4f
cifar100_proser_fedavg__split03__seed3__d0.5,0.15,12,36d8b3ab9162755749f92e922850b1d405e14222cb64a5f9bd977eb894076d8e
cifar100_proser_fedavg__split03__seed3__d0.5,0.2,12,31fc9c1fdb84c8fdec33eca0b5765c63f89a7b5819fe75fee21e15f730577a43
cifar100_proser_fedavg__split03__seed3__d0.5,0.25,12,ad582d743adcc3a2bf0c833481d8f196acbef7629b2b1714ed6a545343f023e2
cifar100_proser_fedavg__split03__seed3__d0.5,0.3,12,ac1be50ca214428d2757bd095d19c63c6337d250a05bd015c6ade5787f546e12
cifar100_proser_fedavg__split03__seed3__d5.0,0.05,12,054ad4c9760649e3ad2d22409b47e505df4aace2384cd81d7d51d91d4fcb5280
cifar100_proser_fedavg__split03__seed3__d5.0,0.1,12,729ab8d4684a49d6f2d144b7d6ed3b31e0501c85aa11e1be0908bd3f82c69b30
cifar100_proser_fedavg__split03__seed3__d5.0,0.15,12,4e76e2a16a17c89ab8bd4dedf5914c081117a9c6094c29da9ad11505505693c2
cifar100_proser_fedavg__split03__seed3__d5.0,0.2,12,40f9ce58ff71cea8c055340a734ebea529f6f92a264f124d93acc068facf57ce
cifar100_proser_fedavg__split03__seed3__d5.0,0.25,12,5d3b734a4522061b9b7131f345e6ce1374af32bdc2889b6583d605862e84fb1e
cifar100_proser_fedavg__split03__seed3__d5.0,0.3,12,4ce350052fd64eb555639e252627180d006a18dbd4405c73d03e9a944fd8266c
cifar100_proser_fedavg__split03__seed4__d0.1,0.05,12,887bb8c8b207351260b52ece2058c440a7fe7f16282a01fae7b25f2737f3572e
cifar100_proser_fedavg__split03__seed4__d0.1,0.1,12,ab0517fb8a7fd40c83f7d833b3b51f7cc0c14b9829e1d3d265e839fc1cae1e06
cifar100_proser_fedavg__split03__seed4__d0.1,0.15,12,6ba15794b440ce8dd12b4ced3e4579f2cbc629163a3c159216092a79fb0d0d87
cifar100_proser_fedavg__split03__seed4__d0.1,0.2,12,383d8def1634abcf5978416d19c18737d0fb5f7b939170daa3ee3319b545abf8
cifar100_proser_fedavg__split03__seed4__d0.1,0.25,12,366c9ab92001bdc4b8fdbe8ba2a939a7a2da4e625c5679ab228461e90cce42ea
cifar100_proser_fedavg__split03__seed4__d0.1,0.3,12,35536de4d6de48165d5c3ef05391f0f9114536c1f31bc11bd4cf44525d63cc61
cifar100_proser_fedavg__split03__seed4__d0.5,0.05,12,80b437beb82df658024b0952dd3744e08e96fb0f8b4a483035e0d3cf7c360b91
cifar100_proser_fedavg__split03__seed4__d0.5,0.1,12,70e423ff05133cd0f4f7c9ef8724370c4fa179a8bd639164938c7b461a33f1a6
cifar100_proser_fedavg__split03__seed4__d0.5,0.15,12,bf95df81a144343a45f995edfcb6449cf53f2f582d1b77ea392d10915b6998e9
cifar100_proser_fedavg__split03__seed4__d0.5,0.2,12,2bbbc00f192f328dc22ab84d0b18b5b57fd2ca3aa0cf4439748145854d14c8f4
cifar100_proser_fedavg__split03__seed4__d0.5,0.25,12,7b578b0665cea0c8e20025affe5a000ca27085894688a7219780fcc23860bc0f
cifar100_proser_fedavg__split03__seed4__d0.5,0.3,12,4730e697bbb29d5ac7d35b34be5a45eab81b2052ad800979a597e0174918f520
cifar100_proser_fedavg__split03__seed4__d5.0,0.05,12,35116a10558832572ba9d4e2da674885a34b1793ad20ef56eab59719376a9d61
cifar100_proser_fedavg__split03__seed4__d5.0,0.1,12,ef3064408c25b376dcef4cb46bc012273050e56bd078d602a21e6b15153605ba
cifar100_proser_fedavg__split03__seed4__d5.0,0.15,12,e3239e4b04499014a0295b024b780ff8818e5f582c74880b18e71f27b3c9c080
cifar100_proser_fedavg__split03__seed4__d5.0,0.2,12,3a55a3949a9bc974dec29bc7072f41c636cbed6e48439a469f81ca00a963fe87
cifar100_proser_fedavg__split03__seed4__d5.0,0.25,12,fba9bc478f8c69d67a71d7230a668ea1a337c84241f0f23e870d6159eb4b76ae
cifar100_proser_fedavg__split03__seed4__d5.0,0.3,12,ff7dad2b396e390516090e5d3ff7ffac1e2a96008b20dba5d9e0af7dce78c808
cifar100_proser_fedavg__split04__seed0__d0.1,0.05,12,42bb1624f402a09881ee04452fadfba1fd297a3aba155e28bbe8d2e17b97b116
cifar100_proser_fedavg__split04__seed0__d0.1,0.1,12,2ce85029a7d65781e131dea3b596a3a144a8f562a0fedd89eda1a832f62d0b3b
cifar100_proser_fedavg__split04__seed0__d0.1,0.15,12,577af17bc589e933194f30788b5d37729620bc93c2b8e52e2e4216b96e975e90
cifar100_proser_fedavg__split04__seed0__d0.1,0.2,12,2fc3b421a1a822dfaaa4dbf113bcd7967c1b0a1d7b0b6aec395e1d0db1a0a1d2
cifar100_proser_fedavg__split04__seed0__d0.1,0.25,12,2707b473cde5f91b8ed7c0f21820e6be343b0e0fedda73a4a6fa86ebeeaadebc
cifar100_proser_fedavg__split04__seed0__d0.1,0.3,12,d78cb45eb7aed40d429aaf0c15a78d57950978e5e889dfc69613b69c70986948
cifar100_proser_fedavg__split04__seed0__d0.5,0.05,12,0a2b8d8140daa91513d32a3cc632ac629e133c848b9ff2d0c68535fa5be0d114
cifar100_proser_fedavg__split04__seed0__d0.5,0.1,12,f3a0f641f8fd0f2b4cb6f710c855cdef0981b919023a7cf9d40e1ec19ebc5a40
cifar100_proser_fedavg__split04__seed0__d0.5,0.15,12,f588888fb3a20a1dc514440c24dc50ae77d1bc902489dd28c3566a63ae168983
cifar100_proser_fedavg__split04__seed0__d0.5,0.2,12,f4f2f17c3f75cf084fbeadd24f0623ccf6f268d9d3bf759cf3c597e82e5ca446
cifar100_proser_fedavg__split04__seed0__d0.5,0.25,12,9f9e50c42caf8e6124623f6e5e28fc8cc0a1b29702d1d400c0153e5b9a01d0ed
cifar100_proser_fedavg__split04__seed0__d0.5,0.3,12,7832b0ba1ec90d72ec35411b1e66237e0ab52a3bdfc79f657bd1faa544a376d1
cifar100_proser_fedavg__split04__seed0__d5.0,0.05,12,e0f2be10e13f5c9cfc781087c85b7e6cddf7fdccd06dce37e0cdb4eb5bc9cce8
cifar100_proser_fedavg__split04__seed0__d5.0,0.1,12,79b69bb2dd44983f56f6fcddf21229e44448c2716bae3229ad378ff3b7131b4c
cifar100_proser_fedavg__split04__seed0__d5.0,0.15,12,4c67c4927dbb7fa8fcd560b1bb9f9bc41aac7c368d045ae2d958ba9850464623
cifar100_proser_fedavg__split04__seed0__d5.0,0.2,12,55c7732de53e4c998d96451347639d78790dc1dc727c1c241165104047c76f05
cifar100_proser_fedavg__split04__seed0__d5.0,0.25,12,0956e0b8e8f7ae7a3c384a02c9001ec0be79cc0e00782dee93c0c2b66715fb27
cifar100_proser_fedavg__split04__seed0__d5.0,0.3,12,9c1217d710c2e3d2307a9e81d893079fa0bde7be4cc3511ff767f616b522a511
cifar100_proser_fedavg__split04__seed1__d0.1,0.05,12,5d0d4006a4c538125d287182d0f9be02adfcf1bc7486ec8b2666f6b2fc7dac32
cifar100_proser_fedavg__split04__seed1__d0.1,0.1,12,51efad7959c5e44352e69f2300fe1529b4c5dd3b77a5c0c4f554d7225e8a2e61
cifar100_proser_fedavg__split04__seed1__d0.1,0.15,12,713ef40edadf5ba17c0caf0a129a658d6bd4cbe8a83f6de1f39c1bbef32eda2b
cifar100_proser_fedavg__split04__seed1__d0.1,0.2,12,73c0367fe01f9448a845c6e67e6a78126be7cc6f9c0275a471c767a678b91879
cifar100_proser_fedavg__split04__seed1__d0.1,0.25,12,a92c3f112af0c2490ebb27521077dedb0d8ab6027880acb40d9ce6314841710a
cifar100_proser_fedavg__split04__seed1__d0.1,0.3,12,8da3b859731614d7ed91e33b021befaf8c08f46d3d69b8455c9ea3edf6e090da
cifar100_proser_fedavg__split04__seed1__d0.5,0.05,12,c9893eaf439964c1865492abcfd78e5ea5af3e2ed4e4d12cda92f2bcf7b1ae98
cifar100_proser_fedavg__split04__seed1__d0.5,0.1,12,fd31f84393ea3285afb190b438c1c79518142ea8ff7619c3f65e592044c0228c
cifar100_proser_fedavg__split04__seed1__d0.5,0.15,12,789dcccc89ebf62a20b8dc24c5ba31ca8ecce6ab52d3884bb44628eb86942c41
cifar100_proser_fedavg__split04__seed1__d0.5,0.2,12,37d93041e0e8fde151aa21c59a8961f2031100a9da0076a10f980aed49eb9585
cifar100_proser_fedavg__split04__seed1__d0.5,0.25,12,4f05127f40b4b64ece5b9e833b8a3230c96e29fd796d9c6b915e722aa8adbb5b
cifar100_proser_fedavg__split04__seed1__d0.5,0.3,12,a531c3366bc4040ebe22a7c9d308dea3df268f5a6edd4b41b2d64c15cc6a316e
cifar100_proser_fedavg__split04__seed1__d5.0,0.05,12,7c51ac10277ff51db82f7f3a73de29ad6403878fcd27e68a3506b46d53c12dd8
cifar100_proser_fedavg__split04__seed1__d5.0,0.1,12,5189df9d771ea160085513833f036f812cd3bd74fc783471c4fe8a82a7f48242
cifar100_proser_fedavg__split04__seed1__d5.0,0.15,12,7f5bef574b071882f48422c3ef20d3432e87dfe61079837bcb9f95e8aacc4126
cifar100_proser_fedavg__split04__seed1__d5.0,0.2,12,e9c171d3b1cab6d723c769a5795e5eb83d5b8f2adfb263c7281f3a28420d7a71
cifar100_proser_fedavg__split04__seed1__d5.0,0.25,12,6fdea400aedee428812b49fba6f219f41aae1f7bdee6a5967c0c8bce635198f7
cifar100_proser_fedavg__split04__seed1__d5.0,0.3,12,2306f082861aed0ee03781c86948c3e74d0ca3572521c417795dc2bd05223871
cifar100_proser_fedavg__split04__seed2__d0.1,0.05,12,0c77e29edb55c96e4e6b87a41aa61b25da4f37ecffe960955e1d824c5d92ca42
cifar100_proser_fedavg__split04__seed2__d0.1,0.1,12,de7ed9a532a17286da8c34c36db3cb0bca4eae15c28ce86efb7cf0d0ce3a87e1
cifar100_proser_fedavg__split04__seed2__d0.1,0.15,12,be30d23a6e7b27cbc469c47902f9bf390ec19f8c56060c638171fbc26e7a5ab9
cifar100_proser_fedavg__split04__seed2__d0.1,0.2,12,56e8ffca76a217e6d853bd3181bd4bdb301081a77cabccb6904a6413a7cb8c29
cifar100_proser_fedavg__split04__seed2__d0.1,0.25,12,549491db0097c695bc656d1d10af9a6755d522a492cf4821abd3510d0a686543
cifar100_proser_fedavg__split04__seed2__d0.1,0.3,12,7469d5fdbce4dd7e154586504da05d81d435105c67c65b3036da802ad7633a9e
cifar100_proser_fedavg__split04__seed2__d0.5,0.05,12,515efb771e422a57a34cd50286e4d4733367454d80fbd1e435027d64beca6876
cifar100_proser_fedavg__split04__seed2__d0.5,0.1,12,8d915a04bfc9ae633d02ab80f4552ca7cf413872f7fc293b851f248e9016f634
cifar100_proser_fedavg__split04__seed2__d0.5,0.15,12,e7f6361952c5eb4af01d62768864756ca0761c1215f2928f9c27d44b6b9b2f60
cifar100_proser_fedavg__split04__seed2__d0.5,0.2,12,2e457348b7fc455de812ba25e3ae88ce9f12bb992ef5dc03b5de193b01cd02a2
cifar100_proser_fedavg__split04__seed2__d0.5,0.25,12,1d14bfd8ddf48d1469b3d149d10a988f3946477158cc68bbd28d092db7b2110d
cifar100_proser_fedavg__split04__seed2__d0.5,0.3,12,8d8a8ce83454c67e17dad0fd98c1ba9fc143f517579625995b0da1ad7efb35e6
cifar100_proser_fedavg__split04__seed2__d5.0,0.05,12,34178ea4418f110e839fbddb53aecad5aee380e9519f32fb1c186c01e4a3f402
cifar100_proser_fedavg__split04__seed2__d5.0,0.1,12,d355513ec40f43677f1fed638f907e3aeec5cbdb6ccd45115af2e20427c291a9
cifar100_proser_fedavg__split04__seed2__d5.0,0.15,12,ac78aa15b976db03d8b16b4966475e026ec02f1033ff21ca282632c492dc91df
cifar100_proser_fedavg__split04__seed2__d5.0,0.2,12,e5113f8646ba29362bd9cbb77ab7b8b143789b81e1c78c13e2443cd78a8625be
cifar100_proser_fedavg__split04__seed2__d5.0,0.25,12,6e8980c36a10a9764ae9d214135eeeec46e08bbff0eca61bff959d123963ccc3
cifar100_proser_fedavg__split04__seed2__d5.0,0.3,12,ec56ddceeeb23095c1deca970b608ed27b2b2bdab20f7b483b65ea277246273b
cifar100_proser_fedavg__split04__seed3__d0.1,0.05,12,df57d9b1919c4677b7aa7046590edc04f7136015d69c5358dd69dc470936a1dc
cifar100_proser_fedavg__split04__seed3__d0.1,0.1,12,2fd35db9c4403341882cf1329e2f73706d1d7b58c6dd50c47670380a70871083
cifar100_proser_fedavg__split04__seed3__d0.1,0.15,12,79e08b24a96d1e4c0b190aeee7c457ddb5140224305f1b852151e8dc5ac32d02
cifar100_proser_fedavg__split04__seed3__d0.1,0.2,12,5f4352b300788bd94692214fbeec23a299184d818e3ba7706a803a3c4ee3ef0e
cifar100_proser_fedavg__split04__seed3__d0.1,0.25,12,3ed71e56ddd976679005e2b19990385f9e82c5c63e0cfea74e446d1b73d25afb
cifar100_proser_fedavg__split04__seed3__d0.1,0.3,12,d18379759ea0bd62d5af1c7f101f27db27f551f6015c438315fff7a0ee64fac8
cifar100_proser_fedavg__split04__seed3__d0.5,0.05,12,979a81a9663205f88102f427e7f97d9288c09d62bc96f50171546fc13a5af161
cifar100_proser_fedavg__split04__seed3__d0.5,0.1,12,3bc7656b839ef0f08c1245528d202e451a65ae8cd06cb9aca47e1db0ccb0055a
cifar100_proser_fedavg__split04__seed3__d0.5,0.15,12,84a2e3ecc3599711ab8d4d09b650359ef3378b373410496f52436656caed0f05
cifar100_proser_fedavg__split04__seed3__d0.5,0.2,12,c9980a4e0857d0e7e139634146ac500964c28b9b0630adfd2bba59f7dd339370
cifar100_proser_fedavg__split04__seed3__d0.5,0.25,12,7aea8cbfe88583c0a6cc06db8b89c4a869a55e489a6d01a13b645a63574cdfd1
cifar100_proser_fedavg__split04__seed3__d0.5,0.3,12,26ed11aff97a50ef768d085e6d2efb18249d51a821d6c80863252ad6add644ed
cifar100_proser_fedavg__split04__seed3__d5.0,0.05,12,8d9e17416546bce5f2a6f806ebd18784ede3194aec2edf68232dc3d1924c1792
cifar100_proser_fedavg__split04__seed3__d5.0,0.1,12,1d60cf6885e283dc70da50ba9a99dd48ac0b2514989bffa583b4b087d8e82992
cifar100_proser_fedavg__split04__seed3__d5.0,0.15,12,ef7d8adb15c1ef6d4fbb63f653cebfbcca754d125f776e66222218820544d0a6
cifar100_proser_fedavg__split04__seed3__d5.0,0.2,12,5ac4f3da625ccc4b9628f1bf22d1d292564d8357a827ccc98f29f4b700d0929f
cifar100_proser_fedavg__split04__seed3__d5.0,0.25,12,dd605e890f2d93799cc06b0f8baea0587405348a9be62d0cf58ce0a417601b04
cifar100_proser_fedavg__split04__seed3__d5.0,0.3,12,52475b31b7e60b73db977062abc94ce89bd1feba955ed96ae4a0debf58130026
cifar100_proser_fedavg__split04__seed4__d0.1,0.05,12,f0bdf05804d813e140987460fba1be0f6b4d6728b0c016631ddfab8b3db40db6
cifar100_proser_fedavg__split04__seed4__d0.1,0.1,12,8b6dd373e5103f95bf157264a86fbbdd89ed9f0ee51eb91c31e45f167de1c45a
cifar100_proser_fedavg__split04__seed4__d0.1,0.15,12,42cd20a32b49da6a10d788e47fb55d7ffc66f34694c0cf111e78a2159857f359
cifar100_proser_fedavg__split04__seed4__d0.1,0.2,12,06b3e86f3768b5dac695f02013cadad58fc18ee61db6923bb2f962637fd3a32d
cifar100_proser_fedavg__split04__seed4__d0.1,0.25,12,eb5dc308295a1e30989f0216c34e66f9add5ae1c979ba4f5b78e61bdcbfee417
cifar100_proser_fedavg__split04__seed4__d0.1,0.3,12,10403530f36ab65ddf57edaa65297f0054afbb6b460b0c6b08112b7ee8cabc5d
cifar100_proser_fedavg__split04__seed4__d0.5,0.05,12,e00f2ad1e9964a9f1b43b16e6d158e29e487913435e68ba5c444e8a78578bacb
cifar100_proser_fedavg__split04__seed4__d0.5,0.1,12,d46a686ffabb620a52aad303d9f9375ce69419cba658c04c9f0c395993ae8073
cifar100_proser_fedavg__split04__seed4__d0.5,0.15,12,e58b24dd9f369bf85ca9b3cdf7a0060e54d390fe32aec43565ec76140b899b95
cifar100_proser_fedavg__split04__seed4__d0.5,0.2,12,2c1b39a25fb9c7cf075c4cfc8e0104aed44b38070c7a9a0a0fa5adc9d96726ed
cifar100_proser_fedavg__split04__seed4__d0.5,0.25,12,7539935d766aab09e2efdd768a6f903961f82a7dd20bf3e865f6242c54ceb857
cifar100_proser_fedavg__split04__seed4__d0.5,0.3,12,0071b5a5a85b9475e310d17e589c7c795a40bd9bc12571ff5e7d11a63beb068b
cifar100_proser_fedavg__split04__seed4__d5.0,0.05,12,3529a5e34ac1714e187d2d2d68f8aa73f465419fa2701704055ed5d33055aeac
cifar100_proser_fedavg__split04__seed4__d5.0,0.1,12,2a25f4651bfa45c22e380f7959234a48e71192841794457d23feeb3ab3ee5bf0
cifar100_proser_fedavg__split04__seed4__d5.0,0.15,12,c58506eeb613065cc480df1bd0119963dd8acbe003614a482c7d8738c39bb794
cifar100_proser_fedavg__split04__seed4__d5.0,0.2,12,faea3acc4f58d3c93b9ab56aac281e0ec391385b92ce12533404280b72d16230
cifar100_proser_fedavg__split04__seed4__d5.0,0.25,12,ba810aca2e69e94e9fe33c2d094cc3a709e550f0d00c7c5855e0804feb1c4393
cifar100_proser_fedavg__split04__seed4__d5.0,0.3,12,f725747c55de78ad954c5dc8c59260c5eb25cf8e04c3b4fb350a8e29e7ee86d3
cifar100_proser_fedavg__split05__seed0__d0.1,0.05,12,4b56abff563f3ee5f3880f8707ecfec6d57322b0b657225033c91896e2f872e3
cifar100_proser_fedavg__split05__seed0__d0.1,0.1,12,6d686f9057b52a4a4a291ad4a9aca9ce939ac39e32eb50cee7b7e2632d8ed9f1
cifar100_proser_fedavg__split05__seed0__d0.1,0.15,12,037d34a8833d862aa696cb302800399f230cc68f5fda96c50c6d81a98c774cf4
cifar100_proser_fedavg__split05__seed0__d0.1,0.2,12,bfb28d58dea09848c4ab03cba9954e60b0b5de3459c2d1efd8a756da025dcae6
cifar100_proser_fedavg__split05__seed0__d0.1,0.25,12,e396621dbfc744b23f0cafd1f94a705073af256d40ebcb748eac6d884c287290
cifar100_proser_fedavg__split05__seed0__d0.1,0.3,12,3aa755dd3879b244f786d6da8d24e69e70a5a552af9ce2b4a579bfbdec602f19
cifar100_proser_fedavg__split05__seed0__d0.5,0.05,12,df8450a3270c858b633dcfbd1542e586e91ebb7b89f20d48cc198588449b4d14
cifar100_proser_fedavg__split05__seed0__d0.5,0.1,12,791b5c2982f66c7fb64cfa743edbd92e945a5325f3cbc49605537068513bc909
cifar100_proser_fedavg__split05__seed0__d0.5,0.15,12,14bf64f47edaeafbbd5599fe88b0b5bd9055ef55c811ca9dea594bc422f50fb6
cifar100_proser_fedavg__split05__seed0__d0.5,0.2,12,96b21593d506dc1fdb3f6af999a4e277fb6fc8def4bd3567da4375c7d319e170
cifar100_proser_fedavg__split05__seed0__d0.5,0.25,12,2446c2cdd92da1120d15b813367f7bb8c11af1eef4ce69d80f01ba7c9872450e
cifar100_proser_fedavg__split05__seed0__d0.5,0.3,12,8a73e571ae2b022a9fc67fce50b8d723e2d8befc41c57fcf6cbdb767ebb58e76
cifar100_proser_fedavg__split05__seed0__d5.0,0.05,12,65dbe63e23958f726b36b1a0a847e79694d7cc562660339ad9f826ec9303f9d5
cifar100_proser_fedavg__split05__seed0__d5.0,0.1,12,cbf72a71e807e18310befb88c96484d9ff819f0ba46c2d1548ba90c85e3c3ba8
cifar100_proser_fedavg__split05__seed0__d5.0,0.15,12,9413181d17b0d8e17bcb8815afd9104230525399ad98e94016e89b2502944069
cifar100_proser_fedavg__split05__seed0__d5.0,0.2,12,ac45bf61eff5607a7c9c6b87322209690fe3c0241d6557c6cfc31bf226156570
cifar100_proser_fedavg__split05__seed0__d5.0,0.25,12,ee03aff77fee28610cd4ba700358b1508a6b24aa5029df31ebc50d310bb2f3ba
cifar100_proser_fedavg__split05__seed0__d5.0,0.3,12,48fff5345e5e0b0a22a26430b033b632f1941479593702ebec9be774445d82e5
cifar100_proser_fedavg__split05__seed1__d0.1,0.05,12,cdcf9a312b5291505b834f6be15ca73dce6382463b8c622d5482e9a60ddd7001
cifar100_proser_fedavg__split05__seed1__d0.1,0.1,12,441872a4d30922af0e644df944120ee583d793c170ec2ebb5e32abd3135a2347
cifar100_proser_fedavg__split05__seed1__d0.1,0.15,12,bd0876bcd5bf82283438dc244e249edbca95fcdab73e6edcf67da023dc493284
cifar100_proser_fedavg__split05__seed1__d0.1,0.2,12,ffd45f52260a82ccbb3f1878fe9c8488009d9e9301b2ee47f3ddf370353ba4c3
cifar100_proser_fedavg__split05__seed1__d0.1,0.25,12,cdd93d19345562802e7933a254ddcb8ad996706a3818cfa696543839cd809ec0
cifar100_proser_fedavg__split05__seed1__d0.1,0.3,12,6cfa7665ad50f7ab5d31ca0885dd4a43189698e9620d849199e4f030e7c9a615
cifar100_proser_fedavg__split05__seed1__d0.5,0.05,12,c8cf748b9953b1b99cf089e84bf5d441b30823d9a6320998d11502c710311c60
cifar100_proser_fedavg__split05__seed1__d0.5,0.1,12,0002fb56e96770e8740823364eef043e07e2719aafe762eda74804b84f045f68
cifar100_proser_fedavg__split05__seed1__d0.5,0.15,12,45da53ded58c992c87d673fcb6b7d22310d9928cbf3539a412ce840cd691e64f
cifar100_proser_fedavg__split05__seed1__d0.5,0.2,12,71879785aef5c9c640a36e07c086e30bcffa6b1f29d265ae51f40f7f9eb21f07
cifar100_proser_fedavg__split05__seed1__d0.5,0.25,12,499f6279ca619682f35e21bb81c9611505569b680c26543f3fff6e3349cde88d
cifar100_proser_fedavg__split05__seed1__d0.5,0.3,12,2560d8f9042a56020231466e5b24ce197b66960f059cc006a8231b92f1c42732
cifar100_proser_fedavg__split05__seed1__d5.0,0.05,12,ade67605dfb764300bdb580a6b179a57cca5f5778badf666c8126e423073c8b0
cifar100_proser_fedavg__split05__seed1__d5.0,0.1,12,9e4f88518b4ef0fdd9e5673a4617d227b9d3ff634af601f5eaaa351011b789b1
cifar100_proser_fedavg__split05__seed1__d5.0,0.15,12,65b1ed1d73aa8ac16588ad9b21311d3faeef9f4211b82f4d62e33bb14f0328ce
cifar100_proser_fedavg__split05__seed1__d5.0,0.2,12,5c86f38a3406f2dcf661c9712957c2a9a4a49d03378a92b418c0799519ee8165
cifar100_proser_fedavg__split05__seed1__d5.0,0.25,12,62e14f11e188fb88b771cc24e36400ac3626c95c70e50ccb4ae202cc9232a404
cifar100_proser_fedavg__split05__seed1__d5.0,0.3,12,4e30e42fcadf1afb47d0879eb2fdca8059d1268521663e160a5b335749b65c43
cifar100_proser_fedavg__split05__seed2__d0.1,0.05,12,16b7c5d55b98760ed7740c5dd2181a28112073e4699da0deac2f15b7e19efde4
cifar100_proser_fedavg__split05__seed2__d0.1,0.1,12,af7b6d2e42c5bcc3ee748a6088221cd035e11a1feb4678af2e9e902aba640613
cifar100_proser_fedavg__split05__seed2__d0.1,0.15,12,01f5133971d204438dc8b5229b3698dcf65d4ce1d3a256624646d70b49e01b90
cifar100_proser_fedavg__split05__seed2__d0.1,0.2,12,96523cc68d84df2e1f07d4af9daf7f7abdbf94c9bd07112a94d0ace0fb1d71f0
cifar100_proser_fedavg__split05__seed2__d0.1,0.25,12,663dd85e61126efb5bdf7bdced33527e5412c74f3d44c5a4aa1766cb0f813f03
cifar100_proser_fedavg__split05__seed2__d0.1,0.3,12,4dbf52f2bc885eb5d1e3407e5a550a364a8aab345dd57f866f956439bdc28ba5
cifar100_proser_fedavg__split05__seed2__d0.5,0.05,12,b56a56515cea7f7339fed04a405c9a9398839d01d06c945865e69ed7eb216013
cifar100_proser_fedavg__split05__seed2__d0.5,0.1,12,38570dc10a2acf4959f15c9e322c9bfd783d5b525a68d55dcfff7d9bf50959cb
cifar100_proser_fedavg__split05__seed2__d0.5,0.15,12,381bb2f03b00964b117983d00170c9a73f38dcc0bc26080c8335fd789106327f
cifar100_proser_fedavg__split05__seed2__d0.5,0.2,12,bef973d3fd1d3978513d97aff92bd50fe4ba9ae73a8d0cf7456ab7f20a9f0dcb
cifar100_proser_fedavg__split05__seed2__d0.5,0.25,12,9ca03109bbb9e83eb12bc519dcf86360f94bbeb6c8b4dd873130742e0661f269
cifar100_proser_fedavg__split05__seed2__d0.5,0.3,12,99f1622bf38891c73bbd14e5174bd218bd016c41df6e194cc5c563e1a99df38c
cifar100_proser_fedavg__split05__seed2__d5.0,0.05,12,dd139209adc62ec72012e55995402b4425e601ed7249f6691bb0caac70cda8d5
cifar100_proser_fedavg__split05__seed2__d5.0,0.1,12,166c5215ce07db264caf44402c3743982d10c99348fb9d377099a34add3e1ae3
cifar100_proser_fedavg__split05__seed2__d5.0,0.15,12,f391e3041398a191ac5d1e938725413343e10bb9d528e39d278edc3dd9ed35cf
cifar100_proser_fedavg__split05__seed2__d5.0,0.2,12,6237d0641ee1d46484482f82f794cfe3091faa47deef551b957c04d3fdc50731
cifar100_proser_fedavg__split05__seed2__d5.0,0.25,12,2fe20b94dad0c2278029c6a755895075940c38c86b97cb08cf3409658b8ebdf8
cifar100_proser_fedavg__split05__seed2__d5.0,0.3,12,c77deb09bed2cdad142fc2b17698f7ac27215f3558ef8ffbe4696c179a75773f
cifar100_proser_fedavg__split05__seed3__d0.1,0.05,12,beef5697554b3acedc7b4072cc2cf57f1e46f1c8b5e8b3add6f45452bfd24c57
cifar100_proser_fedavg__split05__seed3__d0.1,0.1,12,d28957573b12024226709f9078fba662988a3a4f6378d8f1167fbd9986c01c42
cifar100_proser_fedavg__split05__seed3__d0.1,0.15,12,89bbbf6fae22054e1af98c977c03e9453ed88f79a75a6645b0efe5cb09b3cfab
cifar100_proser_fedavg__split05__seed3__d0.1,0.2,12,fcf67ff47286ba76d500dc58f58866a090d5fbbd4992682156fe0b3f7853c0f3
cifar100_proser_fedavg__split05__seed3__d0.1,0.25,12,09a2160b6ef81fc48ff824cc4eddb0427f77758abcfe2bb84d15dcd13c07fb6c
cifar100_proser_fedavg__split05__seed3__d0.1,0.3,12,f7192cc49e5b7f483a16f379cec374cac41ad8a56833b49416cf3c7c24fc1ea6
cifar100_proser_fedavg__split05__seed3__d0.5,0.05,12,d87f06bdd2ddfc7c63a944b0af4a9e0967652ccfdbef6f980e59522ee5bb4242
cifar100_proser_fedavg__split05__seed3__d0.5,0.1,12,6b5c5e87d0e0aa4f23dff99a447993da4ac60d5d352456e8ea19436ac39b91f9
cifar100_proser_fedavg__split05__seed3__d0.5,0.15,12,70bbe95c1084537cad62cc2cab7f98b7b68f3444735f9efe0eb8633fe7adad4f
cifar100_proser_fedavg__split05__seed3__d0.5,0.2,12,ee8eb41a64fb70c69e9ba35a944c66f3a2a35fff983e75ce230bcdfa9a3bbcfa
cifar100_proser_fedavg__split05__seed3__d0.5,0.25,12,a2ccf2a3c8deb2efec999409e989677bc270ca89eefb034389a39438330580f4
cifar100_proser_fedavg__split05__seed3__d0.5,0.3,12,8354a068918d54217cf17a1ff2180181ad9ac4db5e1f0236914a4baff3da768b
cifar100_proser_fedavg__split05__seed3__d5.0,0.05,12,f97c785e222a5000f4021289e32971ad5214c686333339b9d95312a55823c4ce
cifar100_proser_fedavg__split05__seed3__d5.0,0.1,12,066844c4c4637bedfbaa77a835838fa8e3ad283e00351824b40327238abeea94
cifar100_proser_fedavg__split05__seed3__d5.0,0.15,12,b98642671d7d595a20fe60f3211f3babaf814635161e86902a1ba2c6d62fd49f
cifar100_proser_fedavg__split05__seed3__d5.0,0.2,12,3aa12c0120450baab1b64addda44dbefa43ca0227125907a20ed834c92be1d98
cifar100_proser_fedavg__split05__seed3__d5.0,0.25,12,e79a4ffb90100b3bb78e9982f9dc6e8d2aeb3dd4c2ec42913eddca285e3cd832
cifar100_proser_fedavg__split05__seed3__d5.0,0.3,12,e8ad669b23ccbb47317f4eb99d689687f94fed2a9534e12e470787b8045340ef
cifar100_proser_fedavg__split05__seed4__d0.1,0.05,12,c4822d685870ca44d77c6ca2b4a83496cc88a1a24c90b7f6d496b6419c7b600d
cifar100_proser_fedavg__split05__seed4__d0.1,0.1,12,b745e24d7edc64bcc2b5b36a45b875c15304651dfee1a8ba8af6810b09bc68ba
cifar100_proser_fedavg__split05__seed4__d0.1,0.15,12,51bd5e00ce71c5fdefb60f25fc83a532da0ee2d2c788237e7c8cf61657bf6a94
cifar100_proser_fedavg__split05__seed4__d0.1,0.2,12,00a3ef975deb80f88171c945cda58cb529e0b9a3d2c7f0887cd31d8b6a2ed3da
cifar100_proser_fedavg__split05__seed4__d0.1,0.25,12,6969eba97a9ecf332e99e88fd5446ed67a5dec5951f0a4a96e7639caa46d3d5b
cifar100_proser_fedavg__split05__seed4__d0.1,0.3,12,6314583150388742405972ca3553aca411b1abe478589590067df39bb7d88032
cifar100_proser_fedavg__split05__seed4__d0.5,0.05,12,b3b90143c89a06a827b05ed02c193530a5dbf06f7d18aef3a309016080a798d4
cifar100_proser_fedavg__split05__seed4__d0.5,0.1,12,b7162be26b9708832f6b07a540878746fc7d2de8b10d759be1f7ceb96c30ecb4
cifar100_proser_fedavg__split05__seed4__d0.5,0.15,12,9908a029e0ace14f54a102d3b016441db86442708f7902ac05bb95127b5871d5
cifar100_proser_fedavg__split05__seed4__d0.5,0.2,12,9faac774350df62b45a95a332aeaaec6889cac4c4ef3e2b028e304377ddb769c
cifar100_proser_fedavg__split05__seed4__d0.5,0.25,12,a8a6f0e7f447af6602adaabceb169f93f9a6cdf7717d2b2ab50f35d8beb4c157
cifar100_proser_fedavg__split05__seed4__d0.5,0.3,12,1853e633516419f9b659ae5dda58856da1f4c5885b132d1c09ef114d40fd8793
cifar100_proser_fedavg__split05__seed4__d5.0,0.05,12,b14dd61a104b7ec25eecc1004d1382a095269285eb7e85e31c179c4916de24ed
cifar100_proser_fedavg__split05__seed4__d5.0,0.1,12,0b2f4cd9e5453ebe3ba9a2a84916fbbb8382e4d9050983d7d251858b2e031d0e
cifar100_proser_fedavg__split05__seed4__d5.0,0.15,12,2d1eb4b4b1747dbaf338bf6e7ec436d255aa1f11ca9dfa8d075a79d6ce7f68a9
cifar100_proser_fedavg__split05__seed4__d5.0,0.2,12,f13d1d41b4c71fab3b2d312dadf04339995b3e8d042ba390abc86850c29bf0bc
cifar100_proser_fedavg__split05__seed4__d5.0,0.25,12,91531bc8ac6798c084c4677e7f8cddc31a74f04a463e466124157a1d071d779a
cifar100_proser_fedavg__split05__seed4__d5.0,0.3,12,86f32844e57a960285d1da4d29b195f9d39c23a3896315269a489780d24737bd
cifar100_proser_fedavg__split06__seed0__d0.1,0.05,12,bab3bcdcf29556beae01174050ed384d012d8eafacdd7ef1efafdbfc2934e022
cifar100_proser_fedavg__split06__seed0__d0.1,0.1,12,fa7a962a541732ff5055a6dc83d872104b5c9c372a23826ec7d2f20a8cc159cf
cifar100_proser_fedavg__split06__seed0__d0.1,0.15,12,5819d64ca6d872716807afc2e01818ba88dcda0942b1734a1f87b14fce1fe549
cifar100_proser_fedavg__split06__seed0__d0.1,0.2,12,97ea2011fdebf8cdbacb1ec88759eb3b95570e8d36e60ce43110a1cb93f94e08
cifar100_proser_fedavg__split06__seed0__d0.1,0.25,12,b7f68dbe216d2648a94f79d74f60dd114459acfb22a9f9ddeaf74741df638b43
cifar100_proser_fedavg__split06__seed0__d0.1,0.3,12,40488b9b8e1446a44e2ad947f265e9412dcc2e478d5394419d5b952fefd7d29b
cifar100_proser_fedavg__split06__seed0__d0.5,0.05,12,7d5ac424ee58793be46f1fdc9b2f6b73255f16832a01bb9b9048804718024f46
cifar100_proser_fedavg__split06__seed0__d0.5,0.1,12,b8a4bfe7900ea408bfdf5691dd8ebbd0436e9673c786b98d76b91b8a64f89b87
cifar100_proser_fedavg__split06__seed0__d0.5,0.15,12,5c1b92bdd08234ebb8c6529005fbf44821378972573c4e28855367591ac0f3cb
cifar100_proser_fedavg__split06__seed0__d0.5,0.2,12,f9fbdb2c4be3249077b4b4aac31f90681bf09b83deac5cced962147a019b2a9b
cifar100_proser_fedavg__split06__seed0__d0.5,0.25,12,564163814525282456613ec766d2fd74f0729e2b6bd6688fb7d0b0f8d7a2d2fd
cifar100_proser_fedavg__split06__seed0__d0.5,0.3,12,240970af6cb0928608425e3b4541e917e91f75e4e5c612e16fe165138dd107b2
cifar100_proser_fedavg__split06__seed0__d5.0,0.05,12,00ecbd937823079b945cc0cf105ae7ada930f8e258d120c1bbb20b27c8b00d0d
cifar100_proser_fedavg__split06__seed0__d5.0,0.1,12,48ec5ae496e69f82b6f667d372d61eeaca1a3c7f6e7f955bd183ee0cc763903a
cifar100_proser_fedavg__split06__seed0__d5.0,0.15,12,40d959f7ae31262fea01e1d375194f365151ea06fc9396122e1ae570106c7d33
cifar100_proser_fedavg__split06__seed0__d5.0,0.2,12,c53fad74d4d550b7643a5a1a89ce3c7cb5efbebeb46a8eafdc03726feb66d352
cifar100_proser_fedavg__split06__seed0__d5.0,0.25,12,e41b2b00b6ca2066736ccc19ada2e8cc3a05ea50d06b7825f84199410673ba2b
cifar100_proser_fedavg__split06__seed0__d5.0,0.3,12,428d2e7a150df2132c13c13ef3cf607a0071aad8817b78175fa4e0c9d961f12c
cifar100_proser_fedavg__split06__seed1__d0.1,0.05,12,a29960961f3c1354ca9d2cf0e2713edd2d52e05587d3547f69411ba7801e3b74
cifar100_proser_fedavg__split06__seed1__d0.1,0.1,12,728bc581b0fa579661122e68bb59b1b225bc8842887e505e7a1d95bbfcc8d784
cifar100_proser_fedavg__split06__seed1__d0.1,0.15,12,03a855c76ff2510638093457059ca86b24e57f4555b6c31ae0f76c5c5f00aecc
cifar100_proser_fedavg__split06__seed1__d0.1,0.2,12,0ccf5785b9889fe14e4e108f836a1457444c1856396d3168e18b82ee209a6419
cifar100_proser_fedavg__split06__seed1__d0.1,0.25,12,842f76a6cdcd954fbd636b18f7f129aae8438499e4b3a4cf544d77ef73cefadc
cifar100_proser_fedavg__split06__seed1__d0.1,0.3,12,227d122883a987521cc88e4540a24c268e8ef71abf4ea86c1e5acedf2d073756
cifar100_proser_fedavg__split06__seed1__d0.5,0.05,12,fa1ab348e584ff29f46f5c710e1f8ceebe5ed8ba693fbf9c301b7f99d29f8c94
cifar100_proser_fedavg__split06__seed1__d0.5,0.1,12,da4baba420fa4a4ce8c3debe0cf4026c96e508feada35ac90cd45e985ef8d48e
cifar100_proser_fedavg__split06__seed1__d0.5,0.15,12,a8bf284b19324f544cc2fe04159b9dbe20d11d6c1dc9eae46087c744aa0033e2
cifar100_proser_fedavg__split06__seed1__d0.5,0.2,12,56aa87412056f6e842568b29cda63e0144b159fc8c46d9b6447b3af8e0816b70
cifar100_proser_fedavg__split06__seed1__d0.5,0.25,12,bb6d439dee630ee9d49174be76d38fe4233f737829855f212c6e52cad5275f5c
cifar100_proser_fedavg__split06__seed1__d0.5,0.3,12,d28e2dd992347b394739d9b36d212d060fee643ec32a15130971ad46a13e79ed
cifar100_proser_fedavg__split06__seed1__d5.0,0.05,12,f6b0cea192e4d3963fe59d1fc544c4c4a8d53099272e4c7db8f0059e99f94c07
cifar100_proser_fedavg__split06__seed1__d5.0,0.1,12,e02150f3656fd8d36a9ea92feff769fa269d04b1bf1d71961fa21e8f41d0fa45
cifar100_proser_fedavg__split06__seed1__d5.0,0.15,12,4a345669b3a1c14471aadb6c16d4dfcd74af803caa4d95977cd932ba85de281e
cifar100_proser_fedavg__split06__seed1__d5.0,0.2,12,05565fb362a479f930c8ee482280576507af29eba01eade5a3a1ec94b3c0c7f3
cifar100_proser_fedavg__split06__seed1__d5.0,0.25,12,530484e73e374b1c5477485f02a869a5e49ae8fbafcc559f1040746c35d49df0
cifar100_proser_fedavg__split06__seed1__d5.0,0.3,12,1d55d40bfe5870d0b57bd5d1be45f73ee21406f58e79c46e65be09584b238776
cifar100_proser_fedavg__split06__seed2__d0.1,0.05,12,d14a4614f4ba7b8f0784bdf120478bf4589bd309ab4cde7bf75bb908aca15d44
cifar100_proser_fedavg__split06__seed2__d0.1,0.1,12,c498726068f71acbcab16e98c0b4a8ccda8a1f7b40457a5818af22f0b8e002e6
cifar100_proser_fedavg__split06__seed2__d0.1,0.15,12,4f773d84443e93ebd24ad982c3f618f78ecf7d646efb2f4b97a2fb07ff5748ba
cifar100_proser_fedavg__split06__seed2__d0.1,0.2,12,69656c96ddc56505f606eb12f23543b4b2e56d9347b65d15010b8499f1c315a1
cifar100_proser_fedavg__split06__seed2__d0.1,0.25,12,0b3cc6f65cde5f4c140fedc177839353dc313537b26a2034cd9f3347c0be070d
cifar100_proser_fedavg__split06__seed2__d0.1,0.3,12,6cc0e99fc341471e5f6cfd8c791693261b62852613c2d6aa602c2116820b1b11
cifar100_proser_fedavg__split06__seed2__d0.5,0.05,12,731a71fd2a30f7de865908ba4ecc4c01b4d31d554095290234a885917b5a5aea
cifar100_proser_fedavg__split06__seed2__d0.5,0.1,12,0944327cf32ce0d15bc03a7d69b147b3853c2a0f6433926ca024b7dbc056c17f
cifar100_proser_fedavg__split06__seed2__d0.5,0.15,12,23e7e3562eb85272d89f50ac7cf6dd847ebc3dbc23503f59ee32832e346b5241
cifar100_proser_fedavg__split06__seed2__d0.5,0.2,12,4632d404d72bdd5d6d1c50104fbf087c1ea2a018cd7a5f9ad4ed4a0ea0a29c4a
cifar100_proser_fedavg__split06__seed2__d0.5,0.25,12,8da69c180b36a41764533fc896bc3c29a3ca8a8c6f64bd7ed424122eeff2c641
cifar100_proser_fedavg__split06__seed2__d0.5,0.3,12,996f8dc4c5dd6d2d7b8660a3a7034bdf23bf73e85d8407a13614f97d8f1350c3
cifar100_proser_fedavg__split06__seed2__d5.0,0.05,12,c6f50ebfceff1d5115442a7b2ba4f9b79749991aa989529c527f0dc0b9248fb5
cifar100_proser_fedavg__split06__seed2__d5.0,0.1,12,3b5127459c696c928710d0157bc16f74addc4a3594669ea7ab118fdb14250f25
cifar100_proser_fedavg__split06__seed2__d5.0,0.15,12,7b8a3f8b693b65d02cdb8bc1ac1b947f2160178082b2e6ad6469f680672b5457
cifar100_proser_fedavg__split06__seed2__d5.0,0.2,12,4933a3c4709b42ac0c8f0748212b578404996c788e3b5ba824385aa94f0bcdad
cifar100_proser_fedavg__split06__seed2__d5.0,0.25,12,0891e7aa396c9d0299f0e8843681e5b2ecc8e094f99b1c8b46861bae5fcde7aa
cifar100_proser_fedavg__split06__seed2__d5.0,0.3,12,6a124e607fec1311bff000be6b962c4c3d705c4b92f27fead42a2ee5a36544ac
cifar100_proser_fedavg__split06__seed3__d0.1,0.05,12,cb41d211769f8d1fed0738bd68eb05c5ec236f5f05ad8eac3994d70f460fc31b
cifar100_proser_fedavg__split06__seed3__d0.1,0.1,12,6051703252965965af51dc5b87d3297b3800b5052540fb9272c5be4ec8622726
cifar100_proser_fedavg__split06__seed3__d0.1,0.15,12,82749f96cd9c91d0f414e380478c4c0aec53f7e6575dc81ef0763969f25dfecd
cifar100_proser_fedavg__split06__seed3__d0.1,0.2,12,b0e975ff8e0f3ff61dd109c2d936817d209c1ccf86f5e3f11410bdd0242f2a25
cifar100_proser_fedavg__split06__seed3__d0.1,0.25,12,9528b062b1fba8ae222c961859f4550dafd1d471cceae6709e490a2977d7c5e3
cifar100_proser_fedavg__split06__seed3__d0.1,0.3,12,4df27bdf3c1e5c42ec5b3443bb6a051095e51fa4f9cd0d057136aab365613084
cifar100_proser_fedavg__split06__seed3__d0.5,0.05,12,df0023e59f587b90e772e54cae079bb3e293bcc8fb07c485eb2397810ca184c2
cifar100_proser_fedavg__split06__seed3__d0.5,0.1,12,6b32fe725568a365b1b2981fc4d8f9e1fc5728499cb82d9e4c83eef70f103ddb
cifar100_proser_fedavg__split06__seed3__d0.5,0.15,12,44cb908758837448037c46a8a8cea3072be47da018d538f3f77c865867f64aa2
cifar100_proser_fedavg__split06__seed3__d0.5,0.2,12,6b853026bb17b12adf824eeea775dcdc07bb1df35181ed46705265db72223597
cifar100_proser_fedavg__split06__seed3__d0.5,0.25,12,6e576be44fa97ac267f70009d9c2f3a7843a953292fa45430fd75c3e286cabbf
cifar100_proser_fedavg__split06__seed3__d0.5,0.3,12,7e5288b758b103cc7f36af5961cbed4d2de2adf6ebdd082efbe20bf4ca2ba224
cifar100_proser_fedavg__split06__seed3__d5.0,0.05,12,5d73c4396524927d03ed4faa2efb56f7ac092d0dccec722f4b98b21b8816fe36
cifar100_proser_fedavg__split06__seed3__d5.0,0.1,12,ffd69d65bedfa1902e2463ce18aebe03eb8b75658b477f5ac379359c0345ec8a
cifar100_proser_fedavg__split06__seed3__d5.0,0.15,12,5daec81ececa4bc98bc2b2bbda6c2d9c90ac89404c997dc905e2f5ac2e316b3e
cifar100_proser_fedavg__split06__seed3__d5.0,0.2,12,a0b77433999241733baa01834a32e980c19a818093057ec95fdd6d52f35628af
cifar100_proser_fedavg__split06__seed3__d5.0,0.25,12,964ae7b8fd1b477e05cd42ae388d2f21425cfa26b9df90ec2e4fe140e3200e39
cifar100_proser_fedavg__split06__seed3__d5.0,0.3,12,4195d7588db9ceb27c1dd00e0d11742ccdef7ab2d7fb32860adee920e3313fb5
cifar100_proser_fedavg__split06__seed4__d0.1,0.05,12,fc77bf7a3659a01c4c0fd1fec1dc4ffa586620e6d04c5b85672c820c32fd7e96
cifar100_proser_fedavg__split06__seed4__d0.1,0.1,12,3c8bdd6ff7c4068c5837401fc081510a0de6788cf36a778b8e7db784352c2224
cifar100_proser_fedavg__split06__seed4__d0.1,0.15,12,6f744300bbcf880efdebd71429c1b1ca031082abe89f0d6c82344974a0c499f8
cifar100_proser_fedavg__split06__seed4__d0.1,0.2,12,2569d8e8b7871b97351046675c35a327e852f89e5f58d4d75762f36c8beb5a43
cifar100_proser_fedavg__split06__seed4__d0.1,0.25,12,082c472c80b969c7ee0da039ad37a57113cb0c459a370263a6f8a3f399417909
cifar100_proser_fedavg__split06__seed4__d0.1,0.3,12,b5f701889d9532bd4d7bed85dd2cdcdbeabab84f4d2e861fa16a336962c1c10f
cifar100_proser_fedavg__split06__seed4__d0.5,0.05,12,cd7f04406ff85e2534da43ae8c6479e600f1b2d380426a116039aa60ec67f317
cifar100_proser_fedavg__split06__seed4__d0.5,0.1,12,d4e0da5b2ddbf153e5f7626e5b7e797169a3e1b00f4ff611dba5e1e4a81070d7
cifar100_proser_fedavg__split06__seed4__d0.5,0.15,12,e41dd74a4bc31771e19b3019139fef9228c890d66ae92ac257258817d81cef57
cifar100_proser_fedavg__split06__seed4__d0.5,0.2,12,19645cf19ca1f1ec6b53c80493aff9c024cc2fe2aa395227de413acf1b656723
cifar100_proser_fedavg__split06__seed4__d0.5,0.25,12,3a9c96b1ec09df837032fd1cabb27005001a6748ac52bcdd33ae1a69c9d9ec3d
cifar100_proser_fedavg__split06__seed4__d0.5,0.3,12,bfa88165bda97e30e44b1acd61845d63fba62c06d663bc37506464327b68ca8f
cifar100_proser_fedavg__split06__seed4__d5.0,0.05,12,d02de815bf5c9c6972abdc8b3795b0d94a40448f4fa8428d514dbf31cff84f06
cifar100_proser_fedavg__split06__seed4__d5.0,0.1,12,ef01517185992e658e6b51cb1a09ccdf390e70f15f8e99405e5ed5e20ec081b7
cifar100_proser_fedavg__split06__seed4__d5.0,0.15,12,4b01d344fecd5c8c93b19271ac9bd95cc64f3f5b8c8c317e7ae6df28e4d67258
cifar100_proser_fedavg__split06__seed4__d5.0,0.2,12,d8261a166dbd137d70f7c51c9bd9c6e6b6b1de7056dc57ef96c0e7d28f3b9b5b
cifar100_proser_fedavg__split06__seed4__d5.0,0.25,12,b50e3cb6931ab006ac9750b9394511138896cdcf9e78e16f0606dbb223be3c82
cifar100_proser_fedavg__split06__seed4__d5.0,0.3,12,74a92d2b8f4743e35e33b12c19eaa584813f31fec5514f7939caf42d41783706
cifar100_proser_fedavg__split07__seed0__d0.1,0.05,12,d688515363996232f78dbd2353086869abab7187f0d0353bc39b70a23cd586e7
cifar100_proser_fedavg__split07__seed0__d0.1,0.1,12,c4376dc7e36f35252fa177a76d7f5abb4fb0769e77b7d8c7474920ea7c0e4621
cifar100_proser_fedavg__split07__seed0__d0.1,0.15,12,f3ef621d9dcbed73f006ae2ab56221d8e11581fa192847335ab2bf4a8eb70ad4
cifar100_proser_fedavg__split07__seed0__d0.1,0.2,12,11b1787dc89ea33eb293f4e704a1c65ed4ddb2bf75b6bc6d9c89e58772b0f2f3
cifar100_proser_fedavg__split07__seed0__d0.1,0.25,12,9d1a1028334b61de8e6c3cb06f3aa703112d23810bb9f13d8afad27a5b690e3c
cifar100_proser_fedavg__split07__seed0__d0.1,0.3,12,33b31c54a22015bb532fc62da127458a1ba51dacb11099835b297b32abb5d0ea
cifar100_proser_fedavg__split07__seed0__d0.5,0.05,12,358b820acea3775e2cb44200965644cda07e5688003e0511a7f5e994922cd78e
cifar100_proser_fedavg__split07__seed0__d0.5,0.1,12,bc468330e8d5a223ce6a31e935f3c659f54ed1d6ec4c75260857cc40a6b55a25
cifar100_proser_fedavg__split07__seed0__d0.5,0.15,12,7fa62b05fa587eb45170632787f1fef73e9a5e1556c0beacbb70cdca2523f92c
cifar100_proser_fedavg__split07__seed0__d0.5,0.2,12,a85e42090fc23183c69895139acf494c71baca91ec8994612aa14f0af10d2a07
cifar100_proser_fedavg__split07__seed0__d0.5,0.25,12,487a50b5b891b198108db1cfd34d7f424cc97d4ca2a5c0ffc9a9e86afef2ab9f
cifar100_proser_fedavg__split07__seed0__d0.5,0.3,12,5fb4e13afb631c09b11f10d55c8f68edc0765ba876ca10618ab70dbc8cb6eb32
cifar100_proser_fedavg__split07__seed0__d5.0,0.05,12,09d57dada66b560c3d6066a8b5a5272c5a613466ae8b7321b8b5fa7e1262fc50
cifar100_proser_fedavg__split07__seed0__d5.0,0.1,12,daee20c2d0c7f315a2636646215b15c237f54fa2e41de1a8e6d36e312e17f115
cifar100_proser_fedavg__split07__seed0__d5.0,0.15,12,46e27cf860b647dfbb449b1cfe1eeb249be31d74fd90b8209a505ad17fd51656
cifar100_proser_fedavg__split07__seed0__d5.0,0.2,12,d22199b15865cb48ea673caeb964e9a68399b50602ec4903288a0c33fc8bbd5c
cifar100_proser_fedavg__split07__seed0__d5.0,0.25,12,7006ef25756925d2f9f344c1ed0066b4ca1d7e3beba167deb1f1a98c514c5110
cifar100_proser_fedavg__split07__seed0__d5.0,0.3,12,d095818a7d3715e2951dffb0b44c55577d1734ca5198bb88aa62b640b68971a5
cifar100_proser_fedavg__split07__seed1__d0.1,0.05,12,7dd2898b9617a1a6fd79bf164e09286223c3cb8f14897f4645cf3c6353b26cd7
cifar100_proser_fedavg__split07__seed1__d0.1,0.1,12,b1b383c28d266f1a9392de8eade63f55d18e98a64a49fdc57b38320d156b0378
cifar100_proser_fedavg__split07__seed1__d0.1,0.15,12,c11614063dd54395e7637625dfae0c0b495dbead8b40f56c8ab09880b64b220b
cifar100_proser_fedavg__split07__seed1__d0.1,0.2,12,0385cd6d3fe8fef3f5829e4a2709e3fae0b93ef21adda2b9ad85107559e5a257
cifar100_proser_fedavg__split07__seed1__d0.1,0.25,12,b963942e8910b750653bda8fee78b63d5300c2d43bd248cbf532040ddda6663a
cifar100_proser_fedavg__split07__seed1__d0.1,0.3,12,394c4a5dab70951a717577f53ec33303993043b5bb5ee931651552e7b0d157db
cifar100_proser_fedavg__split07__seed1__d0.5,0.05,12,8fc5143cb8bd0461eb894d1c44d624abe225f80c7619cae0ac6f17acc758970e
cifar100_proser_fedavg__split07__seed1__d0.5,0.1,12,0354bf16fac986d104f5a77bf42f0f5819c0bea520bcd18da30a54f7397e6b30
cifar100_proser_fedavg__split07__seed1__d0.5,0.15,12,015b1db0784c576c491dd8d8e19b321b6fafd6e08d2d929fd6ff1d54e0da8142
cifar100_proser_fedavg__split07__seed1__d0.5,0.2,12,e80dc479bfb7fb603467c08c170d918662540ac073c38a4f803915d3c01f8976
cifar100_proser_fedavg__split07__seed1__d0.5,0.25,12,261275c0987f30739d52ef1167cc81a06934ad4c3ddbc3659176ba551dd381c9
cifar100_proser_fedavg__split07__seed1__d0.5,0.3,12,7877f97ecefde77c35ae38a68f9497c6091ea1ea6cc5ad70a5274e719544d933
cifar100_proser_fedavg__split07__seed1__d5.0,0.05,12,a9154475e3d366cdbd9c3a2d6a479e2b3f024c57efaa43d13ce40c345ba56f7e
cifar100_proser_fedavg__split07__seed1__d5.0,0.1,12,d4946b40dc5bf0f27e61f7789a98e6fd2137e08ce1b3e4378b104f33f4cd3095
cifar100_proser_fedavg__split07__seed1__d5.0,0.15,12,9e3b5e51bb0f75985f3c29972221b0b00e1b1967f344a11a4fb29927bcff37d2
cifar100_proser_fedavg__split07__seed1__d5.0,0.2,12,037ddfa3116c8b0ca10461b4299c973880db3cb078bd9b9b01bcaf37d6b6e4a8
cifar100_proser_fedavg__split07__seed1__d5.0,0.25,12,4ffd4f765cede065fde36437a33507ce8a5683177f83d030343b9076501504ff
cifar100_proser_fedavg__split07__seed1__d5.0,0.3,12,e5227a615c70af3da7422edd4bff2f59873c890d3fe91960399eee7eb90ca68e
cifar100_proser_fedavg__split07__seed2__d0.1,0.05,12,537eabedf0e7bb1e8d9b41c4921c287f86ad9ed87e5cf3187df628e2cfc2d3df
cifar100_proser_fedavg__split07__seed2__d0.1,0.1,12,03eeafd58934e90ca4c02128ec59240aa18c2446d05f43acae4baa3b62290ee8
cifar100_proser_fedavg__split07__seed2__d0.1,0.15,12,2fb8d5c240fc2711d9399facc37f83c4de6d42a04bf2439c2133166068384f2f
cifar100_proser_fedavg__split07__seed2__d0.1,0.2,12,b29454d1a387af9d7228098a353a5928beee761b7f1bc00401012623958ee329
cifar100_proser_fedavg__split07__seed2__d0.1,0.25,12,7644fbb4534be8fb663b81e81da413d9dfd068c6ec5933dc95bf84c1fb2ef248
cifar100_proser_fedavg__split07__seed2__d0.1,0.3,12,94263341b5b46b9dc6053ab43f37ea45e27718036f942380392da353083d1457
cifar100_proser_fedavg__split07__seed2__d0.5,0.05,12,4b9fcdaf1b15bc6bdb25fb4e3c85fcb2e72708c4687ac2da99abe21734601899
cifar100_proser_fedavg__split07__seed2__d0.5,0.1,12,bddadd5ec0d82c4a306d355853cf2722ebcf39ab2f9956e3c57ef1f296740252
cifar100_proser_fedavg__split07__seed2__d0.5,0.15,12,524e487f4dac20a3d9842d98a9be82fd7c84f93524c3e8ec6caf1bfe1f11d8ba
cifar100_proser_fedavg__split07__seed2__d0.5,0.2,12,d38f31e27477fc5db45f529d89f744547ef6c4d2a8f3a662cecd129fee4953b4
cifar100_proser_fedavg__split07__seed2__d0.5,0.25,12,a5d19a193978bb221c54f0a44f8e5be45674b42a63ed0cdd7002b9e911bcd660
cifar100_proser_fedavg__split07__seed2__d0.5,0.3,12,42b07afe9ac608f4da13224c83c20b189cf5f9c8a4975172154e3c0d2b3658a7
cifar100_proser_fedavg__split07__seed2__d5.0,0.05,12,446448b524b7e68bd31df65bf0e5fc6f1a9958a02a10130eb2bbb91a62e6f034
cifar100_proser_fedavg__split07__seed2__d5.0,0.1,12,f38d05591a98ef524aabd4f53dc63e70642f123d545125eb8e7d80008110621e
cifar100_proser_fedavg__split07__seed2__d5.0,0.15,12,70671ec5ce43df5fe63495b04659e9249a9e0ab8687cab26d12a5fe83cee30a7
cifar100_proser_fedavg__split07__seed2__d5.0,0.2,12,7e5dd85255a7f460f378bb5416a4f354e3c3e11ade7e81c02f77743edb6d11b3
cifar100_proser_fedavg__split07__seed2__d5.0,0.25,12,3193c8b08f152b19d756cf09e19fef6f630316727b918c0599d51e37ac42e147
cifar100_proser_fedavg__split07__seed2__d5.0,0.3,12,ff3c662992e06d94a19bbf0ec8e4ae97720eea5381569dc17c641686892c0d69
cifar100_proser_fedavg__split07__seed3__d0.1,0.05,12,07c481b33f5e72e43f551a49f89da27cae5c54f4529241fa539273fb6a2ad0b9
cifar100_proser_fedavg__split07__seed3__d0.1,0.1,12,66b9e408e0e2967457ae6e6fedec0a4c4a2a91d1527ea54f5f481e292791b26d
cifar100_proser_fedavg__split07__seed3__d0.1,0.15,12,fad47765b5b7dba864bb5410ba0cf2930c274781658d09328437e34b50588045
cifar100_proser_fedavg__split07__seed3__d0.1,0.2,12,5ec51eacc40c516648d70a21eb4fad912c35a4bd67d0b212cd73ea328df858f8
cifar100_proser_fedavg__split07__seed3__d0.1,0.25,12,38ae87e426a3ba8e0971ba47d835cc7a6ced3399ee6f9f89345467d0ed1c9da8
cifar100_proser_fedavg__split07__seed3__d0.1,0.3,12,3a18721ea660630494841bd5b3cf7c77a8c94e7d3278c989f1926da5e2b717df
cifar100_proser_fedavg__split07__seed3__d0.5,0.05,12,5e0d913d4330d8844918fa36324711d28900f10fc0e713d121e2e0b95389eca1
cifar100_proser_fedavg__split07__seed3__d0.5,0.1,12,b1648308e5c604631f390839113b1901322fa0449ecf2447760de65ab5d008c9
cifar100_proser_fedavg__split07__seed3__d0.5,0.15,12,7f5a50d9e13440afcf9be52474b67c1974376573ce881f7a979cfd9d1a8776e9
cifar100_proser_fedavg__split07__seed3__d0.5,0.2,12,fd01c8af6a0dc6e7119da080df7125ae8b61ec997fc0fcaa6e6446cdb0ded694
cifar100_proser_fedavg__split07__seed3__d0.5,0.25,12,ce13f2065d339ed5fdb45a156699f3075ff2763c6ecb985739c58413f9373c3f
cifar100_proser_fedavg__split07__seed3__d0.5,0.3,12,4327da4a9f3f3d378e4106ff7675bad98cda0ebb77693de69a92541960707cc1
cifar100_proser_fedavg__split07__seed3__d5.0,0.05,12,82adb37c4587ae3ee5d4e4e70cb002940eac7907bc4b0cc04cce55b1fe7d1263
cifar100_proser_fedavg__split07__seed3__d5.0,0.1,12,11d977a4dd62664ca4447b4ff4db783c786cd0ff4c558b7fcc86c6dfef662c9c
cifar100_proser_fedavg__split07__seed3__d5.0,0.15,12,41ce2df8eaed0154e986fd056d887e6ca47938998c19be26a6609a88f6918319
cifar100_proser_fedavg__split07__seed3__d5.0,0.2,12,23274396032f1e5697b9eadbcb2949181b00980857efae267eb25569d49e6653
cifar100_proser_fedavg__split07__seed3__d5.0,0.25,12,eb83dbb4216e8038e834df987e4004d97636db64a204dcfb458720066430290c
cifar100_proser_fedavg__split07__seed3__d5.0,0.3,12,3f430313c19a3b7fc17d6f08c5fab8ded33a9753b0102f94a1061b796d47a448
cifar100_proser_fedavg__split07__seed4__d0.1,0.05,12,5906ee8812b02639d460d02a85fa46071281332f6c4fb0f3727bc7b3aed72f3e
cifar100_proser_fedavg__split07__seed4__d0.1,0.1,12,1b58f2a75ad7d6093641e84db4ec8e4c90538e2e1230d6824d8a5d2d9ff01569
cifar100_proser_fedavg__split07__seed4__d0.1,0.15,12,530b5eae65f20fda3c049833fb1290775bdb46cb6b47c8a792556f94b086f78a
cifar100_proser_fedavg__split07__seed4__d0.1,0.2,12,c6af8e3e0b79a9ec839544c7d070c06e32bd79118b71b33ceb19e06922cd6293
cifar100_proser_fedavg__split07__seed4__d0.1,0.25,12,137f16010e03f7fb774138c437e3ff2ba1c3604eb2e122de100105d882625638
cifar100_proser_fedavg__split07__seed4__d0.1,0.3,12,9b50060692cf9eae90daf213c1b6031ee61f31254799be2bf64e66a49cb2f2c8
cifar100_proser_fedavg__split07__seed4__d0.5,0.05,12,c11069e09e3c2726861457bf3f32922ab874cae9133fa6c4981c8bfc2ce219ed
cifar100_proser_fedavg__split07__seed4__d0.5,0.1,12,bd7c8625b9b76d424ba945b12572db9ef9d263f6313ed5e31ef8e398772a0114
cifar100_proser_fedavg__split07__seed4__d0.5,0.15,12,b8730ea3f177ef6794e38a86b88ef573f10d078178b7ef1d0b2bf60db90efd78
cifar100_proser_fedavg__split07__seed4__d0.5,0.2,12,c439f2b7a1bc0720799514b2f344e3576c4a30e9035cbcbc89709bde060f2575
cifar100_proser_fedavg__split07__seed4__d0.5,0.25,12,f3dacbcc2a090ea374b16905a5c7d2676d11ff9687972bc142ec418940eb4380
cifar100_proser_fedavg__split07__seed4__d0.5,0.3,12,13999169528e300aaed029f74a0d0a267c3b491f8017ef8167d0d717dbe1c569
cifar100_proser_fedavg__split07__seed4__d5.0,0.05,12,e8d93ae35aaf8b39164de80f6f693aeb020d762a660ed7dc7d859d362ff559e3
cifar100_proser_fedavg__split07__seed4__d5.0,0.1,12,6290602e13a1e521c168604f5f3f037d666a60bccbc155adc201fb8fedab4ab5
cifar100_proser_fedavg__split07__seed4__d5.0,0.15,12,e50f0c7eb3b61f06a25d8fd914a43dc5873374d2f7f54bf18ec9dad004981dd8
cifar100_proser_fedavg__split07__seed4__d5.0,0.2,12,738f6c4ff957adf0a78b1a6de9024fd011c9a49daf26612dc79521a47b600921
cifar100_proser_fedavg__split07__seed4__d5.0,0.25,12,d3ad9020f8174ccaee5fca73f33605d702fc70009ca5d5f52a13370175ec6100
cifar100_proser_fedavg__split07__seed4__d5.0,0.3,12,f85fbcc09304646789c719c2e1512dc3a30583538cd7d9ba2b809b6c83b53082
cifar100_proser_fedavg__split08__seed0__d0.1,0.05,12,e9e1dc4fd7ac72f3d0bf811997ec2efbc6067bab2988398a9c533e8ec75753f5
cifar100_proser_fedavg__split08__seed0__d0.1,0.1,12,bd2f3f0cdbfd9ad31a2ced2b04929c425d0ad218bbd518faef1b1d650f9f2171
cifar100_proser_fedavg__split08__seed0__d0.1,0.15,12,f2a40ddeb2bb5933f0556b093a2ff04322a603eb3811a6ec40e52b19b0c8912d
cifar100_proser_fedavg__split08__seed0__d0.1,0.2,12,4243eae2caf90360d9cb66e246fadfba43098916d260764e55f58be0f6b2947d
cifar100_proser_fedavg__split08__seed0__d0.1,0.25,12,bf9222fe3e9e64c4bdb64aa5bb225cdc596ba5312ec140c0a7eeb3fd710545ab
cifar100_proser_fedavg__split08__seed0__d0.1,0.3,12,520fee663d5e1bef148c6721a9074174e0ff1d2525ac0e9afeb167955dedf092
cifar100_proser_fedavg__split08__seed0__d0.5,0.05,12,81e361189f16ca6b5488858bfceb9ace1c6aac0a36a6dbdce19535bbf2687203
cifar100_proser_fedavg__split08__seed0__d0.5,0.1,12,33309f2d4825c32cac65b27dd28516441f4a12e83c9f7db9721df0fff8cb5b32
cifar100_proser_fedavg__split08__seed0__d0.5,0.15,12,d468b5d64adea69e0f7632dc6a99db1b1105f31e6e02b74a36a0d85ed43cfabc
cifar100_proser_fedavg__split08__seed0__d0.5,0.2,12,1ff8214622b1adef949dd929a3014daee00f4f50a2eebe88439dec37853e9d50
cifar100_proser_fedavg__split08__seed0__d0.5,0.25,12,da1fc6d3a6c657ac0f8e7cdf7107de2f046ea69a87ae01b3d4fccfd4fec2249d
cifar100_proser_fedavg__split08__seed0__d0.5,0.3,12,d65a52af8bd7a75b8eca52dfb50693ea769a4fbb8f690d7b8cdcfb34eec7a055
cifar100_proser_fedavg__split08__seed0__d5.0,0.05,12,3a5ce963ae432e5579b73623cb46dc4355d3e9c8cc3a0f7814a3ef3261fd01ba
cifar100_proser_fedavg__split08__seed0__d5.0,0.1,12,500601e752b0ade7aa523d3a36d47198f69b4ac6a7bbf348f0eb2d63062f79fa
cifar100_proser_fedavg__split08__seed0__d5.0,0.15,12,ecc26c30cc72a7ca2fac738f955a50c7777b31c73fb0608e42de7d16951c6d07
cifar100_proser_fedavg__split08__seed0__d5.0,0.2,12,495abedbc3281962a5c4a2527d2509149458694b59e919c6e88829681024ba2c
cifar100_proser_fedavg__split08__seed0__d5.0,0.25,12,1a4554ae194573690a1530c6e07c391faaba366e706cef6ec3e51dbd3c40db71
cifar100_proser_fedavg__split08__seed0__d5.0,0.3,12,dace9e1b9f953a274fa8402dc72e58eab01ea51c86f65f6981d1bca7265101bf
cifar100_proser_fedavg__split08__seed1__d0.1,0.05,12,ec3673201177e6782bc8fe399cfdc2de4b763f058cbaac97f52505e030e7902a
cifar100_proser_fedavg__split08__seed1__d0.1,0.1,12,1f95d6f7f30244dc7723f6c57a2c3b844810285110fff3c97fab0606c6d5c39e
cifar100_proser_fedavg__split08__seed1__d0.1,0.15,12,b27c49705359c27646a1c09ff27b237b41b50cda280c82cbbedaf1b1a5fd7919
cifar100_proser_fedavg__split08__seed1__d0.1,0.2,12,22b050632c3f7d97ac8184cc12e248bca655cb77a69441071fb9f4646acfd0a9
cifar100_proser_fedavg__split08__seed1__d0.1,0.25,12,fe81e8510943f3b924097b8a863772fc1bf0727eef466d3c158b32a05f912841
cifar100_proser_fedavg__split08__seed1__d0.1,0.3,12,6eb4b307510deb98ecf1e8353f47a2f580995ae114bc6a17cb3329b6693403f0
cifar100_proser_fedavg__split08__seed1__d0.5,0.05,12,ac200589233c6d403369a854edcc2ef9beb465353b15a4d8d29f57cbe2233c02
cifar100_proser_fedavg__split08__seed1__d0.5,0.1,12,768b0839b2ae165fd18c1896cd94976bc4a268dada811fc28761b9af8726ca1b
cifar100_proser_fedavg__split08__seed1__d0.5,0.15,12,6935c38c94c6d4ac58ded96f158c2c4789bdae1277e16fef80c81ce918efc71a
cifar100_proser_fedavg__split08__seed1__d0.5,0.2,12,c8e53abbbc241eaf00c67f50581d576a4bd17bfe08de9734d3eb8c670a05399e
cifar100_proser_fedavg__split08__seed1__d0.5,0.25,12,0dc5da2b5de08d510f5e6e1ead74673a3c97a1a8a7af14fb0aaaec1575163ca1
cifar100_proser_fedavg__split08__seed1__d0.5,0.3,12,66a499fc884d9815e5b5b509c3707f8c8657e110cdf00ea27551e3205219f543
cifar100_proser_fedavg__split08__seed1__d5.0,0.05,12,56e6369af3736db1c053029b33be949fe6654ccad7c9445de5af876276a11b20
cifar100_proser_fedavg__split08__seed1__d5.0,0.1,12,88c8054191be5c9948ca923e6795e186a3100995cc8d353dbf054231bf7e646d
cifar100_proser_fedavg__split08__seed1__d5.0,0.15,12,1195697ed2e750760cce790bf2d04de1da239dc43660c875bfc9f92a9627520d
cifar100_proser_fedavg__split08__seed1__d5.0,0.2,12,6949c850ad84c7e90458262e7ef9ca1f556a1d04a8789dc1550feb55efe068f5
cifar100_proser_fedavg__split08__seed1__d5.0,0.25,12,de6a78a355e665ac79bcaa2462ff068c0473934985c393acbfb47a5b011ece06
cifar100_proser_fedavg__split08__seed1__d5.0,0.3,12,3e6dbd18d9a3306ac3da59fc214bb05fd83452ecc418e612452fa4d7be058e81
cifar100_proser_fedavg__split08__seed2__d0.1,0.05,12,eca6ffc20c7c25203f1b62fa1fa5ceb52f4420fbba4a71b71b1c75a1b686fb88
cifar100_proser_fedavg__split08__seed2__d0.1,0.1,12,b75794ff783732234d25a82c8b452cfb38c85738848ff2cb2bcda7eb02e91aca
cifar100_proser_fedavg__split08__seed2__d0.1,0.15,12,c0a9f784175b12d5314f15bfc9aeb96a948be086bf865a2a5dfa91c9b36165da
cifar100_proser_fedavg__split08__seed2__d0.1,0.2,12,1c7e285f4f86dd5d2a6079ca70f7781f9d95dd9baf49c2eb14ecc98a1aef0b8a
cifar100_proser_fedavg__split08__seed2__d0.1,0.25,12,3b2d0550254b6a481d0ec30297535188974522cf8b49d91b12a06004df36321a
cifar100_proser_fedavg__split08__seed2__d0.1,0.3,12,3415c73ea60044ed60d7e28439c6e85daa1f45068338f175827204d996d818e3
cifar100_proser_fedavg__split08__seed2__d0.5,0.05,12,c0e09bc6deef8e60a31ed39a18fc1047c490e4ddbf8f827c52a06082dfad6fa2
cifar100_proser_fedavg__split08__seed2__d0.5,0.1,12,5a3088fa8396a7355acdd5a7f9f6ae8f60403af6ce004843d0a6805cd3de84b8
cifar100_proser_fedavg__split08__seed2__d0.5,0.15,12,bb09649abbedced3a21fd646e56279e84681b5acace6669247929e2a651f4305
cifar100_proser_fedavg__split08__seed2__d0.5,0.2,12,283bb328d2182af84b01680877b918e4706710c41a567d21de0666c6d5bf2320
cifar100_proser_fedavg__split08__seed2__d0.5,0.25,12,8e6b0f4e771d6d25c2c0852793f49995cef6492f9264e08071fcd7583b4a2f4e
cifar100_proser_fedavg__split08__seed2__d0.5,0.3,12,d82498df35d82e80ffc64ccaa7b6166d0b54f7f2e5e70fe95d62193c2e054e84
cifar100_proser_fedavg__split08__seed2__d5.0,0.05,12,29f04a64b8429372e4e30cb32d29c63f6c02608c2bcc34980337928fc09b4342
cifar100_proser_fedavg__split08__seed2__d5.0,0.1,12,8f1f14ec4aeb08cbc1730561eba7e41123154178129b46de1a3964cc7065db55
cifar100_proser_fedavg__split08__seed2__d5.0,0.15,12,a6a8e014ec131552dbdaba0a885b3c7dc0b6e199f44c92bd8cb20dc6906ca0f3
cifar100_proser_fedavg__split08__seed2__d5.0,0.2,12,2bf90c983e42edee40993911dc93584952e7ea93e2c64c769f0bc5a5bb92d853
cifar100_proser_fedavg__split08__seed2__d5.0,0.25,12,ab9408333d4cc658c282c7cf1eb28d5aa363de83b1c10fa0a67efd1976d6b0ea
cifar100_proser_fedavg__split08__seed2__d5.0,0.3,12,8f5d5e802f237ed18254e2b5ae2400806a2e70b0832d3a7b272c5567fc03f2b9
cifar100_proser_fedavg__split08__seed3__d0.1,0.05,12,0d578b13b9cd3462fc937957305d4d42acb6c55db38dc9fcf1971ab2dbd58841
cifar100_proser_fedavg__split08__seed3__d0.1,0.1,12,370d8cffc3a14a4f4e10291c4fa96a8e6873cc49075c4e86e2253b105a2d672e
cifar100_proser_fedavg__split08__seed3__d0.1,0.15,12,7574a3e2c9ab34c47093164d5e950ff5b60a0aa8d2e2222a4229cedd5bedb77b
cifar100_proser_fedavg__split08__seed3__d0.1,0.2,12,0116b1f7aadf39b0b40952426b5539bde2708dba31c860c9ea8a2bdee54a54ef
cifar100_proser_fedavg__split08__seed3__d0.1,0.25,12,b43b6be343e5987df3b18fc66a44349259bbf566dabc16c74c356ae61fc0c77b
cifar100_proser_fedavg__split08__seed3__d0.1,0.3,12,acac66acea23f793949e0f326c2b86ba4f8f396bb838c238e770986f80d3fec9
cifar100_proser_fedavg__split08__seed3__d0.5,0.05,12,b7116b9e70c00e8dce92b64ac0b96a69e06f0bab4a2f8357ce66a77809901c5d
cifar100_proser_fedavg__split08__seed3__d0.5,0.1,12,7dd91a8ab736ebb63175830afba47d83434b09009916eb97c888c4f7992f9cc4
cifar100_proser_fedavg__split08__seed3__d0.5,0.15,12,ef5d0a681ab90761094df7f3c00006e12656f4b01e5079754dee1d97fa35f0bd
cifar100_proser_fedavg__split08__seed3__d0.5,0.2,12,b68d1e009ca22d83f4e4769d23305a27b32decea4ae0ee2eceeb5b5e506269d3
cifar100_proser_fedavg__split08__seed3__d0.5,0.25,12,2fc3ad43cc3c0654a3970ce41604508125c9fc329f0dfd3fa119b9b433a490dd
cifar100_proser_fedavg__split08__seed3__d0.5,0.3,12,5af1bb4384931d19f2d4d11adc7ba3def4d5fbd6dda2208d9eca6e2419a7309b
cifar100_proser_fedavg__split08__seed3__d5.0,0.05,12,50d1b054bff2948fd31b795e18ecd250f58bc177105f984c567074194de869b0
cifar100_proser_fedavg__split08__seed3__d5.0,0.1,12,905a21412e38fd3e6e288b36fdf1bfb6e2f50bc2bf42d302da17612163210778
cifar100_proser_fedavg__split08__seed3__d5.0,0.15,12,3b1965873ffdba47999e4fa668e731ea596f888493187e518f2b0b1cc1b915cb
cifar100_proser_fedavg__split08__seed3__d5.0,0.2,12,1c1d3eff2ba07e47d30d466dd7de83167bfe876d4be5ffdb882059b028a8be45
cifar100_proser_fedavg__split08__seed3__d5.0,0.25,12,f8f5609e5b8b18e5adc51e596e15cdb8a866f7be078c95530eaf044109799888
cifar100_proser_fedavg__split08__seed3__d5.0,0.3,12,513b5a285140675cfa75f186db79f9d9393f10fbe872755e765f350f6da9d896
cifar100_proser_fedavg__split08__seed4__d0.1,0.05,12,3183bdd12d1f100b23d15beefd5a3f4f46d1502302f86f544a4f496578942ec2
cifar100_proser_fedavg__split08__seed4__d0.1,0.1,12,210cfa5cf89e3ee974013726903e63d43e3977a1433143a4440d41bb888f3eda
cifar100_proser_fedavg__split08__seed4__d0.1,0.15,12,1cdc1ede4fdc605aba48af7e08a7b5b20d70db2e7d74ccf3038307fae5cdb4d4
cifar100_proser_fedavg__split08__seed4__d0.1,0.2,12,2ff3d231e31f0b3859bcf2bd4f10cad9c78a2970f87a31f8313f9014c3e47c90
cifar100_proser_fedavg__split08__seed4__d0.1,0.25,12,77b48be2fc2c9de04fd91190914e6a2fe507d94cb38c6fde5cde56b9cfa228b3
cifar100_proser_fedavg__split08__seed4__d0.1,0.3,12,4e4e33e0f54e9b4a64506f680f0df6d86f1f243abaa51a2f598cafab07b3580d
cifar100_proser_fedavg__split08__seed4__d0.5,0.05,12,288a34a377eb49db60d3f3cd3823e31522f8843b5225bab33f34046516e531ff
cifar100_proser_fedavg__split08__seed4__d0.5,0.1,12,307e16b06966d4add3b06e7be2af8f7a004d0ea8e977644367cc2d95fe685acf
cifar100_proser_fedavg__split08__seed4__d0.5,0.15,12,9a4c0d9aaf626ddf66e3d9a585e4ec1449c66bf93ca479cc35fa50579779c185
cifar100_proser_fedavg__split08__seed4__d0.5,0.2,12,0d762a18e8f9b401d6dd74058bdd650ce8cd934537a3b3e785b01a273757b033
cifar100_proser_fedavg__split08__seed4__d0.5,0.25,12,70052d864196328ccc9e05b75e814191fcaa0127459b8d209ca10fa0aa7d4143
cifar100_proser_fedavg__split08__seed4__d0.5,0.3,12,1818d5bfcda8523117bb625e26b9bc1ab0ce9cf67651b6e9cfde319331b0fab2
cifar100_proser_fedavg__split08__seed4__d5.0,0.05,12,36489349d257ae35cff6bd52adf7cf9380b62b2ef3c0203004e1eea63345c3f3
cifar100_proser_fedavg__split08__seed4__d5.0,0.1,12,3c3c8c3cd2cdac7f1247e409c5f28a1aa7c5899f28f902d71d4850352e23eec4
cifar100_proser_fedavg__split08__seed4__d5.0,0.15,12,3d37c9259fd5ab9532db56803eed6c36e1187948f04996abdef83a0bcef96b00
cifar100_proser_fedavg__split08__seed4__d5.0,0.2,12,851ebc917012fa78ba30e932d4fdccc38abfaa9e08901ea9e7b70a647d4ae9ca
cifar100_proser_fedavg__split08__seed4__d5.0,0.25,12,8146fab200dc4798e712c384608c12760dc05babd12c258980530adb2c49425b
cifar100_proser_fedavg__split08__seed4__d5.0,0.3,12,f23d29c13ba6a361ceaecb3fb7994dd58cef8453132d32cbedfe09af12c125e4
cifar100_proser_fedavg__split09__seed0__d0.1,0.05,12,8da13987e0b358d36753223f2d372f4283fa982c897f87fe6f12fabc3e954b8f
cifar100_proser_fedavg__split09__seed0__d0.1,0.1,12,e80de3be008c1fa7396a8edda0bfdd3266ee835369ed0238b2fd0aa8bc9779dc
cifar100_proser_fedavg__split09__seed0__d0.1,0.15,12,11e4ad1746bdb4a374d4e03854d5f89633076981b31e6a0fe3f84a6840a1330d
cifar100_proser_fedavg__split09__seed0__d0.1,0.2,12,66d31cf1632c5e878e80805e15c5555b6c670ed410bf8ea028a950ce74646174
cifar100_proser_fedavg__split09__seed0__d0.1,0.25,12,1974191ac973ba2cdcfc3260725f41d50d34ee38734567c0e553c5ac48f2904c
cifar100_proser_fedavg__split09__seed0__d0.1,0.3,12,f9ae49fe95dd76a428b9d089257c520122f19a3ff16db7b4dd8e265d68c2e6e5
cifar100_proser_fedavg__split09__seed0__d0.5,0.05,12,5020bc86166ebc76ce22c9a1fca7e999360d06ad914ec06578054d9f264ef981
cifar100_proser_fedavg__split09__seed0__d0.5,0.1,12,fe870508d6d8eabe567d0edcc42ba183994565d49c9d44763a8053216dd5efcb
cifar100_proser_fedavg__split09__seed0__d0.5,0.15,12,6a269b97037ac53417d325929d03ac213960993b5bae348ab2f3c43e3d175e18
cifar100_proser_fedavg__split09__seed0__d0.5,0.2,12,ea65fcac3e72ca4f391f3d9185d8e355b6d0d8a2d276f490f22b8bfea5e4e0a3
cifar100_proser_fedavg__split09__seed0__d0.5,0.25,12,851f541ddf76e90ec5f4d7a5e4e2ded76b0ef2752e2364532923cb6ea081fa7f
cifar100_proser_fedavg__split09__seed0__d0.5,0.3,12,c6fa8253a42b12867f6c908adc45641078c32e85aa7438c0b58ece01d34006d2
cifar100_proser_fedavg__split09__seed0__d5.0,0.05,12,fb7abe7df39320ed824724eb524f32420228eabd65de55a4eb28117b9447ffbd
cifar100_proser_fedavg__split09__seed0__d5.0,0.1,12,3c5967bc54f9b4d53272a89b2ab0d5fe9f29dbbf5796f191674538dcbcbf8e69
cifar100_proser_fedavg__split09__seed0__d5.0,0.15,12,717334e9f5fb2f47f6a92fdd39a9ef38c59fe30f3b59910c360a8594280d945d
cifar100_proser_fedavg__split09__seed0__d5.0,0.2,12,ce7ec56627aab59f4674ff63baa2ce6fbd697eeff5d9e62e70a5f1152b83c851
cifar100_proser_fedavg__split09__seed0__d5.0,0.25,12,4faecab0721a94a45e10948d1c4b48e112486a83aeef71442c21df5473344be8
cifar100_proser_fedavg__split09__seed0__d5.0,0.3,12,aa543a3540dc58013c93568c93db593ac62781a6593f11658e4ee12be8a4198f
cifar100_proser_fedavg__split09__seed1__d0.1,0.05,12,ef6f77c31980231b527d22d0f2146995d240924ea97d06b45e29c6629545120e
cifar100_proser_fedavg__split09__seed1__d0.1,0.1,12,f58df4cbffdd0b6c2e418d34aedd40796759506022003887183fa3d41c83242e
cifar100_proser_fedavg__split09__seed1__d0.1,0.15,12,674044e753d4fe7e5460c962fdb90bdb6ca65819f757fa70459126ec98dd593b
cifar100_proser_fedavg__split09__seed1__d0.1,0.2,12,82a41dab5fe91675cc5d7569543ada40d1673118b50060b5c3ff376e12ca555b
cifar100_proser_fedavg__split09__seed1__d0.1,0.25,12,e0360c9e53829bf1094b23c81b9ccb6ec316641210e1645b3d0b5fb780a087c9
cifar100_proser_fedavg__split09__seed1__d0.1,0.3,12,351bc7cfb3fd843da871f7865837ce59d08b94776bfcf1bd74ffcdd3d6815929
cifar100_proser_fedavg__split09__seed1__d0.5,0.05,12,03fe1ae62a227d594a330d039e093cf4216a4aadbbdff35f35dc2a491d6fe74a
cifar100_proser_fedavg__split09__seed1__d0.5,0.1,12,2abf867d585970624cbd61dc6f77069497e79bb3954e389142ab758427ccd1c7
cifar100_proser_fedavg__split09__seed1__d0.5,0.15,12,5c3b89326feba50537a6204f722157b5b92327db0dcc051000d9343ccca820b0
cifar100_proser_fedavg__split09__seed1__d0.5,0.2,12,d1f7154223fa00a90e07243c0ee7ec769b45906129c29cf80dce5e558c3b4590
cifar100_proser_fedavg__split09__seed1__d0.5,0.25,12,61f01295be5fb77c987787b9cf95455ff50f02cd004663f3664803acb6d6a3f6
cifar100_proser_fedavg__split09__seed1__d0.5,0.3,12,83758b761d4940313d4e6733c25738c9a73f2f1d3eb6e5572db71fbd900d2ea9
cifar100_proser_fedavg__split09__seed1__d5.0,0.05,12,00575035ef8d6283c9a13b3a6d1331e783a63b65e2e917e3667d48fda2f1485f
cifar100_proser_fedavg__split09__seed1__d5.0,0.1,12,3b285681aa653d2ba30a0e854f7ce5f0344ac1ae32e7195f97c48e190104715c
cifar100_proser_fedavg__split09__seed1__d5.0,0.15,12,fd2a8631a424f41817c350b0943d2f76e53ded323739063ff8fdb81cd89ffca8
cifar100_proser_fedavg__split09__seed1__d5.0,0.2,12,c1170bbb2e12a49cb7f2167bc2f32e3ee5dbcb7b49fbfe57a0fbff060458fb77
cifar100_proser_fedavg__split09__seed1__d5.0,0.25,12,e15c9e2afbf0713d918ae57acd6221675da9a1424d233d4a7c2992a58378b336
cifar100_proser_fedavg__split09__seed1__d5.0,0.3,12,400da90f105bba864072881896021e3e18f50ed3aa8bc2dadfcc11962126e45e
cifar100_proser_fedavg__split09__seed2__d0.1,0.05,12,92d9bcf1e25e2f2cd1066cf68f92d9333044e8b45af6f9a625c26bcb41da144e
cifar100_proser_fedavg__split09__seed2__d0.1,0.1,12,fed49d4485545840112829fd2b2e732bd428174b33085152a619cc8bf58f5fca
cifar100_proser_fedavg__split09__seed2__d0.1,0.15,12,6c469bfd46ba82a606f23464b0f0eb05592d5f64ffdde97e6cabd52c5c71014c
cifar100_proser_fedavg__split09__seed2__d0.1,0.2,12,0e211b21c4f73b6548511295aed910111a95e0a8a413f54f79e46e85ff098855
cifar100_proser_fedavg__split09__seed2__d0.1,0.25,12,4acba031335bb0cdf6a44fd319a6f08c71f34eba7116f5da6e031dcc299ef48f
cifar100_proser_fedavg__split09__seed2__d0.1,0.3,12,e184fad6820153be982f3ee45a4e4892a27adf42e315b8be144701778d565c23
cifar100_proser_fedavg__split09__seed2__d0.5,0.05,12,13985b09a27c1c63a4ae08d458460afb995d7f163a5730e3e944c087b89e9382
cifar100_proser_fedavg__split09__seed2__d0.5,0.1,12,294f0b47d8ca533285812357b5c15e04c1166ba0c47f0d444ec999202d0d8bee
cifar100_proser_fedavg__split09__seed2__d0.5,0.15,12,5423e782882e7b63a92ded16fbb508520ff4a77fe0bb34a5ad472a951dac8e44
cifar100_proser_fedavg__split09__seed2__d0.5,0.2,12,ef2cb79f4ee998b85a11ce024cb9fbbe8a4063c666065a28e0ae9cb02084cee3
cifar100_proser_fedavg__split09__seed2__d0.5,0.25,12,00df5a1ba900cea9112d62a8cf52c5da1d2c7569533bb42e038a46b5408a2068
cifar100_proser_fedavg__split09__seed2__d0.5,0.3,12,5dc2ff7d6ce3d569fa2c725cb981a8ba42fe9a7a26dd9fcb824e0ed2b820f2bd
cifar100_proser_fedavg__split09__seed2__d5.0,0.05,12,cf64b4d28facfc11b69bf23b832ae0950400aeff4f944617448018f8f3d0c548
cifar100_proser_fedavg__split09__seed2__d5.0,0.1,12,84971eb91057a71d621ce7c5f9135cbeb389a7ccf99abf4892aaac0fb2ff1e0f
cifar100_proser_fedavg__split09__seed2__d5.0,0.15,12,5049d42f20fe0f47f634c84efc31bcae6b00c7933d4b6de982a2d595abfae63e
cifar100_proser_fedavg__split09__seed2__d5.0,0.2,12,cc431ab779e8a411fbc059fc0baba152bf518b325477ef14874e99413ff5b86b
cifar100_proser_fedavg__split09__seed2__d5.0,0.25,12,16a17c784d5d2481022bef73f820f8aac535514920ff5e1c73e3e6087c7f9c69
cifar100_proser_fedavg__split09__seed2__d5.0,0.3,12,14fb883354ec4d68f9c8e6b82dac2ec64f9739d18132b9fc9105eaecc52614cb
cifar100_proser_fedavg__split09__seed3__d0.1,0.05,12,55df7bc07b65137ddd5684f1c8429ade593ff934b52c71496c3a3da65f4d7cf8
cifar100_proser_fedavg__split09__seed3__d0.1,0.1,12,f3bb752dbb096ffb2fce88f5a73bc003b4ec4cfa4386c6f71ef20da598eb6390
cifar100_proser_fedavg__split09__seed3__d0.1,0.15,12,9f2a6e53be92481516b4754450ea0d4c3267e9ba1cd36354ac09fea5c5ff4862
cifar100_proser_fedavg__split09__seed3__d0.1,0.2,12,bbf972e2d166c1a882d231c67a6937308e82b886b35814855348fb8a36e2d1e3
cifar100_proser_fedavg__split09__seed3__d0.1,0.25,12,f4ec9e813d251b2637b9a0d63b271416239e7cae1f5be1b98bbc709dc2771cff
cifar100_proser_fedavg__split09__seed3__d0.1,0.3,12,2d3fab24b3b1bc0bc42e637f12a08827bd1cadfd7c2ad8b4ecc9e8dace6185e8
cifar100_proser_fedavg__split09__seed3__d0.5,0.05,12,fa9e7a9b3ece39511f0b9f6186a3dcb7e5870b3c1375c1b0da86203f74e4a249
cifar100_proser_fedavg__split09__seed3__d0.5,0.1,12,bfd4958b09b29886e2cc2fccdf4d6a64136799c19ac671f955c5eccffdf8541c
cifar100_proser_fedavg__split09__seed3__d0.5,0.15,12,7edf5fdfe0d0f20941f09158542bd115b54c82615b11a56b62ec56c0c9a51aaa
cifar100_proser_fedavg__split09__seed3__d0.5,0.2,12,6ae15f5c251b3ddcf2ffbd51a6986092c618f1fe37609bc86030761d1ab4a8ca
cifar100_proser_fedavg__split09__seed3__d0.5,0.25,12,b73416f67655bf1f6a3dcecf23c0a0884be8dddf45b06cfe3232dd8d2e5a72da
cifar100_proser_fedavg__split09__seed3__d0.5,0.3,12,4d2fa6f8a4639c0ec8ca7c9f6d37bdb4bd27e4e6bf0e28e77a4f61d2acc77a70
cifar100_proser_fedavg__split09__seed3__d5.0,0.05,12,2da3efbd9e5c0adba47462da8b338ad5eb0c8c5f0d0815380d857efc30581320
cifar100_proser_fedavg__split09__seed3__d5.0,0.1,12,164abc28a4dacbbc484565bb6d4bb8d7c4ee9fa2448d424bb25dfe0a30ff42ce
cifar100_proser_fedavg__split09__seed3__d5.0,0.15,12,c0423459030426f3ac87a134a9dc7b72a8844cf5db33ad5a0ad4b503081bf4f5
cifar100_proser_fedavg__split09__seed3__d5.0,0.2,12,bb776257a95e44a81f9107fd3505cfe0ab0a5c708c15e912c50ded74962cc20c
cifar100_proser_fedavg__split09__seed3__d5.0,0.25,12,ee302ed4f1e4fe7c0ec1ca4f38a846820c85e39115b3caae0ebf82f2000a6412
cifar100_proser_fedavg__split09__seed3__d5.0,0.3,12,3188c2981762e592f4a0b4e120332ab3b25b419d8b664ecb060182ac89e324a1
cifar100_proser_fedavg__split09__seed4__d0.1,0.05,12,5e965512f7ba0ae0e940f035e73b9e931d1b8c870ee002d194978f27fb4e1c01
cifar100_proser_fedavg__split09__seed4__d0.1,0.1,12,a76d76031c12cd280593f2df7b727f380aeba1ba78c63a1ee80271c261acd27f
cifar100_proser_fedavg__split09__seed4__d0.1,0.15,12,212fbf6c9c50e6a1257468ad940f49f7c335abd4d89de5749816d2dc15b38a56
cifar100_proser_fedavg__split09__seed4__d0.1,0.2,12,791e54fe9227c2179aa31878f84679c18a6506727ac9f13625a5d0f981773948
cifar100_proser_fedavg__split09__seed4__d0.1,0.25,12,4505aa08a261626c73731279c43a0eaf4ffcf77350fa399839393dfb27121846
cifar100_proser_fedavg__split09__seed4__d0.1,0.3,12,9a50457eeee17421a035b2613d42e5f9c61348d48a63918a759c2d949832692d
cifar100_proser_fedavg__split09__seed4__d0.5,0.05,12,5e5ef64c7af4d3c710b18e4423b982e8ddb8187903380ec920778189d93019bd
cifar100_proser_fedavg__split09__seed4__d0.5,0.1,12,5c3692e27d05503735af7d947f7f7ad471eb1a9c8027ca551907ebd69b57bd5d
cifar100_proser_fedavg__split09__seed4__d0.5,0.15,12,7f06a3206c48f2df4f6a62e11009930c9620616730cd73d68186ea4f64a85d00
cifar100_proser_fedavg__split09__seed4__d0.5,0.2,12,be43bdac641aa167c514991fe92aae5bfdf8660fe34ae40a987eed3b1f6e6f54
cifar100_proser_fedavg__split09__seed4__d0.5,0.25,12,6dbf292e06a18e06e554e1a1fa4bf00187405987dbd3e622201cbe34d084f9da
cifar100_proser_fedavg__split09__seed4__d0.5,0.3,12,6b14adf1fa54a3e1e7db0d83cd89b1b727890db33b6b6f055904388d49979adb
cifar100_proser_fedavg__split09__seed4__d5.0,0.05,12,70814367468636cfdc0ba2e969d2cb32fe94e86020367a7fbe7b3e19c5a5351d
cifar100_proser_fedavg__split09__seed4__d5.0,0.1,12,cccc718a2cdf5fbcd8c5b0478ffa1e7d78d9091f7682a7c4e3c2f0178a71bfb0
cifar100_proser_fedavg__split09__seed4__d5.0,0.15,12,2f9116f349be92dae7a0e9fa735b762be7fbce31e6bbb98d80bd80b3013b91b9
cifar100_proser_fedavg__split09__seed4__d5.0,0.2,12,ca527bcf39e0c02377a7ed16d43c2c0db23a8c79325d6464abbe816212df17c0
cifar100_proser_fedavg__split09__seed4__d5.0,0.25,12,de6490c5774bf9aeb6b31d62a1fe578695eb08161a7c93cfab1b70c026696171
cifar100_proser_fedavg__split09__seed4__d5.0,0.3,12,1654f0b839a75604700dd5d960ce5e005eb11025a4739103af77b74f2d6ea756
cifar10_proser_fedavg__split00__seed0__d0.1,0.05,12,694f759d8180077a99c6f454f79ec1b274530153bab55f810bd96d119fb788e8
cifar10_proser_fedavg__split00__seed0__d0.1,0.1,12,e47390fa9afa27e6761e977ce32aec912f252853d3c028cbc299fa06f3314ded
cifar10_proser_fedavg__split00__seed0__d0.1,0.15,12,c9b7c5997ccf25e75df81e2950f004a591fc7e1f48aa3331ad344b3e54d042ce
cifar10_proser_fedavg__split00__seed0__d0.1,0.2,12,178b0042ec42b4533a6b1741f83c36bd84e878b34974a30978552056f3ace3f2
cifar10_proser_fedavg__split00__seed0__d0.1,0.25,12,37aba4fc3b81424bac9f268fc3dc466129fe69e9af680e706d0ff4d144b41aa7
cifar10_proser_fedavg__split00__seed0__d0.1,0.3,12,4ec878dc3b933a40171da4490dc853bf2d275fb6ebea65f4a825a86e80fad3d0
cifar10_proser_fedavg__split00__seed0__d0.5,0.05,12,6ce12898f5777db28e2be38201740c66c83091666f1f801cc7fd0e06090af19f
cifar10_proser_fedavg__split00__seed0__d0.5,0.1,12,08710337171898d9cece79cb3e417fa31b66cdd2a5319c1f4655fe78b9233a35
cifar10_proser_fedavg__split00__seed0__d0.5,0.15,12,cca490fa22e06f342ff946c846a223615654306d476859ca2a6520186346d17b
cifar10_proser_fedavg__split00__seed0__d0.5,0.2,12,4d3a069cb125c25495d60071b9393259d7846def477f3660ac23fd460bd16d1a
cifar10_proser_fedavg__split00__seed0__d0.5,0.25,12,6a8a930d2c733526e7a2e1904a615954f4cc18d675624b53f1bc1fcd6dd3edaf
cifar10_proser_fedavg__split00__seed0__d0.5,0.3,12,39fd5a4d6eccfec51fed7e362e29f2b48d023c63c0df2a3aa6209bb469f988cb
cifar10_proser_fedavg__split00__seed0__d5.0,0.05,12,e555b1d1fe130909356275ce4afaea3a6aca4dd75e9740be8ce2069563a55c0a
cifar10_proser_fedavg__split00__seed0__d5.0,0.1,12,cdf85b1b997eec5a4942709f81eecb73c1c9126d72168b94919e0a848bd8a49d
cifar10_proser_fedavg__split00__seed0__d5.0,0.15,12,f6e3b0d8d7462b17ff47146070de75ff9a2c75133c373499cee4063cd4e26929
cifar10_proser_fedavg__split00__seed0__d5.0,0.2,12,ab351d39c492d2a2e942ce1319c7f8e1f2dc2d98ce3d6d4e3da6955e71208bab
cifar10_proser_fedavg__split00__seed0__d5.0,0.25,12,c69e20b659d57ac503d5a47d752034f0c99e25251ad04c0bf09213fb46015e70
cifar10_proser_fedavg__split00__seed0__d5.0,0.3,12,bb87654b593c44710edadc7b2187d4dd873456a897e3313aa00066801286a1be
cifar10_proser_fedavg__split00__seed1__d0.1,0.05,12,d56ad042ab6c604edb9c47b9e34cda587ab670f50a2bbbf7b0f86737a33eec93
cifar10_proser_fedavg__split00__seed1__d0.1,0.1,12,5ffb88255bd11b8edac468a0c41bc2b27bcfbc27d755efb40b69cb689d1bc84a
cifar10_proser_fedavg__split00__seed1__d0.1,0.15,12,128241c11fe263a895f4d304717940170bab51cd5663c234e3220812642c7a2d
cifar10_proser_fedavg__split00__seed1__d0.1,0.2,12,16bc09ee72c133248b9b4650077b76cfe077890fe20581535898a7d86494040f
cifar10_proser_fedavg__split00__seed1__d0.1,0.25,12,cd902de2d56a355969e1965a7c65404a538039c7fe51accd68ebce3c23687c05
cifar10_proser_fedavg__split00__seed1__d0.1,0.3,12,5f8fcf6df5bcea147e5fd9e3c4d45b5c5a8a1b77bb6148c5d0995eb2c20ea09e
cifar10_proser_fedavg__split00__seed1__d0.5,0.05,12,557e340d85c8e41084e65c639aceb05b4b311c0a2b0feca79b9562bb2ab3ebdf
cifar10_proser_fedavg__split00__seed1__d0.5,0.1,12,17a5111bec826a9add8fcc03a3e0059fc76633b17dde28a091509084c3794b23
cifar10_proser_fedavg__split00__seed1__d0.5,0.15,12,c52d5310ec0e7b2d5859bcc87b61c08736615912d8785cc5082f82b051ad4eaf
cifar10_proser_fedavg__split00__seed1__d0.5,0.2,12,95b967d4eda166aa31233db7dec5a73d9ddc1349b73fa37b458fd55b200e5077
cifar10_proser_fedavg__split00__seed1__d0.5,0.25,12,73c61fba6b96c92d6df51821b6a2ef5d6a70934f7ba8e58a3835ad3e4fe69da8
cifar10_proser_fedavg__split00__seed1__d0.5,0.3,12,0fa5e1b3c7a4b498f85d73061aad96e6a1873f916cba3a4e12d1430642582b9f
cifar10_proser_fedavg__split00__seed1__d5.0,0.05,12,ba85ea872d34873c7622bfc5e83a81f992d82f69377290be741efa8a00bbfed1
cifar10_proser_fedavg__split00__seed1__d5.0,0.1,12,41410fdaedd4459533f87db9648f353bc6ea4082f3c895da613a494eeaa7e5d6
cifar10_proser_fedavg__split00__seed1__d5.0,0.15,12,cd1dca76e48cb7b2b51e73dab8c8ed6719021181bf64176fdb39aa11e30fc3a9
cifar10_proser_fedavg__split00__seed1__d5.0,0.2,12,96d9ebf391cd53812abe7113b22f90592d986f4b931225939467398fa456b90b
cifar10_proser_fedavg__split00__seed1__d5.0,0.25,12,2f44eaae33eefe473b32803b5b932650bd4559542f583231a46842e811cb1984
cifar10_proser_fedavg__split00__seed1__d5.0,0.3,12,4941adfec593247d3ac0334f934f6dfbeaee2c179ac2bddf4e621a4c3155b82f
cifar10_proser_fedavg__split00__seed2__d0.1,0.05,12,deee1785c748d7954d187a45a8b81b3031a38f8d6f4427023ca704f2cc2ef661
cifar10_proser_fedavg__split00__seed2__d0.1,0.1,12,7306ab49b4e50c04e056e8305820e8bbce7e9586a59b09c83c2361f9ae9dec63
cifar10_proser_fedavg__split00__seed2__d0.1,0.15,12,3fcc05b1213710717aca1d05d412f8c0c02ce5c90993a5525d5446f9b08a560f
cifar10_proser_fedavg__split00__seed2__d0.1,0.2,12,38d6a54f4c60ff217a948901a9f13904534a28f97161eea7b3d101d279b0b7e5
cifar10_proser_fedavg__split00__seed2__d0.1,0.25,12,c10b5248ac1a820560af3247641edf28bdca927bbc1472bb4c6bef7d6f7f4226
cifar10_proser_fedavg__split00__seed2__d0.1,0.3,12,f50421db2b1560efcceafb11977d96b10963b4a398991d308392d2a10c9a119f
cifar10_proser_fedavg__split00__seed2__d0.5,0.05,12,dc37562618448eed28a4e72e79be4d760564d71a0c705eb97f6d4534fc73c264
cifar10_proser_fedavg__split00__seed2__d0.5,0.1,12,2d2734cf53ae81a235649f29fd05bc79e8979cdd2e0109fc6b01b8dfdacb9056
cifar10_proser_fedavg__split00__seed2__d0.5,0.15,12,38179196e46d7524c2d009de79bfb16be3b1487f5295d6ad6d23b6999bc7cddf
cifar10_proser_fedavg__split00__seed2__d0.5,0.2,12,f8a7fe581928e1ebef8e6d30557d36a832eb06f3fa003f68d0aae7ffa4b0d98f
cifar10_proser_fedavg__split00__seed2__d0.5,0.25,12,280812d8d1268591aafbaa7ecaf33f1cb640eb9275fcb6def1bfd0d55c5893ba
cifar10_proser_fedavg__split00__seed2__d0.5,0.3,12,413c04c3f556969f9eef62d46c328f4aeba166ff5a2bdeb4e23fe597928bd57a
cifar10_proser_fedavg__split00__seed2__d5.0,0.05,12,b57dc418da6008646c9da8c0bdecd3ba49ef6d3780295d9379c42f4a2c39de9c
cifar10_proser_fedavg__split00__seed2__d5.0,0.1,12,7ab5fc6b9128d2d4a85235f4c13ad396b4efe27f473377d3f7bedbfaaafbe277
cifar10_proser_fedavg__split00__seed2__d5.0,0.15,12,c5f40d146e175ae4cb68b3e848581b96a7ab7320f6ba8fd39c131a4e28d5618a
cifar10_proser_fedavg__split00__seed2__d5.0,0.2,12,7a156d65908c3fe992bc977133202b81d8011801f78ca11b38ab385a4e09fa03
cifar10_proser_fedavg__split00__seed2__d5.0,0.25,12,440b6874240708a7d721ae477f944a2d84134f97217b5387679a0b34b10d6024
cifar10_proser_fedavg__split00__seed2__d5.0,0.3,12,24d74bebb02e62b73c6a37fd4304f6940b3579857b43eb0a912ea9f0c027a7e5
cifar10_proser_fedavg__split00__seed3__d0.1,0.05,12,e7283ba2ce9cced7698d407a2a0ca58abf149ba6bb389cb330716e325edbcc8a
cifar10_proser_fedavg__split00__seed3__d0.1,0.1,12,262bf40a268f22c27b48fcf1c0c5f5e092a1ce998b646fea065e36f0dfb03946
cifar10_proser_fedavg__split00__seed3__d0.1,0.15,12,0007c4efa55d2c97032a96b971536b5c93dca80f77b4220a55a710af66664a21
cifar10_proser_fedavg__split00__seed3__d0.1,0.2,12,49355b6883064b6ef4122d008edcad7ae4037a44ae922c0c4c83b46ec39df00f
cifar10_proser_fedavg__split00__seed3__d0.1,0.25,12,551ac7e56b41fabdd094ad87137a96eaf9f8dae7936fd415eeb57d9bcf9dc80c
cifar10_proser_fedavg__split00__seed3__d0.1,0.3,12,a3386df6c0f573fa325b45789ffe76be76fa25359e040099d23cf04d2098ec98
cifar10_proser_fedavg__split00__seed3__d0.5,0.05,12,d7db0e5b9d5fbe4cd61baa831d65ae1059e5bcf9ab7c3ec44c87d7e15c77e01b
cifar10_proser_fedavg__split00__seed3__d0.5,0.1,12,4c288fc707735f1965cea1dc6cb108667719241b5343ce6858777c652e69d0fb
cifar10_proser_fedavg__split00__seed3__d0.5,0.15,12,51d50412774051cdc1d0cebfa41a48aafbb2a0a5f85b3609c4bd6d49238f3546
cifar10_proser_fedavg__split00__seed3__d0.5,0.2,12,71dd522c62a6997af9b5e7b707225ce853a156a4e494b66106dcd01cb926d50b
cifar10_proser_fedavg__split00__seed3__d0.5,0.25,12,f7ec5f7514b83c9df69ac8b254d9f5ebcd42b9dbe15aa57c81839da7b9372281
cifar10_proser_fedavg__split00__seed3__d0.5,0.3,12,64730f80173c8bf8a343941ee69bdc0c8e4f90d9504a034f47522ff7ceaec9a8
cifar10_proser_fedavg__split00__seed3__d5.0,0.05,12,83f4e8fd56f6d47439669f0c887a2167401b50e38802f8352e41f7b5e3b15a28
cifar10_proser_fedavg__split00__seed3__d5.0,0.1,12,3423186d17812a5f9ebee0b6e04ee81107f3365ac50f46dbdd5865d9bb1d9a10
cifar10_proser_fedavg__split00__seed3__d5.0,0.15,12,f633fcb4e5491f9157a153fc1abc1b5985c3f2da0c6b6f444e268d916f383597
cifar10_proser_fedavg__split00__seed3__d5.0,0.2,12,abd2b09ef5e082e55815152db6d194f9c1188b2bc81e0c1f45d0ee435eb350cf
cifar10_proser_fedavg__split00__seed3__d5.0,0.25,12,17b61ec6c35d5ca3c61d4e73182de85e628d2484a9d47de438b95c4a431d590a
cifar10_proser_fedavg__split00__seed3__d5.0,0.3,12,6c1cd975cd295065742fcfb7badefb190879e98478008eb0c323c46f63714b24
cifar10_proser_fedavg__split00__seed4__d0.1,0.05,12,3cd6fe9e1cff6c8cdac758ae78b07e613ff5500762dfa3e56b12b9e0d94c0d95
cifar10_proser_fedavg__split00__seed4__d0.1,0.1,12,1ad698745c03671589d3d967040eaa5e1cfb5495cf1cdce7ea6453c86feaace0
cifar10_proser_fedavg__split00__seed4__d0.1,0.15,12,15299f8a6fb8b78ee9fb7a469f707e4f1b84f0e4c25274aae56ceebe33e9307c
cifar10_proser_fedavg__split00__seed4__d0.1,0.2,12,fd41dfbc4f58a0abc9f4e7fd6737163ff1edc364e5767050961be5774664730f
cifar10_proser_fedavg__split00__seed4__d0.1,0.25,12,2121e72da23222f3824642b76a0da29930edcc239739d9af605bace7eeba0cc0
cifar10_proser_fedavg__split00__seed4__d0.1,0.3,12,43e6c44bc46502378f6a8b6c51fb1f927ddd10d5ab52717d7ede362a4b9aa6dc
cifar10_proser_fedavg__split00__seed4__d0.5,0.05,12,06ac99fe945b790d978e8e189d05775f24675304768d48c035fd65c4b27626fc
cifar10_proser_fedavg__split00__seed4__d0.5,0.1,12,b04c587b723eb99f79905286c4f9a4380c1bd76c73fc00e13463ba30aa9b8824
cifar10_proser_fedavg__split00__seed4__d0.5,0.15,12,31eac2e020b0f8639fc5be917e4865cd828daafe10c738ab8557ea5198fa1609
cifar10_proser_fedavg__split00__seed4__d0.5,0.2,12,075e007cbfb04fb956ec7999d894fcf15736eaf921b56e5ccc95afde06128548
cifar10_proser_fedavg__split00__seed4__d0.5,0.25,12,d501f58b0731baa79baf2f732840200bfe1c62e6e91eee8785fd2616ef1c4e9f
cifar10_proser_fedavg__split00__seed4__d0.5,0.3,12,6120dea336c1d33896de8e163277451b71c3fd313b212383357de3906e86e731
cifar10_proser_fedavg__split00__seed4__d5.0,0.05,12,904989f68675b3ca30da3aab9dac9f94327cecbfe5cf0e24b282128d764550af
cifar10_proser_fedavg__split00__seed4__d5.0,0.1,12,3e44d7352857c74148a3b678cc824fbe533011aac325ffb4c16ac066bc19eff5
cifar10_proser_fedavg__split00__seed4__d5.0,0.15,12,ea5ffb8d6d73dcd2d8727c449a0b524d622ef3f0c0e6b2416b72d777254a0528
cifar10_proser_fedavg__split00__seed4__d5.0,0.2,12,dd444c9ea9f1065b499b8912f01ad9c3b3e3c4443dae6994619f9e5a85ceddb9
cifar10_proser_fedavg__split00__seed4__d5.0,0.25,12,c41fa6dc95225a9f5cdf89967bcd47760f54bbbb32ec0b6a2168fc127e937509
cifar10_proser_fedavg__split00__seed4__d5.0,0.3,12,3b8955d972177d3fd6fc065518e72e5ea409486a673ed5da68d405578b12dca1
cifar10_proser_fedavg__split01__seed0__d0.1,0.05,12,862b1611a252175fb1db8ffbde6f99ff0fee570177ce5ea42d57685cd6a6c6d4
cifar10_proser_fedavg__split01__seed0__d0.1,0.1,12,7701fe07098d3ea65b9ff4efe950cf7cd037e76a25a4ae7ad128890e9e38940f
cifar10_proser_fedavg__split01__seed0__d0.1,0.15,12,ba3b57ff5b6b3644f68413a8aedbba8648153b1f2d9cd6900409dc846dd40ef0
cifar10_proser_fedavg__split01__seed0__d0.1,0.2,12,cc5aa2f3bb0971cb9db5196fca0def67f1a3c507201036ec5079367f246eb29d
cifar10_proser_fedavg__split01__seed0__d0.1,0.25,12,fcd8c5255c3ee8072ef0e88989bb2069725a46056961574356214a5497e2dc9e
cifar10_proser_fedavg__split01__seed0__d0.1,0.3,12,04cc86973df4dc50b622af9c42d36869a7f96c9c855a9fb2c2134673999fa94e
cifar10_proser_fedavg__split01__seed0__d0.5,0.05,12,4fe283503852a16750987d5bf1adc30d9fecec16205d4ddd71559e5fe8a916a7
cifar10_proser_fedavg__split01__seed0__d0.5,0.1,12,4d43a30d4b3895c86cc77404231b0bee4076a1c914a5763ff0c166fbb49c481d
cifar10_proser_fedavg__split01__seed0__d0.5,0.15,12,fe45a1c2237d79f9e1d2578732d0e2cb5690fbd10655f87d39147164be713334
cifar10_proser_fedavg__split01__seed0__d0.5,0.2,12,33fcec228c9b6179450fde19caddf0b762358fbbd2ed30ce04ab181bf7364518
cifar10_proser_fedavg__split01__seed0__d0.5,0.25,12,cdb1303b9816ab8b0fa439eaa49afb9a1012ee1107b24361aad539b058296896
cifar10_proser_fedavg__split01__seed0__d0.5,0.3,12,7c7a4f13d3200d912b27bd50bb2c2553d3b65ec8573bcbfad19f9578c22fa7af
cifar10_proser_fedavg__split01__seed0__d5.0,0.05,12,daafc8088eeb04930ea379232189c0385adc98ae01cd015919784721956789bb
cifar10_proser_fedavg__split01__seed0__d5.0,0.1,12,d5c2f32ac531387064afdc60458f565ee3332645ff2a7ca41eeb79efb7e6d15f
cifar10_proser_fedavg__split01__seed0__d5.0,0.15,12,25de87d841853d5c2ca78ea65e6e820abd8977052896f021bc878be97f4e3f97
cifar10_proser_fedavg__split01__seed0__d5.0,0.2,12,ec04bce49f63ea9e196405d785036987faa97da2bee5b773d102614d354aa6c4
cifar10_proser_fedavg__split01__seed0__d5.0,0.25,12,e7469a7534c658313613579bc15b4afe7651040fd5cccc9a8c73c687daa4ab43
cifar10_proser_fedavg__split01__seed0__d5.0,0.3,12,85260f4fdb81515aeae59ad88e33a56199c2c62f33a4ce0649ee2b5eeb685713
cifar10_proser_fedavg__split01__seed1__d0.1,0.05,12,357fb1f00e39c8c655da8dc014402494bf3e95de1797c8e3b06bb9b6b09e117a
cifar10_proser_fedavg__split01__seed1__d0.1,0.1,12,62bdbc0068b4c32fa3948c18e049e204d3bfcdd99746c2c0aca4dbf90ab0b471
cifar10_proser_fedavg__split01__seed1__d0.1,0.15,12,e81aa8803f08c2d578afc302274ab121a3b4758a5ec1c515a35a53d70e4fafdb
cifar10_proser_fedavg__split01__seed1__d0.1,0.2,12,21bae89247a82e11e7dd2381ed275b27cd2f894ff0d831fdc2fed6ead3f53f4c
cifar10_proser_fedavg__split01__seed1__d0.1,0.25,12,026401b7c7880a322ffd57a4023d70c9475e35dea2a0203b2ff31f17471d408d
cifar10_proser_fedavg__split01__seed1__d0.1,0.3,12,910617063e09ab98ab5503262afc7013ce21a048bc3789326f5ce9e2ff9d2ae4
cifar10_proser_fedavg__split01__seed1__d0.5,0.05,12,7ea067986b3ccc7828fe6875b9b9105a073198a00ae7eb08797a42729ab19336
cifar10_proser_fedavg__split01__seed1__d0.5,0.1,12,13cd0285a2d4001e664ed431520ef15553a5bf16cfeb78e3e19eadefaa511df7
cifar10_proser_fedavg__split01__seed1__d0.5,0.15,12,857d132911d56f1d99e202a746d7a85f8e5842f3ec237ac326b17c5070be2bbb
cifar10_proser_fedavg__split01__seed1__d0.5,0.2,12,9794e81be1171ab60623cf70a4e9507651607f0a066e4b1563856e7bc3cbd2c3
cifar10_proser_fedavg__split01__seed1__d0.5,0.25,12,4003134b53c4e837705649c4cb3014b64c5331525a4dad5f1ddc31cbf226593c
cifar10_proser_fedavg__split01__seed1__d0.5,0.3,12,7b7580498402d3e90fce37228a6922ae849e39efd809d3b3563bd83999797bc9
cifar10_proser_fedavg__split01__seed1__d5.0,0.05,12,bbd23992535b1074498c7f299b234f2d63f416687e123191bdbf5bc412b28bd0
cifar10_proser_fedavg__split01__seed1__d5.0,0.1,12,975385e1cb3dea355cc13ce625532710fbd9195679bed7b523318b92517c4a24
cifar10_proser_fedavg__split01__seed1__d5.0,0.15,12,a652f01d603cda1ebb438c56ca79c005e413e979a594e8922c234ed8f8cc83c9
cifar10_proser_fedavg__split01__seed1__d5.0,0.2,12,0035aabc9af3dd72fc8aeb15c5e745b383886589c4f67f6f3115ef38374f0687
cifar10_proser_fedavg__split01__seed1__d5.0,0.25,12,aee7a5e2d6e23000b7f48dcb46415d658ba2ddd28881bf54ac999c8f52276e9b
cifar10_proser_fedavg__split01__seed1__d5.0,0.3,12,a1bcf60222bca9d0bd24fb66054ea290925e27b17062345d039f09fb2e8c1f18
cifar10_proser_fedavg__split01__seed2__d0.1,0.05,12,52e1175746aff6959205c2896f7763ae48dd0cec9b62d192ec7e3a620d9dea79
cifar10_proser_fedavg__split01__seed2__d0.1,0.1,12,a4108b9633938e93b6361f8fdaebc6784a852ee8d38734272998469bfa0abd0b
cifar10_proser_fedavg__split01__seed2__d0.1,0.15,12,3b4eaba3e692750cd633c661a37e5c2cbae5a613e96da8020889850cdbb48087
cifar10_proser_fedavg__split01__seed2__d0.1,0.2,12,c688fc5cb370bd4099baf13c4303e9f1d153f203935fdc3ed6f371fa8bb13177
cifar10_proser_fedavg__split01__seed2__d0.1,0.25,12,b424d0e5ad3405c82e92cac3b1a3e35f6414867a57ffd1f10a1d5c3b55e6f982
cifar10_proser_fedavg__split01__seed2__d0.1,0.3,12,12ab218129f6667e10e073f5c51028f0a51dd0d127338e4b96ec8b78476c9170
cifar10_proser_fedavg__split01__seed2__d0.5,0.05,12,9960ed18fbfc136b15d0764389c2e04f12c935036b21d83f58e847b163aee08a
cifar10_proser_fedavg__split01__seed2__d0.5,0.1,12,046486ab3d151a774d6fe5eb16ecd2ee9e1072e8eec8b22afb7b4a6c4940457b
cifar10_proser_fedavg__split01__seed2__d0.5,0.15,12,d6ddbb9c1dcb4de499123b6a7f3d4281356bb1d37602c667b3439b97231adf63
cifar10_proser_fedavg__split01__seed2__d0.5,0.2,12,a954b32b8e8ab4d2bf1b39d887c3f287171b26af3f0ab9dedff727844af0be61
cifar10_proser_fedavg__split01__seed2__d0.5,0.25,12,a026a173f0dec8be3ecb756079cd2efe7c403da96b1f5fe8679b2aa962104f05
cifar10_proser_fedavg__split01__seed2__d0.5,0.3,12,8eccaf8bf727d161fc143a8fb22219c017fc5c439db08ea32de42848015881f9
cifar10_proser_fedavg__split01__seed2__d5.0,0.05,12,d5e865235298c79581fe000d43cadec50e3b17e39b32e6f6506410b4aaad10e5
cifar10_proser_fedavg__split01__seed2__d5.0,0.1,12,ebd8267760feed7f6dad08621075f074722378edcc9f9470ccf558171773641a
cifar10_proser_fedavg__split01__seed2__d5.0,0.15,12,cb2e7659134b21ebb79346189118f8a7d6e1f823d156047842023531cc727690
cifar10_proser_fedavg__split01__seed2__d5.0,0.2,12,39d003449c988853f67a480625858338f92b0b5c98cdaf2c65071564876bd77d
cifar10_proser_fedavg__split01__seed2__d5.0,0.25,12,f62898bd53002594c3a24973484bea8c862c123061eeadb15190a19a4d75fa03
cifar10_proser_fedavg__split01__seed2__d5.0,0.3,12,fa2509fa417a9a76c31f79ace2637915ec85271cf314a822241b1cae84265471
cifar10_proser_fedavg__split01__seed3__d0.1,0.05,12,b2e79300b53ecafaf1d217897b81964c8e329ec2374c877e2756eb652c31bcdc
cifar10_proser_fedavg__split01__seed3__d0.1,0.1,12,a4ca6cf2b64dc22468f2fba344f69abac9bcfb2ca9c579628cbf16c0ada7689e
cifar10_proser_fedavg__split01__seed3__d0.1,0.15,12,54092a3e7c55b07fb29bd6a96f8781170b3affa4ea9a4bf9631beb4d4d923f5b
cifar10_proser_fedavg__split01__seed3__d0.1,0.2,12,1d64d1c5c43326a0e059347ab1cd65256477d529156504a76bcc423a8bf1029c
cifar10_proser_fedavg__split01__seed3__d0.1,0.25,12,c7caf0fe553e31020cf368e3ccd057929621c7286ef1cde84af2cab3a774b779
cifar10_proser_fedavg__split01__seed3__d0.1,0.3,12,5074b2e7e47e2c41e63455b08930f9571cff18fd38d648e6deeb2c7b335e1591
cifar10_proser_fedavg__split01__seed3__d0.5,0.05,12,bd54d631f18bee728912e5579b74bb99c77e017f796d14858019cb653d6af62a
cifar10_proser_fedavg__split01__seed3__d0.5,0.1,12,b187fd8d66b26d34da60bff3011671b1fbda214a36d041277f0cdb822baca465
cifar10_proser_fedavg__split01__seed3__d0.5,0.15,12,55160060fcc1a4602d0285581e6a83c076923b0c411b16be5a73643b67fe833e
cifar10_proser_fedavg__split01__seed3__d0.5,0.2,12,57444352a22187927badfd8e19a98771850133587b4adc24e4f5c4d59baee736
cifar10_proser_fedavg__split01__seed3__d0.5,0.25,12,e13aee4f58a5359cd76f0d701898bfaf591635ca95dc25ab70ec7f24eea28ec5
cifar10_proser_fedavg__split01__seed3__d0.5,0.3,12,9fd29a07bbfb11a24d8068f9942f3bd507c46dae5f53c585eec1ccef6df64f95
cifar10_proser_fedavg__split01__seed3__d5.0,0.05,12,12258557e8644c7a324313a6384d3fb68e10b42fb9770aa9e046bf47b7c095f5
cifar10_proser_fedavg__split01__seed3__d5.0,0.1,12,24fdb2b1a587857bc6a150ef822235bdfbbe89d2b9ed2d7d567f4503eba2850a
cifar10_proser_fedavg__split01__seed3__d5.0,0.15,12,4ed9fa28c0f4fad4ba74d1f591d8187ef72631dfc31b4e0b64caeb134d98b90f
cifar10_proser_fedavg__split01__seed3__d5.0,0.2,12,9e1916023d21319d416955baf753a055cd56aad110a1318d5990b18c397e7e30
cifar10_proser_fedavg__split01__seed3__d5.0,0.25,12,3e6f5b41004e32e781e52f20f9b694fcbfa4581dfd379c5259e887c040b13b9e
cifar10_proser_fedavg__split01__seed3__d5.0,0.3,12,3dfdd8aa3087f9e933e81270c16b94fc761d19e43730a879db88e79043c13617
cifar10_proser_fedavg__split01__seed4__d0.1,0.05,12,2af9cb6e05a155f23d85b50bd61bfc358c764d67db71eb1242e8456cd3b351b2
cifar10_proser_fedavg__split01__seed4__d0.1,0.1,12,7cac9d478ff0c82d8215fbc57ce1053946cf7f00786cb6bf335d6011f4f7cca4
cifar10_proser_fedavg__split01__seed4__d0.1,0.15,12,68494e2db9738f66ea43f5eb77ecf6a7ef0bf71f34778cb5a429c3d39d4808d9
cifar10_proser_fedavg__split01__seed4__d0.1,0.2,12,8a242795a99254f997e2c3d7145ab745427196f9cc02e66c1d499221531f3129
cifar10_proser_fedavg__split01__seed4__d0.1,0.25,12,87e8bb7715871e789fba51f96c6280c37a4f34f517b7755dc4a95d4a9b4a4faf
cifar10_proser_fedavg__split01__seed4__d0.1,0.3,12,8199afe2a6f5e0761b87e88fbfa7ca99c0bec42d34740833abf4181b4afb8ba4
cifar10_proser_fedavg__split01__seed4__d0.5,0.05,12,0b5111366a03a6c669f67fb964ba58c29ba408ff056d901dbe65e1a78b0a2f86
cifar10_proser_fedavg__split01__seed4__d0.5,0.1,12,891c26abece50d4e91d30c1e47faa0192e37b4d982a8afa08661269061a18f1b
cifar10_proser_fedavg__split01__seed4__d0.5,0.15,12,b1f37b83636f4e7d4c9f195ea5e89e5e423cdfcf4184c3f2cd6f21be7d931212
cifar10_proser_fedavg__split01__seed4__d0.5,0.2,12,7fbc7d8865e3eb1bca6eb1dcf2b35111de49c36a35b0f661e6ea1226300af682
cifar10_proser_fedavg__split01__seed4__d0.5,0.25,12,405750c37966cbf51ecc7a727b597e277e683208fdccd833b0621aa0f0b65035
cifar10_proser_fedavg__split01__seed4__d0.5,0.3,12,484b280558399a95fe2ecbd29804b90d62887e0c7ad72a53d01327996d54df09
cifar10_proser_fedavg__split01__seed4__d5.0,0.05,12,829c4a0013001d4f6bfa5fb3ae51958f3d7e758af562aa3b5bf97ba622dc127b
cifar10_proser_fedavg__split01__seed4__d5.0,0.1,12,7a639951c6a766e50d6c0d77b3a44700a98cae95d46a881812ec8f06150659f4
cifar10_proser_fedavg__split01__seed4__d5.0,0.15,12,ba379a6559ff4bd89b6c667de0531637571bb0a4690dba56900d1451d4f7bc60
cifar10_proser_fedavg__split01__seed4__d5.0,0.2,12,c3797abaf454ca54dc2e74a7e80103dac04b5a14ec4488e2be6cf69045ca5af4
cifar10_proser_fedavg__split01__seed4__d5.0,0.25,12,258c7d7a4388b05f4263becd38e9cfc8b37abdf23ef838ba4299027e264445f7
cifar10_proser_fedavg__split01__seed4__d5.0,0.3,12,adbda9bbdbd122ddae9a5328e6e97009e8852b0db317f18e868c9b26a397c615
cifar10_proser_fedavg__split02__seed0__d0.1,0.05,12,e48668f9d41fa93770a4672068a164873a1dbbe8fe38d6fc6db7c8c99fa2dba9
cifar10_proser_fedavg__split02__seed0__d0.1,0.1,12,73bbbdad89838b5db074455cf6772aca7cdeb4040c187d0c309343c59992f745
cifar10_proser_fedavg__split02__seed0__d0.1,0.15,12,f8b579240856e4d943d336a5fe7c80716b7b5a8383c334110fb08b36309a4ea4
cifar10_proser_fedavg__split02__seed0__d0.1,0.2,12,2406ebbf182bf434920f4d067bcc93714a352684a3e1c44b453433d1600a8344
cifar10_proser_fedavg__split02__seed0__d0.1,0.25,12,c54d5e3ad28530430522ddcb6fbc2fe8a949881669b3dacc5a2f287c17889385
cifar10_proser_fedavg__split02__seed0__d0.1,0.3,12,8242bf3fe33a7efe07f808bed427bfb4e6a0e4242cd95cfaf7157b4aac87c785
cifar10_proser_fedavg__split02__seed0__d0.5,0.05,12,6cd69655dda4f4c78b755bf0e681859417aa89b6cd89b23d0634de76a9d6d67b
cifar10_proser_fedavg__split02__seed0__d0.5,0.1,12,cbd0c1de6665783af14fb91099a3e4403e03b470c604aac2732b2e78dbac8c52
cifar10_proser_fedavg__split02__seed0__d0.5,0.15,12,3fa49e5903aed2ea5a2a763eddc6192736401279bdd4d5f397d708169c4237d9
cifar10_proser_fedavg__split02__seed0__d0.5,0.2,12,d7c871ca73c2c2e2280d86c9cf3a3cf1a0f31571ef3d98ffa583f0df3deb57e7
cifar10_proser_fedavg__split02__seed0__d0.5,0.25,12,eaefeb90b5539f61e45ae04e90ad8896c30b192cdbacbfe1910d5b4bc3ed615a
cifar10_proser_fedavg__split02__seed0__d0.5,0.3,12,3dc2bf9d2e60cb2f1dc3522d7c53a75e058b9ee8b0233847952765855a452f95
cifar10_proser_fedavg__split02__seed0__d5.0,0.05,12,24984b4b77478b8a31d43b65ab51695e00ead6e6bfa8ff1eca9d0fe09732f29f
cifar10_proser_fedavg__split02__seed0__d5.0,0.1,12,6c2db63915f727af3a51664e0f174dcb16f465d394be8b7c791f4db1fe65f88e
cifar10_proser_fedavg__split02__seed0__d5.0,0.15,12,7fafd0b0a0962f10e5297cf453b61634ce7f1e49794da561eb8df084d3147946
cifar10_proser_fedavg__split02__seed0__d5.0,0.2,12,400397125a6e2053dab42f4801c1852ce82d3a69bac1202b918a497e91df9de0
cifar10_proser_fedavg__split02__seed0__d5.0,0.25,12,47a2011a9f314619d0b6e09fec234744f2b6d18327652d982c27dc1e325efd25
cifar10_proser_fedavg__split02__seed0__d5.0,0.3,12,5248f56d740c7b3b0b1e0dcb2b23b20833ae83e9df094b0996e5822f02f311ef
cifar10_proser_fedavg__split02__seed1__d0.1,0.05,12,e36771e4c1420eb00fc5de17e66b753a2e8c9aa21c44b912a10a97cc2dce3c19
cifar10_proser_fedavg__split02__seed1__d0.1,0.1,12,206704f4868eb0ada66e16fbc5ab17c2d38c1af1c812a007ac46401d9ea3165a
cifar10_proser_fedavg__split02__seed1__d0.1,0.15,12,0f5a4b6686833a6771285c75a3588a8de193f0d056cf77935560f1444f40e8d6
cifar10_proser_fedavg__split02__seed1__d0.1,0.2,12,e37bda545b9d72678bca97321943eee4e988bed01c7af07fa5aef8f7e90fc166
cifar10_proser_fedavg__split02__seed1__d0.1,0.25,12,1ee8bc3e19dabd864113282f7c1dc4d9a7c6fb99190f8229709fb706e62d071a
cifar10_proser_fedavg__split02__seed1__d0.1,0.3,12,61a94bd5f0f5540be6076b88971a745fb422da3fa1889e2fbfcf58abba613077
cifar10_proser_fedavg__split02__seed1__d0.5,0.05,12,5fa37077c6d826ac43e5fe333ad28531d295ede8e98bd0a3867731c6afb87834
cifar10_proser_fedavg__split02__seed1__d0.5,0.1,12,683a4761b9353c946f8e4a33fa213e7174b8fa66d9b8a243f0673f790195f467
cifar10_proser_fedavg__split02__seed1__d0.5,0.15,12,a75f1c1be43f7f6b1a5349d0dc7b93588661c8271db941a15817fc8ac1e53f41
cifar10_proser_fedavg__split02__seed1__d0.5,0.2,12,3d38f5de5b6404f8351831d4abc4eb8b40c93b0bacfe1621d00bceacc6213f07
cifar10_proser_fedavg__split02__seed1__d0.5,0.25,12,d13ef1f19869e96211a8ea8aeec4a22741d6945a8fff20281cb7569c89f6d8db
cifar10_proser_fedavg__split02__seed1__d0.5,0.3,12,a46a77b436f77d43cc5a07b10e7fbfae118d910947015bb0cc25cc6f2a31d147
cifar10_proser_fedavg__split02__seed1__d5.0,0.05,12,e2f638b4952f91f96ed288907acd417d316b6db096d41d142aa6df59e56a46e0
cifar10_proser_fedavg__split02__seed1__d5.0,0.1,12,a8240cb4cf7902d9ac7279d468a83634fb3a2bc07d893c263c4ba20e31c7666f
cifar10_proser_fedavg__split02__seed1__d5.0,0.15,12,b901d86e29c116f87ce252e3b346c61c02b25250155cebb64ffd6f97ad7128b7
cifar10_proser_fedavg__split02__seed1__d5.0,0.2,12,331a13fb5b69b787e89b171a15a16babab26b077c6ea5df7d44a80e12c1b9c85
cifar10_proser_fedavg__split02__seed1__d5.0,0.25,12,8f6b4c282680df7d1d14cea6561273841b9080129fe3e2a142dc768cc07435e2
cifar10_proser_fedavg__split02__seed1__d5.0,0.3,12,62a1a9a7b3fdb2e8d0f60f4095196643ca1b7e73b3a73b5b2b9f81f56e72ad2c
cifar10_proser_fedavg__split02__seed2__d0.1,0.05,12,e7d59f80371a2228ffce067937dbc106eb4bcef5d4f5870bb93d1048cbbc5074
cifar10_proser_fedavg__split02__seed2__d0.1,0.1,12,d81d30f2c9f2172a503fff9705e2cd263623718c1d58649831d082eefc73ec80
cifar10_proser_fedavg__split02__seed2__d0.1,0.15,12,ba8a1c6047eb47638831fc9ff20adfff16da8ba370c36515a495dd4c057b66bc
cifar10_proser_fedavg__split02__seed2__d0.1,0.2,12,6faf9e5c81154a6aca3834b5b3a88a15f298e3bd57fe5d702c7296ef4db72dec
cifar10_proser_fedavg__split02__seed2__d0.1,0.25,12,382fd4140cb3d7d8a1a842ba63fb3c5400bee54cc2bf09440115ce9acf554f96
cifar10_proser_fedavg__split02__seed2__d0.1,0.3,12,2f56466abb4fa7f1dac4441842ce200c9545779c4dae5de7a10045d0f9f0110d
cifar10_proser_fedavg__split02__seed2__d0.5,0.05,12,a75cbd53d7d64b5c799818092b7108dc2bab56d961b4f3efd9aff31caa43dce2
cifar10_proser_fedavg__split02__seed2__d0.5,0.1,12,48d5b63e192dbba9ad5bbba6cbf6fdd20de73e66de3b925206137b0c6009dc9d
cifar10_proser_fedavg__split02__seed2__d0.5,0.15,12,04879217e8acd7e91cf745c411f36bebae4a7b3d26efd59feff411899395e528
cifar10_proser_fedavg__split02__seed2__d0.5,0.2,12,0ce555406bb2298b7abcde8e2ec87da567ea93cd4eb00e44ea80a9cbae5a5ec3
cifar10_proser_fedavg__split02__seed2__d0.5,0.25,12,c3d4d064714bc9d225ade0733602a199de5f00be75253320e22a39a38d37569d
cifar10_proser_fedavg__split02__seed2__d0.5,0.3,12,26e99dc66470bbc80e9169f648f09d63f44b1c2f0b627fcee152c53e823e3da4
cifar10_proser_fedavg__split02__seed2__d5.0,0.05,12,52831d9f82e779292f7bbb1d62131445bce9404d527fc75f279d2c084f558b5e
cifar10_proser_fedavg__split02__seed2__d5.0,0.1,12,8673c477610c01ad88af3d78a0994fa43adbc4ce07e081c93c72ae7ca2bf61ac
cifar10_proser_fedavg__split02__seed2__d5.0,0.15,12,f9d582379e32ad2664771716cdb140de906976d9d122ed1a38d96c945e96520f
cifar10_proser_fedavg__split02__seed2__d5.0,0.2,12,47725450045965a1dabb4f314939d78ebccb65de64464ed50f1c2398e2088cf0
cifar10_proser_fedavg__split02__seed2__d5.0,0.25,12,b56dd0ae0760f589e08ee506277be7a15c996c8921cde74abbd8aee4ca1ad024
cifar10_proser_fedavg__split02__seed2__d5.0,0.3,12,33f4dc493b27e32ebb130d36faf32b21ca3670b381d212e56e0d1fcf7c516e16
cifar10_proser_fedavg__split02__seed3__d0.1,0.05,12,6d77f2747a520b575a026011d3d3ce4b7d72aa10b9960c3862ebe0d0dea3b17d
cifar10_proser_fedavg__split02__seed3__d0.1,0.1,12,9a55aa10346dd6292dc9ad5f1ba67e9cd82ced1e09c1870e4389edbb8d8bdbd0
cifar10_proser_fedavg__split02__seed3__d0.1,0.15,12,254d0b1cf0f8c2bea0510bc3752d457f2f4454f148b4723f5cf709a6aed9c13a
cifar10_proser_fedavg__split02__seed3__d0.1,0.2,12,fb5f14a83e2c41fa630d2cb7d4ed6aeb0186463e778c95d570c6f10dfb8a4921
cifar10_proser_fedavg__split02__seed3__d0.1,0.25,12,50a0997ad00f4e9ec264fc7eca2ce30731382a48704d44d74d708b4ec6567c21
cifar10_proser_fedavg__split02__seed3__d0.1,0.3,12,e3430c0d4cc2a38c13101e2289bafbda9e2e7a9c37bd737c787a5528d9424c51
cifar10_proser_fedavg__split02__seed3__d0.5,0.05,12,bb173da9eb938917f5da6c7dbbc7720a9147c4581441abf94a5478c968d3365f
cifar10_proser_fedavg__split02__seed3__d0.5,0.1,12,18e8877b35fb4d53739f810e917118d447c684078ef20cc9be7ff17a90de3ab0
cifar10_proser_fedavg__split02__seed3__d0.5,0.15,12,3323daa79e97af0ff00663d8bf2457871a7ca9585862c4dd40845e95680c4f9d
cifar10_proser_fedavg__split02__seed3__d0.5,0.2,12,584c68f25b2b1ad297e7ea6748d3fad3b91518487bb4e8b9a1fd84af2018280e
cifar10_proser_fedavg__split02__seed3__d0.5,0.25,12,ada64076e381a7e2de260cec885323feb79f2db8e1d3f7e2712b6426541070d0
cifar10_proser_fedavg__split02__seed3__d0.5,0.3,12,d919aaff1166052d788c61955b7babf281b55cef514030fe6544280745173048
cifar10_proser_fedavg__split02__seed3__d5.0,0.05,12,3d693e30a3e645e53d08ae6dc76c7205bda64607a0cc9c4b2dc9b2eb4a59afeb
cifar10_proser_fedavg__split02__seed3__d5.0,0.1,12,f6b38387df6941ba5b699656762f97846e1a4709edcbc3e144fa89e7581f2ffe
cifar10_proser_fedavg__split02__seed3__d5.0,0.15,12,5956466b827527e91721fe003c2c9fd75cc5b0cef60ac4dcbc23882211cad0d9
cifar10_proser_fedavg__split02__seed3__d5.0,0.2,12,e169bdb22d6dec509150f5997e109872654b50464e2c3fca017cbd3e5d8c5ea6
cifar10_proser_fedavg__split02__seed3__d5.0,0.25,12,e3210e055d7a6a7fe770dd974f0c078d59a0a6ec96a61b62e11fe5b6f35edff7
cifar10_proser_fedavg__split02__seed3__d5.0,0.3,12,1486a83ee66f07c75fa357c290b62d80d5ca22fb3cf1f52a5e9355f20757fad2
cifar10_proser_fedavg__split02__seed4__d0.1,0.05,12,c4e3700bc9b271e885a6eb622dcd3d902b7b7dc5e2d194e158fbd1e019309608
cifar10_proser_fedavg__split02__seed4__d0.1,0.1,12,4e29a22ca2dbe22f2d2228a9526c6ed535bc42bcdabcc2d7c8e3d267d5f50874
cifar10_proser_fedavg__split02__seed4__d0.1,0.15,12,8967676f11716c76bf79b074437a243821245d12dfc6176f6fd6cb3348500bbb
cifar10_proser_fedavg__split02__seed4__d0.1,0.2,12,4c2b4757098ca6109a94bcfb219ddd91f604a1b7010a7345326a01b12c765141
cifar10_proser_fedavg__split02__seed4__d0.1,0.25,12,d14e5e634529b34485db8585b1d16509d651f2cf450e565a805fe59d9968b9f8
cifar10_proser_fedavg__split02__seed4__d0.1,0.3,12,8844295e0a7bdd04b46a5955d781d8aa1330f02c48c0e5e113455782fe61efcf
cifar10_proser_fedavg__split02__seed4__d0.5,0.05,12,f26ccdf44d263732f8ffb840032542d061acc5a7ab2ecba65592d4c9ece765cb
cifar10_proser_fedavg__split02__seed4__d0.5,0.1,12,edf1bf54c88e136e2129a517f3b147cb711fe9afd8a0198d6228a5751b8b16d9
cifar10_proser_fedavg__split02__seed4__d0.5,0.15,12,4ec02f94db0fc38544526fedf197b8a9e4888de4c7d19f47783ebd5fc49676f6
cifar10_proser_fedavg__split02__seed4__d0.5,0.2,12,4fed6059fcacb059e3bbf4a49639f70303b4796973a5b831988b4daf19d322d5
cifar10_proser_fedavg__split02__seed4__d0.5,0.25,12,85caf46343999a3572e6976e559c74d372df520a63c11ababd65023974150c0f
cifar10_proser_fedavg__split02__seed4__d0.5,0.3,12,e94e290399905a200bcc9fbdeadc1d77539015a6f501bb314d2635e9c92e1be9
cifar10_proser_fedavg__split02__seed4__d5.0,0.05,12,30a261c39edcac657c8e96b18b588f2acbe360edea8e84f81be3abd2c64280bc
cifar10_proser_fedavg__split02__seed4__d5.0,0.1,12,7c1a0c36f5530074209f3ec91c1ed1d8d4aa1794b1aaf4edf177422653c4e98c
cifar10_proser_fedavg__split02__seed4__d5.0,0.15,12,c380aab8ffeb113d6e9ed6a44e619548c839c0ce0c7324330754cb07cac2b026
cifar10_proser_fedavg__split02__seed4__d5.0,0.2,12,24db4de810aa411ced9108efd786e4e62f340af4d1fb9b0c1ed4a070e1884155
cifar10_proser_fedavg__split02__seed4__d5.0,0.25,12,a44619f2830033f0ed0015801bee1b9ff44a160eff38c0e0dbc53aa904106ad5
cifar10_proser_fedavg__split02__seed4__d5.0,0.3,12,7c784290b478446cfedf68ec38e220aecde203600e56f79a7eedfc9a7c6dd1a8
cifar10_proser_fedavg__split03__seed0__d0.1,0.05,12,a16d50b6d21b8b306cd65dcece08d5fe7f9573bce18dec649bbbbe5720876790
cifar10_proser_fedavg__split03__seed0__d0.1,0.1,12,6a8b804a184c5c9dca1163869481c7480cc59d01f0e97eacbf6c2368cb7d119b
cifar10_proser_fedavg__split03__seed0__d0.1,0.15,12,b7241859f20ff05ad956f2003a932c2bae6f5148dd63bdd6309aa65807aeba99
cifar10_proser_fedavg__split03__seed0__d0.1,0.2,12,6cc4c2ee65045845a898efcf4d658620b1c543dc4538888c32da4d972b5b85f5
cifar10_proser_fedavg__split03__seed0__d0.1,0.25,12,682b285751d990536c766a4141bd357f199ab44c90851b9c8639a61278620a9a
cifar10_proser_fedavg__split03__seed0__d0.1,0.3,12,cc730173855df7383202b575ee10b7adb4192ec9f2bd762bfac4090e638e7d8c
cifar10_proser_fedavg__split03__seed0__d0.5,0.05,12,237dac26a122905b828d4170fb57dde7c829cf05d4b8a4a4598a318864aecc31
cifar10_proser_fedavg__split03__seed0__d0.5,0.1,12,9dbcaf28a96d38155ed7d04b163f595826b72852f38e7cca30aa5e0327696505
cifar10_proser_fedavg__split03__seed0__d0.5,0.15,12,004bbeee9e2efead6c7cbe6f11142765a6bfa1f5bfac46fb3d44e77a6f9c66d4
cifar10_proser_fedavg__split03__seed0__d0.5,0.2,12,ff313c88e8feb021c3895ae209a087b1802b8b0c6d2ed1a397a9f6e5e5a1dcab
cifar10_proser_fedavg__split03__seed0__d0.5,0.25,12,7ff8c64fa4024d04b7a961b4d7e65b2287fb4f5bb04fa4bb4437500b652cc407
cifar10_proser_fedavg__split03__seed0__d0.5,0.3,12,b9906a9a982e89e6ca721d06c59a8eb6fdf06fe07f966b109fdc861d9726110f
cifar10_proser_fedavg__split03__seed0__d5.0,0.05,12,0d5b041f3d6b5b0bef69492803fac78b640af22235785f057b13d2455025a457
cifar10_proser_fedavg__split03__seed0__d5.0,0.1,12,afc7b423cb50ed42f5d255ad7e023f68c8da904a228b28daa2c2a885c6350d04
cifar10_proser_fedavg__split03__seed0__d5.0,0.15,12,ddeb1948ec2a772aa994eca6ab6cc3fda157db387023b9778aad2129f5f65ad5
cifar10_proser_fedavg__split03__seed0__d5.0,0.2,12,d0537a3b00fb3f6e940531cd4625fda9095b2453976d1f0903a7197bfeeea12a
cifar10_proser_fedavg__split03__seed0__d5.0,0.25,12,d13d76ac8e992e340b140a009d505d81a34f88c2dbe115246d5a6f576b9d89e1
cifar10_proser_fedavg__split03__seed0__d5.0,0.3,12,8905b5806bf91bf803eab088870d4df3d57cca56a1fdfd29b614f6c1a65bc0a5
cifar10_proser_fedavg__split03__seed1__d0.1,0.05,12,afdd6bda5d67a26c871453d7ada75277be5009d1213a365dd38d3465f4acf520
cifar10_proser_fedavg__split03__seed1__d0.1,0.1,12,1e4d614b46395f3987b9ef7c7a91b526756e0e22a89cb97ab4d2baea39fa1550
cifar10_proser_fedavg__split03__seed1__d0.1,0.15,12,1f54fe7a08e78b70c3103ce447d74bc096234e1c40895b12436b407e0896491f
cifar10_proser_fedavg__split03__seed1__d0.1,0.2,12,1e785304330498dd09573771b1b5bde7abcc8198812b62f7d65cf18cd843d590
cifar10_proser_fedavg__split03__seed1__d0.1,0.25,12,6186b2e62ddbd9a262e552010c22ecce640e86b103cf9434b1b8ebea88c097a9
cifar10_proser_fedavg__split03__seed1__d0.1,0.3,12,ad3c76750954a73511384149b570066aa7ca64d628a9219574e803506c7d2169
cifar10_proser_fedavg__split03__seed1__d0.5,0.05,12,92cc40aad77d44dceb4a1fab715016f46d6e164b5d77a97ea5339eff0f5c625d
cifar10_proser_fedavg__split03__seed1__d0.5,0.1,12,36701bd461cd656a3fb475f9fb98961d9f3aa847dc654109b926b276a61763f1
cifar10_proser_fedavg__split03__seed1__d0.5,0.15,12,b985049c5fc82d9dcef8ac84364c4787db222f36449585bffb60957a8c2eb5a3
cifar10_proser_fedavg__split03__seed1__d0.5,0.2,12,f953ed35400bb7b3e798730e3d562f280194d24406818c6b47090cc35589e74d
cifar10_proser_fedavg__split03__seed1__d0.5,0.25,12,54bc4f1fb7fab5ce6618ff6271f7f75cbe4c08b18fb45c7e571bbfe73e4e2cea
cifar10_proser_fedavg__split03__seed1__d0.5,0.3,12,0391216b5fe41952eb90656dddbe5a0d13937a78568f7be7b9c106a03e27bf81
cifar10_proser_fedavg__split03__seed1__d5.0,0.05,12,0fec6cc4698607f64ab8c29fcdaf284efd88c704231cd3277d06ae77dcb20bfc
cifar10_proser_fedavg__split03__seed1__d5.0,0.1,12,bdc465306c850b832e8c119dc82b31ff2f1ffc2c222e56ee78b7dba86eb3e27d
cifar10_proser_fedavg__split03__seed1__d5.0,0.15,12,ebb4a1be58284d16165a7b7dd318e89dbbef1386922bca1e2a9137b18f6b182c
cifar10_proser_fedavg__split03__seed1__d5.0,0.2,12,9b30a4ef498a6e5f7373ce2c1a909f45357c15fff4634e064c016a4f47cf1453
cifar10_proser_fedavg__split03__seed1__d5.0,0.25,12,c1af8acb2bc9d956aec7c2357ff26e1fafcbca1989d0b3c20d98c571a92fbc04
cifar10_proser_fedavg__split03__seed1__d5.0,0.3,12,1b593a94fb04fee385a5110869d692eed9ae2b4420dee58c10791c2ba889ccb3
cifar10_proser_fedavg__split03__seed2__d0.1,0.05,12,c5ad4b24367a8f165079d7b7aa8f6853d405fbe448fe5601dc55c248662ca53f
cifar10_proser_fedavg__split03__seed2__d0.1,0.1,12,909e582416af9c7e300ddd858f712de2ba58fd2d4d8ec515d27fe389282c7e60
cifar10_proser_fedavg__split03__seed2__d0.1,0.15,12,e59ac691ee1327dc61066b80ad414e242f0fdee4cc4a9b22e70e9df0fd1e64eb
cifar10_proser_fedavg__split03__seed2__d0.1,0.2,12,cb10d0900305d36eb1c3200d258ad388801b20214d64ddcd9d5a2067d7300413
cifar10_proser_fedavg__split03__seed2__d0.1,0.25,12,7d48fee9634e635ca25c3ba58f183ee88d9b8c5a7ded51c44f08a1cbe0f58ff4
cifar10_proser_fedavg__split03__seed2__d0.1,0.3,12,b302cc82e81254f477ef33ebab94654a16c9b597898435e47e3adb5b0f01e637
cifar10_proser_fedavg__split03__seed2__d0.5,0.05,12,04d12cd7ed92b319fc31970f2030ba0c7af593f0ccd35e44ac067bac08164361
cifar10_proser_fedavg__split03__seed2__d0.5,0.1,12,b87bf9eb27ed85520ce23a7acb44448ce69c13e0d415c4d136ac97d8ce170b18
cifar10_proser_fedavg__split03__seed2__d0.5,0.15,12,8461651a7e41b27956c22acac6454d51b215f21fcc1fb424166444f35f923c27
cifar10_proser_fedavg__split03__seed2__d0.5,0.2,12,eed5966433c72c36c63415d1069d16c3ec5e5b0994a7fdd340751e2a8bb3a8c0
cifar10_proser_fedavg__split03__seed2__d0.5,0.25,12,0500d7525c3bb7e4fccaddc93aadbfd423f69f342e2475ed091a3c8b52243b41
cifar10_proser_fedavg__split03__seed2__d0.5,0.3,12,aa739daa4267692902e26db1ad5fb6ec3a1021d8071c7dee5fcbee06c9a2e8a0
cifar10_proser_fedavg__split03__seed2__d5.0,0.05,12,760a8ecfaef6bfb6382c40f492f969cfb73f4fb96635dae41abbf69329925102
cifar10_proser_fedavg__split03__seed2__d5.0,0.1,12,27439ed3556bebad45ea57e284a0df018e34695ccd2ad90fe0e228902f9d6292
cifar10_proser_fedavg__split03__seed2__d5.0,0.15,12,fcab28df24cb3d4f36d9a94227764e678c3e7509d343beb84bb7f75f74c0d95f
cifar10_proser_fedavg__split03__seed2__d5.0,0.2,12,db63b2d1de7c7447ae35989947584e00233882720ea8d56031fe546ccb14649d
cifar10_proser_fedavg__split03__seed2__d5.0,0.25,12,e0a027c7910c74dc24c2baed80a5d411a717ba0fb1f200be20fe4fac8844e876
cifar10_proser_fedavg__split03__seed2__d5.0,0.3,12,e15830c73d62c8fd0f68132e6995a9f2af37eaebad0f91a6921365d1c95ce6c5
cifar10_proser_fedavg__split03__seed3__d0.1,0.05,12,d6d661dd221390d9355e98948505ded4f0d06c1293f2c3090ffd65207aa3dbe4
cifar10_proser_fedavg__split03__seed3__d0.1,0.1,12,b3b69f36722a59a6c6c5b2ca3b251b0f87ed6b60a661b847c1cc3dfb8a531011
cifar10_proser_fedavg__split03__seed3__d0.1,0.15,12,c72a8b9fc72811232b7eeeba4de6cc5785b7a512b6d0a934ce4f07dc7ffdd591
cifar10_proser_fedavg__split03__seed3__d0.1,0.2,12,591a138273084d9eca6054fc768ac00e1a393bb367e82c8a528c09f842aa8662
cifar10_proser_fedavg__split03__seed3__d0.1,0.25,12,68e9f4fd42ae0606b9f37f7550a9a64a1eca974d45e6cb81f517ac6a56091a09
cifar10_proser_fedavg__split03__seed3__d0.1,0.3,12,b4395cba5f3cabfe55e2f54a3508070d5cc52d4cf4d050a1025c94844bd291f3
cifar10_proser_fedavg__split03__seed3__d0.5,0.05,12,4215a2eb735acf72a3ce0feee854f4a4d33028ee18b033cecaaf56ec7118e7e9
cifar10_proser_fedavg__split03__seed3__d0.5,0.1,12,2072ff70a829a5f0218d01dce622447b886a2dc10b06da942eceaab1a44db7d5
cifar10_proser_fedavg__split03__seed3__d0.5,0.15,12,2649fdbc1485b40e76d7875ce50d704c51c3dfca45c1404bc9d33f2bb2c4607f
cifar10_proser_fedavg__split03__seed3__d0.5,0.2,12,3061b670b10f3b8310a8467d3fdf84c334a22bd8a9c7171e8d0892c1a32d7bb1
cifar10_proser_fedavg__split03__seed3__d0.5,0.25,12,c8618efed9b9f59b49dfd2d5ea1c5747857c080c7e729c762a265056e31e52e3
cifar10_proser_fedavg__split03__seed3__d0.5,0.3,12,4c3d28aa3ecc30220d8ac815070af346a02f2bc6e26c53c05a6eae8af08c784d
cifar10_proser_fedavg__split03__seed3__d5.0,0.05,12,2136df1cd60bf38f0637e4f5331cb4b259fc11a77e13d68d2e4e00206b763dfd
cifar10_proser_fedavg__split03__seed3__d5.0,0.1,12,4da4fa504414876b481c68e68838105bb8b5f5eef9500b309216dfe92b7cf151
cifar10_proser_fedavg__split03__seed3__d5.0,0.15,12,b006adaabb25ca1bcf2359f202e64d15aeb1939d1ccef46fc8c3ceeda24ec9a2
cifar10_proser_fedavg__split03__seed3__d5.0,0.2,12,095d78a3853229d47c653b654c2058dabb580cc9790d00011f8afef376f73605
cifar10_proser_fedavg__split03__seed3__d5.0,0.25,12,c6c90fb9f8def47bb2ada4c51bf140b00f50fbc7d5a6c1fde7f8a3a8cde68b7b
cifar10_proser_fedavg__split03__seed3__d5.0,0.3,12,fee9f03872b47c64f7e3d74c56b63ddb29de5fcccaa5e8c8fb427e4eb430c0eb
cifar10_proser_fedavg__split03__seed4__d0.1,0.05,12,6443b60d71ccebaba5d57806f19b05c6438edf13f25028542eaeb118b8c85771
cifar10_proser_fedavg__split03__seed4__d0.1,0.1,12,0e73de34aaf197ef4d76e6adaed42e1d2ba553bd187a8530e417dd6fd862be83
cifar10_proser_fedavg__split03__seed4__d0.1,0.15,12,338d6c80511614744610be2f6382655cd443e2e5a8a1fbc1984bf95e204ca02a
cifar10_proser_fedavg__split03__seed4__d0.1,0.2,12,90a4495684bf9524be52479075b1e200816805bb83ff849acaa95d2719f54d6b
cifar10_proser_fedavg__split03__seed4__d0.1,0.25,12,e064cb5f48d4174ad3e23b1beecb7039da90521c495ac0ee5a4d4a620673a26c
cifar10_proser_fedavg__split03__seed4__d0.1,0.3,12,a8a87a205e594c6ba3ae9ea0e93349e9320edc1ba9a12bcf0caaa654f22e1df6
cifar10_proser_fedavg__split03__seed4__d0.5,0.05,12,3505a37e8b1a918877f598f4946ed440427252290af6e8df19c0f8ff7cf304b4
cifar10_proser_fedavg__split03__seed4__d0.5,0.1,12,d2ad9d3aee67dbc295a9a1a558f5fbabf9a30cb1e2aa7ffa922a56d61db86418
cifar10_proser_fedavg__split03__seed4__d0.5,0.15,12,239fe8a6457d4b3f16f958f22f2020f42d5b8d62aa38cacade8fc39ed5fb6fa5
cifar10_proser_fedavg__split03__seed4__d0.5,0.2,12,47ef100cbe19722f99903948f459fadfdecb8975fbf48bec6ee1c20d1afdc767
cifar10_proser_fedavg__split03__seed4__d0.5,0.25,12,a1d18b9e6e9c5d80cf2603babc62d781290266df9ce35a7be151d63a4a86aa66
cifar10_proser_fedavg__split03__seed4__d0.5,0.3,12,3d1f906d1a87499951d08b9887f5b4102a0c48d6cd1a12b5f1bdf9a16a8c8a45
cifar10_proser_fedavg__split03__seed4__d5.0,0.05,12,f056cf3adace0dc4baf4d84dc1cc21c5ea619fdf3d1ad7573c0f6075b9a8b4aa
cifar10_proser_fedavg__split03__seed4__d5.0,0.1,12,bba65a8a413d45174d0f22bddadc4f45306887e86d7fc3c233f1846d865b92a1
cifar10_proser_fedavg__split03__seed4__d5.0,0.15,12,41838636f9264cd606cadb2c9a1797faf819919e4a89509f3b96b02d76581367
cifar10_proser_fedavg__split03__seed4__d5.0,0.2,12,2a2bfff463bc4281353c68fd639a868ad88fcbf0578f2338daaad62fec40c74c
cifar10_proser_fedavg__split03__seed4__d5.0,0.25,12,ec92d1a2d2c1487a9287eba2dc0a9faa3d9465025a7dcd41b46803ebd0d11566
cifar10_proser_fedavg__split03__seed4__d5.0,0.3,12,78acb8af34a45c7c23b7dbab5b2b0f89a975e07d56f44b90016cc351dd5df41b
cifar10_proser_fedavg__split04__seed0__d0.1,0.05,12,dd1501725199ef4954b5ff306398c402dfbed0f6ed1e4fe84dd7494b5890a4b0
cifar10_proser_fedavg__split04__seed0__d0.1,0.1,12,0d7e8acd6946381b4c048b56340e91751b610ad2d6a856feb912945cf29d16dd
cifar10_proser_fedavg__split04__seed0__d0.1,0.15,12,5f7559d67a64ded9a187d5e835bc6fdbd10b246c24b70ec3d693fcdfd51cd734
cifar10_proser_fedavg__split04__seed0__d0.1,0.2,12,d742bdfeb5b8ca92d1f46a6ade48ea861f84d5d8965055629d5fb91154903e93
cifar10_proser_fedavg__split04__seed0__d0.1,0.25,12,dc3d3bfb73486ec671cd22fbb376d8038a77dbd5d24c067f352fe4d66c3878ca
cifar10_proser_fedavg__split04__seed0__d0.1,0.3,12,77913db6e6023cad0a3ebbc4dfd21f2f135efb99dcb556013f14d993546a093c
cifar10_proser_fedavg__split04__seed0__d0.5,0.05,12,5b1bbeec73e5e886889c60e4c7a856544e6a3a3010e268e648f00f1df6dc1864
cifar10_proser_fedavg__split04__seed0__d0.5,0.1,12,8d03643f921d8541cff40f8c4bff4bc168e036f3eccb1b50648509e580c8955c
cifar10_proser_fedavg__split04__seed0__d0.5,0.15,12,8bf98443496166eb6429c69be099317128b9c813d223615115c1020f340670aa
cifar10_proser_fedavg__split04__seed0__d0.5,0.2,12,1c5c8df5991f67234ed053c71a3f8483048bdd48ea063a13ef1f8af2f5f75553
cifar10_proser_fedavg__split04__seed0__d0.5,0.25,12,8aae8a305f2177b5edf44c683928054f3dd68b14e481072a77725771b1fd8611
cifar10_proser_fedavg__split04__seed0__d0.5,0.3,12,095aaa068996d7068d8d13539ad3f11bdc81f9b6ba8e25a578d7aac220ceadf7
cifar10_proser_fedavg__split04__seed0__d5.0,0.05,12,ade61ca9b5c640c204d0fa7cc7b3bad82fb2d73193fa46ecf45526ddd204a4e0
cifar10_proser_fedavg__split04__seed0__d5.0,0.1,12,5e6225c264f9bb1a65b9afd589e98593fd591910fd62f07c297ab42fd0eecc5d
cifar10_proser_fedavg__split04__seed0__d5.0,0.15,12,9cbb1b1a5bf005a902d30483cbd4ab1730b173bc6efb8070f311684d39bee165
cifar10_proser_fedavg__split04__seed0__d5.0,0.2,12,d7e5418b123e22b6b64efd7ff433b858048dc24589cd8a706ef4125246a8fa1b
cifar10_proser_fedavg__split04__seed0__d5.0,0.25,12,af765804f6d7c6e94e47739250662bfbcfd0279e7cc5383a6788ab35919a8769
cifar10_proser_fedavg__split04__seed0__d5.0,0.3,12,b4d5877fa80390074accea4aad07c7cdb53c174aa4a9a85ce3298b3bd9bc68ed
cifar10_proser_fedavg__split04__seed1__d0.1,0.05,12,a92929a2cc03a146954bbc31b953e1fc6a7ceae3fc077d4138f671154b861aa2
cifar10_proser_fedavg__split04__seed1__d0.1,0.1,12,bd9492c74c883596a0ee0f6b142f2054b9abac2c6b9afdb0a285cc2a9cd753fe
cifar10_proser_fedavg__split04__seed1__d0.1,0.15,12,ac807806204a8ed803234ca5d89020cee1bf8c5d7df294f78eaadb3514d3d0a6
cifar10_proser_fedavg__split04__seed1__d0.1,0.2,12,e9e7d151df30708f778b0a0481df3c6b17f7e5c274c2f44001a66bb0f6b37d33
cifar10_proser_fedavg__split04__seed1__d0.1,0.25,12,cbad2999100f6194444471f0888bb5c4ecf58b88e06a44d1cc758edfbc77a1f9
cifar10_proser_fedavg__split04__seed1__d0.1,0.3,12,d777bd58fbfd0afbecaf6a088ebfa5d65fbf4dc888bcf20d2f0601d7c92b1288
cifar10_proser_fedavg__split04__seed1__d0.5,0.05,12,06c29a4ab2b62c7268bbeeb1534cc44f4a5ff4a284f3f3ec515402721e6b081e
cifar10_proser_fedavg__split04__seed1__d0.5,0.1,12,683567dec4c9ea74c2ee3e525aa1b655d4c84f4cc35d635b9d6bf0261a849191
cifar10_proser_fedavg__split04__seed1__d0.5,0.15,12,490b1603228d08694ee54299f1c3c305eb69600b143de564a218c1063fbeb4bc
cifar10_proser_fedavg__split04__seed1__d0.5,0.2,12,cb5eebce42e5d99c426c1155155998a8f0d38f93068884b394d9b6e50129f90a
cifar10_proser_fedavg__split04__seed1__d0.5,0.25,12,63b14b1542236673a8064b550b21ab0c2953d89b04e3954e046b357990fb41ea
cifar10_proser_fedavg__split04__seed1__d0.5,0.3,12,2147bd4fc2164b7de824b5001f4b7ddaa38c2b4567e72f2de4d34b326ccc8f41
cifar10_proser_fedavg__split04__seed1__d5.0,0.05,12,0f6f466cb551b9d5daca3dbdbcc9732456feae6b786de73653d4b8fd8c7f68a8
cifar10_proser_fedavg__split04__seed1__d5.0,0.1,12,9f42821d9b02200cb2002fb5fb9736357bb0f45bc07745c06b3511274b444b66
cifar10_proser_fedavg__split04__seed1__d5.0,0.15,12,79e8acac85940d621448d5c605b95b97d73c1b017726caab1e15a3f7fc371798
cifar10_proser_fedavg__split04__seed1__d5.0,0.2,12,7c2a3fd04364fd2ddb50f9e659081deee521c5ebb781d100b19b5a160347e6e9
cifar10_proser_fedavg__split04__seed1__d5.0,0.25,12,b33d602f380f9676f390fb1d4f6364cc7e04e59f49e905ec2634ea88ec281cd0
cifar10_proser_fedavg__split04__seed1__d5.0,0.3,12,3b8ca4dc0b7465ff0d11cd7b5e10767895d4bba644846504fe6f0894bd2c240d
cifar10_proser_fedavg__split04__seed2__d0.1,0.05,12,ef37eda65ae9b19c84d2a06af2c4ca63ec8385d17aa518c85009f70ebd374877
cifar10_proser_fedavg__split04__seed2__d0.1,0.1,12,336f17697b271e3b77e21cbbd6d60d1ba0b292720898f05ec0ebe9b8e9d6985c
cifar10_proser_fedavg__split04__seed2__d0.1,0.15,12,13f6898038ac339084eef4c214f5a3e15720bde95af251d6613cb5c671e4e7fe
cifar10_proser_fedavg__split04__seed2__d0.1,0.2,12,9ccc0ec460e87986065454f72e3f9fb773ab10bd3339b14785161c8fdb507bdf
cifar10_proser_fedavg__split04__seed2__d0.1,0.25,12,70cd4a72d4836c954076725cbed87d98f31201591de8c75177f121ea5ab9926f
cifar10_proser_fedavg__split04__seed2__d0.1,0.3,12,011b34439f42f1ba2ba973c6a8d50239d585931b4c7e72258c51bf64cb04c165
cifar10_proser_fedavg__split04__seed2__d0.5,0.05,12,b1bc6542c99d4c2414fdf40415fdd489df0f4a9577050c558fafd85be997ff9e
cifar10_proser_fedavg__split04__seed2__d0.5,0.1,12,435b548302914f847c044d06cea6fc49279b6658792ab27d034122c2f7f62b4b
cifar10_proser_fedavg__split04__seed2__d0.5,0.15,12,b7e8c5e8b0f82deb050269d2e95c3333815fbddcb6ce6832c412e00d24229a58
cifar10_proser_fedavg__split04__seed2__d0.5,0.2,12,08a8514fc3797191864544543e501cad4080bd348c1bb851f9fa46b00766e555
cifar10_proser_fedavg__split04__seed2__d0.5,0.25,12,49890c66efbe1bd4ef27149a3e8b75d6bade6cf24b16fee4eb1123dda9a11951
cifar10_proser_fedavg__split04__seed2__d0.5,0.3,12,e4a19b7b22c29e5c4ac8d39c8d591dde9fdd43da96c73256e345035efd2062e2
cifar10_proser_fedavg__split04__seed2__d5.0,0.05,12,4ea904767e03fab9ff2cad10922b0d6bf71af290351cbfedbf42003ab8716645
cifar10_proser_fedavg__split04__seed2__d5.0,0.1,12,20d385585e90c3824a816ecfaf029157b1c7fe64b7b7377b97eb204edad5b56d
cifar10_proser_fedavg__split04__seed2__d5.0,0.15,12,8c86c15d0719fcf51fbbe846fbdb15d4b457e20151c627fdf3508ac11fd8c8cc
cifar10_proser_fedavg__split04__seed2__d5.0,0.2,12,0037e99396109512cf0cec1e0bfeffc5e727b696a9d4cbcc0f67be8efce64bba
cifar10_proser_fedavg__split04__seed2__d5.0,0.25,12,7c3ad54446f78a09fa199036a62073d297babce19026c8776c46d7379b47a154
cifar10_proser_fedavg__split04__seed2__d5.0,0.3,12,c6d36d8c7d336b15eddc8352a46a143dcd8d6ae2649fd296f739556d5edba6fe
cifar10_proser_fedavg__split04__seed3__d0.1,0.05,12,a325d5d7209686b72da459a706324827402b8dd57efe1a642138bc30162b00c5
cifar10_proser_fedavg__split04__seed3__d0.1,0.1,12,d2ed5eed3bcb9795b5e229a86f3ae453a91667f6d62ceb5e36acd26a31926da9
cifar10_proser_fedavg__split04__seed3__d0.1,0.15,12,dda3bccbbd1826ad2616b9e86d30d1f4053dd8b7eeaf1ec2d5e0b3a9d93a90b0
cifar10_proser_fedavg__split04__seed3__d0.1,0.2,12,35783b0e6e4a7fb667dd48ad32f19a0750feb7fd7737efec039f4fa165b36bc7
cifar10_proser_fedavg__split04__seed3__d0.1,0.25,12,f25673aaab940cc81af81e5e52401881ac7117642a1e512168e42a89202406c3
cifar10_proser_fedavg__split04__seed3__d0.1,0.3,12,27bd7875845fda145a4b9145b56545a10f394db1e4ed9f9533573fe16a096e52
cifar10_proser_fedavg__split04__seed3__d0.5,0.05,12,33899c0dc44d6bdf6794fa659c6aae51549a32b1b42659d7aa9675c940a33c26
cifar10_proser_fedavg__split04__seed3__d0.5,0.1,12,59b62cc8a9d1b2fb23c13b5f1538ee9f27dc1f1ebad092639c00ad2dc847585a
cifar10_proser_fedavg__split04__seed3__d0.5,0.15,12,50dcfeba9a24837b0a02d9377b2b6387a8563608d24ace5fd980d359b3c11cef
cifar10_proser_fedavg__split04__seed3__d0.5,0.2,12,e51069eec14037b4ce206a99f28e3bf57bcf47658d37819faf8b5f4935862c19
cifar10_proser_fedavg__split04__seed3__d0.5,0.25,12,822afea01ec55a74d8fa9922e94fa41bad3e477d4d229387cc0e72c491a8311e
cifar10_proser_fedavg__split04__seed3__d0.5,0.3,12,61fe4f09c2da29ce67c83a457b93c1e25bf6757b30085f6ebc5a02862867a86f
cifar10_proser_fedavg__split04__seed3__d5.0,0.05,12,d4424a476b14f939afe0732c2f0d5f665bf6b2f88d056af9b8fb3176f50b6644
cifar10_proser_fedavg__split04__seed3__d5.0,0.1,12,818b83f06a0a53f7cca528a4392d9ae85d55557070bef7b9472faf4bb8ef2b5f
cifar10_proser_fedavg__split04__seed3__d5.0,0.15,12,661793c05cb5006322e88fe2b5c0eb1a5c1aef3544034dc9dbb953c0c0625f6c
cifar10_proser_fedavg__split04__seed3__d5.0,0.2,12,68572c5a6dc7b60a564e7749df8d4ee1e0572bd7d2b797357a33dad3137ee384
cifar10_proser_fedavg__split04__seed3__d5.0,0.25,12,fcb23bce2df6352674ae5004e3b5c8946e5f2ea752f032430963747340829239
cifar10_proser_fedavg__split04__seed3__d5.0,0.3,12,a12d6af4ec0ac5aa3efbf0c75daaf7f3e9c5a17e209ddb06fcbf64c63c55cd3a
cifar10_proser_fedavg__split04__seed4__d0.1,0.05,12,f6ec7e93a65ea4cc55ed51d908d8bac84378a9087dacd3e8b7013be963542578
cifar10_proser_fedavg__split04__seed4__d0.1,0.1,12,a7a080bcb65e7d23a9774850f6693342dd259817fa7d1f39dd27debd045bf9f2
cifar10_proser_fedavg__split04__seed4__d0.1,0.15,12,068e1ca6c8e848372db36396eee9cff8140e1b61dbfa1dc567a7bd1507e54358
cifar10_proser_fedavg__split04__seed4__d0.1,0.2,12,00f4231ff08a3c70331c2b03984efcf776fefb713bdebd780415499779dcf217
cifar10_proser_fedavg__split04__seed4__d0.1,0.25,12,11a431b06ddbcf85ad77b9e4dd37d6faa3ec7b17bb24ba318bf4c62ff6813513
cifar10_proser_fedavg__split04__seed4__d0.1,0.3,12,ebe2edc326dada447b3a8e65128f865b1fccf80fe90781653691d669930480cf
cifar10_proser_fedavg__split04__seed4__d0.5,0.05,12,5f846e700ad6be911e9c14d4b7b61565d3215b2306438a08b62c7c3e5a8d34d5
cifar10_proser_fedavg__split04__seed4__d0.5,0.1,12,664f81c542021d783584a7d812d4a63227781fd7556de8f1d4c6219e823e9586
cifar10_proser_fedavg__split04__seed4__d0.5,0.15,12,6e371ae56352985bb9f73b7275439b030dcbf37857112ce4211f1f7b9100255b
cifar10_proser_fedavg__split04__seed4__d0.5,0.2,12,50dec172a1bb3f89607beef40064e161d95a7b797da3d537e0e642c847ded098
cifar10_proser_fedavg__split04__seed4__d0.5,0.25,12,49e8d977cc85944b669081637232aa01791428ce634e06734b7a7a4e83525126
cifar10_proser_fedavg__split04__seed4__d0.5,0.3,12,91776fea0ad4c0061c5a121ff8312fcfe4d4497dbaa4f023c869e13aa171b362
cifar10_proser_fedavg__split04__seed4__d5.0,0.05,12,5642ccd3d013095241f99102c7202373004ad74ca5df97d9cda4c21368c30239
cifar10_proser_fedavg__split04__seed4__d5.0,0.1,12,0e363b8e9f9476e41863ee06e1389d2814cc25dd583b32fbe94342eb87f13566
cifar10_proser_fedavg__split04__seed4__d5.0,0.15,12,2f83d802d8cafee2a03dbb835035d390eb2a682347219f38c9248e68a4c5dde0
cifar10_proser_fedavg__split04__seed4__d5.0,0.2,12,f106249fc7d393bab126a2d7bbd281298b66d0d776613651cc9bffee674cc19a
cifar10_proser_fedavg__split04__seed4__d5.0,0.25,12,81ace70c37545540abf3177a04182f504ddc4c07a7e58b809f2be720e279b864
cifar10_proser_fedavg__split04__seed4__d5.0,0.3,12,a62110487aaa170278e74629f2bcc6b378862f2563aa10cd7ca191563bb05e58
cifar10_proser_fedavg__split05__seed0__d0.1,0.05,12,1477c186456f7eb02f579fcc97a9c9bb72be8b54730758174498f70f83c5fcb9
cifar10_proser_fedavg__split05__seed0__d0.1,0.1,12,9a62d092ba429a58860a2751732d2db3291a732e69bf0a30b8c617ec6ed2cc75
cifar10_proser_fedavg__split05__seed0__d0.1,0.15,12,1566839aa62086a191f8021c26392fd7b1753bfe932521bac946bf0c452d166e
cifar10_proser_fedavg__split05__seed0__d0.1,0.2,12,56612c4c7fd84ac251362d2a37987c274b39e7ef44ca2516be7ba4e7c9677c78
cifar10_proser_fedavg__split05__seed0__d0.1,0.25,12,070f8eb30fa411ad6f8de8153b5be21eaee85e3ca98e5114bdd12dbb80a703ac
cifar10_proser_fedavg__split05__seed0__d0.1,0.3,12,286bccab8784c17edc091ab4f6c0634d32fb7cd455f7fe30d77a1219dcdf5b0d
cifar10_proser_fedavg__split05__seed0__d0.5,0.05,12,d78c24b9e2e0692964dde56f3c3fa14ef71466e31a51a069c39fc94a1bb84f27
cifar10_proser_fedavg__split05__seed0__d0.5,0.1,12,191bc0e1daddcecc42a32a511c9860d54e65d3321689db5bc9d0827eb8b23546
cifar10_proser_fedavg__split05__seed0__d0.5,0.15,12,e5262763b5731e5323a3dae07c140ab8ce5397a8ce869415f29b6ecd984387b9
cifar10_proser_fedavg__split05__seed0__d0.5,0.2,12,7a22c5871cd077babbf15a46bdf38e483a37672e4f183bffcfac2e42bfc78ee9
cifar10_proser_fedavg__split05__seed0__d0.5,0.25,12,26540d3511a0072f9a1ca495a617c2b7559e72a13d5b694909d9915e1a31fb63
cifar10_proser_fedavg__split05__seed0__d0.5,0.3,12,d98aab136b7a72b1bb39a99e1bab3e7c12f484c833c4841c4dfd96841e6b72a8
cifar10_proser_fedavg__split05__seed0__d5.0,0.05,12,6005026deff048a4072fd848704a509380b911a9a74eeb4c6b7037a1447d3122
cifar10_proser_fedavg__split05__seed0__d5.0,0.1,12,81866826b8afe9188cd89317f7cf33e818ad662d692143d780886163c824b267
cifar10_proser_fedavg__split05__seed0__d5.0,0.15,12,a932267e087c2c029a64d37b1023036cbcd71016370c12e7e37c0e3f90b4012b
cifar10_proser_fedavg__split05__seed0__d5.0,0.2,12,7dd5eeaeb8dbbc464d9cffe5ac8b27ad83ff80a89b8aa46f90e66e2f5a212c56
cifar10_proser_fedavg__split05__seed0__d5.0,0.25,12,e8cbaa297cfa6770b04ab03de1d5b849fb11cc10a58e014a0bfa0a635cf7132c
cifar10_proser_fedavg__split05__seed0__d5.0,0.3,12,a152b37fad7bff30cb15bd3275f89edf7c3e72bcad6b9b6f951ac24a2e14ac40
cifar10_proser_fedavg__split05__seed1__d0.1,0.05,12,dd1f8c929dbf0302407d92dfd272c456fe334613abd75839d3817c86ab8f61b8
cifar10_proser_fedavg__split05__seed1__d0.1,0.1,12,e78e582b78178542feecf66dfa767aa3e202328075cff543c550535f686f6afa
cifar10_proser_fedavg__split05__seed1__d0.1,0.15,12,5ac1572281b760c51e301507ff934c1de813a6cf21e030967e4e6b6ddacc220b
cifar10_proser_fedavg__split05__seed1__d0.1,0.2,12,f6828a965474cd2068285574f14fd01fa1fdd77222c6c4c0d76a0d60f2951063
cifar10_proser_fedavg__split05__seed1__d0.1,0.25,12,66d1616af9e461b969a8778a560a3589c25cdb0f1eef33f93a9e245b87d1313e
cifar10_proser_fedavg__split05__seed1__d0.1,0.3,12,9f22efa5a054ae98cc0f615ac28c9b61cb48c705b7a3e9184db8d50d7428dbe2
cifar10_proser_fedavg__split05__seed1__d0.5,0.05,12,b883b959dc0fc9ed2c8114e6e4ea9985868d8fddb860293d4242d1fbabbcac75
cifar10_proser_fedavg__split05__seed1__d0.5,0.1,12,ac2f56328b599d0469933d2d86fc6573664cd912bed1313242dfe3d20f948cbd
cifar10_proser_fedavg__split05__seed1__d0.5,0.15,12,718f1e9704e511271c016df04c5fdd1ee1ede73b884f1584b4a9fcb5418692d3
cifar10_proser_fedavg__split05__seed1__d0.5,0.2,12,ca5f54b536dcaaafadfa8bc8203b5658cf3cb65931d293ba2398e490be0ccfd8
cifar10_proser_fedavg__split05__seed1__d0.5,0.25,12,ea1d98c633a5326ee5ea050e1482c775f48ec48a27537fa45e01b9d9052213e3
cifar10_proser_fedavg__split05__seed1__d0.5,0.3,12,6fa112ef073de50309bd49ce7eaa54f15445929090c3cf331c95b1bb0a84f4dd
cifar10_proser_fedavg__split05__seed1__d5.0,0.05,12,173896c3d9e09ed628781297a27ad6d8c590e8cf1eae31ba2e094b2c973bb274
cifar10_proser_fedavg__split05__seed1__d5.0,0.1,12,642a60686fbf18a52ceb14434c6c67376ac20529974de70555684d766d021443
cifar10_proser_fedavg__split05__seed1__d5.0,0.15,12,49b8e0e9b3f3797b3b67e74602f8d88ebf847f2365070323b1d5da13a997c2a5
cifar10_proser_fedavg__split05__seed1__d5.0,0.2,12,7ee0a085c7cdf760efb6cd3935424b8e325eb7c4c416345abf7771e243512e2e
cifar10_proser_fedavg__split05__seed1__d5.0,0.25,12,f18ba75cad80daa7555819cc5baeab8c847269b22e470d2228c12498da709869
cifar10_proser_fedavg__split05__seed1__d5.0,0.3,12,71736c67ae926d57e6a3d4421fa1a6a773fc520bc7481330984a08fa32d61c2e
cifar10_proser_fedavg__split05__seed2__d0.1,0.05,12,baa7cb7ad3dfec056ff728257702fd20ee51a92d95763bc36ee4c4274caa0a4a
cifar10_proser_fedavg__split05__seed2__d0.1,0.1,12,0e5e91860f03cf4cfc4badd0ecbdab9ced844f3d6a14cc1983f1cf52a57d4430
cifar10_proser_fedavg__split05__seed2__d0.1,0.15,12,b51b8a2b43eda995bf0ff2898630660de2aea0812a8665784b5692c9b5094758
cifar10_proser_fedavg__split05__seed2__d0.1,0.2,12,fdc38fb057cf791a00af4f3e731a0445e94d1990aedde819e7a1bc0a73caefba
cifar10_proser_fedavg__split05__seed2__d0.1,0.25,12,1f4225660000fe4fa4de1e030930c865ece4e789b3dc3489f363a6be16ebc309
cifar10_proser_fedavg__split05__seed2__d0.1,0.3,12,88ea96c8b9911ba33bc36ec6942df7234ea6698f200465cdc596db30d7a43d16
cifar10_proser_fedavg__split05__seed2__d0.5,0.05,12,19943e8f7bf3f7adfb50c3869fb79f320798ca61fdb1f7b18d4f7030b4a89741
cifar10_proser_fedavg__split05__seed2__d0.5,0.1,12,b782fa873bffc6c1a0c474bbb0ba6534a3e11f7baee070537341bc635567f04c
cifar10_proser_fedavg__split05__seed2__d0.5,0.15,12,d04224b433184346968aba80270a063b3a6d63ad9d6cf85e88976a92e3ceb532
cifar10_proser_fedavg__split05__seed2__d0.5,0.2,12,8aa2c9353d286d8cb88579309c60144b85473e695c218ae859227b1ec1eac62c
cifar10_proser_fedavg__split05__seed2__d0.5,0.25,12,08defd638b9f2deea1091720cdc80ff5bd8d85e415dead6198cd83902d15d1c5
cifar10_proser_fedavg__split05__seed2__d0.5,0.3,12,a10c06b3c95806d807950a29080fa6a91f05a5c6b2b503c696bf18bcb4368c5d
cifar10_proser_fedavg__split05__seed2__d5.0,0.05,12,1b2291bd5bea305b4426aa537be966a561b83c459d41f3c9fe72e9d877767051
cifar10_proser_fedavg__split05__seed2__d5.0,0.1,12,7cc0c9dc96c1f002c7e2c89799f13095df4a9aadaee6dd375dafca2a4ba4a48e
cifar10_proser_fedavg__split05__seed2__d5.0,0.15,12,f8f12f3e9451acd1c9c7adbeef6c80a66c167f690c28f0fb84e55574b26d9339
cifar10_proser_fedavg__split05__seed2__d5.0,0.2,12,9dd6d875552b2ba75b390ef6c3fb405af19a49667c4a20d18a968dba4534b66d
cifar10_proser_fedavg__split05__seed2__d5.0,0.25,12,87e380f2d3fb374c605483322ed4b988c28797d8d830a8c7e97334abf48d2e17
cifar10_proser_fedavg__split05__seed2__d5.0,0.3,12,8d96198e5f73f6c15182fa807ab7f0d0485af3a271644ad33354b6a000f6387f
cifar10_proser_fedavg__split05__seed3__d0.1,0.05,12,a0aa4ec348b39bca39f16cf1472125f83d15657c70b5ab4a4290039364ed0517
cifar10_proser_fedavg__split05__seed3__d0.1,0.1,12,6e8fd4222bd6b3da409610231650baaf01e070d7fe31b89ad45788097980e1a9
cifar10_proser_fedavg__split05__seed3__d0.1,0.15,12,5b689c70e880bfc653b4c627cfe61c5b26037a31b3d445c1376bf735d48f6b07
cifar10_proser_fedavg__split05__seed3__d0.1,0.2,12,0ab7648a007617cf5a5ad475752d4f032e8a4edaaaa444f49c45535439e0ec37
cifar10_proser_fedavg__split05__seed3__d0.1,0.25,12,879be94575d76a031ce0c2fc59f07dbe8abc563610a55a3ebdea68cb386fdcc3
cifar10_proser_fedavg__split05__seed3__d0.1,0.3,12,2ffa4d6279563aa79887d120033be2994a7953266359d2bb51979b4bbbd6015b
cifar10_proser_fedavg__split05__seed3__d0.5,0.05,12,9a7302b977bd2d8949e45d7819d58db3d20c6eb4e522cabb2d62451e8742ee6f
cifar10_proser_fedavg__split05__seed3__d0.5,0.1,12,88e2c1ba5de48e43fb454f474d93d7da1fcede7d4299cf0bfc016640e1693432
cifar10_proser_fedavg__split05__seed3__d0.5,0.15,12,5145776cd9002fb69d5b1e677ed46a72f08245a996656050d27e0fa364d50000
cifar10_proser_fedavg__split05__seed3__d0.5,0.2,12,aeb2b25e8e1e92dc1f4db6dae8b2e86f749232a7d7f33f47d432c9bbc219e9ba
cifar10_proser_fedavg__split05__seed3__d0.5,0.25,12,808ecdc4f31fd2a3512df0dd670e960bc233a3b2611506f5c161875567e07160
cifar10_proser_fedavg__split05__seed3__d0.5,0.3,12,1372f47ee2f6967a040abd2ddfb0fda9b4ea998b4d6326bb4577b4458372dfcd
cifar10_proser_fedavg__split05__seed3__d5.0,0.05,12,aa0432451457ec4102ef148c2f1d5b3e3e7d5210837c4ec2c6130082b91ff3b4
cifar10_proser_fedavg__split05__seed3__d5.0,0.1,12,58c4f41417030e4ed4ea2b005481b3515ee5b2d640316fd5208451fec13aca6a
cifar10_proser_fedavg__split05__seed3__d5.0,0.15,12,4703288c0181755d3b81062e755bbcbc64ea91fefe326249f701c516f272c50f
cifar10_proser_fedavg__split05__seed3__d5.0,0.2,12,164ed4a58b05a3c380b6b5ba862d807d6a3b3ac9f53ce0ad5a61e26dc60a1d52
cifar10_proser_fedavg__split05__seed3__d5.0,0.25,12,2e74aa2703776db7abb1c7c1df6f95dee01a24d52d743ddb46fa2eba83848b03
cifar10_proser_fedavg__split05__seed3__d5.0,0.3,12,d6efabf8326e8abd791e94778d050e8eda27bbeafe05ab981194c1affffc4e0d
cifar10_proser_fedavg__split05__seed4__d0.1,0.05,12,45cf7f540b815bbfa462f11bc1bf0fae8abfa549ef94270bf550e7c931797693
cifar10_proser_fedavg__split05__seed4__d0.1,0.1,12,20b3955ae7e3a1c386c5208c4b531c0041ece2ee35679c104f400e0f6828fe3f
cifar10_proser_fedavg__split05__seed4__d0.1,0.15,12,9921be87385852efab811a03fa370c1800953adc1b4b4c7d4fafe3c962fb3058
cifar10_proser_fedavg__split05__seed4__d0.1,0.2,12,12cf1e182df2f6f4439e785ca052396b95f9a3dea0e21cbbc804567ec5c8812c
cifar10_proser_fedavg__split05__seed4__d0.1,0.25,12,82b907050f033ab3fee79e1293a40aed8257aba84b5ce2941a1bd1ae3761060e
cifar10_proser_fedavg__split05__seed4__d0.1,0.3,12,c5774ca933177ff91a20ae78ee3a044f877f4fe2fe692c602e2718ee98029365
cifar10_proser_fedavg__split05__seed4__d0.5,0.05,12,349474aadf90b22458f0737b9feddbd639640cbe0fe9f6d5e2aa938ce7c1ae02
cifar10_proser_fedavg__split05__seed4__d0.5,0.1,12,88047df0e4586b096d3065d183c8c8c1db533625eb87f19914d0a1d1dfc44259
cifar10_proser_fedavg__split05__seed4__d0.5,0.15,12,1b18379b106feb658fc6fa87abf574e803a1da7656d3f29914d496bc3ed2769d
cifar10_proser_fedavg__split05__seed4__d0.5,0.2,12,6a01ed7792738db3cb5ec9ef4ac828f447fe31eff15d8f914261769a3267f03d
cifar10_proser_fedavg__split05__seed4__d0.5,0.25,12,1f906ba5eb788559777af49520c581347dba407cf1a7c5bdcdb3d73673a00af6
cifar10_proser_fedavg__split05__seed4__d0.5,0.3,12,3a50185dd7388233566b59b3bb1f3888d7f3172ceb4931d864f51da4186a74c3
cifar10_proser_fedavg__split05__seed4__d5.0,0.05,12,ad7739c886943130ea74de0b1d9f7f88f9a048b2e0d513538536227a82838899
cifar10_proser_fedavg__split05__seed4__d5.0,0.1,12,60eff26de9c6d47b7564e849d776834971f69d1a67b5581c06b95f4bc1a4709a
cifar10_proser_fedavg__split05__seed4__d5.0,0.15,12,8365699b7ef3ecd9a300bb523e8ff1badd6fe7c054c5284f6433cd998e8b9c5d
cifar10_proser_fedavg__split05__seed4__d5.0,0.2,12,6d531411e78c120c7967cf8d5e457d0c7d891bd4d8f700416cb5d04aec27ad32
cifar10_proser_fedavg__split05__seed4__d5.0,0.25,12,0a3f95c92355c992a3abc2a9e60b6d777c7f40488043f8bde8d46bc7078d1ea9
cifar10_proser_fedavg__split05__seed4__d5.0,0.3,12,ca305a52765c92487abcd72af54cf44253d6aa95f0f622b0b2f7ec8fd687e956
cifar10_proser_fedavg__split06__seed0__d0.1,0.05,12,408243290adbf245725cfbbdc003d066f4e4d75ec5d06438ff7c6197ac2fa9ba
cifar10_proser_fedavg__split06__seed0__d0.1,0.1,12,137db5f1afb4f0ecdf036681d9a171d6ef678c13aba6f6aa0aa79c1c3750b453
cifar10_proser_fedavg__split06__seed0__d0.1,0.15,12,09008ad6898446ad39d37346a58ecda4424e48d5e1a6a2efb61111226554d58a
cifar10_proser_fedavg__split06__seed0__d0.1,0.2,12,a2e985174be8440d0f2d13f63a72b7e5cd44df783e55b5c4633c0feea36627e7
cifar10_proser_fedavg__split06__seed0__d0.1,0.25,12,8a7a8c23add8ef895e7d854c7df8b4cb7cdace73c8e5a8bbed31b9d8105ee1ff
cifar10_proser_fedavg__split06__seed0__d0.1,0.3,12,f0e367bfbe75ce2406a1436c093356426f6227da62dab8b894f8367fe543c715
cifar10_proser_fedavg__split06__seed0__d0.5,0.05,12,a5d4c1b8f0866cccd0cb7c1d0640281bd401d6f60e2f5944212b0ac3a332b57e
cifar10_proser_fedavg__split06__seed0__d0.5,0.1,12,a926244af30d675b79ff434a6cf134a17c58d61d2f9fd9c793c1f97a60ccf30c
cifar10_proser_fedavg__split06__seed0__d0.5,0.15,12,b09bd14e4c5f7857be0960e1ead1dd2f954028732256ca69d49524b569b23b15
cifar10_proser_fedavg__split06__seed0__d0.5,0.2,12,743c24cf83809721c1cbec60a8041bfcd727e642c6561e1ce96dece2a7eb3e6d
cifar10_proser_fedavg__split06__seed0__d0.5,0.25,12,0b211170e9fc67c64201ed93d262a933acd95dfc5c01ec059e0cb0589269cd84
cifar10_proser_fedavg__split06__seed0__d0.5,0.3,12,d1d794a033b99a81da4edef85b3715d568825e2ca0d3f71364871eb0bed02a6c
cifar10_proser_fedavg__split06__seed0__d5.0,0.05,12,62401c7cb83bdb637ef1f907222aac1f5fb5f54450865d6c56d3159c56638874
cifar10_proser_fedavg__split06__seed0__d5.0,0.1,12,ca154f03f98f6501e949d435d18479d3e3a02a65fd4667fedf0ebe694fd4c2e7
cifar10_proser_fedavg__split06__seed0__d5.0,0.15,12,24460b9f873a3b06342496c93ad1a62107c47826865523d7b82811d17a86e749
cifar10_proser_fedavg__split06__seed0__d5.0,0.2,12,4bc947d2bb870dfa8a09ccddedb658a0f9fd8fbf7fe0aee8fe93748fb7b3192e
cifar10_proser_fedavg__split06__seed0__d5.0,0.25,12,13f357a0e9b577dbb5e48d7c2ad36b12a8f225d4ad6745ee0839d7019bee9346
cifar10_proser_fedavg__split06__seed0__d5.0,0.3,12,3692f4853d86d912c0af81a3bc59b245ecbe10df0ae445a468ffa0c1f0974a68
cifar10_proser_fedavg__split06__seed1__d0.1,0.05,12,ee798fcf1209ab020812f853627fc5d036f02f686bd5bcf701608d48fb2ab1aa
cifar10_proser_fedavg__split06__seed1__d0.1,0.1,12,2d78a47af8c4c08c4110edbc295d2f57427ba4bda20df558acb548d75436fa5d
cifar10_proser_fedavg__split06__seed1__d0.1,0.15,12,2cec1dfd0560a85b6c2b03e3c2f2d5b140007aa898b5ced0ce4341a444826b03
cifar10_proser_fedavg__split06__seed1__d0.1,0.2,12,d418ad50b7109da9908659c2ff95160b6369413c7dcd1573ff6cb963230fee21
cifar10_proser_fedavg__split06__seed1__d0.1,0.25,12,f66896bcdfd990c9bfe9fbfa1cc0fadaf4732f68f4632ad7d2d1ffd7ff23ecd6
cifar10_proser_fedavg__split06__seed1__d0.1,0.3,12,8f58389caff98991e3265bc3c8d3f53947a83c56784453c81be2cac7f7e2d067
cifar10_proser_fedavg__split06__seed1__d0.5,0.05,12,ae9d1c2da73d7528a849fb2ae7234f8d18cea121d08480816427d617c19e2bfe
cifar10_proser_fedavg__split06__seed1__d0.5,0.1,12,34e61c38d954444e58c39a48c1088bd4e38f027db734c81fb18c60179165585f
cifar10_proser_fedavg__split06__seed1__d0.5,0.15,12,7355283afd0d8316ad7655c27d133c3db6d236440de96b67d74929cf6702386b
cifar10_proser_fedavg__split06__seed1__d0.5,0.2,12,9537582b7afd0b294db76c4bdf01a9580b5a1ea69a467b1bb938ef5053486cff
cifar10_proser_fedavg__split06__seed1__d0.5,0.25,12,506fe3f40018d7bf35fd7759b0fa74e524ecb101f5c86851002a63d511106c7f
cifar10_proser_fedavg__split06__seed1__d0.5,0.3,12,58be51315ed38f48a5d6ed2669c27b73188e2e0310b9c0ac94fbe689042d2705
cifar10_proser_fedavg__split06__seed1__d5.0,0.05,12,30e50937c361ab978264c352ae3bc04d5135caecc79f4dfad30dfddf27e37456
cifar10_proser_fedavg__split06__seed1__d5.0,0.1,12,75d18508fb6786986966ef9d33d0748f6ce959ebd581ee07678f17b14c3e098a
cifar10_proser_fedavg__split06__seed1__d5.0,0.15,12,0c29b587f20e366e0202ed2bdfbc356bfa3f2296755c7cdbd57a7373a54fd4bb
cifar10_proser_fedavg__split06__seed1__d5.0,0.2,12,3566047e7c6265899ec8d5709f73ef8c4f8dbc58b2724b5d8d7821f7f9eef117
cifar10_proser_fedavg__split06__seed1__d5.0,0.25,12,3066f40187a0615e498885b9b33617271592caa8f33c79d287f88ad1ab980b15
cifar10_proser_fedavg__split06__seed1__d5.0,0.3,12,36bdeb6c4d2546a5fde0ed771147aca621bd7baabb6ccdf6a740192237a79928
cifar10_proser_fedavg__split06__seed2__d0.1,0.05,12,8d20b9e39faa59d5efbac2f36e1203f10862320f5168bdb662448da3a9a74aea
cifar10_proser_fedavg__split06__seed2__d0.1,0.1,12,8bec11b058e975052b341169afe2029d36038b91680aecef7cbfc49f0aba1100
cifar10_proser_fedavg__split06__seed2__d0.1,0.15,12,2ed76bf6aa2cd93fd03401f913dd2d15920451c678788f626bb66445401b57e2
cifar10_proser_fedavg__split06__seed2__d0.1,0.2,12,798b1a16085acb02086239c2dc0a0d094b9920cd9b7abef071367c974bf94264
cifar10_proser_fedavg__split06__seed2__d0.1,0.25,12,ee42c7ebf374f5a95e06a1ae895e840fa11de7054c875256db4c6407d18fabec
cifar10_proser_fedavg__split06__seed2__d0.1,0.3,12,e012b489642dedcb284c88800576fe1ee7a15674166e3d616a2ed55fe59879d8
cifar10_proser_fedavg__split06__seed2__d0.5,0.05,12,6d97f80b7a2d593906bf76084e3e1621c2b76696434bc7918c976edc9d127e47
cifar10_proser_fedavg__split06__seed2__d0.5,0.1,12,ca82a0279e4e78934d161a8b0a5dcac35afdd5ee6b643501ac1ac4fff98672a3
cifar10_proser_fedavg__split06__seed2__d0.5,0.15,12,c4a5f3fa6cbb927f0079b21da14e1326a135082bd8f6eeb63fd33396bc486322
cifar10_proser_fedavg__split06__seed2__d0.5,0.2,12,bb85346eac6770752ad71fc3ec6f808f5e90b28fd1575b2e2aeb9608c94992f6
cifar10_proser_fedavg__split06__seed2__d0.5,0.25,12,0ba80162538d9ce51cc9a9303d6e3afb9a375358eacf4ab503400b0d473fcc00
cifar10_proser_fedavg__split06__seed2__d0.5,0.3,12,fc46182af8a7d15a4679dae44790d7aed55fea113bb4aac8210f2bcd8d6f6fa6
cifar10_proser_fedavg__split06__seed2__d5.0,0.05,12,8b05c79a9e6c997d7b1078327e6c4d61c8bac88d9d190ab2704fc46f1cb0c73f
cifar10_proser_fedavg__split06__seed2__d5.0,0.1,12,134e9f973033cdc1b0d89c8fead3ba5e06c6100788ce617fef01aa0cb38207ee
cifar10_proser_fedavg__split06__seed2__d5.0,0.15,12,139060dca5da085d4fb523ff62fc66972e53c09207b33ef0f89053b960c3d653
cifar10_proser_fedavg__split06__seed2__d5.0,0.2,12,ac2be4e6353fef19f9e1568abb3d89e4cd13a9c57fe1700ca9e7e33bbc34c2a8
cifar10_proser_fedavg__split06__seed2__d5.0,0.25,12,95654ed4ccbf62d1a425416dbc279317ce9be17f3dfd603edef6074338e2aab7
cifar10_proser_fedavg__split06__seed2__d5.0,0.3,12,e2486d4cf51f4eee5037ca84e1bbdda596284a271596b358721b7ae2d95f252e
cifar10_proser_fedavg__split06__seed3__d0.1,0.05,12,bd50733e6a23a66c861cdbad3d818b98f56c9491e3f348228933c300c12a56cc
cifar10_proser_fedavg__split06__seed3__d0.1,0.1,12,021fbe9994a4a2df4e8db5f3c52a0a20c7bc99be50219e5298e8ab22e7d746f0
cifar10_proser_fedavg__split06__seed3__d0.1,0.15,12,7bcd1cb2c5af7efa6e28451376c9431ae945b8a87874fa9ed113e7f35a3a49f3
cifar10_proser_fedavg__split06__seed3__d0.1,0.2,12,72db03aa6ab1951363e7177a8bfaa4ee433f6eda1903c8004762467e1ea93069
cifar10_proser_fedavg__split06__seed3__d0.1,0.25,12,b6a44ea9a75fadf7c38a240b850b6f919f34da6587e32e05d7ae805450026200
cifar10_proser_fedavg__split06__seed3__d0.1,0.3,12,bb7f632e55446041a816e1617fd91e8313c6ffbfabf2d927c79d94d29701b14e
cifar10_proser_fedavg__split06__seed3__d0.5,0.05,12,c4ebee11c448f2c0ae8af23794d17159feea8f63616724b77ed02d50313061d9
cifar10_proser_fedavg__split06__seed3__d0.5,0.1,12,6d93dad2159b2933b4ce512c501cdca5bd0cd4be0e22834c37487f770f89313c
cifar10_proser_fedavg__split06__seed3__d0.5,0.15,12,5efe4a36554209eaa19b056399c04611b08521e03aae182ed7f858ec4b45e31f
cifar10_proser_fedavg__split06__seed3__d0.5,0.2,12,ac22daf9e9fe9cc4172abc3e5c61ac3d35fa90b4c3269f5d2c4bb2db28f7c845
cifar10_proser_fedavg__split06__seed3__d0.5,0.25,12,bf72b7fc5ec270ea2007960b1e848dfb6a8895df9822cb561a23e736f90199b4
cifar10_proser_fedavg__split06__seed3__d0.5,0.3,12,5067adea50c46642e3bf3cd1e2961202160e6d7875e6064a0935d9a5d248d97b
cifar10_proser_fedavg__split06__seed3__d5.0,0.05,12,2432e8ae06a38751200371fc0a3e15816a440bd687e727b916e6ee85ce97be8d
cifar10_proser_fedavg__split06__seed3__d5.0,0.1,12,a31eaff9ba41fb56cab9c6dffbe181d034da3a2d875a4726a58f584757e6c68e
cifar10_proser_fedavg__split06__seed3__d5.0,0.15,12,1aacb52c1de5975052c044e23c058dee95490ba95da4ed7a3a10a326fd696a31
cifar10_proser_fedavg__split06__seed3__d5.0,0.2,12,ebfa3c45cf98121b801925de5b7c0407d12868c31854bfb526aaf27d43b614e2
cifar10_proser_fedavg__split06__seed3__d5.0,0.25,12,454800c58727d70fdbdc4ccbb9ac94c50b19d169f0995e3c5d53895d7cfa5534
cifar10_proser_fedavg__split06__seed3__d5.0,0.3,12,4997e31b4f971bb062f7842dce09b2315c2e9841b997b88b51ff7746a10b1885
cifar10_proser_fedavg__split06__seed4__d0.1,0.05,12,6b78e9b163d8355a7e250d4e5561a15d029cdf8f6251a1c3a9daa2f36c300e96
cifar10_proser_fedavg__split06__seed4__d0.1,0.1,12,ba66e096fda1160fe4bf195d3afa136f2081775a6482e69db78026a94bbde019
cifar10_proser_fedavg__split06__seed4__d0.1,0.15,12,07af0477178410f17378a659b0ec02ba975a292fe8606174242ca8719debfbb5
cifar10_proser_fedavg__split06__seed4__d0.1,0.2,12,864e6fcd67b0c28324294bc71ca56a9b3e95eb9045be337ec6febb96e1401e69
cifar10_proser_fedavg__split06__seed4__d0.1,0.25,12,7963d561607f7caa3b5995f4fc00011ea16d569c3e0f148578762398202ec5dd
cifar10_proser_fedavg__split06__seed4__d0.1,0.3,12,b084f230bd00e59ea2631183d89c1ef837d3261a36f8dd3931cb21545c85d419
cifar10_proser_fedavg__split06__seed4__d0.5,0.05,12,28ad803c2c5bea169b2cb27c577d7fc3a1b1afcfaf50c509fc84f9e729294dcc
cifar10_proser_fedavg__split06__seed4__d0.5,0.1,12,77959376a028b4bce4a52214a96d711c24a39738bf18f2be09dfdd2bc0735502
cifar10_proser_fedavg__split06__seed4__d0.5,0.15,12,b4c4cae4468cc7bf8df17cf4ac53a38e5cbb302bcc2701e764db2b57bd58d48c
cifar10_proser_fedavg__split06__seed4__d0.5,0.2,12,50a9aa7cbd1b5275365db169d4b53573781fcbb307493b9fd0147ae56d1ffaff
cifar10_proser_fedavg__split06__seed4__d0.5,0.25,12,cbda71fc7d132162291fb13caffdec9adb4f900f1e8fe06e2c4d7ac4177ffb0c
cifar10_proser_fedavg__split06__seed4__d0.5,0.3,12,f5126fb2e26d2d9660c2373a9845b0ea1dd1e47e477e8bcd000491925ae7cdcd
cifar10_proser_fedavg__split06__seed4__d5.0,0.05,12,f833fbf0a7a2a60e83a8ff68efaa74b5969652384fef8ce82e80ca8ee652ef33
cifar10_proser_fedavg__split06__seed4__d5.0,0.1,12,310bcbe6e344d1d0aafc4133022a00feaeaf5b633c7e18bc97558cbee285aaa7
cifar10_proser_fedavg__split06__seed4__d5.0,0.15,12,d5b7f1235f413499331c030b2d7b03c2880aa883806c2a05a2828dbfa8e15e44
cifar10_proser_fedavg__split06__seed4__d5.0,0.2,12,e833031ec4960657b1864cfde94ab43a033d0fed82150e923528d7156e861df1
cifar10_proser_fedavg__split06__seed4__d5.0,0.25,12,45711386be4a8457d03da0d1fd6a745e2885f2fc93a3e72df018d74cad3fe308
cifar10_proser_fedavg__split06__seed4__d5.0,0.3,12,83badbaec8d678eb9a4bb0593d1c60c00231f594e1a543384be1f83ac2f3ab6c
cifar10_proser_fedavg__split07__seed0__d0.1,0.05,12,c772d5373b7acef42414fb313e3433017aaf95e8a95aed25a74084406340bb70
cifar10_proser_fedavg__split07__seed0__d0.1,0.1,12,b87e34f5cd2867426803f21d6222e5600d2ca31ec160870345e60cf711ed72e2
cifar10_proser_fedavg__split07__seed0__d0.1,0.15,12,a5c9c6bd8919e5e5624968d0542e48329f8e3c92640296b74f277c237425d8d7
cifar10_proser_fedavg__split07__seed0__d0.1,0.2,12,6c6db58dc60eb407a157a193203dddbcaad3eff9afb9772eca8f35be0db42469
cifar10_proser_fedavg__split07__seed0__d0.1,0.25,12,fa648314b8480f6b98a3c4ce0d6f763bebf5adbf19129f34410d72f9fca6f225
cifar10_proser_fedavg__split07__seed0__d0.1,0.3,12,e0ec92d5ed374e0e45c8c88bd6246146a2bbe8a946359b7c295c46154683bd90
cifar10_proser_fedavg__split07__seed0__d0.5,0.05,12,f2d0f9a12a038f12309a4a2432f173a850da15c10ddc8cd74f5be4a4e29f121e
cifar10_proser_fedavg__split07__seed0__d0.5,0.1,12,417580f1c5674fb387cd714ccb15c1239b5ab302023614b39d1b9ada21d01c95
cifar10_proser_fedavg__split07__seed0__d0.5,0.15,12,94923a955146c3aa4ae0e091bccd3634c995d35ace636a25b7f48360e505842b
cifar10_proser_fedavg__split07__seed0__d0.5,0.2,12,523353da83cc499857298ced77c4f759ab39ffafea6155b0ab372b4d8d8e423f
cifar10_proser_fedavg__split07__seed0__d0.5,0.25,12,e462b2715eef5135843506900cb9ed33630c02c3db8a45b4c7f5200dd3ffe24e
cifar10_proser_fedavg__split07__seed0__d0.5,0.3,12,c3a1c16de707184bcbf557812cdaacd372d8d81d4af4c0e4153fcb5ea750d097
cifar10_proser_fedavg__split07__seed0__d5.0,0.05,12,236baa6c1479363974b8678a34caf7a136c6164b90b35b9005f5e6a093444b26
cifar10_proser_fedavg__split07__seed0__d5.0,0.1,12,91fae8bec859726e74e7b6ccab246f3df61335d28601f14dfed99ab7e0ae4c08
cifar10_proser_fedavg__split07__seed0__d5.0,0.15,12,bb49c046610ea0d6ba0a16713059c7ec84429343c438be84de6a1449321a372a
cifar10_proser_fedavg__split07__seed0__d5.0,0.2,12,329f07059e9bd88a0b02648b257b30e6c7893e218e10c80b865137b517b7116d
cifar10_proser_fedavg__split07__seed0__d5.0,0.25,12,8c693be0db54fba4fd827ba4000f5d39f61b52a2b6d45f515e1785c795837acd
cifar10_proser_fedavg__split07__seed0__d5.0,0.3,12,1e23e17e052fa2c401754f4f164ba75231450da9ba940cdb408270cae5f69a4b
cifar10_proser_fedavg__split07__seed1__d0.1,0.05,12,9ed203cc4ecdcb793f3cf11c764f59a649b7c8add01a9fd478a6a35a93af025e
cifar10_proser_fedavg__split07__seed1__d0.1,0.1,12,a46c63d35d4a570e6c91cdc5f159ac6062e86e8623a217f375dbc8612d9f3d23
cifar10_proser_fedavg__split07__seed1__d0.1,0.15,12,b3f377dd396df9cb4953fa4da787c3449169a8786c76934f3518f5b03fec5cca
cifar10_proser_fedavg__split07__seed1__d0.1,0.2,12,97f94bb5e6aac3a2a459febc7ecb5b39dcb607d073148396453b93237a27403a
cifar10_proser_fedavg__split07__seed1__d0.1,0.25,12,021c9cc9836ab285b910719b59a9eca18d72cdd23b95e6f614fab20fa7c31580
cifar10_proser_fedavg__split07__seed1__d0.1,0.3,12,a02a165f622c5bce907f19443ef670f31af7619f82cb0b7cd966ad120df9cecc
cifar10_proser_fedavg__split07__seed1__d0.5,0.05,12,4c62b4def67422d66d6cbef367f0bb60e52f8c3c358e7e577d04c5aeb97da57b
cifar10_proser_fedavg__split07__seed1__d0.5,0.1,12,f283625f564396426874e82dba0d82f7b5d021e7a9bd062e9370d890bd9783eb
cifar10_proser_fedavg__split07__seed1__d0.5,0.15,12,c45aced918d34a9ea919adc6cb18227a8ee4d59573c3e5d759827a73b09abe9b
cifar10_proser_fedavg__split07__seed1__d0.5,0.2,12,584eaa63dd0ff4a214428a8d2efa52c49c0e91c111e628179a758d9700c0e928
cifar10_proser_fedavg__split07__seed1__d0.5,0.25,12,0b5de3356e6fdc130b10a1855e23356f96f7bea90522cadd9331d19c4f4f86c9
cifar10_proser_fedavg__split07__seed1__d0.5,0.3,12,d5fc2328b5791d5828fcc80e947712a1b9dbf998e7d976a5b63b0f6a39648993
cifar10_proser_fedavg__split07__seed1__d5.0,0.05,12,9ded0e7fa9a0fd0ea7252414b0fbd7ad5f9816b197be735317a8037008c757b7
cifar10_proser_fedavg__split07__seed1__d5.0,0.1,12,3b24d246cffc8359e269245a8286b56135347696c0c2dd1b0860eb58f1700234
cifar10_proser_fedavg__split07__seed1__d5.0,0.15,12,bc95a61f279c36279f6aaf85c8a5e4610c9cf18e1190b67db40d465576d9744e
cifar10_proser_fedavg__split07__seed1__d5.0,0.2,12,2dc822ea36cae63491ce4dd45a8f41903c24add8c628fbfce6a5c2ffdecf568e
cifar10_proser_fedavg__split07__seed1__d5.0,0.25,12,35e118fd08183bb664fe93c549bf04b282499bbffb9cff1c6c0e07ba039fc083
cifar10_proser_fedavg__split07__seed1__d5.0,0.3,12,4fcf1cf926bc4b9f40f1040e88330bf00a6605fb5b4f22bb1cab0ab619592e33
cifar10_proser_fedavg__split07__seed2__d0.1,0.05,12,e3209dff10d1fc7df98e97262d0a9113d9c57e9ee9c22ec076171f19e9330ecb
cifar10_proser_fedavg__split07__seed2__d0.1,0.1,12,4466fac0eb83617079a92abf0039890eb6b98f12e4889648a00f7d51bb7ddbe2
cifar10_proser_fedavg__split07__seed2__d0.1,0.15,12,a3ee3599e474e46e66f4f1bfce7e2387a9b7d9774571d8dbb5e15c1d700483ff
cifar10_proser_fedavg__split07__seed2__d0.1,0.2,12,26bcc81afae201b2e9e488c9790bb889c74c5e566255b5c5b7e5adaa07d56ea8
cifar10_proser_fedavg__split07__seed2__d0.1,0.25,12,ce453d63d519e150bc7de7b0fa5dc2d7d541480952632a4e3af8d69b12cb59ba
cifar10_proser_fedavg__split07__seed2__d0.1,0.3,12,1fe824612338be8d844e6fb79a4040806e644472a883a77c71a837830a619dec
cifar10_proser_fedavg__split07__seed2__d0.5,0.05,12,0c31fa897cdc883b99b18b8a7d8a651e5065ea513e46a99ccf33d33379f0e2a8
cifar10_proser_fedavg__split07__seed2__d0.5,0.1,12,09858d645beea122521fe65eb8eb8366fc32523ea05574bfe9829f2164223022
cifar10_proser_fedavg__split07__seed2__d0.5,0.15,12,3246d8eefedb62e5609e2345ec3a3056edf5490127de64616dd0ab64796f005c
cifar10_proser_fedavg__split07__seed2__d0.5,0.2,12,8dc72176c127dbe12b4f7c5d691e5d6bf4ad0c5adf4817e8735502d67c601f9f
cifar10_proser_fedavg__split07__seed2__d0.5,0.25,12,f2ec1c56ce607fdaff204064ff0d6f516f14c8d844d24177abf5ee4825e5c7fc
cifar10_proser_fedavg__split07__seed2__d0.5,0.3,12,281165cc1366af8509b37df2ad8804c28fb2523279f97414a336d2f539db8574
cifar10_proser_fedavg__split07__seed2__d5.0,0.05,12,297524ac416e0e5e0801d1926a6a66ed24a3b73a158b0486c1a97a25c4b6481e
cifar10_proser_fedavg__split07__seed2__d5.0,0.1,12,b37e05bd8c221706dc55536e6bb81c9920d1eb77ff7fa363c9a06ea13fba9698
cifar10_proser_fedavg__split07__seed2__d5.0,0.15,12,294b7739efaa42b12e605146bcf22553bdc15fdd8e75ae4e5a22cdb918bd03b8
cifar10_proser_fedavg__split07__seed2__d5.0,0.2,12,66c429f1f2251ef9d24aff5f7428d2db3c553c0f00050a07013ae55a157072b3
cifar10_proser_fedavg__split07__seed2__d5.0,0.25,12,6eca321a97aabb473e85038391b974051f25d40a8ccd1704e431bff51f4e0cb3
cifar10_proser_fedavg__split07__seed2__d5.0,0.3,12,26c0aa63001244156cc13591f771e92358d5a5c8bcc83b12f69b172f030141d3
cifar10_proser_fedavg__split07__seed3__d0.1,0.05,12,1e80ed094c30ea04abe8a8356491d850ba19f218572b3660cc5d4c2620d1aef2
cifar10_proser_fedavg__split07__seed3__d0.1,0.1,12,cd2de8707d8386dfe7134c70fcc82c63ba862833de2ad240182655ea54f15290
cifar10_proser_fedavg__split07__seed3__d0.1,0.15,12,f84814bebcb7580bcdbcf1be6794d94135a73916630da1d520010cf20b194e1b
cifar10_proser_fedavg__split07__seed3__d0.1,0.2,12,1f40e0d8e1730d850ff06659e2cf7f87ae4d100a0d40381c5b209be98d725697
cifar10_proser_fedavg__split07__seed3__d0.1,0.25,12,0d6039a0a34ba4fe2586093770b3b2b004ef3a2d4e16894838e2bae043a6e619
cifar10_proser_fedavg__split07__seed3__d0.1,0.3,12,65600acec07debe861fbfaeb0fd32367a3ce726d3229229e4b43a4b32d19011e
cifar10_proser_fedavg__split07__seed3__d0.5,0.05,12,8b4e345d34e906728eb8f8f4b31d94084bf0882abd0388a80b49fb93f5833b98
cifar10_proser_fedavg__split07__seed3__d0.5,0.1,12,8d9b0aceb55245cd2028293c699e41f7096925763b0e748b73184a1186025f3e
cifar10_proser_fedavg__split07__seed3__d0.5,0.15,12,f7d83be68ca4589eb8b22ac669d99e3a1e074135cf446edcb4bd6d3d9084deb9
cifar10_proser_fedavg__split07__seed3__d0.5,0.2,12,5fd44895bf0e6e6ad293849571bfc75fa8b5579dc4e467e634eaa9ced6311c47
cifar10_proser_fedavg__split07__seed3__d0.5,0.25,12,9f87e37e9047f7b31803f5e129525f44b5bba5fa6f8e91e14b525adf8042f695
cifar10_proser_fedavg__split07__seed3__d0.5,0.3,12,f457a39f477a8f542a8125747e9cecaf95a6c2860e2e4810831259dd39fecd3b
cifar10_proser_fedavg__split07__seed3__d5.0,0.05,12,d2495f2dc053b83316165c2a30a9b81f820c63d73596dad7d75f78ae0a401fec
cifar10_proser_fedavg__split07__seed3__d5.0,0.1,12,5543f55c7c46075a50ffd049edefe3a57df21eb71d4e141463bfa7d13bd7bd69
cifar10_proser_fedavg__split07__seed3__d5.0,0.15,12,1ca2ce7fc5576f6aeb80e24ab5955fa8b24a74d160fd4b556947052fceda398e
cifar10_proser_fedavg__split07__seed3__d5.0,0.2,12,46dbca31fe450084d8b31fd2ff87a08445612e6168aef68ebebb65e9a54b8f7f
cifar10_proser_fedavg__split07__seed3__d5.0,0.25,12,3f5217a9ea0116f9b76376c67a5bed6c71177cfa6f15a3e7f8f022839900077a
cifar10_proser_fedavg__split07__seed3__d5.0,0.3,12,f9f549e191129490887475cde787f5441270082568d84c5ac6558b2c47548bbd
cifar10_proser_fedavg__split07__seed4__d0.1,0.05,12,830149d61a754e011feb1f9925d5a3b8b8d70956b73b478ae10f2176d0329a13
cifar10_proser_fedavg__split07__seed4__d0.1,0.1,12,cefe451e2c0626c835d9bac93cbadbab95e3458b9967e28f9c346c8fbd5637b5
cifar10_proser_fedavg__split07__seed4__d0.1,0.15,12,06d4dca5d0766763349af5c429c2f4d18c62babd0775f40a5a68e944ec590b1b
cifar10_proser_fedavg__split07__seed4__d0.1,0.2,12,9ed99e29fdff9576a3b184c3d61740183047736007c6de09ff7bb0e88adf7c9f
cifar10_proser_fedavg__split07__seed4__d0.1,0.25,12,25b451a39c2d694d3eebfa615c311e40d92b7110683ab9f3c128fefd76264216
cifar10_proser_fedavg__split07__seed4__d0.1,0.3,12,2774fe21000682f91414c3704072bdf572ab0423a1cbd930c1f8a912d126008a
cifar10_proser_fedavg__split07__seed4__d0.5,0.05,12,9ecbe10ab634adcde3f41c86701033df050c74e876c95549ab0597919fd5c73e
cifar10_proser_fedavg__split07__seed4__d0.5,0.1,12,9a064800a2d96575fafd0ba906dc067068f4634ee225a10c7a4ee458c295735f
cifar10_proser_fedavg__split07__seed4__d0.5,0.15,12,e596841846371f62b5db62cad7e259140e2df257c7aa03506c74de4e4ac43362
cifar10_proser_fedavg__split07__seed4__d0.5,0.2,12,dee85051a3025896aba8b3c144d5aae1543656d58b48b408c6969d3cf39ee34b
cifar10_proser_fedavg__split07__seed4__d0.5,0.25,12,0d0d2117a9d0478cd81abbc4ff30c3f62bedb71419f1c7a9f9ef299fda49175f
cifar10_proser_fedavg__split07__seed4__d0.5,0.3,12,770bbff33feea2285a3482a7dd4d0f088e6c09515eaf93c0aaa658d47fadc35b
cifar10_proser_fedavg__split07__seed4__d5.0,0.05,12,aa8f9a9e4bcbb7b4c1ca2b0b86da2441f508f11dfee5014d1d3a79a47e0530d3
cifar10_proser_fedavg__split07__seed4__d5.0,0.1,12,58a8a73589f4218e8a5290c39e999d68c39abf4e323e7986b2c1efbd603bf609
cifar10_proser_fedavg__split07__seed4__d5.0,0.15,12,7906f1344cf62f800ca697b6a20acf158d64c883eb91db4d0dfc525024822d8a
cifar10_proser_fedavg__split07__seed4__d5.0,0.2,12,4e7d2cc23305bfa8bcc8989ebf88ad5c867424c48a357d8345285e6ece648b92
cifar10_proser_fedavg__split07__seed4__d5.0,0.25,12,786d83a9cba4f6d4cc1d30222e5f72a68f8f0df797726c10a26ca3c92aad3c10
cifar10_proser_fedavg__split07__seed4__d5.0,0.3,12,67023cd5d4037f45effa274008347aac671fb691bd26a8de15f2f376cb59c624
cifar10_proser_fedavg__split08__seed0__d0.1,0.05,12,8a1bd68359cf38f7e78dda1de69bb26af92f9ae8acd3e386e18f774530c34627
cifar10_proser_fedavg__split08__seed0__d0.1,0.1,12,938548014349b63690b15d27d7806a404e69646edbecf683fe5ce9c068c48ffc
cifar10_proser_fedavg__split08__seed0__d0.1,0.15,12,46fd7fbca31245bfd6a827e2f34f92b2e49d6415126f3f29d740539b2befc3bc
cifar10_proser_fedavg__split08__seed0__d0.1,0.2,12,13a4c9576773a3861b56372f09d69aaa5c8736bcfc7bd65e08b1d29a4950af42
cifar10_proser_fedavg__split08__seed0__d0.1,0.25,12,19feeaf75d71138f719f500a800bfb1ee4c4aa105df671b7d2465ab9f436da3e
cifar10_proser_fedavg__split08__seed0__d0.1,0.3,12,127e28f1d253e7e231d1c19de11794544ba8eff9989d4b0bd3cef43c5e9d276c
cifar10_proser_fedavg__split08__seed0__d0.5,0.05,12,0357505e03daa28b73f981d2bf616d1136cc6635b151e89e52dbb9378c186375
cifar10_proser_fedavg__split08__seed0__d0.5,0.1,12,37946933c88b8036068ee770e249334dc7fb4b1e993b35363148397d2bd8b4f6
cifar10_proser_fedavg__split08__seed0__d0.5,0.15,12,3b53604e487b6efe5a87e9cbab23516c7a05d323374ff989c830901d7558bca1
cifar10_proser_fedavg__split08__seed0__d0.5,0.2,12,8a7433835d53ff31f8c4ccbda7a7bb613061c68dd491ad71d9c4462e9a103e7b
cifar10_proser_fedavg__split08__seed0__d0.5,0.25,12,834aea471060aba1649e8005c050edc80e6521ceb36d1b3f0c04c893d2b4c2b8
cifar10_proser_fedavg__split08__seed0__d0.5,0.3,12,6be095e2881832efc8b1891ca3d0906193d30e15c2a946a2cae472418f2e0d4f
cifar10_proser_fedavg__split08__seed0__d5.0,0.05,12,11f72e629ff94d3d8f58e5c125ff8efd6af6142323bf354e02d0a20b77c7cd46
cifar10_proser_fedavg__split08__seed0__d5.0,0.1,12,7637e678ebb08b26464907714fd918cee2c3c63e48bf49d75c3fcb412f2e9683
cifar10_proser_fedavg__split08__seed0__d5.0,0.15,12,867c823ace5662674358e7f91f48e14ac0a543a1cd7b576421d5c3b46fd2c2bc
cifar10_proser_fedavg__split08__seed0__d5.0,0.2,12,242370fcd396db20cdef3de0bec0b0433a7ed3127f5c001cef5bee51dfaa7acb
cifar10_proser_fedavg__split08__seed0__d5.0,0.25,12,edafd36f0c8869d98ba57be0e68c6b3141b57953fcf8fc3fa8d3c2248999472b
cifar10_proser_fedavg__split08__seed0__d5.0,0.3,12,7d4e1051ec91e8c9b41e18cc4b66ddc25043dc41c0240555dc8b13dc75416223
cifar10_proser_fedavg__split08__seed1__d0.1,0.05,12,96cd0e5316460db70f8fe4c5c96a095822d1998c95fbf21142eb254cc41c88f0
cifar10_proser_fedavg__split08__seed1__d0.1,0.1,12,03bfdaa9d3a2e71e6690a4e654080d7954b6dcd96faaf91445768c9fc78aa9a0
cifar10_proser_fedavg__split08__seed1__d0.1,0.15,12,e47d4f818a7f8fdc31b5f686897641c2f99bd77f2faef641f31d97109771e276
cifar10_proser_fedavg__split08__seed1__d0.1,0.2,12,382a3bda180e4ed5ba9c85f04c1481c3c47fad8bafceb1111dae3ace3b637414
cifar10_proser_fedavg__split08__seed1__d0.1,0.25,12,724a6b1a5e06043cfd260671e546e79cc55134dee5360e942474b909a1e7533a
cifar10_proser_fedavg__split08__seed1__d0.1,0.3,12,996489ecef9ee31667fda469a5d73222f9f5708b875c9a277087ad22bf5f23b0
cifar10_proser_fedavg__split08__seed1__d0.5,0.05,12,8517dc2c42c80ead9ecb8b7d7506b23d5172236f3ee301cbe24405e51ce8f815
cifar10_proser_fedavg__split08__seed1__d0.5,0.1,12,6e5fadd104622ea8ea83c79a608f708c5f3497ec6659aba5952854aa948d0b51
cifar10_proser_fedavg__split08__seed1__d0.5,0.15,12,52cd931f52b4f5db965db6ede5939b78e30aa97abf16ceeee300ea2b1cd2acbb
cifar10_proser_fedavg__split08__seed1__d0.5,0.2,12,be882d7b662647c90a1e411f0ed6115526982f4bbe73929d849d493273e687cd
cifar10_proser_fedavg__split08__seed1__d0.5,0.25,12,87e8e9e70f5f7874b97de49ffb25454db82f71d955524b523f08689192828ab0
cifar10_proser_fedavg__split08__seed1__d0.5,0.3,12,24b6a8427879c69145b99e2d576d0b5e536352ffc1ed21947689433d9ba62253
cifar10_proser_fedavg__split08__seed1__d5.0,0.05,12,e0f23c909bf18c0d630c3477c64595e65cdba46532b72d179623a8cc18dd0a7d
cifar10_proser_fedavg__split08__seed1__d5.0,0.1,12,4038de7ee47e29601a3f9a14e2866651a04a9a9e1104320600e6bf1259e990de
cifar10_proser_fedavg__split08__seed1__d5.0,0.15,12,65503b55891ead29bf28884c039bc7c40fd32a61fd58593f27ed11551add4ac3
cifar10_proser_fedavg__split08__seed1__d5.0,0.2,12,b8b60661b2d91432fdbfed5fa17fee290f94fe1eaea93da53dd97e4b646aa558
cifar10_proser_fedavg__split08__seed1__d5.0,0.25,12,8c51800eb713a8f38658e5be7ac392b7656b6b9f5db2e850c1913125327ba429
cifar10_proser_fedavg__split08__seed1__d5.0,0.3,12,08b243766cabc4cd4f89a39074544af219373b388af9f2dfb40eb58ab3f08159
cifar10_proser_fedavg__split08__seed2__d0.1,0.05,12,e377cfb0c1b49a29fa2b953ce3ca9f2e9125486a174c7d527e8014e7d17c8275
cifar10_proser_fedavg__split08__seed2__d0.1,0.1,12,7a26b264111b0504906d9e364249fc97c70c4303c563070e3973b64a7f49d83e
cifar10_proser_fedavg__split08__seed2__d0.1,0.15,12,c1ba30d77e6784d1b373ad4f4ada8a9d0432001d1860880ea02b7e259bccc50b
cifar10_proser_fedavg__split08__seed2__d0.1,0.2,12,4e9b97004858549e42530015fc3e2c4e2b9ef08f859eb36567a425da6989cb5b
cifar10_proser_fedavg__split08__seed2__d0.1,0.25,12,29263a211da271bb5f0c47a4ba79641bd795735cf713fac367f5659b1b002a0e
cifar10_proser_fedavg__split08__seed2__d0.1,0.3,12,efe6dc7131dc39249fc327f6d1d293cd39e3b0420e92e3a4660c492bd4b33271
cifar10_proser_fedavg__split08__seed2__d0.5,0.05,12,e79bea4d6b016650e668bcaee849e956f1268444888a0ff369bb80b8a472ed96
cifar10_proser_fedavg__split08__seed2__d0.5,0.1,12,f20c938f42dc64ddf2805fa7850f51abfa65a4f0622d45d073ee4aaa37c7be9c
cifar10_proser_fedavg__split08__seed2__d0.5,0.15,12,b7df9f64664f44d65417b604ef6871e8d4393858fc3360977f3e0c8635096dbd
cifar10_proser_fedavg__split08__seed2__d0.5,0.2,12,5a93681348250fafeb2a994dd74bd75382add6244f99fa8fb58b0a69a97e5f9a
cifar10_proser_fedavg__split08__seed2__d0.5,0.25,12,55bf53c192a43d5a0a3e9b1b3a9daa0b9b0b34b81afca6146f1972010c39964b
cifar10_proser_fedavg__split08__seed2__d0.5,0.3,12,fb0d6ade27b785a722aadb7c78fbf62748f5ac7315a1c8cd0bf3144fcc1cd713
cifar10_proser_fedavg__split08__seed2__d5.0,0.05,12,1b045dce00e014f139401630f0d97e0c9685b1b4aab9a09bd286706b62c373bd
cifar10_proser_fedavg__split08__seed2__d5.0,0.1,12,23c6a146036c22b274752a7ac377383bf02226e439b64f491e040daf84799feb
cifar10_proser_fedavg__split08__seed2__d5.0,0.15,12,cf8ed5d91125a6ac662af010b6d4d7a2082e04ab95896b0aef3fc24605e812f4
cifar10_proser_fedavg__split08__seed2__d5.0,0.2,12,60d1f7db4d84001dc8b92ebf6e475150bcb80670ac9dd892ea1fa8373f32424e
cifar10_proser_fedavg__split08__seed2__d5.0,0.25,12,f93380f1d5b6071d5a1a1d03a96a016f6d630415cc7c0395894ce1f8a70f80de
cifar10_proser_fedavg__split08__seed2__d5.0,0.3,12,8723caed1ae94ba5a2049c6d90cb74e2b03f67556755172bb3f0098fd6001142
cifar10_proser_fedavg__split08__seed3__d0.1,0.05,12,6ff9e0d1e8cb3242c8d63b52b8fa8e63313fd5cf2aed090f64f7e5141f036cbf
cifar10_proser_fedavg__split08__seed3__d0.1,0.1,12,cb0e05eb112780d8818b029b05025e4da9e6a0e617e2c565f3c8e1a40334041d
cifar10_proser_fedavg__split08__seed3__d0.1,0.15,12,3277c12d76d517589db47a9d82b48b0a7c8a587932759d412bedb2c8a5614c42
cifar10_proser_fedavg__split08__seed3__d0.1,0.2,12,33cb3edce9ed93ba22ba1626abefc9cd2f8187aa6ff0ace9c0e653ec4d46a83c
cifar10_proser_fedavg__split08__seed3__d0.1,0.25,12,574ea41bd225072d9fd53f511af67c678c1e921b10f591b9274a7726725696c0
cifar10_proser_fedavg__split08__seed3__d0.1,0.3,12,f22920aef45798af34e1f964ce49df23699f4662d419a8bc18f09f80ebd2daf4
cifar10_proser_fedavg__split08__seed3__d0.5,0.05,12,dc92f078de6f32d8e15c8ea2848abc21cff1d0df26a208ed87d9d3e5bfa4464c
cifar10_proser_fedavg__split08__seed3__d0.5,0.1,12,bba5108dd97f25efee0772f5cf8c3e79e36b920dce1f86138d1bb99aebfe6576
cifar10_proser_fedavg__split08__seed3__d0.5,0.15,12,715232af5fc63f57122a71d4b24c5c3962637a9515b6ff0eaca6640d4d1bba9c
cifar10_proser_fedavg__split08__seed3__d0.5,0.2,12,de89a8963b051751d3bd5bb8c7e218025fb9601fbeb4dcc330cb7b30c0d87870
cifar10_proser_fedavg__split08__seed3__d0.5,0.25,12,476da8f18d74624f461e2db1fca86d3b42c574c404f70a3c91113747d5544fcc
cifar10_proser_fedavg__split08__seed3__d0.5,0.3,12,58e5e875b275b751620a9b19608ed32922c69723b28db1426485ffb37442a11e
cifar10_proser_fedavg__split08__seed3__d5.0,0.05,12,ab38e7ca4ac419d4d6d7283b17a2227aa2e301cfb2549f6cbac70dba73afad56
cifar10_proser_fedavg__split08__seed3__d5.0,0.1,12,cf817195d05d44d336ab04428efb1f99de80454bd759d60d7d0f0335fd5857fc
cifar10_proser_fedavg__split08__seed3__d5.0,0.15,12,ab0a79f8177841ae4344eeefbcb9fbbc540f44303942f4a8a12f29b59ba15818
cifar10_proser_fedavg__split08__seed3__d5.0,0.2,12,c9970d416f9c99358532d4588be24333b40c13a3bde50ddb27a512f9965d9a44
cifar10_proser_fedavg__split08__seed3__d5.0,0.25,12,9a1e52a8a08990d2751fd3d17d9a533f8ad71b5fa8f7f0a8ea914b636b940baa
cifar10_proser_fedavg__split08__seed3__d5.0,0.3,12,da13b3eec6eb69d9a2d2cfcb96162f49bb3843a2e7c566a15f6303d131a471ef
cifar10_proser_fedavg__split08__seed4__d0.1,0.05,12,80710c8e349f2e40be54a76337bb3c7a5c2ee07b4f907cb65aab29390ecde4e9
cifar10_proser_fedavg__split08__seed4__d0.1,0.1,12,81f9caf423518ee69aab1428c48d1cba0ee4c6127c0cde28b08eef636a846b34
cifar10_proser_fedavg__split08__seed4__d0.1,0.15,12,78f5fcd6ec6b10afe36c94f9ce5d4d082820be7b26a588f67e6b2c545c7c1a04
cifar10_proser_fedavg__split08__seed4__d0.1,0.2,12,622c8533fa178b72fcbe3f25a36e92d5bac71637aa67dc4a035b533cab29bf97
cifar10_proser_fedavg__split08__seed4__d0.1,0.25,12,e31467b44d3062ff9affa7847e7bef960162c231591e7330f3aef8177c5e8be5
cifar10_proser_fedavg__split08__seed4__d0.1,0.3,12,47a55ce6083b33e0d19e17c54d34ef583b3a862231ba2ed71b22306f6a4c31e4
cifar10_proser_fedavg__split08__seed4__d0.5,0.05,12,f1a545ad36436b37571d8c754585ed84993bd7141383c0818bf308d5cff3f246
cifar10_proser_fedavg__split08__seed4__d0.5,0.1,12,7d795cda80815bc881b98891f89a8788b3e093d2c8946d558fcb23f5dd67bf2f
cifar10_proser_fedavg__split08__seed4__d0.5,0.15,12,80d3010cd3ed2c90924a0144f75cc1024a2093e46e6039a9227e734b6a03fa5a
cifar10_proser_fedavg__split08__seed4__d0.5,0.2,12,c91a9276ea934273c0f0e98fed564b95657fca71d975e09ec92a6054efcd2708
cifar10_proser_fedavg__split08__seed4__d0.5,0.25,12,5afd2c2d61bdac20d3db9c9c71b5731b210217bddfd9eb601282e79ab268ecf3
cifar10_proser_fedavg__split08__seed4__d0.5,0.3,12,eb1838c76e43f1a49aa0c5c6ca05d3d16ea9a23ee7ccc126946b8a53fe3147ef
cifar10_proser_fedavg__split08__seed4__d5.0,0.05,12,9843f04eb5fdd38d2c10f84e5dc747842028e384febce9b6ae574a9586e0a9af
cifar10_proser_fedavg__split08__seed4__d5.0,0.1,12,201337999effd8dee1134174efdd189ccc1e9e5b52898275beeda2f23517aa31
cifar10_proser_fedavg__split08__seed4__d5.0,0.15,12,dc5d2b8501c769c2f3c264a678e8d7be47d60ce0af07ccdb8e2766c4a483083f
cifar10_proser_fedavg__split08__seed4__d5.0,0.2,12,f268f02e1b329598f0e91155f8b42ece4c33af02437910a35d6dc859c707ea43
cifar10_proser_fedavg__split08__seed4__d5.0,0.25,12,db1498137850050a4aaab5ee288c9989f8aa0477ef5086d749ab3b6f8cac0f4f
cifar10_proser_fedavg__split08__seed4__d5.0,0.3,12,9cd67f7b2ff5d769cffa6c224c182abe9fba6bf0e28e9ddae7bf6c9b96858153
cifar10_proser_fedavg__split09__seed0__d0.1,0.05,12,42ab1b8fcabfee74b9b2c864b2e0c69ffe833411d7395bf5bfe0c974e0f30ebe
cifar10_proser_fedavg__split09__seed0__d0.1,0.1,12,cb2db91a53539f5cc6c8ab77bf4de55be733ca9cd5621cfc6742b903ac4f99fc
cifar10_proser_fedavg__split09__seed0__d0.1,0.15,12,ab83b02b4d597f2aea95607d7465f76e2aa531e5de586b422ef44659fdf2bd30
cifar10_proser_fedavg__split09__seed0__d0.1,0.2,12,24d14409ef93296e7e8c63ad4cb7703418dca4ed3aa094375485788b2ad97bf6
cifar10_proser_fedavg__split09__seed0__d0.1,0.25,12,61af79321cb4af73c05bf4eb60ddebea1c24cd78aa3eedbaedba915b871cf2ef
cifar10_proser_fedavg__split09__seed0__d0.1,0.3,12,985728e3badd857d2de4a03b1f99cb7da888349d6cd3b672eff805fe325ce4cf
cifar10_proser_fedavg__split09__seed0__d0.5,0.05,12,f84f15c480939b0ac2026670a5324fdf05d7354545e335bd912733b4d286db0e
cifar10_proser_fedavg__split09__seed0__d0.5,0.1,12,d52bfeefb46d67472e87d9fd70dc4450dda4691de5bf5db347e98925763a3d8a
cifar10_proser_fedavg__split09__seed0__d0.5,0.15,12,4fac8b8330667d1b56cc1b1265e204ad83510056cb0043883f5891204e16b5df
cifar10_proser_fedavg__split09__seed0__d0.5,0.2,12,28caa2c9c1ab7ed2334dd8efebf11d7dd24f455e2873816efadee36be2042fc2
cifar10_proser_fedavg__split09__seed0__d0.5,0.25,12,9979e46675feb2a2d9a97192e1722fb23c0707adb02fdd08db321c7d629bd19f
cifar10_proser_fedavg__split09__seed0__d0.5,0.3,12,c6def1c567f3d9eb20278b819d1bb1130bbb288f4e8281e02cf64c03c416f26b
cifar10_proser_fedavg__split09__seed0__d5.0,0.05,12,eee31c5baac3978a59a904ce2584db9a7745dc741812a8793be16f92ef92e04a
cifar10_proser_fedavg__split09__seed0__d5.0,0.1,12,005bd9308c1bd0398d4302865b6b8fb01aacaffbe712b04e31ffa13e289ea1f9
cifar10_proser_fedavg__split09__seed0__d5.0,0.15,12,a30a808df872e2880ce435d33c1bb1ee73bd28fb16f85b2bc121cfad9899d789
cifar10_proser_fedavg__split09__seed0__d5.0,0.2,12,faecf5ac911d6a029e3685b4dc9cfbf644ae7beb4433989c97faa9f9d649b31c
cifar10_proser_fedavg__split09__seed0__d5.0,0.25,12,dd7fc812612eb883da14dbdc6437dda2987102676983f96e760627f941cee953
cifar10_proser_fedavg__split09__seed0__d5.0,0.3,12,304b8f83e9e3ef4ba455a4a4c3ef5eb76e082b06d2779e4646149c9210a42d2a
cifar10_proser_fedavg__split09__seed1__d0.1,0.05,12,f1437a2d2ebc6cac14b8e96f987162268ed1d38b44b4c9b49c9bf2caa59519b4
cifar10_proser_fedavg__split09__seed1__d0.1,0.1,12,f56bb6583822abb8e677641161610f9c026d20502077cafe0c30a5b46a576740
cifar10_proser_fedavg__split09__seed1__d0.1,0.15,12,1b8af81845b41a54f31846c3179e1d5f8508411342d9b23170ec224cab02c302
cifar10_proser_fedavg__split09__seed1__d0.1,0.2,12,16eb00bb39b7dc3daf7acc60c91d3555fd4fc8ff44c1f46ca201f4fa56768b28
cifar10_proser_fedavg__split09__seed1__d0.1,0.25,12,0ae57ac99ccff9a94a854f9014aae0f369ca5cfb0c3972d3b9a3136c386f24aa
cifar10_proser_fedavg__split09__seed1__d0.1,0.3,12,a7f5099c4df391517524d7d761ff3d4b8e57fb4ba0f583f814d30bf5d6ba7400
cifar10_proser_fedavg__split09__seed1__d0.5,0.05,12,cd27d8b1e9d36d698e0fbe55175a264ef6219702c4ed87c8936cc0ffbcd9be98
cifar10_proser_fedavg__split09__seed1__d0.5,0.1,12,9c63bc8a573e03593a1a7db16a7143ab944ed4c9b597f306a1bd477e2edd8fd8
cifar10_proser_fedavg__split09__seed1__d0.5,0.15,12,cd571a054731650ea4a96db2c147ac6f0bf1806b562625e6767591697705a49c
cifar10_proser_fedavg__split09__seed1__d0.5,0.2,12,e08755157e60bd21cb24d16e7e5400e7f39a873801bdbcbc8d139176c1c08706
cifar10_proser_fedavg__split09__seed1__d0.5,0.25,12,149ca33a70bed3ad7c734ddb74b37a580f45a13016532ba1e6bba4b3e6b06f08
cifar10_proser_fedavg__split09__seed1__d0.5,0.3,12,cc9567d619ce762e5401d69d2e4323ef6267f59366a2a3699bf5867f76565e3c
cifar10_proser_fedavg__split09__seed1__d5.0,0.05,12,693cc89bff4b8340384e840a5325012ed23a04ca5416116ed686116e81d58c80
cifar10_proser_fedavg__split09__seed1__d5.0,0.1,12,b750cf7e6c037ead2a72b1921263600caefcdbb2a8f13e42ad1c86917ebf25cc
cifar10_proser_fedavg__split09__seed1__d5.0,0.15,12,336dd4f221a4daf320146f2182f3b7bc5ec0a4b5c431f2c0c50b28cc1ab54142
cifar10_proser_fedavg__split09__seed1__d5.0,0.2,12,6e9e376c8db4f8800dfee495cbe4f81cf18d7e9ed4438185680ac8af29aac458
cifar10_proser_fedavg__split09__seed1__d5.0,0.25,12,21a7cb47215de30589d6783b47b9dd18de9144a0259fed62d153a2e5fff81ba2
cifar10_proser_fedavg__split09__seed1__d5.0,0.3,12,d2cc7caf819cde3c775658851bce35f572df37ceb5204550021ebc8142285984
cifar10_proser_fedavg__split09__seed2__d0.1,0.05,12,5ddb6a709d0c4d9beb04212a79aecae5091d9c5eacf6b6586100eaf8d4825613
cifar10_proser_fedavg__split09__seed2__d0.1,0.1,12,71bd20c2c4dd4c6ab575c3f5c25d390d01be6422fcbee0143d3eb8ec20168e77
cifar10_proser_fedavg__split09__seed2__d0.1,0.15,12,17f660edf072dcf9dc3053aa8ae0d9f42dc6ae0c4e18c7f8195d7c54692918a3
cifar10_proser_fedavg__split09__seed2__d0.1,0.2,12,a800ae2251d5ba5f3236c0ccd82621229e12f2fb151d3a0205c45247c0bb8c61
cifar10_proser_fedavg__split09__seed2__d0.1,0.25,12,70c58fc3d71ac2139bd2a6df7293fc0d40fbe13ea97168a3bf8ec2e952acd821
cifar10_proser_fedavg__split09__seed2__d0.1,0.3,12,a1c7e25219be90521a2e7998c74d0544c0e88232c56df1c36a3696af40779e38
cifar10_proser_fedavg__split09__seed2__d0.5,0.05,12,a95768d1fb301e582f335de01ef3a0964e4f01fab2603c2683eed2f46e184d0a
cifar10_proser_fedavg__split09__seed2__d0.5,0.1,12,7a031787911ab8f3a09038126ee6cd1320480973bfc23be1cefdc7ca33cc6793
cifar10_proser_fedavg__split09__seed2__d0.5,0.15,12,70dc613e5a7a9226871ca356a93662134f0a09c2a3af1fc079f4934999731304
cifar10_proser_fedavg__split09__seed2__d0.5,0.2,12,8f60db54abf4a04a36608a92947a160cc936075a8da214b8d2bfb8a9948e17d6
cifar10_proser_fedavg__split09__seed2__d0.5,0.25,12,4f3a71ad963c3d06efb30fdc82eb7ec4a4e4d7bf8e604f284bbdea5e29d98d45
cifar10_proser_fedavg__split09__seed2__d0.5,0.3,12,9054c06b16684456e29952f11920198f9639cc1a32803423d6af60b75d476c6a
cifar10_proser_fedavg__split09__seed2__d5.0,0.05,12,9726b0fb4d925647b92110ae84e840dc7175fe548d6eabdfe3239614cbe481ca
cifar10_proser_fedavg__split09__seed2__d5.0,0.1,12,54432a841fe7ad512c30534496de71965aad3b7b2c4420bbcbc14c04e2b351da
cifar10_proser_fedavg__split09__seed2__d5.0,0.15,12,89d07ce737a8f607f37efb19fb98d7dfc9efaf2055f9954bfbe5321271b3bbd8
cifar10_proser_fedavg__split09__seed2__d5.0,0.2,12,eeaa8370f1fbfaf3f0793d5c58db3a73fa5095ae86991f89b881addb7ab1c6c1
cifar10_proser_fedavg__split09__seed2__d5.0,0.25,12,c9effa5f763b13fbda3faf32918958fedf0a4e4ea2eceefe51c9a5232e7459e6
cifar10_proser_fedavg__split09__seed2__d5.0,0.3,12,9f0247b24667a292692386ef98e157a0350baa8d617eace7e8e43a423b3f488d
cifar10_proser_fedavg__split09__seed3__d0.1,0.05,12,a40d8327ca127c2b99a0a6590a88409c0efec0e3dbd39e21f07f5744a0b17d14
cifar10_proser_fedavg__split09__seed3__d0.1,0.1,12,730fbef8e87beb290ec2b4f09d66432cc804f0ea32493f70ac9effc2609790f3
cifar10_proser_fedavg__split09__seed3__d0.1,0.15,12,dc44f083c160f454c98772b7adc85118546bc85bf2802fc96a488da86ea4a2bf
cifar10_proser_fedavg__split09__seed3__d0.1,0.2,12,8a41da54806f69953862be69f55cd027e4dcc3368f0cfae89bfd69339a5d8e70
cifar10_proser_fedavg__split09__seed3__d0.1,0.25,12,00377cd7391c05db97c2bd4e38717a887fbcd7c5228456fbcf916845f4f813b4
cifar10_proser_fedavg__split09__seed3__d0.1,0.3,12,d53a7a21729a4102ae2e5b4d0d12f4eab671cf918b56bea3c3b75d91aa9ee0b5
cifar10_proser_fedavg__split09__seed3__d0.5,0.05,12,9034da5ed2bd5bb3492358926691f1345774c95efa3283e2f9a1993e854f1295
cifar10_proser_fedavg__split09__seed3__d0.5,0.1,12,42bbca758ec4f7a180ef473fd40a77c394769d3feb29dcc0c90e11efb0ae737c
cifar10_proser_fedavg__split09__seed3__d0.5,0.15,12,93ca51787aa6185a415b012877a58f5861cbca0cc9964439a23e69ee7351c442
cifar10_proser_fedavg__split09__seed3__d0.5,0.2,12,5962d7122cf4b3606f9dd7171a40f5ecd5b403f10666bcc605bd756a6c48d6c2
cifar10_proser_fedavg__split09__seed3__d0.5,0.25,12,4f43ffeeb7a66961b28c931c6f564a5dcab192d71b0b2ecb451e77610f327249
cifar10_proser_fedavg__split09__seed3__d0.5,0.3,12,f86bff78e33d65ea0b1588b385116b08b04d5d91ca505d3b41ef0d7d220522ba
cifar10_proser_fedavg__split09__seed3__d5.0,0.05,12,7efe0be90a0c837ef61e7a76a167a0ccb914a97563836f222fbafdd7c134745c
cifar10_proser_fedavg__split09__seed3__d5.0,0.1,12,c6a4e3e796e64f3fd09df0c5a2710a860c418062ace7addbdf842c532a2334b8
cifar10_proser_fedavg__split09__seed3__d5.0,0.15,12,46cabaefae5c1c77d5cb635cfe25322ee968577cc0328ab4fd7cfd5323c0039f
cifar10_proser_fedavg__split09__seed3__d5.0,0.2,12,e9e09c8d387d9da575ac2b19ea87f08536b10e7a7d66a126fe559647e3cef53d
cifar10_proser_fedavg__split09__seed3__d5.0,0.25,12,b8352149b4b1dd32878155390dc63c92ba2fa4648397824a71df856aa9a4ace1
cifar10_proser_fedavg__split09__seed3__d5.0,0.3,12,69156ecd258976b820b7ec19716c26ca8237aad9bbe449bcf4d45db72e5e64c7
cifar10_proser_fedavg__split09__seed4__d0.1,0.05,12,c64d14cbbb917748c6a3d081787f7358315f0fa1b5313fa17afb350f31b8e794
cifar10_proser_fedavg__split09__seed4__d0.1,0.1,12,adcd106d72e831cb9157091aabdadeb4f2a51761f7d4485bdcb036d097600e85
cifar10_proser_fedavg__split09__seed4__d0.1,0.15,12,a6b4a4caf3d936b6805c14c1a68d678425984fa2e33b273d21cc67248e444b2c
cifar10_proser_fedavg__split09__seed4__d0.1,0.2,12,dd4f95b3e54c1e0ab314c6e1417c0f74b4a27788dfd062b98bfe4c743635a863
cifar10_proser_fedavg__split09__seed4__d0.1,0.25,12,d8bcbe16115922b6e6d3870f66b8d65f05c2a674405b4d93782ddb21628ca4d2
cifar10_proser_fedavg__split09__seed4__d0.1,0.3,12,a91c9849b366c8bc472abb7f69ec4d6d0425cb36c7b4bd64942892708659cf1c
cifar10_proser_fedavg__split09__seed4__d0.5,0.05,12,58edffa9bdb94fc55ea54d3cd42c0a6f1019c911db032b9cedc6c0cd5a2f5127
cifar10_proser_fedavg__split09__seed4__d0.5,0.1,12,94990302664b79d184c49b3882525b07705da97e1ea11c76c06ef550c86481a3
cifar10_proser_fedavg__split09__seed4__d0.5,0.15,12,21bf2e67d3c5082e259e12798cc3b4758e6947851a5639085e57896b94a3c49e
cifar10_proser_fedavg__split09__seed4__d0.5,0.2,12,ad53791bd88877a03b1d127b77c25299185efb617f0276b4d3685a780829b529
cifar10_proser_fedavg__split09__seed4__d0.5,0.25,12,6ebdeb2b91969eecfe7243eadc4e5f527d1a10fc7da73bbebcd0a724e5fdcad6
cifar10_proser_fedavg__split09__seed4__d0.5,0.3,12,5e434cdb6c25eed80e4dae9699e6700d82bf5f555ac626924151e316160b6f77
cifar10_proser_fedavg__split09__seed4__d5.0,0.05,12,a69904d69b0cfa083008dd0583c1b790ccfcd83bf54df295e286c95bc4ddc4c6
cifar10_proser_fedavg__split09__seed4__d5.0,0.1,12,98e7d0655f24d19492333698a98da67c72ca0dadddf35e65510a723e74a2eeb9
cifar10_proser_fedavg__split09__seed4__d5.0,0.15,12,a060bf2f1e2d510c8125024946e877566c6a9273f751ac7233d3a34515785db5
cifar10_proser_fedavg__split09__seed4__d5.0,0.2,12,26b192d7863490e36e5b39b49cc3c33cb8b6987092d2695d35fe5ec0f66ea87b
cifar10_proser_fedavg__split09__seed4__d5.0,0.25,12,ef7976fd4bb1e56dc503a499e4aaba3f24fcc75e518d09c01e8a2272b773c008
cifar10_proser_fedavg__split09__seed4__d5.0,0.3,12,db397298d23a32f586c2dee16e92b040ba0c6062195635ef431e2a904d72a8da
officehome_convnext_frozen__split00__seed0,0.05,12,1bd873d7669408ec50159241d60a012f7534d794abf1bc75a3e70cfdf0e2f96e
officehome_convnext_frozen__split00__seed0,0.1,12,a563a13a8368a738af18173b0d1f4f55e0f0dbbaade305d311771b434b422ff2
officehome_convnext_frozen__split00__seed0,0.15,12,d8f4beb32ec155fdce169cdc3d47b830b6a37a79cbadb45b620163d6877a571d
officehome_convnext_frozen__split00__seed0,0.2,12,ad1eee03b11e1ec8dad9fbdc7f1ffa40e600bda51edd3c6e4f404cc96ff3e6d7
officehome_convnext_frozen__split00__seed0,0.25,12,070ac7f1e83c63ed457d7571b94395c69c94f98a47f1830655009da1f13e6af2
officehome_convnext_frozen__split00__seed0,0.3,12,5e704b8007d9da481a4c122e0859085a2ff624250411b4ebc3c5f5af94c461e8
officehome_convnext_frozen__split00__seed1,0.05,12,8791b134fe6b50ae5f2ee39ed397b4b577b95e2cf91fbc1e1f9009358a057621
officehome_convnext_frozen__split00__seed1,0.1,12,0e230228b6afea73d9fdd7ab8b66b278229fd7d2b652725f9d44f49a7b871d5e
officehome_convnext_frozen__split00__seed1,0.15,12,e1f949d7568b33a48eee6a242714928d527fbee1cdfce3d125f81f1b58153a60
officehome_convnext_frozen__split00__seed1,0.2,12,4859853af81ab890da8cd4902db532b77d269e719d10be01d029230838c9b82c
officehome_convnext_frozen__split00__seed1,0.25,12,11cb61674191e52d23122bd185c910688d06a6f4e72874407b0ed213d1ecbfd0
officehome_convnext_frozen__split00__seed1,0.3,12,83f366f56b435b468a60ed1bc05f88b6ca6c3b1580050ddca39e9877ef07af37
officehome_convnext_frozen__split00__seed2,0.05,12,10a80e0b994a9505ddae111a08428437457658de020b3c0fa4342cad45d1bb92
officehome_convnext_frozen__split00__seed2,0.1,12,d2aab54f8f5ad358691739b1e1aa4cdb2af91f4a72273ed62ca69a1086762c51
officehome_convnext_frozen__split00__seed2,0.15,12,d0319dc3c7709577aed387d80f85c76f240a9a1f46bfb01f3d1c5e570df8f970
officehome_convnext_frozen__split00__seed2,0.2,12,1fe15343c4932932b09fdf9d99ee6a254f9bef4931439377df7371a42baf2619
officehome_convnext_frozen__split00__seed2,0.25,12,60f1a404cfaf902f3a9d948b354c7c82d4c96d63bf4dba78fc485108f449e725
officehome_convnext_frozen__split00__seed2,0.3,12,62f46b1453236ad84c72ff44ea7222adb87285f4f64ee9ca87dba07de029dc24
officehome_convnext_frozen__split00__seed3,0.05,12,84cde4257a6bcbaefc976ef6a9bb0f526819b1bfd363c96be69abf4a55057648
officehome_convnext_frozen__split00__seed3,0.1,12,da846fe9832d9a0abb24104f18fd16e9d827e46cf1b6aaae01b56534ddd41de4
officehome_convnext_frozen__split00__seed3,0.15,12,b6d54cb9f5dd2f62bcecc4378f079676e71f7e3b7dea1f03fc0560b1588050bd
officehome_convnext_frozen__split00__seed3,0.2,12,a99d8d048f1629280ee5c5e0082fcbcdfdef18956a64360c2b53dd7d74ca85d0
officehome_convnext_frozen__split00__seed3,0.25,12,01413311b1d4acf7dde546caccb07f045ecaebe9621ab96833a50cdbc74d1919
officehome_convnext_frozen__split00__seed3,0.3,12,93167778143faa001ab8ef1940ebea3f42a5dcf62c971c73f7de23d70c436fe6
officehome_convnext_frozen__split00__seed4,0.05,12,962975834d4052f3b47b9dd0e954bc901c9c26a2b30aa741915686aa87fddba2
officehome_convnext_frozen__split00__seed4,0.1,12,b9fc865092aa3f395d9dcfcca1a4c423fe4db3cd4e5aeef5874443eb60d076c8
officehome_convnext_frozen__split00__seed4,0.15,12,f7f9c648b0634dffe4bd55ce01b782295b1cd52a8deba5481513dece6cc5fbd7
officehome_convnext_frozen__split00__seed4,0.2,12,eefd8dd122af4d13bd9253fbfcb981b7703d7c2da731439472c64369e8c1c557
officehome_convnext_frozen__split00__seed4,0.25,12,f3b16ad18a109699de435c9aa37b0cb6de746e27a7d7d2f65871f45ee5eb1aea
officehome_convnext_frozen__split00__seed4,0.3,12,78b9546968f4ee3540c99566b9591638851049469fe0112e1cc9a779138e207d
officehome_convnext_frozen__split01__seed0,0.05,12,fe815ce2a6a137485a5b0766f88c0862f17812bc32ae5587fbcbdb3749afd967
officehome_convnext_frozen__split01__seed0,0.1,12,641898507e6b37f76856b9e5a3734b0523580aec77129d2eeffefd44b4f13065
officehome_convnext_frozen__split01__seed0,0.15,12,31455ebe2799fa94a3784e8c35df8f61bd5412b9e484c02fed34702a34498009
officehome_convnext_frozen__split01__seed0,0.2,12,a66f2aa589d53ca3b57a5a2241d0635d8d1bd23845d89553b01cf0d81f720bc4
officehome_convnext_frozen__split01__seed0,0.25,12,0c96cd5862dd071f9679022dada5c50dcd13b28c5012d50bb094f060769cf7c8
officehome_convnext_frozen__split01__seed0,0.3,12,f8ff06381ea9a0d3a8a963bfeb5447e1a2d7e861a1c1435be0b796f9f8f888da
officehome_convnext_frozen__split01__seed1,0.05,12,a879918f2f0dd688454bc3f9a74a2d6086ba1be9e1293283846aba73f2e1751e
officehome_convnext_frozen__split01__seed1,0.1,12,2adc591a7648c1ef0216d905c596b098ca5c0122ffd99fcc956bb59b900fb1a7
officehome_convnext_frozen__split01__seed1,0.15,12,64792f2d3a0536e8cf4caf89f28e402c4b82a7e42f1f12fea7b81d863b473392
officehome_convnext_frozen__split01__seed1,0.2,12,30d7cf0c336b6829483823c8ce96577176df95aed6c3c2e2b0e3e351d000c0ef
officehome_convnext_frozen__split01__seed1,0.25,12,4de891ec339eb3bae1b429485e38618ca6363fe94aac5a2a73e736581e867329
officehome_convnext_frozen__split01__seed1,0.3,12,9517510dcbcb7f9facfb9d8a3c51ef4b8cc94ef2ce118a1683b0d179d418b611
officehome_convnext_frozen__split01__seed2,0.05,12,19b3373eaef8d123b484d2af5171c2b4d4ec0bcf81f6ac954543b0021dc473cf
officehome_convnext_frozen__split01__seed2,0.1,12,ad7f06bc13fa8c35095838d565335fcaff55df2a1dc97db78d91517e49f855b2
officehome_convnext_frozen__split01__seed2,0.15,12,e973a7724c228937e13b3fee72134a285da6d930aec829b9420d16fc4965fb47
officehome_convnext_frozen__split01__seed2,0.2,12,997366323aeb49f7fdfd78c09a8c81c062e91a0d60e7c27394175842ea3eec26
officehome_convnext_frozen__split01__seed2,0.25,12,8681f5155d3fca0f06edf635b2a9a8f984fc76e8d899c6f6a77deb87d1346a97
officehome_convnext_frozen__split01__seed2,0.3,12,eefd621f98e58bedcd133db7353d9ba9a0004a2851333065616f123dbbd19d84
officehome_convnext_frozen__split01__seed3,0.05,12,96618599b7c869c3555605fb296bb7f2a74dca02b1deee0438c3710472d54538
officehome_convnext_frozen__split01__seed3,0.1,12,e7f28764c4910e80a2e3a9be534b9e620d4ce6bef51be929a21504bc985e0585
officehome_convnext_frozen__split01__seed3,0.15,12,f7cfa24daaa10d1bb9bccc1de1ff31ba691caf7986f9537bf787240883c9801d
officehome_convnext_frozen__split01__seed3,0.2,12,29abb6b793ea290c07a23b28bf29de22751163da8b10a8285c0531de56ef16cd
officehome_convnext_frozen__split01__seed3,0.25,12,62f827ddff58fa7d71e7778acd6c4e7d17a78e2950245fac1e6bba697de77392
officehome_convnext_frozen__split01__seed3,0.3,12,bce89a0d38102ed0cbb9413765c3a380a915d2f3c0f66b2688c3f109c74bf59b
officehome_convnext_frozen__split01__seed4,0.05,12,8118fb53c966d60b61c9ba8acb28c8afb3af94ceff09da99166348f1c3f92e37
officehome_convnext_frozen__split01__seed4,0.1,12,c64564b0ef8b60aacc17f24a3884da8bcf870e7045f941f861548f4d20b7ef67
officehome_convnext_frozen__split01__seed4,0.15,12,d68716dadb8fe94fe2776bf148e4065bfc775bd8ddd2a32c3d48d115393fc143
officehome_convnext_frozen__split01__seed4,0.2,12,77c3a51ea514a0ec5a965b9e2ce6ece0c6a33449f52558f4be1ff5f1b8a39c7c
officehome_convnext_frozen__split01__seed4,0.25,12,84b4f50027fc4add05acf273d534b4afb26231eea0d362c7b0a5f5683737bf2a
officehome_convnext_frozen__split01__seed4,0.3,12,19a573a7a61b6d15de13b4ef180760c6e69eff1daf1c86ee7912353b27bf14ff
officehome_convnext_frozen__split02__seed0,0.05,12,9a5d83c770ad7221b10fade28a85541ef0dd2b03c6be3b01955f95a49ff25b48
officehome_convnext_frozen__split02__seed0,0.1,12,d89de6551ac098b1c0c74070e48a0f29bc18781626f6e290f2845f03424c55b7
officehome_convnext_frozen__split02__seed0,0.15,12,d4943062ef8723937fade8440f8c47c411e93a12c5a4559383c66d87cd1ed603
officehome_convnext_frozen__split02__seed0,0.2,12,fcf3babe5cb7468e1b708d153c00e1961c1bf4db22652bfa4d6a02606a272f52
officehome_convnext_frozen__split02__seed0,0.25,12,186d8583f27fe1ee0e4c829662014e9320672e3f6c181835e78b2b56bf8d4059
officehome_convnext_frozen__split02__seed0,0.3,12,08449a75ba3787092a3a7582be9163e057b7470f99357d0e8ca5485619ef5cd5
officehome_convnext_frozen__split02__seed1,0.05,12,a7ed41bcf2502295ab52cb8dd3285b42eb740d441242a5e96d67deab13989f57
officehome_convnext_frozen__split02__seed1,0.1,12,bf4436c1e57356717182ccb579efa065a0d9695f5ab5a02ded4fe18a0f64e587
officehome_convnext_frozen__split02__seed1,0.15,12,b1ce6797fa277be8b96f6022deda0b1454d25c0280c99a45c9423dc5b46ac79b
officehome_convnext_frozen__split02__seed1,0.2,12,5d8e8f2891c4fc8115e2d838d59c9df3864954ce3625a479898f4587c6c04947
officehome_convnext_frozen__split02__seed1,0.25,12,04e001d12b2968482d94b0d420f67d5cbe3b1ff53488e520aa6187577b019d87
officehome_convnext_frozen__split02__seed1,0.3,12,fb7ffd3648a17adbdf8c0bd1cff761799bad92ea7148b150025392b05f33bcd1
officehome_convnext_frozen__split02__seed2,0.05,12,f68c2fdb138c692948629d3a4b460e429368e06a33998a695b4e7018e108db7a
officehome_convnext_frozen__split02__seed2,0.1,12,7ef876fb2d0e0ba61ff564980373167c456746d4027b754298b2c08669685188
officehome_convnext_frozen__split02__seed2,0.15,12,0ebd747e457316fc2267bd6895eb0ca29cc120b403130c2741d0ddfb4ea21e1c
officehome_convnext_frozen__split02__seed2,0.2,12,f525d802a44ec87c1bece22eba46bcbfc9ae1574e8819f6b36458ceb01c0b847
officehome_convnext_frozen__split02__seed2,0.25,12,dd718b25bae77fd71134c08e2c5c3768d0bdfba6f14ef475682763a4b2ee6656
officehome_convnext_frozen__split02__seed2,0.3,12,7d9c228368081c72c1cbd86f1f0d3df086da5eb649bb1b188c0ba92b93d71538
officehome_convnext_frozen__split02__seed3,0.05,12,962b80f11624386f9cd428e4537d066a8da2b925bb7b9c9ac15ae867774282a9
officehome_convnext_frozen__split02__seed3,0.1,12,dea2ef2241b0950a19e69bf0a8ca5f0544311b6a296122202e1c339ca4a0b394
officehome_convnext_frozen__split02__seed3,0.15,12,0c10f4d392e3ab7151d01ea90d7f2540d86b7adb1df69a84187b81db8ad72f4e
officehome_convnext_frozen__split02__seed3,0.2,12,11f2c95c326462e96ca1f4adb30275a130ee5eba79ac4d510f40f7f3d1ddbf12
officehome_convnext_frozen__split02__seed3,0.25,12,40694082269b59d435e8b14030cbc47663f76b740416734f0eaea976ba4e8509
officehome_convnext_frozen__split02__seed3,0.3,12,b106f9b92b917fc2dc3d326ee827c3cca7adb40eaaa2e266ca5a772447144c2e
officehome_convnext_frozen__split02__seed4,0.05,12,42e7eea01bca091e2a070e79b646f9eca6d8ac3e33ce7a5dc654660a5f34c289
officehome_convnext_frozen__split02__seed4,0.1,12,c84268c6fb88f1a0e2ce96576b4f8d05ce72d8528bb56f24b56f6fadf935e62a
officehome_convnext_frozen__split02__seed4,0.15,12,0de50c4ceebc931a85280a75ee68334c457a10c06859c7da821523066da64b1d
officehome_convnext_frozen__split02__seed4,0.2,12,62764c2f3a2e11f507fd06faa155a8e54e02f5322762725ce8464007b93c4695
officehome_convnext_frozen__split02__seed4,0.25,12,e6e2108a6633b085f63a5ae738e3cc3acbad3c617bb1e7945eca514fe2b914fc
officehome_convnext_frozen__split02__seed4,0.3,12,2cec3789aee57893c847046dd5bc37c4cb8147e96b4df838f9231841af9e1f7a
officehome_convnext_frozen__split03__seed0,0.05,12,c5dac0700907908000bda510316bc1f18259a60dc6a493fe7af858467b40ce79
officehome_convnext_frozen__split03__seed0,0.1,12,b343133f7f16c8f8357192200ff042200a7ddc7ae73c8dcf4a82df65fd952fc4
officehome_convnext_frozen__split03__seed0,0.15,12,01e4f7c908901f7b2860264a35b6bb9e88c58b6f5bf1b5a95fd936d57ad825b6
officehome_convnext_frozen__split03__seed0,0.2,12,687cef391a8585bdcf8918505d97f38fff7a83234bf9f7aae59386650aaec780
officehome_convnext_frozen__split03__seed0,0.25,12,0b6ecffca6b5eec3732d9daebcf58a7b1bdad2519b1d9c6d5549239b2c8600cd
officehome_convnext_frozen__split03__seed0,0.3,12,8ced558ec431f789ffa17157dc954ed2c8e90d336b78264b0e3392bb0f3f3733
officehome_convnext_frozen__split03__seed1,0.05,12,6088cd111a788d1127bfa1ba0ccd6f8033cf07388bb53b239daf15e32f6c5d28
officehome_convnext_frozen__split03__seed1,0.1,12,bc7db05c5fb8dbae834eec0a30418bcc324f1b2b03bd65061ccb9683de5f8d99
officehome_convnext_frozen__split03__seed1,0.15,12,508de8e8c7f9c35a970befd322d12b7d0376435bada37081815fc8d6d6b8737f
officehome_convnext_frozen__split03__seed1,0.2,12,54b53800331a94b897b52cb4cfb809f94009d3f7e03103bda430537cd7a7978d
officehome_convnext_frozen__split03__seed1,0.25,12,2d251469c87adc2ccf8a69cd91ae43ccfa298bc684214545482f8cc4cc3608a7
officehome_convnext_frozen__split03__seed1,0.3,12,56c4815faf823ed4f91134d8656d5d364b967194700b7e404e9b154c1d5818ca
officehome_convnext_frozen__split03__seed2,0.05,12,6d6c76c19287e6401e42704108723eb14fed34729ec974bdb617658ff146921f
officehome_convnext_frozen__split03__seed2,0.1,12,6d01dd98664a50e5c54109dd93aff83016c0a8868415d41c216cafa8c46db6db
officehome_convnext_frozen__split03__seed2,0.15,12,d3426e286265b8c59a4f0fd2eb924dff6e20425ca49712199779007a17aac014
officehome_convnext_frozen__split03__seed2,0.2,12,80246108d87005de34a9de1ee2dccc15106f6ef7f05b3a17ed967e9070fbfa60
officehome_convnext_frozen__split03__seed2,0.25,12,a9671cfcac744648d9472d8c3056a338c546e0d182157cf2d17ecb6e3060a0df
officehome_convnext_frozen__split03__seed2,0.3,12,67ca433ac9e876d50730553e22b0b2c0fe6a5a09b9a3a629f7b125117c2689bf
officehome_convnext_frozen__split03__seed3,0.05,12,74c34f9cc606fc34d15bde02231bdbaf35b0607ada82ed0171ddd27340d0caf8
officehome_convnext_frozen__split03__seed3,0.1,12,e39cd689ede6d791064865009b60d186db319d2b7cb244674663ba33175a3f3a
officehome_convnext_frozen__split03__seed3,0.15,12,090e8f15f0dc36650a292d994603706b9b0708ad47460352c89119d558493ff5
officehome_convnext_frozen__split03__seed3,0.2,12,1608d22d9ab918e6dbbc6b34fad2561601f303b8248acdc3fde1985e32276e1a
officehome_convnext_frozen__split03__seed3,0.25,12,0e5c894264de08ef7a1ad0b3a61ad73cfbadda679fb1c915235ece51f2341218
officehome_convnext_frozen__split03__seed3,0.3,12,2383ee553f63e4d1dd6a3967b1bce0446b9234f77c6d036c6830fc808510b4b5
officehome_convnext_frozen__split03__seed4,0.05,12,546c5f1527236be70e11c3585636025fc016cce6622a49e6e6e161bd6eaca485
officehome_convnext_frozen__split03__seed4,0.1,12,9f688790c4cef739d91ab64c62586575695d6bacdca1bc415539b674b877a82c
officehome_convnext_frozen__split03__seed4,0.15,12,7cddd1b0fc0cf14e663ec99ac04fb22399c09b4351f294fd1b731dfaf4f5eea0
officehome_convnext_frozen__split03__seed4,0.2,12,a6eb1d3e649c35b7a6ff3b94a691da5a1fd91181c75774274515c1c8392c9bcb
officehome_convnext_frozen__split03__seed4,0.25,12,b02e42666872c9f3a9bd9ff094c15f43eeb821249643fecf86b4401b59208a1a
officehome_convnext_frozen__split03__seed4,0.3,12,605c271cee4b822f45400533af81a122e5c4c417cda91ecee21417f5a7160503
officehome_convnext_frozen__split04__seed0,0.05,12,745b17028f639e75530caec1119dffd9ee8423f975f4e0aa0dacc98fdf83bb2f
officehome_convnext_frozen__split04__seed0,0.1,12,db0a80f449a2e4bb2fe9993556c0da85baf02c0b76efc198f6d250b7e6fe82a7
officehome_convnext_frozen__split04__seed0,0.15,12,5d3dd3d62028d61b1ba9d8fe62d34f6b77edc00f3d4b346a57fe58900d25a5dd
officehome_convnext_frozen__split04__seed0,0.2,12,eccb4f937ae66c08f714f893cd384f3e444a2525b6001dfe75a5866000f1f2a9
officehome_convnext_frozen__split04__seed0,0.25,12,2e946e7c22fc215b3ba0335ae39b5f83ae958b4b85bbc7cd61dda180331c982a
officehome_convnext_frozen__split04__seed0,0.3,12,b0846fd7f55afba938487749c59f1e8c2c9bfaeefab86bde8364a78b573a7b95
officehome_convnext_frozen__split04__seed1,0.05,12,e3425be5faf954917520a114a6165afdcded5ce129811c5950bdaf239a604c63
officehome_convnext_frozen__split04__seed1,0.1,12,01104dd0795925a52165a0f31d38e831bfa34a6dfc943cb931fc957ad8fb1b67
officehome_convnext_frozen__split04__seed1,0.15,12,3e502d0dfa8b275742d0db9e60597b9abe71904fa516bff224fdbc10f079ca12
officehome_convnext_frozen__split04__seed1,0.2,12,80af06f4de931efbfb8c20f2fe90a8fb7861302d20eb0ae88177fb4783f9b671
officehome_convnext_frozen__split04__seed1,0.25,12,c8a32278061d8c11275d6109c0a4d1d853d369951cd17ccd4f13297ec352bba3
officehome_convnext_frozen__split04__seed1,0.3,12,51609634aeb4a054ba9991aa725ff6b77a848348f0efa64e6b57009cf642bb54
officehome_convnext_frozen__split04__seed2,0.05,12,ff47ad7077020e018a011707c8611f46ed4035ff15f254a45ecd82a0384cbcca
officehome_convnext_frozen__split04__seed2,0.1,12,77e032755c205ac9d3a141d2aa68e3e15aac1ec998f468afde82a678ba4b2d98
officehome_convnext_frozen__split04__seed2,0.15,12,4e828bd6fe679faceb03a6fb05a38369dd036614d3b7e63658857ee9a919dc38
officehome_convnext_frozen__split04__seed2,0.2,12,5c001b44c6423720c482ecb275e9853529c41c9d08261db6fec4603aa7b011ad
officehome_convnext_frozen__split04__seed2,0.25,12,998692f6dae84c9bb86ebf0ce10a34ce43d932a8d9b8c3bf73769d5f4cdb1c65
officehome_convnext_frozen__split04__seed2,0.3,12,d890c5f346413a0f063b21b89f709a8d697182a000ddad90b7b4a078e8a52ce1
officehome_convnext_frozen__split04__seed3,0.05,12,dfa8e94950d2446a00e2c2358db4c50b5e8ed98421854dd147063aa7a505d09d
officehome_convnext_frozen__split04__seed3,0.1,12,8af9722427b4450879ab315d7584aecf41dd2b693b69b58c0113cd2c88438450
officehome_convnext_frozen__split04__seed3,0.15,12,ed968cc5244420dee101546a270e22cb6ed3dacb43d4d488764ebc61147d6c70
officehome_convnext_frozen__split04__seed3,0.2,12,83343aeacebe5f798f563245ac2ab89a09617d6f7b78304b396f1c9ea1f03db3
officehome_convnext_frozen__split04__seed3,0.25,12,8978267d8facc0bf801cce3d7f6cad61e140bf299a2c235add9f1329f0c173eb
officehome_convnext_frozen__split04__seed3,0.3,12,f33ef0d3a68cadf4bd03d6e71f4d05290871a8cfa1c72f08701fdbd00f96c913
officehome_convnext_frozen__split04__seed4,0.05,12,6e10ae3a98254bb469885ccd00fa783387ba9881b12d31c22b69596e6f5923b6
officehome_convnext_frozen__split04__seed4,0.1,12,864b21b35813c5764a5dcedd2a03087d4565cfe4721419ab03227e91f96c8db8
officehome_convnext_frozen__split04__seed4,0.15,12,df1c84d9fb8cb2113b63e10698948aa8e2fe68ed73645b1bafb23d3d750ec9fc
officehome_convnext_frozen__split04__seed4,0.2,12,92f3b03a98b6426351363f5df84b35bc58b8b7cd65b3b83b08645df3f236171b
officehome_convnext_frozen__split04__seed4,0.25,12,c9ff7bec2581e5df773f1eaa5d0af7a511501208b437837594305999d81c819e
officehome_convnext_frozen__split04__seed4,0.3,12,85dc5e342f56745152e6614f922611eb94b6062e6b9bdbb807d3366bdc3c458c
officehome_convnext_frozen__split05__seed0,0.05,12,4fd6a7ede68a40959759a5875c754f08d32aa18828c57ddef0798c46081f877c
officehome_convnext_frozen__split05__seed0,0.1,12,96b6eda75ada5b10ff0282c762874e28e7947613f585d9d1395f5460da4b2a7d
officehome_convnext_frozen__split05__seed0,0.15,12,0d35890296592d79a56431220ced7ecd78fb836745de55dc574aa5eb614ab025
officehome_convnext_frozen__split05__seed0,0.2,12,64ebc19ee395cfbcda861cf9811a257e3f04abccf9e3ff104ae905690bfc84af
officehome_convnext_frozen__split05__seed0,0.25,12,2c7ce24f92bcb7c13c03e976f20aeec3b80d6f455b30ac0510e414a103176d50
officehome_convnext_frozen__split05__seed0,0.3,12,414078ea019079d02ce8084ebf6efa6b26009ddb7f3d7acffe82667c9ca04448
officehome_convnext_frozen__split05__seed1,0.05,12,49d61d26db54e40e01b7aedee498dcf7b99e25e263d0ee7172672d6bfe5fd7f9
officehome_convnext_frozen__split05__seed1,0.1,12,594fd9657fe642309713c93c501a9923bacf2443ae172715d22062c68b0458ba
officehome_convnext_frozen__split05__seed1,0.15,12,b76edfb12d4945ba2e9131ae427bd2b0aab4fa8204e78579d10d950dc72f6993
officehome_convnext_frozen__split05__seed1,0.2,12,44565dcb83d9441d736fdd56b57349eb486fb047c71f45b8d341b5d9bacbf709
officehome_convnext_frozen__split05__seed1,0.25,12,203477c686050f8e05cc878067ba49090205dc589512d407a5ad0763181622f7
officehome_convnext_frozen__split05__seed1,0.3,12,bfcc54d836d4ea181889b216f17c60de049c6494c5d5f27dde2cca48cd9471a0
officehome_convnext_frozen__split05__seed2,0.05,12,7e861fc784c7a2b1684a0f403449c0d1e81073e02b9db227d316c329ae54dcc6
officehome_convnext_frozen__split05__seed2,0.1,12,d56210b55f24d4ed28a9e5d33f880e2ac54e033131aad0b01ac98f062646f893
officehome_convnext_frozen__split05__seed2,0.15,12,e034caf15006985cfda8d064ce365cc3d14d4a55a3f65b20733969afc2e0a93f
officehome_convnext_frozen__split05__seed2,0.2,12,42303e228d1051040c605dfaab01dccb0fa376b54bbc34b45d8469397a0c98ad
officehome_convnext_frozen__split05__seed2,0.25,12,bc5ee152c4b2849f9d98331fc723d5d6bc44bb77a596c10c28662809b3a6a840
officehome_convnext_frozen__split05__seed2,0.3,12,3049c6b942b7c0d59010facb95f2c8b89f19081f114a45bd926a2f34b7a5422b
officehome_convnext_frozen__split05__seed3,0.05,12,fe84442c053606333be6d763c353444438854de26740ae6332e93977232249c6
officehome_convnext_frozen__split05__seed3,0.1,12,add1fb252e555f65f98e1c5494237c2ca9897858845f85e135eaa97c1001f401
officehome_convnext_frozen__split05__seed3,0.15,12,8b3034b16bda396d3361497cd223bb79cf67a943f9738cb59d8e9852c5be0536
officehome_convnext_frozen__split05__seed3,0.2,12,ad911d6dffd9f0b097d30e9c9d9f94ae262bab28aa2b5466295b7fa06fd3c4e1
officehome_convnext_frozen__split05__seed3,0.25,12,3b95783f7e2d6c5c1b8bb3bd5b8e6bad7a34c438916eb2fccdaaa93500414cc9
officehome_convnext_frozen__split05__seed3,0.3,12,6f502bdf9ec957b7584ee108bdd7e15ba7ea6124d7e2762126ffbe87f90040ff
officehome_convnext_frozen__split05__seed4,0.05,12,b3e8f376f958fde30de8b1f473dba432868dea5cb2041412e29207ec3f5df378
officehome_convnext_frozen__split05__seed4,0.1,12,58b19ce9dab331cc4e9ab5bc1df7dcecddad2f6721b35633c202341825623d30
officehome_convnext_frozen__split05__seed4,0.15,12,cbd66cea079ddbcd79ba1f9d645bf4c373537ed2c070f8b8a60595867f1f501b
officehome_convnext_frozen__split05__seed4,0.2,12,a777630d52631a099ce6d104ba103974b9ee4cda0669ec3fa7eebfa600aab292
officehome_convnext_frozen__split05__seed4,0.25,12,96785e37e296b1b4ee5d5306cff888b0960785e523395da08cba73b208479ddd
officehome_convnext_frozen__split05__seed4,0.3,12,0b048fbb0e6fe46d5a921ccf082d4e21502daa350da7c2cfff059dbe34ff7b31
officehome_convnext_frozen__split06__seed0,0.05,12,8f8a5a1135b0261c85144a004f0c165b3f2bf40a931eeab76dd2af99a6735b22
officehome_convnext_frozen__split06__seed0,0.1,12,7f2439837f9229625b405347dd6b90dd36848b902284a97bb2670ce1bd01e9b9
officehome_convnext_frozen__split06__seed0,0.15,12,b46a670ecfc73238e44a7d8ee17adf95f0b1968d1abf84c91ebaab0690b509e9
officehome_convnext_frozen__split06__seed0,0.2,12,4cd7eeec2dfbe1acdee97d0d880ec10283b8a449f6345b24ba26800179374a45
officehome_convnext_frozen__split06__seed0,0.25,12,457b473c73b0ad6d05a1d06e757619c1de3cf78e30986f5c6f3d163391083f05
officehome_convnext_frozen__split06__seed0,0.3,12,823faaa392b07898ed86a278d0aa422a54c7573925f006917c82c314acf4a77b
officehome_convnext_frozen__split06__seed1,0.05,12,8df5f1993103748445dc85f048a63199d3f61d03529c4ab3cd1440551d379a8e
officehome_convnext_frozen__split06__seed1,0.1,12,c978f323a9d1deb206902565b5b21b8447f71efd42e99de45fca0bb09d54b241
officehome_convnext_frozen__split06__seed1,0.15,12,f1098c789d55e25b038afada843a71c84fc4d18004cfa358a334a9a16281ebbe
officehome_convnext_frozen__split06__seed1,0.2,12,613d2614d10b92f777c5439bef41982183ae2741b14f6cb9c408216b7e483d54
officehome_convnext_frozen__split06__seed1,0.25,12,e4812ef97c63e283b3155e7f633181c153d154fbd965e74f10dfe31dbe3a5bb6
officehome_convnext_frozen__split06__seed1,0.3,12,0c4b83d505f646675453b16581ef98cfacd77114accc14f44b424597bc7f52dc
officehome_convnext_frozen__split06__seed2,0.05,12,c830dd1bf9da6ce80e9fbab90ecb24473e3d5d162d1a8e8cbbd0a27c42f24f0d
officehome_convnext_frozen__split06__seed2,0.1,12,10338369e009e70e24cb9ccecf09f3be3e5ef75f1f8a6784598a36265fa7a1d3
officehome_convnext_frozen__split06__seed2,0.15,12,3033abd2c9e5d394be698cf30643c84cd4bb1aba7a3adaa2a45b6d3c31eecdfb
officehome_convnext_frozen__split06__seed2,0.2,12,5f62251153bc0e4d962b053d07dfaf8c9979b88966d1626d79d0d42466adb53b
officehome_convnext_frozen__split06__seed2,0.25,12,198b63a556678dcd875137a5f56146df2daf921fd60b3905d2f8f567e24e309a
officehome_convnext_frozen__split06__seed2,0.3,12,5fde27dbb3afbc3b190be28a3db563071aeb16d67ada6e83646a92f58ef0703b
officehome_convnext_frozen__split06__seed3,0.05,12,0abaf0379e442eebcf981b06436f0f779d45071b8a5179bae757106e86a0d5d4
officehome_convnext_frozen__split06__seed3,0.1,12,7d8917a5f93e64f35bf85d40cc0d56024c075b281ef40b24fc4936502ed42405
officehome_convnext_frozen__split06__seed3,0.15,12,afedec1b88fb9ffe4c24a207038ff6070d9ac883418d8835412a5593da806e50
officehome_convnext_frozen__split06__seed3,0.2,12,e9b708408a00590e0892629a456541cc0ab7bef5b2663f9d25fe15b65913e7f1
officehome_convnext_frozen__split06__seed3,0.25,12,cb905aab037eb67708825d8c235e50c3e7e9b4c2274bc63863510d76582ce83f
officehome_convnext_frozen__split06__seed3,0.3,12,13c09bf064927c6e546f57ff22dd6179557bf5f941f2453964a3747fa0755f0d
officehome_convnext_frozen__split06__seed4,0.05,12,15964d27c64f60695a28bb992ca6645ea55068b41b3291cc3b2f7929d0f2fafb
officehome_convnext_frozen__split06__seed4,0.1,12,f528f483265e9e6389da01e9a30487db3ea5f876c1c054b9ed38d1e65b953e69
officehome_convnext_frozen__split06__seed4,0.15,12,3670b45f47be3299450f800794c09ac2dc62305a43b0a0bfaf0a3df920c77e51
officehome_convnext_frozen__split06__seed4,0.2,12,ea356c26f84a9fec93f94326d094662a0dcc6cf7916f7104ee54eface914ec74
officehome_convnext_frozen__split06__seed4,0.25,12,97837d5c7add2ff1cf2e42827ac291b1f5c8564ddf5fb99e034717436a183f2c
officehome_convnext_frozen__split06__seed4,0.3,12,6a42dae1fb329b7e3af893e7f56f834a651c90b1729134147a0a225e37849433
officehome_convnext_frozen__split07__seed0,0.05,12,93967ccf9248ce0f0ebb7338676760be66b4ba4e4a6db9817ac37bf90f875186
officehome_convnext_frozen__split07__seed0,0.1,12,ff74134b67341203c4bc9615f475b1b4443e12484838e8123f26d4aaa309a592
officehome_convnext_frozen__split07__seed0,0.15,12,feb87af37da7e611b3c5b92aa693d3159057483e6417b864945e7e137ab434b1
officehome_convnext_frozen__split07__seed0,0.2,12,ed0f5e7466c9eb470dd7ea871acf9bcdcb8ba49d8f5329387a671e9ba91bdf52
officehome_convnext_frozen__split07__seed0,0.25,12,0a19e91243e49ff4bc8560bcfc542371f253f5249fc6e37686ced53b53eac652
officehome_convnext_frozen__split07__seed0,0.3,12,6914c6f85b792b4659db0b9faccf4978399a0137dc3d4ffa7a6558d1760d5182
officehome_convnext_frozen__split07__seed1,0.05,12,cc96ecd4c5508f958e4578e64e21e13471dcdb49f42626d80f29641d31f63cc8
officehome_convnext_frozen__split07__seed1,0.1,12,d5d50b4e734b23a8b68d3f01c0cd2e4e81bf7b8ba4b92cd6436ed2bebcf99549
officehome_convnext_frozen__split07__seed1,0.15,12,dd82a0ccc2637dcf67222df95059c70f38f6479411643ae312d24c4e2a09cbaa
officehome_convnext_frozen__split07__seed1,0.2,12,c0c470060786001f1dfa5d77fdffeb25d0d054f5651f7235ff72cf2c58e54558
officehome_convnext_frozen__split07__seed1,0.25,12,8925f7297a95c9a6de70fde0a1970ed623cde17a347840db893c5edddcd3a579
officehome_convnext_frozen__split07__seed1,0.3,12,e0da1c37ee83043dd06f3be81e0bb6a07617423c4898b0a7f79d6e32760e0465
officehome_convnext_frozen__split07__seed2,0.05,12,39d02456fb6c1f2191975cd54fe60efb67dce572ebd3314ac645a4ebf8ea8f26
officehome_convnext_frozen__split07__seed2,0.1,12,6dff1939e773799c7137ce10ceee623e3dcf6416189b19c1716f2afadfcabeba
officehome_convnext_frozen__split07__seed2,0.15,12,9638c65b5e23da7d408736cc39072cefb4a6c3a1c2b5ab76b562ce56c4fd1697
officehome_convnext_frozen__split07__seed2,0.2,12,1897778e7a162ab1a2bfc29cec44274be8d0fb5d21fc41a5c511e2f2fc7ea0c6
officehome_convnext_frozen__split07__seed2,0.25,12,e809a1fc77a3ffe1bc45056908f6b33a68afc7f0d47713e32291072eb9f7b663
officehome_convnext_frozen__split07__seed2,0.3,12,bd4ab4f209b279658ededf56ffb3b1971cfbda13a5c6ae151a54f169516a904f
officehome_convnext_frozen__split07__seed3,0.05,12,05a4636913c92a244c242fbd8c4a19e127db58c1b812e62d1e05fb671b8dcbe3
officehome_convnext_frozen__split07__seed3,0.1,12,bdd248a1753f24c6715222c4215b02288e8a6dd1ab686334df08a49ece9892f3
officehome_convnext_frozen__split07__seed3,0.15,12,53a61662cfec82469f7ed14637badb7f0a532414438047a89814733550a2b66a
officehome_convnext_frozen__split07__seed3,0.2,12,083f945b269aac35bd9a957ffca48b4af897a1386c0430cd4a8d92a728b5138c
officehome_convnext_frozen__split07__seed3,0.25,12,24fcd6ef187e0f72482feba5ab2402a2f6a3718d579fcffa7461be79e4441e24
officehome_convnext_frozen__split07__seed3,0.3,12,7399044edda81ad0600b7dfabeae350681750621ff59bca6cc17c475e1671d94
officehome_convnext_frozen__split07__seed4,0.05,12,408ea9eadd5f9c4581d4a24cf806d1d998132b4ea2b53268b3479434500b25bf
officehome_convnext_frozen__split07__seed4,0.1,12,6b5298c396d6983d65fdfad2ae50a0367c78fd53d203832967b13109e4df9e77
officehome_convnext_frozen__split07__seed4,0.15,12,108c0683c33b2a789c232208c67476459c8066e4750a7ef7538602fca4f0cece
officehome_convnext_frozen__split07__seed4,0.2,12,59d466e611da92be1411886b951fce2e633469eeee2fd0fa9f2b9c4360a2dfae
officehome_convnext_frozen__split07__seed4,0.25,12,e926b0587307a22ca172c87d2b9dc1c8a6cf60f5b73649a9b627472f6db20885
officehome_convnext_frozen__split07__seed4,0.3,12,9c8a74aea4eb7a100d422bba312c261e4ba75da1b212588c5bee1b0ed345a460
officehome_convnext_frozen__split08__seed0,0.05,12,87d79a3913cc4887f839efa9f196152773492ed4703affbba9002b128b34d192
officehome_convnext_frozen__split08__seed0,0.1,12,f95f12b558237b5fbe72e58d7ddf6b806f9b7c32eea2f5c363e62f2a4788ba1a
officehome_convnext_frozen__split08__seed0,0.15,12,98a6b812078cd3741f24f6e5d4a0c146ee69f55bf1d278b28df40f7f6cd737a3
officehome_convnext_frozen__split08__seed0,0.2,12,2af24da1b7377f039bdca39aba972ddbd58ba242458e804cb64867c4949c1cc4
officehome_convnext_frozen__split08__seed0,0.25,12,ec2c7d881aa21db8c7286ec172f94813427dcc6c2300b4d5ca5d47d8f0a0545c
officehome_convnext_frozen__split08__seed0,0.3,12,b83550c331929354a100c8b57b3ae5cd39bdf2bc1b4bfbb7505edbb43ff0c781
officehome_convnext_frozen__split08__seed1,0.05,12,8ce3fd09ca256faf3e37ca1b84dd7c7e10f228a98562163fc578d29ed490d992
officehome_convnext_frozen__split08__seed1,0.1,12,94892f62e2ce8622d5f41b40fd7e71bfa8607f8a434c23d180797ce92c786334
officehome_convnext_frozen__split08__seed1,0.15,12,af5b3823c7f526937167640edf86a9c2bcfd4a718e1ec01e66b240687a5f7a2d
officehome_convnext_frozen__split08__seed1,0.2,12,19fc655a1b53ff5436d03abc2c516d752dbfcafbaba3ad8a5da288f6b257c21f
officehome_convnext_frozen__split08__seed1,0.25,12,bb87f9f536414f12ad0a48005d9ce2bbb5b350efcd2d795f867a9403027f9b0f
officehome_convnext_frozen__split08__seed1,0.3,12,3f032a1eef6e28f9b451752156980d37e12b5c4b159ead2079923d5d63abc09b
officehome_convnext_frozen__split08__seed2,0.05,12,63098bca9865d23d1ddac3dcbfeb16b185308a5d09fabc436ea295b7e2f583e7
officehome_convnext_frozen__split08__seed2,0.1,12,8d765a52c9ed50c4af5bf257e41c90b37906f1d948a94424802a089b8b97f035
officehome_convnext_frozen__split08__seed2,0.15,12,d9a3c9865b1809e7f709e5942bc6333ef3326da18dad37c51ed123d1f5e99641
officehome_convnext_frozen__split08__seed2,0.2,12,5f4bbb0616beb55fc2487fb7d14b565691a122d3be29796f5384ce5115e5adb5
officehome_convnext_frozen__split08__seed2,0.25,12,9faf231f2239522dfd149b41df2c316d3d9d60202efd17d98dc19560fa50a88b
officehome_convnext_frozen__split08__seed2,0.3,12,1065c7223db3fc890ed323c01d3cce729e00e47f593a3e1e863c930a9123d198
officehome_convnext_frozen__split08__seed3,0.05,12,05d7f690c3a169505e56522347a5feacfa9a104fcb76670843314e966c5151fa
officehome_convnext_frozen__split08__seed3,0.1,12,0cc65a879d4f037f2b5c186991c22da1a52ff18d55761411bf489e457181f46d
officehome_convnext_frozen__split08__seed3,0.15,12,88f642a792e4e8f316e3a9e3dc94a2c6b5576c34abf740fa597a159e29939f89
officehome_convnext_frozen__split08__seed3,0.2,12,49e1597195e3d07d7baeafd2e82ebe72af23ebb493742d07a437507ffd8bf1db
officehome_convnext_frozen__split08__seed3,0.25,12,e89ffd25a245f5ccbaeb0932a9323070c537b0bcc4d7eb4bee85ff6bd8596053
officehome_convnext_frozen__split08__seed3,0.3,12,569284ef07cea13f7be9896f64b6422fb20d3df6425dbbf191a205b4ee43308d
officehome_convnext_frozen__split08__seed4,0.05,12,2a2ef85e15b9c70272c75bbedcfb82d927a3da8dca2a1c90c5edde723dc406ca
officehome_convnext_frozen__split08__seed4,0.1,12,aeb726c9c34265d2722ef829878654b71522fb8ce6929b703d05e60c07df3a29
officehome_convnext_frozen__split08__seed4,0.15,12,d506184921e88e3ca9c9ae5db22dcde8054f24e9ac596073c579892c3590fe9b
officehome_convnext_frozen__split08__seed4,0.2,12,44fae92ada54358311c74481686b7801e7f4f74dbaa2040f561d14ce49a836f3
officehome_convnext_frozen__split08__seed4,0.25,12,3f9cc97d5f5947de0bc3634fc83355939cf871908edb3814209fb50de3115a35
officehome_convnext_frozen__split08__seed4,0.3,12,f29a2eb198c87af03e18bca8ce221315b65d558cedc3c510d12d27c7b8ea337c
officehome_convnext_frozen__split09__seed0,0.05,12,c3924ca652bbcf5d6a0e3e4727352e1332c3e390358e98792de6282c2c55c0c1
officehome_convnext_frozen__split09__seed0,0.1,12,ed7c789e7c261510bbe666e851968e5b8ec61c14d1afff19073924f2f5b7088c
officehome_convnext_frozen__split09__seed0,0.15,12,46e9209f21178b39cdbf377b02e7f422f24d2c277a93b386b204d53a6c312ad7
officehome_convnext_frozen__split09__seed0,0.2,12,4d790d19c47060a08b3ed6ee25b6931bd8fde32f72cf2441ee3a84c68fc44dde
officehome_convnext_frozen__split09__seed0,0.25,12,8d91b3ccbe4f30380045ca06a5fa8026ab748853f3a7d9836b4e965d37928d7e
officehome_convnext_frozen__split09__seed0,0.3,12,d241276149c335ab69bd5a3c7a2f1b95f75b324ba5f4ce5db0a1bf0306d56c8a
officehome_convnext_frozen__split09__seed1,0.05,12,2596664b893ebb19a9b285297c88e98d2ccce70d531217d3cdcd2efd1a90409d
officehome_convnext_frozen__split09__seed1,0.1,12,84e0cc8dc7cc7bf72d5755c302c8521af4bdaae8e85e009c1e034a69353f2c45
officehome_convnext_frozen__split09__seed1,0.15,12,48d6f3aeca64cb62837339871274265a2a60eabd7b29dbdac652c6a55a6913ef
officehome_convnext_frozen__split09__seed1,0.2,12,8a6c64614bdb5163e48fb5f5dd0111854641e5daa04aabd29b77239cbd097834
officehome_convnext_frozen__split09__seed1,0.25,12,53cdf8e937e76ea0b6a36d267e0c3abf151cc78e79202b29d1dc97289cf9e8ec
officehome_convnext_frozen__split09__seed1,0.3,12,d84ce7b75ffbded9ca312d262a9c986e336047b6fca200791e8f4445c1b231d6
officehome_convnext_frozen__split09__seed2,0.05,12,23dd88b4c170c7005abd4cdb8f6ada75018691efc1bf9ab2ae83c5b963f6de92
officehome_convnext_frozen__split09__seed2,0.1,12,567abe9d6f4c9ae5007927d6b488c1bdb0ab72eb9d4f40c8f719407b120bb61c
officehome_convnext_frozen__split09__seed2,0.15,12,30d96a2bc78a3b5b23da5dc0875821584c23acbd3b9d6aa1c6340ec0137efe61
officehome_convnext_frozen__split09__seed2,0.2,12,d7256e909400864b34a4d4369c741d7c84b7564ee0d6c87d0ab96d92a521effc
officehome_convnext_frozen__split09__seed2,0.25,12,06858c0ba5ffa7c39f7c2bbe81712b7ea75dbd8c59cf52ae18877f4861bd09a2
officehome_convnext_frozen__split09__seed2,0.3,12,15b4fbdb88a28898d6cc7cb40774008b7d15f8bf7b154962bd6323d896725758
officehome_convnext_frozen__split09__seed3,0.05,12,37c5aba78e6f251cbf59acd6f0bb44c9cd9e04039f31875db449ba605cb3990d
officehome_convnext_frozen__split09__seed3,0.1,12,e1da4ac4b0fa0ab460194491dd8bc6c5fe42701fe3c197edf55089f6be48df44
officehome_convnext_frozen__split09__seed3,0.15,12,a359dd0e205fe9cbe71a366abe6c7f445a2555d651a77188f4d0fd70cb07f664
officehome_convnext_frozen__split09__seed3,0.2,12,3d08a376e49225c35af533f2d171cbdd558987cd92107e69cc5bab37429da840
officehome_convnext_frozen__split09__seed3,0.25,12,1dd3a1f8fe227ea0dd496965b2d2587227b2cda4a14ac822ad314a4dce471f3a
officehome_convnext_frozen__split09__seed3,0.3,12,d71ea254a61c47e5ab83ee3240a5ca210f94e5fb7d82a0b5ec57dc6366137ed6
officehome_convnext_frozen__split09__seed4,0.05,12,cd1f9ace80c63d2ff8d4376a067348adbb640ce3164fcdb0ce0b493698948d23
officehome_convnext_frozen__split09__seed4,0.1,12,d98a30b31913f203b0f8ee5380b2246f6346e6f017890d68046adced35466cf4
officehome_convnext_frozen__split09__seed4,0.15,12,db03f693e91d87b4e663f8ada71d4702c33cd30c705806d94739127ccb4a2191
officehome_convnext_frozen__split09__seed4,0.2,12,e958927c5194d20ea8635b9e5fef92e3a30fed8a10cf2c8b3b287cf7e031ece7
officehome_convnext_frozen__split09__seed4,0.25,12,b8f850a11f5b35a897e1b3e97536b0b185f1307af514c78b691b9baea0a66203
officehome_convnext_frozen__split09__seed4,0.3,12,efaffa4bcc306223567f1f613341f054415960e3b995b07aba5be5e4ca39671d
officehome_convnext_full__split00__seed0,0.05,12,1008250a60f6f19aeb255a17f7021985d4ef6c596f50f6261ec09062efaafd35
officehome_convnext_full__split00__seed0,0.1,12,962510dfcfe5aeb84e5996fbc108eede4df039989a335f7f95eab21fe8c8105e
officehome_convnext_full__split00__seed0,0.15,12,7379f4ee752e3f4fe5474c46b548e4318b1107fb73db413f6e6b6a6855b1a893
officehome_convnext_full__split00__seed0,0.2,12,1e1e13dd03de7b232e8280dad3c2d95bd5bf3930131c123900a9fee31af07ca8
officehome_convnext_full__split00__seed0,0.25,12,2e18b00bf03a498e5136e21b676b86f944191ce4a12b60b06c4b8db9413f347f
officehome_convnext_full__split00__seed0,0.3,12,04a0ebb0ffea8cfa7a3b7480a8bde5415e9b2ad9f51055cc7d3b363c93ab0ef0
officehome_convnext_full__split00__seed1,0.05,12,40d7a327307a7ce00ec08da9c5717ff8513000165de47f317d3009e84cd86b23
officehome_convnext_full__split00__seed1,0.1,12,83c25517e0bac171525c3f4268df9d5f1b3eaf43d4d5819e53f1112475cfc6f4
officehome_convnext_full__split00__seed1,0.15,12,9f22e7f02a77b581f41b61faab7bdf0da6495fc508d94265cdd4f946d7998354
officehome_convnext_full__split00__seed1,0.2,12,56a6252898a796c18da1670f6e06580d05fe182c0045f0e73ac48c5a7fbad6a7
officehome_convnext_full__split00__seed1,0.25,12,8ed9b336a4a1ea2331469439e8f69a6d264adf6a7a1ad906ef7a346e292823c0
officehome_convnext_full__split00__seed1,0.3,12,baf3434cfacc793ec4fa25d6b60ce2a3e81a15a4f4c9fd30a0cf39c7e1e34d41
officehome_convnext_full__split00__seed2,0.05,12,0525f84f96c9db6e3a2de2e6aff48b024a476cab94e89579d130123b6310f3c5
officehome_convnext_full__split00__seed2,0.1,12,e49d0b757a7b7db28778508eb8b6d4997603ccb850107dd9701c838a6f0d8c07
officehome_convnext_full__split00__seed2,0.15,12,ae6983ac17da801d979c483feb9895ee6392a93685296136140d3422e34febe5
officehome_convnext_full__split00__seed2,0.2,12,45d3dad21948703b9329415d1329b7217bfc39591d67245dba6e3da3851cf4f2
officehome_convnext_full__split00__seed2,0.25,12,788b23a4d3ca4594e84d189bb2625cc8246694df0d34af0c0533e3042d602885
officehome_convnext_full__split00__seed2,0.3,12,e390d64c426a13050671335df51f539653159087778d43694259cec1517c43de
officehome_convnext_full__split00__seed3,0.05,12,cb3c631641810f8eb4603afd3930b7ebf1027702755df86c30c7a4e02d594894
officehome_convnext_full__split00__seed3,0.1,12,31edbdcbecdfdeadbabef39fa29d858bbdb4d620188a6fd9a25ab6ac6646ae58
officehome_convnext_full__split00__seed3,0.15,12,62cd0e70ee8fe0feb3c6ffd48542d0ff9ee347cf79f919ec11aad79c08ca3183
officehome_convnext_full__split00__seed3,0.2,12,91c9bb2175d35dac641b9e6b616cbe500748b2394e433b2ee9aa2fdb80895d98
officehome_convnext_full__split00__seed3,0.25,12,3cd0a4a64f5477303bd06fc512fcf495bd1cd8d685e4cd44d88043da35b71891
officehome_convnext_full__split00__seed3,0.3,12,7b1ad3a543007add2c659e372b7d3651d2ea5c4aa84a45b76c9ee344b6897727
officehome_convnext_full__split00__seed4,0.05,12,501481866527c74c5b996715814010e6205b2c0512ae22cd0f7867d18d693a81
officehome_convnext_full__split00__seed4,0.1,12,5f63a4382111597a2541fc4bbca7c59e7ef9165140d1d028f695af58ac4eb526
officehome_convnext_full__split00__seed4,0.15,12,7d164b2811995c31c0393ecae60242d2af1a826ae4553bd415213c8729fecc92
officehome_convnext_full__split00__seed4,0.2,12,081e928a7aa187744ee62ff22723f9f4aff976796f733f8cd574d029f1781a04
officehome_convnext_full__split00__seed4,0.25,12,61cac99e25f2f4481d95a0e91af822ffaf8b5c24552e540d8f7d55937c19c176
officehome_convnext_full__split00__seed4,0.3,12,a5517bdf3365becceb8dc16f16ff06620ce57116943ef6eabd0be9acc2559996
officehome_convnext_full__split01__seed0,0.05,12,dba5716ef1f91db0663ef6123a4b0c2edece727a2e4d6fcd153883cdfb15b604
officehome_convnext_full__split01__seed0,0.1,12,385cd61a0e443a2ffb4f4e6ae99dd2a997197cc1bb36443fd7daf355237dac82
officehome_convnext_full__split01__seed0,0.15,12,422de9b76042c24084b43158263aa77621aa5642aac7bfb5041de4a72bf97790
officehome_convnext_full__split01__seed0,0.2,12,f8d1b7719143204c02624a4396c215517b6834dedc0a448d977d75babb74e76e
officehome_convnext_full__split01__seed0,0.25,12,db850d3318b2ab45024d47d575bd760568c9e866a5346ae9be4d10f50b0a1c85
officehome_convnext_full__split01__seed0,0.3,12,2c8a37e879065ab440b4d423c74ea60bb3af8a983a4781857ef0cc117aa2ac3b
officehome_convnext_full__split01__seed1,0.05,12,e24e17c1f1e047799b25c615089d6367f123ae38d0b03bc344d5c3176237f233
officehome_convnext_full__split01__seed1,0.1,12,1262d277d90f816c08f83a491efe2b221f7e068b87b4c68e097ba3f618f45186
officehome_convnext_full__split01__seed1,0.15,12,cb1d7a4860db34f3ddd052c6ceacd7febde28505c9d5891fb7be0f5bd6b545fe
officehome_convnext_full__split01__seed1,0.2,12,af446593997935c65e2fe04ac27b5ceb9ba51e33c1694a2ab79139015f3d7283
officehome_convnext_full__split01__seed1,0.25,12,23125374ffd71b4f7dc40541dc4e22fcf09257968cf47d8dd3552ba9d47a4986
officehome_convnext_full__split01__seed1,0.3,12,874201e6d9f81ad25f64cfb7ddcf892f2f0c18dfb4049b4ebd4f2e2f8a64d476
officehome_convnext_full__split01__seed2,0.05,12,f08162516d08829979563b49cf33893572c5952212512e8448a6566025852dc6
officehome_convnext_full__split01__seed2,0.1,12,116b9d3f79674990d4a63e4c0c8f9c53491b82f911873d54301dbc95362a632e
officehome_convnext_full__split01__seed2,0.15,12,f58bb36d01de72c0119a7d59b871e1ef004219dd65601145f97a60e8b25fd646
officehome_convnext_full__split01__seed2,0.2,12,bb73c2322e4fcd5ca39ea0012394dfaa2de3a5e91889497f358db25491331623
officehome_convnext_full__split01__seed2,0.25,12,180ae5eb365580cf6f88db1b39df0153a73f363ad0f22dba5ffbb7204d279a5c
officehome_convnext_full__split01__seed2,0.3,12,adcda81ff217190d82ea6ddb1643812122ac0b112e104304c9c6ffce9e6f38de
officehome_convnext_full__split01__seed3,0.05,12,78cd18f1afc7e08589ba558928fc562b539bd4926b9fc1943f296de0e6e9091d
officehome_convnext_full__split01__seed3,0.1,12,360298dce46576b5e472f5b585c1e41942185ab202a9516d491d353b1995b168
officehome_convnext_full__split01__seed3,0.15,12,b96b9f98d3b4e1b15b3ce3492362629305be92cc49616b7fecfb51ed9bbd0894
officehome_convnext_full__split01__seed3,0.2,12,2601a7be7758c07f18d5b1c592aa8b7f037a935f4d704247a29bd00dc7a8663d
officehome_convnext_full__split01__seed3,0.25,12,30bb915c48eb69f06bb14938360f2a7769637d8b48ad5ae2f244f9246dcae224
officehome_convnext_full__split01__seed3,0.3,12,7d0535270e94c7ce712118db2c2b12fa098aeb50793b811736f90cae5c86a71d
officehome_convnext_full__split01__seed4,0.05,12,c6c86570600308604ab540789e090e2579648a8d5705d7ee069909b818dce366
officehome_convnext_full__split01__seed4,0.1,12,9ffce046fb74eeb56c1beee1775784d158881beaf060bd77e5901d70231f9dc7
officehome_convnext_full__split01__seed4,0.15,12,8f61d47fce35a09a6ca7b4f0869173fdcdfee518a683cc5e711ae4d7abc5c8af
officehome_convnext_full__split01__seed4,0.2,12,1a5d0148c193942fcd03a3f95b7adb252b6253e0d906ab99e5f7d9c94a23eac3
officehome_convnext_full__split01__seed4,0.25,12,79e76434684b71fd23a0c1ddad791bc51a728c56282e5bf3f6c9d2dc49654ca5
officehome_convnext_full__split01__seed4,0.3,12,12f5b014e3184654ac1abf8b27b7ca49e9ca62147d7566a28e22ef24c87f29c3
officehome_convnext_full__split02__seed0,0.05,12,6310fd005fc566e8f71d9d211feb0950180b3ddf2c4b584ce85a99e97bf01d9d
officehome_convnext_full__split02__seed0,0.1,12,38eaae2ea6933d06370a72763572a5abafca9173a7f70eed95fd2292f2bf9369
officehome_convnext_full__split02__seed0,0.15,12,a0dcd36803760f71981c708acee29221323ba59f73c532fec661a5e319d6e6be
officehome_convnext_full__split02__seed0,0.2,12,8097ff8ec83e8d0aba220dcf5145efd68d8d51321204ca6d1681bfc08a40635d
officehome_convnext_full__split02__seed0,0.25,12,d5980890621df07d38748f9bd445d51cdf4e5314197b4d6ec8eaf29a6f04db13
officehome_convnext_full__split02__seed0,0.3,12,9a5bc2f822023276c8acfeed95d4a9a2854e6250de8b1f1561513d1da7e4c3f2
officehome_convnext_full__split02__seed1,0.05,12,40a59c15c6e239b67ffe5b220c5958cd42937fc6a04ab513b9e2f2142d63266d
officehome_convnext_full__split02__seed1,0.1,12,e07f8df42d14710d90247cd6c94d4ce50bcf850775c3bf1c937ac55f07452723
officehome_convnext_full__split02__seed1,0.15,12,3a4d9e0e9d74c3f91916597b8463bffa6e4f622416d66fca0ec424d0e73f0f9d
officehome_convnext_full__split02__seed1,0.2,12,87e152882f6dc5af8c450e8cd523a784c62e4f5e4859229f810ceb792783b74c
officehome_convnext_full__split02__seed1,0.25,12,0e5f8ec8cec48aef679ed5c6815d3f0972ae54cb3d03ea5f49c16fc651504f9f
officehome_convnext_full__split02__seed1,0.3,12,9cf2b89394c3a94c161d6d27ab259b3b0c9a22fa86f59986e345e7c956977fd9
officehome_convnext_full__split02__seed2,0.05,12,0d726e113515d8052288cfbefc2b97b887037f42ba2afc1cf9df48b89499e66f
officehome_convnext_full__split02__seed2,0.1,12,94ce20a717bcfd240f05d9a920e1bf5401aa90535f86e80fa5125247521cae00
officehome_convnext_full__split02__seed2,0.15,12,74cd82ab144a532fa7ab1c0e0ac16d75e696825e4c3d3016feb99555cee595b4
officehome_convnext_full__split02__seed2,0.2,12,29dfc0c808930a5de4e8be88c9e17f320413ed0bf90c10ea10141bc5a424a971
officehome_convnext_full__split02__seed2,0.25,12,b1f9a55cd49e58101f725b0f772d8aaadd0030d9e27122c6df22207996a1f678
officehome_convnext_full__split02__seed2,0.3,12,1a253867e256fa21570b77cafe0f123db87120571f8637f8ceceb54f0478c873
officehome_convnext_full__split02__seed3,0.05,12,343ec330617c2ed5b7dac1848897f0db66da1443efdccaa5a1d2a64b2ecbaa5c
officehome_convnext_full__split02__seed3,0.1,12,1b0997209cd7cf6686c7f4917240a939971ccc9c9450ea712da13a11cc1a758a
officehome_convnext_full__split02__seed3,0.15,12,b1f4de6d4a52100d7ea66928562e7c73605cbd799b1ec459002b2c8447ece706
officehome_convnext_full__split02__seed3,0.2,12,633ae73753a7dda6a635be364a013f9acc7ab6ad0466d743961e90e88d1f2048
officehome_convnext_full__split02__seed3,0.25,12,49b34082886bceb08de50ca0939161094bae82c45692d97b39eff86c9028675f
officehome_convnext_full__split02__seed3,0.3,12,ab47e81bca37495608b54f880ea92b0a351050c65f55949f9c30b815147a78fb
officehome_convnext_full__split02__seed4,0.05,12,4cedf1a42f53a39ddf3ef02efa8d96e228d5a0a7c39b39ebe0ffdbf5daa46482
officehome_convnext_full__split02__seed4,0.1,12,91053a90d52163cdef163c008d1f9e326fd633073fd9b92e72f13c8043b86fe2
officehome_convnext_full__split02__seed4,0.15,12,184b9daf7f258b29c1d6e3b6c8ad39ba3d84cc2a9cf0ce27e4581085a1394b72
officehome_convnext_full__split02__seed4,0.2,12,85f2255c14c36108465a523820750d4fbaec4ef2d3037a8fcc63e3dcf1a3ed22
officehome_convnext_full__split02__seed4,0.25,12,98b9e3e92c2780dd69eaf751d1d398a7721a80436562b33397a3395003f21d88
officehome_convnext_full__split02__seed4,0.3,12,c29378e64b46f2167b715dfa24205d933f5e8179ed77761594e126fbd1c9bc04
officehome_convnext_full__split03__seed0,0.05,12,2cda69f3753eb4f7f4d396737f01cc506473168936a77bb7dad27f634b9bdec0
officehome_convnext_full__split03__seed0,0.1,12,b3e682883b39f20d1491ba96e195268c649e3d2637d89577aa71b0ba23a353c1
officehome_convnext_full__split03__seed0,0.15,12,ef54c37fa8afc42508818b8839f171883c8b765339cfc1a49657fcdd6630aec7
officehome_convnext_full__split03__seed0,0.2,12,a9c5e4916b71a708b4f941a02fe0c67b76376c4b9bb5337a6ecd8d89a63b1caa
officehome_convnext_full__split03__seed0,0.25,12,541b2b8dcbb928ed5b121098cf7cf94ee8c073edf8c519dcc068fb27313ce38a
officehome_convnext_full__split03__seed0,0.3,12,e20d011e77783c453d044bee909d01f5e2c7c402c56e056fdcf13639c063bf6f
officehome_convnext_full__split03__seed1,0.05,12,63375691c2745066e59f81dc78707f9f636d19f44c4c777a4d76ced268280fcb
officehome_convnext_full__split03__seed1,0.1,12,d9581cdbb4f403275335acbab2c4a9d4ee635c3bd7bd5f286d15e7d4bc3eec3f
officehome_convnext_full__split03__seed1,0.15,12,261f58e1fc1afbfdb4c68630074486c7766b7eca1781d49f771d22d1cdc92ff6
officehome_convnext_full__split03__seed1,0.2,12,bc540875f9d6e2c2fbf5391ad9af343650c11c747352f064431f6d4b1204effa
officehome_convnext_full__split03__seed1,0.25,12,123799c140e4b10d9eb2dffc778f2ad0bcc12e65db60410a757f8f90374965dd
officehome_convnext_full__split03__seed1,0.3,12,5b5e33518e8f5de28671f6e453e3df18dc65fdf1235c84d2af69645083e71977
officehome_convnext_full__split03__seed2,0.05,12,cec6c81e0e978de2ccfe09fcde091afc55c2b50533164b2a7c05510165246956
officehome_convnext_full__split03__seed2,0.1,12,354c39fac0f78672d23bbb0ecdda6102968cff3c0475ae2c09fcfda195771286
officehome_convnext_full__split03__seed2,0.15,12,53c04736cb65596c81073cb9e56a5446566c9556b4b854bc2bfc56d49b123bce
officehome_convnext_full__split03__seed2,0.2,12,e387c481e7433984ef9577781350f7e13c7290b3f0e85ad6c38f8ab880289187
officehome_convnext_full__split03__seed2,0.25,12,143164230282a9a58279e52dc15d016e817483b53dee9877b4b96481cc35d5ed
officehome_convnext_full__split03__seed2,0.3,12,09c3997cc518e49cee44ae8cf40f84933f59b0e922904ee885ffe5090633a4cf
officehome_convnext_full__split03__seed3,0.05,12,f869ece769a4dd160c5c7e74dc48346a773cde8b5542c29a7a55bdbafc2e1c89
officehome_convnext_full__split03__seed3,0.1,12,cec9d71e3898340627f30bf1f4c2273af2a33f78f024130a1e251c7467130d7d
officehome_convnext_full__split03__seed3,0.15,12,2c0da62996dc22d7eae2a18a9909621754205867d0864b6dea0bce5ccdb436e6
officehome_convnext_full__split03__seed3,0.2,12,38bfc14ac0dbd9b7fd5cff0b1329f12f8997970e6e2f1a82ae5def87d781bf24
officehome_convnext_full__split03__seed3,0.25,12,85c67a98983b52fc1df4b42a0a0901686a6c58cbf61062cab30864ca7200a119
officehome_convnext_full__split03__seed3,0.3,12,953f5f86c10c45d9e07cc7b1aee7393eac44160bd7a66eb9068955a3949c79da
officehome_convnext_full__split03__seed4,0.05,12,6dd54667c6cab71f6f67bfca359528d51d091d05cf61bf00bc292691f9d8f491
officehome_convnext_full__split03__seed4,0.1,12,543423f6a6384a4e96401944cd5420c8265c31208c7f554061f476d909e4e335
officehome_convnext_full__split03__seed4,0.15,12,63b782b6f6e73efbaad2512b64f3a3a6a97d707ca00ca74d6dfd7b06ae235f86
officehome_convnext_full__split03__seed4,0.2,12,fe1642330442e6752825f4d240ccf63dcb6d594685010e6818fd46b63cad3427
officehome_convnext_full__split03__seed4,0.25,12,37351a0b2ca073921a789bcccc808139abccd5a8fc2da4e947f98ffe883df3a5
officehome_convnext_full__split03__seed4,0.3,12,225075eb91cc365f7c07f8d7f99a32e1d3feffface0bbdf811cb03ee3d5ef0b4
officehome_convnext_full__split04__seed0,0.05,12,c7b17159e5f816bdae781903ab78cee9ee0c181e557be6b2a6d02063e846c35c
officehome_convnext_full__split04__seed0,0.1,12,2b565328da3c62dd81a8f7d69c4f56106ed1d457f934cbfcec31fa973d04e728
officehome_convnext_full__split04__seed0,0.15,12,04a7c74976daf841a7543e35f4d5ae195f391a60d2642bb238fcfcda10a6938c
officehome_convnext_full__split04__seed0,0.2,12,a89e169f3c0fc53e1766169ed457805a140550c7c2d9af0a41c92617d34371d0
officehome_convnext_full__split04__seed0,0.25,12,68ff829561fd0e8433870cb4bf9f566793549e691309ccc768fa581c7aad6891
officehome_convnext_full__split04__seed0,0.3,12,dc81b464221ec68fc8867b603bc75d422bf845045d9115adad9c0ff8932956e7
officehome_convnext_full__split04__seed1,0.05,12,f4d989f7683eef65f4dd70061fc6b05d9e4b259ebf52b9529233921cdd9c4678
officehome_convnext_full__split04__seed1,0.1,12,7eb5cc92a79221f98df148f4b8f88595fdc7ab7a550435134515778ad918c826
officehome_convnext_full__split04__seed1,0.15,12,99b4b503705bcb2e0add85ceb3ff3d66b5a4910b1cf595e1e9394e5053465829
officehome_convnext_full__split04__seed1,0.2,12,19c26fbbf0563148c957099f05d9c5882bb9b2306162f2bc662ff42e33145a48
officehome_convnext_full__split04__seed1,0.25,12,ac8d768fe90c30d9397b7ec47dfa3979ca403e3ce30d882db18ae885287827c7
officehome_convnext_full__split04__seed1,0.3,12,f4a24156cf5cc32cd0fbd95265523c3648c7dec6616d4f302514976710bc55a5
officehome_convnext_full__split04__seed2,0.05,12,9b8bc3b9b2abac22e14912e8257af8322ac170dda7a20b22aba889826f76452e
officehome_convnext_full__split04__seed2,0.1,12,3131f2289523dc7f06f88881bc36b0256542a72a23ff86f586eae50719db6d47
officehome_convnext_full__split04__seed2,0.15,12,6f4f2fd0cde6a8035463792d944d119560db209318235e191f19a07f06964f9c
officehome_convnext_full__split04__seed2,0.2,12,014312008800b222d3f4e55c3a0f70b801e3dfd6727bf26419891c963887926f
officehome_convnext_full__split04__seed2,0.25,12,0e367facfd3b87ca72ab5b0390497d02e7db6d59a82745a2358c34ef2b2030a1
officehome_convnext_full__split04__seed2,0.3,12,92a80163483574eb312f23c2f976a7dc30b049786e3e7260ba1b57224bcdeb70
officehome_convnext_full__split04__seed3,0.05,12,7818e3be1a5f85b9f0285145bb9cc8e2b9441976e01bb7015678cb6cbb4e20be
officehome_convnext_full__split04__seed3,0.1,12,88a1a3911097729cc7d145100f37ab89d034cebde998f54c7457f8313fdfbdad
officehome_convnext_full__split04__seed3,0.15,12,4a161e308621959144462187c267ce931fa7f4bb2fac156eb09841aefb6c71b6
officehome_convnext_full__split04__seed3,0.2,12,8ac6caeacac79da21a33d72bc262e3d4cf689d6a2b36c90cfcb20c85b2a4cc81
officehome_convnext_full__split04__seed3,0.25,12,c10f0fd4d0fc254286afbd825649f04f53198834b7f2c1f297808cbb94a7bf38
officehome_convnext_full__split04__seed3,0.3,12,215e83b8f9f0502a516035f8e57889c5119274f1868a873b3d50d87a029e7f81
officehome_convnext_full__split04__seed4,0.05,12,bc81cdd24c419324a2aba79faf674ac648081a966e0dec6359f7b4ded8944883
officehome_convnext_full__split04__seed4,0.1,12,b7ceb4a6e82d696be49fb2abddbcbdbe93ba49916343eb66bbf32eeebb5fd0cd
officehome_convnext_full__split04__seed4,0.15,12,35243ecf4047c1137a05085c29f46945d2b2bf661cff6e4f0160d655f8676de0
officehome_convnext_full__split04__seed4,0.2,12,b35401f9755cdde7a081ed830f8ff74b2dbce5462d8ea332339f1570c231883a
officehome_convnext_full__split04__seed4,0.25,12,0391f9443c417503ef4ff35e41aa0da70ff907ce311aad2bd7cba731d546ce88
officehome_convnext_full__split04__seed4,0.3,12,9963e1c5e4e1b994f6aa89da2bee85a08f8d48c4b59c0c599e2ad49360670d95
officehome_convnext_full__split05__seed0,0.05,12,1c4810630d43bf4418ccb51e345b44a4a1a96f1bd95e7c650290aefbdbb5f9ae
officehome_convnext_full__split05__seed0,0.1,12,01d4ab9a54201b3e556fd97e20c3982c856f7e1226fb9071d0705b6fefcf1886
officehome_convnext_full__split05__seed0,0.15,12,4b337eea31dad189447731de1f58d5198f66e0c9accd00826d52facb710ee010
officehome_convnext_full__split05__seed0,0.2,12,5be39b8c99097512558b642b0673246da4318450ba89d17c4cbe165840deb3ff
officehome_convnext_full__split05__seed0,0.25,12,3697f12881fd6ff3fed672402df39a8d2ff8257260cbd454d3682f089885df9e
officehome_convnext_full__split05__seed0,0.3,12,6818714a5fc193370c0b6f749f0a519d08bc43688cde02123cab7377159cf31a
officehome_convnext_full__split05__seed1,0.05,12,a70224a6cf556fd13608aa2ff575b3c3f80836b41d3144c6136bbfd5c1b4f23f
officehome_convnext_full__split05__seed1,0.1,12,2161a15b9dfb59800f343e9e2b1bc359983bf498cedafda42fad0d76beaeb554
officehome_convnext_full__split05__seed1,0.15,12,358705f10c1448dc5b711393b3729287ff93a6b37c91127bd2c41418095d9f72
officehome_convnext_full__split05__seed1,0.2,12,ec75b5ca40840eb3d978405d8312306b2e724a0327ad7a6abf4e37ed89c7294d
officehome_convnext_full__split05__seed1,0.25,12,0c26d30a031e95bad9e2196dbb2752b509a8e6233cd30992194a48ca8b6a9243
officehome_convnext_full__split05__seed1,0.3,12,b4bc93173b571a7348a8fa78daee10cd797c9a875d0ab546f1da78e662309a93
officehome_convnext_full__split05__seed2,0.05,12,84c8c12c0807987b5ff86a294c046d5ebaa72b9d4dc81ce8ce03a249ace0e0b4
officehome_convnext_full__split05__seed2,0.1,12,4f6b2f7fb788c34b006a73127577b915056875fb9cb5123c95c9e97e54fab391
officehome_convnext_full__split05__seed2,0.15,12,2869db23cc43087caebb15511f0aa93f5d2f895d9df8dec9aa7a29aecc806f27
officehome_convnext_full__split05__seed2,0.2,12,c9d5a502a330b0b9993823f59474286a4c5630206d842dbf26ea718ac383f3f6
officehome_convnext_full__split05__seed2,0.25,12,9f3565fb2f6ab1f58c1a74737ed9e43588624886b757945f96381ef13e4550dc
officehome_convnext_full__split05__seed2,0.3,12,d0bfebedf4066d06f17a0e74e773fdf3e9bb1a866d675881085251f7ece99e57
officehome_convnext_full__split05__seed3,0.05,12,bf572fea58c6527eae469014cd76c41f6dd8ab8acb646ff4cc07929024dc8416
officehome_convnext_full__split05__seed3,0.1,12,4c683180b2ef1b2ac5b9f8824098cac83933e4a60dcac49ced471d95199e75b6
officehome_convnext_full__split05__seed3,0.15,12,1fef2265acb5454332883892c3784e2d092851a3171d7fd8dd2c81a9262f4f5a
officehome_convnext_full__split05__seed3,0.2,12,dc8ba66d0f3edb74bf0a8bcfbd92dda463ae381e6eb9d64eb88693336f93ac1f
officehome_convnext_full__split05__seed3,0.25,12,dbcfbd863229f1a09988399559bca96b886fcc4b3d7642c8e87f6678a5541135
officehome_convnext_full__split05__seed3,0.3,12,9e84cfd18532494de9d0777734b1e04da315ebed8db4859308665731b8a6850d
officehome_convnext_full__split05__seed4,0.05,12,d6bcfacd69c5db43d37ee59358b886b9330225abe4e921a7cec95ad35101fde9
officehome_convnext_full__split05__seed4,0.1,12,bc1565456b3a470a5671698be65a26f1047952b2f827f086de2d116890cfce40
officehome_convnext_full__split05__seed4,0.15,12,5fc0cde959ccd8aefe5354419ba2e17606fb2bd7ab0be62cc91c48dd95b8a701
officehome_convnext_full__split05__seed4,0.2,12,1c8fd8e9c55b1490822100bde0fceb2baf9324a6216aa1ea3981f9226ca3e291
officehome_convnext_full__split05__seed4,0.25,12,8eb36404874126bc026e51f02db537e618c61ee3f8f1658059c5d72928dbd4a6
officehome_convnext_full__split05__seed4,0.3,12,61327d0d208e67a036b9900d5fc4ee6dfc38d39ec2c81a0b7d6dbef2e8102912
officehome_convnext_full__split06__seed0,0.05,12,c30c10e867fcaac61b1942c28a9ef26b550f7b0d6253e94e56c28f77e3ef0da3
officehome_convnext_full__split06__seed0,0.1,12,79c63c799ab8f67c2f57e5d24f454a2269ed4769baafd4e043ca7efea4182945
officehome_convnext_full__split06__seed0,0.15,12,b9f27b0dcbdc9e9cb929a3c00dbbc6a079951ad62f1b435995196e75ccbf59fa
officehome_convnext_full__split06__seed0,0.2,12,de9c63c652bf3bfffc7a91a723621d1c5001d9cf916deb0d925fdb0032010799
officehome_convnext_full__split06__seed0,0.25,12,6703ba8451d1801efe998b699e5c4d516eff12b38c35d8d7df90f0cb8b5fae9b
officehome_convnext_full__split06__seed0,0.3,12,8a3c81858fc3a350ec55fd071b7ed4e0aa1ba30753a15df06b505851260f912e
officehome_convnext_full__split06__seed1,0.05,12,dba581281213e49e2d10fe955c188a0c62f828fba95d8ef77314d018012b7a92
officehome_convnext_full__split06__seed1,0.1,12,0c703f698581a2c521f9cac337c6832b0ac8472e789420fbb92bf3196bee1adc
officehome_convnext_full__split06__seed1,0.15,12,422ab33ced71f3ca9d2712488f5a4039eeb73bbe84f793309c7be76b739f9755
officehome_convnext_full__split06__seed1,0.2,12,732572b42e2d22e02c5350f870cb756ce2b312630e9272d28fa963d6e25c6a33
officehome_convnext_full__split06__seed1,0.25,12,5ea8417eb58f5bd903f7770b1082c5bf91fd3abf80ccf94988275d2da1d8c150
officehome_convnext_full__split06__seed1,0.3,12,e3b8d5b0de5a8a5e982a43103058df5fa88862a9201df1a27c7f56bf39e4a951
officehome_convnext_full__split06__seed2,0.05,12,e4c17b7ec939fa50e29b9a51347e7f02614b5516e9834dd938ff74c31f51ec96
officehome_convnext_full__split06__seed2,0.1,12,2651241134556166f3c87e80ec2bace0f4f2c6e0295d95b40feee2efaf6a22d9
officehome_convnext_full__split06__seed2,0.15,12,628b067ba640b0007a8ca756790a094b8f7acfb345dd729363b420c7e2d0259f
officehome_convnext_full__split06__seed2,0.2,12,c0fce2b56a03d3d3ce435688ce3514ffb4295c836a2d305025fd9b6de95d562c
officehome_convnext_full__split06__seed2,0.25,12,62f87122b2f0dce4335db38fc1e399eebe9d878ea5679d0ff800d25e1a452267
officehome_convnext_full__split06__seed2,0.3,12,ceff0cf745e7620e4af88530055261715b90c5af2f97d510ede32f3a356e6d97
officehome_convnext_full__split06__seed3,0.05,12,6f3ee15bc13b459f53de7a857d43e4d3372bc0a2aa0f8eebf85cefe521041a1b
officehome_convnext_full__split06__seed3,0.1,12,0d8658fb60e3598873e2deefa05764e9b0d7528a633a12c50df1451b92695dc8
officehome_convnext_full__split06__seed3,0.15,12,792b545926199a13f79cc18d0992d77e6e9eeb45e1f7802ed992327556cb49e2
officehome_convnext_full__split06__seed3,0.2,12,f8119e786fe269c17650e1617b1ec6e70707b558ffc760b9b9c99c7bfc3fe60d
officehome_convnext_full__split06__seed3,0.25,12,01bc088cc51843395481a3f5d6b18839093674f7d9ab575cffd8946898ecedda
officehome_convnext_full__split06__seed3,0.3,12,3414766516347bef081955f35536136bfa62a3d4707587863ee97b6f1fe33f3e
officehome_convnext_full__split06__seed4,0.05,12,af48d79d7712e0d1cb338277b794b0eb1b0f3520de85ac4d7a1fd73f8eb8c45e
officehome_convnext_full__split06__seed4,0.1,12,31c3ad8871d5b7eb9b3280fdc3bad6951f140dfab638bf8d4412607667934c88
officehome_convnext_full__split06__seed4,0.15,12,661646c4404f409304fe0e3d7c2bdaf30ebab8c0435ff9d9826e9aa67a685e80
officehome_convnext_full__split06__seed4,0.2,12,768341dde2c11bdb6cec2a105dc8156f881953c14f6f5f59b42af3c8b25b12ca
officehome_convnext_full__split06__seed4,0.25,12,dc5cb0cf5d53b269e3a7b12a39b2b26f22c81ce77ac8f147bf84a998a2c0d1c6
officehome_convnext_full__split06__seed4,0.3,12,4d9fe4ab97810a44553b8f2999586390952056505a57e5747b30005d05d1574e
officehome_convnext_full__split07__seed0,0.05,12,f5cf507604b1a036f76e6135373c7beb38d3ed22f44871b6c7f8942c2a2fc236
officehome_convnext_full__split07__seed0,0.1,12,8e522a83ae2ebd840aa34698c725fc19e5f927ae73e96a150fbd8d469d157905
officehome_convnext_full__split07__seed0,0.15,12,d813c0be4f076d20e0898c4ee8dc6daf8e013aca2b5af1c668ef6683a100f6e9
officehome_convnext_full__split07__seed0,0.2,12,baa9cef1276236c6accdfb92ecd1412f1d599acd7bf1c4d7e9ab59f2f905f4d2
officehome_convnext_full__split07__seed0,0.25,12,39b60e9ee51449a9a33bb94818994133e44baa4bff2d287fac9ac74fcbd409d4
officehome_convnext_full__split07__seed0,0.3,12,fe68088241614cea2176db597c87016558a15fe4875a642b4b7edc7d0c4e8fd0
officehome_convnext_full__split07__seed1,0.05,12,4e060a76688d4f0263aa3a0d03b17668c5ffcd515333c5bf9732e5810b5b4b2a
officehome_convnext_full__split07__seed1,0.1,12,87f6d597f0c8349ab35ce4e453de74edc8a83df1eaba279396e38098d830a112
officehome_convnext_full__split07__seed1,0.15,12,594cd2fcf2c675c06bea958313e2a778cf8b944d109ce5668eef92b9a4d2adb2
officehome_convnext_full__split07__seed1,0.2,12,fc4652d74335f6fd3608b286d923164c15ecfc1f47512cda32c4f96a44326513
officehome_convnext_full__split07__seed1,0.25,12,5621d5b82f261e0458069a7b593cae3690069f735c7cfb00b859c6be0ac8827a
officehome_convnext_full__split07__seed1,0.3,12,8bba18ea6b441269cf9894224bd79e2294349bd3e442849c895a014a7c555be5
officehome_convnext_full__split07__seed2,0.05,12,c5d4fe30413b315f31692267cc81b116e1250b5b8565b06ec3a9b621d29812dc
officehome_convnext_full__split07__seed2,0.1,12,ce002305871a042c1fa29633f752fb55494baaf5c9a92906d734285190563767
officehome_convnext_full__split07__seed2,0.15,12,e7bc4eecbfed3d2c607130998a4ca4de09e241ff340feba4a653291223b331f9
officehome_convnext_full__split07__seed2,0.2,12,d4e00c7d5c6a9878ace122aae877bfb43d3ea3e7a76aca03b712a35792506043
officehome_convnext_full__split07__seed2,0.25,12,da664c2db69cddfc9517e685cb9bd661bf3d6737bb056a1468ef73aadf358a61
officehome_convnext_full__split07__seed2,0.3,12,f6ceac3ba2f8e2da2ac7d7341ccd693a397b9770ac28bcaa3a4aee67c9613514
officehome_convnext_full__split07__seed3,0.05,12,9b716826eef8adc6ab1870b385bf8b608c613834bdea5d4cfe38835b8fe8a5ba
officehome_convnext_full__split07__seed3,0.1,12,6bfadb9b05198a15acb1bda200d4e5af83c9538a7f7f4db403cf24f01a230a0c
officehome_convnext_full__split07__seed3,0.15,12,9ffecc6f88ca1f0a2664da4b804b63c96a677ca630ec6add914a20cc61afe6e1
officehome_convnext_full__split07__seed3,0.2,12,d4667d1a9e0e7b12b58563095828fbe16f3135921f7360db0a00f2f36a9446a5
officehome_convnext_full__split07__seed3,0.25,12,c6ec93e3d50f3cf3eb4e563de4b21ab8a8d34f03e18078c2898290240dcbe317
officehome_convnext_full__split07__seed3,0.3,12,1b9116dd795ad8ae0b9d62517ba686dd58a0ce7685b10b576b4d1a428d510713
officehome_convnext_full__split07__seed4,0.05,12,409a12ad9d1532439db4c2581d850c1c0ef806ddfead97abb6077b4e789455bd
officehome_convnext_full__split07__seed4,0.1,12,eac78eb192a677fad612ead16e02a2ee04a0a7e85b168a3a033cca1ecbc77e4c
officehome_convnext_full__split07__seed4,0.15,12,9c5eff7420b77269b8959621f69b5f132d077619dd3652c0b021791c7272b5c6
officehome_convnext_full__split07__seed4,0.2,12,7460fabf63800ca6e4c5d5be4b9d6df8d85000f25d1fe834e59a1d1807fedde0
officehome_convnext_full__split07__seed4,0.25,12,289dbd3e7b5113351ed51f7b916305573b371a3f86abbf9dc9b8bb077e31fba9
officehome_convnext_full__split07__seed4,0.3,12,dc8d39ec0199b3a77f251eb4f3b3868ba4267a3b3bb537bdf02f4b4b0596d6b5
officehome_convnext_full__split08__seed0,0.05,12,6a028d1681680e8b4e588c88164630f4ad7fd1dcdf214431a0830bae2e30f92e
officehome_convnext_full__split08__seed0,0.1,12,6ed57681be79248a76305e598528ab9fe88089f994212f801410a8907b2234f3
officehome_convnext_full__split08__seed0,0.15,12,0c73750972c5a7adbfd256673776d9faaee96c30a9da06a68700ac8545313ed8
officehome_convnext_full__split08__seed0,0.2,12,1bbd9a8ac78494f28caa648601572adfa266ae2af400af3d6903fed3b52946cc
officehome_convnext_full__split08__seed0,0.25,12,7c74b36e44efe18327f573c3b38786642c2295de660b32d73665f3af03929ee0
officehome_convnext_full__split08__seed0,0.3,12,b5147fc6190e6a6c26a2d6496cc4c04a15d85e26e1a2522b4c27cbbbaee2c06b
officehome_convnext_full__split08__seed1,0.05,12,05d7002c0ee6679d15aa116a55c0a33bf38da3a92c6e0bdbe593eaa4b876f757
officehome_convnext_full__split08__seed1,0.1,12,4b11e6c63da6432b5ccf61c52efc4b6ce6e43f7806335b58610df050e6d8989c
officehome_convnext_full__split08__seed1,0.15,12,61c2a0fd696d6a08fb749ac9da640332683cca7cecc0d4bb0a00a55506cee448
officehome_convnext_full__split08__seed1,0.2,12,4672126e5089afdc687cb70aab5c10b58ce1300c95fc25365f758b14f26fdd61
officehome_convnext_full__split08__seed1,0.25,12,0fded5c7e43ae4cbf6236dbb08c7386abd816a33542d138edc472adea2477164
officehome_convnext_full__split08__seed1,0.3,12,997e3738ccbbaa7cb0a9874b00e6137ae3bb629fdad41cf366fd478d87099f60
officehome_convnext_full__split08__seed2,0.05,12,cb13ac6767be3e2c8c845f602eddbf56657be55205a0879b237924a63d82e1ed
officehome_convnext_full__split08__seed2,0.1,12,537ee18ee9c17b0dd1dc59cfc2b829acee0c4c57c8d923bf71d11f578836895a
officehome_convnext_full__split08__seed2,0.15,12,cff101681eee6efc83e05725ca5d67efabbd51407711a2d6d7516ca9d4d08543
officehome_convnext_full__split08__seed2,0.2,12,819c716566c40946612832043089f09e81224143ae03f5ecb1b21839f256e627
officehome_convnext_full__split08__seed2,0.25,12,d89f9180baa8378f0ef38b36dffae34160d9bda7d1d4f1011c1a0f9142d2a9a9
officehome_convnext_full__split08__seed2,0.3,12,5c338574b204a25164e93a92cf90ee3bbbd097bf3a2e5574e8d349acb0c00e27
officehome_convnext_full__split08__seed3,0.05,12,befea7c9199d4dc13dfd43fccda81a9a19ba1189521130123234153a5dc892d0
officehome_convnext_full__split08__seed3,0.1,12,f92349b3bc6ea3eea6dc2764bc325eeba021c037ac0400c59c7909bd6d344aaa
officehome_convnext_full__split08__seed3,0.15,12,1bb4c5ed76eb52141a7eaa7ea3408dbb9fe79b09d411452db0f1b28269b734e8
officehome_convnext_full__split08__seed3,0.2,12,8d910526b681b617c6d12c21104cbf8f2de2058059d30e4c2e9589959ce40162
officehome_convnext_full__split08__seed3,0.25,12,c481cb52a01e4e8ca68faecdb186b6aefbfb7847a2708249d49bfe89e2f91e89
officehome_convnext_full__split08__seed3,0.3,12,1db9715df0d0a4f4961ef69cb5f0d3e53d20d9f154eb7c5dc659b7e91334d76e
officehome_convnext_full__split08__seed4,0.05,12,d484c9029fc08d0abed8ed57d1d5b78ce46cf96caecbe32a9c306dbc8656cf94
officehome_convnext_full__split08__seed4,0.1,12,7a70a751f36edb1751cac6cc7c2e5db9aa8d02f628c401dfa9db694a8ff49de4
officehome_convnext_full__split08__seed4,0.15,12,2a2d7ff074388f7af858a0082f3d4ed07ffcf64a0975734cb42dfcdc39b5d085
officehome_convnext_full__split08__seed4,0.2,12,0658d5de47f772e2ed67b792fae5586cab48d8cfbb48ab4decdfd32b452fbe1b
officehome_convnext_full__split08__seed4,0.25,12,0ac5af6d6a1aaff6a97726781d7efe1639ca20399a81745c8e31bf48c58c239d
officehome_convnext_full__split08__seed4,0.3,12,233008e42ade1ec819fc3729b9e830f6f2eed9130a7d35a84a7e6fff8e40187d
officehome_convnext_full__split09__seed0,0.05,12,9f190b25359721c21d0eba7e26d291b0ec73ddcca2dfbbf711fa0681fc334a7e
officehome_convnext_full__split09__seed0,0.1,12,140107c2efcc38d23c126d1ad00da698b3b78666eb634ed4e13c57219173dc08
officehome_convnext_full__split09__seed0,0.15,12,2b9a7882fd5b6ffa59922195d2ce5580fa06194dd7ee1900fb9a48f99b68f94b
officehome_convnext_full__split09__seed0,0.2,12,016c5418a927cdf449cd33888006cde92d0068fc9d9b286e6799ed0bb8448a76
officehome_convnext_full__split09__seed0,0.25,12,603c9acbd9900d20cf80d5a56e1d1ee4266dcb9a52194fab1f467d97492eb516
officehome_convnext_full__split09__seed0,0.3,12,57f3000404f307c7224e39a8b38d4581aa128abe9d5733fd11567120645309b6
officehome_convnext_full__split09__seed1,0.05,12,8f6e244c725106c1cc4641c096630296b6d02cf7601f3b38be5bfa51fd1a04f7
officehome_convnext_full__split09__seed1,0.1,12,826a85ed5e32c112e1f24ace0c979ef6f25e53baa0273c0a4ba07033148081b3
officehome_convnext_full__split09__seed1,0.15,12,e6a1ba98d374dd3aa960f9e9aa5de457f14032869cb6b289019e87d14bd3425d
officehome_convnext_full__split09__seed1,0.2,12,65958600492f1417b29e7442549e1d8a8e179d325daa2b0743848b56894ab5ff
officehome_convnext_full__split09__seed1,0.25,12,555beede0c0818da91f357f876758a25fc8dbe9782bc69e0c6238b1069008a1b
officehome_convnext_full__split09__seed1,0.3,12,9f61c1720214781f41e0454e02ea110c53972302d7559bd37ed7ace2f66333dc
officehome_convnext_full__split09__seed2,0.05,12,3f14d51d631046e4088d43de05382f50aa0c283e01496d02beb9222104d8fbd4
officehome_convnext_full__split09__seed2,0.1,12,ffdbe556dbf79570b62b71adcb601dd0040e0bb47754c7eb5ab6b1d885197e7d
officehome_convnext_full__split09__seed2,0.15,12,d16c2763d57e8f1b1a205dc3df0d63e6574f6980036f7d69f9b04f64c507892e
officehome_convnext_full__split09__seed2,0.2,12,b388f8a78c1d304a00b5864c706fddbf92b585f6d04c31af0afc5cbe49bdc9b7
officehome_convnext_full__split09__seed2,0.25,12,40d1b0d154bb70c6d845c9b003b78df35b03735641afe9221e198a21767017d2
officehome_convnext_full__split09__seed2,0.3,12,46ed0a036c650e84eede61c5d4a42f98a1d03adfbb90e37e45e54ac0d558a701
officehome_convnext_full__split09__seed3,0.05,12,d8e06db01d2b33d99392e25aa9424c4468ea10c724248e91340c7603756127c5
officehome_convnext_full__split09__seed3,0.1,12,ff217e8953e26224491f27557bcc4fe6278d066443c2a01b7f08830997864882
officehome_convnext_full__split09__seed3,0.15,12,8f24bc1de2910ab005ece7e15ad046a4e0f17be722eeaea706ffde5a807c32e7
officehome_convnext_full__split09__seed3,0.2,12,df415e957de24669d4ae64416b8b619aadd69b1c017a228c0bcc3a78cc6e4763
officehome_convnext_full__split09__seed3,0.25,12,f2ac92793f313d4f438292c82b7ee0666128c232ea178d3bf17fa9959cfca1df
officehome_convnext_full__split09__seed3,0.3,12,4492ef2cb09168f0848a813fc382737ea3bb0204032b9d3a1938ededd7a75b56
officehome_convnext_full__split09__seed4,0.05,12,436090c7314c62f22762a674713c096ae142b3618936edd07aeeb097cf3e4450
officehome_convnext_full__split09__seed4,0.1,12,38f4edb09929b6e0bc5e58e56c9f0d390563fc322ff14f9997b68132df77dc9a
officehome_convnext_full__split09__seed4,0.15,12,7590f326848a2928c435c2c6d7c5c6b5f28c1f9c2f205231ad53bbe9b8466c45
officehome_convnext_full__split09__seed4,0.2,12,ec1eacc6531c6c595edd211bc72d29d201ee432f95659b4dc05d953505f2fe92
officehome_convnext_full__split09__seed4,0.25,12,0ab210fd1f2158afdf417462c72ad3809dc13f0522a98421b0cd12ae2ea9da64
officehome_convnext_full__split09__seed4,0.3,12,641ab25044425a59153bae0037523e8596c9d6879b9bb5ea7bcd9b96d369084e
resnext29_8x64d__pathmnist_split_00__seed0__d0.5,0.05,12,0ff099e6043164136273dd8359bb93dbf7f44dee999dc045885a549f75bb3bb5
resnext29_8x64d__pathmnist_split_00__seed0__d0.5,0.1,12,5574e18fe6d21c6ea69a67a27eb3c47b446c3882ebd2703bb9fc92cf11d4f362
resnext29_8x64d__pathmnist_split_00__seed0__d0.5,0.15,12,cf663199e18c3f633d1df1214fda6575c5f570d7afb69924193a3b3ae9579ee0
resnext29_8x64d__pathmnist_split_00__seed0__d0.5,0.2,12,ac0df4df5e09b3951cb51827a940655e1c8edc0083f7f8c1c04bcbf0394a5aa9
resnext29_8x64d__pathmnist_split_00__seed0__d0.5,0.25,12,9500e9d5e3408e025b832095410f515f8c0967664cc96c10c10db25214d841df
resnext29_8x64d__pathmnist_split_00__seed0__d0.5,0.3,12,1cb4acd22f686a0859a0e1d78b8cf6bd2cce6ce1a998e7d66a2152b458990c30
resnext29_8x64d__pathmnist_split_00__seed0__d5.0,0.05,12,9ce9460571d1465b2423fe54071fb7ae774017a3ca1b4956a77deb4cfbec6699
resnext29_8x64d__pathmnist_split_00__seed0__d5.0,0.1,12,f0547daf77ad9eb409336b26824ddb40fb2b30e28edff2c3f16a6c34a8c17644
resnext29_8x64d__pathmnist_split_00__seed0__d5.0,0.15,12,a8e42fe883cd1360d0a702755f2a0141fd9014ed93011a0e29e0cf422e9005cb
resnext29_8x64d__pathmnist_split_00__seed0__d5.0,0.2,12,2c80971bab14319477eccd67dea238f57fe243494b111a6b2e568954ec670043
resnext29_8x64d__pathmnist_split_00__seed0__d5.0,0.25,12,0ca0cea041344c47dee9e4232e35c0fdaf9feed91c054ed119e463544df10d5c
resnext29_8x64d__pathmnist_split_00__seed0__d5.0,0.3,12,9c225e4d74bf56a065eda186687cb66df01e73d7edde83604dfc517151253b35
resnext29_8x64d__pathmnist_split_00__seed1__d0.5,0.05,12,bc84780eb784f5707a1b76baf0cc2b371f0d8d130c2256d34e12cbfdb3916058
resnext29_8x64d__pathmnist_split_00__seed1__d0.5,0.1,12,f59c4c7771ed4a691cdea8c34363b5e567fbd4f8bfe3ef1c7af62701f697a3d3
resnext29_8x64d__pathmnist_split_00__seed1__d0.5,0.15,12,29f08e8aac1934bba91226abf1d00e34d569c6904bc6b819bd1d4818601d5354
resnext29_8x64d__pathmnist_split_00__seed1__d0.5,0.2,12,a0ce00c14c4ca26cf2ec95d48fc3fd0141a8b1de3e35e30119aab38408ddc935
resnext29_8x64d__pathmnist_split_00__seed1__d0.5,0.25,12,76b3a736f83409de5afb738379e9b9ea57c250af64cc794d15bb8414e85a79c1
resnext29_8x64d__pathmnist_split_00__seed1__d0.5,0.3,12,8b2df375d101d23a0f237735bde4949d872b25bdd6416468061836b9fffb77b3
resnext29_8x64d__pathmnist_split_00__seed1__d5.0,0.05,12,a4c948e769dc355b90ab146588ed3186d0df43d15afbe34809adfb7faa4453da
resnext29_8x64d__pathmnist_split_00__seed1__d5.0,0.1,12,bfdaeae9e58d3d97570644d0ae64c81383e643e3e3cb3054093a3a5b0018a050
resnext29_8x64d__pathmnist_split_00__seed1__d5.0,0.15,12,0faeb9ecbb769911d28a4612d1285ec68e0b2734bfab3f2fd58d730ad25c206a
resnext29_8x64d__pathmnist_split_00__seed1__d5.0,0.2,12,099e6695bdf720a9d4dc602c50671946ceac8533d65f31e73565c4a09d977737
resnext29_8x64d__pathmnist_split_00__seed1__d5.0,0.25,12,96d07b320ba10d58a926e7c60237f3a09e080d508911c1148e026cc639b9381e
resnext29_8x64d__pathmnist_split_00__seed1__d5.0,0.3,12,da9929e9fff81c01eb36f1dfe2f92398cf4019d2d5b1f6f8d6bb4ed4706107c9
resnext29_8x64d__pathmnist_split_00__seed2__d0.5,0.05,12,c4a27a37dc0cb1441a9e270e9c0be6a9b914033ac48b6e0350ad9fe835d9b6fe
resnext29_8x64d__pathmnist_split_00__seed2__d0.5,0.1,12,a3acfa77d41fa7c2cc89e48b762b79dfc989cef9e74fab040bb1135de6f2a7bb
resnext29_8x64d__pathmnist_split_00__seed2__d0.5,0.15,12,12a6f0cbc9948018de4ef10c5b4f4c29bf4452efc4341c11ee1690ca3731b6ef
resnext29_8x64d__pathmnist_split_00__seed2__d0.5,0.2,12,1606f974c03561b19c73dfb6a1866c71f6a2cee42228a7aef216b79806995c7c
resnext29_8x64d__pathmnist_split_00__seed2__d0.5,0.25,12,b7f93d13abc714c863cf5e1344c9e5eaf8b28c8ff2767d4568b61f0db41b2bb9
resnext29_8x64d__pathmnist_split_00__seed2__d0.5,0.3,12,4b0b0cf70c29dceb4055bdb8b0e98863ee52363790eb981b828378f8ded2eccc
resnext29_8x64d__pathmnist_split_00__seed2__d5.0,0.05,12,1c4bbe0bb3ff8818d532bdb04da6dbd051019de378d29b8a34d80f424bb4ee93
resnext29_8x64d__pathmnist_split_00__seed2__d5.0,0.1,12,4a1bd4b9cedcf858b7f1285c8ecf6838f4a364227879d57aa87d54923da0ff2f
resnext29_8x64d__pathmnist_split_00__seed2__d5.0,0.15,12,079c256b788f18625c9a5868ae0c405e4b8665c3b025dd67d65ba5349cf051ed
resnext29_8x64d__pathmnist_split_00__seed2__d5.0,0.2,12,c363c44808be84731806c4ee0afd410cf6988a89c5660accd5ee765080b58775
resnext29_8x64d__pathmnist_split_00__seed2__d5.0,0.25,12,f57ec20e9a7115a7909b991ce06b7f8963dc8e2dec149c10d60c113bfd0204a2
resnext29_8x64d__pathmnist_split_00__seed2__d5.0,0.3,12,4695701d454acdb58275165e52f9d572afa350d1ca30292d3d88eb57347f3a52
resnext29_8x64d__pathmnist_split_00__seed3__d0.5,0.05,12,41ba8f85fe5ce922fb1cb3e35428223ef7434220eeadcca1fd07db90cb79797f
resnext29_8x64d__pathmnist_split_00__seed3__d0.5,0.1,12,40b82084605684a17ac8c834e20e6fd09d7a1a0ee1b0d6956a0b20223c04d637
resnext29_8x64d__pathmnist_split_00__seed3__d0.5,0.15,12,2385c71c2c5ee0dac8d0f087e8d08213bcce70ea3eb0ba69cd161b4375db92a8
resnext29_8x64d__pathmnist_split_00__seed3__d0.5,0.2,12,4fb38981dbb7e965ad763e0c3cedaa438c30744eb389a2147d6fd8d1d42933d8
resnext29_8x64d__pathmnist_split_00__seed3__d0.5,0.25,12,81775777231d946134d1369eb256d0f9b3f3a487ea0887486c9132c4eb08eac8
resnext29_8x64d__pathmnist_split_00__seed3__d0.5,0.3,12,330cf9b51a60dc9f5c79ec8bec735735f3795617b6b0cf03ca159e93689728ad
resnext29_8x64d__pathmnist_split_00__seed3__d5.0,0.05,12,567fa2dd87c09d1cbdc832e8f1841a87db3cffb56cf0b9012167ba8b7fff8cf1
resnext29_8x64d__pathmnist_split_00__seed3__d5.0,0.1,12,aaff850414839d9653a999e499bfff2d1b4405e65152b2db86908029a6cfbb19
resnext29_8x64d__pathmnist_split_00__seed3__d5.0,0.15,12,29436358e76adf44564372e28cf1311efc93773aa9041567b01e0259e883277d
resnext29_8x64d__pathmnist_split_00__seed3__d5.0,0.2,12,241a69e5dda9d8a0a1d58b81820bbe881ad2aeb84a07042b314458daefe1dad4
resnext29_8x64d__pathmnist_split_00__seed3__d5.0,0.25,12,778db9c60cf815f86dc5a77d61098f46dfaba1f0af1e2b17321b2043a789232e
resnext29_8x64d__pathmnist_split_00__seed3__d5.0,0.3,12,dd970e479269b1b9bd5279a1c5c93365961a6a1d347cb83a47682726af24fe6d
resnext29_8x64d__pathmnist_split_00__seed4__d0.5,0.05,12,bb924c03f7e94696d6d7ac9889daba0bcfe33bc713bef71cac1f734fbeb19854
resnext29_8x64d__pathmnist_split_00__seed4__d0.5,0.1,12,95b9dbb0d721c437736189e0c39eb7983f7203eb4dcc6ac29b31bb59677bacaa
resnext29_8x64d__pathmnist_split_00__seed4__d0.5,0.15,12,22b9fca58e106eb2bc6255b6daa1761d8a6a7a830f7ee46e712e9dedfc6dc1cc
resnext29_8x64d__pathmnist_split_00__seed4__d0.5,0.2,12,37f90745f9d318623831f33fc455dbaa596d8d602fb843fcb01772aded0aebfa
resnext29_8x64d__pathmnist_split_00__seed4__d0.5,0.25,12,2f2623f503c697facaa2810a5313dc79f1448572e883869e57751a08d072c2da
resnext29_8x64d__pathmnist_split_00__seed4__d0.5,0.3,12,a9ac44cbb1883dba172dff3c48ba617eb98ea390159020e2f52654859f9fd37b
resnext29_8x64d__pathmnist_split_00__seed4__d5.0,0.05,12,aa2cccc1fc9a939105ef0659b4783b7a0dfe87e54bfa3e211583ba6eaac1487a
resnext29_8x64d__pathmnist_split_00__seed4__d5.0,0.1,12,8bfb3391840172cf77375e75d66f45e41cbe8577f6a3deb8bb9e9995a53547ed
resnext29_8x64d__pathmnist_split_00__seed4__d5.0,0.15,12,a1bd0800cee89fea6ae817e6c4a914eb28b7edc3fe9502c42fa81bf711d32f2e
resnext29_8x64d__pathmnist_split_00__seed4__d5.0,0.2,12,b3f19ce3147c514f80373fff05888905337786423d78f89cd3827a7ecf27d62c
resnext29_8x64d__pathmnist_split_00__seed4__d5.0,0.25,12,1d6d0df51efe8f014508a27bb43f9480f221b67d5f79a7414ee9d4ad82a8ec9b
resnext29_8x64d__pathmnist_split_00__seed4__d5.0,0.3,12,c092ea30ee79ea218d7244cbe883ff9bafa86c369d27c29c2e5b5cbb6e35fc99
resnext29_8x64d__pathmnist_split_01__seed0__d0.5,0.05,12,758699141e84bf882121e5b8520a88eb14d492bf78f1752bff62922a351740eb
resnext29_8x64d__pathmnist_split_01__seed0__d0.5,0.1,12,1680ba7b962f80555831d5d377ea6c9ba65f7c8f8865cb9fce90e9a9e112b06d
resnext29_8x64d__pathmnist_split_01__seed0__d0.5,0.15,12,78d01fb0d2041f8bba5ac3d53fb02c73a610b7772bec1e96734da080fc17671a
resnext29_8x64d__pathmnist_split_01__seed0__d0.5,0.2,12,de6c53fe7b47906b181ce65f6c425b552cd58f1c89c50d462eaf96359ad752fe
resnext29_8x64d__pathmnist_split_01__seed0__d0.5,0.25,12,832790cba8ec7cb0457bbc5621108b86aa00ab8a442580dfcea923793e997db1
resnext29_8x64d__pathmnist_split_01__seed0__d0.5,0.3,12,b8f35fa131ebfce92da1b36ff072a024eec201472a1d9b033b10d49a04bcfe9c
resnext29_8x64d__pathmnist_split_01__seed0__d5.0,0.05,12,dbe2c63f6c143327ea7aee5e7487192b562e20a5b8cec48eb4c82e9bddacc0fe
resnext29_8x64d__pathmnist_split_01__seed0__d5.0,0.1,12,3d20568ab67990fbf4b2774936fee6039df197f3e9f2b012dd3fe0e64f9bad4f
resnext29_8x64d__pathmnist_split_01__seed0__d5.0,0.15,12,eb510951fd09b8a9ad322083740ca27207a67a43d2e978a0eb094b13b4a26a96
resnext29_8x64d__pathmnist_split_01__seed0__d5.0,0.2,12,d5cc09da9ab252a4ed95b94490b9fd2489f3b8ef1b0bbe22a068cb7dd1b63979
resnext29_8x64d__pathmnist_split_01__seed0__d5.0,0.25,12,d7df363ccb176ffab91e8c5993335d11af974cd48473aa4fc5012f3b7d0bdf7e
resnext29_8x64d__pathmnist_split_01__seed0__d5.0,0.3,12,c4e58ad8a5f19a9b94af0674b6a231d9b7ab20d26d23f1e278b9e116cd54c8fd
resnext29_8x64d__pathmnist_split_01__seed1__d0.5,0.05,12,5c41de2ab981a3cafd6f53c610b1fadfe9f72fac9c4aacbf95c03f4647dc6df9
resnext29_8x64d__pathmnist_split_01__seed1__d0.5,0.1,12,42aaa6fcce1a680f4bee629396675ffe2b87618f9f6815e8a97ec62a87d898e4
resnext29_8x64d__pathmnist_split_01__seed1__d0.5,0.15,12,0fd00df34a9403c1da9ce94190a3d1ad308559ec74f0d84228210ef4fc21d3a4
resnext29_8x64d__pathmnist_split_01__seed1__d0.5,0.2,12,69cac98cf41cc28b9712cd5bd8f2e73f99947e4602c172c261489897adbfe9cf
resnext29_8x64d__pathmnist_split_01__seed1__d0.5,0.25,12,d9b966b788f1eb269d5f5ffe5c5e48b70fab49b0fe8b7a23dd79787dfdd70204
resnext29_8x64d__pathmnist_split_01__seed1__d0.5,0.3,12,40794b2b6606bcaff31b57f41e75c91a30e2041fd66c905e5bc2798867a90fe4
resnext29_8x64d__pathmnist_split_01__seed1__d5.0,0.05,12,05b0fd06affff0a79240285431df35b55ae07111d425106a7d72c33c59750c6b
resnext29_8x64d__pathmnist_split_01__seed1__d5.0,0.1,12,2920afaad87365b6dc26c1d44a0708a18794caf14741f5dc8cac5ea8341f278f
resnext29_8x64d__pathmnist_split_01__seed1__d5.0,0.15,12,63dc8f18ebb42ee582454045e29a06910bac0d88185d9765796261b815ff9b9c
resnext29_8x64d__pathmnist_split_01__seed1__d5.0,0.2,12,d963e80af0fb0e160f0931cfcf40406c501f865dc908dd0de501be3d02b40de9
resnext29_8x64d__pathmnist_split_01__seed1__d5.0,0.25,12,315f4dde07bdb89369ac61fd99f182be2377508df1f8ad2ba0b901df7977d9aa
resnext29_8x64d__pathmnist_split_01__seed1__d5.0,0.3,12,d14e96f0b0e54be95018490cede7aea29c96e79f935726039881ccb9a207f3d7
resnext29_8x64d__pathmnist_split_01__seed2__d0.5,0.05,12,44d0bf62514fd32cb347a8e7e657c6be0620b530c7ff5ba5d03094c6f0f116ec
resnext29_8x64d__pathmnist_split_01__seed2__d0.5,0.1,12,fcdffcfd1a3f2da59523f89e3518d0ada1494fb73cf232fdf53b3a3f15d5f703
resnext29_8x64d__pathmnist_split_01__seed2__d0.5,0.15,12,0374eadaa79e630f74b09c83d11ba5a4c229804afc6cbe310225cf4439f7864f
resnext29_8x64d__pathmnist_split_01__seed2__d0.5,0.2,12,8b65abeae0843d33746f311f24a77448c9060730dc43b8b2e44463b1ba4648ec
resnext29_8x64d__pathmnist_split_01__seed2__d0.5,0.25,12,39fc4ddcfb55729d99e5d090d1fa88c15296c41e9c6d673f9208f74dc71edfc2
resnext29_8x64d__pathmnist_split_01__seed2__d0.5,0.3,12,4ff7a05acf6e948c15c64902f33d87ee8c9d2e552ac3c775bbcc74774a5281e6
resnext29_8x64d__pathmnist_split_01__seed2__d5.0,0.05,12,3c4f8efa6c21e21ebaa55157a8be4e82ba17b365e09442ce8e8013148d234586
resnext29_8x64d__pathmnist_split_01__seed2__d5.0,0.1,12,227dcbb893458aadee94cc2aaee134190ae40539957477591a3c02238f2e5916
resnext29_8x64d__pathmnist_split_01__seed2__d5.0,0.15,12,7293f6985408428b116ec7ee8e15e275013bf9bd0674cef8140357843642e9cd
resnext29_8x64d__pathmnist_split_01__seed2__d5.0,0.2,12,d3082f2ccda82bc4abe566ad50cace3cbc08c0211dfbe31964f0a6af6008b246
resnext29_8x64d__pathmnist_split_01__seed2__d5.0,0.25,12,5c6f65ddd5b9edbae21597ce6f16227c251178e0342bd6744507dba13f82d094
resnext29_8x64d__pathmnist_split_01__seed2__d5.0,0.3,12,f41193789f561509ee52437dbe40a2124569a25f7f1258f65817c94e8cdb75c4
resnext29_8x64d__pathmnist_split_01__seed3__d0.5,0.05,12,50575118bc65956659353fbf5621f57c90d92bcc147316ae50771e753076faca
resnext29_8x64d__pathmnist_split_01__seed3__d0.5,0.1,12,92e9370922a679eef44a0423666eb9e4afbb376cb4976423a0baf8f4ee9d5223
resnext29_8x64d__pathmnist_split_01__seed3__d0.5,0.15,12,6997438397c14bd4e39335c4536751ab68f89c345d93f56c868b437a411d8774
resnext29_8x64d__pathmnist_split_01__seed3__d0.5,0.2,12,458b01b96217cf20c9203819badf47927dba21d749f56953b7939dee927dbd3c
resnext29_8x64d__pathmnist_split_01__seed3__d0.5,0.25,12,cc7ed1edaf757124f9851a9e4669f6464e1af82c5ee4d16f838f1a45a7f555f8
resnext29_8x64d__pathmnist_split_01__seed3__d0.5,0.3,12,1f7f30c8ae5ed866acf9397d04f8983659d8514f13686782eea7f94ad2355df4
resnext29_8x64d__pathmnist_split_01__seed3__d5.0,0.05,12,5f7bfeef1d704785453fb4e2b43045534162dbdd2371f639b21df2321fc53973
resnext29_8x64d__pathmnist_split_01__seed3__d5.0,0.1,12,f5d8a755b2ebb563d98ef713e51112da11c668347a208c7354a7dc56b47550d5
resnext29_8x64d__pathmnist_split_01__seed3__d5.0,0.15,12,2eebae1861e5ff9d6f13f5edad3db08bdb8348fa3bd6ab532eb4c24d35d83283
resnext29_8x64d__pathmnist_split_01__seed3__d5.0,0.2,12,928ec6a76f622d0cfc229c8c84aaa4b5e6545372a1c044133a8ccb4fd8899937
resnext29_8x64d__pathmnist_split_01__seed3__d5.0,0.25,12,0b2233e8d10436674eb320d19d1e63397b8532b79b8ddcc8ddf44819816fb00b
resnext29_8x64d__pathmnist_split_01__seed3__d5.0,0.3,12,022094b027325819a5b2c776f5cbe77db35cbaee47af9f4cf88cc9db31bfc262
resnext29_8x64d__pathmnist_split_01__seed4__d0.5,0.05,12,534d23ebb066d877ce45111ceb4a932ce1bc24d09010175e3ebe4c9a007877ac
resnext29_8x64d__pathmnist_split_01__seed4__d0.5,0.1,12,d0dfdd2dc8bc3cb020847335b06d9ec58b9bce2d7961a9f72c43a1afce8aa64f
resnext29_8x64d__pathmnist_split_01__seed4__d0.5,0.15,12,eac177bb2deb6a80f8c6aebd1e5e52b1906fda30e0cbf6211c648de75248f873
resnext29_8x64d__pathmnist_split_01__seed4__d0.5,0.2,12,12877d123c870c5a9d357d22d08b75f9a126adb60aeaade3a7671eb391028d72
resnext29_8x64d__pathmnist_split_01__seed4__d0.5,0.25,12,4cf41c54dd97b1ef094eb4716231258b6f797d8dd03f9efdfec79483136ac133
resnext29_8x64d__pathmnist_split_01__seed4__d0.5,0.3,12,c90c603de194f88ec73b182f4a92f79f6378ebef2c97a51b9f78be6a9a34e15c
resnext29_8x64d__pathmnist_split_01__seed4__d5.0,0.05,12,c02dd06e1f9f1fab3e227f9ad00de833f29c53868e8a3cdd1d345d04ad2eb701
resnext29_8x64d__pathmnist_split_01__seed4__d5.0,0.1,12,c2d24efb7af9592e3947fe8bb9c97506368ccb19928576e36bdea5b0d85d9657
resnext29_8x64d__pathmnist_split_01__seed4__d5.0,0.15,12,c0ec8a978532ad556d42625ce9f3621dcc508f6f3374e378e31ab32c846cc8cc
resnext29_8x64d__pathmnist_split_01__seed4__d5.0,0.2,12,b0ff38144b7b3b810738a59389ae77f0a7c5ddaaaab26c6a2359711432b0c86f
resnext29_8x64d__pathmnist_split_01__seed4__d5.0,0.25,12,b42fb4684918bbb2eacee2acd7fe38e860e0c397a696fb2b3f125890dab40796
resnext29_8x64d__pathmnist_split_01__seed4__d5.0,0.3,12,046b0bb71e5f794eb84aaf26e4b703a2cd5f3284f9fccd8acf77f9622e1ed6de
resnext29_8x64d__pathmnist_split_02__seed0__d0.5,0.05,12,14c69a02994c38aae50d097e4e686771b334e47e12cb1bda4b863245ad396b47
resnext29_8x64d__pathmnist_split_02__seed0__d0.5,0.1,12,b65bd8b668dd855ead244a29d2e195dd75b340cccdfa66eb98475247169e2d14
resnext29_8x64d__pathmnist_split_02__seed0__d0.5,0.15,12,23f15166936a0b16c2ceaf312d901b7e1f9d77157bc57beaa187c025bb2800a2
resnext29_8x64d__pathmnist_split_02__seed0__d0.5,0.2,12,68f0c28c2b89ecec04691788849f732bb6f598645324deddad6c76692c0f9cec
resnext29_8x64d__pathmnist_split_02__seed0__d0.5,0.25,12,95bbc75c167739ca30dc28709baf01e1c82f01a7810b09e43d7251f9e81457b9
resnext29_8x64d__pathmnist_split_02__seed0__d0.5,0.3,12,6611554dbcad8bd92d3ef31086f002839f106753ceb7d9b9c970b7f7b42ffd6b
resnext29_8x64d__pathmnist_split_02__seed0__d5.0,0.05,12,6a0acfb5714891dc8cdbeef99e1bea8da77cdf805c4b35bb3615cf087696783c
resnext29_8x64d__pathmnist_split_02__seed0__d5.0,0.1,12,7f564b9540ce3b2e1c0523e61f7022b5633a81eabecc647842be2d10e66ca7b6
resnext29_8x64d__pathmnist_split_02__seed0__d5.0,0.15,12,25bff591065ca347e58d8cbc7d46d4999af65a4aafa8c09c826e6b9515bfe929
resnext29_8x64d__pathmnist_split_02__seed0__d5.0,0.2,12,9ca0f9bae4295b9ff8419c6dae9f75ac0771976056d2c233abf4ac32d81955fe
resnext29_8x64d__pathmnist_split_02__seed0__d5.0,0.25,12,78b0f832081384084b0b21dd6417348ecb1f54d7d6f8a9ed60a2a0b180832678
resnext29_8x64d__pathmnist_split_02__seed0__d5.0,0.3,12,50fa7235b69a3ca12e40aaa5d46339d22047dbb2e48bf44ea9e49d48a7adad20
resnext29_8x64d__pathmnist_split_02__seed1__d0.5,0.05,12,de900130e09bb5945088170f343d7ca60dc6acab7b1c41aa960f6c1f26754c03
resnext29_8x64d__pathmnist_split_02__seed1__d0.5,0.1,12,e323731d43d4fccacb99eb13ca52f2fde971cae656f9b0688d99b8b62be9c491
resnext29_8x64d__pathmnist_split_02__seed1__d0.5,0.15,12,b212fc7a2c0cfcc7280d86f061096b91892054f7cbb1bd0b8b1fc9294dd8b271
resnext29_8x64d__pathmnist_split_02__seed1__d0.5,0.2,12,d36d717e13d3cfa84c0ee43779f040c7fbc04b91c45eed1d6b44825c3a5839b2
resnext29_8x64d__pathmnist_split_02__seed1__d0.5,0.25,12,064b04833c1bd5db55677d282b165b7563d0c36b1da602f489469936baeded01
resnext29_8x64d__pathmnist_split_02__seed1__d0.5,0.3,12,28cf7a4ff2a4612563da5e99266fd7cf0953ff47f2e811296b38ff6be90adb37
resnext29_8x64d__pathmnist_split_02__seed1__d5.0,0.05,12,315550763b087538434ce0b5d3d7ece064d4a0a01ee77fee3a9dffccb8dfe0ae
resnext29_8x64d__pathmnist_split_02__seed1__d5.0,0.1,12,386614437d2ccf5c3c833939b801485f410c350577d4b5ccd7e80885837e42de
resnext29_8x64d__pathmnist_split_02__seed1__d5.0,0.15,12,d4cf81bb66e6273ef3626dc56a40be17295a12fea725bda3d4285e0dd3d8cc16
resnext29_8x64d__pathmnist_split_02__seed1__d5.0,0.2,12,b8aceeb5ab71406412508767c1c0e91be62069a7f1d790cca89829499046ead7
resnext29_8x64d__pathmnist_split_02__seed1__d5.0,0.25,12,96645b6630ca8d27653a3c9189b9d22edec75b286d14c85fcdcb90d2c40c70da
resnext29_8x64d__pathmnist_split_02__seed1__d5.0,0.3,12,fcab174820d3f87a1aa5c90c8557f32aab25658f85ce556d39624ca8ce8c8c63
resnext29_8x64d__pathmnist_split_02__seed2__d0.5,0.05,12,b8be4bff93229a7c3c334a78f41459d4369831998b545bee8125208507c77464
resnext29_8x64d__pathmnist_split_02__seed2__d0.5,0.1,12,6f8573a11b91ee9fcc3bbd217d4b0445e86b91c00068b74ab55f0e444bb57d50
resnext29_8x64d__pathmnist_split_02__seed2__d0.5,0.15,12,a9a9dc6946c2fff39062ef2e3f6aed461d81bfb4d7927c44284d4ace102556c7
resnext29_8x64d__pathmnist_split_02__seed2__d0.5,0.2,12,a66810a6c3988c71d4cf44e079745ee45845e3d38170a18fd448237eff1a96a7
resnext29_8x64d__pathmnist_split_02__seed2__d0.5,0.25,12,c2cb8e2ab3227cb57823163313571f714602b2aa132121f1b72d5c342588fccc
resnext29_8x64d__pathmnist_split_02__seed2__d0.5,0.3,12,468a540065818b96e7605762c19b3db65c20e34261c15d54d71db549276529d5
resnext29_8x64d__pathmnist_split_02__seed2__d5.0,0.05,12,030363bebe3e709aea5bab0860dbb370cfb101327f13a38b09cfccea7d7f8767
resnext29_8x64d__pathmnist_split_02__seed2__d5.0,0.1,12,c11c6cabf5b8199cbbfffa3dd7f3d2f806df12a1244fba74fd78e36f88c5e6a8
resnext29_8x64d__pathmnist_split_02__seed2__d5.0,0.15,12,6dcd0b080b3608931bcb361e70c06e8526ea5a3ea40ff0b8ac240c4c8248b6e3
resnext29_8x64d__pathmnist_split_02__seed2__d5.0,0.2,12,f086e684abf4c4027d6a74456d9bc3c48ec328c91d732950a10846c1af142093
resnext29_8x64d__pathmnist_split_02__seed2__d5.0,0.25,12,0c4a8a0cab77618ed80637ef05d7692616487298c29824983e6bfd929e82c346
resnext29_8x64d__pathmnist_split_02__seed2__d5.0,0.3,12,4f60752cb681a297657eba68845e1733aede1cd54bfb8100551879675e6a9d59
resnext29_8x64d__pathmnist_split_02__seed3__d0.5,0.05,12,5a5871b447440686ef2d156d39505d83455b2112ae1e9139c14fdf025d46c8cc
resnext29_8x64d__pathmnist_split_02__seed3__d0.5,0.1,12,ef86e9a96fffb29cb031dddca9a6eb05f59d65985d8b8e4aa4078f80e2c3cb02
resnext29_8x64d__pathmnist_split_02__seed3__d0.5,0.15,12,64733f9a6b9f7e7883b8292332d151fa512e27df7d4ccbbeae98b26cce5903fb
resnext29_8x64d__pathmnist_split_02__seed3__d0.5,0.2,12,5e7e32b72b2e065d1d4cb2fcfc3de1166456caed564928bdec62990e05938cf9
resnext29_8x64d__pathmnist_split_02__seed3__d0.5,0.25,12,2a2f7a32e69c2082e9606fbbeda5941099f24a8766cedc9d36778c94347d5a69
resnext29_8x64d__pathmnist_split_02__seed3__d0.5,0.3,12,fc696eb67bc796b96b77f28766bbb500c6eb60b38e7797690644eb9675c3f4ba
resnext29_8x64d__pathmnist_split_02__seed3__d5.0,0.05,12,b71d1342d33e21bd67298ea641907d22922fce2eb3a731e3df81f7199fd7aa67
resnext29_8x64d__pathmnist_split_02__seed3__d5.0,0.1,12,cb6f07420f67aee01e423f9c71ca45c435b1eab6b305241631bab8aec6214ae1
resnext29_8x64d__pathmnist_split_02__seed3__d5.0,0.15,12,d2c4181cf1615f375c8ed1155c8b832e3a2504a413e65bab7ed7569a82611ed5
resnext29_8x64d__pathmnist_split_02__seed3__d5.0,0.2,12,32b2cdbb688a766da3eab6314c9596e7b666f6125a04b64f78296f291a444fc0
resnext29_8x64d__pathmnist_split_02__seed3__d5.0,0.25,12,5210c58f21a036eb4094a6f70c8839603ce301f3d7370ae095feab0b4247580e
resnext29_8x64d__pathmnist_split_02__seed3__d5.0,0.3,12,abddfdd6e2e7bb4acaffa98026151cff39f90e4c115e16d3b8ba7a588f65ec48
resnext29_8x64d__pathmnist_split_02__seed4__d0.5,0.05,12,6a350700f7fd0b6dd2d5f089340d2f844df4d5f20b0583624d0bd1ef7e02ee4a
resnext29_8x64d__pathmnist_split_02__seed4__d0.5,0.1,12,93ee41dededa7cdfaecc21ea856150af92bc76ec10f91af36121dac9ce422a91
resnext29_8x64d__pathmnist_split_02__seed4__d0.5,0.15,12,54c3930c8d16405e84d225f35eb520fdf598c4d00dfed3a98bddffe17cbe6851
resnext29_8x64d__pathmnist_split_02__seed4__d0.5,0.2,12,7141398c888cfebe2891092befa8402f215eb1ba37c3e4a910f61bec5a0a45ec
resnext29_8x64d__pathmnist_split_02__seed4__d0.5,0.25,12,0416316a0e2443a8a45269280b2d082956b8ac3723f822cf467248374046597a
resnext29_8x64d__pathmnist_split_02__seed4__d0.5,0.3,12,83c7952d6836aa9f3482e942b5afa1a6adbbbdd7491fa5008bb7e303c314ecd6
resnext29_8x64d__pathmnist_split_02__seed4__d5.0,0.05,12,8a83604b447464ada753063d84a4e423bc345b39f97575e55f124e9f146be13a
resnext29_8x64d__pathmnist_split_02__seed4__d5.0,0.1,12,d5a53b5198cd61e0b2a28f8808f20f96c6f1c324423ced5036b4626bf2ceee56
resnext29_8x64d__pathmnist_split_02__seed4__d5.0,0.15,12,9ba5d4c83cc964dd08c01e80cdfb3704fd263ee308a851b86a8c63e04dc618d2
resnext29_8x64d__pathmnist_split_02__seed4__d5.0,0.2,12,37d013e202438f9e6d96be2602b28895dce7fd8173369a5ab1da202840b02797
resnext29_8x64d__pathmnist_split_02__seed4__d5.0,0.25,12,77c9a26e4eb6f6dae40a2c09ee151be947cd8ac90fcc3542408fbd0da5926b74
resnext29_8x64d__pathmnist_split_02__seed4__d5.0,0.3,12,bee1ba03c71f63c99fe7757d9b81045a8a133f4f9c6dcf0a1ced1b11653d6f92
resnext29_8x64d__pathmnist_split_03__seed0__d0.5,0.05,12,d25701bea9c5cd640bb74902a5e3f53130dc4574a83d4fbd3c7dcac67db53087
resnext29_8x64d__pathmnist_split_03__seed0__d0.5,0.1,12,d27f0f23ec3dda201169eb0bfa19b98b00bbe165eafb697910cc482398bb28e8
resnext29_8x64d__pathmnist_split_03__seed0__d0.5,0.15,12,0fe46a023dcebf70285ec8f6209c7bfc2c6567ce64722bb448f73c1fae0eff4b
resnext29_8x64d__pathmnist_split_03__seed0__d0.5,0.2,12,af8756819525302c7dc4a85d9aba411a978f1818093fa1d11803f28c3b92b8f9
resnext29_8x64d__pathmnist_split_03__seed0__d0.5,0.25,12,6d8a67fba88c35e57a331c705d36bac10055421b63ff8d2c3f265d4aa548bf1e
resnext29_8x64d__pathmnist_split_03__seed0__d0.5,0.3,12,8470fc7909b87edbfe3c6dad1133aa5887f25721229fd62ec71c44c50c85f051
resnext29_8x64d__pathmnist_split_03__seed0__d5.0,0.05,12,166315a2f5fb99f59ec8ab3a6c216a36ad188f1f2fba0873009a4591fe3b761a
resnext29_8x64d__pathmnist_split_03__seed0__d5.0,0.1,12,7fa11490663603be97bf814a9e82140d2112b8cf0b6c9a9a9e8346e0606cd6b3
resnext29_8x64d__pathmnist_split_03__seed0__d5.0,0.15,12,5a509b7ff67ead4c6c42a366410337cbc5b35fb901d75c30a25df7349fc8e1e3
resnext29_8x64d__pathmnist_split_03__seed0__d5.0,0.2,12,295295090c2401e4cf64751fe10a88604466cacc2699a9d0e032f97e00f4c97a
resnext29_8x64d__pathmnist_split_03__seed0__d5.0,0.25,12,aacf6a438bdc5f3f9f5d6cc245ef406a11a4aed175f47f6083cf6e889ba53f36
resnext29_8x64d__pathmnist_split_03__seed0__d5.0,0.3,12,4d086b9127254e81a7f3b09d5c80c2b8350c7d04d234e4dc56c1584941fa351c
resnext29_8x64d__pathmnist_split_03__seed1__d0.5,0.05,12,489185eed0679d0ae5b324f8ddee275d6001ea183d753c1b98b24cc0166ced74
resnext29_8x64d__pathmnist_split_03__seed1__d0.5,0.1,12,c9ebf00ddb5b6b8f7c3343e795b3ff4d167d4d15be8845b54851c7213e5e213d
resnext29_8x64d__pathmnist_split_03__seed1__d0.5,0.15,12,500f3d1ea33d4ccfb3e22d53b2ca15f78ce5dd708c0bddbf2485ae23eb6d1053
resnext29_8x64d__pathmnist_split_03__seed1__d0.5,0.2,12,2fd51d5cc2240f5464f6c7553194671a896a4ddce87f5221bc4347ddf1a627bc
resnext29_8x64d__pathmnist_split_03__seed1__d0.5,0.25,12,2479a758666c498104cef7865b2f91b4a6771b6ee48822efb2390e5f100620bc
resnext29_8x64d__pathmnist_split_03__seed1__d0.5,0.3,12,d105b29801dcac000a90f92bfb5ece78421033f54b74638947b574e986182cff
resnext29_8x64d__pathmnist_split_03__seed1__d5.0,0.05,12,ddcee67b92cf49447ea6854b01092d63f35c5a7f006accbfa321530f410b4ac5
resnext29_8x64d__pathmnist_split_03__seed1__d5.0,0.1,12,db0c864bfc802c6e6731435952021be204738ce7f6a23422c0ff3e59484f2c14
resnext29_8x64d__pathmnist_split_03__seed1__d5.0,0.15,12,f85f9cabad7e0e24fab0c5e0fee99af7692da3283e5ce35d4d85730261e63239
resnext29_8x64d__pathmnist_split_03__seed1__d5.0,0.2,12,ff17cf0198ea07f6eee63c070b9a09887d6f0be6f1d2a9f64e5ad2373a4bdfde
resnext29_8x64d__pathmnist_split_03__seed1__d5.0,0.25,12,c1cf70265e502fb6a8ddb5aa9c82e266f07fb232da8e6bf3cc468172232f69fc
resnext29_8x64d__pathmnist_split_03__seed1__d5.0,0.3,12,49542ab540c3930880170b25517951c4f3d05a4b86e26994d7b08f4ec3c24bad
resnext29_8x64d__pathmnist_split_03__seed2__d0.5,0.05,12,8047b44ae2a36e0e08a61d2794be942ea4a6c16dd5085739f72dcec6c195cbd3
resnext29_8x64d__pathmnist_split_03__seed2__d0.5,0.1,12,449bfdd39f7418e84c00e728970478b4b25daad233389ff8fd07bd34c500cb92
resnext29_8x64d__pathmnist_split_03__seed2__d0.5,0.15,12,63aa3c35f23ea980d94cc6c75b2ab672fbc63db57fe93d3f0b6d48791f697d0a
resnext29_8x64d__pathmnist_split_03__seed2__d0.5,0.2,12,5ce9cd3f0895a55d5dc13d09e9f5c84291f0bf98feec360efcdd5a18b512039f
resnext29_8x64d__pathmnist_split_03__seed2__d0.5,0.25,12,63ea538147569f1ede66e44c123377fbea9e61764a08eb3c9d6230d0da1eb296
resnext29_8x64d__pathmnist_split_03__seed2__d0.5,0.3,12,04ef0d1d9e39804d95059a866c1917d2c31257388f2135c5af8d18204f92e35e
resnext29_8x64d__pathmnist_split_03__seed2__d5.0,0.05,12,f5500a8393140a84dfc2aeabddc928faa1fda2f71589db1ff9ed9eafe8e0ce43
resnext29_8x64d__pathmnist_split_03__seed2__d5.0,0.1,12,96c29c0fcb60df94211214d17386755c631c62f3eecdae570bbb9a30327d12a4
resnext29_8x64d__pathmnist_split_03__seed2__d5.0,0.15,12,ea48d004797ee4a961e50c08ce5bd9a8725c9629e01172ea21cbe5bef9abc006
resnext29_8x64d__pathmnist_split_03__seed2__d5.0,0.2,12,016b9d15d10af6f03a0b91d3ff5a65ece065fe05b690061b265bca3e453f89b3
resnext29_8x64d__pathmnist_split_03__seed2__d5.0,0.25,12,557b3f1956a4e9c80d15ba74a349941433610c5f7fae012e346116cee86861ba
resnext29_8x64d__pathmnist_split_03__seed2__d5.0,0.3,12,147cd505def4ad6314321752db945e8d4b4ce037855f6acf0b3e2a28e307faab
resnext29_8x64d__pathmnist_split_03__seed3__d0.5,0.05,12,f6f688c3e69141adaf7fe2ebc2347a8bb85154e128d9e323a8a601112f46e811
resnext29_8x64d__pathmnist_split_03__seed3__d0.5,0.1,12,3f501b92813e82717c6961df1f4b0aad5c263f926e342d661acedd485ca35734
resnext29_8x64d__pathmnist_split_03__seed3__d0.5,0.15,12,0e095e515131082d932b4b1f466f8fc4ca43a11d1d16d78e148502dbf3625f67
resnext29_8x64d__pathmnist_split_03__seed3__d0.5,0.2,12,a078d3eff9882a006e77e6c0e264ebf49407ac7bf8461ea6d52303a6898468a4
resnext29_8x64d__pathmnist_split_03__seed3__d0.5,0.25,12,a9a83d0f28ba925d17e496673620f80e3eebf951a8dca0142c07815d3780bb2f
resnext29_8x64d__pathmnist_split_03__seed3__d0.5,0.3,12,a1b10ac991f0ce850ba79f872f0e60911fbd7af0216aeb2eb266847f92e5a1fc
resnext29_8x64d__pathmnist_split_03__seed3__d5.0,0.05,12,8102ff0d9d19dc2f441dd22e5ad7ced2e5f00289f29377d08b2828768c24de3d
resnext29_8x64d__pathmnist_split_03__seed3__d5.0,0.1,12,d53d239ee2f6886220260d069a9048e238e3af0c79e11e0f96a8ab20930eca60
resnext29_8x64d__pathmnist_split_03__seed3__d5.0,0.15,12,c79b05f89e4512b6ebb0300ec8c8f3bd414542aecc7f85e8816985841e885869
resnext29_8x64d__pathmnist_split_03__seed3__d5.0,0.2,12,217179489c45af7b8217d9db6462c813b98ed5d3e1d4bffa17fc23008bbc0b4a
resnext29_8x64d__pathmnist_split_03__seed3__d5.0,0.25,12,b7a28783d3087fafa97b90cb06e7ea4cb37b6b091fe201eff6b98b1af214aa17
resnext29_8x64d__pathmnist_split_03__seed3__d5.0,0.3,12,20ac512be6821d94898be05af98a4fb894bf1c9945981e74b3fc75b7f70dc143
resnext29_8x64d__pathmnist_split_03__seed4__d0.5,0.05,12,8f097867511070930776eb98d4e6e279f472cae355624ad1e53adae3710f7cd1
resnext29_8x64d__pathmnist_split_03__seed4__d0.5,0.1,12,6a12e829911296b5e71295c1bccc1608b9130260e05a46d4d8054cfe0c265372
resnext29_8x64d__pathmnist_split_03__seed4__d0.5,0.15,12,b8730995e1cd6857a07b009976bf68baea1a9aa4298d2fe21ae2d2d8582827d2
resnext29_8x64d__pathmnist_split_03__seed4__d0.5,0.2,12,b5417996bf2fd11b220374928b40c28fdbd408019714f90a12880525d75e81dc
resnext29_8x64d__pathmnist_split_03__seed4__d0.5,0.25,12,125010099f2800044e763ba78cc5741c0be6ace7047236c7a452cd1eda2218b5
resnext29_8x64d__pathmnist_split_03__seed4__d0.5,0.3,12,3bac23cb9a7039f7fe7a5e0e49c60f01a608350b8960a531fd508469097bcb60
resnext29_8x64d__pathmnist_split_03__seed4__d5.0,0.05,12,26f0260ffdfbb05a2e9bc0b615cf222d166b022fe342a826701f49b861864e4d
resnext29_8x64d__pathmnist_split_03__seed4__d5.0,0.1,12,745b296a8758c751d52b057bfdaf32c88a4fbb226a41b04bc8c899ae47be091f
resnext29_8x64d__pathmnist_split_03__seed4__d5.0,0.15,12,360b33be6607937a1d709ebdc62cb2731395cccad45b5a09aa66aeb0c78b25c7
resnext29_8x64d__pathmnist_split_03__seed4__d5.0,0.2,12,e8966ac51653e9466b69ae634e58d335c3341401e2dffa4e7e34bd1682e5c60a
resnext29_8x64d__pathmnist_split_03__seed4__d5.0,0.25,12,4202771e1441f2c297bd28c73eef2ab1ef47dd0adb9eb9230562b8c75bb2336d
resnext29_8x64d__pathmnist_split_03__seed4__d5.0,0.3,12,9b00ce01d92202442f057fe94cde74f8947b3a9de85959589257dfd52639e8ba
resnext29_8x64d__pathmnist_split_04__seed0__d0.5,0.05,12,a9789c692ba7aebb122c39a652126faf8ec07733f7797f11117c3525b8a7e460
resnext29_8x64d__pathmnist_split_04__seed0__d0.5,0.1,12,66dd55debb9279cf64f1f0d8d8fd897cb9b730893ba0074c38fd035fc34b1ae7
resnext29_8x64d__pathmnist_split_04__seed0__d0.5,0.15,12,6cf4ae2eab2b60386a5346741ae579fea9566e8c2edc282c2c903fe67fd4a354
resnext29_8x64d__pathmnist_split_04__seed0__d0.5,0.2,12,91a3a45d5c5fa4ea6e58c0a2b715db09a550a4b280cad8acc044c14f509e8dcf
resnext29_8x64d__pathmnist_split_04__seed0__d0.5,0.25,12,b293ee964badb7aef4ec0376fe6b44f5cf2b9a476aabae5d59eb0c0359edef92
resnext29_8x64d__pathmnist_split_04__seed0__d0.5,0.3,12,d8bdb8e325698209307f5b625e6b47860267990cfcbd00060390255d722c735f
resnext29_8x64d__pathmnist_split_04__seed0__d5.0,0.05,12,30d2be3f6411c7bcacf1217007ebb04d036f7c2c9552578f24ec5e2c34b0d49b
resnext29_8x64d__pathmnist_split_04__seed0__d5.0,0.1,12,2e5951a8d17132c1aa50be09e3a9808fa914bfcfedd58a5c5306800805120aa5
resnext29_8x64d__pathmnist_split_04__seed0__d5.0,0.15,12,b4f7b8a2392ebbfed84b412e317e0effd7190ade991100517cd4b1c2e5f6ae4a
resnext29_8x64d__pathmnist_split_04__seed0__d5.0,0.2,12,e3215cbfa5493c7ca4e0f89a8c5817e14899e5fbdd934c9714328db7ce94837a
resnext29_8x64d__pathmnist_split_04__seed0__d5.0,0.25,12,5a9d656a48998f72c795f1d9ac472bf0aeaf4c21f104cc088fc7db91db20bb3e
resnext29_8x64d__pathmnist_split_04__seed0__d5.0,0.3,12,03649a15c742ddcdad539c2452608327d277a3bba79613eeedbccd6c326211ec
resnext29_8x64d__pathmnist_split_04__seed1__d0.5,0.05,12,c77cae7e9f3a48c74923121c7bdbdbfcc5cd1a0d7aab6dcce1af0d7043e35a70
resnext29_8x64d__pathmnist_split_04__seed1__d0.5,0.1,12,f661590c2d86533942f87f5b37eff61344476f21a79853cbc8be85ca5ef691e3
resnext29_8x64d__pathmnist_split_04__seed1__d0.5,0.15,12,029efbc39c00fa9422d5eb972c03689fac6b81f66ab24fcbdd96778b8ec9466e
resnext29_8x64d__pathmnist_split_04__seed1__d0.5,0.2,12,15f99d70dc1f7e18e7ef372ef5ad8deb928b3978995943418a607cfe72f9cb75
resnext29_8x64d__pathmnist_split_04__seed1__d0.5,0.25,12,b18e7c78ec80fa6588b6aca0b63018b11b6ecfe5b3ab7b6b8d2cab3a59340289
resnext29_8x64d__pathmnist_split_04__seed1__d0.5,0.3,12,853622948a186ad57aa922ff75720a014899dd78edbe93bdeb2dbbf5a7a49328
resnext29_8x64d__pathmnist_split_04__seed1__d5.0,0.05,12,c392711c9e2f00c3ce7ee5d5e1b2f8f89e1d04ff634b321ddf29b1f9eaa57f23
resnext29_8x64d__pathmnist_split_04__seed1__d5.0,0.1,12,c61bef02b1b6661f5e0daef6be991cde7ea1592e8fa8583cf3e87a6db072887b
resnext29_8x64d__pathmnist_split_04__seed1__d5.0,0.15,12,317c5fd54ee0a51d3160d5527b2b97813ff46bca98e691f58f945e52bb9fc946
resnext29_8x64d__pathmnist_split_04__seed1__d5.0,0.2,12,74e06ec83300ec9936acdb80119fb4e80392da7f2f91cdd6ad31cbee48757756
resnext29_8x64d__pathmnist_split_04__seed1__d5.0,0.25,12,e8e5a6052435cb86cdd4402940596e6d9fc5142e5eea7169a06d4c185f2081e9
resnext29_8x64d__pathmnist_split_04__seed1__d5.0,0.3,12,c1511702d1dcef1efe2cc03c01a37b114775eed962462d897d9dc418a87bcf33
resnext29_8x64d__pathmnist_split_04__seed2__d0.5,0.05,12,c12e617f30d4fb7b32ac4723f69e86cd23ca6bd9cbcc27ab164fa2ea753e54c0
resnext29_8x64d__pathmnist_split_04__seed2__d0.5,0.1,12,9c6fc7e29b6e88e49add8255f1765518b49867dcc43812f560f43a4d34b7159d
resnext29_8x64d__pathmnist_split_04__seed2__d0.5,0.15,12,8b35294e5c67dbfccd8b14de4001b366f34c4bafab8117b1424b97e8baf8e786
resnext29_8x64d__pathmnist_split_04__seed2__d0.5,0.2,12,697926d1613ba6e2b28fe3b42a2d98eaf1c5e7bd530ce6e936407d81ad7b1710
resnext29_8x64d__pathmnist_split_04__seed2__d0.5,0.25,12,35d95ae38ce43e4f17081a21adb020ea6401dc057f2ce51326cd1a8980bc40c8
resnext29_8x64d__pathmnist_split_04__seed2__d0.5,0.3,12,d0f8b48c5cb5ed295fb8d8be36d41e23151f832bb36328f70c91a104f1a930b3
resnext29_8x64d__pathmnist_split_04__seed2__d5.0,0.05,12,ab53822f5c090235beabae0133291c12e8cca14afa210597f065c7e561d7409f
resnext29_8x64d__pathmnist_split_04__seed2__d5.0,0.1,12,cedb1ec6637bff85bf926390690533f6188cf9f4bfe319e04eef5de0a2be0f4c
resnext29_8x64d__pathmnist_split_04__seed2__d5.0,0.15,12,484675e5c8517f8989a6caf40ff316462ca623a0cddfe8c01208c6d4b33dd947
resnext29_8x64d__pathmnist_split_04__seed2__d5.0,0.2,12,740a45d6843b86b04885eef3a79946694204223a237c30ba085406af0b88468d
resnext29_8x64d__pathmnist_split_04__seed2__d5.0,0.25,12,17d623fd3b7c662dde3592e6e4aa04c4488b808a0bdbf7d3938b9f2a98d07ee0
resnext29_8x64d__pathmnist_split_04__seed2__d5.0,0.3,12,ca166bc8b9b43e8bd8c770f687539cfe107413d5bfc8b409fd2663d4906d2146
resnext29_8x64d__pathmnist_split_04__seed3__d0.5,0.05,12,dcfb070f1205b5578e1b70c9a24ca1e78d877efe0160ec4d7ee1178bb0905abc
resnext29_8x64d__pathmnist_split_04__seed3__d0.5,0.1,12,1e39bec8719bb23259c15d11ceb6dd86e2d694d3a1bb84c1e4bdfdebd4a76343
resnext29_8x64d__pathmnist_split_04__seed3__d0.5,0.15,12,2fc893a652a1a922a39296afb059f1c0e2a3fae878e7e3970f77f4a5b356d434
resnext29_8x64d__pathmnist_split_04__seed3__d0.5,0.2,12,72ed1c428a505ac6d29e37feac2de186a626068105e4adf28300f9699f707b92
resnext29_8x64d__pathmnist_split_04__seed3__d0.5,0.25,12,6925aa6c7d0362dcc908c84d44e8bbc933a0a6f68582e9a1503d13a49dd730d5
resnext29_8x64d__pathmnist_split_04__seed3__d0.5,0.3,12,888f3ea124876dc606f42da523c6f50b1ce49f6d9bf04a1efe19d4cca3f226cf
resnext29_8x64d__pathmnist_split_04__seed3__d5.0,0.05,12,d1453cc614f02ba8239698a0097d0d82b7084bb6e7eaea8031192910d9b76cd0
resnext29_8x64d__pathmnist_split_04__seed3__d5.0,0.1,12,e064253a2fef5b5025659509c2a986b3e0dafffaceedc3d864294d80568836ee
resnext29_8x64d__pathmnist_split_04__seed3__d5.0,0.15,12,6e1c61a34e675e25dcbab4f64b37af6e691aa0243ab3c5350e512d6be570749a
resnext29_8x64d__pathmnist_split_04__seed3__d5.0,0.2,12,fa1f540a07e1fffcb7a8d238828882f4cc856dbefe20c0cce136cb24c1d03c3b
resnext29_8x64d__pathmnist_split_04__seed3__d5.0,0.25,12,9e14c613a795e7503fc4fd7fb630728e2a6181433d14df0ac2ef43ec46d264c7
resnext29_8x64d__pathmnist_split_04__seed3__d5.0,0.3,12,277d5c58c146662bafcc038a826c5bf47cc1eb176cb82172384cc29ce992fe77
resnext29_8x64d__pathmnist_split_04__seed4__d0.5,0.05,12,639b0daa0ce173f9272380133f0b02a7ae6ae12354060ef376a1e82ba9437fe2
resnext29_8x64d__pathmnist_split_04__seed4__d0.5,0.1,12,70c2db531a8da86512b136812fa93c5b4287899c8f5dbcdf2a05feaf18cbbc65
resnext29_8x64d__pathmnist_split_04__seed4__d0.5,0.15,12,33e5e6bab46377d4a5ded1c72ee2ce6ed815725b53ab63e0caad3cfb2d664f96
resnext29_8x64d__pathmnist_split_04__seed4__d0.5,0.2,12,fbb161c60d77ddde78ab50481c39ed41d8a1a07906654d2bb03a38d027bacaa6
resnext29_8x64d__pathmnist_split_04__seed4__d0.5,0.25,12,9d35011e4004fe79f5b8c02c5327a5ddd8b0d18f1872a061e7d8fe3b1c27254b
resnext29_8x64d__pathmnist_split_04__seed4__d0.5,0.3,12,fbc29d52d8d2b22ff211dcc2c183fd2b202d6c83a55b30d3868ddb62bb41edd0
resnext29_8x64d__pathmnist_split_04__seed4__d5.0,0.05,12,50a4853fa306e45e76f13fb693325e7c7bbc46d54e95d26265699c92439f1482
resnext29_8x64d__pathmnist_split_04__seed4__d5.0,0.1,12,b643c20be3a9f9584955936c371037d8da5362eb25dfc537b55c0b3417eef3de
resnext29_8x64d__pathmnist_split_04__seed4__d5.0,0.15,12,394067a2f744041a1b912cb149d72277d08091a2bd66f68ec32665c0d2159fa6
resnext29_8x64d__pathmnist_split_04__seed4__d5.0,0.2,12,adf0910975b6ded6d3ec8424510fd10e226fc5b1d0fcb0291b9a2a5825de5752
resnext29_8x64d__pathmnist_split_04__seed4__d5.0,0.25,12,e1ea1ea204311d7d8ff323aa48e743e2d3c4ffdf29191bff1bf6c03b1d2e4277
resnext29_8x64d__pathmnist_split_04__seed4__d5.0,0.3,12,7656ac9eb7f49c55312f27dc2e184f43e8b8c57145b2b98f9569e4c50aad229c
