semantic_id,dataset,condition,d,arm,alpha,J,M,delta_r,delta_c,legacy_eps_c,theorem_eps_c,holm_min_iut_pvalue,holm_n_risk_rejected,legacy_n_certified_candidates,theorem_n_certified_candidates,coverage_allocation_change,legacy_certified,legacy_selected_index,legacy_selected_score,legacy_selected_gamma,legacy_coverage_lcb,legacy_selected_iut_pvalue,theorem_certified,theorem_selected_index,theorem_selected_score,theorem_selected_gamma,theorem_coverage_lcb,theorem_selected_iut_pvalue,archive_convention_holm_reported_pvalue,selection_changed,certification_transition,archive_available,archive_holm_match,archive_simultaneous_match,archive_match_all
cifar100_proser_fedavg__split00__seed0__d0.1,cifar100,d0.1,0.1,proser_fedavg,0.05,5,12,0.05,0.05,0.0008333333333333334,0.004166666666666667,0.81450625,0,0,0,delta_c/(M J) -> delta_c/M,0,,,,0.0,,0,,,,0.0,,0.81450625,0,0->0,1,1.0,1.0,1.0
cifar100_proser_fedavg__split00__seed0__d0.1,cifar100,d0.1,0.1,proser_fedavg,0.1,5,12,0.05,0.05,0.0008333333333333334,0.004166666666666667,0.5085114053662192,0,0,0,delta_c/(M J) -> delta_c/M,0,,,,0.0,,0,,,,0.0,,0.5085114053662192,0,0->0,1,1.0,1.0,1.0
cifar100_proser_fedavg__split00__seed0__d0.1,cifar100,d0.1,0.1,proser_fedavg,0.15,5,12,0.05,0.05,0.0008333333333333334,0.004166666666666667,0.14691370449569946,0,0,0,delta_c/(M J) -> delta_c/M,0,,,,0.0,,0,,,,0.0,,0.14691370449569946,0,0->0,1,1.0,1.0,1.0
cifar100_proser_fedavg__split00__seed0__d0.1,cifar100,d0.1,0.1,proser_fedavg,0.2,5,12,0.05,0.05,0.0008333333333333334,0.004166666666666667,0.12271080639416353,0,0,0,delta_c/(M J) -> delta_c/M,0,,,,0.0,,0,,,,0.0,,0.12271080639416353,0,0->0,1,1.0,1.0,1.0
cifar100_proser_fedavg__split00__seed0__d0.1,cifar100,d0.1,0.1,proser_fedavg,0.25,5,12,0.05,0.05,0.0008333333333333334,0.004166666666666667,0.005830336286302429,0,0,0,delta_c/(M J) -> delta_c/M,0,,,,0.0,,0,,,,0.0,,0.005830336286302429,0,0->0,1,1.0,1.0,1.0
cifar100_proser_fedavg__split00__seed0__d0.1,cifar100,d0.1,0.1,proser_fedavg,0.3,5,12,0.05,0.05,0.0008333333333333334,0.004166666666666667,0.0019720057836402445,1,1,1,delta_c/(M J) -> delta_c/M,1,0.0,proser,0.3,0.03233162848255164,0.0019720057836402445,1,0.0,proser,0.3,0.03599914767344486,0.0019720057836402445,0.0019720057836402445,0,1->1,1,1.0,1.0,1.0
cifar100_proser_fedavg__split00__seed0__d0.5,cifar100,d0.5,0.5,proser_fedavg,0.05,5,12,0.05,0.05,0.0008333333333333334,0.004166666666666667,0.5883086108947706,0,0,0,delta_c/(M J) -> delta_c/M,0,,,,0.0,,0,,,,0.0,,0.5883086108947706,0,0->0,1,1.0,1.0,1.0
cifar100_proser_fedavg__split00__seed0__d0.5,cifar100,d0.5,0.5,proser_fedavg,0.1,5,12,0.05,0.05,0.0008333333333333334,0.004166666666666667,0.3451482740964763,0,0,0,delta_c/(M J) -> delta_c/M,0,,,,0.0,,0,,,,0.0,,0.3451482740964763,0,0->0,1,1.0,1.0,1.0
cifar100_proser_fedavg__split00__seed0__d0.5,cifar100,d0.5,0.5,proser_fedavg,0.15,5,12,0.05,0.05,0.0008333333333333334,0.004166666666666667,0.10903210847014952,0,0,0,delta_c/(M J) -> delta_c/M,0,,,,0.0,,0,,,,0.0,,0.10903210847014952,0,0->0,1,1.0,1.0,1.0
cifar100_proser_fedavg__split00__seed0__d0.5,cifar100,d0.5,0.5,proser_fedavg,0.2,5,12,0.05,0.05,0.0008333333333333334,0.004166666666666667,0.015139162504312586,0,0,0,delta_c/(M J) -> delta_c/M,0,,,,0.0,,0,,,,0.0,,0.015139162504312586,0,0->0,1,1.0,1.0,1.0
cifar100_proser_fedavg__split00__seed0__d0.5,cifar100,d0.5,0.5,proser_fedavg,0.25,5,12,0.05,0.05,0.0008333333333333334,0.004166666666666667,0.0017680563496270223,2,2,2,delta_c/(M J) -> delta_c/M,1,1.0,proser,0.5,0.08141290406295108,0.00419024299928511,1,1.0,proser,0.5,0.0872520201548094,0.00419024299928511,0.00419024299928511,0,1->1,1,1.0,1.0,1.0
cifar100_proser_fedavg__split00__seed0__d0.5,cifar100,d0.5,0.5,proser_fedavg,0.3,5,12,0.05,0.05,0.0008333333333333334,0.004166666666666667,8.755060151592251e-05,5,5,5,delta_c/(M J) -> delta_c/M,1,9.0,margin,0.5,0.11932776839099495,8.755060151592251e-05,1,9.0,margin,0.5,0.126318742423585,8.755060151592251e-05,8.755060151592251e-05,0,1->1,1,1.0,1.0,1.0
cifar100_proser_fedavg__split00__seed0__d5.0,cifar100,d5,5.0,proser_fedavg,0.05,5,12,0.05,0.05,0.0008333333333333334,0.004166666666666667,0.6302494097246094,0,0,0,delta_c/(M J) -> delta_c/M,0,,,,0.0,,0,,,,0.0,,0.6302494097246094,0,0->0,1,1.0,1.0,1.0
cifar100_proser_fedavg__split00__seed0__d5.0,cifar100,d5,5.0,proser_fedavg,0.1,5,12,0.05,0.05,0.0008333333333333334,0.004166666666666667,0.2798621518107328,0,0,0,delta_c/(M J) -> delta_c/M,0,,,,0.0,,0,,,,0.0,,0.2798621518107328,0,0->0,1,1.0,1.0,1.0
cifar100_proser_fedavg__split00__seed0__d5.0,cifar100,d5,5.0,proser_fedavg,0.15,5,12,0.05,0.05,0.0008333333333333334,0.004166666666666667,0.07849270141771506,0,0,0,delta_c/(M J) -> delta_c/M,0,,,,0.0,,0,,,,0.0,,0.07849270141771506,0,0->0,1,1.0,1.0,1.0
cifar100_proser_fedavg__split00__seed0__d5.0,cifar100,d5,5.0,proser_fedavg,0.2,5,12,0.05,0.05,0.0008333333333333334,0.004166666666666667,0.015139162504312586,0,0,0,delta_c/(M J) -> delta_c/M,0,,,,0.0,,0,,,,0.0,,0.015139162504312586,0,0->0,1,1.0,1.0,1.0
cifar100_proser_fedavg__split00__seed0__d5.0,cifar100,d5,5.0,proser_fedavg,0.25,5,12,0.05,0.05,0.0008333333333333334,0.004166666666666667,0.0007340719117005979,4,4,4,delta_c/(M J) -> delta_c/M,1,9.0,margin,0.5,0.1176481589409964,0.0007340719117005979,1,9.0,margin,0.5,0.12459392772978035,0.0007340719117005979,0.0007340719117005979,0,1->1,1,1.0,1.0,1.0
cifar100_proser_fedavg__split00__seed0__d5.0,cifar100,d5,5.0,proser_fedavg,0.3,5,12,0.05,0.05,0.0008333333333333334,0.004166666666666667,4.337604055919807e-05,5,5,5,delta_c/(M J) -> delta_c/M,1,10.0,margin,0.7,0.2112934729849655,0.003259440883800752,1,10.0,margin,0.7,0.22021668330623334,0.003259440883800752,0.003259440883800752,0,1->1,1,1.0,1.0,1.0
cifar100_proser_fedavg__split00__seed1__d0.1,cifar100,d0.1,0.1,proser_fedavg,0.05,5,12,0.05,0.05,0.0008333333333333334,0.004166666666666667,0.9025,0,0,0,delta_c/(M J) -> delta_c/M,0,,,,0.0,,0,,,,0.0,,0.9025,0,0->0,1,1.0,1.0,1.0
cifar100_proser_fedavg__split00__seed1__d0.1,cifar100,d0.1,0.1,proser_fedavg,0.1,5,12,0.05,0.05,0.0008333333333333334,0.004166666666666667,0.7748409780000001,0,0,0,delta_c/(M J) -> delta_c/M,0,,,,0.0,,0,,,,0.0,,0.7748409780000001,0,0->0,1,1.0,1.0,1.0
cifar100_proser_fedavg__split00__seed1__d0.1,cifar100,d0.1,0.1,proser_fedavg,0.15,5,12,0.05,0.05,0.0008333333333333334,0.004166666666666667,0.5994791550859375,0,0,0,delta_c/(M J) -> delta_c/M,0,,,,0.0,,0,,,,0.0,,0.5994791550859375,0,0->0,1,1.0,1.0,1.0
cifar100_proser_fedavg__split00__seed1__d0.1,cifar100,d0.1,0.1,proser_fedavg,0.2,5,12,0.05,0.05,0.0008333333333333334,0.004166666666666667,0.40069167822614177,0,0,0,delta_c/(M J) -> delta_c/M,0,,,,0.0,,0,,,,0.0,,0.40069167822614177,0,0->0,1,1.0,1.0,1.0
cifar100_proser_fedavg__split00__seed1__d0.1,cifar100,d0.1,0.1,proser_fedavg,0.25,5,12,0.05,0.05,0.0008333333333333334,0.004166666666666667,0.08276453110444211,0,0,0,delta_c/(M J) -> delta_c/M,0,,,,0.0,,0,,,,0.0,,0.08276453110444211,0,0->0,1,1.0,1.0,1.0
cifar100_proser_fedavg__split00__seed1__d0.1,cifar100,d0.1,0.1,proser_fedavg,0.3,5,12,0.05,0.05,0.0008333333333333334,0.004166666666666667,0.047426891734416055,0,0,0,delta_c/(M J) -> delta_c/M,0,,,,0.0,,0,,,,0.0,,0.047426891734416055,0,0->0,1,1.0,1.0,1.0
cifar100_proser_fedavg__split00__seed1__d0.5,cifar100,d0.5,0.5,proser_fedavg,0.05,5,12,0.05,0.05,0.0008333333333333334,0.004166666666666667,0.6302494097246094,0,0,0,delta_c/(M J) -> delta_c/M,0,,,,0.0,,0,,,,0.0,,0.6302494097246094,0,0->0,1,1.0,1.0,1.0
cifar100_proser_fedavg__split00__seed1__d0.5,cifar100,d0.5,0.5,proser_fedavg,0.1,5,12,0.05,0.05,0.0008333333333333334,0.004166666666666667,0.2512642956921486,0,0,0,delta_c/(M J) -> delta_c/M,0,,,,0.0,,0,,,,0.0,,0.2512642956921486,0,0->0,1,1.0,1.0,1.0
cifar100_proser_fedavg__split00__seed1__d0.5,cifar100,d0.5,0.5,proser_fedavg,0.15,5,12,0.05,0.05,0.0008333333333333334,0.004166666666666667,0.13589485101897147,0,0,0,delta_c/(M J) -> delta_c/M,0,,,,0.0,,0,,,,0.0,,0.13589485101897147,0,0->0,1,1.0,1.0,1.0
cifar100_proser_fedavg__split00__seed1__d0.5,cifar100,d0.5,0.5,proser_fedavg,0.2,5,12,0.05,0.05,0.0008333333333333334,0.004166666666666667,0.015474250491067277,0,0,0,delta_c/(M J) -> delta_c/M,0,,,,0.0,,0,,,,0.0,,0.015474250491067277,0,0->0,1,1.0,1.0,1.0
cifar100_proser_fedavg__split00__seed1__d0.5,cifar100,d0.5,0.5,proser_fedavg,0.25,5,12,0.05,0.05,0.0008333333333333334,0.004166666666666667,0.008941835458288246,0,0,0,delta_c/(M J) -> delta_c/M,0,,,,0.0,,0,,,,0.0,,0.008941835458288246,0,0->0,1,1.0,1.0,1.0
cifar100_proser_fedavg__split00__seed1__d0.5,cifar100,d0.5,0.5,proser_fedavg,0.3,5,12,0.05,0.05,0.0008333333333333334,0.004166666666666667,0.0003502341607020911,6,6,6,delta_c/(M J) -> delta_c/M,1,2.0,proser,0.7,0.15340387281903298,0.006553943457551685,1,2.0,proser,0.7,0.16122291557743426,0.006553943457551685,0.006553943457551685,0,1->1,1,1.0,1.0,1.0
cifar100_proser_fedavg__split00__seed1__d5.0,cifar100,d5,5.0,proser_fedavg,0.05,5,12,0.05,0.05,0.0008333333333333334,0.004166666666666667,0.3235335449737094,0,0,0,delta_c/(M J) -> delta_c/M,0,,,,0.0,,0,,,,0.0,,0.3235335449737094,0,0->0,1,1.0,1.0,1.0
cifar100_proser_fedavg__split00__seed1__d5.0,cifar100,d5,5.0,proser_fedavg,0.1,5,12,0.05,0.05,0.0008333333333333334,0.004166666666666667,0.08862938119652498,0,0,0,delta_c/(M J) -> delta_c/M,0,,,,0.0,,0,,,,0.0,,0.08862938119652498,0,0->0,1,1.0,1.0,1.0
cifar100_proser_fedavg__split00__seed1__d5.0,cifar100,d5,5.0,proser_fedavg,0.15,5,12,0.05,0.05,0.0008333333333333334,0.004166666666666667,0.018257016801010415,0,0,0,delta_c/(M J) -> delta_c/M,0,,,,0.0,,0,,,,0.0,,0.018257016801010415,0,0->0,1,1.0,1.0,1.0
cifar100_proser_fedavg__split00__seed1__d5.0,cifar100,d5,5.0,proser_fedavg,0.2,5,12,0.05,0.05,0.0008333333333333334,0.004166666666666667,0.0028733122189925635,1,1,1,delta_c/(M J) -> delta_c/M,1,8.0,margin,0.3,0.04701706332639797,0.0028733122189925635,1,8.0,margin,0.3,0.051463406805451854,0.0028733122189925635,0.0028733122189925635,0,1->1,1,1.0,1.0,1.0
cifar100_proser_fedavg__split00__seed1__d5.0,cifar100,d5,5.0,proser_fedavg,0.25,5,12,0.05,0.05,0.0008333333333333334,0.004166666666666667,0.00014330035395217918,4,4,4,delta_c/(M J) -> delta_c/M,1,1.0,proser,0.5,0.10596388684888425,0.0002998991265448755,1,1.0,proser,0.5,0.11258177168812457,0.0002998991265448755,0.0002998991265448755,0,1->1,1,1.0,1.0,1.0
cifar100_proser_fedavg__split00__seed1__d5.0,cifar100,d5,5.0,proser_fedavg,0.3,5,12,0.05,0.05,0.0008333333333333334,0.004166666666666667,2.7766031138774574e-05,5,5,5,delta_c/(M J) -> delta_c/M,1,5.0,energy,0.5,0.1328517632310836,0.00029584838509199603,1,5.0,energy,0.5,0.14019070027175998,0.00029584838509199603,0.00029584838509199603,0,1->1,1,1.0,1.0,1.0
cifar100_proser_fedavg__split00__seed2__d0.1,cifar100,d0.1,0.1,proser_fedavg,0.05,5,12,0.05,0.05,0.0008333333333333334,0.004166666666666667,0.9287886038046875,0,0,0,delta_c/(M J) -> delta_c/M,0,,,,0.0,,0,,,,0.0,,0.9287886038046875,0,0->0,1,1.0,1.0,1.0
cifar100_proser_fedavg__split00__seed2__d0.1,cifar100,d0.1,0.1,proser_fedavg,0.1,5,12,0.05,0.05,0.0008333333333333334,0.004166666666666667,0.7409416268029487,0,0,0,delta_c/(M J) -> delta_c/M,0,,,,0.0,,0,,,,0.0,,0.7409416268029487,0,0->0,1,1.0,1.0,1.0
cifar100_proser_fedavg__split00__seed2__d0.1,cifar100,d0.1,0.1,proser_fedavg,0.15,5,12,0.05,0.05,0.0008333333333333334,0.004166666666666667,0.43551774867890924,0,0,0,delta_c/(M J) -> delta_c/M,0,,,,0.0,,0,,,,0.0,,0.43551774867890924,0,0->0,1,1.0,1.0,1.0
cifar100_proser_fedavg__split00__seed2__d0.1,cifar100,d0.1,0.1,proser_fedavg,0.2,5,12,0.05,0.05,0.0008333333333333334,0.004166666666666667,0.16186313601664234,0,0,0,delta_c/(M J) -> delta_c/M,0,,,,0.0,,0,,,,0.0,,0.16186313601664234,0,0->0,1,1.0,1.0,1.0
cifar100_proser_fedavg__split00__seed2__d0.1,cifar100,d0.1,0.1,proser_fedavg,0.25,5,12,0.05,0.05,0.0008333333333333334,0.004166666666666667,0.019178591882951374,0,0,0,delta_c/(M J) -> delta_c/M,0,,,,0.0,,0,,,,0.0,,0.019178591882951374,0,0->0,1,1.0,1.0,1.0
cifar100_proser_fedavg__split00__seed2__d0.1,cifar100,d0.1,0.1,proser_fedavg,0.3,5,12,0.05,0.05,0.0008333333333333334,0.004166666666666667,0.002975078889827413,1,1,1,delta_c/(M J) -> delta_c/M,1,8.0,margin,0.3,0.05308766076529248,0.002975078889827413,1,8.0,margin,0.3,0.05781552689417223,0.002975078889827413,0.002975078889827413,0,1->1,1,1.0,1.0,1.0
cifar100_proser_fedavg__split00__seed2__d0.5,cifar100,d0.5,0.5,proser_fedavg,0.05,5,12,0.05,0.05,0.0008333333333333334,0.004166666666666667,0.9245163262115037,0,0,0,delta_c/(M J) -> delta_c/M,0,,,,0.0,,0,,,,0.0,,0.9245163262115037,0,0->0,1,1.0,1.0,1.0
cifar100_proser_fedavg__split00__seed2__d0.5,cifar100,d0.5,0.5,proser_fedavg,0.1,5,12,0.05,0.05,0.0008333333333333334,0.004166666666666667,0.5919567312014817,0,0,0,delta_c/(M J) -> delta_c/M,0,,,,0.0,,0,,,,0.0,,0.5919567312014817,0,0->0,1,1.0,1.0,1.0
cifar100_proser_fedavg__split00__seed2__d0.5,cifar100,d0.5,0.5,proser_fedavg,0.15,5,12,0.05,0.05,0.0008333333333333334,0.004166666666666667,0.5244687463256048,0,0,0,delta_c/(M J) -> delta_c/M,0,,,,0.0,,0,,,,0.0,,0.5244687463256048,0,0->0,1,1.0,1.0,1.0
cifar100_proser_fedavg__split00__seed2__d0.5,cifar100,d0.5,0.5,proser_fedavg,0.2,5,12,0.05,0.05,0.0008333333333333334,0.004166666666666667,0.32902960716158325,0,0,0,delta_c/(M J) -> delta_c/M,0,,,,0.0,,0,,,,0.0,,0.32902960716158325,0,0->0,1,1.0,1.0,1.0
cifar100_proser_fedavg__split00__seed2__d0.5,cifar100,d0.5,0.5,proser_fedavg,0.25,5,12,0.05,0.05,0.0008333333333333334,0.004166666666666667,0.21803881087035637,0,0,0,delta_c/(M J) -> delta_c/M,0,,,,0.0,,0,,,,0.0,,0.21803881087035637,0,0->0,1,1.0,1.0,1.0
cifar100_proser_fedavg__split00__seed2__d0.5,cifar100,d0.5,0.5,proser_fedavg,0.3,5,12,0.05,0.05,0.0008333333333333334,0.004166666666666667,0.034410163334432885,0,0,0,delta_c/(M J) -> delta_c/M,0,,,,0.0,,0,,,,0.0,,0.034410163334432885,0,0->0,1,1.0,1.0,1.0
cifar100_proser_fedavg__split00__seed2__d5.0,cifar100,d5,5.0,proser_fedavg,0.05,5,12,0.05,0.05,0.0008333333333333334,0.004166666666666667,0.6983372960937501,0,0,0,delta_c/(M J) -> delta_c/M,0,,,,0.0,,0,,,,0.0,,0.6983372960937501,0,0->0,1,1.0,1.0,1.0
cifar100_proser_fedavg__split00__seed2__d5.0,cifar100,d5,5.0,proser_fedavg,0.1,5,12,0.05,0.05,0.0008333333333333334,0.004166666666666667,0.4782968999999999,0,0,0,delta_c/(M J) -> delta_c/M,0,,,,0.0,,0,,,,0.0,,0.4782968999999999,0,0->0,1,1.0,1.0,1.0
cifar100_proser_fedavg__split00__seed2__d5.0,cifar100,d5,5.0,proser_fedavg,0.15,5,12,0.05,0.05,0.0008333333333333334,0.004166666666666667,0.3079590092906231,0,0,0,delta_c/(M J) -> delta_c/M,0,,,,0.0,,0,,,,0.0,,0.3079590092906231,0,0->0,1,1.0,1.0,1.0
cifar100_proser_fedavg__split00__seed2__d5.0,cifar100,d5,5.0,proser_fedavg,0.2,5,12,0.05,0.05,0.0008333333333333334,0.004166666666666667,0.20608471894847413,0,0,0,delta_c/(M J) -> delta_c/M,0,,,,0.0,,0,,,,0.0,,0.20608471894847413,0,0->0,1,1.0,1.0,1.0
cifar100_proser_fedavg__split00__seed2__d5.0,cifar100,d5,5.0,proser_fedavg,0.25,5,12,0.05,0.05,0.0008333333333333334,0.004166666666666667,0.04327398257201562,0,0,0,delta_c/(M J) -> delta_c/M,0,,,,0.0,,0,,,,0.0,,0.04327398257201562,0,0->0,1,1.0,1.0,1.0
cifar100_proser_fedavg__split00__seed2__d5.0,cifar100,d5,5.0,proser_fedavg,0.3,5,12,0.05,0.05,0.0008333333333333334,0.004166666666666667,0.006743659344595928,0,0,0,delta_c/(M J) -> delta_c/M,0,,,,0.0,,0,,,,0.0,,0.006743659344595928,0,0->0,1,1.0,1.0,1.0
cifar100_proser_fedavg__split00__seed3__d0.1,cifar100,d0.1,0.1,proser_fedavg,0.05,5,12,0.05,0.05,0.0008333333333333334,0.004166666666666667,0.5883086108947706,0,0,0,delta_c/(M J) -> delta_c/M,0,,,,0.0,,0,,,,0.0,,0.5883086108947706,0,0->0,1,1.0,1.0,1.0
cifar100_proser_fedavg__split00__seed3__d0.1,cifar100,d0.1,0.1,proser_fedavg,0.1,5,12,0.05,0.05,0.0008333333333333334,0.004166666666666667,0.22876792454960992,0,0,0,delta_c/(M J) -> delta_c/M,0,,,,0.0,,0,,,,0.0,,0.22876792454960992,0,0->0,1,1.0,1.0,1.0
cifar100_proser_fedavg__split00__seed3__d0.1,cifar100,d0.1,0.1,proser_fedavg,0.15,5,12,0.05,0.05,0.0008333333333333334,0.004166666666666667,0.28390121207906793,0,0,0,delta_c/(M J) -> delta_c/M,0,,,,0.0,,0,,,,0.0,,0.28390121207906793,0,0->0,1,1.0,1.0,1.0
cifar100_proser_fedavg__split00__seed3__d0.1,cifar100,d0.1,0.1,proser_fedavg,0.2,5,12,0.05,0.05,0.0008333333333333334,0.004166666666666667,0.3320413933267723,0,0,0,delta_c/(M J) -> delta_c/M,0,,,,0.0,,0,,,,0.0,,0.3320413933267723,0,0->0,1,1.0,1.0,1.0
cifar100_proser_fedavg__split00__seed3__d0.1,cifar100,d0.1,0.1,proser_fedavg,0.25,5,12,0.05,0.05,0.0008333333333333334,0.004166666666666667,0.12924965635793884,0,0,0,delta_c/(M J) -> delta_c/M,0,,,,0.0,,0,,,,0.0,,0.12924965635793884,0,0->0,1,1.0,1.0,1.0
cifar100_proser_fedavg__split00__seed3__d0.1,cifar100,d0.1,0.1,proser_fedavg,0.3,5,12,0.05,0.05,0.0008333333333333334,0.004166666666666667,0.020799973368403345,0,0,0,delta_c/(M J) -> delta_c/M,0,,,,0.0,,0,,,,0.0,,0.020799973368403345,0,0->0,1,1.0,1.0,1.0
cifar100_proser_fedavg__split00__seed3__d0.5,cifar100,d0.5,0.5,proser_fedavg,0.05,5,12,0.05,0.05,0.0008333333333333334,0.004166666666666667,0.9138616441006836,0,0,0,delta_c/(M J) -> delta_c/M,0,,,,0.0,,0,,,,0.0,,0.9138616441006836,0,0->0,1,1.0,1.0,1.0
cifar100_proser_fedavg__split00__seed3__d0.5,cifar100,d0.5,0.5,proser_fedavg,0.1,5,12,0.05,0.05,0.0008333333333333334,0.004166666666666667,0.671047965015082,0,0,0,delta_c/(M J) -> delta_c/M,0,,,,0.0,,0,,,,0.0,,0.671047965015082,0,0->0,1,1.0,1.0,1.0
cifar100_proser_fedavg__split00__seed3__d0.5,cifar100,d0.5,0.5,proser_fedavg,0.15,5,12,0.05,0.05,0.0008333333333333334,0.004166666666666667,0.22453516640321552,0,0,0,delta_c/(M J) -> delta_c/M,0,,,,0.0,,0,,,,0.0,,0.22453516640321552,0,0->0,1,1.0,1.0,1.0
cifar100_proser_fedavg__split00__seed3__d0.5,cifar100,d0.5,0.5,proser_fedavg,0.2,5,12,0.05,0.05,0.0008333333333333334,0.004166666666666667,0.10309555453285166,0,0,0,delta_c/(M J) -> delta_c/M,0,,,,0.0,,0,,,,0.0,,0.10309555453285166,0,0->0,1,1.0,1.0,1.0
cifar100_proser_fedavg__split00__seed3__d0.5,cifar100,d0.5,0.5,proser_fedavg,0.25,5,12,0.05,0.05,0.0008333333333333334,0.004166666666666667,0.007181720972862961,0,0,0,delta_c/(M J) -> delta_c/M,0,,,,0.0,,0,,,,0.0,,0.007181720972862961,0,0->0,1,1.0,1.0,1.0
cifar100_proser_fedavg__split00__seed3__d0.5,cifar100,d0.5,0.5,proser_fedavg,0.3,5,12,0.05,0.05,0.0008333333333333334,0.004166666666666667,0.0013693066173963966,2,2,2,delta_c/(M J) -> delta_c/M,1,8.0,margin,0.3,0.0830263553837871,0.0013693066173963966,1,8.0,margin,0.3,0.0889210237552595,0.0013693066173963966,0.0013693066173963966,0,1->1,1,1.0,1.0,1.0
cifar100_proser_fedavg__split00__seed3__d5.0,cifar100,d5,5.0,proser_fedavg,0.05,5,12,0.05,0.05,0.0008333333333333334,0.004166666666666667,0.857375,0,0,0,delta_c/(M J) -> delta_c/M,0,,,,0.0,,0,,,,0.0,,0.857375,0,0->0,1,1.0,1.0,1.0
cifar100_proser_fedavg__split00__seed3__d5.0,cifar100,d5,5.0,proser_fedavg,0.1,5,12,0.05,0.05,0.0008333333333333334,0.004166666666666667,0.659002251789,0,0,0,delta_c/(M J) -> delta_c/M,0,,,,0.0,,0,,,,0.0,,0.659002251789,0,0->0,1,1.0,1.0,1.0
cifar100_proser_fedavg__split00__seed3__d5.0,cifar100,d5,5.0,proser_fedavg,0.15,5,12,0.05,0.05,0.0008333333333333334,0.004166666666666667,0.4880498144943983,0,0,0,delta_c/(M J) -> delta_c/M,0,,,,0.0,,0,,,,0.0,,0.4880498144943983,0,0->0,1,1.0,1.0,1.0
cifar100_proser_fedavg__split00__seed3__d5.0,cifar100,d5,5.0,proser_fedavg,0.2,5,12,0.05,0.05,0.0008333333333333334,0.004166666666666667,0.16915708791263115,0,0,0,delta_c/(M J) -> delta_c/M,0,,,,0.0,,0,,,,0.0,,0.16915708791263115,0,0->0,1,1.0,1.0,1.0
cifar100_proser_fedavg__split00__seed3__d5.0,cifar100,d5,5.0,proser_fedavg,0.25,5,12,0.05,0.05,0.0008333333333333334,0.004166666666666667,0.0289487811072561,0,0,0,delta_c/(M J) -> delta_c/M,0,,,,0.0,,0,,,,0.0,,0.0289487811072561,0,0->0,1,1.0,1.0,1.0
cifar100_proser_fedavg__split00__seed3__d5.0,cifar100,d5,5.0,proser_fedavg,0.3,5,12,0.05,0.05,0.0008333333333333334,0.004166666666666667,0.0015027856818711376,1,1,1,delta_c/(M J) -> delta_c/M,1,0.0,proser,0.3,0.07980312753011055,0.0015027856818711376,1,0.0,proser,0.3,0.08558611885182409,0.0015027856818711376,0.0015027856818711376,0,1->1,1,1.0,1.0,1.0
cifar100_proser_fedavg__split00__seed4__d0.1,cifar100,d0.1,0.1,proser_fedavg,0.05,5,12,0.05,0.05,0.0008333333333333334,0.004166666666666667,0.9025,0,0,0,delta_c/(M J) -> delta_c/M,0,,,,0.0,,0,,,,0.0,,0.9025,0,0->0,1,1.0,1.0,1.0
cifar100_proser_fedavg__split00__seed4__d0.1,cifar100,d0.1,0.1,proser_fedavg,0.1,5,12,0.05,0.05,0.0008333333333333334,0.004166666666666667,0.8099999999999999,0,0,0,delta_c/(M J) -> delta_c/M,0,,,,0.0,,0,,,,0.0,,0.8099999999999999,0,0->0,1,1.0,1.0,1.0
cifar100_proser_fedavg__split00__seed4__d0.1,cifar100,d0.1,0.1,proser_fedavg,0.15,5,12,0.05,0.05,0.0008333333333333334,0.004166666666666667,0.7225,0,0,0,delta_c/(M J) -> delta_c/M,0,,,,0.0,,0,,,,0.0,,0.7225,0,0->0,1,1.0,1.0,1.0
cifar100_proser_fedavg__split00__seed4__d0.1,cifar100,d0.1,0.1,proser_fedavg,0.2,5,12,0.05,0.05,0.0008333333333333334,0.004166666666666667,0.6399999999999999,0,0,0,delta_c/(M J) -> delta_c/M,0,,,,0.0,,0,,,,0.0,,0.6399999999999999,0,0->0,1,1.0,1.0,1.0
cifar100_proser_fedavg__split00__seed4__d0.1,cifar100,d0.1,0.1,proser_fedavg,0.25,5,12,0.05,0.05,0.0008333333333333334,0.004166666666666667,0.4552009105682373,0,0,0,delta_c/(M J) -> delta_c/M,0,,,,0.0,,0,,,,0.0,,0.4552009105682373,0,0->0,1,1.0,1.0,1.0
cifar100_proser_fedavg__split00__seed4__d0.1,cifar100,d0.1,0.1,proser_fedavg,0.3,5,12,0.05,0.05,0.0008333333333333334,0.004166666666666667,0.2391545443344336,0,0,0,delta_c/(M J) -> delta_c/M,0,,,,0.0,,0,,,,0.0,,0.2391545443344336,0,0->0,1,1.0,1.0,1.0
cifar100_proser_fedavg__split00__seed4__d0.5,cifar100,d0.5,0.5,proser_fedavg,0.05,5,12,0.05,0.05,0.0008333333333333334,0.004166666666666667,0.9138616441006836,0,0,0,delta_c/(M J) -> delta_c/M,0,,,,0.0,,0,,,,0.0,,0.9138616441006836,0,0->0,1,1.0,1.0,1.0
cifar100_proser_fedavg__split00__seed4__d0.5,cifar100,d0.5,0.5,proser_fedavg,0.1,5,12,0.05,0.05,0.0008333333333333334,0.004166666666666667,0.36668351908062047,0,0,0,delta_c/(M J) -> delta_c/M,0,,,,0.0,,0,,,,0.0,,0.36668351908062047,0,0->0,1,1.0,1.0,1.0
cifar100_proser_fedavg__split00__seed4__d0.5,cifar100,d0.5,0.5,proser_fedavg,0.15,5,12,0.05,0.05,0.0008333333333333334,0.004166666666666667,0.24954491564860307,0,0,0,delta_c/(M J) -> delta_c/M,0,,,,0.0,,0,,,,0.0,,0.24954491564860307,0,0->0,1,1.0,1.0,1.0
cifar100_proser_fedavg__split00__seed4__d0.5,cifar100,d0.5,0.5,proser_fedavg,0.2,5,12,0.05,0.05,0.0008333333333333334,0.004166666666666667,0.02576155896167122,0,0,0,delta_c/(M J) -> delta_c/M,0,,,,0.0,,0,,,,0.0,,0.02576155896167122,0,0->0,1,1.0,1.0,1.0
cifar100_proser_fedavg__split00__seed4__d0.5,cifar100,d0.5,0.5,proser_fedavg,0.25,5,12,0.05,0.05,0.0008333333333333334,0.004166666666666667,0.020548101750187318,0,0,0,delta_c/(M J) -> delta_c/M,0,,,,0.0,,0,,,,0.0,,0.020548101750187318,0,0->0,1,1.0,1.0,1.0
cifar100_proser_fedavg__split00__seed4__d0.5,cifar100,d0.5,0.5,proser_fedavg,0.3,5,12,0.05,0.05,0.0008333333333333334,0.004166666666666667,0.0007369193898284606,1,1,1,delta_c/(M J) -> delta_c/M,1,8.0,margin,0.3,0.05615803634259005,0.0007369193898284606,1,8.0,margin,0.3,0.061021268059513294,0.0007369193898284606,0.0007369193898284606,0,1->1,1,1.0,1.0,1.0
cifar100_proser_fedavg__split00__seed4__d5.0,cifar100,d5,5.0,proser_fedavg,0.05,5,12,0.05,0.05,0.0008333333333333334,0.004166666666666667,0.849505567685617,0,0,0,delta_c/(M J) -> delta_c/M,0,,,,0.0,,0,,,,0.0,,0.849505567685617,0,0->0,1,1.0,1.0,1.0
cifar100_proser_fedavg__split00__seed4__d5.0,cifar100,d5,5.0,proser_fedavg,0.1,5,12,0.05,0.05,0.0008333333333333334,0.004166666666666667,0.48458114169200006,0,0,0,delta_c/(M J) -> delta_c/M,0,,,,0.0,,0,,,,0.0,,0.48458114169200006,0,0->0,1,1.0,1.0,1.0
cifar100_proser_fedavg__split00__seed4__d5.0,cifar100,d5,5.0,proser_fedavg,0.15,5,12,0.05,0.05,0.0008333333333333334,0.004166666666666667,0.20744858134225774,0,0,0,delta_c/(M J) -> delta_c/M,0,,,,0.0,,0,,,,0.0,,0.20744858134225774,0,0->0,1,1.0,1.0,1.0
cifar100_proser_fedavg__split00__seed4__d5.0,cifar100,d5,5.0,proser_fedavg,0.2,5,12,0.05,0.05,0.0008333333333333334,0.004166666666666667,0.07177997053961871,0,0,0,delta_c/(M J) -> delta_c/M,0,,,,0.0,,0,,,,0.0,,0.07177997053961871,0,0->0,1,1.0,1.0,1.0
cifar100_proser_fedavg__split00__seed4__d5.0,cifar100,d5,5.0,proser_fedavg,0.25,5,12,0.05,0.05,0.0008333333333333334,0.004166666666666667,0.007967854917552194,0,0,0,delta_c/(M J) -> delta_c/M,0,,,,0.0,,0,,,,0.0,,0.007967854917552194,0,0->0,1,1.0,1.0,1.0
cifar100_proser_fedavg__split00__seed4__d5.0,cifar100,d5,5.0,proser_fedavg,0.3,5,12,0.05,0.05,0.0008333333333333334,0.004166666666666667,0.0029927082177823557,1,1,1,delta_c/(M J) -> delta_c/M,1,9.0,margin,0.5,0.09934809231425049,0.0029927082177823557,1,9.0,margin,0.5,0.10576906922330784,0.0029927082177823557,0.0029927082177823557,0,1->1,1,1.0,1.0,1.0
cifar100_proser_fedavg__split01__seed0__d0.1,cifar100,d0.1,0.1,proser_fedavg,0.05,5,12,0.05,0.05,0.0008333333333333334,0.004166666666666667,0.735091890625,0,0,0,delta_c/(M J) -> delta_c/M,0,,,,0.0,,0,,,,0.0,,0.735091890625,0,0->0,1,1.0,1.0,1.0
cifar100_proser_fedavg__split01__seed0__d0.1,cifar100,d0.1,0.1,proser_fedavg,0.1,5,12,0.05,0.05,0.0008333333333333334,0.004166666666666667,0.4202649788315974,0,0,0,delta_c/(M J) -> delta_c/M,0,,,,0.0,,0,,,,0.0,,0.4202649788315974,0,0->0,1,1.0,1.0,1.0
cifar100_proser_fedavg__split01__seed0__d0.1,cifar100,d0.1,0.1,proser_fedavg,0.15,5,12,0.05,0.05,0.0008333333333333334,0.004166666666666667,0.19849171628055784,0,0,0,delta_c/(M J) -> delta_c/M,0,,,,0.0,,0,,,,0.0,,0.19849171628055784,0,0->0,1,1.0,1.0,1.0
cifar100_proser_fedavg__split01__seed0__d0.1,cifar100,d0.1,0.1,proser_fedavg,0.2,5,12,0.05,0.05,0.0008333333333333334,0.004166666666666667,0.18228334623876855,0,0,0,delta_c/(M J) -> delta_c/M,0,,,,0.0,,0,,,,0.0,,0.18228334623876855,0,0->0,1,1.0,1.0,1.0
cifar100_proser_fedavg__split01__seed0__d0.1,cifar100,d0.1,0.1,proser_fedavg,0.25,5,12,0.05,0.05,0.0008333333333333334,0.004166666666666667,0.031007405625132378,0,0,0,delta_c/(M J) -> delta_c/M,0,,,,0.0,,0,,,,0.0,,0.031007405625132378,0,0->0,1,1.0,1.0,1.0
cifar100_proser_fedavg__split01__seed0__d0.1,cifar100,d0.1,0.1,proser_fedavg,0.3,5,12,0.05,0.05,0.0008333333333333334,0.004166666666666667,0.014515473106174008,0,0,0,delta_c/(M J) -> delta_c/M,0,,,,0.0,,0,,,,0.0,,0.014515473106174008,0,0->0,1,1.0,1.0,1.0
cifar100_proser_fedavg__split01__seed0__d0.5,cifar100,d0.5,0.5,proser_fedavg,0.05,5,12,0.05,0.05,0.0008333333333333334,0.004166666666666667,0.503649859592104,0,0,0,delta_c/(M J) -> delta_c/M,0,,,,0.0,,0,,,,0.0,,0.503649859592104,0,0->0,1,1.0,1.0,1.0
cifar100_proser_fedavg__split01__seed0__d0.5,cifar100,d0.5,0.5,proser_fedavg,0.1,5,12,0.05,0.05,0.0008333333333333334,0.004166666666666667,0.1564233740355479,0,0,0,delta_c/(M J) -> delta_c/M,0,,,,0.0,,0,,,,0.0,,0.1564233740355479,0,0->0,1,1.0,1.0,1.0
cifar100_proser_fedavg__split01__seed0__d0.5,cifar100,d0.5,0.5,proser_fedavg,0.15,5,12,0.05,0.05,0.0008333333333333334,0.004166666666666667,0.08464137690255569,0,0,0,delta_c/(M J) -> delta_c/M,0,,,,0.0,,0,,,,0.0,,0.08464137690255569,0,0->0,1,1.0,1.0,1.0
cifar100_proser_fedavg__split01__seed0__d0.5,cifar100,d0.5,0.5,proser_fedavg,0.2,5,12,0.05,0.05,0.0008333333333333334,0.004166666666666667,0.04896175763302535,0,0,0,delta_c/(M J) -> delta_c/M,0,,,,0.0,,0,,,,0.0,,0.04896175763302535,0,0->0,1,1.0,1.0,1.0
cifar100_proser_fedavg__split01__seed0__d0.5,cifar100,d0.5,0.5,proser_fedavg,0.25,5,12,0.05,0.05,0.0008333333333333334,0.004166666666666667,0.0021865412278731806,1,1,1,delta_c/(M J) -> delta_c/M,1,8.0,margin,0.3,0.11429657124101661,0.0021865412278731806,1,8.0,margin,0.3,0.12115073228675066,0.0021865412278731806,0.0021865412278731806,0,1->1,1,1.0,1.0,1.0
cifar100_proser_fedavg__split01__seed0__d0.5,cifar100,d0.5,0.5,proser_fedavg,0.3,5,12,0.05,0.05,0.0008333333333333334,0.004166666666666667,0.00016986509356842054,3,3,3,delta_c/(M J) -> delta_c/M,1,9.0,margin,0.5,0.17598733334459143,0.0022935925927772653,1,9.0,margin,0.5,0.18427630246247978,0.0022935925927772653,0.0022935925927772653,0,1->1,1,1.0,1.0,1.0
cifar100_proser_fedavg__split01__seed0__d5.0,cifar100,d5,5.0,proser_fedavg,0.05,5,12,0.05,0.05,0.0008333333333333334,0.004166666666666667,0.7728068695765471,0,0,0,delta_c/(M J) -> delta_c/M,0,,,,0.0,,0,,,,0.0,,0.7728068695765471,0,0->0,1,1.0,1.0,1.0
cifar100_proser_fedavg__split01__seed0__d5.0,cifar100,d5,5.0,proser_fedavg,0.1,5,12,0.05,0.05,0.0008333333333333334,0.004166666666666667,0.3456575045761132,0,0,0,delta_c/(M J) -> delta_c/M,0,,,,0.0,,0,,,,0.0,,0.3456575045761132,0,0->0,1,1.0,1.0,1.0
cifar100_proser_fedavg__split01__seed0__d5.0,cifar100,d5,5.0,proser_fedavg,0.15,5,12,0.05,0.05,0.0008333333333333334,0.004166666666666667,0.12613718037909882,0,0,0,delta_c/(M J) -> delta_c/M,0,,,,0.0,,0,,,,0.0,,0.12613718037909882,0,0->0,1,1.0,1.0,1.0
cifar100_proser_fedavg__split01__seed0__d5.0,cifar100,d5,5.0,proser_fedavg,0.2,5,12,0.05,0.05,0.0008333333333333334,0.004166666666666667,0.017602024960422184,0,0,0,delta_c/(M J) -> delta_c/M,0,,,,0.0,,0,,,,0.0,,0.017602024960422184,0,0->0,1,1.0,1.0,1.0
cifar100_proser_fedavg__split01__seed0__d5.0,cifar100,d5,5.0,proser_fedavg,0.25,5,12,0.05,0.05,0.0008333333333333334,0.004166666666666667,0.000711014886972322,2,2,2,delta_c/(M J) -> delta_c/M,1,8.0,margin,0.3,0.10265018663106987,0.000711014886972322,1,8.0,margin,0.3,0.10917052585404981,0.000711014886972322,0.000711014886972322,0,1->1,1,1.0,1.0,1.0
cifar100_proser_fedavg__split01__seed0__d5.0,cifar100,d5,5.0,proser_fedavg,0.3,5,12,0.05,0.05,0.0008333333333333334,0.004166666666666667,1.4926859682419604e-05,6,6,6,delta_c/(M J) -> delta_c/M,1,1.0,proser,0.5,0.1988642275537066,0.002108463943003115,1,1.0,proser,0.5,0.20757683802116747,0.002108463943003115,0.002108463943003115,0,1->1,1,1.0,1.0,1.0
cifar100_proser_fedavg__split01__seed1__d0.1,cifar100,d0.1,0.1,proser_fedavg,0.05,5,12,0.05,0.05,0.0008333333333333334,0.004166666666666667,0.48767497911552987,0,0,0,delta_c/(M J) -> delta_c/M,0,,,,0.0,,0,,,,0.0,,0.48767497911552987,0,0->0,1,1.0,1.0,1.0
cifar100_proser_fedavg__split01__seed1__d0.1,cifar100,d0.1,0.1,proser_fedavg,0.1,5,12,0.05,0.05,0.0008333333333333334,0.004166666666666667,0.22876792454960992,0,0,0,delta_c/(M J) -> delta_c/M,0,,,,0.0,,0,,,,0.0,,0.22876792454960992,0,0->0,1,1.0,1.0,1.0
cifar100_proser_fedavg__split01__seed1__d0.1,cifar100,d0.1,0.1,proser_fedavg,0.15,5,12,0.05,0.05,0.0008333333333333334,0.004166666666666667,0.09747379691192189,0,0,0,delta_c/(M J) -> delta_c/M,0,,,,0.0,,0,,,,0.0,,0.09747379691192189,0,0->0,1,1.0,1.0,1.0
cifar100_proser_fedavg__split01__seed1__d0.1,cifar100,d0.1,0.1,proser_fedavg,0.2,5,12,0.05,0.05,0.0008333333333333334,0.004166666666666667,0.05203216727621374,0,0,0,delta_c/(M J) -> delta_c/M,0,,,,0.0,,0,,,,0.0,,0.05203216727621374,0,0->0,1,1.0,1.0,1.0
cifar100_proser_fedavg__split01__seed1__d0.1,cifar100,d0.1,0.1,proser_fedavg,0.25,5,12,0.05,0.05,0.0008333333333333334,0.004166666666666667,0.004219001880266598,0,0,0,delta_c/(M J) -> delta_c/M,0,,,,0.0,,0,,,,0.0,,0.004219001880266598,0,0->0,1,1.0,1.0,1.0
cifar100_proser_fedavg__split01__seed1__d0.1,cifar100,d0.1,0.1,proser_fedavg,0.3,5,12,0.05,0.05,0.0008333333333333334,0.004166666666666667,0.0003371860330977412,6,6,6,delta_c/(M J) -> delta_c/M,1,9.0,margin,0.5,0.09605799373108508,0.004976919016129633,1,9.0,margin,0.5,0.10237773175548391,0.004976919016129633,0.004976919016129633,0,1->1,1,1.0,1.0,1.0
cifar100_proser_fedavg__split01__seed1__d0.5,cifar100,d0.5,0.5,proser_fedavg,0.05,5,12,0.05,0.05,0.0008333333333333334,0.004166666666666667,0.7494142190385706,0,0,0,delta_c/(M J) -> delta_c/M,0,,,,0.0,,0,,,,0.0,,0.7494142190385706,0,0->0,1,1.0,1.0,1.0
cifar100_proser_fedavg__split01__seed1__d0.5,cifar100,d0.5,0.5,proser_fedavg,0.1,5,12,0.05,0.05,0.0008333333333333334,0.004166666666666667,0.24473838239532192,0,0,0,delta_c/(M J) -> delta_c/M,0,,,,0.0,,0,,,,0.0,,0.24473838239532192,0,0->0,1,1.0,1.0,1.0
cifar100_proser_fedavg__split01__seed1__d0.5,cifar100,d0.5,0.5,proser_fedavg,0.15,5,12,0.05,0.05,0.0008333333333333334,0.004166666666666667,0.01911577923870011,0,0,0,delta_c/(M J) -> delta_c/M,0,,,,0.0,,0,,,,0.0,,0.01911577923870011,0,0->0,1,1.0,1.0,1.0
cifar100_proser_fedavg__split01__seed1__d0.5,cifar100,d0.5,0.5,proser_fedavg,0.2,5,12,0.05,0.05,0.0008333333333333334,0.004166666666666667,0.004594364733285436,0,0,0,delta_c/(M J) -> delta_c/M,0,,,,0.0,,0,,,,0.0,,0.004594364733285436,0,0->0,1,1.0,1.0,1.0
cifar100_proser_fedavg__split01__seed1__d0.5,cifar100,d0.5,0.5,proser_fedavg,0.25,5,12,0.05,0.05,0.0008333333333333334,0.004166666666666667,0.0004969886907280652,2,2,2,delta_c/(M J) -> delta_c/M,1,8.0,margin,0.3,0.11429657124101661,0.0004969886907280652,1,8.0,margin,0.3,0.12115073228675066,0.0004969886907280652,0.0004969886907280652,0,1->1,1,1.0,1.0,1.0
cifar100_proser_fedavg__split01__seed1__d0.5,cifar100,d0.5,0.5,proser_fedavg,0.3,5,12,0.05,0.05,0.0008333333333333334,0.004166666666666667,0.00011677069321936168,6,6,6,delta_c/(M J) -> delta_c/M,1,9.0,margin,0.5,0.19709476673071116,0.002734276076788212,1,9.0,margin,0.5,0.20577632071592847,0.002734276076788212,0.002734276076788212,0,1->1,1,1.0,1.0,1.0
cifar100_proser_fedavg__split01__seed1__d5.0,cifar100,d5,5.0,proser_fedavg,0.05,5,12,0.05,0.05,0.0008333333333333334,0.004166666666666667,0.598736939238379,0,0,0,delta_c/(M J) -> delta_c/M,0,,,,0.0,,0,,,,0.0,,0.598736939238379,0,0->0,1,1.0,1.0,1.0
cifar100_proser_fedavg__split01__seed1__d5.0,cifar100,d5,5.0,proser_fedavg,0.1,5,12,0.05,0.05,0.0008333333333333334,0.004166666666666667,0.4202649788315974,0,0,0,delta_c/(M J) -> delta_c/M,0,,,,0.0,,0,,,,0.0,,0.4202649788315974,0,0->0,1,1.0,1.0,1.0
cifar100_proser_fedavg__split01__seed1__d5.0,cifar100,d5,5.0,proser_fedavg,0.15,5,12,0.05,0.05,0.0008333333333333334,0.004166666666666667,0.07069543610968264,0,0,0,delta_c/(M J) -> delta_c/M,0,,,,0.0,,0,,,,0.0,,0.07069543610968264,0,0->0,1,1.0,1.0,1.0
cifar100_proser_fedavg__split01__seed1__d5.0,cifar100,d5,5.0,proser_fedavg,0.2,5,12,0.05,0.05,0.0008333333333333334,0.004166666666666667,0.0051927769001246515,0,0,0,delta_c/(M J) -> delta_c/M,0,,,,0.0,,0,,,,0.0,,0.0051927769001246515,0,0->0,1,1.0,1.0,1.0
cifar100_proser_fedavg__split01__seed1__d5.0,cifar100,d5,5.0,proser_fedavg,0.25,5,12,0.05,0.05,0.0008333333333333334,0.004166666666666667,0.00026967925911151186,7,7,7,delta_c/(M J) -> delta_c/M,1,10.0,margin,0.7,0.21485819143313847,0.006350746879812695,1,10.0,margin,0.7,0.22383943922301028,0.006350746879812695,0.006350746879812695,0,1->1,1,1.0,1.0,1.0
cifar100_proser_fedavg__split01__seed1__d5.0,cifar100,d5,5.0,proser_fedavg,0.3,5,12,0.05,0.05,0.0008333333333333334,0.004166666666666667,2.4067255424793558e-05,9,9,9,delta_c/(M J) -> delta_c/M,1,10.0,margin,0.7,0.26899371588219095,0.009934446685308351,1,10.0,margin,0.7,0.2787404050214185,0.009934446685308351,0.009934446685308351,0,1->1,1,1.0,1.0,1.0
cifar100_proser_fedavg__split01__seed2__d0.1,cifar100,d0.1,0.1,proser_fedavg,0.05,5,12,0.05,0.05,0.0008333333333333334,0.004166666666666667,0.8948256730720225,0,0,0,delta_c/(M J) -> delta_c/M,0,,,,0.0,,0,,,,0.0,,0.8948256730720225,0,0->0,1,1.0,1.0,1.0
cifar100_proser_fedavg__split01__seed2__d0.1,cifar100,d0.1,0.1,proser_fedavg,0.1,5,12,0.05,0.05,0.0008333333333333334,0.004166666666666667,0.5642737269512089,0,0,0,delta_c/(M J) -> delta_c/M,0,,,,0.0,,0,,,,0.0,,0.5642737269512089,0,0->0,1,1.0,1.0,1.0
cifar100_proser_fedavg__split01__seed2__d0.1,cifar100,d0.1,0.1,proser_fedavg,0.15,5,12,0.05,0.05,0.0008333333333333334,0.004166666666666667,0.2537420803107767,0,0,0,delta_c/(M J) -> delta_c/M,0,,,,0.0,,0,,,,0.0,,0.2537420803107767,0,0->0,1,1.0,1.0,1.0
cifar100_proser_fedavg__split01__seed2__d0.1,cifar100,d0.1,0.1,proser_fedavg,0.2,5,12,0.05,0.05,0.0008333333333333334,0.004166666666666667,0.1267924316468588,0,0,0,delta_c/(M J) -> delta_c/M,0,,,,0.0,,0,,,,0.0,,0.1267924316468588,0,0->0,1,1.0,1.0,1.0
cifar100_proser_fedavg__split01__seed2__d0.1,cifar100,d0.1,0.1,proser_fedavg,0.25,5,12,0.05,0.05,0.0008333333333333334,0.004166666666666667,0.03210852088170669,0,0,0,delta_c/(M J) -> delta_c/M,0,,,,0.0,,0,,,,0.0,,0.03210852088170669,0,0->0,1,1.0,1.0,1.0
cifar100_proser_fedavg__split01__seed2__d0.1,cifar100,d0.1,0.1,proser_fedavg,0.3,5,12,0.05,0.05,0.0008333333333333334,0.004166666666666667,0.005352236032556066,0,0,0,delta_c/(M J) -> delta_c/M,0,,,,0.0,,0,,,,0.0,,0.005352236032556066,0,0->0,1,1.0,1.0,1.0
cifar100_proser_fedavg__split01__seed2__d0.5,cifar100,d0.5,0.5,proser_fedavg,0.05,5,12,0.05,0.05,0.0008333333333333334,0.004166666666666667,0.7728068695765471,0,0,0,delta_c/(M J) -> delta_c/M,0,,,,0.0,,0,,,,0.0,,0.7728068695765471,0,0->0,1,1.0,1.0,1.0
cifar100_proser_fedavg__split01__seed2__d0.5,cifar100,d0.5,0.5,proser_fedavg,0.1,5,12,0.05,0.05,0.0008333333333333334,0.004166666666666667,0.3456575045761132,0,0,0,delta_c/(M J) -> delta_c/M,0,,,,0.0,,0,,,,0.0,,0.3456575045761132,0,0->0,1,1.0,1.0,1.0
cifar100_proser_fedavg__split01__seed2__d0.5,cifar100,d0.5,0.5,proser_fedavg,0.15,5,12,0.05,0.05,0.0008333333333333334,0.004166666666666667,0.13589485101897147,0,0,0,delta_c/(M J) -> delta_c/M,0,,,,0.0,,0,,,,0.0,,0.13589485101897147,0,0->0,1,1.0,1.0,1.0
cifar100_proser_fedavg__split01__seed2__d0.5,cifar100,d0.5,0.5,proser_fedavg,0.2,5,12,0.05,0.05,0.0008333333333333334,0.004166666666666667,0.04802721937073366,0,0,0,delta_c/(M J) -> delta_c/M,0,,,,0.0,,0,,,,0.0,,0.04802721937073366,0,0->0,1,1.0,1.0,1.0
cifar100_proser_fedavg__split01__seed2__d0.5,cifar100,d0.5,0.5,proser_fedavg,0.25,5,12,0.05,0.05,0.0008333333333333334,0.004166666666666667,0.00259873650170948,1,1,1,delta_c/(M J) -> delta_c/M,1,8.0,margin,0.3,0.07499662592272627,0.00259873650170948,1,8.0,margin,0.3,0.08060768939057698,0.00259873650170948,0.00259873650170948,0,1->1,1,1.0,1.0,1.0
cifar100_proser_fedavg__split01__seed2__d0.5,cifar100,d0.5,0.5,proser_fedavg,0.3,5,12,0.05,0.05,0.0008333333333333334,0.004166666666666667,0.00021050060585324436,5,5,5,delta_c/(M J) -> delta_c/M,1,9.0,margin,0.5,0.184753200303743,0.005015991090299198,1,9.0,margin,0.5,0.19321030734982836,0.005015991090299198,0.005015991090299198,0,1->1,1,1.0,1.0,1.0
cifar100_proser_fedavg__split01__seed2__d5.0,cifar100,d5,5.0,proser_fedavg,0.05,5,12,0.05,0.05,0.0008333333333333334,0.004166666666666667,0.7547072050706155,0,0,0,delta_c/(M J) -> delta_c/M,0,,,,0.0,,0,,,,0.0,,0.7547072050706155,0,0->0,1,1.0,1.0,1.0
cifar100_proser_fedavg__split01__seed2__d5.0,cifar100,d5,5.0,proser_fedavg,0.1,5,12,0.05,0.05,0.0008333333333333334,0.004166666666666667,0.44555640243840866,0,0,0,delta_c/(M J) -> delta_c/M,0,,,,0.0,,0,,,,0.0,,0.44555640243840866,0,0->0,1,1.0,1.0,1.0
cifar100_proser_fedavg__split01__seed2__d5.0,cifar100,d5,5.0,proser_fedavg,0.15,5,12,0.05,0.05,0.0008333333333333334,0.004166666666666667,0.06844446432606521,0,0,0,delta_c/(M J) -> delta_c/M,0,,,,0.0,,0,,,,0.0,,0.06844446432606521,0,0->0,1,1.0,1.0,1.0
cifar100_proser_fedavg__split01__seed2__d5.0,cifar100,d5,5.0,proser_fedavg,0.2,5,12,0.05,0.05,0.0008333333333333334,0.004166666666666667,0.009046916935372884,0,0,0,delta_c/(M J) -> delta_c/M,0,,,,0.0,,0,,,,0.0,,0.009046916935372884,0,0->0,1,1.0,1.0,1.0
cifar100_proser_fedavg__split01__seed2__d5.0,cifar100,d5,5.0,proser_fedavg,0.25,5,12,0.05,0.05,0.0008333333333333334,0.004166666666666667,0.00011328042026177632,2,2,2,delta_c/(M J) -> delta_c/M,1,8.0,margin,0.3,0.07659490737042672,0.00011328042026177632,1,8.0,margin,0.3,0.08226388471076324,0.00011328042026177632,0.00011328042026177632,0,1->1,1,1.0,1.0,1.0
cifar100_proser_fedavg__split01__seed2__d5.0,cifar100,d5,5.0,proser_fedavg,0.3,5,12,0.05,0.05,0.0008333333333333334,0.004166666666666667,1.1215158471344473e-05,4,4,4,delta_c/(M J) -> delta_c/M,1,9.0,margin,0.5,0.18827126215458137,0.0019055687474293288,1,9.0,margin,0.5,0.19679377563164985,0.0019055687474293288,0.0019055687474293288,0,1->1,1,1.0,1.0,1.0
cifar100_proser_fedavg__split01__seed3__d0.1,cifar100,d0.1,0.1,proser_fedavg,0.05,5,12,0.05,0.05,0.0008333333333333334,0.004166666666666667,0.9025,0,0,0,delta_c/(M J) -> delta_c/M,0,,,,0.0,,0,,,,0.0,,0.9025,0,0->0,1,1.0,1.0,1.0
cifar100_proser_fedavg__split01__seed3__d0.1,cifar100,d0.1,0.1,proser_fedavg,0.1,5,12,0.05,0.05,0.0008333333333333334,0.004166666666666667,0.7696821304170087,0,0,0,delta_c/(M J) -> delta_c/M,0,,,,0.0,,0,,,,0.0,,0.7696821304170087,0,0->0,1,1.0,1.0,1.0
cifar100_proser_fedavg__split01__seed3__d0.1,cifar100,d0.1,0.1,proser_fedavg,0.15,5,12,0.05,0.05,0.0008333333333333334,0.004166666666666667,0.4940474182123551,0,0,0,delta_c/(M J) -> delta_c/M,0,,,,0.0,,0,,,,0.0,,0.4940474182123551,0,0->0,1,1.0,1.0,1.0
cifar100_proser_fedavg__split01__seed3__d0.1,cifar100,d0.1,0.1,proser_fedavg,0.2,5,12,0.05,0.05,0.0008333333333333334,0.004166666666666667,0.18212573857966546,0,0,0,delta_c/(M J) -> delta_c/M,0,,,,0.0,,0,,,,0.0,,0.18212573857966546,0,0->0,1,1.0,1.0,1.0
cifar100_proser_fedavg__split01__seed3__d0.1,cifar100,d0.1,0.1,proser_fedavg,0.25,5,12,0.05,0.05,0.0008333333333333334,0.004166666666666667,0.02301196856656075,0,0,0,delta_c/(M J) -> delta_c/M,0,,,,0.0,,0,,,,0.0,,0.02301196856656075,0,0->0,1,1.0,1.0,1.0
cifar100_proser_fedavg__split01__seed3__d0.1,cifar100,d0.1,0.1,proser_fedavg,0.3,5,12,0.05,0.05,0.0008333333333333334,0.004166666666666667,0.0020738947891523426,1,1,1,delta_c/(M J) -> delta_c/M,1,9.0,margin,0.5,0.07980312753011055,0.0020738947891523426,1,9.0,margin,0.5,0.08558611885182409,0.0020738947891523426,0.0020738947891523426,0,1->1,1,1.0,1.0,1.0
cifar100_proser_fedavg__split01__seed3__d0.5,cifar100,d0.5,0.5,proser_fedavg,0.05,5,12,0.05,0.05,0.0008333333333333334,0.004166666666666667,0.6302494097246094,0,0,0,delta_c/(M J) -> delta_c/M,0,,,,0.0,,0,,,,0.0,,0.6302494097246094,0,0->0,1,1.0,1.0,1.0
cifar100_proser_fedavg__split01__seed3__d0.5,cifar100,d0.5,0.5,proser_fedavg,0.1,5,12,0.05,0.05,0.0008333333333333334,0.004166666666666667,0.18238131461436163,0,0,0,delta_c/(M J) -> delta_c/M,0,,,,0.0,,0,,,,0.0,,0.18238131461436163,0,0->0,1,1.0,1.0,1.0
cifar100_proser_fedavg__split01__seed3__d0.5,cifar100,d0.5,0.5,proser_fedavg,0.15,5,12,0.05,0.05,0.0008333333333333334,0.004166666666666667,0.03823356680973697,0,0,0,delta_c/(M J) -> delta_c/M,0,,,,0.0,,0,,,,0.0,,0.03823356680973697,0,0->0,1,1.0,1.0,1.0
cifar100_proser_fedavg__split01__seed3__d0.5,cifar100,d0.5,0.5,proser_fedavg,0.2,5,12,0.05,0.05,0.0008333333333333334,0.004166666666666667,0.007404698045537043,0,0,0,delta_c/(M J) -> delta_c/M,0,,,,0.0,,0,,,,0.0,,0.007404698045537043,0,0->0,1,1.0,1.0,1.0
cifar100_proser_fedavg__split01__seed3__d0.5,cifar100,d0.5,0.5,proser_fedavg,0.25,5,12,0.05,0.05,0.0008333333333333334,0.004166666666666667,0.0006552383136480878,2,2,2,delta_c/(M J) -> delta_c/M,1,8.0,margin,0.3,0.08626399141706635,0.0014213682369398418,1,8.0,margin,0.3,0.09226809122691217,0.0014213682369398418,0.0014213682369398418,0,1->1,1,1.0,1.0,1.0
cifar100_proser_fedavg__split01__seed3__d0.5,cifar100,d0.5,0.5,proser_fedavg,0.3,5,12,0.05,0.05,0.0008333333333333334,0.004166666666666667,4.972441633122646e-05,6,6,6,delta_c/(M J) -> delta_c/M,1,9.0,margin,0.5,0.17249300464952866,0.0026906800676846296,1,9.0,margin,0.5,0.1807128226137943,0.0026906800676846296,0.0026906800676846296,0,1->1,1,1.0,1.0,1.0
cifar100_proser_fedavg__split01__seed3__d5.0,cifar100,d5,5.0,proser_fedavg,0.05,5,12,0.05,0.05,0.0008333333333333334,0.004166666666666667,0.7933840721657904,0,0,0,delta_c/(M J) -> delta_c/M,0,,,,0.0,,0,,,,0.0,,0.7933840721657904,0,0->0,1,1.0,1.0,1.0
cifar100_proser_fedavg__split01__seed3__d5.0,cifar100,d5,5.0,proser_fedavg,0.1,5,12,0.05,0.05,0.0008333333333333334,0.004166666666666667,0.2323624168304359,0,0,0,delta_c/(M J) -> delta_c/M,0,,,,0.0,,0,,,,0.0,,0.2323624168304359,0,0->0,1,1.0,1.0,1.0
cifar100_proser_fedavg__split01__seed3__d5.0,cifar100,d5,5.0,proser_fedavg,0.15,5,12,0.05,0.05,0.0008333333333333334,0.004166666666666667,0.03450557499149004,0,0,0,delta_c/(M J) -> delta_c/M,0,,,,0.0,,0,,,,0.0,,0.03450557499149004,0,0->0,1,1.0,1.0,1.0
cifar100_proser_fedavg__split01__seed3__d5.0,cifar100,d5,5.0,proser_fedavg,0.2,5,12,0.05,0.05,0.0008333333333333334,0.004166666666666667,0.004613724490389083,0,0,0,delta_c/(M J) -> delta_c/M,0,,,,0.0,,0,,,,0.0,,0.004613724490389083,0,0->0,1,1.0,1.0,1.0
cifar100_proser_fedavg__split01__seed3__d5.0,cifar100,d5,5.0,proser_fedavg,0.25,5,12,0.05,0.05,0.0008333333333333334,0.004166666666666667,5.401476786933944e-05,3,3,3,delta_c/(M J) -> delta_c/M,1,9.0,margin,0.5,0.1568577191081598,0.0011584846375814828,1,9.0,margin,0.5,0.16475229402669125,0.0011584846375814828,0.0011584846375814828,0,1->1,1,1.0,1.0,1.0
cifar100_proser_fedavg__split01__seed3__d5.0,cifar100,d5,5.0,proser_fedavg,0.3,5,12,0.05,0.05,0.0008333333333333334,0.004166666666666667,1.2044405413218283e-06,9,9,9,delta_c/(M J) -> delta_c/M,1,10.0,margin,0.7,0.25807163686314494,0.007295789546099014,1,10.0,margin,0.7,0.2676802640594055,0.007295789546099014,0.007295789546099014,0,1->1,1,1.0,1.0,1.0
cifar100_proser_fedavg__split01__seed4__d0.1,cifar100,d0.1,0.1,proser_fedavg,0.05,5,12,0.05,0.05,0.0008333333333333334,0.004166666666666667,0.9025,0,0,0,delta_c/(M J) -> delta_c/M,0,,,,0.0,,0,,,,0.0,,0.9025,0,0->0,1,1.0,1.0,1.0
cifar100_proser_fedavg__split01__seed4__d0.1,cifar100,d0.1,0.1,proser_fedavg,0.1,5,12,0.05,0.05,0.0008333333333333334,0.004166666666666667,0.8099999999999999,0,0,0,delta_c/(M J) -> delta_c/M,0,,,,0.0,,0,,,,0.0,,0.8099999999999999,0,0->0,1,1.0,1.0,1.0
cifar100_proser_fedavg__split01__seed4__d0.1,cifar100,d0.1,0.1,proser_fedavg,0.15,5,12,0.05,0.05,0.0008333333333333334,0.004166666666666667,0.614125,0,0,0,delta_c/(M J) -> delta_c/M,0,,,,0.0,,0,,,,0.0,,0.614125,0,0->0,1,1.0,1.0,1.0
cifar100_proser_fedavg__split01__seed4__d0.1,cifar100,d0.1,0.1,proser_fedavg,0.2,5,12,0.05,0.05,0.0008333333333333334,0.004166666666666667,0.4550887423457882,0,0,0,delta_c/(M J) -> delta_c/M,0,,,,0.0,,0,,,,0.0,,0.4550887423457882,0,0->0,1,1.0,1.0,1.0
cifar100_proser_fedavg__split01__seed4__d0.1,cifar100,d0.1,0.1,proser_fedavg,0.25,5,12,0.05,0.05,0.0008333333333333334,0.004166666666666667,0.26309313863748685,0,0,0,delta_c/(M J) -> delta_c/M,0,,,,0.0,,0,,,,0.0,,0.26309313863748685,0,0->0,1,1.0,1.0,1.0
cifar100_proser_fedavg__split01__seed4__d0.1,cifar100,d0.1,0.1,proser_fedavg,0.3,5,12,0.05,0.05,0.0008333333333333334,0.004166666666666667,0.2297844457780268,0,0,0,delta_c/(M J) -> delta_c/M,0,,,,0.0,,0,,,,0.0,,0.2297844457780268,0,0->0,1,1.0,1.0,1.0
cifar100_proser_fedavg__split01__seed4__d0.5,cifar100,d0.5,0.5,proser_fedavg,0.05,5,12,0.05,0.05,0.0008333333333333334,0.004166666666666667,0.8948256730720225,0,0,0,delta_c/(M J) -> delta_c/M,0,,,,0.0,,0,,,,0.0,,0.8948256730720225,0,0->0,1,1.0,1.0,1.0
cifar100_proser_fedavg__split01__seed4__d0.5,cifar100,d0.5,0.5,proser_fedavg,0.1,5,12,0.05,0.05,0.0008333333333333334,0.004166666666666667,0.5208086185770977,0,0,0,delta_c/(M J) -> delta_c/M,0,,,,0.0,,0,,,,0.0,,0.5208086185770977,0,0->0,1,1.0,1.0,1.0
cifar100_proser_fedavg__split01__seed4__d0.5,cifar100,d0.5,0.5,proser_fedavg,0.15,5,12,0.05,0.05,0.0008333333333333334,0.004166666666666667,0.15704214103611763,0,0,0,delta_c/(M J) -> delta_c/M,0,,,,0.0,,0,,,,0.0,,0.15704214103611763,0,0->0,1,1.0,1.0,1.0
cifar100_proser_fedavg__split01__seed4__d0.5,cifar100,d0.5,0.5,proser_fedavg,0.2,5,12,0.05,0.05,0.0008333333333333334,0.004166666666666667,0.04267476723616478,0,0,0,delta_c/(M J) -> delta_c/M,0,,,,0.0,,0,,,,0.0,,0.04267476723616478,0,0->0,1,1.0,1.0,1.0
cifar100_proser_fedavg__split01__seed4__d0.5,cifar100,d0.5,0.5,proser_fedavg,0.25,5,12,0.05,0.05,0.0008333333333333334,0.004166666666666667,0.0017044282712057276,2,2,2,delta_c/(M J) -> delta_c/M,1,8.0,margin,0.3,0.09934809231425049,0.003954290033190303,1,8.0,margin,0.3,0.10576906922330784,0.003954290033190303,0.003954290033190303,0,1->1,1,1.0,1.0,1.0
cifar100_proser_fedavg__split01__seed4__d0.5,cifar100,d0.5,0.5,proser_fedavg,0.3,5,12,0.05,0.05,0.0008333333333333334,0.004166666666666667,7.447608244253692e-05,4,4,4,delta_c/(M J) -> delta_c/M,1,9.0,margin,0.5,0.1812417766079162,8.137701517267023e-05,1,9.0,margin,0.5,0.18963242955894527,8.137701517267023e-05,8.137701517267023e-05,0,1->1,1,1.0,1.0,1.0
cifar100_proser_fedavg__split01__seed4__d5.0,cifar100,d5,5.0,proser_fedavg,0.05,5,12,0.05,0.05,0.0008333333333333334,0.004166666666666667,0.7565853942308673,0,0,0,delta_c/(M J) -> delta_c/M,0,,,,0.0,,0,,,,0.0,,0.7565853942308673,0,0->0,1,1.0,1.0,1.0
cifar100_proser_fedavg__split01__seed4__d5.0,cifar100,d5,5.0,proser_fedavg,0.1,5,12,0.05,0.05,0.0008333333333333334,0.004166666666666667,0.1876106570830112,0,0,0,delta_c/(M J) -> delta_c/M,0,,,,0.0,,0,,,,0.0,,0.1876106570830112,0,0->0,1,1.0,1.0,1.0
cifar100_proser_fedavg__split01__seed4__d5.0,cifar100,d5,5.0,proser_fedavg,0.15,5,12,0.05,0.05,0.0008333333333333334,0.004166666666666667,0.025161931276112274,0,0,0,delta_c/(M J) -> delta_c/M,0,,,,0.0,,0,,,,0.0,,0.025161931276112274,0,0->0,1,1.0,1.0,1.0
cifar100_proser_fedavg__split01__seed4__d5.0,cifar100,d5,5.0,proser_fedavg,0.2,5,12,0.05,0.05,0.0008333333333333334,0.004166666666666667,0.0012529346147901275,2,2,2,delta_c/(M J) -> delta_c/M,1,8.0,margin,0.3,0.10596388684888425,0.002146483796411395,1,8.0,margin,0.3,0.11258177168812457,0.002146483796411395,0.002146483796411395,0,1->1,1,1.0,1.0,1.0
cifar100_proser_fedavg__split01__seed4__d5.0,cifar100,d5,5.0,proser_fedavg,0.25,5,12,0.05,0.05,0.0008333333333333334,0.004166666666666667,0.0002301017047381592,2,2,2,delta_c/(M J) -> delta_c/M,1,8.0,margin,0.3,0.14137832700924496,0.0002301017047381592,1,8.0,margin,0.3,0.14892310068801173,0.0002301017047381592,0.0002301017047381592,0,1->1,1,1.0,1.0,1.0
cifar100_proser_fedavg__split01__seed4__d5.0,cifar100,d5,5.0,proser_fedavg,0.3,5,12,0.05,0.05,0.0008333333333333334,0.004166666666666667,2.2894687297913774e-05,7,7,7,delta_c/(M J) -> delta_c/M,1,2.0,proser,0.7,0.27812967937589567,0.003641832221226553,1,2.0,proser,0.7,0.2879860011542096,0.003641832221226553,0.003641832221226553,0,1->1,1,1.0,1.0,1.0
cifar100_proser_fedavg__split02__seed0__d0.1,cifar100,d0.1,0.1,proser_fedavg,0.05,5,12,0.05,0.05,0.0008333333333333334,0.004166666666666667,0.7735226201554786,0,0,0,delta_c/(M J) -> delta_c/M,0,,,,0.0,,0,,,,0.0,,0.7735226201554786,0,0->0,1,1.0,1.0,1.0
cifar100_proser_fedavg__split02__seed0__d0.1,cifar100,d0.1,0.1,proser_fedavg,0.1,5,12,0.05,0.05,0.0008333333333333334,0.004166666666666667,0.4349600327827392,0,0,0,delta_c/(M J) -> delta_c/M,0,,,,0.0,,0,,,,0.0,,0.4349600327827392,0,0->0,1,1.0,1.0,1.0
cifar100_proser_fedavg__split02__seed0__d0.1,cifar100,d0.1,0.1,proser_fedavg,0.15,5,12,0.05,0.05,0.0008333333333333334,0.004166666666666667,0.13016876164665858,0,0,0,delta_c/(M J) -> delta_c/M,0,,,,0.0,,0,,,,0.0,,0.13016876164665858,0,0->0,1,1.0,1.0,1.0
cifar100_proser_fedavg__split02__seed0__d0.1,cifar100,d0.1,0.1,proser_fedavg,0.2,5,12,0.05,0.05,0.0008333333333333334,0.004166666666666667,0.044178985151997086,0,0,0,delta_c/(M J) -> delta_c/M,0,,,,0.0,,0,,,,0.0,,0.044178985151997086,0,0->0,1,1.0,1.0,1.0
cifar100_proser_fedavg__split02__seed0__d0.1,cifar100,d0.1,0.1,proser_fedavg,0.25,5,12,0.05,0.05,0.0008333333333333334,0.004166666666666667,0.004695680338250517,0,0,0,delta_c/(M J) -> delta_c/M,0,,,,0.0,,0,,,,0.0,,0.004695680338250517,0,0->0,1,1.0,1.0,1.0
cifar100_proser_fedavg__split02__seed0__d0.1,cifar100,d0.1,0.1,proser_fedavg,0.3,5,12,0.05,0.05,0.0008333333333333334,0.004166666666666667,0.000597928446682593,2,2,2,delta_c/(M J) -> delta_c/M,1,8.0,margin,0.3,0.03811109856049727,0.0024262950689929795,1,8.0,margin,0.3,0.04210454796765826,0.0024262950689929795,0.0024262950689929795,0,1->1,1,1.0,1.0,1.0
cifar100_proser_fedavg__split02__seed0__d0.5,cifar100,d0.5,0.5,proser_fedavg,0.05,5,12,0.05,0.05,0.0008333333333333334,0.004166666666666667,0.7992469762612021,0,0,0,delta_c/(M J) -> delta_c/M,0,,,,0.0,,0,,,,0.0,,0.7992469762612021,0,0->0,1,1.0,1.0,1.0
cifar100_proser_fedavg__split02__seed0__d0.5,cifar100,d0.5,0.5,proser_fedavg,0.1,5,12,0.05,0.05,0.0008333333333333334,0.004166666666666667,0.3465511033565817,0,0,0,delta_c/(M J) -> delta_c/M,0,,,,0.0,,0,,,,0.0,,0.3465511033565817,0,0->0,1,1.0,1.0,1.0
cifar100_proser_fedavg__split02__seed0__d0.5,cifar100,d0.5,0.5,proser_fedavg,0.15,5,12,0.05,0.05,0.0008333333333333334,0.004166666666666667,0.14793283644547217,0,0,0,delta_c/(M J) -> delta_c/M,0,,,,0.0,,0,,,,0.0,,0.14793283644547217,0,0->0,1,1.0,1.0,1.0
cifar100_proser_fedavg__split02__seed0__d0.5,cifar100,d0.5,0.5,proser_fedavg,0.2,5,12,0.05,0.05,0.0008333333333333334,0.004166666666666667,0.014130077337212705,0,0,0,delta_c/(M J) -> delta_c/M,0,,,,0.0,,0,,,,0.0,,0.014130077337212705,0,0->0,1,1.0,1.0,1.0
cifar100_proser_fedavg__split02__seed0__d0.5,cifar100,d0.5,0.5,proser_fedavg,0.25,5,12,0.05,0.05,0.0008333333333333334,0.004166666666666667,0.0009424293958451703,4,4,4,delta_c/(M J) -> delta_c/M,1,10.0,margin,0.7,0.184753200303743,0.002910938722655145,1,10.0,margin,0.7,0.19321030734982836,0.002910938722655145,0.002910938722655145,0,1->1,1,1.0,1.0,1.0
cifar100_proser_fedavg__split02__seed0__d0.5,cifar100,d0.5,0.5,proser_fedavg,0.3,5,12,0.05,0.05,0.0008333333333333334,0.004166666666666667,2.377187075182387e-05,7,7,7,delta_c/(M J) -> delta_c/M,1,10.0,margin,0.7,0.24719555713681196,0.0018453629776987652,1,10.0,margin,0.7,0.2566588422630137,0.0018453629776987652,0.0018453629776987652,0,1->1,1,1.0,1.0,1.0
cifar100_proser_fedavg__split02__seed0__d5.0,cifar100,d5,5.0,proser_fedavg,0.05,5,12,0.05,0.05,0.0008333333333333334,0.004166666666666667,0.34056162628811515,0,0,0,delta_c/(M J) -> delta_c/M,0,,,,0.0,,0,,,,0.0,,0.34056162628811515,0,0->0,1,1.0,1.0,1.0
cifar100_proser_fedavg__split02__seed0__d5.0,cifar100,d5,5.0,proser_fedavg,0.1,5,12,0.05,0.05,0.0008333333333333334,0.004166666666666667,0.1233782826816533,0,0,0,delta_c/(M J) -> delta_c/M,0,,,,0.0,,0,,,,0.0,,0.1233782826816533,0,0->0,1,1.0,1.0,1.0
cifar100_proser_fedavg__split02__seed0__d5.0,cifar100,d5,5.0,proser_fedavg,0.15,5,12,0.05,0.05,0.0008333333333333334,0.004166666666666667,0.008775046116708485,0,0,0,delta_c/(M J) -> delta_c/M,0,,,,0.0,,0,,,,0.0,,0.008775046116708485,0,0->0,1,1.0,1.0,1.0
cifar100_proser_fedavg__split02__seed0__d5.0,cifar100,d5,5.0,proser_fedavg,0.2,5,12,0.05,0.05,0.0008333333333333334,0.004166666666666667,0.000640108986100564,3,3,3,delta_c/(M J) -> delta_c/M,1,1.0,proser,0.5,0.13455268719285943,0.002333560986210832,1,1.0,proser,0.5,0.14193348169161032,0.002333560986210832,0.002333560986210832,0,1->1,1,1.0,1.0,1.0
cifar100_proser_fedavg__split02__seed0__d5.0,cifar100,d5,5.0,proser_fedavg,0.25,5,12,0.05,0.05,0.0008333333333333334,0.004166666666666667,2.9461155558148523e-06,5,5,5,delta_c/(M J) -> delta_c/M,1,1.0,proser,0.5,0.1603192519414648,0.000483432514424702,1,1.0,proser,0.5,0.1682881481006248,0.000483432514424702,0.000483432514424702,0,1->1,1,1.0,1.0,1.0
cifar100_proser_fedavg__split02__seed0__d5.0,cifar100,d5,5.0,proser_fedavg,0.3,5,12,0.05,0.05,0.0008333333333333334,0.004166666666666667,9.159149556387068e-08,7,7,7,delta_c/(M J) -> delta_c/M,1,6.0,energy,0.7,0.23456681455439007,0.001554247946959806,1,6.0,energy,0.7,0.24385103824932647,0.001554247946959806,0.001554247946959806,0,1->1,1,1.0,1.0,1.0
cifar100_proser_fedavg__split02__seed1__d0.1,cifar100,d0.1,0.1,proser_fedavg,0.05,5,12,0.05,0.05,0.0008333333333333334,0.004166666666666667,0.67942044444479,0,0,0,delta_c/(M J) -> delta_c/M,0,,,,0.0,,0,,,,0.0,,0.67942044444479,0,0->0,1,1.0,1.0,1.0
cifar100_proser_fedavg__split02__seed1__d0.1,cifar100,d0.1,0.1,proser_fedavg,0.1,5,12,0.05,0.05,0.0008333333333333334,0.004166666666666667,0.3885856175228155,0,0,0,delta_c/(M J) -> delta_c/M,0,,,,0.0,,0,,,,0.0,,0.3885856175228155,0,0->0,1,1.0,1.0,1.0
cifar100_proser_fedavg__split02__seed1__d0.1,cifar100,d0.1,0.1,proser_fedavg,0.15,5,12,0.05,0.05,0.0008333333333333334,0.004166666666666667,0.22846799457183503,0,0,0,delta_c/(M J) -> delta_c/M,0,,,,0.0,,0,,,,0.0,,0.22846799457183503,0,0->0,1,1.0,1.0,1.0
cifar100_proser_fedavg__split02__seed1__d0.1,cifar100,d0.1,0.1,proser_fedavg,0.2,5,12,0.05,0.05,0.0008333333333333334,0.004166666666666667,0.013698901760553429,0,0,0,delta_c/(M J) -> delta_c/M,0,,,,0.0,,0,,,,0.0,,0.013698901760553429,0,0->0,1,1.0,1.0,1.0
cifar100_proser_fedavg__split02__seed1__d0.1,cifar100,d0.1,0.1,proser_fedavg,0.25,5,12,0.05,0.05,0.0008333333333333334,0.004166666666666667,0.0073701209443254746,0,0,0,delta_c/(M J) -> delta_c/M,0,,,,0.0,,0,,,,0.0,,0.0073701209443254746,0,0->0,1,1.0,1.0,1.0
cifar100_proser_fedavg__split02__seed1__d0.1,cifar100,d0.1,0.1,proser_fedavg,0.3,5,12,0.05,0.05,0.0008333333333333334,0.004166666666666667,0.0005723391617299884,2,2,2,delta_c/(M J) -> delta_c/M,1,8.0,margin,0.3,0.06392596034304576,0.0005723391617299884,1,8.0,margin,0.3,0.06911340878955945,0.0005723391617299884,0.0005723391617299884,0,1->1,1,1.0,1.0,1.0
cifar100_proser_fedavg__split02__seed1__d0.5,cifar100,d0.5,0.5,proser_fedavg,0.05,5,12,0.05,0.05,0.0008333333333333334,0.004166666666666667,0.7457650012296726,0,0,0,delta_c/(M J) -> delta_c/M,0,,,,0.0,,0,,,,0.0,,0.7457650012296726,0,0->0,1,1.0,1.0,1.0
cifar100_proser_fedavg__split02__seed1__d0.5,cifar100,d0.5,0.5,proser_fedavg,0.1,5,12,0.05,0.05,0.0008333333333333334,0.004166666666666667,0.2536697788760154,0,0,0,delta_c/(M J) -> delta_c/M,0,,,,0.0,,0,,,,0.0,,0.2536697788760154,0,0->0,1,1.0,1.0,1.0
cifar100_proser_fedavg__split02__seed1__d0.5,cifar100,d0.5,0.5,proser_fedavg,0.15,5,12,0.05,0.05,0.0008333333333333334,0.004166666666666667,0.03143313024380902,0,0,0,delta_c/(M J) -> delta_c/M,0,,,,0.0,,0,,,,0.0,,0.03143313024380902,0,0->0,1,1.0,1.0,1.0
cifar100_proser_fedavg__split02__seed1__d0.5,cifar100,d0.5,0.5,proser_fedavg,0.2,5,12,0.05,0.05,0.0008333333333333334,0.004166666666666667,0.010471454630600337,0,0,0,delta_c/(M J) -> delta_c/M,0,,,,0.0,,0,,,,0.0,,0.010471454630600337,0,0->0,1,1.0,1.0,1.0
cifar100_proser_fedavg__split02__seed1__d0.5,cifar100,d0.5,0.5,proser_fedavg,0.25,5,12,0.05,0.05,0.0008333333333333334,0.004166666666666667,4.729089864051555e-05,6,6,6,delta_c/(M J) -> delta_c/M,1,9.0,margin,0.5,0.1551298253151936,0.0006608701636667346,1,9.0,margin,0.5,0.1629867870468295,0.0006608701636667346,0.0006608701636667346,0,1->1,1,1.0,1.0,1.0
cifar100_proser_fedavg__split02__seed1__d0.5,cifar100,d0.5,0.5,proser_fedavg,0.3,5,12,0.05,0.05,0.0008333333333333334,0.004166666666666667,7.225035824572548e-06,7,7,7,delta_c/(M J) -> delta_c/M,1,6.0,energy,0.7,0.22558717008814205,0.007550267221688381,1,6.0,energy,0.7,0.23473702606631897,0.007550267221688381,0.007550267221688381,0,1->1,1,1.0,1.0,1.0
cifar100_proser_fedavg__split02__seed1__d5.0,cifar100,d5,5.0,proser_fedavg,0.05,5,12,0.05,0.05,0.0008333333333333334,0.004166666666666667,0.7992469762612021,0,0,0,delta_c/(M J) -> delta_c/M,0,,,,0.0,,0,,,,0.0,,0.7992469762612021,0,0->0,1,1.0,1.0,1.0
cifar100_proser_fedavg__split02__seed1__d5.0,cifar100,d5,5.0,proser_fedavg,0.1,5,12,0.05,0.05,0.0008333333333333334,0.004166666666666667,0.40309840021764254,0,0,0,delta_c/(M J) -> delta_c/M,0,,,,0.0,,0,,,,0.0,,0.40309840021764254,0,0->0,1,1.0,1.0,1.0
cifar100_proser_fedavg__split02__seed1__d5.0,cifar100,d5,5.0,proser_fedavg,0.15,5,12,0.05,0.05,0.0008333333333333334,0.004166666666666667,0.07887073551886742,0,0,0,delta_c/(M J) -> delta_c/M,0,,,,0.0,,0,,,,0.0,,0.07887073551886742,0,0->0,1,1.0,1.0,1.0
cifar100_proser_fedavg__split02__seed1__d5.0,cifar100,d5,5.0,proser_fedavg,0.2,5,12,0.05,0.05,0.0008333333333333334,0.004166666666666667,0.01210617001856627,0,0,0,delta_c/(M J) -> delta_c/M,0,,,,0.0,,0,,,,0.0,,0.01210617001856627,0,0->0,1,1.0,1.0,1.0
cifar100_proser_fedavg__split02__seed1__d5.0,cifar100,d5,5.0,proser_fedavg,0.25,5,12,0.05,0.05,0.0008333333333333334,0.004166666666666667,0.0002456007939279491,5,5,5,delta_c/(M J) -> delta_c/M,1,9.0,margin,0.5,0.1499578732212252,0.003750712017672595,1,9.0,margin,0.5,0.15770014800815232,0.003750712017672595,0.003750712017672595,0,1->1,1,1.0,1.0,1.0
cifar100_proser_fedavg__split02__seed1__d5.0,cifar100,d5,5.0,proser_fedavg,0.3,5,12,0.05,0.05,0.0008333333333333334,0.004166666666666667,2.4143901235148696e-05,6,6,6,delta_c/(M J) -> delta_c/M,1,9.0,margin,0.5,0.20418191705418934,8.762687014211036e-05,1,9.0,margin,0.5,0.21298622695495206,8.762687014211036e-05,8.762687014211036e-05,0,1->1,1,1.0,1.0,1.0
cifar100_proser_fedavg__split02__seed2__d0.1,cifar100,d0.1,0.1,proser_fedavg,0.05,5,12,0.05,0.05,0.0008333333333333334,0.004166666666666667,0.8981054088575684,0,0,0,delta_c/(M J) -> delta_c/M,0,,,,0.0,,0,,,,0.0,,0.8981054088575684,0,0->0,1,1.0,1.0,1.0
cifar100_proser_fedavg__split02__seed2__d0.1,cifar100,d0.1,0.1,proser_fedavg,0.1,5,12,0.05,0.05,0.0008333333333333334,0.004166666666666667,0.48178524910147824,0,0,0,delta_c/(M J) -> delta_c/M,0,,,,0.0,,0,,,,0.0,,0.48178524910147824,0,0->0,1,1.0,1.0,1.0
cifar100_proser_fedavg__split02__seed2__d0.1,cifar100,d0.1,0.1,proser_fedavg,0.15,5,12,0.05,0.05,0.0008333333333333334,0.004166666666666667,0.3302980738894561,0,0,0,delta_c/(M J) -> delta_c/M,0,,,,0.0,,0,,,,0.0,,0.3302980738894561,0,0->0,1,1.0,1.0,1.0
cifar100_proser_fedavg__split02__seed2__d0.1,cifar100,d0.1,0.1,proser_fedavg,0.2,5,12,0.05,0.05,0.0008333333333333334,0.004166666666666667,0.07048143442122388,0,0,0,delta_c/(M J) -> delta_c/M,0,,,,0.0,,0,,,,0.0,,0.07048143442122388,0,0->0,1,1.0,1.0,1.0
cifar100_proser_fedavg__split02__seed2__d0.1,cifar100,d0.1,0.1,proser_fedavg,0.25,5,12,0.05,0.05,0.0008333333333333334,0.004166666666666667,0.033168379793438736,0,0,0,delta_c/(M J) -> delta_c/M,0,,,,0.0,,0,,,,0.0,,0.033168379793438736,0,0->0,1,1.0,1.0,1.0
cifar100_proser_fedavg__split02__seed2__d0.1,cifar100,d0.1,0.1,proser_fedavg,0.3,5,12,0.05,0.05,0.0008333333333333334,0.004166666666666667,0.005297856896442585,0,0,0,delta_c/(M J) -> delta_c/M,0,,,,0.0,,0,,,,0.0,,0.005297856896442585,0,0->0,1,1.0,1.0,1.0
cifar100_proser_fedavg__split02__seed2__d0.5,cifar100,d0.5,0.5,proser_fedavg,0.05,5,12,0.05,0.05,0.0008333333333333334,0.004166666666666667,0.7735226201554786,0,0,0,delta_c/(M J) -> delta_c/M,0,,,,0.0,,0,,,,0.0,,0.7735226201554786,0,0->0,1,1.0,1.0,1.0
cifar100_proser_fedavg__split02__seed2__d0.5,cifar100,d0.5,0.5,proser_fedavg,0.1,5,12,0.05,0.05,0.0008333333333333334,0.004166666666666667,0.5490430189190638,0,0,0,delta_c/(M J) -> delta_c/M,0,,,,0.0,,0,,,,0.0,,0.5490430189190638,0,0->0,1,1.0,1.0,1.0
cifar100_proser_fedavg__split02__seed2__d0.5,cifar100,d0.5,0.5,proser_fedavg,0.15,5,12,0.05,0.05,0.0008333333333333334,0.004166666666666667,0.2961209995002215,0,0,0,delta_c/(M J) -> delta_c/M,0,,,,0.0,,0,,,,0.0,,0.2961209995002215,0,0->0,1,1.0,1.0,1.0
cifar100_proser_fedavg__split02__seed2__d0.5,cifar100,d0.5,0.5,proser_fedavg,0.2,5,12,0.05,0.05,0.0008333333333333334,0.004166666666666667,0.12827074954878584,0,0,0,delta_c/(M J) -> delta_c/M,0,,,,0.0,,0,,,,0.0,,0.12827074954878584,0,0->0,1,1.0,1.0,1.0
cifar100_proser_fedavg__split02__seed2__d0.5,cifar100,d0.5,0.5,proser_fedavg,0.25,5,12,0.05,0.05,0.0008333333333333334,0.004166666666666667,0.009621568935344958,0,0,0,delta_c/(M J) -> delta_c/M,0,,,,0.0,,0,,,,0.0,,0.009621568935344958,0,0->0,1,1.0,1.0,1.0
cifar100_proser_fedavg__split02__seed2__d0.5,cifar100,d0.5,0.5,proser_fedavg,0.3,5,12,0.05,0.05,0.0008333333333333334,0.004166666666666667,0.0013693066173963966,2,2,2,delta_c/(M J) -> delta_c/M,1,9.0,margin,0.5,0.1568577191081598,0.0028895794693534135,1,9.0,margin,0.5,0.16475229402669125,0.0028895794693534135,0.0028895794693534135,0,1->1,1,1.0,1.0,1.0
cifar100_proser_fedavg__split02__seed2__d5.0,cifar100,d5,5.0,proser_fedavg,0.05,5,12,0.05,0.05,0.0008333333333333334,0.004166666666666667,0.8796191224443661,0,0,0,delta_c/(M J) -> delta_c/M,0,,,,0.0,,0,,,,0.0,,0.8796191224443661,0,0->0,1,1.0,1.0,1.0
cifar100_proser_fedavg__split02__seed2__d5.0,cifar100,d5,5.0,proser_fedavg,0.1,5,12,0.05,0.05,0.0008333333333333334,0.004166666666666667,0.4502839058909973,0,0,0,delta_c/(M J) -> delta_c/M,0,,,,0.0,,0,,,,0.0,,0.4502839058909973,0,0->0,1,1.0,1.0,1.0
cifar100_proser_fedavg__split02__seed2__d5.0,cifar100,d5,5.0,proser_fedavg,0.15,5,12,0.05,0.05,0.0008333333333333334,0.004166666666666667,0.16046733087817683,0,0,0,delta_c/(M J) -> delta_c/M,0,,,,0.0,,0,,,,0.0,,0.16046733087817683,0,0->0,1,1.0,1.0,1.0
cifar100_proser_fedavg__split02__seed2__d5.0,cifar100,d5,5.0,proser_fedavg,0.2,5,12,0.05,0.05,0.0008333333333333334,0.004166666666666667,0.030837283839009237,0,0,0,delta_c/(M J) -> delta_c/M,0,,,,0.0,,0,,,,0.0,,0.030837283839009237,0,0->0,1,1.0,1.0,1.0
cifar100_proser_fedavg__split02__seed2__d5.0,cifar100,d5,5.0,proser_fedavg,0.25,5,12,0.05,0.05,0.0008333333333333334,0.004166666666666667,0.0019840668032342075,2,2,2,delta_c/(M J) -> delta_c/M,1,0.0,proser,0.3,0.09605799373108508,0.0019840668032342075,1,0.0,proser,0.3,0.10237773175548391,0.0019840668032342075,0.0019840668032342075,0,1->1,1,1.0,1.0,1.0
cifar100_proser_fedavg__split02__seed2__d5.0,cifar100,d5,5.0,proser_fedavg,0.3,5,12,0.05,0.05,0.0008333333333333334,0.004166666666666667,4.885436587205978e-05,5,5,5,delta_c/(M J) -> delta_c/M,1,9.0,margin,0.5,0.17598733334459143,0.005087362371179579,1,9.0,margin,0.5,0.18427630246247978,0.005087362371179579,0.005087362371179579,0,1->1,1,1.0,1.0,1.0
cifar100_proser_fedavg__split02__seed3__d0.1,cifar100,d0.1,0.1,proser_fedavg,0.05,5,12,0.05,0.05,0.0008333333333333334,0.004166666666666667,0.7547072050706155,0,0,0,delta_c/(M J) -> delta_c/M,0,,,,0.0,,0,,,,0.0,,0.7547072050706155,0,0->0,1,1.0,1.0,1.0
cifar100_proser_fedavg__split02__seed3__d0.1,cifar100,d0.1,0.1,proser_fedavg,0.1,5,12,0.05,0.05,0.0008333333333333334,0.004166666666666667,0.4593829223240161,0,0,0,delta_c/(M J) -> delta_c/M,0,,,,0.0,,0,,,,0.0,,0.4593829223240161,0,0->0,1,1.0,1.0,1.0
cifar100_proser_fedavg__split02__seed3__d0.1,cifar100,d0.1,0.1,proser_fedavg,0.15,5,12,0.05,0.05,0.0008333333333333334,0.004166666666666667,0.2798275838765518,0,0,0,delta_c/(M J) -> delta_c/M,0,,,,0.0,,0,,,,0.0,,0.2798275838765518,0,0->0,1,1.0,1.0,1.0
cifar100_proser_fedavg__split02__seed3__d0.1,cifar100,d0.1,0.1,proser_fedavg,0.2,5,12,0.05,0.05,0.0008333333333333334,0.004166666666666667,0.044178985151997086,0,0,0,delta_c/(M J) -> delta_c/M,0,,,,0.0,,0,,,,0.0,,0.044178985151997086,0,0->0,1,1.0,1.0,1.0
cifar100_proser_fedavg__split02__seed3__d0.1,cifar100,d0.1,0.1,proser_fedavg,0.25,5,12,0.05,0.05,0.0008333333333333334,0.004166666666666667,0.019446207662925402,0,0,0,delta_c/(M J) -> delta_c/M,0,,,,0.0,,0,,,,0.0,,0.019446207662925402,0,0->0,1,1.0,1.0,1.0
cifar100_proser_fedavg__split02__seed3__d0.1,cifar100,d0.1,0.1,proser_fedavg,0.3,5,12,0.05,0.05,0.0008333333333333334,0.004166666666666667,0.009975842867627142,0,0,0,delta_c/(M J) -> delta_c/M,0,,,,0.0,,0,,,,0.0,,0.009975842867627142,0,0->0,1,1.0,1.0,1.0
cifar100_proser_fedavg__split02__seed3__d0.5,cifar100,d0.5,0.5,proser_fedavg,0.05,5,12,0.05,0.05,0.0008333333333333334,0.004166666666666667,0.540360087662637,0,0,0,delta_c/(M J) -> delta_c/M,0,,,,0.0,,0,,,,0.0,,0.540360087662637,0,0->0,1,1.0,1.0,1.0
cifar100_proser_fedavg__split02__seed3__d0.5,cifar100,d0.5,0.5,proser_fedavg,0.1,5,12,0.05,0.05,0.0008333333333333334,0.004166666666666667,0.21053171721902691,0,0,0,delta_c/(M J) -> delta_c/M,0,,,,0.0,,0,,,,0.0,,0.21053171721902691,0,0->0,1,1.0,1.0,1.0
cifar100_proser_fedavg__split02__seed3__d0.5,cifar100,d0.5,0.5,proser_fedavg,0.15,5,12,0.05,0.05,0.0008333333333333334,0.004166666666666667,0.0338680671652087,0,0,0,delta_c/(M J) -> delta_c/M,0,,,,0.0,,0,,,,0.0,,0.0338680671652087,0,0->0,1,1.0,1.0,1.0
cifar100_proser_fedavg__split02__seed3__d0.5,cifar100,d0.5,0.5,proser_fedavg,0.2,5,12,0.05,0.05,0.0008333333333333334,0.004166666666666667,0.020815710413991828,0,0,0,delta_c/(M J) -> delta_c/M,0,,,,0.0,,0,,,,0.0,,0.020815710413991828,0,0->0,1,1.0,1.0,1.0
cifar100_proser_fedavg__split02__seed3__d0.5,cifar100,d0.5,0.5,proser_fedavg,0.25,5,12,0.05,0.05,0.0008333333333333334,0.004166666666666667,0.0004907299290592797,2,2,2,delta_c/(M J) -> delta_c/M,1,8.0,margin,0.3,0.07022614197905921,0.0021641582522819516,1,8.0,margin,0.3,0.07565967752991613,0.0021641582522819516,0.0021641582522819516,0,1->1,1,1.0,1.0,1.0
cifar100_proser_fedavg__split02__seed3__d0.5,cifar100,d0.5,0.5,proser_fedavg,0.3,5,12,0.05,0.05,0.0008333333333333334,0.004166666666666667,0.0005331945041971267,4,4,4,delta_c/(M J) -> delta_c/M,1,5.0,energy,0.5,0.1243814398386118,0.002699169262083006,1,5.0,energy,0.5,0.1315056998250879,0.002699169262083006,0.002699169262083006,0,1->1,1,1.0,1.0,1.0
cifar100_proser_fedavg__split02__seed3__d5.0,cifar100,d5,5.0,proser_fedavg,0.05,5,12,0.05,0.05,0.0008333333333333334,0.004166666666666667,0.7728068695765471,0,0,0,delta_c/(M J) -> delta_c/M,0,,,,0.0,,0,,,,0.0,,0.7728068695765471,0,0->0,1,1.0,1.0,1.0
cifar100_proser_fedavg__split02__seed3__d5.0,cifar100,d5,5.0,proser_fedavg,0.1,5,12,0.05,0.05,0.0008333333333333334,0.004166666666666667,0.46483597727724446,0,0,0,delta_c/(M J) -> delta_c/M,0,,,,0.0,,0,,,,0.0,,0.46483597727724446,0,0->0,1,1.0,1.0,1.0
cifar100_proser_fedavg__split02__seed3__d5.0,cifar100,d5,5.0,proser_fedavg,0.15,5,12,0.05,0.05,0.0008333333333333334,0.004166666666666667,0.11793324725358802,0,0,0,delta_c/(M J) -> delta_c/M,0,,,,0.0,,0,,,,0.0,,0.11793324725358802,0,0->0,1,1.0,1.0,1.0
cifar100_proser_fedavg__split02__seed3__d5.0,cifar100,d5,5.0,proser_fedavg,0.2,5,12,0.05,0.05,0.0008333333333333334,0.004166666666666667,0.032992525184964205,0,0,0,delta_c/(M J) -> delta_c/M,0,,,,0.0,,0,,,,0.0,,0.032992525184964205,0,0->0,1,1.0,1.0,1.0
cifar100_proser_fedavg__split02__seed3__d5.0,cifar100,d5,5.0,proser_fedavg,0.25,5,12,0.05,0.05,0.0008333333333333334,0.004166666666666667,0.002070509978276431,1,1,1,delta_c/(M J) -> delta_c/M,1,0.0,proser,0.3,0.07181215142826852,0.002070509978276431,1,0.0,proser,0.3,0.07730550792030834,0.002070509978276431,0.002070509978276431,0,1->1,1,1.0,1.0,1.0
cifar100_proser_fedavg__split02__seed3__d5.0,cifar100,d5,5.0,proser_fedavg,0.3,5,12,0.05,0.05,0.0008333333333333334,0.004166666666666667,0.00020308422430501577,4,4,4,delta_c/(M J) -> delta_c/M,1,1.0,proser,0.5,0.21485819143313847,0.002857754882815493,1,1.0,proser,0.5,0.22383943922301028,0.002857754882815493,0.002857754882815493,0,1->1,1,1.0,1.0,1.0
cifar100_proser_fedavg__split02__seed4__d0.1,cifar100,d0.1,0.1,proser_fedavg,0.05,5,12,0.05,0.05,0.0008333333333333334,0.004166666666666667,0.81450625,0,0,0,delta_c/(M J) -> delta_c/M,0,,,,0.0,,0,,,,0.0,,0.81450625,0,0->0,1,1.0,1.0,1.0
cifar100_proser_fedavg__split02__seed4__d0.1,cifar100,d0.1,0.1,proser_fedavg,0.1,5,12,0.05,0.05,0.0008333333333333334,0.004166666666666667,0.6560999999999999,0,0,0,delta_c/(M J) -> delta_c/M,0,,,,0.0,,0,,,,0.0,,0.6560999999999999,0,0->0,1,1.0,1.0,1.0
cifar100_proser_fedavg__split02__seed4__d0.1,cifar100,d0.1,0.1,proser_fedavg,0.15,5,12,0.05,0.05,0.0008333333333333334,0.004166666666666667,0.44345959577747796,0,0,0,delta_c/(M J) -> delta_c/M,0,,,,0.0,,0,,,,0.0,,0.44345959577747796,0,0->0,1,1.0,1.0,1.0
cifar100_proser_fedavg__split02__seed4__d0.1,cifar100,d0.1,0.1,proser_fedavg,0.2,5,12,0.05,0.05,0.0008333333333333334,0.004166666666666667,0.3518437208883203,0,0,0,delta_c/(M J) -> delta_c/M,0,,,,0.0,,0,,,,0.0,,0.3518437208883203,0,0->0,1,1.0,1.0,1.0
cifar100_proser_fedavg__split02__seed4__d0.1,cifar100,d0.1,0.1,proser_fedavg,0.25,5,12,0.05,0.05,0.0008333333333333334,0.004166666666666667,0.1411380580914932,0,0,0,delta_c/(M J) -> delta_c/M,0,,,,0.0,,0,,,,0.0,,0.1411380580914932,0,0->0,1,1.0,1.0,1.0
cifar100_proser_fedavg__split02__seed4__d0.1,cifar100,d0.1,0.1,proser_fedavg,0.3,5,12,0.05,0.05,0.0008333333333333334,0.004166666666666667,0.029475243571418605,0,0,0,delta_c/(M J) -> delta_c/M,0,,,,0.0,,0,,,,0.0,,0.029475243571418605,0,0->0,1,1.0,1.0,1.0
cifar100_proser_fedavg__split02__seed4__d0.5,cifar100,d0.5,0.5,proser_fedavg,0.05,5,12,0.05,0.05,0.0008333333333333334,0.004166666666666667,0.6981513338906363,0,0,0,delta_c/(M J) -> delta_c/M,0,,,,0.0,,0,,,,0.0,,0.6981513338906363,0,0->0,1,1.0,1.0,1.0
cifar100_proser_fedavg__split02__seed4__d0.5,cifar100,d0.5,0.5,proser_fedavg,0.1,5,12,0.05,0.05,0.0008333333333333334,0.004166666666666667,0.31381059608999995,0,0,0,delta_c/(M J) -> delta_c/M,0,,,,0.0,,0,,,,0.0,,0.31381059608999995,0,0->0,1,1.0,1.0,1.0
cifar100_proser_fedavg__split02__seed4__d0.5,cifar100,d0.5,0.5,proser_fedavg,0.15,5,12,0.05,0.05,0.0008333333333333334,0.004166666666666667,0.14746845121807986,0,0,0,delta_c/(M J) -> delta_c/M,0,,,,0.0,,0,,,,0.0,,0.14746845121807986,0,0->0,1,1.0,1.0,1.0
cifar100_proser_fedavg__split02__seed4__d0.5,cifar100,d0.5,0.5,proser_fedavg,0.2,5,12,0.05,0.05,0.0008333333333333334,0.004166666666666667,0.008650829147836773,0,0,0,delta_c/(M J) -> delta_c/M,0,,,,0.0,,0,,,,0.0,,0.008650829147836773,0,0->0,1,1.0,1.0,1.0
cifar100_proser_fedavg__split02__seed4__d0.5,cifar100,d0.5,0.5,proser_fedavg,0.25,5,12,0.05,0.05,0.0008333333333333334,0.004166666666666667,0.001765099731195606,1,1,1,delta_c/(M J) -> delta_c/M,1,8.0,margin,0.3,0.08141290406295108,0.001765099731195606,1,8.0,margin,0.3,0.0872520201548094,0.001765099731195606,0.001765099731195606,0,1->1,1,1.0,1.0,1.0
cifar100_proser_fedavg__split02__seed4__d0.5,cifar100,d0.5,0.5,proser_fedavg,0.3,5,12,0.05,0.05,0.0008333333333333334,0.004166666666666667,6.356469509015571e-05,3,3,3,delta_c/(M J) -> delta_c/M,1,8.0,margin,0.3,0.1043056093803049,6.356469509015571e-05,1,8.0,margin,0.3,0.11087494490555679,6.356469509015571e-05,6.356469509015571e-05,0,1->1,1,1.0,1.0,1.0
cifar100_proser_fedavg__split02__seed4__d5.0,cifar100,d5,5.0,proser_fedavg,0.05,5,12,0.05,0.05,0.0008333333333333334,0.004166666666666667,0.8796191224443661,0,0,0,delta_c/(M J) -> delta_c/M,0,,,,0.0,,0,,,,0.0,,0.8796191224443661,0,0->0,1,1.0,1.0,1.0
cifar100_proser_fedavg__split02__seed4__d5.0,cifar100,d5,5.0,proser_fedavg,0.1,5,12,0.05,0.05,0.0008333333333333334,0.004166666666666667,0.4205451094759608,0,0,0,delta_c/(M J) -> delta_c/M,0,,,,0.0,,0,,,,0.0,,0.4205451094759608,0,0->0,1,1.0,1.0,1.0
cifar100_proser_fedavg__split02__seed4__d5.0,cifar100,d5,5.0,proser_fedavg,0.15,5,12,0.05,0.05,0.0008333333333333334,0.004166666666666667,0.09679850872691853,0,0,0,delta_c/(M J) -> delta_c/M,0,,,,0.0,,0,,,,0.0,,0.09679850872691853,0,0->0,1,1.0,1.0,1.0
cifar100_proser_fedavg__split02__seed4__d5.0,cifar100,d5,5.0,proser_fedavg,0.2,5,12,0.05,0.05,0.0008333333333333334,0.004166666666666667,0.018219940017062095,0,0,0,delta_c/(M J) -> delta_c/M,0,,,,0.0,,0,,,,0.0,,0.018219940017062095,0,0->0,1,1.0,1.0,1.0
cifar100_proser_fedavg__split02__seed4__d5.0,cifar100,d5,5.0,proser_fedavg,0.25,5,12,0.05,0.05,0.0008333333333333334,0.004166666666666667,0.0006477478198720596,1,1,1,delta_c/(M J) -> delta_c/M,1,0.0,proser,0.3,0.10265018663106987,0.0006477478198720596,1,0.0,proser,0.3,0.10917052585404981,0.0006477478198720596,0.0006477478198720596,0,1->1,1,1.0,1.0,1.0
cifar100_proser_fedavg__split02__seed4__d5.0,cifar100,d5,5.0,proser_fedavg,0.3,5,12,0.05,0.05,0.0008333333333333334,0.004166666666666667,7.994621183278182e-05,3,3,3,delta_c/(M J) -> delta_c/M,1,8.0,margin,0.3,0.11932776839099495,0.000154249544808049,1,8.0,margin,0.3,0.126318742423585,0.000154249544808049,0.000154249544808049,0,1->1,1,1.0,1.0,1.0
cifar100_proser_fedavg__split03__seed0__d0.1,cifar100,d0.1,0.1,proser_fedavg,0.05,5,12,0.05,0.05,0.0008333333333333334,0.004166666666666667,0.7922280035731784,0,0,0,delta_c/(M J) -> delta_c/M,0,,,,0.0,,0,,,,0.0,,0.7922280035731784,0,0->0,1,1.0,1.0,1.0
cifar100_proser_fedavg__split03__seed0__d0.1,cifar100,d0.1,0.1,proser_fedavg,0.1,5,12,0.05,0.05,0.0008333333333333334,0.004166666666666667,0.48178524910147824,0,0,0,delta_c/(M J) -> delta_c/M,0,,,,0.0,,0,,,,0.0,,0.48178524910147824,0,0->0,1,1.0,1.0,1.0
cifar100_proser_fedavg__split03__seed0__d0.1,cifar100,d0.1,0.1,proser_fedavg,0.15,5,12,0.05,0.05,0.0008333333333333334,0.004166666666666667,0.31858597554574136,0,0,0,delta_c/(M J) -> delta_c/M,0,,,,0.0,,0,,,,0.0,,0.31858597554574136,0,0->0,1,1.0,1.0,1.0
cifar100_proser_fedavg__split03__seed0__d0.1,cifar100,d0.1,0.1,proser_fedavg,0.2,5,12,0.05,0.05,0.0008333333333333334,0.004166666666666667,0.09822522284368877,0,0,0,delta_c/(M J) -> delta_c/M,0,,,,0.0,,0,,,,0.0,,0.09822522284368877,0,0->0,1,1.0,1.0,1.0
cifar100_proser_fedavg__split03__seed0__d0.1,cifar100,d0.1,0.1,proser_fedavg,0.25,5,12,0.05,0.05,0.0008333333333333334,0.004166666666666667,0.020459245867235402,0,0,0,delta_c/(M J) -> delta_c/M,0,,,,0.0,,0,,,,0.0,,0.020459245867235402,0,0->0,1,1.0,1.0,1.0
cifar100_proser_fedavg__split03__seed0__d0.1,cifar100,d0.1,0.1,proser_fedavg,0.3,5,12,0.05,0.05,0.0008333333333333334,0.004166666666666667,0.004187133245801894,0,0,0,delta_c/(M J) -> delta_c/M,0,,,,0.0,,0,,,,0.0,,0.004187133245801894,0,0->0,1,1.0,1.0,1.0
cifar100_proser_fedavg__split03__seed0__d0.5,cifar100,d0.5,0.5,proser_fedavg,0.05,5,12,0.05,0.05,0.0008333333333333334,0.004166666666666667,0.8107596527795686,0,0,0,delta_c/(M J) -> delta_c/M,0,,,,0.0,,0,,,,0.0,,0.8107596527795686,0,0->0,1,1.0,1.0,1.0
cifar100_proser_fedavg__split03__seed0__d0.5,cifar100,d0.5,0.5,proser_fedavg,0.1,5,12,0.05,0.05,0.0008333333333333334,0.004166666666666667,0.6200409384119033,0,0,0,delta_c/(M J) -> delta_c/M,0,,,,0.0,,0,,,,0.0,,0.6200409384119033,0,0->0,1,1.0,1.0,1.0
cifar100_proser_fedavg__split03__seed0__d0.5,cifar100,d0.5,0.5,proser_fedavg,0.15,5,12,0.05,0.05,0.0008333333333333334,0.004166666666666667,0.3381769087123876,0,0,0,delta_c/(M J) -> delta_c/M,0,,,,0.0,,0,,,,0.0,,0.3381769087123876,0,0->0,1,1.0,1.0,1.0
cifar100_proser_fedavg__split03__seed0__d0.5,cifar100,d0.5,0.5,proser_fedavg,0.2,5,12,0.05,0.05,0.0008333333333333334,0.004166666666666667,0.09907919180215101,0,0,0,delta_c/(M J) -> delta_c/M,0,,,,0.0,,0,,,,0.0,,0.09907919180215101,0,0->0,1,1.0,1.0,1.0
cifar100_proser_fedavg__split03__seed0__d0.5,cifar100,d0.5,0.5,proser_fedavg,0.25,5,12,0.05,0.05,0.0008333333333333334,0.004166666666666667,0.06064942833211262,0,0,0,delta_c/(M J) -> delta_c/M,0,,,,0.0,,0,,,,0.0,,0.06064942833211262,0,0->0,1,1.0,1.0,1.0
cifar100_proser_fedavg__split03__seed0__d0.5,cifar100,d0.5,0.5,proser_fedavg,0.3,5,12,0.05,0.05,0.0008333333333333334,0.004166666666666667,0.002296956224353111,1,1,1,delta_c/(M J) -> delta_c/M,1,0.0,proser,0.3,0.0911462576066347,0.002296956224353111,1,0.0,proser,0.3,0.09731047765897691,0.002296956224353111,0.002296956224353111,0,1->1,1,1.0,1.0,1.0
cifar100_proser_fedavg__split03__seed0__d5.0,cifar100,d5,5.0,proser_fedavg,0.05,5,12,0.05,0.05,0.0008333333333333334,0.004166666666666667,0.662852175967376,0,0,0,delta_c/(M J) -> delta_c/M,0,,,,0.0,,0,,,,0.0,,0.662852175967376,0,0->0,1,1.0,1.0,1.0
cifar100_proser_fedavg__split03__seed0__d5.0,cifar100,d5,5.0,proser_fedavg,0.1,5,12,0.05,0.05,0.0008333333333333334,0.004166666666666667,0.23643739099261196,0,0,0,delta_c/(M J) -> delta_c/M,0,,,,0.0,,0,,,,0.0,,0.23643739099261196,0,0->0,1,1.0,1.0,1.0
cifar100_proser_fedavg__split03__seed0__d5.0,cifar100,d5,5.0,proser_fedavg,0.15,5,12,0.05,0.05,0.0008333333333333334,0.004166666666666667,0.11646933737987672,0,0,0,delta_c/(M J) -> delta_c/M,0,,,,0.0,,0,,,,0.0,,0.11646933737987672,0,0->0,1,1.0,1.0,1.0
cifar100_proser_fedavg__split03__seed0__d5.0,cifar100,d5,5.0,proser_fedavg,0.2,5,12,0.05,0.05,0.0008333333333333334,0.004166666666666667,0.0305927559805926,0,0,0,delta_c/(M J) -> delta_c/M,0,,,,0.0,,0,,,,0.0,,0.0305927559805926,0,0->0,1,1.0,1.0,1.0
cifar100_proser_fedavg__split03__seed0__d5.0,cifar100,d5,5.0,proser_fedavg,0.25,5,12,0.05,0.05,0.0008333333333333334,0.004166666666666667,0.0036778380518910736,2,2,2,delta_c/(M J) -> delta_c/M,1,8.0,margin,0.3,0.0911462576066347,0.0036778380518910736,1,8.0,margin,0.3,0.09731047765897691,0.0036778380518910736,0.0036778380518910736,0,1->1,1,1.0,1.0,1.0
cifar100_proser_fedavg__split03__seed0__d5.0,cifar100,d5,5.0,proser_fedavg,0.3,5,12,0.05,0.05,0.0008333333333333334,0.004166666666666667,0.00019331624565071517,4,4,4,delta_c/(M J) -> delta_c/M,1,9.0,margin,0.5,0.16900572722530546,0.000674042814202125,1,9.0,margin,0.5,0.17715528197822153,0.000674042814202125,0.000674042814202125,0,1->1,1,1.0,1.0,1.0
cifar100_proser_fedavg__split03__seed1__d0.1,cifar100,d0.1,0.1,proser_fedavg,0.05,5,12,0.05,0.05,0.0008333333333333334,0.004166666666666667,0.6302494097246094,0,0,0,delta_c/(M J) -> delta_c/M,0,,,,0.0,,0,,,,0.0,,0.6302494097246094,0,0->0,1,1.0,1.0,1.0
cifar100_proser_fedavg__split03__seed1__d0.1,cifar100,d0.1,0.1,proser_fedavg,0.1,5,12,0.05,0.05,0.0008333333333333334,0.004166666666666667,0.5490430189190638,0,0,0,delta_c/(M J) -> delta_c/M,0,,,,0.0,,0,,,,0.0,,0.5490430189190638,0,0->0,1,1.0,1.0,1.0
cifar100_proser_fedavg__split03__seed1__d0.1,cifar100,d0.1,0.1,proser_fedavg,0.15,5,12,0.05,0.05,0.0008333333333333334,0.004166666666666667,0.31858597554574136,0,0,0,delta_c/(M J) -> delta_c/M,0,,,,0.0,,0,,,,0.0,,0.31858597554574136,0,0->0,1,1.0,1.0,1.0
cifar100_proser_fedavg__split03__seed1__d0.1,cifar100,d0.1,0.1,proser_fedavg,0.2,5,12,0.05,0.05,0.0008333333333333334,0.004166666666666667,0.17300749475634544,0,0,0,delta_c/(M J) -> delta_c/M,0,,,,0.0,,0,,,,0.0,,0.17300749475634544,0,0->0,1,1.0,1.0,1.0
cifar100_proser_fedavg__split03__seed1__d0.1,cifar100,d0.1,0.1,proser_fedavg,0.25,5,12,0.05,0.05,0.0008333333333333334,0.004166666666666667,0.07452348056494884,0,0,0,delta_c/(M J) -> delta_c/M,0,,,,0.0,,0,,,,0.0,,0.07452348056494884,0,0->0,1,1.0,1.0,1.0
cifar100_proser_fedavg__split03__seed1__d0.1,cifar100,d0.1,0.1,proser_fedavg,0.3,5,12,0.05,0.05,0.0008333333333333334,0.004166666666666667,0.0120950174166321,0,0,0,delta_c/(M J) -> delta_c/M,0,,,,0.0,,0,,,,0.0,,0.0120950174166321,0,0->0,1,1.0,1.0,1.0
cifar100_proser_fedavg__split03__seed1__d0.5,cifar100,d0.5,0.5,proser_fedavg,0.05,5,12,0.05,0.05,0.0008333333333333334,0.004166666666666667,0.857375,0,0,0,delta_c/(M J) -> delta_c/M,0,,,,0.0,,0,,,,0.0,,0.857375,0,0->0,1,1.0,1.0,1.0
cifar100_proser_fedavg__split03__seed1__d0.5,cifar100,d0.5,0.5,proser_fedavg,0.1,5,12,0.05,0.05,0.0008333333333333334,0.004166666666666667,0.4231306530930026,0,0,0,delta_c/(M J) -> delta_c/M,0,,,,0.0,,0,,,,0.0,,0.4231306530930026,0,0->0,1,1.0,1.0,1.0
cifar100_proser_fedavg__split03__seed1__d0.5,cifar100,d0.5,0.5,proser_fedavg,0.15,5,12,0.05,0.05,0.0008333333333333334,0.004166666666666667,0.13016876164665858,0,0,0,delta_c/(M J) -> delta_c/M,0,,,,0.0,,0,,,,0.0,,0.13016876164665858,0,0->0,1,1.0,1.0,1.0
cifar100_proser_fedavg__split03__seed1__d0.5,cifar100,d0.5,0.5,proser_fedavg,0.2,5,12,0.05,0.05,0.0008333333333333334,0.004166666666666667,0.03744768618838282,0,0,0,delta_c/(M J) -> delta_c/M,0,,,,0.0,,0,,,,0.0,,0.03744768618838282,0,0->0,1,1.0,1.0,1.0
cifar100_proser_fedavg__split03__seed1__d0.5,cifar100,d0.5,0.5,proser_fedavg,0.25,5,12,0.05,0.05,0.0008333333333333334,0.004166666666666667,0.004695680338250517,0,0,0,delta_c/(M J) -> delta_c/M,0,,,,0.0,,0,,,,0.0,,0.004695680338250517,0,0->0,1,1.0,1.0,1.0
cifar100_proser_fedavg__split03__seed1__d0.5,cifar100,d0.5,0.5,proser_fedavg,0.3,5,12,0.05,0.05,0.0008333333333333334,0.004166666666666667,0.0008890486595223888,4,4,4,delta_c/(M J) -> delta_c/M,1,1.0,proser,0.5,0.1243814398386118,0.0023309649227358517,1,1.0,proser,0.5,0.1315056998250879,0.0023309649227358517,0.0023309649227358517,0,1->1,1,1.0,1.0,1.0
cifar100_proser_fedavg__split03__seed1__d5.0,cifar100,d5,5.0,proser_fedavg,0.05,5,12,0.05,0.05,0.0008333333333333334,0.004166666666666667,0.5707845246127985,0,0,0,delta_c/(M J) -> delta_c/M,0,,,,0.0,,0,,,,0.0,,0.5707845246127985,0,0->0,1,1.0,1.0,1.0
cifar100_proser_fedavg__split03__seed1__d5.0,cifar100,d5,5.0,proser_fedavg,0.1,5,12,0.05,0.05,0.0008333333333333334,0.004166666666666667,0.19887210055039717,0,0,0,delta_c/(M J) -> delta_c/M,0,,,,0.0,,0,,,,0.0,,0.19887210055039717,0,0->0,1,1.0,1.0,1.0
cifar100_proser_fedavg__split03__seed1__d5.0,cifar100,d5,5.0,proser_fedavg,0.15,5,12,0.05,0.05,0.0008333333333333334,0.004166666666666667,0.1344174535161316,0,0,0,delta_c/(M J) -> delta_c/M,0,,,,0.0,,0,,,,0.0,,0.1344174535161316,0,0->0,1,1.0,1.0,1.0
cifar100_proser_fedavg__split03__seed1__d5.0,cifar100,d5,5.0,proser_fedavg,0.2,5,12,0.05,0.05,0.0008333333333333334,0.004166666666666667,0.04802721937073366,0,0,0,delta_c/(M J) -> delta_c/M,0,,,,0.0,,0,,,,0.0,,0.04802721937073366,0,0->0,1,1.0,1.0,1.0
cifar100_proser_fedavg__split03__seed1__d5.0,cifar100,d5,5.0,proser_fedavg,0.25,5,12,0.05,0.05,0.0008333333333333334,0.004166666666666667,0.006439632810969914,0,0,0,delta_c/(M J) -> delta_c/M,0,,,,0.0,,0,,,,0.0,,0.006439632810969914,0,0->0,1,1.0,1.0,1.0
cifar100_proser_fedavg__split03__seed1__d5.0,cifar100,d5,5.0,proser_fedavg,0.3,5,12,0.05,0.05,0.0008333333333333334,0.004166666666666667,9.776471551142921e-05,3,3,3,delta_c/(M J) -> delta_c/M,1,1.0,proser,0.5,0.14309009461546202,0.002162933168779963,1,1.0,proser,0.5,0.15067502031936403,0.002162933168779963,0.002162933168779963,0,1->1,1,1.0,1.0,1.0
cifar100_proser_fedavg__split03__seed2__d0.1,cifar100,d0.1,0.1,proser_fedavg,0.05,5,12,0.05,0.05,0.0008333333333333334,0.004166666666666667,0.9025,0,0,0,delta_c/(M J) -> delta_c/M,0,,,,0.0,,0,,,,0.0,,0.9025,0,0->0,1,1.0,1.0,1.0
cifar100_proser_fedavg__split03__seed2__d0.1,cifar100,d0.1,0.1,proser_fedavg,0.1,5,12,0.05,0.05,0.0008333333333333334,0.004166666666666667,0.7054447858958958,0,0,0,delta_c/(M J) -> delta_c/M,0,,,,0.0,,0,,,,0.0,,0.7054447858958958,0,0->0,1,1.0,1.0,1.0
cifar100_proser_fedavg__split03__seed2__d0.1,cifar100,d0.1,0.1,proser_fedavg,0.15,5,12,0.05,0.05,0.0008333333333333334,0.004166666666666667,0.4921860108518067,0,0,0,delta_c/(M J) -> delta_c/M,0,,,,0.0,,0,,,,0.0,,0.4921860108518067,0,0->0,1,1.0,1.0,1.0
cifar100_proser_fedavg__split03__seed2__d0.1,cifar100,d0.1,0.1,proser_fedavg,0.2,5,12,0.05,0.05,0.0008333333333333334,0.004166666666666667,0.37037603335495006,0,0,0,delta_c/(M J) -> delta_c/M,0,,,,0.0,,0,,,,0.0,,0.37037603335495006,0,0->0,1,1.0,1.0,1.0
cifar100_proser_fedavg__split03__seed2__d0.1,cifar100,d0.1,0.1,proser_fedavg,0.25,5,12,0.05,0.05,0.0008333333333333334,0.004166666666666667,0.19401923042042835,0,0,0,delta_c/(M J) -> delta_c/M,0,,,,0.0,,0,,,,0.0,,0.19401923042042835,0,0->0,1,1.0,1.0,1.0
cifar100_proser_fedavg__split03__seed2__d0.1,cifar100,d0.1,0.1,proser_fedavg,0.3,5,12,0.05,0.05,0.0008333333333333334,0.004166666666666667,0.051034995644583254,0,0,0,delta_c/(M J) -> delta_c/M,0,,,,0.0,,0,,,,0.0,,0.051034995644583254,0,0->0,1,1.0,1.0,1.0
cifar100_proser_fedavg__split03__seed2__d0.5,cifar100,d0.5,0.5,proser_fedavg,0.05,5,12,0.05,0.05,0.0008333333333333334,0.004166666666666667,0.9261945083563998,0,0,0,delta_c/(M J) -> delta_c/M,0,,,,0.0,,0,,,,0.0,,0.9261945083563998,0,0->0,1,1.0,1.0,1.0
cifar100_proser_fedavg__split03__seed2__d0.5,cifar100,d0.5,0.5,proser_fedavg,0.1,5,12,0.05,0.05,0.0008333333333333334,0.004166666666666667,0.6238303785686133,0,0,0,delta_c/(M J) -> delta_c/M,0,,,,0.0,,0,,,,0.0,,0.6238303785686133,0,0->0,1,1.0,1.0,1.0
cifar100_proser_fedavg__split03__seed2__d0.5,cifar100,d0.5,0.5,proser_fedavg,0.15,5,12,0.05,0.05,0.0008333333333333334,0.004166666666666667,0.3588535845317462,0,0,0,delta_c/(M J) -> delta_c/M,0,,,,0.0,,0,,,,0.0,,0.3588535845317462,0,0->0,1,1.0,1.0,1.0
cifar100_proser_fedavg__split03__seed2__d0.5,cifar100,d0.5,0.5,proser_fedavg,0.2,5,12,0.05,0.05,0.0008333333333333334,0.004166666666666667,0.140380466173651,0,0,0,delta_c/(M J) -> delta_c/M,0,,,,0.0,,0,,,,0.0,,0.140380466173651,0,0->0,1,1.0,1.0,1.0
cifar100_proser_fedavg__split03__seed2__d0.5,cifar100,d0.5,0.5,proser_fedavg,0.25,5,12,0.05,0.05,0.0008333333333333334,0.004166666666666667,0.06657504956978562,0,0,0,delta_c/(M J) -> delta_c/M,0,,,,0.0,,0,,,,0.0,,0.06657504956978562,0,0->0,1,1.0,1.0,1.0
cifar100_proser_fedavg__split03__seed2__d0.5,cifar100,d0.5,0.5,proser_fedavg,0.3,5,12,0.05,0.05,0.0008333333333333334,0.004166666666666667,0.005230979010473668,0,0,0,delta_c/(M J) -> delta_c/M,0,,,,0.0,,0,,,,0.0,,0.005230979010473668,0,0->0,1,1.0,1.0,1.0
cifar100_proser_fedavg__split03__seed2__d5.0,cifar100,d5,5.0,proser_fedavg,0.05,5,12,0.05,0.05,0.0008333333333333334,0.004166666666666667,0.7547072050706155,0,0,0,delta_c/(M J) -> delta_c/M,0,,,,0.0,,0,,,,0.0,,0.7547072050706155,0,0->0,1,1.0,1.0,1.0
cifar100_proser_fedavg__split03__seed2__d5.0,cifar100,d5,5.0,proser_fedavg,0.1,5,12,0.05,0.05,0.0008333333333333334,0.004166666666666667,0.4202649788315974,0,0,0,delta_c/(M J) -> delta_c/M,0,,,,0.0,,0,,,,0.0,,0.4202649788315974,0,0->0,1,1.0,1.0,1.0
cifar100_proser_fedavg__split03__seed2__d5.0,cifar100,d5,5.0,proser_fedavg,0.15,5,12,0.05,0.05,0.0008333333333333334,0.004166666666666667,0.08705440450104476,0,0,0,delta_c/(M J) -> delta_c/M,0,,,,0.0,,0,,,,0.0,,0.08705440450104476,0,0->0,1,1.0,1.0,1.0
cifar100_proser_fedavg__split03__seed2__d5.0,cifar100,d5,5.0,proser_fedavg,0.2,5,12,0.05,0.05,0.0008333333333333334,0.004166666666666667,0.011766943602514323,0,0,0,delta_c/(M J) -> delta_c/M,0,,,,0.0,,0,,,,0.0,,0.011766943602514323,0,0->0,1,1.0,1.0,1.0
cifar100_proser_fedavg__split03__seed2__d5.0,cifar100,d5,5.0,proser_fedavg,0.25,5,12,0.05,0.05,0.0008333333333333334,0.004166666666666667,0.0014516030791775839,3,3,3,delta_c/(M J) -> delta_c/M,1,9.0,margin,0.5,0.11597108114813345,0.0027363875615002116,1,9.0,margin,0.5,0.12287124747137851,0.0027363875615002116,0.0027363875615002116,0,1->1,1,1.0,1.0,1.0
cifar100_proser_fedavg__split03__seed2__d5.0,cifar100,d5,5.0,proser_fedavg,0.3,5,12,0.05,0.05,0.0008333333333333334,0.004166666666666667,1.7713206615788556e-05,5,5,5,delta_c/(M J) -> delta_c/M,1,9.0,margin,0.5,0.13455268719285943,0.0015854426646335579,1,9.0,margin,0.5,0.14193348169161032,0.0015854426646335579,0.0015854426646335579,0,1->1,1,1.0,1.0,1.0
cifar100_proser_fedavg__split03__seed3__d0.1,cifar100,d0.1,0.1,proser_fedavg,0.05,5,12,0.05,0.05,0.0008333333333333334,0.004166666666666667,0.7358395249438502,0,0,0,delta_c/(M J) -> delta_c/M,0,,,,0.0,,0,,,,0.0,,0.7358395249438502,0,0->0,1,1.0,1.0,1.0
cifar100_proser_fedavg__split03__seed3__d0.1,cifar100,d0.1,0.1,proser_fedavg,0.1,5,12,0.05,0.05,0.0008333333333333334,0.004166666666666667,0.28786288307422303,0,0,0,delta_c/(M J) -> delta_c/M,0,,,,0.0,,0,,,,0.0,,0.28786288307422303,0,0->0,1,1.0,1.0,1.0
cifar100_proser_fedavg__split03__seed3__d0.1,cifar100,d0.1,0.1,proser_fedavg,0.15,5,12,0.05,0.05,0.0008333333333333334,0.004166666666666667,0.07762464061167863,0,0,0,delta_c/(M J) -> delta_c/M,0,,,,0.0,,0,,,,0.0,,0.07762464061167863,0,0->0,1,1.0,1.0,1.0
cifar100_proser_fedavg__split03__seed3__d0.1,cifar100,d0.1,0.1,proser_fedavg,0.2,5,12,0.05,0.05,0.0008333333333333334,0.004166666666666667,0.044178985151997086,0,0,0,delta_c/(M J) -> delta_c/M,0,,,,0.0,,0,,,,0.0,,0.044178985151997086,0,0->0,1,1.0,1.0,1.0
cifar100_proser_fedavg__split03__seed3__d0.1,cifar100,d0.1,0.1,proser_fedavg,0.25,5,12,0.05,0.05,0.0008333333333333334,0.004166666666666667,0.0032806191379380484,1,1,1,delta_c/(M J) -> delta_c/M,1,8.0,margin,0.3,0.028095885493214956,0.0032806191379380484,1,8.0,margin,0.3,0.031504047537846934,0.0032806191379380484,0.0032806191379380484,0,1->1,1,1.0,1.0,1.0
cifar100_proser_fedavg__split03__seed3__d0.1,cifar100,d0.1,0.1,proser_fedavg,0.3,5,12,0.05,0.05,0.0008333333333333334,0.004166666666666667,0.00601931767678171,0,0,0,delta_c/(M J) -> delta_c/M,0,,,,0.0,,0,,,,0.0,,0.00601931767678171,0,0->0,1,1.0,1.0,1.0
cifar100_proser_fedavg__split03__seed3__d0.5,cifar100,d0.5,0.5,proser_fedavg,0.05,5,12,0.05,0.05,0.0008333333333333334,0.004166666666666667,0.8981054088575684,0,0,0,delta_c/(M J) -> delta_c/M,0,,,,0.0,,0,,,,0.0,,0.8981054088575684,0,0->0,1,1.0,1.0,1.0
cifar100_proser_fedavg__split03__seed3__d0.5,cifar100,d0.5,0.5,proser_fedavg,0.1,5,12,0.05,0.05,0.0008333333333333334,0.004166666666666667,0.4593829223240161,0,0,0,delta_c/(M J) -> delta_c/M,0,,,,0.0,,0,,,,0.0,,0.4593829223240161,0,0->0,1,1.0,1.0,1.0
cifar100_proser_fedavg__split03__seed3__d0.5,cifar100,d0.5,0.5,proser_fedavg,0.15,5,12,0.05,0.05,0.0008333333333333334,0.004166666666666667,0.18707562584608595,0,0,0,delta_c/(M J) -> delta_c/M,0,,,,0.0,,0,,,,0.0,,0.18707562584608595,0,0->0,1,1.0,1.0,1.0
cifar100_proser_fedavg__split03__seed3__d0.5,cifar100,d0.5,0.5,proser_fedavg,0.2,5,12,0.05,0.05,0.0008333333333333334,0.004166666666666667,0.018496015060209363,0,0,0,delta_c/(M J) -> delta_c/M,0,,,,0.0,,0,,,,0.0,,0.018496015060209363,0,0->0,1,1.0,1.0,1.0
cifar100_proser_fedavg__split03__seed3__d0.5,cifar100,d0.5,0.5,proser_fedavg,0.25,5,12,0.05,0.05,0.0008333333333333334,0.004166666666666667,0.01366132282423726,0,0,0,delta_c/(M J) -> delta_c/M,0,,,,0.0,,0,,,,0.0,,0.01366132282423726,0,0->0,1,1.0,1.0,1.0
cifar100_proser_fedavg__split03__seed3__d0.5,cifar100,d0.5,0.5,proser_fedavg,0.3,5,12,0.05,0.05,0.0008333333333333334,0.004166666666666667,0.0006790236990520431,3,3,3,delta_c/(M J) -> delta_c/M,1,9.0,margin,0.5,0.1328517632310836,0.0032117230042622543,1,9.0,margin,0.5,0.14019070027175998,0.0032117230042622543,0.0032117230042622543,0,1->1,1,1.0,1.0,1.0
cifar100_proser_fedavg__split03__seed3__d5.0,cifar100,d5,5.0,proser_fedavg,0.05,5,12,0.05,0.05,0.0008333333333333334,0.004166666666666667,0.7992469762612021,0,0,0,delta_c/(M J) -> delta_c/M,0,,,,0.0,,0,,,,0.0,,0.7992469762612021,0,0->0,1,1.0,1.0,1.0
cifar100_proser_fedavg__split03__seed3__d5.0,cifar100,d5,5.0,proser_fedavg,0.1,5,12,0.05,0.05,0.0008333333333333334,0.004166666666666667,0.3139960530897208,0,0,0,delta_c/(M J) -> delta_c/M,0,,,,0.0,,0,,,,0.0,,0.3139960530897208,0,0->0,1,1.0,1.0,1.0
cifar100_proser_fedavg__split03__seed3__d5.0,cifar100,d5,5.0,proser_fedavg,0.15,5,12,0.05,0.05,0.0008333333333333334,0.004166666666666667,0.051168076745732,0,0,0,delta_c/(M J) -> delta_c/M,0,,,,0.0,,0,,,,0.0,,0.051168076745732,0,0->0,1,1.0,1.0,1.0
cifar100_proser_fedavg__split03__seed3__d5.0,cifar100,d5,5.0,proser_fedavg,0.2,5,12,0.05,0.05,0.0008333333333333334,0.004166666666666667,0.005407415753967174,0,0,0,delta_c/(M J) -> delta_c/M,0,,,,0.0,,0,,,,0.0,,0.005407415753967174,0,0->0,1,1.0,1.0,1.0
cifar100_proser_fedavg__split03__seed3__d5.0,cifar100,d5,5.0,proser_fedavg,0.25,5,12,0.05,0.05,0.0008333333333333334,0.004166666666666667,0.0002181691231010994,3,3,3,delta_c/(M J) -> delta_c/M,1,0.0,proser,0.3,0.07659490737042672,0.0002181691231010994,1,0.0,proser,0.3,0.08226388471076324,0.0002181691231010994,0.0002181691231010994,0,1->1,1,1.0,1.0,1.0
cifar100_proser_fedavg__split03__seed3__d5.0,cifar100,d5,5.0,proser_fedavg,0.3,5,12,0.05,0.05,0.0008333333333333334,0.004166666666666667,9.776471551142921e-05,6,6,6,delta_c/(M J) -> delta_c/M,1,10.0,margin,0.7,0.21842876388757312,0.0028698817588331893,1,10.0,margin,0.7,0.2274671239383013,0.0028698817588331893,0.0028698817588331893,0,1->1,1,1.0,1.0,1.0
cifar100_proser_fedavg__split03__seed4__d0.1,cifar100,d0.1,0.1,proser_fedavg,0.05,5,12,0.05,0.05,0.0008333333333333334,0.004166666666666667,0.881640143028513,0,0,0,delta_c/(M J) -> delta_c/M,0,,,,0.0,,0,,,,0.0,,0.881640143028513,0,0->0,1,1.0,1.0,1.0
cifar100_proser_fedavg__split03__seed4__d0.1,cifar100,d0.1,0.1,proser_fedavg,0.1,5,12,0.05,0.05,0.0008333333333333334,0.004166666666666667,0.659002251789,0,0,0,delta_c/(M J) -> delta_c/M,0,,,,0.0,,0,,,,0.0,,0.659002251789,0,0->0,1,1.0,1.0,1.0
cifar100_proser_fedavg__split03__seed4__d0.1,cifar100,d0.1,0.1,proser_fedavg,0.15,5,12,0.05,0.05,0.0008333333333333334,0.004166666666666667,0.4921860108518067,0,0,0,delta_c/(M J) -> delta_c/M,0,,,,0.0,,0,,,,0.0,,0.4921860108518067,0,0->0,1,1.0,1.0,1.0
cifar100_proser_fedavg__split03__seed4__d0.1,cifar100,d0.1,0.1,proser_fedavg,0.2,5,12,0.05,0.05,0.0008333333333333334,0.004166666666666667,0.4362076159999997,0,0,0,delta_c/(M J) -> delta_c/M,0,,,,0.0,,0,,,,0.0,,0.4362076159999997,0,0->0,1,1.0,1.0,1.0
cifar100_proser_fedavg__split03__seed4__d0.1,cifar100,d0.1,0.1,proser_fedavg,0.25,5,12,0.05,0.05,0.0008333333333333334,0.004166666666666667,0.1970973014831543,0,0,0,delta_c/(M J) -> delta_c/M,0,,,,0.0,,0,,,,0.0,,0.1970973014831543,0,0->0,1,1.0,1.0,1.0
cifar100_proser_fedavg__split03__seed4__d0.1,cifar100,d0.1,0.1,proser_fedavg,0.3,5,12,0.05,0.05,0.0008333333333333334,0.004166666666666667,0.05995220674756013,0,0,0,delta_c/(M J) -> delta_c/M,0,,,,0.0,,0,,,,0.0,,0.05995220674756013,0,0->0,1,1.0,1.0,1.0
cifar100_proser_fedavg__split03__seed4__d0.5,cifar100,d0.5,0.5,proser_fedavg,0.05,5,12,0.05,0.05,0.0008333333333333334,0.004166666666666667,0.7169718448170848,0,0,0,delta_c/(M J) -> delta_c/M,0,,,,0.0,,0,,,,0.0,,0.7169718448170848,0,0->0,1,1.0,1.0,1.0
cifar100_proser_fedavg__split03__seed4__d0.5,cifar100,d0.5,0.5,proser_fedavg,0.1,5,12,0.05,0.05,0.0008333333333333334,0.004166666666666667,0.7892493396961544,0,0,0,delta_c/(M J) -> delta_c/M,0,,,,0.0,,0,,,,0.0,,0.7892493396961544,0,0->0,1,1.0,1.0,1.0
cifar100_proser_fedavg__split03__seed4__d0.5,cifar100,d0.5,0.5,proser_fedavg,0.15,5,12,0.05,0.05,0.0008333333333333334,0.004166666666666667,0.3704955177196223,0,0,0,delta_c/(M J) -> delta_c/M,0,,,,0.0,,0,,,,0.0,,0.3704955177196223,0,0->0,1,1.0,1.0,1.0
cifar100_proser_fedavg__split03__seed4__d0.5,cifar100,d0.5,0.5,proser_fedavg,0.2,5,12,0.05,0.05,0.0008333333333333334,0.004166666666666667,0.20683965194969073,0,0,0,delta_c/(M J) -> delta_c/M,0,,,,0.0,,0,,,,0.0,,0.20683965194969073,0,0->0,1,1.0,1.0,1.0
cifar100_proser_fedavg__split03__seed4__d0.5,cifar100,d0.5,0.5,proser_fedavg,0.25,5,12,0.05,0.05,0.0008333333333333334,0.004166666666666667,0.03878960290772152,0,0,0,delta_c/(M J) -> delta_c/M,0,,,,0.0,,0,,,,0.0,,0.03878960290772152,0,0->0,1,1.0,1.0,1.0
cifar100_proser_fedavg__split03__seed4__d0.5,cifar100,d0.5,0.5,proser_fedavg,0.3,5,12,0.05,0.05,0.0008333333333333334,0.004166666666666667,0.01673737230365679,0,0,0,delta_c/(M J) -> delta_c/M,0,,,,0.0,,0,,,,0.0,,0.01673737230365679,0,0->0,1,1.0,1.0,1.0
cifar100_proser_fedavg__split03__seed4__d5.0,cifar100,d5,5.0,proser_fedavg,0.05,5,12,0.05,0.05,0.0008333333333333334,0.004166666666666667,0.67942044444479,0,0,0,delta_c/(M J) -> delta_c/M,0,,,,0.0,,0,,,,0.0,,0.67942044444479,0,0->0,1,1.0,1.0,1.0
cifar100_proser_fedavg__split03__seed4__d5.0,cifar100,d5,5.0,proser_fedavg,0.1,5,12,0.05,0.05,0.0008333333333333334,0.004166666666666667,0.29247695794853273,0,0,0,delta_c/(M J) -> delta_c/M,0,,,,0.0,,0,,,,0.0,,0.29247695794853273,0,0->0,1,1.0,1.0,1.0
cifar100_proser_fedavg__split03__seed4__d5.0,cifar100,d5,5.0,proser_fedavg,0.15,5,12,0.05,0.05,0.0008333333333333334,0.004166666666666667,0.09112304870923629,0,0,0,delta_c/(M J) -> delta_c/M,0,,,,0.0,,0,,,,0.0,,0.09112304870923629,0,0->0,1,1.0,1.0,1.0
cifar100_proser_fedavg__split03__seed4__d5.0,cifar100,d5,5.0,proser_fedavg,0.2,5,12,0.05,0.05,0.0008333333333333334,0.004166666666666667,0.01210617001856627,0,0,0,delta_c/(M J) -> delta_c/M,0,,,,0.0,,0,,,,0.0,,0.01210617001856627,0,0->0,1,1.0,1.0,1.0
cifar100_proser_fedavg__split03__seed4__d5.0,cifar100,d5,5.0,proser_fedavg,0.25,5,12,0.05,0.05,0.0008333333333333334,0.004166666666666667,0.0005353967614013328,2,2,2,delta_c/(M J) -> delta_c/M,1,0.0,proser,0.3,0.0911462576066347,0.0005353967614013328,1,0.0,proser,0.3,0.09731047765897691,0.0005353967614013328,0.0005353967614013328,0,1->1,1,1.0,1.0,1.0
cifar100_proser_fedavg__split03__seed4__d5.0,cifar100,d5,5.0,proser_fedavg,0.3,5,12,0.05,0.05,0.0008333333333333334,0.004166666666666667,0.00013097859475199588,5,5,5,delta_c/(M J) -> delta_c/M,1,1.0,proser,0.5,0.17423929549888237,0.0008979016893276286,1,1.0,proser,0.5,0.18249382681484083,0.0008979016893276286,0.0008979016893276286,0,1->1,1,1.0,1.0,1.0
cifar100_proser_fedavg__split04__seed0__d0.1,cifar100,d0.1,0.1,proser_fedavg,0.05,5,12,0.05,0.05,0.0008333333333333334,0.004166666666666667,0.7737809375,0,0,0,delta_c/(M J) -> delta_c/M,0,,,,0.0,,0,,,,0.0,,0.7737809375,0,0->0,1,1.0,1.0,1.0
cifar100_proser_fedavg__split04__seed0__d0.1,cifar100,d0.1,0.1,proser_fedavg,0.1,5,12,0.05,0.05,0.0008333333333333334,0.004166666666666667,0.59049,0,0,0,delta_c/(M J) -> delta_c/M,0,,,,0.0,,0,,,,0.0,,0.59049,0,0->0,1,1.0,1.0,1.0
cifar100_proser_fedavg__split04__seed0__d0.1,cifar100,d0.1,0.1,proser_fedavg,0.15,5,12,0.05,0.05,0.0008333333333333334,0.004166666666666667,0.4437053125,0,0,0,delta_c/(M J) -> delta_c/M,0,,,,0.0,,0,,,,0.0,,0.4437053125,0,0->0,1,1.0,1.0,1.0
cifar100_proser_fedavg__split04__seed0__d0.1,cifar100,d0.1,0.1,proser_fedavg,0.2,5,12,0.05,0.05,0.0008333333333333334,0.004166666666666667,0.17681701307590808,0,0,0,delta_c/(M J) -> delta_c/M,0,,,,0.0,,0,,,,0.0,,0.17681701307590808,0,0->0,1,1.0,1.0,1.0
cifar100_proser_fedavg__split04__seed0__d0.1,cifar100,d0.1,0.1,proser_fedavg,0.25,5,12,0.05,0.05,0.0008333333333333334,0.004166666666666667,0.03065093514993806,0,0,0,delta_c/(M J) -> delta_c/M,0,,,,0.0,,0,,,,0.0,,0.03065093514993806,0,0->0,1,1.0,1.0,1.0
cifar100_proser_fedavg__split04__seed0__d0.1,cifar100,d0.1,0.1,proser_fedavg,0.3,5,12,0.05,0.05,0.0008333333333333334,0.004166666666666667,0.03594538889135117,0,0,0,delta_c/(M J) -> delta_c/M,0,,,,0.0,,0,,,,0.0,,0.03594538889135117,0,0->0,1,1.0,1.0,1.0
cifar100_proser_fedavg__split04__seed0__d0.5,cifar100,d0.5,0.5,proser_fedavg,0.05,5,12,0.05,0.05,0.0008333333333333334,0.004166666666666667,0.3972143184582186,0,0,0,delta_c/(M J) -> delta_c/M,0,,,,0.0,,0,,,,0.0,,0.3972143184582186,0,0->0,1,1.0,1.0,1.0
cifar100_proser_fedavg__split04__seed0__d0.5,cifar100,d0.5,0.5,proser_fedavg,0.1,5,12,0.05,0.05,0.0008333333333333334,0.004166666666666667,0.17036889104785774,0,0,0,delta_c/(M J) -> delta_c/M,0,,,,0.0,,0,,,,0.0,,0.17036889104785774,0,0->0,1,1.0,1.0,1.0
cifar100_proser_fedavg__split04__seed0__d0.5,cifar100,d0.5,0.5,proser_fedavg,0.15,5,12,0.05,0.05,0.0008333333333333334,0.004166666666666667,0.026510932697498973,0,0,0,delta_c/(M J) -> delta_c/M,0,,,,0.0,,0,,,,0.0,,0.026510932697498973,0,0->0,1,1.0,1.0,1.0
cifar100_proser_fedavg__split04__seed0__d0.5,cifar100,d0.5,0.5,proser_fedavg,0.2,5,12,0.05,0.05,0.0008333333333333334,0.004166666666666667,0.0012529346147901275,1,1,1,delta_c/(M J) -> delta_c/M,1,8.0,margin,0.3,0.06392596034304576,0.0012529346147901275,1,8.0,margin,0.3,0.06911340878955945,0.0012529346147901275,0.0012529346147901275,0,1->1,1,1.0,1.0,1.0
cifar100_proser_fedavg__split04__seed0__d0.5,cifar100,d0.5,0.5,proser_fedavg,0.25,5,12,0.05,0.05,0.0008333333333333334,0.004166666666666667,0.0004369554863414985,5,5,5,delta_c/(M J) -> delta_c/M,1,9.0,margin,0.5,0.13455268719285943,0.0017924093463217191,1,9.0,margin,0.5,0.14193348169161032,0.0017924093463217191,0.0017924093463217191,0,1->1,1,1.0,1.0,1.0
cifar100_proser_fedavg__split04__seed0__d0.5,cifar100,d0.5,0.5,proser_fedavg,0.3,5,12,0.05,0.05,0.0008333333333333334,0.004166666666666667,1.468258829223387e-05,7,7,7,delta_c/(M J) -> delta_c/M,1,2.0,proser,0.7,0.19709476673071116,0.005876888994336691,1,2.0,proser,0.7,0.20577632071592847,0.005876888994336691,0.005876888994336691,0,1->1,1,1.0,1.0,1.0
cifar100_proser_fedavg__split04__seed0__d5.0,cifar100,d5,5.0,proser_fedavg,0.05,5,12,0.05,0.05,0.0008333333333333334,0.004166666666666667,0.34707679724026663,0,0,0,delta_c/(M J) -> delta_c/M,0,,,,0.0,,0,,,,0.0,,0.34707679724026663,0,0->0,1,1.0,1.0,1.0
cifar100_proser_fedavg__split04__seed0__d5.0,cifar100,d5,5.0,proser_fedavg,0.1,5,12,0.05,0.05,0.0008333333333333334,0.004166666666666667,0.16796786242106393,0,0,0,delta_c/(M J) -> delta_c/M,0,,,,0.0,,0,,,,0.0,,0.16796786242106393,0,0->0,1,1.0,1.0,1.0
cifar100_proser_fedavg__split04__seed0__d5.0,cifar100,d5,5.0,proser_fedavg,0.15,5,12,0.05,0.05,0.0008333333333333334,0.004166666666666667,0.01667066227642362,0,0,0,delta_c/(M J) -> delta_c/M,0,,,,0.0,,0,,,,0.0,,0.01667066227642362,0,0->0,1,1.0,1.0,1.0
cifar100_proser_fedavg__split04__seed0__d5.0,cifar100,d5,5.0,proser_fedavg,0.2,5,12,0.05,0.05,0.0008333333333333334,0.004166666666666667,0.0008969004173678269,2,2,2,delta_c/(M J) -> delta_c/M,1,9.0,margin,0.5,0.1328517632310836,0.0034857869519019174,1,9.0,margin,0.5,0.14019070027175998,0.0034857869519019174,0.0034857869519019174,0,1->1,1,1.0,1.0,1.0
cifar100_proser_fedavg__split04__seed0__d5.0,cifar100,d5,5.0,proser_fedavg,0.25,5,12,0.05,0.05,0.0008333333333333334,0.004166666666666667,3.515063303515995e-05,4,4,4,delta_c/(M J) -> delta_c/M,1,8.0,margin,0.3,0.11262466653722901,3.515063303515995e-05,1,8.0,margin,0.3,0.11943241373769062,3.515063303515995e-05,3.515063303515995e-05,0,1->1,1,1.0,1.0,1.0
cifar100_proser_fedavg__split04__seed0__d5.0,cifar100,d5,5.0,proser_fedavg,0.3,5,12,0.05,0.05,0.0008333333333333334,0.004166666666666667,1.106977569515889e-06,8,8,8,delta_c/(M J) -> delta_c/M,1,2.0,proser,0.7,0.23997107797179384,0.0049632165230805375,1,2.0,proser,0.7,0.24933331646241888,0.0049632165230805375,0.0049632165230805375,0,1->1,1,1.0,1.0,1.0
cifar100_proser_fedavg__split04__seed1__d0.1,cifar100,d0.1,0.1,proser_fedavg,0.05,5,12,0.05,0.05,0.0008333333333333334,0.004166666666666667,0.81450625,0,0,0,delta_c/(M J) -> delta_c/M,0,,,,0.0,,0,,,,0.0,,0.81450625,0,0->0,1,1.0,1.0,1.0
cifar100_proser_fedavg__split04__seed1__d0.1,cifar100,d0.1,0.1,proser_fedavg,0.1,5,12,0.05,0.05,0.0008333333333333334,0.004166666666666667,0.6560999999999999,0,0,0,delta_c/(M J) -> delta_c/M,0,,,,0.0,,0,,,,0.0,,0.6560999999999999,0,0->0,1,1.0,1.0,1.0
cifar100_proser_fedavg__split04__seed1__d0.1,cifar100,d0.1,0.1,proser_fedavg,0.15,5,12,0.05,0.05,0.0008333333333333334,0.004166666666666667,0.4385143972350173,0,0,0,delta_c/(M J) -> delta_c/M,0,,,,0.0,,0,,,,0.0,,0.4385143972350173,0,0->0,1,1.0,1.0,1.0
cifar100_proser_fedavg__split04__seed1__d0.1,cifar100,d0.1,0.1,proser_fedavg,0.2,5,12,0.05,0.05,0.0008333333333333334,0.004166666666666667,0.20683965194969073,0,0,0,delta_c/(M J) -> delta_c/M,0,,,,0.0,,0,,,,0.0,,0.20683965194969073,0,0->0,1,1.0,1.0,1.0
cifar100_proser_fedavg__split04__seed1__d0.1,cifar100,d0.1,0.1,proser_fedavg,0.25,5,12,0.05,0.05,0.0008333333333333334,0.004166666666666667,0.15838176012039185,0,0,0,delta_c/(M J) -> delta_c/M,0,,,,0.0,,0,,,,0.0,,0.15838176012039185,0,0->0,1,1.0,1.0,1.0
cifar100_proser_fedavg__split04__seed1__d0.1,cifar100,d0.1,0.1,proser_fedavg,0.3,5,12,0.05,0.05,0.0008333333333333334,0.004166666666666667,0.035267599788147974,0,0,0,delta_c/(M J) -> delta_c/M,0,,,,0.0,,0,,,,0.0,,0.035267599788147974,0,0->0,1,1.0,1.0,1.0
cifar100_proser_fedavg__split04__seed1__d0.5,cifar100,d0.5,0.5,proser_fedavg,0.05,5,12,0.05,0.05,0.0008333333333333334,0.004166666666666667,0.6060962172712081,0,0,0,delta_c/(M J) -> delta_c/M,0,,,,0.0,,0,,,,0.0,,0.6060962172712081,0,0->0,1,1.0,1.0,1.0
cifar100_proser_fedavg__split04__seed1__d0.5,cifar100,d0.5,0.5,proser_fedavg,0.1,5,12,0.05,0.05,0.0008333333333333334,0.004166666666666667,0.21053171721902691,0,0,0,delta_c/(M J) -> delta_c/M,0,,,,0.0,,0,,,,0.0,,0.21053171721902691,0,0->0,1,1.0,1.0,1.0
cifar100_proser_fedavg__split04__seed1__d0.5,cifar100,d0.5,0.5,proser_fedavg,0.15,5,12,0.05,0.05,0.0008333333333333334,0.004166666666666667,0.07162887803444588,0,0,0,delta_c/(M J) -> delta_c/M,0,,,,0.0,,0,,,,0.0,,0.07162887803444588,0,0->0,1,1.0,1.0,1.0
cifar100_proser_fedavg__split04__seed1__d0.5,cifar100,d0.5,0.5,proser_fedavg,0.2,5,12,0.05,0.05,0.0008333333333333334,0.004166666666666667,0.010095208380047824,0,0,0,delta_c/(M J) -> delta_c/M,0,,,,0.0,,0,,,,0.0,,0.010095208380047824,0,0->0,1,1.0,1.0,1.0
cifar100_proser_fedavg__split04__seed1__d0.5,cifar100,d0.5,0.5,proser_fedavg,0.25,5,12,0.05,0.05,0.0008333333333333334,0.004166666666666667,0.0008961177457307827,3,3,3,delta_c/(M J) -> delta_c/M,1,9.0,margin,0.5,0.1043056093803049,0.004659288523117014,1,9.0,margin,0.5,0.11087494490555679,0.004659288523117014,0.004659288523117014,0,1->1,1,1.0,1.0,1.0
cifar100_proser_fedavg__split04__seed1__d0.5,cifar100,d0.5,0.5,proser_fedavg,0.3,5,12,0.05,0.05,0.0008333333333333334,0.004166666666666667,4.306596525930866e-05,3,3,3,delta_c/(M J) -> delta_c/M,1,9.0,margin,0.5,0.1499578732212252,0.0022644030878344883,1,9.0,margin,0.5,0.15770014800815232,0.0022644030878344883,0.0022644030878344883,0,1->1,1,1.0,1.0,1.0
cifar100_proser_fedavg__split04__seed1__d5.0,cifar100,d5,5.0,proser_fedavg,0.05,5,12,0.05,0.05,0.0008333333333333334,0.004166666666666667,0.45672930596592143,0,0,0,delta_c/(M J) -> delta_c/M,0,,,,0.0,,0,,,,0.0,,0.45672930596592143,0,0->0,1,1.0,1.0,1.0
cifar100_proser_fedavg__split04__seed1__d5.0,cifar100,d5,5.0,proser_fedavg,0.1,5,12,0.05,0.05,0.0008333333333333334,0.004166666666666667,0.11264199772469598,0,0,0,delta_c/(M J) -> delta_c/M,0,,,,0.0,,0,,,,0.0,,0.11264199772469598,0,0->0,1,1.0,1.0,1.0
cifar100_proser_fedavg__split04__seed1__d5.0,cifar100,d5,5.0,proser_fedavg,0.15,5,12,0.05,0.05,0.0008333333333333334,0.004166666666666667,0.018257016801010415,0,0,0,delta_c/(M J) -> delta_c/M,0,,,,0.0,,0,,,,0.0,,0.018257016801010415,0,0->0,1,1.0,1.0,1.0
cifar100_proser_fedavg__split04__seed1__d5.0,cifar100,d5,5.0,proser_fedavg,0.2,5,12,0.05,0.05,0.0008333333333333334,0.004166666666666667,0.002313883954491772,3,3,3,delta_c/(M J) -> delta_c/M,1,0.0,proser,0.3,0.08141290406295108,0.002313883954491772,1,0.0,proser,0.3,0.0872520201548094,0.002313883954491772,0.002313883954491772,0,1->1,1,1.0,1.0,1.0
cifar100_proser_fedavg__split04__seed1__d5.0,cifar100,d5,5.0,proser_fedavg,0.25,5,12,0.05,0.05,0.0008333333333333334,0.004166666666666667,6.686878239723337e-05,6,6,6,delta_c/(M J) -> delta_c/M,1,1.0,proser,0.5,0.17249300464952866,0.0043225668119671445,1,1.0,proser,0.5,0.1807128226137943,0.0043225668119671445,0.0043225668119671445,0,1->1,1,1.0,1.0,1.0
cifar100_proser_fedavg__split04__seed1__d5.0,cifar100,d5,5.0,proser_fedavg,0.3,5,12,0.05,0.05,0.0008333333333333334,0.004166666666666667,2.4067255424793558e-05,6,6,6,delta_c/(M J) -> delta_c/M,1,9.0,margin,0.5,0.21485819143313847,0.0002520387781576159,1,9.0,margin,0.5,0.22383943922301028,0.0002520387781576159,0.0002520387781576159,0,1->1,1,1.0,1.0,1.0
cifar100_proser_fedavg__split04__seed2__d0.1,cifar100,d0.1,0.1,proser_fedavg,0.05,5,12,0.05,0.05,0.0008333333333333334,0.004166666666666667,0.9025,0,0,0,delta_c/(M J) -> delta_c/M,0,,,,0.0,,0,,,,0.0,,0.9025,0,0->0,1,1.0,1.0,1.0
cifar100_proser_fedavg__split04__seed2__d0.1,cifar100,d0.1,0.1,proser_fedavg,0.1,5,12,0.05,0.05,0.0008333333333333334,0.004166666666666667,0.59049,0,0,0,delta_c/(M J) -> delta_c/M,0,,,,0.0,,0,,,,0.0,,0.59049,0,0->0,1,1.0,1.0,1.0
cifar100_proser_fedavg__split04__seed2__d0.1,cifar100,d0.1,0.1,proser_fedavg,0.15,5,12,0.05,0.05,0.0008333333333333334,0.004166666666666667,0.3704955177196223,0,0,0,delta_c/(M J) -> delta_c/M,0,,,,0.0,,0,,,,0.0,,0.3704955177196223,0,0->0,1,1.0,1.0,1.0
cifar100_proser_fedavg__split04__seed2__d0.1,cifar100,d0.1,0.1,proser_fedavg,0.2,5,12,0.05,0.05,0.0008333333333333334,0.004166666666666667,0.3276799999999999,0,0,0,delta_c/(M J) -> delta_c/M,0,,,,0.0,,0,,,,0.0,,0.3276799999999999,0,0->0,1,1.0,1.0,1.0
cifar100_proser_fedavg__split04__seed2__d0.1,cifar100,d0.1,0.1,proser_fedavg,0.25,5,12,0.05,0.05,0.0008333333333333334,0.004166666666666667,0.15831633001146195,0,0,0,delta_c/(M J) -> delta_c/M,0,,,,0.0,,0,,,,0.0,,0.15831633001146195,0,0->0,1,1.0,1.0,1.0
cifar100_proser_fedavg__split04__seed2__d0.1,cifar100,d0.1,0.1,proser_fedavg,0.3,5,12,0.05,0.05,0.0008333333333333334,0.004166666666666667,0.05356852249898361,0,0,0,delta_c/(M J) -> delta_c/M,0,,,,0.0,,0,,,,0.0,,0.05356852249898361,0,0->0,1,1.0,1.0,1.0
cifar100_proser_fedavg__split04__seed2__d0.5,cifar100,d0.5,0.5,proser_fedavg,0.05,5,12,0.05,0.05,0.0008333333333333334,0.004166666666666667,0.3723639736473863,0,0,0,delta_c/(M J) -> delta_c/M,0,,,,0.0,,0,,,,0.0,,0.3723639736473863,0,0->0,1,1.0,1.0,1.0
cifar100_proser_fedavg__split04__seed2__d0.5,cifar100,d0.5,0.5,proser_fedavg,0.1,5,12,0.05,0.05,0.0008333333333333334,0.004166666666666667,0.0804736960144773,0,0,0,delta_c/(M J) -> delta_c/M,0,,,,0.0,,0,,,,0.0,,0.0804736960144773,0,0->0,1,1.0,1.0,1.0
cifar100_proser_fedavg__split04__seed2__d0.5,cifar100,d0.5,0.5,proser_fedavg,0.15,5,12,0.05,0.05,0.0008333333333333334,0.004166666666666667,0.05716790200607563,0,0,0,delta_c/(M J) -> delta_c/M,0,,,,0.0,,0,,,,0.0,,0.05716790200607563,0,0->0,1,1.0,1.0,1.0
cifar100_proser_fedavg__split04__seed2__d0.5,cifar100,d0.5,0.5,proser_fedavg,0.2,5,12,0.05,0.05,0.0008333333333333334,0.004166666666666667,0.013979281400610567,0,0,0,delta_c/(M J) -> delta_c/M,0,,,,0.0,,0,,,,0.0,,0.013979281400610567,0,0->0,1,1.0,1.0,1.0
cifar100_proser_fedavg__split04__seed2__d0.5,cifar100,d0.5,0.5,proser_fedavg,0.25,5,12,0.05,0.05,0.0008333333333333334,0.004166666666666667,0.0006999482071916305,5,5,5,delta_c/(M J) -> delta_c/M,1,9.0,margin,0.5,0.13966867745715897,0.0006999482071916305,1,9.0,margin,0.5,0.1471729658801849,0.0006999482071916305,0.0006999482071916305,0,1->1,1,1.0,1.0,1.0
cifar100_proser_fedavg__split04__seed2__d0.5,cifar100,d0.5,0.5,proser_fedavg,0.3,5,12,0.05,0.05,0.0008333333333333334,0.004166666666666667,5.677190891267182e-06,8,8,8,delta_c/(M J) -> delta_c/M,1,2.0,proser,0.7,0.23816830203689635,0.0048767310151458096,1,2.0,proser,0.7,0.24750474988909962,0.0048767310151458096,0.0048767310151458096,0,1->1,1,1.0,1.0,1.0
cifar100_proser_fedavg__split04__seed2__d5.0,cifar100,d5,5.0,proser_fedavg,0.05,5,12,0.05,0.05,0.0008333333333333334,0.004166666666666667,0.7604079609501001,0,0,0,delta_c/(M J) -> delta_c/M,0,,,,0.0,,0,,,,0.0,,0.7604079609501001,0,0->0,1,1.0,1.0,1.0
cifar100_proser_fedavg__split04__seed2__d5.0,cifar100,d5,5.0,proser_fedavg,0.1,5,12,0.05,0.05,0.0008333333333333334,0.004166666666666667,0.32551322616373046,0,0,0,delta_c/(M J) -> delta_c/M,0,,,,0.0,,0,,,,0.0,,0.32551322616373046,0,0->0,1,1.0,1.0,1.0
cifar100_proser_fedavg__split04__seed2__d5.0,cifar100,d5,5.0,proser_fedavg,0.15,5,12,0.05,0.05,0.0008333333333333334,0.004166666666666667,0.09679850872691853,0,0,0,delta_c/(M J) -> delta_c/M,0,,,,0.0,,0,,,,0.0,,0.09679850872691853,0,0->0,1,1.0,1.0,1.0
cifar100_proser_fedavg__split04__seed2__d5.0,cifar100,d5,5.0,proser_fedavg,0.2,5,12,0.05,0.05,0.0008333333333333334,0.004166666666666667,0.013087518174476113,0,0,0,delta_c/(M J) -> delta_c/M,0,,,,0.0,,0,,,,0.0,,0.013087518174476113,0,0->0,1,1.0,1.0,1.0
cifar100_proser_fedavg__split04__seed2__d5.0,cifar100,d5,5.0,proser_fedavg,0.25,5,12,0.05,0.05,0.0008333333333333334,0.004166666666666667,0.0009561287427761049,5,5,5,delta_c/(M J) -> delta_c/M,1,9.0,margin,0.5,0.1243814398386118,0.005420761652798929,1,9.0,margin,0.5,0.1315056998250879,0.005420761652798929,0.005420761652798929,0,1->1,1,1.0,1.0,1.0
cifar100_proser_fedavg__split04__seed2__d5.0,cifar100,d5,5.0,proser_fedavg,0.3,5,12,0.05,0.05,0.0008333333333333334,0.004166666666666667,1.3701201374281433e-05,6,6,6,delta_c/(M J) -> delta_c/M,1,5.0,energy,0.5,0.14823786811815862,0.0011144472077096533,1,5.0,energy,0.5,0.15594128738219845,0.0011144472077096533,0.0011144472077096533,0,1->1,1,1.0,1.0,1.0
cifar100_proser_fedavg__split04__seed3__d0.1,cifar100,d0.1,0.1,proser_fedavg,0.05,5,12,0.05,0.05,0.0008333333333333334,0.004166666666666667,0.8107596527795686,0,0,0,delta_c/(M J) -> delta_c/M,0,,,,0.0,,0,,,,0.0,,0.8107596527795686,0,0->0,1,1.0,1.0,1.0
cifar100_proser_fedavg__split04__seed3__d0.1,cifar100,d0.1,0.1,proser_fedavg,0.1,5,12,0.05,0.05,0.0008333333333333334,0.004166666666666667,0.48458114169200006,0,0,0,delta_c/(M J) -> delta_c/M,0,,,,0.0,,0,,,,0.0,,0.48458114169200006,0,0->0,1,1.0,1.0,1.0
cifar100_proser_fedavg__split04__seed3__d0.1,cifar100,d0.1,0.1,proser_fedavg,0.15,5,12,0.05,0.05,0.0008333333333333334,0.004166666666666667,0.18810566090663494,0,0,0,delta_c/(M J) -> delta_c/M,0,,,,0.0,,0,,,,0.0,,0.18810566090663494,0,0->0,1,1.0,1.0,1.0
cifar100_proser_fedavg__split04__seed3__d0.1,cifar100,d0.1,0.1,proser_fedavg,0.2,5,12,0.05,0.05,0.0008333333333333334,0.004166666666666667,0.07177997053961871,0,0,0,delta_c/(M J) -> delta_c/M,0,,,,0.0,,0,,,,0.0,,0.07177997053961871,0,0->0,1,1.0,1.0,1.0
cifar100_proser_fedavg__split04__seed3__d0.1,cifar100,d0.1,0.1,proser_fedavg,0.25,5,12,0.05,0.05,0.0008333333333333334,0.004166666666666667,0.004785276416393515,0,0,0,delta_c/(M J) -> delta_c/M,0,,,,0.0,,0,,,,0.0,,0.004785276416393515,0,0->0,1,1.0,1.0,1.0
cifar100_proser_fedavg__split04__seed3__d0.1,cifar100,d0.1,0.1,proser_fedavg,0.3,5,12,0.05,0.05,0.0008333333333333334,0.004166666666666667,0.0008890486595223888,1,1,1,delta_c/(M J) -> delta_c/M,1,8.0,margin,0.3,0.051560974396949885,0.0008890486595223888,1,8.0,margin,0.3,0.05621984862368274,0.0008890486595223888,0.0008890486595223888,0,1->1,1,1.0,1.0,1.0
cifar100_proser_fedavg__split04__seed3__d0.5,cifar100,d0.5,0.5,proser_fedavg,0.05,5,12,0.05,0.05,0.0008333333333333334,0.004166666666666667,0.7735226201554786,0,0,0,delta_c/(M J) -> delta_c/M,0,,,,0.0,,0,,,,0.0,,0.7735226201554786,0,0->0,1,1.0,1.0,1.0
cifar100_proser_fedavg__split04__seed3__d0.5,cifar100,d0.5,0.5,proser_fedavg,0.1,5,12,0.05,0.05,0.0008333333333333334,0.004166666666666667,0.36668351908062047,0,0,0,delta_c/(M J) -> delta_c/M,0,,,,0.0,,0,,,,0.0,,0.36668351908062047,0,0->0,1,1.0,1.0,1.0
cifar100_proser_fedavg__split04__seed3__d0.5,cifar100,d0.5,0.5,proser_fedavg,0.15,5,12,0.05,0.05,0.0008333333333333334,0.004166666666666667,0.11793324725358802,0,0,0,delta_c/(M J) -> delta_c/M,0,,,,0.0,,0,,,,0.0,,0.11793324725358802,0,0->0,1,1.0,1.0,1.0
cifar100_proser_fedavg__split04__seed3__d0.5,cifar100,d0.5,0.5,proser_fedavg,0.2,5,12,0.05,0.05,0.0008333333333333334,0.004166666666666667,0.01210617001856627,0,0,0,delta_c/(M J) -> delta_c/M,0,,,,0.0,,0,,,,0.0,,0.01210617001856627,0,0->0,1,1.0,1.0,1.0
cifar100_proser_fedavg__split04__seed3__d0.5,cifar100,d0.5,0.5,proser_fedavg,0.25,5,12,0.05,0.05,0.0008333333333333334,0.004166666666666667,0.002493703956425102,1,1,1,delta_c/(M J) -> delta_c/M,1,8.0,margin,0.3,0.08788803742934319,0.002493703956425102,1,8.0,margin,0.3,0.09394603756004245,0.002493703956425102,0.002493703956425102,0,1->1,1,1.0,1.0,1.0
cifar100_proser_fedavg__split04__seed3__d0.5,cifar100,d0.5,0.5,proser_fedavg,0.3,5,12,0.05,0.05,0.0008333333333333334,0.004166666666666667,0.00033614855518595665,4,4,4,delta_c/(M J) -> delta_c/M,1,5.0,energy,0.5,0.13455268719285943,0.002587680258563249,1,5.0,energy,0.5,0.14193348169161032,0.002587680258563249,0.002587680258563249,0,1->1,1,1.0,1.0,1.0
cifar100_proser_fedavg__split04__seed3__d5.0,cifar100,d5,5.0,proser_fedavg,0.05,5,12,0.05,0.05,0.0008333333333333334,0.004166666666666667,0.540360087662637,0,0,0,delta_c/(M J) -> delta_c/M,0,,,,0.0,,0,,,,0.0,,0.540360087662637,0,0->0,1,1.0,1.0,1.0
cifar100_proser_fedavg__split04__seed3__d5.0,cifar100,d5,5.0,proser_fedavg,0.1,5,12,0.05,0.05,0.0008333333333333334,0.004166666666666667,0.2536697788760154,0,0,0,delta_c/(M J) -> delta_c/M,0,,,,0.0,,0,,,,0.0,,0.2536697788760154,0,0->0,1,1.0,1.0,1.0
cifar100_proser_fedavg__split04__seed3__d5.0,cifar100,d5,5.0,proser_fedavg,0.15,5,12,0.05,0.05,0.0008333333333333334,0.004166666666666667,0.06329018098462444,0,0,0,delta_c/(M J) -> delta_c/M,0,,,,0.0,,0,,,,0.0,,0.06329018098462444,0,0->0,1,1.0,1.0,1.0
cifar100_proser_fedavg__split04__seed3__d5.0,cifar100,d5,5.0,proser_fedavg,0.2,5,12,0.05,0.05,0.0008333333333333334,0.004166666666666667,0.01210617001856627,0,0,0,delta_c/(M J) -> delta_c/M,0,,,,0.0,,0,,,,0.0,,0.01210617001856627,0,0->0,1,1.0,1.0,1.0
cifar100_proser_fedavg__split04__seed3__d5.0,cifar100,d5,5.0,proser_fedavg,0.25,5,12,0.05,0.05,0.0008333333333333334,0.004166666666666667,0.0004319802914974384,3,3,3,delta_c/(M J) -> delta_c/M,1,0.0,proser,0.3,0.11095540548896891,0.0004319802914974384,1,0.0,proser,0.3,0.11771632434823752,0.0004319802914974384,0.0004319802914974384,0,1->1,1,1.0,1.0,1.0
cifar100_proser_fedavg__split04__seed3__d5.0,cifar100,d5,5.0,proser_fedavg,0.3,5,12,0.05,0.05,0.0008333333333333334,0.004166666666666667,1.1733848113647223e-05,6,6,6,delta_c/(M J) -> delta_c/M,1,9.0,margin,0.5,0.20951333356002766,0.0003924329788297339,1,9.0,margin,0.5,0.21840717435638363,0.0003924329788297339,0.0003924329788297339,0,1->1,1,1.0,1.0,1.0
cifar100_proser_fedavg__split04__seed4__d0.1,cifar100,d0.1,0.1,proser_fedavg,0.05,5,12,0.05,0.05,0.0008333333333333334,0.004166666666666667,0.9774075,0,0,0,delta_c/(M J) -> delta_c/M,0,,,,0.0,,0,,,,0.0,,0.9774075,0,0->0,1,1.0,1.0,1.0
cifar100_proser_fedavg__split04__seed4__d0.1,cifar100,d0.1,0.1,proser_fedavg,0.1,5,12,0.05,0.05,0.0008333333333333334,0.004166666666666667,0.91854,0,0,0,delta_c/(M J) -> delta_c/M,0,,,,0.0,,0,,,,0.0,,0.91854,0,0->0,1,1.0,1.0,1.0
cifar100_proser_fedavg__split04__seed4__d0.1,cifar100,d0.1,0.1,proser_fedavg,0.15,5,12,0.05,0.05,0.0008333333333333334,0.004166666666666667,0.8025285954518613,0,0,0,delta_c/(M J) -> delta_c/M,0,,,,0.0,,0,,,,0.0,,0.8025285954518613,0,0->0,1,1.0,1.0,1.0
cifar100_proser_fedavg__split04__seed4__d0.1,cifar100,d0.1,0.1,proser_fedavg,0.2,5,12,0.05,0.05,0.0008333333333333334,0.004166666666666667,0.5619308837161932,0,0,0,delta_c/(M J) -> delta_c/M,0,,,,0.0,,0,,,,0.0,,0.5619308837161932,0,0->0,1,1.0,1.0,1.0
cifar100_proser_fedavg__split04__seed4__d0.1,cifar100,d0.1,0.1,proser_fedavg,0.25,5,12,0.05,0.05,0.0008333333333333334,0.004166666666666667,0.2989478887560464,0,0,0,delta_c/(M J) -> delta_c/M,0,,,,0.0,,0,,,,0.0,,0.2989478887560464,0,0->0,1,1.0,1.0,1.0
cifar100_proser_fedavg__split04__seed4__d0.1,cifar100,d0.1,0.1,proser_fedavg,0.3,5,12,0.05,0.05,0.0008333333333333334,0.004166666666666667,0.09429128882098098,0,0,0,delta_c/(M J) -> delta_c/M,0,,,,0.0,,0,,,,0.0,,0.09429128882098098,0,0->0,1,1.0,1.0,1.0
cifar100_proser_fedavg__split04__seed4__d0.5,cifar100,d0.5,0.5,proser_fedavg,0.05,5,12,0.05,0.05,0.0008333333333333334,0.004166666666666667,0.8290474644964009,0,0,0,delta_c/(M J) -> delta_c/M,0,,,,0.0,,0,,,,0.0,,0.8290474644964009,0,0->0,1,1.0,1.0,1.0
cifar100_proser_fedavg__split04__seed4__d0.5,cifar100,d0.5,0.5,proser_fedavg,0.1,5,12,0.05,0.05,0.0008333333333333334,0.004166666666666667,0.6945663030918672,0,0,0,delta_c/(M J) -> delta_c/M,0,,,,0.0,,0,,,,0.0,,0.6945663030918672,0,0->0,1,1.0,1.0,1.0
cifar100_proser_fedavg__split04__seed4__d0.5,cifar100,d0.5,0.5,proser_fedavg,0.15,5,12,0.05,0.05,0.0008333333333333334,0.004166666666666667,0.32165989223727093,0,0,0,delta_c/(M J) -> delta_c/M,0,,,,0.0,,0,,,,0.0,,0.32165989223727093,0,0->0,1,1.0,1.0,1.0
cifar100_proser_fedavg__split04__seed4__d0.5,cifar100,d0.5,0.5,proser_fedavg,0.2,5,12,0.05,0.05,0.0008333333333333334,0.004166666666666667,0.12868156535094114,0,0,0,delta_c/(M J) -> delta_c/M,0,,,,0.0,,0,,,,0.0,,0.12868156535094114,0,0->0,1,1.0,1.0,1.0
cifar100_proser_fedavg__split04__seed4__d0.5,cifar100,d0.5,0.5,proser_fedavg,0.25,5,12,0.05,0.05,0.0008333333333333334,0.004166666666666667,0.02545197727099051,0,0,0,delta_c/(M J) -> delta_c/M,0,,,,0.0,,0,,,,0.0,,0.02545197727099051,0,0->0,1,1.0,1.0,1.0
cifar100_proser_fedavg__split04__seed4__d0.5,cifar100,d0.5,0.5,proser_fedavg,0.3,5,12,0.05,0.05,0.0008333333333333334,0.004166666666666667,0.0027574863771336203,1,1,1,delta_c/(M J) -> delta_c/M,1,0.0,proser,0.3,0.07499662592272627,0.0027574863771336203,1,0.0,proser,0.3,0.08060768939057698,0.0027574863771336203,0.0027574863771336203,0,1->1,1,1.0,1.0,1.0
cifar100_proser_fedavg__split04__seed4__d5.0,cifar100,d5,5.0,proser_fedavg,0.05,5,12,0.05,0.05,0.0008333333333333334,0.004166666666666667,0.8825759179419687,0,0,0,delta_c/(M J) -> delta_c/M,0,,,,0.0,,0,,,,0.0,,0.8825759179419687,0,0->0,1,1.0,1.0,1.0
cifar100_proser_fedavg__split04__seed4__d5.0,cifar100,d5,5.0,proser_fedavg,0.1,5,12,0.05,0.05,0.0008333333333333334,0.004166666666666667,0.39544090016659933,0,0,0,delta_c/(M J) -> delta_c/M,0,,,,0.0,,0,,,,0.0,,0.39544090016659933,0,0->0,1,1.0,1.0,1.0
cifar100_proser_fedavg__split04__seed4__d5.0,cifar100,d5,5.0,proser_fedavg,0.15,5,12,0.05,0.05,0.0008333333333333334,0.004166666666666667,0.10671199260625883,0,0,0,delta_c/(M J) -> delta_c/M,0,,,,0.0,,0,,,,0.0,,0.10671199260625883,0,0->0,1,1.0,1.0,1.0
cifar100_proser_fedavg__split04__seed4__d5.0,cifar100,d5,5.0,proser_fedavg,0.2,5,12,0.05,0.05,0.0008333333333333334,0.004166666666666667,0.07593560956887963,0,0,0,delta_c/(M J) -> delta_c/M,0,,,,0.0,,0,,,,0.0,,0.07593560956887963,0,0->0,1,1.0,1.0,1.0
cifar100_proser_fedavg__split04__seed4__d5.0,cifar100,d5,5.0,proser_fedavg,0.25,5,12,0.05,0.05,0.0008333333333333334,0.004166666666666667,0.05549315171681674,0,0,0,delta_c/(M J) -> delta_c/M,0,,,,0.0,,0,,,,0.0,,0.05549315171681674,0,0->0,1,1.0,1.0,1.0
cifar100_proser_fedavg__split04__seed4__d5.0,cifar100,d5,5.0,proser_fedavg,0.3,5,12,0.05,0.05,0.0008333333333333334,0.004166666666666667,0.0027769709691234067,1,1,1,delta_c/(M J) -> delta_c/M,1,0.0,proser,0.3,0.1043056093803049,0.0027769709691234067,1,0.0,proser,0.3,0.11087494490555679,0.0027769709691234067,0.0027769709691234067,0,1->1,1,1.0,1.0,1.0
cifar100_proser_fedavg__split05__seed0__d0.1,cifar100,d0.1,0.1,proser_fedavg,0.05,5,12,0.05,0.05,0.0008333333333333334,0.004166666666666667,0.7737809375,0,0,0,delta_c/(M J) -> delta_c/M,0,,,,0.0,,0,,,,0.0,,0.7737809375,0,0->0,1,1.0,1.0,1.0
cifar100_proser_fedavg__split05__seed0__d0.1,cifar100,d0.1,0.1,proser_fedavg,0.1,5,12,0.05,0.05,0.0008333333333333334,0.004166666666666667,0.5147278302366224,0,0,0,delta_c/(M J) -> delta_c/M,0,,,,0.0,,0,,,,0.0,,0.5147278302366224,0,0->0,1,1.0,1.0,1.0
cifar100_proser_fedavg__split05__seed0__d0.1,cifar100,d0.1,0.1,proser_fedavg,0.15,5,12,0.05,0.05,0.0008333333333333334,0.004166666666666667,0.32057708828125,0,0,0,delta_c/(M J) -> delta_c/M,0,,,,0.0,,0,,,,0.0,,0.32057708828125,0,0->0,1,1.0,1.0,1.0
cifar100_proser_fedavg__split05__seed0__d0.1,cifar100,d0.1,0.1,proser_fedavg,0.2,5,12,0.05,0.05,0.0008333333333333334,0.004166666666666667,0.3980232092549123,0,0,0,delta_c/(M J) -> delta_c/M,0,,,,0.0,,0,,,,0.0,,0.3980232092549123,0,0->0,1,1.0,1.0,1.0
cifar100_proser_fedavg__split05__seed0__d0.1,cifar100,d0.1,0.1,proser_fedavg,0.25,5,12,0.05,0.05,0.0008333333333333334,0.004166666666666667,0.1916821438644547,0,0,0,delta_c/(M J) -> delta_c/M,0,,,,0.0,,0,,,,0.0,,0.1916821438644547,0,0->0,1,1.0,1.0,1.0
cifar100_proser_fedavg__split05__seed0__d0.1,cifar100,d0.1,0.1,proser_fedavg,0.3,5,12,0.05,0.05,0.0008333333333333334,0.004166666666666667,0.19348844208806493,0,0,0,delta_c/(M J) -> delta_c/M,0,,,,0.0,,0,,,,0.0,,0.19348844208806493,0,0->0,1,1.0,1.0,1.0
cifar100_proser_fedavg__split05__seed0__d0.5,cifar100,d0.5,0.5,proser_fedavg,0.05,5,12,0.05,0.05,0.0008333333333333334,0.004166666666666667,0.849505567685617,0,0,0,delta_c/(M J) -> delta_c/M,0,,,,0.0,,0,,,,0.0,,0.849505567685617,0,0->0,1,1.0,1.0,1.0
cifar100_proser_fedavg__split05__seed0__d0.5,cifar100,d0.5,0.5,proser_fedavg,0.1,5,12,0.05,0.05,0.0008333333333333334,0.004166666666666667,0.32932878686648326,0,0,0,delta_c/(M J) -> delta_c/M,0,,,,0.0,,0,,,,0.0,,0.32932878686648326,0,0->0,1,1.0,1.0,1.0
cifar100_proser_fedavg__split05__seed0__d0.5,cifar100,d0.5,0.5,proser_fedavg,0.15,5,12,0.05,0.05,0.0008333333333333334,0.004166666666666667,0.07690403466014539,0,0,0,delta_c/(M J) -> delta_c/M,0,,,,0.0,,0,,,,0.0,,0.07690403466014539,0,0->0,1,1.0,1.0,1.0
cifar100_proser_fedavg__split05__seed0__d0.5,cifar100,d0.5,0.5,proser_fedavg,0.2,5,12,0.05,0.05,0.0008333333333333334,0.004166666666666667,0.02709106107492064,0,0,0,delta_c/(M J) -> delta_c/M,0,,,,0.0,,0,,,,0.0,,0.02709106107492064,0,0->0,1,1.0,1.0,1.0
cifar100_proser_fedavg__split05__seed0__d0.5,cifar100,d0.5,0.5,proser_fedavg,0.25,5,12,0.05,0.05,0.0008333333333333334,0.004166666666666667,0.002813389392082812,2,2,2,delta_c/(M J) -> delta_c/M,1,9.0,margin,0.5,0.13625583189029453,0.003908717340526117,1,9.0,margin,0.5,0.14367813470053795,0.003908717340526117,0.003908717340526117,0,1->1,1,1.0,1.0,1.0
cifar100_proser_fedavg__split05__seed0__d0.5,cifar100,d0.5,0.5,proser_fedavg,0.3,5,12,0.05,0.05,0.0008333333333333334,0.004166666666666667,0.00016122836554055775,4,4,4,delta_c/(M J) -> delta_c/M,1,9.0,margin,0.5,0.16378831856751058,0.00024233096456682037,1,9.0,margin,0.5,0.17183034880148174,0.00024233096456682037,0.00024233096456682037,0,1->1,1,1.0,1.0,1.0
cifar100_proser_fedavg__split05__seed0__d5.0,cifar100,d5,5.0,proser_fedavg,0.05,5,12,0.05,0.05,0.0008333333333333334,0.004166666666666667,0.8948256730720225,0,0,0,delta_c/(M J) -> delta_c/M,0,,,,0.0,,0,,,,0.0,,0.8948256730720225,0,0->0,1,1.0,1.0,1.0
cifar100_proser_fedavg__split05__seed0__d5.0,cifar100,d5,5.0,proser_fedavg,0.1,5,12,0.05,0.05,0.0008333333333333334,0.004166666666666667,0.645862472754519,0,0,0,delta_c/(M J) -> delta_c/M,0,,,,0.0,,0,,,,0.0,,0.645862472754519,0,0->0,1,1.0,1.0,1.0
cifar100_proser_fedavg__split05__seed0__d5.0,cifar100,d5,5.0,proser_fedavg,0.15,5,12,0.05,0.05,0.0008333333333333334,0.004166666666666667,0.1723890907091047,0,0,0,delta_c/(M J) -> delta_c/M,0,,,,0.0,,0,,,,0.0,,0.1723890907091047,0,0->0,1,1.0,1.0,1.0
cifar100_proser_fedavg__split05__seed0__d5.0,cifar100,d5,5.0,proser_fedavg,0.2,5,12,0.05,0.05,0.0008333333333333334,0.004166666666666667,0.036026531905136605,0,0,0,delta_c/(M J) -> delta_c/M,0,,,,0.0,,0,,,,0.0,,0.036026531905136605,0,0->0,1,1.0,1.0,1.0
cifar100_proser_fedavg__split05__seed0__d5.0,cifar100,d5,5.0,proser_fedavg,0.25,5,12,0.05,0.05,0.0008333333333333334,0.004166666666666667,0.0011346393054649168,1,1,1,delta_c/(M J) -> delta_c/M,1,8.0,margin,0.3,0.08788803742934319,0.0011346393054649168,1,8.0,margin,0.3,0.09394603756004245,0.0011346393054649168,0.0011346393054649168,0,1->1,1,1.0,1.0,1.0
cifar100_proser_fedavg__split05__seed0__d5.0,cifar100,d5,5.0,proser_fedavg,0.3,5,12,0.05,0.05,0.0008333333333333334,0.004166666666666667,4.723709579499727e-05,4,4,4,delta_c/(M J) -> delta_c/M,1,9.0,margin,0.5,0.184753200303743,0.0023362963934486745,1,9.0,margin,0.5,0.19321030734982836,0.0023362963934486745,0.0023362963934486745,0,1->1,1,1.0,1.0,1.0
cifar100_proser_fedavg__split05__seed1__d0.1,cifar100,d0.1,0.1,proser_fedavg,0.05,5,12,0.05,0.05,0.0008333333333333334,0.004166666666666667,0.8470144374111835,0,0,0,delta_c/(M J) -> delta_c/M,0,,,,0.0,,0,,,,0.0,,0.8470144374111835,0,0->0,1,1.0,1.0,1.0
cifar100_proser_fedavg__split05__seed1__d0.1,cifar100,d0.1,0.1,proser_fedavg,0.1,5,12,0.05,0.05,0.0008333333333333334,0.004166666666666667,0.5370940500509412,0,0,0,delta_c/(M J) -> delta_c/M,0,,,,0.0,,0,,,,0.0,,0.5370940500509412,0,0->0,1,1.0,1.0,1.0
cifar100_proser_fedavg__split05__seed1__d0.1,cifar100,d0.1,0.1,proser_fedavg,0.15,5,12,0.05,0.05,0.0008333333333333334,0.004166666666666667,0.5197576036524477,0,0,0,delta_c/(M J) -> delta_c/M,0,,,,0.0,,0,,,,0.0,,0.5197576036524477,0,0->0,1,1.0,1.0,1.0
cifar100_proser_fedavg__split05__seed1__d0.1,cifar100,d0.1,0.1,proser_fedavg,0.2,5,12,0.05,0.05,0.0008333333333333334,0.004166666666666667,0.20608471894847413,0,0,0,delta_c/(M J) -> delta_c/M,0,,,,0.0,,0,,,,0.0,,0.20608471894847413,0,0->0,1,1.0,1.0,1.0
cifar100_proser_fedavg__split05__seed1__d0.1,cifar100,d0.1,0.1,proser_fedavg,0.25,5,12,0.05,0.05,0.0008333333333333334,0.004166666666666667,0.1281533592899618,0,0,0,delta_c/(M J) -> delta_c/M,0,,,,0.0,,0,,,,0.0,,0.1281533592899618,0,0->0,1,1.0,1.0,1.0
cifar100_proser_fedavg__split05__seed1__d0.1,cifar100,d0.1,0.1,proser_fedavg,0.3,5,12,0.05,0.05,0.0008333333333333334,0.004166666666666667,0.03594538889135117,0,0,0,delta_c/(M J) -> delta_c/M,0,,,,0.0,,0,,,,0.0,,0.03594538889135117,0,0->0,1,1.0,1.0,1.0
cifar100_proser_fedavg__split05__seed1__d0.5,cifar100,d0.5,0.5,proser_fedavg,0.05,5,12,0.05,0.05,0.0008333333333333334,0.004166666666666667,0.6608172656088018,0,0,0,delta_c/(M J) -> delta_c/M,0,,,,0.0,,0,,,,0.0,,0.6608172656088018,0,0->0,1,1.0,1.0,1.0
cifar100_proser_fedavg__split05__seed1__d0.5,cifar100,d0.5,0.5,proser_fedavg,0.1,5,12,0.05,0.05,0.0008333333333333334,0.004166666666666667,0.27120590646136666,0,0,0,delta_c/(M J) -> delta_c/M,0,,,,0.0,,0,,,,0.0,,0.27120590646136666,0,0->0,1,1.0,1.0,1.0
cifar100_proser_fedavg__split05__seed1__d0.5,cifar100,d0.5,0.5,proser_fedavg,0.15,5,12,0.05,0.05,0.0008333333333333334,0.004166666666666667,0.05716790200607563,0,0,0,delta_c/(M J) -> delta_c/M,0,,,,0.0,,0,,,,0.0,,0.05716790200607563,0,0->0,1,1.0,1.0,1.0
cifar100_proser_fedavg__split05__seed1__d0.5,cifar100,d0.5,0.5,proser_fedavg,0.2,5,12,0.05,0.05,0.0008333333333333334,0.004166666666666667,0.009301414330363723,0,0,0,delta_c/(M J) -> delta_c/M,0,,,,0.0,,0,,,,0.0,,0.009301414330363723,0,0->0,1,1.0,1.0,1.0
cifar100_proser_fedavg__split05__seed1__d0.5,cifar100,d0.5,0.5,proser_fedavg,0.25,5,12,0.05,0.05,0.0008333333333333334,0.004166666666666667,0.0013007234131539906,5,5,5,delta_c/(M J) -> delta_c/M,1,2.0,proser,0.7,0.15167988187265882,0.003572984426034687,1,2.0,proser,0.7,0.15946069672391058,0.003572984426034687,0.003572984426034687,0,1->1,1,1.0,1.0,1.0
cifar100_proser_fedavg__split05__seed1__d0.5,cifar100,d0.5,0.5,proser_fedavg,0.3,5,12,0.05,0.05,0.0008333333333333334,0.004166666666666667,1.7682122913943022e-05,6,6,6,delta_c/(M J) -> delta_c/M,1,2.0,proser,0.7,0.20063524715038938,0.004392549480917343,1,2.0,proser,0.7,0.2093786679105595,0.004392549480917343,0.004392549480917343,0,1->1,1,1.0,1.0,1.0
cifar100_proser_fedavg__split05__seed1__d5.0,cifar100,d5,5.0,proser_fedavg,0.05,5,12,0.05,0.05,0.0008333333333333334,0.004166666666666667,0.5535420754317871,0,0,0,delta_c/(M J) -> delta_c/M,0,,,,0.0,,0,,,,0.0,,0.5535420754317871,0,0->0,1,1.0,1.0,1.0
cifar100_proser_fedavg__split05__seed1__d5.0,cifar100,d5,5.0,proser_fedavg,0.1,5,12,0.05,0.05,0.0008333333333333334,0.004166666666666667,0.23783231399592314,0,0,0,delta_c/(M J) -> delta_c/M,0,,,,0.0,,0,,,,0.0,,0.23783231399592314,0,0->0,1,1.0,1.0,1.0
cifar100_proser_fedavg__split05__seed1__d5.0,cifar100,d5,5.0,proser_fedavg,0.15,5,12,0.05,0.05,0.0008333333333333334,0.004166666666666667,0.02602592664698425,0,0,0,delta_c/(M J) -> delta_c/M,0,,,,0.0,,0,,,,0.0,,0.02602592664698425,0,0->0,1,1.0,1.0,1.0
cifar100_proser_fedavg__split05__seed1__d5.0,cifar100,d5,5.0,proser_fedavg,0.2,5,12,0.05,0.05,0.0008333333333333334,0.004166666666666667,0.0017126460786898506,1,1,1,delta_c/(M J) -> delta_c/M,1,0.0,proser,0.3,0.06864441351691945,0.0017126460786898506,1,0.0,proser,0.3,0.0740174636052026,0.0017126460786898506,0.0017126460786898506,0,1->1,1,1.0,1.0,1.0
cifar100_proser_fedavg__split05__seed1__d5.0,cifar100,d5,5.0,proser_fedavg,0.25,5,12,0.05,0.05,0.0008333333333333334,0.004166666666666667,3.725643251563013e-05,2,2,2,delta_c/(M J) -> delta_c/M,1,9.0,margin,0.5,0.13115308740086287,0.0012133881166029787,1,9.0,margin,0.5,0.13844981359374123,0.0012133881166029787,0.0012133881166029787,0,1->1,1,1.0,1.0,1.0
cifar100_proser_fedavg__split05__seed1__d5.0,cifar100,d5,5.0,proser_fedavg,0.3,5,12,0.05,0.05,0.0008333333333333334,0.004166666666666667,1.397072479150529e-05,5,5,5,delta_c/(M J) -> delta_c/M,1,9.0,margin,0.5,0.15167988187265882,1.9652219305868002e-05,1,9.0,margin,0.5,0.15946069672391058,1.9652219305868002e-05,1.9652219305868002e-05,0,1->1,1,1.0,1.0,1.0
cifar100_proser_fedavg__split05__seed2__d0.1,cifar100,d0.1,0.1,proser_fedavg,0.05,5,12,0.05,0.05,0.0008333333333333334,0.004166666666666667,0.915082486148121,0,0,0,delta_c/(M J) -> delta_c/M,0,,,,0.0,,0,,,,0.0,,0.915082486148121,0,0->0,1,1.0,1.0,1.0
cifar100_proser_fedavg__split05__seed2__d0.1,cifar100,d0.1,0.1,proser_fedavg,0.1,5,12,0.05,0.05,0.0008333333333333334,0.004166666666666667,0.6484088244830362,0,0,0,delta_c/(M J) -> delta_c/M,0,,,,0.0,,0,,,,0.0,,0.6484088244830362,0,0->0,1,1.0,1.0,1.0
cifar100_proser_fedavg__split05__seed2__d0.1,cifar100,d0.1,0.1,proser_fedavg,0.15,5,12,0.05,0.05,0.0008333333333333334,0.004166666666666667,0.4385143972350173,0,0,0,delta_c/(M J) -> delta_c/M,0,,,,0.0,,0,,,,0.0,,0.4385143972350173,0,0->0,1,1.0,1.0,1.0
cifar100_proser_fedavg__split05__seed2__d0.1,cifar100,d0.1,0.1,proser_fedavg,0.2,5,12,0.05,0.05,0.0008333333333333334,0.004166666666666667,0.18228334623876855,0,0,0,delta_c/(M J) -> delta_c/M,0,,,,0.0,,0,,,,0.0,,0.18228334623876855,0,0->0,1,1.0,1.0,1.0
cifar100_proser_fedavg__split05__seed2__d0.1,cifar100,d0.1,0.1,proser_fedavg,0.25,5,12,0.05,0.05,0.0008333333333333334,0.004166666666666667,0.16239247803957824,0,0,0,delta_c/(M J) -> delta_c/M,0,,,,0.0,,0,,,,0.0,,0.16239247803957824,0,0->0,1,1.0,1.0,1.0
cifar100_proser_fedavg__split05__seed2__d0.1,cifar100,d0.1,0.1,proser_fedavg,0.3,5,12,0.05,0.05,0.0008333333333333334,0.004166666666666667,0.020799973368403345,0,0,0,delta_c/(M J) -> delta_c/M,0,,,,0.0,,0,,,,0.0,,0.020799973368403345,0,0->0,1,1.0,1.0,1.0
cifar100_proser_fedavg__split05__seed2__d0.5,cifar100,d0.5,0.5,proser_fedavg,0.05,5,12,0.05,0.05,0.0008333333333333334,0.004166666666666667,0.8840554116406609,0,0,0,delta_c/(M J) -> delta_c/M,0,,,,0.0,,0,,,,0.0,,0.8840554116406609,0,0->0,1,1.0,1.0,1.0
cifar100_proser_fedavg__split05__seed2__d0.5,cifar100,d0.5,0.5,proser_fedavg,0.1,5,12,0.05,0.05,0.0008333333333333334,0.004166666666666667,0.4593829223240161,0,0,0,delta_c/(M J) -> delta_c/M,0,,,,0.0,,0,,,,0.0,,0.4593829223240161,0,0->0,1,1.0,1.0,1.0
cifar100_proser_fedavg__split05__seed2__d0.5,cifar100,d0.5,0.5,proser_fedavg,0.15,5,12,0.05,0.05,0.0008333333333333334,0.004166666666666667,0.16842653581497485,0,0,0,delta_c/(M J) -> delta_c/M,0,,,,0.0,,0,,,,0.0,,0.16842653581497485,0,0->0,1,1.0,1.0,1.0
cifar100_proser_fedavg__split05__seed2__d0.5,cifar100,d0.5,0.5,proser_fedavg,0.2,5,12,0.05,0.05,0.0008333333333333334,0.004166666666666667,0.02576155896167122,0,0,0,delta_c/(M J) -> delta_c/M,0,,,,0.0,,0,,,,0.0,,0.02576155896167122,0,0->0,1,1.0,1.0,1.0
cifar100_proser_fedavg__split05__seed2__d0.5,cifar100,d0.5,0.5,proser_fedavg,0.25,5,12,0.05,0.05,0.0008333333333333334,0.004166666666666667,0.01099232637848076,0,0,0,delta_c/(M J) -> delta_c/M,0,,,,0.0,,0,,,,0.0,,0.01099232637848076,0,0->0,1,1.0,1.0,1.0
cifar100_proser_fedavg__split05__seed2__d0.5,cifar100,d0.5,0.5,proser_fedavg,0.3,5,12,0.05,0.05,0.0008333333333333334,0.004166666666666667,0.0001300084686972058,2,2,2,delta_c/(M J) -> delta_c/M,1,8.0,margin,0.3,0.06236242671606222,0.0001300084686972058,1,8.0,margin,0.3,0.06748656987283631,0.0001300084686972058,0.0001300084686972058,0,1->1,1,1.0,1.0,1.0
cifar100_proser_fedavg__split05__seed2__d5.0,cifar100,d5,5.0,proser_fedavg,0.05,5,12,0.05,0.05,0.0008333333333333334,0.004166666666666667,0.7992469762612021,0,0,0,delta_c/(M J) -> delta_c/M,0,,,,0.0,,0,,,,0.0,,0.7992469762612021,0,0->0,1,1.0,1.0,1.0
cifar100_proser_fedavg__split05__seed2__d5.0,cifar100,d5,5.0,proser_fedavg,0.1,5,12,0.05,0.05,0.0008333333333333334,0.004166666666666667,0.3062502599318895,0,0,0,delta_c/(M J) -> delta_c/M,0,,,,0.0,,0,,,,0.0,,0.3062502599318895,0,0->0,1,1.0,1.0,1.0
cifar100_proser_fedavg__split05__seed2__d5.0,cifar100,d5,5.0,proser_fedavg,0.15,5,12,0.05,0.05,0.0008333333333333334,0.004166666666666667,0.12283002078962318,0,0,0,delta_c/(M J) -> delta_c/M,0,,,,0.0,,0,,,,0.0,,0.12283002078962318,0,0->0,1,1.0,1.0,1.0
cifar100_proser_fedavg__split05__seed2__d5.0,cifar100,d5,5.0,proser_fedavg,0.2,5,12,0.05,0.05,0.0008333333333333334,0.004166666666666667,0.07981030273295078,0,0,0,delta_c/(M J) -> delta_c/M,0,,,,0.0,,0,,,,0.0,,0.07981030273295078,0,0->0,1,1.0,1.0,1.0
cifar100_proser_fedavg__split05__seed2__d5.0,cifar100,d5,5.0,proser_fedavg,0.25,5,12,0.05,0.05,0.0008333333333333334,0.004166666666666667,0.007324322318079426,0,0,0,delta_c/(M J) -> delta_c/M,0,,,,0.0,,0,,,,0.0,,0.007324322318079426,0,0->0,1,1.0,1.0,1.0
cifar100_proser_fedavg__split05__seed2__d5.0,cifar100,d5,5.0,proser_fedavg,0.3,5,12,0.05,0.05,0.0008333333333333334,0.004166666666666667,0.00044016271676824753,4,4,4,delta_c/(M J) -> delta_c/M,1,9.0,margin,0.5,0.16205285280090476,0.002057262828131689,1,9.0,margin,0.5,0.17005846295116048,0.002057262828131689,0.002057262828131689,0,1->1,1,1.0,1.0,1.0
cifar100_proser_fedavg__split05__seed3__d0.1,cifar100,d0.1,0.1,proser_fedavg,0.05,5,12,0.05,0.05,0.0008333333333333334,0.004166666666666667,0.81450625,0,0,0,delta_c/(M J) -> delta_c/M,0,,,,0.0,,0,,,,0.0,,0.81450625,0,0->0,1,1.0,1.0,1.0
cifar100_proser_fedavg__split05__seed3__d0.1,cifar100,d0.1,0.1,proser_fedavg,0.1,5,12,0.05,0.05,0.0008333333333333334,0.004166666666666667,0.5105052356919835,0,0,0,delta_c/(M J) -> delta_c/M,0,,,,0.0,,0,,,,0.0,,0.5105052356919835,0,0->0,1,1.0,1.0,1.0
cifar100_proser_fedavg__split05__seed3__d0.1,cifar100,d0.1,0.1,proser_fedavg,0.15,5,12,0.05,0.05,0.0008333333333333334,0.004166666666666667,0.2296413433206584,0,0,0,delta_c/(M J) -> delta_c/M,0,,,,0.0,,0,,,,0.0,,0.2296413433206584,0,0->0,1,1.0,1.0,1.0
cifar100_proser_fedavg__split05__seed3__d0.1,cifar100,d0.1,0.1,proser_fedavg,0.2,5,12,0.05,0.05,0.0008333333333333334,0.004166666666666667,0.0650117104380722,0,0,0,delta_c/(M J) -> delta_c/M,0,,,,0.0,,0,,,,0.0,,0.0650117104380722,0,0->0,1,1.0,1.0,1.0
cifar100_proser_fedavg__split05__seed3__d0.1,cifar100,d0.1,0.1,proser_fedavg,0.25,5,12,0.05,0.05,0.0008333333333333334,0.004166666666666667,0.016355217292501275,0,0,0,delta_c/(M J) -> delta_c/M,0,,,,0.0,,0,,,,0.0,,0.016355217292501275,0,0->0,1,1.0,1.0,1.0
cifar100_proser_fedavg__split05__seed3__d0.1,cifar100,d0.1,0.1,proser_fedavg,0.3,5,12,0.05,0.05,0.0008333333333333334,0.004166666666666667,0.00047460570445283896,3,3,3,delta_c/(M J) -> delta_c/M,1,1.0,proser,0.5,0.10099766497327699,0.002643598880576864,1,1.0,proser,0.5,0.10746855377756538,0.002643598880576864,0.002643598880576864,0,1->1,1,1.0,1.0,1.0
cifar100_proser_fedavg__split05__seed3__d0.5,cifar100,d0.5,0.5,proser_fedavg,0.05,5,12,0.05,0.05,0.0008333333333333334,0.004166666666666667,0.735091890625,0,0,0,delta_c/(M J) -> delta_c/M,0,,,,0.0,,0,,,,0.0,,0.735091890625,0,0->0,1,1.0,1.0,1.0
cifar100_proser_fedavg__split05__seed3__d0.5,cifar100,d0.5,0.5,proser_fedavg,0.1,5,12,0.05,0.05,0.0008333333333333334,0.004166666666666667,0.4349600327827392,0,0,0,delta_c/(M J) -> delta_c/M,0,,,,0.0,,0,,,,0.0,,0.4349600327827392,0,0->0,1,1.0,1.0,1.0
cifar100_proser_fedavg__split05__seed3__d0.5,cifar100,d0.5,0.5,proser_fedavg,0.15,5,12,0.05,0.05,0.0008333333333333334,0.004166666666666667,0.377149515625,0,0,0,delta_c/(M J) -> delta_c/M,0,,,,0.0,,0,,,,0.0,,0.377149515625,0,0->0,1,1.0,1.0,1.0
cifar100_proser_fedavg__split05__seed3__d0.5,cifar100,d0.5,0.5,proser_fedavg,0.2,5,12,0.05,0.05,0.0008333333333333334,0.004166666666666667,0.03744768618838282,0,0,0,delta_c/(M J) -> delta_c/M,0,,,,0.0,,0,,,,0.0,,0.03744768618838282,0,0->0,1,1.0,1.0,1.0
cifar100_proser_fedavg__split05__seed3__d0.5,cifar100,d0.5,0.5,proser_fedavg,0.25,5,12,0.05,0.05,0.0008333333333333334,0.004166666666666667,0.033708487750021804,0,0,0,delta_c/(M J) -> delta_c/M,0,,,,0.0,,0,,,,0.0,,0.033708487750021804,0,0->0,1,1.0,1.0,1.0
cifar100_proser_fedavg__split05__seed3__d0.5,cifar100,d0.5,0.5,proser_fedavg,0.3,5,12,0.05,0.05,0.0008333333333333334,0.004166666666666667,0.002830958868451765,1,1,1,delta_c/(M J) -> delta_c/M,1,8.0,margin,0.3,0.07340234399074838,0.002830958868451765,1,8.0,margin,0.3,0.07895487171953283,0.002830958868451765,0.002830958868451765,0,1->1,1,1.0,1.0,1.0
cifar100_proser_fedavg__split05__seed3__d5.0,cifar100,d5,5.0,proser_fedavg,0.05,5,12,0.05,0.05,0.0008333333333333334,0.004166666666666667,0.3235335449737094,0,0,0,delta_c/(M J) -> delta_c/M,0,,,,0.0,,0,,,,0.0,,0.3235335449737094,0,0->0,1,1.0,1.0,1.0
cifar100_proser_fedavg__split05__seed3__d5.0,cifar100,d5,5.0,proser_fedavg,0.1,5,12,0.05,0.05,0.0008333333333333334,0.004166666666666667,0.12237649135522524,0,0,0,delta_c/(M J) -> delta_c/M,0,,,,0.0,,0,,,,0.0,,0.12237649135522524,0,0->0,1,1.0,1.0,1.0
cifar100_proser_fedavg__split05__seed3__d5.0,cifar100,d5,5.0,proser_fedavg,0.15,5,12,0.05,0.05,0.0008333333333333334,0.004166666666666667,0.05937540873318483,0,0,0,delta_c/(M J) -> delta_c/M,0,,,,0.0,,0,,,,0.0,,0.05937540873318483,0,0->0,1,1.0,1.0,1.0
cifar100_proser_fedavg__split05__seed3__d5.0,cifar100,d5,5.0,proser_fedavg,0.2,5,12,0.05,0.05,0.0008333333333333334,0.004166666666666667,0.007888888613980228,0,0,0,delta_c/(M J) -> delta_c/M,0,,,,0.0,,0,,,,0.0,,0.007888888613980228,0,0->0,1,1.0,1.0,1.0
cifar100_proser_fedavg__split05__seed3__d5.0,cifar100,d5,5.0,proser_fedavg,0.25,5,12,0.05,0.05,0.0008333333333333334,0.004166666666666667,0.00019169050921034856,2,2,2,delta_c/(M J) -> delta_c/M,1,0.0,proser,0.3,0.0911462576066347,0.00019169050921034856,1,0.0,proser,0.3,0.09731047765897691,0.00019169050921034856,0.00019169050921034856,0,1->1,1,1.0,1.0,1.0
cifar100_proser_fedavg__split05__seed3__d5.0,cifar100,d5,5.0,proser_fedavg,0.3,5,12,0.05,0.05,0.0008333333333333334,0.004166666666666667,7.994621183278182e-05,5,5,5,delta_c/(M J) -> delta_c/M,1,9.0,margin,0.5,0.18651140825857165,0.0032309258085420362,1,9.0,margin,0.5,0.19500134841768263,0.0032309258085420362,0.0032309258085420362,0,1->1,1,1.0,1.0,1.0
cifar100_proser_fedavg__split05__seed4__d0.1,cifar100,d0.1,0.1,proser_fedavg,0.05,5,12,0.05,0.05,0.0008333333333333334,0.004166666666666667,0.81450625,0,0,0,delta_c/(M J) -> delta_c/M,0,,,,0.0,,0,,,,0.0,,0.81450625,0,0->0,1,1.0,1.0,1.0
cifar100_proser_fedavg__split05__seed4__d0.1,cifar100,d0.1,0.1,proser_fedavg,0.1,5,12,0.05,0.05,0.0008333333333333334,0.004166666666666667,0.6560999999999999,0,0,0,delta_c/(M J) -> delta_c/M,0,,,,0.0,,0,,,,0.0,,0.6560999999999999,0,0->0,1,1.0,1.0,1.0
cifar100_proser_fedavg__split05__seed4__d0.1,cifar100,d0.1,0.1,proser_fedavg,0.15,5,12,0.05,0.05,0.0008333333333333334,0.004166666666666667,0.52200625,0,0,0,delta_c/(M J) -> delta_c/M,0,,,,0.0,,0,,,,0.0,,0.52200625,0,0->0,1,1.0,1.0,1.0
cifar100_proser_fedavg__split05__seed4__d0.1,cifar100,d0.1,0.1,proser_fedavg,0.2,5,12,0.05,0.05,0.0008333333333333334,0.004166666666666667,0.4095999999999999,0,0,0,delta_c/(M J) -> delta_c/M,0,,,,0.0,,0,,,,0.0,,0.4095999999999999,0,0->0,1,1.0,1.0,1.0
cifar100_proser_fedavg__split05__seed4__d0.1,cifar100,d0.1,0.1,proser_fedavg,0.25,5,12,0.05,0.05,0.0008333333333333334,0.004166666666666667,0.3670806884765625,0,0,0,delta_c/(M J) -> delta_c/M,0,,,,0.0,,0,,,,0.0,,0.3670806884765625,0,0->0,1,1.0,1.0,1.0
cifar100_proser_fedavg__split05__seed4__d0.1,cifar100,d0.1,0.1,proser_fedavg,0.3,5,12,0.05,0.05,0.0008333333333333334,0.004166666666666667,0.10708680450373087,0,0,0,delta_c/(M J) -> delta_c/M,0,,,,0.0,,0,,,,0.0,,0.10708680450373087,0,0->0,1,1.0,1.0,1.0
cifar100_proser_fedavg__split05__seed4__d0.5,cifar100,d0.5,0.5,proser_fedavg,0.05,5,12,0.05,0.05,0.0008333333333333334,0.004166666666666667,0.8981054088575684,0,0,0,delta_c/(M J) -> delta_c/M,0,,,,0.0,,0,,,,0.0,,0.8981054088575684,0,0->0,1,1.0,1.0,1.0
cifar100_proser_fedavg__split05__seed4__d0.5,cifar100,d0.5,0.5,proser_fedavg,0.1,5,12,0.05,0.05,0.0008333333333333334,0.004166666666666667,0.6973568802,0,0,0,delta_c/(M J) -> delta_c/M,0,,,,0.0,,0,,,,0.0,,0.6973568802,0,0->0,1,1.0,1.0,1.0
cifar100_proser_fedavg__split05__seed4__d0.5,cifar100,d0.5,0.5,proser_fedavg,0.15,5,12,0.05,0.05,0.0008333333333333334,0.004166666666666667,0.6841495085790934,0,0,0,delta_c/(M J) -> delta_c/M,0,,,,0.0,,0,,,,0.0,,0.6841495085790934,0,0->0,1,1.0,1.0,1.0
cifar100_proser_fedavg__split05__seed4__d0.5,cifar100,d0.5,0.5,proser_fedavg,0.2,5,12,0.05,0.05,0.0008333333333333334,0.004166666666666667,0.3463592115921268,0,0,0,delta_c/(M J) -> delta_c/M,0,,,,0.0,,0,,,,0.0,,0.3463592115921268,0,0->0,1,1.0,1.0,1.0
cifar100_proser_fedavg__split05__seed4__d0.5,cifar100,d0.5,0.5,proser_fedavg,0.25,5,12,0.05,0.05,0.0008333333333333334,0.004166666666666667,0.07611728812515987,0,0,0,delta_c/(M J) -> delta_c/M,0,,,,0.0,,0,,,,0.0,,0.07611728812515987,0,0->0,1,1.0,1.0,1.0
cifar100_proser_fedavg__split05__seed4__d0.5,cifar100,d0.5,0.5,proser_fedavg,0.3,5,12,0.05,0.05,0.0008333333333333334,0.004166666666666667,0.009963527812760834,0,0,0,delta_c/(M J) -> delta_c/M,0,,,,0.0,,0,,,,0.0,,0.009963527812760834,0,0->0,1,1.0,1.0,1.0
cifar100_proser_fedavg__split05__seed4__d5.0,cifar100,d5,5.0,proser_fedavg,0.05,5,12,0.05,0.05,0.0008333333333333334,0.004166666666666667,0.7183106357464025,0,0,0,delta_c/(M J) -> delta_c/M,0,,,,0.0,,0,,,,0.0,,0.7183106357464025,0,0->0,1,1.0,1.0,1.0
cifar100_proser_fedavg__split05__seed4__d5.0,cifar100,d5,5.0,proser_fedavg,0.1,5,12,0.05,0.05,0.0008333333333333334,0.004166666666666667,0.38364602834656947,0,0,0,delta_c/(M J) -> delta_c/M,0,,,,0.0,,0,,,,0.0,,0.38364602834656947,0,0->0,1,1.0,1.0,1.0
cifar100_proser_fedavg__split05__seed4__d5.0,cifar100,d5,5.0,proser_fedavg,0.15,5,12,0.05,0.05,0.0008333333333333334,0.004166666666666667,0.08705440450104476,0,0,0,delta_c/(M J) -> delta_c/M,0,,,,0.0,,0,,,,0.0,,0.08705440450104476,0,0->0,1,1.0,1.0,1.0
cifar100_proser_fedavg__split05__seed4__d5.0,cifar100,d5,5.0,proser_fedavg,0.2,5,12,0.05,0.05,0.0008333333333333334,0.004166666666666667,0.018570032722142638,0,0,0,delta_c/(M J) -> delta_c/M,0,,,,0.0,,0,,,,0.0,,0.018570032722142638,0,0->0,1,1.0,1.0,1.0
cifar100_proser_fedavg__split05__seed4__d5.0,cifar100,d5,5.0,proser_fedavg,0.25,5,12,0.05,0.05,0.0008333333333333334,0.004166666666666667,0.0018392945634101649,3,3,3,delta_c/(M J) -> delta_c/M,1,9.0,margin,0.5,0.11932776839099495,0.00419024299928511,1,9.0,margin,0.5,0.126318742423585,0.00419024299928511,0.00419024299928511,0,1->1,1,1.0,1.0,1.0
cifar100_proser_fedavg__split05__seed4__d5.0,cifar100,d5,5.0,proser_fedavg,0.3,5,12,0.05,0.05,0.0008333333333333334,0.004166666666666667,0.00010308051111778225,4,4,4,delta_c/(M J) -> delta_c/M,1,9.0,margin,0.5,0.14651988834195565,0.0004122571624820433,1,9.0,margin,0.5,0.1541841332424807,0.0004122571624820433,0.0004122571624820433,0,1->1,1,1.0,1.0,1.0
cifar100_proser_fedavg__split06__seed0__d0.1,cifar100,d0.1,0.1,proser_fedavg,0.05,5,12,0.05,0.05,0.0008333333333333334,0.004166666666666667,0.6983372960937501,0,0,0,delta_c/(M J) -> delta_c/M,0,,,,0.0,,0,,,,0.0,,0.6983372960937501,0,0->0,1,1.0,1.0,1.0
cifar100_proser_fedavg__split06__seed0__d0.1,cifar100,d0.1,0.1,proser_fedavg,0.1,5,12,0.05,0.05,0.0008333333333333334,0.004166666666666667,0.5490430189190638,0,0,0,delta_c/(M J) -> delta_c/M,0,,,,0.0,,0,,,,0.0,,0.5490430189190638,0,0->0,1,1.0,1.0,1.0
cifar100_proser_fedavg__split06__seed0__d0.1,cifar100,d0.1,0.1,proser_fedavg,0.15,5,12,0.05,0.05,0.0008333333333333334,0.004166666666666667,0.31858597554574136,0,0,0,delta_c/(M J) -> delta_c/M,0,,,,0.0,,0,,,,0.0,,0.31858597554574136,0,0->0,1,1.0,1.0,1.0
cifar100_proser_fedavg__split06__seed0__d0.1,cifar100,d0.1,0.1,proser_fedavg,0.2,5,12,0.05,0.05,0.0008333333333333334,0.004166666666666667,0.14424595287571035,0,0,0,delta_c/(M J) -> delta_c/M,0,,,,0.0,,0,,,,0.0,,0.14424595287571035,0,0->0,1,1.0,1.0,1.0
cifar100_proser_fedavg__split06__seed0__d0.1,cifar100,d0.1,0.1,proser_fedavg,0.25,5,12,0.05,0.05,0.0008333333333333334,0.004166666666666667,0.045505362235914865,0,0,0,delta_c/(M J) -> delta_c/M,0,,,,0.0,,0,,,,0.0,,0.045505362235914865,0,0->0,1,1.0,1.0,1.0
cifar100_proser_fedavg__split06__seed0__d0.1,cifar100,d0.1,0.1,proser_fedavg,0.3,5,12,0.05,0.05,0.0008333333333333334,0.004166666666666667,0.008088454361064555,0,0,0,delta_c/(M J) -> delta_c/M,0,,,,0.0,,0,,,,0.0,,0.008088454361064555,0,0->0,1,1.0,1.0,1.0
cifar100_proser_fedavg__split06__seed0__d0.5,cifar100,d0.5,0.5,proser_fedavg,0.05,5,12,0.05,0.05,0.0008333333333333334,0.004166666666666667,0.7922280035731784,0,0,0,delta_c/(M J) -> delta_c/M,0,,,,0.0,,0,,,,0.0,,0.7922280035731784,0,0->0,1,1.0,1.0,1.0
cifar100_proser_fedavg__split06__seed0__d0.5,cifar100,d0.5,0.5,proser_fedavg,0.1,5,12,0.05,0.05,0.0008333333333333334,0.004166666666666667,0.48178524910147824,0,0,0,delta_c/(M J) -> delta_c/M,0,,,,0.0,,0,,,,0.0,,0.48178524910147824,0,0->0,1,1.0,1.0,1.0
cifar100_proser_fedavg__split06__seed0__d0.5,cifar100,d0.5,0.5,proser_fedavg,0.15,5,12,0.05,0.05,0.0008333333333333334,0.004166666666666667,0.1514006073236086,0,0,0,delta_c/(M J) -> delta_c/M,0,,,,0.0,,0,,,,0.0,,0.1514006073236086,0,0->0,1,1.0,1.0,1.0
cifar100_proser_fedavg__split06__seed0__d0.5,cifar100,d0.5,0.5,proser_fedavg,0.2,5,12,0.05,0.05,0.0008333333333333334,0.004166666666666667,0.04896175763302535,0,0,0,delta_c/(M J) -> delta_c/M,0,,,,0.0,,0,,,,0.0,,0.04896175763302535,0,0->0,1,1.0,1.0,1.0
cifar100_proser_fedavg__split06__seed0__d0.5,cifar100,d0.5,0.5,proser_fedavg,0.25,5,12,0.05,0.05,0.0008333333333333334,0.004166666666666667,0.0040054517072604925,1,1,1,delta_c/(M J) -> delta_c/M,1,1.0,proser,0.5,0.0927803076722809,0.0040054517072604925,1,1.0,proser,0.5,0.09899686630197756,0.0040054517072604925,0.0040054517072604925,0,1->1,1,1.0,1.0,1.0
cifar100_proser_fedavg__split06__seed0__d0.5,cifar100,d0.5,0.5,proser_fedavg,0.3,5,12,0.05,0.05,0.0008333333333333334,0.004166666666666667,0.00025318359367241736,4,4,4,delta_c/(M J) -> delta_c/M,1,9.0,margin,0.5,0.1328517632310836,0.002052268501901727,1,9.0,margin,0.5,0.14019070027175998,0.002052268501901727,0.002052268501901727,0,1->1,1,1.0,1.0,1.0
cifar100_proser_fedavg__split06__seed0__d5.0,cifar100,d5,5.0,proser_fedavg,0.05,5,12,0.05,0.05,0.0008333333333333334,0.004166666666666667,0.81450625,0,0,0,delta_c/(M J) -> delta_c/M,0,,,,0.0,,0,,,,0.0,,0.81450625,0,0->0,1,1.0,1.0,1.0
cifar100_proser_fedavg__split06__seed0__d5.0,cifar100,d5,5.0,proser_fedavg,0.1,5,12,0.05,0.05,0.0008333333333333334,0.004166666666666667,0.4540944238735001,0,0,0,delta_c/(M J) -> delta_c/M,0,,,,0.0,,0,,,,0.0,,0.4540944238735001,0,0->0,1,1.0,1.0,1.0
cifar100_proser_fedavg__split06__seed0__d5.0,cifar100,d5,5.0,proser_fedavg,0.15,5,12,0.05,0.05,0.0008333333333333334,0.004166666666666667,0.09112304870923629,0,0,0,delta_c/(M J) -> delta_c/M,0,,,,0.0,,0,,,,0.0,,0.09112304870923629,0,0->0,1,1.0,1.0,1.0
cifar100_proser_fedavg__split06__seed0__d5.0,cifar100,d5,5.0,proser_fedavg,0.2,5,12,0.05,0.05,0.0008333333333333334,0.004166666666666667,0.023815029713615744,0,0,0,delta_c/(M J) -> delta_c/M,0,,,,0.0,,0,,,,0.0,,0.023815029713615744,0,0->0,1,1.0,1.0,1.0
cifar100_proser_fedavg__split06__seed0__d5.0,cifar100,d5,5.0,proser_fedavg,0.25,5,12,0.05,0.05,0.0008333333333333334,0.004166666666666667,0.0005353967614013328,3,3,3,delta_c/(M J) -> delta_c/M,1,5.0,energy,0.5,0.10099766497327699,0.0021865412278731806,1,5.0,energy,0.5,0.10746855377756538,0.0021865412278731806,0.0021865412278731806,0,1->1,1,1.0,1.0,1.0
cifar100_proser_fedavg__split06__seed0__d5.0,cifar100,d5,5.0,proser_fedavg,0.3,5,12,0.05,0.05,0.0008333333333333334,0.004166666666666667,1.8528932250934465e-05,7,7,7,delta_c/(M J) -> delta_c/M,1,10.0,margin,0.7,0.2526277631909676,0.006478384277873592,1,10.0,margin,0.7,0.2621646425155734,0.006478384277873592,0.006478384277873592,0,1->1,1,1.0,1.0,1.0
cifar100_proser_fedavg__split06__seed1__d0.1,cifar100,d0.1,0.1,proser_fedavg,0.05,5,12,0.05,0.05,0.0008333333333333334,0.004166666666666667,0.4632912301597534,0,0,0,delta_c/(M J) -> delta_c/M,0,,,,0.0,,0,,,,0.0,,0.4632912301597534,0,0->0,1,1.0,1.0,1.0
cifar100_proser_fedavg__split06__seed1__d0.1,cifar100,d0.1,0.1,proser_fedavg,0.1,5,12,0.05,0.05,0.0008333333333333334,0.004166666666666667,0.25418658283289997,0,0,0,delta_c/(M J) -> delta_c/M,0,,,,0.0,,0,,,,0.0,,0.25418658283289997,0,0->0,1,1.0,1.0,1.0
cifar100_proser_fedavg__split06__seed1__d0.1,cifar100,d0.1,0.1,proser_fedavg,0.15,5,12,0.05,0.05,0.0008333333333333334,0.004166666666666667,0.17555787608868256,0,0,0,delta_c/(M J) -> delta_c/M,0,,,,0.0,,0,,,,0.0,,0.17555787608868256,0,0->0,1,1.0,1.0,1.0
cifar100_proser_fedavg__split06__seed1__d0.1,cifar100,d0.1,0.1,proser_fedavg,0.2,5,12,0.05,0.05,0.0008333333333333334,0.004166666666666667,0.11451738720958908,0,0,0,delta_c/(M J) -> delta_c/M,0,,,,0.0,,0,,,,0.0,,0.11451738720958908,0,0->0,1,1.0,1.0,1.0
cifar100_proser_fedavg__split06__seed1__d0.1,cifar100,d0.1,0.1,proser_fedavg,0.25,5,12,0.05,0.05,0.0008333333333333334,0.004166666666666667,0.08018076606094837,0,0,0,delta_c/(M J) -> delta_c/M,0,,,,0.0,,0,,,,0.0,,0.08018076606094837,0,0->0,1,1.0,1.0,1.0
cifar100_proser_fedavg__split06__seed1__d0.1,cifar100,d0.1,0.1,proser_fedavg,0.3,5,12,0.05,0.05,0.0008333333333333334,0.004166666666666667,0.037894911252999514,0,0,0,delta_c/(M J) -> delta_c/M,0,,,,0.0,,0,,,,0.0,,0.037894911252999514,0,0->0,1,1.0,1.0,1.0
cifar100_proser_fedavg__split06__seed1__d0.5,cifar100,d0.5,0.5,proser_fedavg,0.05,5,12,0.05,0.05,0.0008333333333333334,0.004166666666666667,0.8373351001648967,0,0,0,delta_c/(M J) -> delta_c/M,0,,,,0.0,,0,,,,0.0,,0.8373351001648967,0,0->0,1,1.0,1.0,1.0
cifar100_proser_fedavg__split06__seed1__d0.5,cifar100,d0.5,0.5,proser_fedavg,0.1,5,12,0.05,0.05,0.0008333333333333334,0.004166666666666667,0.4113512395595057,0,0,0,delta_c/(M J) -> delta_c/M,0,,,,0.0,,0,,,,0.0,,0.4113512395595057,0,0->0,1,1.0,1.0,1.0
cifar100_proser_fedavg__split06__seed1__d0.5,cifar100,d0.5,0.5,proser_fedavg,0.15,5,12,0.05,0.05,0.0008333333333333334,0.004166666666666667,0.11793324725358802,0,0,0,delta_c/(M J) -> delta_c/M,0,,,,0.0,,0,,,,0.0,,0.11793324725358802,0,0->0,1,1.0,1.0,1.0
cifar100_proser_fedavg__split06__seed1__d0.5,cifar100,d0.5,0.5,proser_fedavg,0.2,5,12,0.05,0.05,0.0008333333333333334,0.004166666666666667,0.09338774410421852,0,0,0,delta_c/(M J) -> delta_c/M,0,,,,0.0,,0,,,,0.0,,0.09338774410421852,0,0->0,1,1.0,1.0,1.0
cifar100_proser_fedavg__split06__seed1__d0.5,cifar100,d0.5,0.5,proser_fedavg,0.25,5,12,0.05,0.05,0.0008333333333333334,0.004166666666666667,0.029382195419908268,0,0,0,delta_c/(M J) -> delta_c/M,0,,,,0.0,,0,,,,0.0,,0.029382195419908268,0,0->0,1,1.0,1.0,1.0
cifar100_proser_fedavg__split06__seed1__d0.5,cifar100,d0.5,0.5,proser_fedavg,0.3,5,12,0.05,0.05,0.0008333333333333334,0.004166666666666667,0.0025446554746081196,3,3,3,delta_c/(M J) -> delta_c/M,1,5.0,energy,0.5,0.1243814398386118,0.0032117230042622543,1,5.0,energy,0.5,0.1315056998250879,0.0032117230042622543,0.0032117230042622543,0,1->1,1,1.0,1.0,1.0
cifar100_proser_fedavg__split06__seed1__d5.0,cifar100,d5,5.0,proser_fedavg,0.05,5,12,0.05,0.05,0.0008333333333333334,0.004166666666666667,0.6213747506147808,0,0,0,delta_c/(M J) -> delta_c/M,0,,,,0.0,,0,,,,0.0,,0.6213747506147808,0,0->0,1,1.0,1.0,1.0
cifar100_proser_fedavg__split06__seed1__d5.0,cifar100,d5,5.0,proser_fedavg,0.1,5,12,0.05,0.05,0.0008333333333333334,0.004166666666666667,0.3062502599318895,0,0,0,delta_c/(M J) -> delta_c/M,0,,,,0.0,,0,,,,0.0,,0.3062502599318895,0,0->0,1,1.0,1.0,1.0
cifar100_proser_fedavg__split06__seed1__d5.0,cifar100,d5,5.0,proser_fedavg,0.15,5,12,0.05,0.05,0.0008333333333333334,0.004166666666666667,0.03107005755341468,0,0,0,delta_c/(M J) -> delta_c/M,0,,,,0.0,,0,,,,0.0,,0.03107005755341468,0,0->0,1,1.0,1.0,1.0
cifar100_proser_fedavg__split06__seed1__d5.0,cifar100,d5,5.0,proser_fedavg,0.2,5,12,0.05,0.05,0.0008333333333333334,0.004166666666666667,0.002313883954491772,1,1,1,delta_c/(M J) -> delta_c/M,1,8.0,margin,0.3,0.06549421327760703,0.002313883954491772,1,8.0,margin,0.3,0.07074423633134858,0.002313883954491772,0.002313883954491772,0,1->1,1,1.0,1.0,1.0
cifar100_proser_fedavg__split06__seed1__d5.0,cifar100,d5,5.0,proser_fedavg,0.25,5,12,0.05,0.05,0.0008333333333333334,0.004166666666666667,0.0002900478563581249,5,5,5,delta_c/(M J) -> delta_c/M,1,9.0,margin,0.5,0.1551298253151936,0.0024183528304552717,1,9.0,margin,0.5,0.1629867870468295,0.0024183528304552717,0.0024183528304552717,0,1->1,1,1.0,1.0,1.0
cifar100_proser_fedavg__split06__seed1__d5.0,cifar100,d5,5.0,proser_fedavg,0.3,5,12,0.05,0.05,0.0008333333333333334,0.004166666666666667,3.131811823891373e-06,6,6,6,delta_c/(M J) -> delta_c/M,1,9.0,margin,0.5,0.17948858879506796,0.00011850846253930048,1,9.0,margin,0.5,0.18784561640876785,0.00011850846253930048,0.00011850846253930048,0,1->1,1,1.0,1.0,1.0
cifar100_proser_fedavg__split06__seed2__d0.1,cifar100,d0.1,0.1,proser_fedavg,0.05,5,12,0.05,0.05,0.0008333333333333334,0.004166666666666667,0.7737809375,0,0,0,delta_c/(M J) -> delta_c/M,0,,,,0.0,,0,,,,0.0,,0.7737809375,0,0->0,1,1.0,1.0,1.0
cifar100_proser_fedavg__split06__seed2__d0.1,cifar100,d0.1,0.1,proser_fedavg,0.1,5,12,0.05,0.05,0.0008333333333333334,0.004166666666666667,0.43046720999999993,0,0,0,delta_c/(M J) -> delta_c/M,0,,,,0.0,,0,,,,0.0,,0.43046720999999993,0,0->0,1,1.0,1.0,1.0
cifar100_proser_fedavg__split06__seed2__d0.1,cifar100,d0.1,0.1,proser_fedavg,0.15,5,12,0.05,0.05,0.0008333333333333334,0.004166666666666667,0.2524536932026173,0,0,0,delta_c/(M J) -> delta_c/M,0,,,,0.0,,0,,,,0.0,,0.2524536932026173,0,0->0,1,1.0,1.0,1.0
cifar100_proser_fedavg__split06__seed2__d0.1,cifar100,d0.1,0.1,proser_fedavg,0.2,5,12,0.05,0.05,0.0008333333333333334,0.004166666666666667,0.13421772799999993,0,0,0,delta_c/(M J) -> delta_c/M,0,,,,0.0,,0,,,,0.0,,0.13421772799999993,0,0->0,1,1.0,1.0,1.0
cifar100_proser_fedavg__split06__seed2__d0.1,cifar100,d0.1,0.1,proser_fedavg,0.25,5,12,0.05,0.05,0.0008333333333333334,0.004166666666666667,0.10011291503906253,0,0,0,delta_c/(M J) -> delta_c/M,0,,,,0.0,,0,,,,0.0,,0.10011291503906253,0,0->0,1,1.0,1.0,1.0
cifar100_proser_fedavg__split06__seed2__d0.1,cifar100,d0.1,0.1,proser_fedavg,0.3,5,12,0.05,0.05,0.0008333333333333334,0.004166666666666667,0.040353607000000014,0,0,0,delta_c/(M J) -> delta_c/M,0,,,,0.0,,0,,,,0.0,,0.040353607000000014,0,0->0,1,1.0,1.0,1.0
cifar100_proser_fedavg__split06__seed2__d0.5,cifar100,d0.5,0.5,proser_fedavg,0.05,5,12,0.05,0.05,0.0008333333333333334,0.004166666666666667,0.6241265395241269,0,0,0,delta_c/(M J) -> delta_c/M,0,,,,0.0,,0,,,,0.0,,0.6241265395241269,0,0->0,1,1.0,1.0,1.0
cifar100_proser_fedavg__split06__seed2__d0.5,cifar100,d0.5,0.5,proser_fedavg,0.1,5,12,0.05,0.05,0.0008333333333333334,0.004166666666666667,0.2512642956921486,0,0,0,delta_c/(M J) -> delta_c/M,0,,,,0.0,,0,,,,0.0,,0.2512642956921486,0,0->0,1,1.0,1.0,1.0
cifar100_proser_fedavg__split06__seed2__d0.5,cifar100,d0.5,0.5,proser_fedavg,0.15,5,12,0.05,0.05,0.0008333333333333334,0.004166666666666667,0.12283002078962318,0,0,0,delta_c/(M J) -> delta_c/M,0,,,,0.0,,0,,,,0.0,,0.12283002078962318,0,0->0,1,1.0,1.0,1.0
cifar100_proser_fedavg__split06__seed2__d0.5,cifar100,d0.5,0.5,proser_fedavg,0.2,5,12,0.05,0.05,0.0008333333333333334,0.004166666666666667,0.016122247812271413,0,0,0,delta_c/(M J) -> delta_c/M,0,,,,0.0,,0,,,,0.0,,0.016122247812271413,0,0->0,1,1.0,1.0,1.0
cifar100_proser_fedavg__split06__seed2__d0.5,cifar100,d0.5,0.5,proser_fedavg,0.25,5,12,0.05,0.05,0.0008333333333333334,0.004166666666666667,0.0014516030791775839,2,2,2,delta_c/(M J) -> delta_c/M,1,8.0,margin,0.3,0.07181215142826852,0.0014516030791775839,1,8.0,margin,0.3,0.07730550792030834,0.0014516030791775839,0.0014516030791775839,0,1->1,1,1.0,1.0,1.0
cifar100_proser_fedavg__split06__seed2__d0.5,cifar100,d0.5,0.5,proser_fedavg,0.3,5,12,0.05,0.05,0.0008333333333333334,0.004166666666666667,0.00010306874049913298,4,4,4,delta_c/(M J) -> delta_c/M,1,9.0,margin,0.5,0.15340387281903298,0.0009173115827283182,1,9.0,margin,0.5,0.16122291557743426,0.0009173115827283182,0.0009173115827283182,0,1->1,1,1.0,1.0,1.0
cifar100_proser_fedavg__split06__seed2__d5.0,cifar100,d5,5.0,proser_fedavg,0.05,5,12,0.05,0.05,0.0008333333333333334,0.004166666666666667,0.48767497911552987,0,0,0,delta_c/(M J) -> delta_c/M,0,,,,0.0,,0,,,,0.0,,0.48767497911552987,0,0->0,1,1.0,1.0,1.0
cifar100_proser_fedavg__split06__seed2__d5.0,cifar100,d5,5.0,proser_fedavg,0.1,5,12,0.05,0.05,0.0008333333333333334,0.004166666666666667,0.25418658283289997,0,0,0,delta_c/(M J) -> delta_c/M,0,,,,0.0,,0,,,,0.0,,0.25418658283289997,0,0->0,1,1.0,1.0,1.0
cifar100_proser_fedavg__split06__seed2__d5.0,cifar100,d5,5.0,proser_fedavg,0.15,5,12,0.05,0.05,0.0008333333333333334,0.004166666666666667,0.09112304870923629,0,0,0,delta_c/(M J) -> delta_c/M,0,,,,0.0,,0,,,,0.0,,0.09112304870923629,0,0->0,1,1.0,1.0,1.0
cifar100_proser_fedavg__split06__seed2__d5.0,cifar100,d5,5.0,proser_fedavg,0.2,5,12,0.05,0.05,0.0008333333333333334,0.004166666666666667,0.01210617001856627,0,0,0,delta_c/(M J) -> delta_c/M,0,,,,0.0,,0,,,,0.0,,0.01210617001856627,0,0->0,1,1.0,1.0,1.0
cifar100_proser_fedavg__split06__seed2__d5.0,cifar100,d5,5.0,proser_fedavg,0.25,5,12,0.05,0.05,0.0008333333333333334,0.004166666666666667,0.0005353967614013328,2,2,2,delta_c/(M J) -> delta_c/M,1,8.0,margin,0.3,0.08626399141706635,0.0005353967614013328,1,8.0,margin,0.3,0.09226809122691217,0.0005353967614013328,0.0005353967614013328,0,1->1,1,1.0,1.0,1.0
cifar100_proser_fedavg__split06__seed2__d5.0,cifar100,d5,5.0,proser_fedavg,0.3,5,12,0.05,0.05,0.0008333333333333334,0.004166666666666667,1.8965639196491817e-05,4,4,4,delta_c/(M J) -> delta_c/M,1,5.0,energy,0.5,0.17074847652977038,0.001273641092826948,1,5.0,energy,0.5,0.17893330314151554,0.001273641092826948,0.001273641092826948,0,1->1,1,1.0,1.0,1.0
cifar100_proser_fedavg__split06__seed3__d0.1,cifar100,d0.1,0.1,proser_fedavg,0.05,5,12,0.05,0.05,0.0008333333333333334,0.004166666666666667,0.8645761402602192,0,0,0,delta_c/(M J) -> delta_c/M,0,,,,0.0,,0,,,,0.0,,0.8645761402602192,0,0->0,1,1.0,1.0,1.0
cifar100_proser_fedavg__split06__seed3__d0.1,cifar100,d0.1,0.1,proser_fedavg,0.1,5,12,0.05,0.05,0.0008333333333333334,0.004166666666666667,0.5370940500509412,0,0,0,delta_c/(M J) -> delta_c/M,0,,,,0.0,,0,,,,0.0,,0.5370940500509412,0,0->0,1,1.0,1.0,1.0
cifar100_proser_fedavg__split06__seed3__d0.1,cifar100,d0.1,0.1,proser_fedavg,0.15,5,12,0.05,0.05,0.0008333333333333334,0.004166666666666667,0.3982769199812818,0,0,0,delta_c/(M J) -> delta_c/M,0,,,,0.0,,0,,,,0.0,,0.3982769199812818,0,0->0,1,1.0,1.0,1.0
cifar100_proser_fedavg__split06__seed3__d0.1,cifar100,d0.1,0.1,proser_fedavg,0.2,5,12,0.05,0.05,0.0008333333333333334,0.004166666666666667,0.15687080097238035,0,0,0,delta_c/(M J) -> delta_c/M,0,,,,0.0,,0,,,,0.0,,0.15687080097238035,0,0->0,1,1.0,1.0,1.0
cifar100_proser_fedavg__split06__seed3__d0.1,cifar100,d0.1,0.1,proser_fedavg,0.25,5,12,0.05,0.05,0.0008333333333333334,0.004166666666666667,0.04327398257201562,0,0,0,delta_c/(M J) -> delta_c/M,0,,,,0.0,,0,,,,0.0,,0.04327398257201562,0,0->0,1,1.0,1.0,1.0
cifar100_proser_fedavg__split06__seed3__d0.1,cifar100,d0.1,0.1,proser_fedavg,0.3,5,12,0.05,0.05,0.0008333333333333334,0.004166666666666667,0.004201130596438786,0,0,0,delta_c/(M J) -> delta_c/M,0,,,,0.0,,0,,,,0.0,,0.004201130596438786,0,0->0,1,1.0,1.0,1.0
cifar100_proser_fedavg__split06__seed3__d0.5,cifar100,d0.5,0.5,proser_fedavg,0.05,5,12,0.05,0.05,0.0008333333333333334,0.004166666666666667,0.735091890625,0,0,0,delta_c/(M J) -> delta_c/M,0,,,,0.0,,0,,,,0.0,,0.735091890625,0,0->0,1,1.0,1.0,1.0
cifar100_proser_fedavg__split06__seed3__d0.5,cifar100,d0.5,0.5,proser_fedavg,0.1,5,12,0.05,0.05,0.0008333333333333334,0.004166666666666667,0.6200409384119033,0,0,0,delta_c/(M J) -> delta_c/M,0,,,,0.0,,0,,,,0.0,,0.6200409384119033,0,0->0,1,1.0,1.0,1.0
cifar100_proser_fedavg__split06__seed3__d0.5,cifar100,d0.5,0.5,proser_fedavg,0.15,5,12,0.05,0.05,0.0008333333333333334,0.004166666666666667,0.293284427520749,0,0,0,delta_c/(M J) -> delta_c/M,0,,,,0.0,,0,,,,0.0,,0.293284427520749,0,0->0,1,1.0,1.0,1.0
cifar100_proser_fedavg__split06__seed3__d0.5,cifar100,d0.5,0.5,proser_fedavg,0.2,5,12,0.05,0.05,0.0008333333333333334,0.004166666666666667,0.11196397161455834,0,0,0,delta_c/(M J) -> delta_c/M,0,,,,0.0,,0,,,,0.0,,0.11196397161455834,0,0->0,1,1.0,1.0,1.0
cifar100_proser_fedavg__split06__seed3__d0.5,cifar100,d0.5,0.5,proser_fedavg,0.25,5,12,0.05,0.05,0.0008333333333333334,0.004166666666666667,0.019446207662925402,0,0,0,delta_c/(M J) -> delta_c/M,0,,,,0.0,,0,,,,0.0,,0.019446207662925402,0,0->0,1,1.0,1.0,1.0
cifar100_proser_fedavg__split06__seed3__d0.5,cifar100,d0.5,0.5,proser_fedavg,0.3,5,12,0.05,0.05,0.0008333333333333334,0.004166666666666667,0.0024937220856687207,2,2,2,delta_c/(M J) -> delta_c/M,1,8.0,margin,0.3,0.06080373527659943,0.0024937220856687207,1,8.0,margin,0.3,0.06586382397031201,0.0024937220856687207,0.0024937220856687207,0,1->1,1,1.0,1.0,1.0
cifar100_proser_fedavg__split06__seed3__d5.0,cifar100,d5,5.0,proser_fedavg,0.05,5,12,0.05,0.05,0.0008333333333333334,0.004166666666666667,0.598736939238379,0,0,0,delta_c/(M J) -> delta_c/M,0,,,,0.0,,0,,,,0.0,,0.598736939238379,0,0->0,1,1.0,1.0,1.0
cifar100_proser_fedavg__split06__seed3__d5.0,cifar100,d5,5.0,proser_fedavg,0.1,5,12,0.05,0.05,0.0008333333333333334,0.004166666666666667,0.4202649788315974,0,0,0,delta_c/(M J) -> delta_c/M,0,,,,0.0,,0,,,,0.0,,0.4202649788315974,0,0->0,1,1.0,1.0,1.0
cifar100_proser_fedavg__split06__seed3__d5.0,cifar100,d5,5.0,proser_fedavg,0.15,5,12,0.05,0.05,0.0008333333333333334,0.004166666666666667,0.05209616049225563,0,0,0,delta_c/(M J) -> delta_c/M,0,,,,0.0,,0,,,,0.0,,0.05209616049225563,0,0->0,1,1.0,1.0,1.0
cifar100_proser_fedavg__split06__seed3__d5.0,cifar100,d5,5.0,proser_fedavg,0.2,5,12,0.05,0.05,0.0008333333333333334,0.004166666666666667,0.005878405677384913,0,0,0,delta_c/(M J) -> delta_c/M,0,,,,0.0,,0,,,,0.0,,0.005878405677384913,0,0->0,1,1.0,1.0,1.0
cifar100_proser_fedavg__split06__seed3__d5.0,cifar100,d5,5.0,proser_fedavg,0.25,5,12,0.05,0.05,0.0008333333333333334,0.004166666666666667,8.906929444134843e-05,5,5,5,delta_c/(M J) -> delta_c/M,1,9.0,margin,0.5,0.14137832700924496,0.00478024396550544,1,9.0,margin,0.5,0.14892310068801173,0.00478024396550544,0.00478024396550544,0,1->1,1,1.0,1.0,1.0
cifar100_proser_fedavg__split06__seed3__d5.0,cifar100,d5,5.0,proser_fedavg,0.3,5,12,0.05,0.05,0.0008333333333333334,0.004166666666666667,2.197219785637314e-06,6,6,6,delta_c/(M J) -> delta_c/M,1,9.0,margin,0.5,0.17249300464952866,0.0002632608163173195,1,9.0,margin,0.5,0.1807128226137943,0.0002632608163173195,0.0002632608163173195,0,1->1,1,1.0,1.0,1.0
cifar100_proser_fedavg__split06__seed4__d0.1,cifar100,d0.1,0.1,proser_fedavg,0.05,5,12,0.05,0.05,0.0008333333333333334,0.004166666666666667,0.8470144374111835,0,0,0,delta_c/(M J) -> delta_c/M,0,,,,0.0,,0,,,,0.0,,0.8470144374111835,0,0->0,1,1.0,1.0,1.0
cifar100_proser_fedavg__split06__seed4__d0.1,cifar100,d0.1,0.1,proser_fedavg,0.1,5,12,0.05,0.05,0.0008333333333333334,0.004166666666666667,0.48458114169200006,0,0,0,delta_c/(M J) -> delta_c/M,0,,,,0.0,,0,,,,0.0,,0.48458114169200006,0,0->0,1,1.0,1.0,1.0
cifar100_proser_fedavg__split06__seed4__d0.1,cifar100,d0.1,0.1,proser_fedavg,0.15,5,12,0.05,0.05,0.0008333333333333334,0.004166666666666667,0.14691370449569946,0,0,0,delta_c/(M J) -> delta_c/M,0,,,,0.0,,0,,,,0.0,,0.14691370449569946,0,0->0,1,1.0,1.0,1.0
cifar100_proser_fedavg__split06__seed4__d0.1,cifar100,d0.1,0.1,proser_fedavg,0.2,5,12,0.05,0.05,0.0008333333333333334,0.004166666666666667,0.03868261159608455,0,0,0,delta_c/(M J) -> delta_c/M,0,,,,0.0,,0,,,,0.0,,0.03868261159608455,0,0->0,1,1.0,1.0,1.0
cifar100_proser_fedavg__split06__seed4__d0.1,cifar100,d0.1,0.1,proser_fedavg,0.25,5,12,0.05,0.05,0.0008333333333333334,0.004166666666666667,0.004695680338250517,0,0,0,delta_c/(M J) -> delta_c/M,0,,,,0.0,,0,,,,0.0,,0.004695680338250517,0,0->0,1,1.0,1.0,1.0
cifar100_proser_fedavg__split06__seed4__d0.1,cifar100,d0.1,0.1,proser_fedavg,0.3,5,12,0.05,0.05,0.0008333333333333334,0.004166666666666667,0.0007942252091051148,1,1,1,delta_c/(M J) -> delta_c/M,1,8.0,margin,0.3,0.04401991333308126,0.0007942252091051148,1,8.0,margin,0.3,0.048319644127348044,0.0007942252091051148,0.0007942252091051148,0,1->1,1,1.0,1.0,1.0
cifar100_proser_fedavg__split06__seed4__d0.5,cifar100,d0.5,0.5,proser_fedavg,0.05,5,12,0.05,0.05,0.0008333333333333334,0.004166666666666667,0.9659093985190094,0,0,0,delta_c/(M J) -> delta_c/M,0,,,,0.0,,0,,,,0.0,,0.9659093985190094,0,0->0,1,1.0,1.0,1.0
cifar100_proser_fedavg__split06__seed4__d0.5,cifar100,d0.5,0.5,proser_fedavg,0.1,5,12,0.05,0.05,0.0008333333333333334,0.004166666666666667,0.5538150481707347,0,0,0,delta_c/(M J) -> delta_c/M,0,,,,0.0,,0,,,,0.0,,0.5538150481707347,0,0->0,1,1.0,1.0,1.0
cifar100_proser_fedavg__split06__seed4__d0.5,cifar100,d0.5,0.5,proser_fedavg,0.15,5,12,0.05,0.05,0.0008333333333333334,0.004166666666666667,0.21494923118428438,0,0,0,delta_c/(M J) -> delta_c/M,0,,,,0.0,,0,,,,0.0,,0.21494923118428438,0,0->0,1,1.0,1.0,1.0
cifar100_proser_fedavg__split06__seed4__d0.5,cifar100,d0.5,0.5,proser_fedavg,0.2,5,12,0.05,0.05,0.0008333333333333334,0.004166666666666667,0.03169126500570579,0,0,0,delta_c/(M J) -> delta_c/M,0,,,,0.0,,0,,,,0.0,,0.03169126500570579,0,0->0,1,1.0,1.0,1.0
cifar100_proser_fedavg__split06__seed4__d0.5,cifar100,d0.5,0.5,proser_fedavg,0.25,5,12,0.05,0.05,0.0008333333333333334,0.004166666666666667,0.03993183263887258,0,0,0,delta_c/(M J) -> delta_c/M,0,,,,0.0,,0,,,,0.0,,0.03993183263887258,0,0->0,1,1.0,1.0,1.0
cifar100_proser_fedavg__split06__seed4__d0.5,cifar100,d0.5,0.5,proser_fedavg,0.3,5,12,0.05,0.05,0.0008333333333333334,0.004166666666666667,0.002975078889827413,1,1,1,delta_c/(M J) -> delta_c/M,1,8.0,margin,0.3,0.06706706830517364,0.002975078889827413,1,8.0,margin,0.3,0.07237895294510194,0.002975078889827413,0.002975078889827413,0,1->1,1,1.0,1.0,1.0
cifar100_proser_fedavg__split06__seed4__d5.0,cifar100,d5,5.0,proser_fedavg,0.05,5,12,0.05,0.05,0.0008333333333333334,0.004166666666666667,0.598736939238379,0,0,0,delta_c/(M J) -> delta_c/M,0,,,,0.0,,0,,,,0.0,,0.598736939238379,0,0->0,1,1.0,1.0,1.0
cifar100_proser_fedavg__split06__seed4__d5.0,cifar100,d5,5.0,proser_fedavg,0.1,5,12,0.05,0.05,0.0008333333333333334,0.004166666666666667,0.32551322616373046,0,0,0,delta_c/(M J) -> delta_c/M,0,,,,0.0,,0,,,,0.0,,0.32551322616373046,0,0->0,1,1.0,1.0,1.0
cifar100_proser_fedavg__split06__seed4__d5.0,cifar100,d5,5.0,proser_fedavg,0.15,5,12,0.05,0.05,0.0008333333333333334,0.004166666666666667,0.20686169033367202,0,0,0,delta_c/(M J) -> delta_c/M,0,,,,0.0,,0,,,,0.0,,0.20686169033367202,0,0->0,1,1.0,1.0,1.0
cifar100_proser_fedavg__split06__seed4__d5.0,cifar100,d5,5.0,proser_fedavg,0.2,5,12,0.05,0.05,0.0008333333333333334,0.004166666666666667,0.10175229673909586,0,0,0,delta_c/(M J) -> delta_c/M,0,,,,0.0,,0,,,,0.0,,0.10175229673909586,0,0->0,1,1.0,1.0,1.0
cifar100_proser_fedavg__split06__seed4__d5.0,cifar100,d5,5.0,proser_fedavg,0.25,5,12,0.05,0.05,0.0008333333333333334,0.004166666666666667,0.016141793416136977,0,0,0,delta_c/(M J) -> delta_c/M,0,,,,0.0,,0,,,,0.0,,0.016141793416136977,0,0->0,1,1.0,1.0,1.0
cifar100_proser_fedavg__split06__seed4__d5.0,cifar100,d5,5.0,proser_fedavg,0.3,5,12,0.05,0.05,0.0008333333333333334,0.004166666666666667,0.0015991486610041207,5,5,5,delta_c/(M J) -> delta_c/M,1,9.0,margin,0.5,0.20240781406066913,0.00199322316642172,1,9.0,margin,0.5,0.21118180071386614,0.00199322316642172,0.00199322316642172,0,1->1,1,1.0,1.0,1.0
cifar100_proser_fedavg__split07__seed0__d0.1,cifar100,d0.1,0.1,proser_fedavg,0.05,5,12,0.05,0.05,0.0008333333333333334,0.004166666666666667,0.9334536483768137,0,0,0,delta_c/(M J) -> delta_c/M,0,,,,0.0,,0,,,,0.0,,0.9334536483768137,0,0->0,1,1.0,1.0,1.0
cifar100_proser_fedavg__split07__seed0__d0.1,cifar100,d0.1,0.1,proser_fedavg,0.1,5,12,0.05,0.05,0.0008333333333333334,0.004166666666666667,0.7054447858958958,0,0,0,delta_c/(M J) -> delta_c/M,0,,,,0.0,,0,,,,0.0,,0.7054447858958958,0,0->0,1,1.0,1.0,1.0
cifar100_proser_fedavg__split07__seed0__d0.1,cifar100,d0.1,0.1,proser_fedavg,0.15,5,12,0.05,0.05,0.0008333333333333334,0.004166666666666667,0.5197576036524477,0,0,0,delta_c/(M J) -> delta_c/M,0,,,,0.0,,0,,,,0.0,,0.5197576036524477,0,0->0,1,1.0,1.0,1.0
cifar100_proser_fedavg__split07__seed0__d0.1,cifar100,d0.1,0.1,proser_fedavg,0.2,5,12,0.05,0.05,0.0008333333333333334,0.004166666666666667,0.5033164799999998,0,0,0,delta_c/(M J) -> delta_c/M,0,,,,0.0,,0,,,,0.0,,0.5033164799999998,0,0->0,1,1.0,1.0,1.0
cifar100_proser_fedavg__split07__seed0__d0.1,cifar100,d0.1,0.1,proser_fedavg,0.25,5,12,0.05,0.05,0.0008333333333333334,0.004166666666666667,0.2466484410785732,0,0,0,delta_c/(M J) -> delta_c/M,0,,,,0.0,,0,,,,0.0,,0.2466484410785732,0,0->0,1,1.0,1.0,1.0
cifar100_proser_fedavg__split07__seed0__d0.1,cifar100,d0.1,0.1,proser_fedavg,0.3,5,12,0.05,0.05,0.0008333333333333334,0.004166666666666667,0.15952298219587446,0,0,0,delta_c/(M J) -> delta_c/M,0,,,,0.0,,0,,,,0.0,,0.15952298219587446,0,0->0,1,1.0,1.0,1.0
cifar100_proser_fedavg__split07__seed0__d0.5,cifar100,d0.5,0.5,proser_fedavg,0.05,5,12,0.05,0.05,0.0008333333333333334,0.004166666666666667,0.9025,0,0,0,delta_c/(M J) -> delta_c/M,0,,,,0.0,,0,,,,0.0,,0.9025,0,0->0,1,1.0,1.0,1.0
cifar100_proser_fedavg__split07__seed0__d0.5,cifar100,d0.5,0.5,proser_fedavg,0.1,5,12,0.05,0.05,0.0008333333333333334,0.004166666666666667,0.6238303785686133,0,0,0,delta_c/(M J) -> delta_c/M,0,,,,0.0,,0,,,,0.0,,0.6238303785686133,0,0->0,1,1.0,1.0,1.0
cifar100_proser_fedavg__split07__seed0__d0.5,cifar100,d0.5,0.5,proser_fedavg,0.15,5,12,0.05,0.05,0.0008333333333333334,0.004166666666666667,0.20686169033367202,0,0,0,delta_c/(M J) -> delta_c/M,0,,,,0.0,,0,,,,0.0,,0.20686169033367202,0,0->0,1,1.0,1.0,1.0
cifar100_proser_fedavg__split07__seed0__d0.5,cifar100,d0.5,0.5,proser_fedavg,0.2,5,12,0.05,0.05,0.0008333333333333334,0.004166666666666667,0.10700444214573024,0,0,0,delta_c/(M J) -> delta_c/M,0,,,,0.0,,0,,,,0.0,,0.10700444214573024,0,0->0,1,1.0,1.0,1.0
cifar100_proser_fedavg__split07__seed0__d0.5,cifar100,d0.5,0.5,proser_fedavg,0.25,5,12,0.05,0.05,0.0008333333333333334,0.004166666666666667,0.03878960290772152,0,0,0,delta_c/(M J) -> delta_c/M,0,,,,0.0,,0,,,,0.0,,0.03878960290772152,0,0->0,1,1.0,1.0,1.0
cifar100_proser_fedavg__split07__seed0__d0.5,cifar100,d0.5,0.5,proser_fedavg,0.3,5,12,0.05,0.05,0.0008333333333333334,0.004166666666666667,0.014515473106174008,0,0,0,delta_c/(M J) -> delta_c/M,0,,,,0.0,,0,,,,0.0,,0.014515473106174008,0,0->0,1,1.0,1.0,1.0
cifar100_proser_fedavg__split07__seed0__d5.0,cifar100,d5,5.0,proser_fedavg,0.05,5,12,0.05,0.05,0.0008333333333333334,0.004166666666666667,0.7547072050706155,0,0,0,delta_c/(M J) -> delta_c/M,0,,,,0.0,,0,,,,0.0,,0.7547072050706155,0,0->0,1,1.0,1.0,1.0
cifar100_proser_fedavg__split07__seed0__d5.0,cifar100,d5,5.0,proser_fedavg,0.1,5,12,0.05,0.05,0.0008333333333333334,0.004166666666666667,0.23783231399592314,0,0,0,delta_c/(M J) -> delta_c/M,0,,,,0.0,,0,,,,0.0,,0.23783231399592314,0,0->0,1,1.0,1.0,1.0
cifar100_proser_fedavg__split07__seed0__d5.0,cifar100,d5,5.0,proser_fedavg,0.15,5,12,0.05,0.05,0.0008333333333333334,0.004166666666666667,0.05471642288938999,0,0,0,delta_c/(M J) -> delta_c/M,0,,,,0.0,,0,,,,0.0,,0.05471642288938999,0,0->0,1,1.0,1.0,1.0
cifar100_proser_fedavg__split07__seed0__d5.0,cifar100,d5,5.0,proser_fedavg,0.2,5,12,0.05,0.05,0.0008333333333333334,0.004166666666666667,0.007303273907167997,0,0,0,delta_c/(M J) -> delta_c/M,0,,,,0.0,,0,,,,0.0,,0.007303273907167997,0,0->0,1,1.0,1.0,1.0
cifar100_proser_fedavg__split07__seed0__d5.0,cifar100,d5,5.0,proser_fedavg,0.25,5,12,0.05,0.05,0.0008333333333333334,0.004166666666666667,0.000393517786698752,4,4,4,delta_c/(M J) -> delta_c/M,1,9.0,margin,0.5,0.15340387281903298,0.00478024396550544,1,9.0,margin,0.5,0.16122291557743426,0.00478024396550544,0.00478024396550544,0,1->1,1,1.0,1.0,1.0
cifar100_proser_fedavg__split07__seed0__d5.0,cifar100,d5,5.0,proser_fedavg,0.3,5,12,0.05,0.05,0.0008333333333333334,0.004166666666666667,1.7699394574978737e-05,4,4,4,delta_c/(M J) -> delta_c/M,1,9.0,margin,0.5,0.17773710279592267,0.0005955335246996805,1,9.0,margin,0.5,0.18606023656414644,0.0005955335246996805,0.0005955335246996805,0,1->1,1,1.0,1.0,1.0
cifar100_proser_fedavg__split07__seed1__d0.1,cifar100,d0.1,0.1,proser_fedavg,0.05,5,12,0.05,0.05,0.0008333333333333334,0.004166666666666667,0.9287886038046875,0,0,0,delta_c/(M J) -> delta_c/M,0,,,,0.0,,0,,,,0.0,,0.9287886038046875,0,0->0,1,1.0,1.0,1.0
cifar100_proser_fedavg__split07__seed1__d0.1,cifar100,d0.1,0.1,proser_fedavg,0.1,5,12,0.05,0.05,0.0008333333333333334,0.004166666666666667,0.7748409780000001,0,0,0,delta_c/(M J) -> delta_c/M,0,,,,0.0,,0,,,,0.0,,0.7748409780000001,0,0->0,1,1.0,1.0,1.0
cifar100_proser_fedavg__split07__seed1__d0.1,cifar100,d0.1,0.1,proser_fedavg,0.15,5,12,0.05,0.05,0.0008333333333333334,0.004166666666666667,0.5613793198124563,0,0,0,delta_c/(M J) -> delta_c/M,0,,,,0.0,,0,,,,0.0,,0.5613793198124563,0,0->0,1,1.0,1.0,1.0
cifar100_proser_fedavg__split07__seed1__d0.1,cifar100,d0.1,0.1,proser_fedavg,0.2,5,12,0.05,0.05,0.0008333333333333334,0.004166666666666667,0.28394726452110525,0,0,0,delta_c/(M J) -> delta_c/M,0,,,,0.0,,0,,,,0.0,,0.28394726452110525,0,0->0,1,1.0,1.0,1.0
cifar100_proser_fedavg__split07__seed1__d0.1,cifar100,d0.1,0.1,proser_fedavg,0.25,5,12,0.05,0.05,0.0008333333333333334,0.004166666666666667,0.12369272289019505,0,0,0,delta_c/(M J) -> delta_c/M,0,,,,0.0,,0,,,,0.0,,0.12369272289019505,0,0->0,1,1.0,1.0,1.0
cifar100_proser_fedavg__split07__seed1__d0.1,cifar100,d0.1,0.1,proser_fedavg,0.3,5,12,0.05,0.05,0.0008333333333333334,0.004166666666666667,0.02886580335919149,0,0,0,delta_c/(M J) -> delta_c/M,0,,,,0.0,,0,,,,0.0,,0.02886580335919149,0,0->0,1,1.0,1.0,1.0
cifar100_proser_fedavg__split07__seed1__d0.5,cifar100,d0.5,0.5,proser_fedavg,0.05,5,12,0.05,0.05,0.0008333333333333334,0.004166666666666667,0.967226171875,0,0,0,delta_c/(M J) -> delta_c/M,0,,,,0.0,,0,,,,0.0,,0.967226171875,0,0->0,1,1.0,1.0,1.0
cifar100_proser_fedavg__split07__seed1__d0.5,cifar100,d0.5,0.5,proser_fedavg,0.1,5,12,0.05,0.05,0.0008333333333333334,0.004166666666666667,0.9018031585745626,0,0,0,delta_c/(M J) -> delta_c/M,0,,,,0.0,,0,,,,0.0,,0.9018031585745626,0,0->0,1,1.0,1.0,1.0
cifar100_proser_fedavg__split07__seed1__d0.5,cifar100,d0.5,0.5,proser_fedavg,0.15,5,12,0.05,0.05,0.0008333333333333334,0.004166666666666667,0.6907032260996365,0,0,0,delta_c/(M J) -> delta_c/M,0,,,,0.0,,0,,,,0.0,,0.6907032260996365,0,0->0,1,1.0,1.0,1.0
cifar100_proser_fedavg__split07__seed1__d0.5,cifar100,d0.5,0.5,proser_fedavg,0.2,5,12,0.05,0.05,0.0008333333333333334,0.004166666666666667,0.29506665299345664,0,0,0,delta_c/(M J) -> delta_c/M,0,,,,0.0,,0,,,,0.0,,0.29506665299345664,0,0->0,1,1.0,1.0,1.0
cifar100_proser_fedavg__split07__seed1__d0.5,cifar100,d0.5,0.5,proser_fedavg,0.25,5,12,0.05,0.05,0.0008333333333333334,0.004166666666666667,0.04465774483455032,0,0,0,delta_c/(M J) -> delta_c/M,0,,,,0.0,,0,,,,0.0,,0.04465774483455032,0,0->0,1,1.0,1.0,1.0
cifar100_proser_fedavg__split07__seed1__d0.5,cifar100,d0.5,0.5,proser_fedavg,0.3,5,12,0.05,0.05,0.0008333333333333334,0.004166666666666667,0.0033200813454528546,1,1,1,delta_c/(M J) -> delta_c/M,1,1.0,proser,0.5,0.12269444253531368,0.0033200813454528546,1,1.0,proser,0.5,0.1297746569620508,0.0033200813454528546,0.0033200813454528546,0,1->1,1,1.0,1.0,1.0
cifar100_proser_fedavg__split07__seed1__d5.0,cifar100,d5,5.0,proser_fedavg,0.05,5,12,0.05,0.05,0.0008333333333333334,0.004166666666666667,0.6060962172712081,0,0,0,delta_c/(M J) -> delta_c/M,0,,,,0.0,,0,,,,0.0,,0.6060962172712081,0,0->0,1,1.0,1.0,1.0
cifar100_proser_fedavg__split07__seed1__d5.0,cifar100,d5,5.0,proser_fedavg,0.1,5,12,0.05,0.05,0.0008333333333333334,0.004166666666666667,0.3062502599318895,0,0,0,delta_c/(M J) -> delta_c/M,0,,,,0.0,,0,,,,0.0,,0.3062502599318895,0,0->0,1,1.0,1.0,1.0
cifar100_proser_fedavg__split07__seed1__d5.0,cifar100,d5,5.0,proser_fedavg,0.15,5,12,0.05,0.05,0.0008333333333333334,0.004166666666666667,0.041267869548618934,0,0,0,delta_c/(M J) -> delta_c/M,0,,,,0.0,,0,,,,0.0,,0.041267869548618934,0,0->0,1,1.0,1.0,1.0
cifar100_proser_fedavg__split07__seed1__d5.0,cifar100,d5,5.0,proser_fedavg,0.2,5,12,0.05,0.05,0.0008333333333333334,0.004166666666666667,0.006609736856607418,0,0,0,delta_c/(M J) -> delta_c/M,0,,,,0.0,,0,,,,0.0,,0.006609736856607418,0,0->0,1,1.0,1.0,1.0
cifar100_proser_fedavg__split07__seed1__d5.0,cifar100,d5,5.0,proser_fedavg,0.25,5,12,0.05,0.05,0.0008333333333333334,0.004166666666666667,0.00024455297625809095,6,6,6,delta_c/(M J) -> delta_c/M,1,2.0,proser,0.7,0.21307509559720694,0.004833172026993894,1,2.0,proser,0.7,0.2220274410637826,0.004833172026993894,0.004833172026993894,0,1->1,1,1.0,1.0,1.0
cifar100_proser_fedavg__split07__seed1__d5.0,cifar100,d5,5.0,proser_fedavg,0.3,5,12,0.05,0.05,0.0008333333333333334,0.004166666666666667,3.131811823891373e-06,9,9,9,delta_c/(M J) -> delta_c/M,1,10.0,margin,0.7,0.25444109994554154,0.003219244949916743,1,10.0,margin,0.7,0.264002099027411,0.003219244949916743,0.003219244949916743,0,1->1,1,1.0,1.0,1.0
cifar100_proser_fedavg__split07__seed2__d0.1,cifar100,d0.1,0.1,proser_fedavg,0.05,5,12,0.05,0.05,0.0008333333333333334,0.004166666666666667,0.81450625,0,0,0,delta_c/(M J) -> delta_c/M,0,,,,0.0,,0,,,,0.0,,0.81450625,0,0->0,1,1.0,1.0,1.0
cifar100_proser_fedavg__split07__seed2__d0.1,cifar100,d0.1,0.1,proser_fedavg,0.1,5,12,0.05,0.05,0.0008333333333333334,0.004166666666666667,0.5314409999999999,0,0,0,delta_c/(M J) -> delta_c/M,0,,,,0.0,,0,,,,0.0,,0.5314409999999999,0,0->0,1,1.0,1.0,1.0
cifar100_proser_fedavg__split07__seed2__d0.1,cifar100,d0.1,0.1,proser_fedavg,0.15,5,12,0.05,0.05,0.0008333333333333334,0.004166666666666667,0.31858597554574136,0,0,0,delta_c/(M J) -> delta_c/M,0,,,,0.0,,0,,,,0.0,,0.31858597554574136,0,0->0,1,1.0,1.0,1.0
cifar100_proser_fedavg__split07__seed2__d0.1,cifar100,d0.1,0.1,proser_fedavg,0.2,5,12,0.05,0.05,0.0008333333333333334,0.004166666666666667,0.15449148161731768,0,0,0,delta_c/(M J) -> delta_c/M,0,,,,0.0,,0,,,,0.0,,0.15449148161731768,0,0->0,1,1.0,1.0,1.0
cifar100_proser_fedavg__split07__seed2__d0.1,cifar100,d0.1,0.1,proser_fedavg,0.25,5,12,0.05,0.05,0.0008333333333333334,0.004166666666666667,0.06826043226787654,0,0,0,delta_c/(M J) -> delta_c/M,0,,,,0.0,,0,,,,0.0,,0.06826043226787654,0,0->0,1,1.0,1.0,1.0
cifar100_proser_fedavg__split07__seed2__d0.1,cifar100,d0.1,0.1,proser_fedavg,0.3,5,12,0.05,0.05,0.0008333333333333334,0.004166666666666667,0.01793170045151657,0,0,0,delta_c/(M J) -> delta_c/M,0,,,,0.0,,0,,,,0.0,,0.01793170045151657,0,0->0,1,1.0,1.0,1.0
cifar100_proser_fedavg__split07__seed2__d0.5,cifar100,d0.5,0.5,proser_fedavg,0.05,5,12,0.05,0.05,0.0008333333333333334,0.004166666666666667,0.81450625,0,0,0,delta_c/(M J) -> delta_c/M,0,,,,0.0,,0,,,,0.0,,0.81450625,0,0->0,1,1.0,1.0,1.0
cifar100_proser_fedavg__split07__seed2__d0.5,cifar100,d0.5,0.5,proser_fedavg,0.1,5,12,0.05,0.05,0.0008333333333333334,0.004166666666666667,0.6560999999999999,0,0,0,delta_c/(M J) -> delta_c/M,0,,,,0.0,,0,,,,0.0,,0.6560999999999999,0,0->0,1,1.0,1.0,1.0
cifar100_proser_fedavg__split07__seed2__d0.5,cifar100,d0.5,0.5,proser_fedavg,0.15,5,12,0.05,0.05,0.0008333333333333334,0.004166666666666667,0.5048789871891223,0,0,0,delta_c/(M J) -> delta_c/M,0,,,,0.0,,0,,,,0.0,,0.5048789871891223,0,0->0,1,1.0,1.0,1.0
cifar100_proser_fedavg__split07__seed2__d0.5,cifar100,d0.5,0.5,proser_fedavg,0.2,5,12,0.05,0.05,0.0008333333333333334,0.004166666666666667,0.2057561989336294,0,0,0,delta_c/(M J) -> delta_c/M,0,,,,0.0,,0,,,,0.0,,0.2057561989336294,0,0->0,1,1.0,1.0,1.0
cifar100_proser_fedavg__split07__seed2__d0.5,cifar100,d0.5,0.5,proser_fedavg,0.25,5,12,0.05,0.05,0.0008333333333333334,0.004166666666666667,0.06114433072130995,0,0,0,delta_c/(M J) -> delta_c/M,0,,,,0.0,,0,,,,0.0,,0.06114433072130995,0,0->0,1,1.0,1.0,1.0
cifar100_proser_fedavg__split07__seed2__d0.5,cifar100,d0.5,0.5,proser_fedavg,0.3,5,12,0.05,0.05,0.0008333333333333334,0.004166666666666667,0.010770981904379534,0,0,0,delta_c/(M J) -> delta_c/M,0,,,,0.0,,0,,,,0.0,,0.010770981904379534,0,0->0,1,1.0,1.0,1.0
cifar100_proser_fedavg__split07__seed2__d5.0,cifar100,d5,5.0,proser_fedavg,0.05,5,12,0.05,0.05,0.0008333333333333334,0.004166666666666667,0.9867639911172587,0,0,0,delta_c/(M J) -> delta_c/M,0,,,,0.0,,0,,,,0.0,,0.9867639911172587,0,0->0,1,1.0,1.0,1.0
cifar100_proser_fedavg__split07__seed2__d5.0,cifar100,d5,5.0,proser_fedavg,0.1,5,12,0.05,0.05,0.0008333333333333334,0.004166666666666667,0.8546026986649627,0,0,0,delta_c/(M J) -> delta_c/M,0,,,,0.0,,0,,,,0.0,,0.8546026986649627,0,0->0,1,1.0,1.0,1.0
cifar100_proser_fedavg__split07__seed2__d5.0,cifar100,d5,5.0,proser_fedavg,0.15,5,12,0.05,0.05,0.0008333333333333334,0.004166666666666667,0.4158229615202193,0,0,0,delta_c/(M J) -> delta_c/M,0,,,,0.0,,0,,,,0.0,,0.4158229615202193,0,0->0,1,1.0,1.0,1.0
cifar100_proser_fedavg__split07__seed2__d5.0,cifar100,d5,5.0,proser_fedavg,0.2,5,12,0.05,0.05,0.0008333333333333334,0.004166666666666667,0.09309309095426076,0,0,0,delta_c/(M J) -> delta_c/M,0,,,,0.0,,0,,,,0.0,,0.09309309095426076,0,0->0,1,1.0,1.0,1.0
cifar100_proser_fedavg__split07__seed2__d5.0,cifar100,d5,5.0,proser_fedavg,0.25,5,12,0.05,0.05,0.0008333333333333334,0.004166666666666667,0.032004848043900455,0,0,0,delta_c/(M J) -> delta_c/M,0,,,,0.0,,0,,,,0.0,,0.032004848043900455,0,0->0,1,1.0,1.0,1.0
cifar100_proser_fedavg__split07__seed2__d5.0,cifar100,d5,5.0,proser_fedavg,0.3,5,12,0.05,0.05,0.0008333333333333334,0.004166666666666667,0.003415871978183291,1,1,1,delta_c/(M J) -> delta_c/M,1,9.0,margin,0.5,0.1603192519414648,0.003415871978183291,1,9.0,margin,0.5,0.1682881481006248,0.003415871978183291,0.003415871978183291,0,1->1,1,1.0,1.0,1.0
cifar100_proser_fedavg__split07__seed3__d0.1,cifar100,d0.1,0.1,proser_fedavg,0.05,5,12,0.05,0.05,0.0008333333333333334,0.004166666666666667,0.9774075,0,0,0,delta_c/(M J) -> delta_c/M,0,,,,0.0,,0,,,,0.0,,0.9774075,0,0->0,1,1.0,1.0,1.0
cifar100_proser_fedavg__split07__seed3__d0.1,cifar100,d0.1,0.1,proser_fedavg,0.1,5,12,0.05,0.05,0.0008333333333333334,0.004166666666666667,0.7077246385894652,0,0,0,delta_c/(M J) -> delta_c/M,0,,,,0.0,,0,,,,0.0,,0.7077246385894652,0,0->0,1,1.0,1.0,1.0
cifar100_proser_fedavg__split07__seed3__d0.1,cifar100,d0.1,0.1,proser_fedavg,0.15,5,12,0.05,0.05,0.0008333333333333334,0.004166666666666667,0.2844674890014882,0,0,0,delta_c/(M J) -> delta_c/M,0,,,,0.0,,0,,,,0.0,,0.2844674890014882,0,0->0,1,1.0,1.0,1.0
cifar100_proser_fedavg__split07__seed3__d0.1,cifar100,d0.1,0.1,proser_fedavg,0.2,5,12,0.05,0.05,0.0008333333333333334,0.004166666666666667,0.08372773579919102,0,0,0,delta_c/(M J) -> delta_c/M,0,,,,0.0,,0,,,,0.0,,0.08372773579919102,0,0->0,1,1.0,1.0,1.0
cifar100_proser_fedavg__split07__seed3__d0.1,cifar100,d0.1,0.1,proser_fedavg,0.25,5,12,0.05,0.05,0.0008333333333333334,0.004166666666666667,0.019446207662925402,0,0,0,delta_c/(M J) -> delta_c/M,0,,,,0.0,,0,,,,0.0,,0.019446207662925402,0,0->0,1,1.0,1.0,1.0
cifar100_proser_fedavg__split07__seed3__d0.1,cifar100,d0.1,0.1,proser_fedavg,0.3,5,12,0.05,0.05,0.0008333333333333334,0.004166666666666667,0.0031615894231396867,1,1,1,delta_c/(M J) -> delta_c/M,1,0.0,proser,0.3,0.03376319528055509,0.0031615894231396867,1,0.0,proser,0.3,0.037514209191866814,0.0031615894231396867,0.0031615894231396867,0,1->1,1,1.0,1.0,1.0
cifar100_proser_fedavg__split07__seed3__d0.5,cifar100,d0.5,0.5,proser_fedavg,0.05,5,12,0.05,0.05,0.0008333333333333334,0.004166666666666667,0.7728068695765471,0,0,0,delta_c/(M J) -> delta_c/M,0,,,,0.0,,0,,,,0.0,,0.7728068695765471,0,0->0,1,1.0,1.0,1.0
cifar100_proser_fedavg__split07__seed3__d0.5,cifar100,d0.5,0.5,proser_fedavg,0.1,5,12,0.05,0.05,0.0008333333333333334,0.004166666666666667,0.3456575045761132,0,0,0,delta_c/(M J) -> delta_c/M,0,,,,0.0,,0,,,,0.0,,0.3456575045761132,0,0->0,1,1.0,1.0,1.0
cifar100_proser_fedavg__split07__seed3__d0.5,cifar100,d0.5,0.5,proser_fedavg,0.15,5,12,0.05,0.05,0.0008333333333333334,0.004166666666666667,0.15794373755863694,0,0,0,delta_c/(M J) -> delta_c/M,0,,,,0.0,,0,,,,0.0,,0.15794373755863694,0,0->0,1,1.0,1.0,1.0
cifar100_proser_fedavg__split07__seed3__d0.5,cifar100,d0.5,0.5,proser_fedavg,0.2,5,12,0.05,0.05,0.0008333333333333334,0.004166666666666667,0.04802721937073366,0,0,0,delta_c/(M J) -> delta_c/M,0,,,,0.0,,0,,,,0.0,,0.04802721937073366,0,0->0,1,1.0,1.0,1.0
cifar100_proser_fedavg__split07__seed3__d0.5,cifar100,d0.5,0.5,proser_fedavg,0.25,5,12,0.05,0.05,0.0008333333333333334,0.004166666666666667,0.002143286168550681,1,1,1,delta_c/(M J) -> delta_c/M,1,0.0,proser,0.3,0.07980312753011055,0.002143286168550681,1,0.0,proser,0.3,0.08558611885182409,0.002143286168550681,0.002143286168550681,0,1->1,1,1.0,1.0,1.0
cifar100_proser_fedavg__split07__seed3__d0.5,cifar100,d0.5,0.5,proser_fedavg,0.3,5,12,0.05,0.05,0.0008333333333333334,0.004166666666666667,0.00033614855518595665,4,4,4,delta_c/(M J) -> delta_c/M,1,9.0,margin,0.5,0.15858753442168752,0.001980528772283626,1,9.0,margin,0.5,0.16651941981501164,0.001980528772283626,0.001980528772283626,0,1->1,1,1.0,1.0,1.0
cifar100_proser_fedavg__split07__seed3__d5.0,cifar100,d5,5.0,proser_fedavg,0.05,5,12,0.05,0.05,0.0008333333333333334,0.004166666666666667,0.8796191224443661,0,0,0,delta_c/(M J) -> delta_c/M,0,,,,0.0,,0,,,,0.0,,0.8796191224443661,0,0->0,1,1.0,1.0,1.0
cifar100_proser_fedavg__split07__seed3__d5.0,cifar100,d5,5.0,proser_fedavg,0.1,5,12,0.05,0.05,0.0008333333333333334,0.004166666666666667,0.46483597727724446,0,0,0,delta_c/(M J) -> delta_c/M,0,,,,0.0,,0,,,,0.0,,0.46483597727724446,0,0->0,1,1.0,1.0,1.0
cifar100_proser_fedavg__split07__seed3__d5.0,cifar100,d5,5.0,proser_fedavg,0.15,5,12,0.05,0.05,0.0008333333333333334,0.004166666666666667,0.27208707722803405,0,0,0,delta_c/(M J) -> delta_c/M,0,,,,0.0,,0,,,,0.0,,0.27208707722803405,0,0->0,1,1.0,1.0,1.0
cifar100_proser_fedavg__split07__seed3__d5.0,cifar100,d5,5.0,proser_fedavg,0.2,5,12,0.05,0.05,0.0008333333333333334,0.004166666666666667,0.058010832806043314,0,0,0,delta_c/(M J) -> delta_c/M,0,,,,0.0,,0,,,,0.0,,0.058010832806043314,0,0->0,1,1.0,1.0,1.0
cifar100_proser_fedavg__split07__seed3__d5.0,cifar100,d5,5.0,proser_fedavg,0.25,5,12,0.05,0.05,0.0008333333333333334,0.004166666666666667,0.012385001990431459,0,0,0,delta_c/(M J) -> delta_c/M,0,,,,0.0,,0,,,,0.0,,0.012385001990431459,0,0->0,1,1.0,1.0,1.0
cifar100_proser_fedavg__split07__seed3__d5.0,cifar100,d5,5.0,proser_fedavg,0.3,5,12,0.05,0.05,0.0008333333333333334,0.004166666666666667,0.0022080095773478166,1,1,1,delta_c/(M J) -> delta_c/M,1,4.0,energy,0.3,0.06706706830517364,0.0022080095773478166,1,4.0,energy,0.3,0.07237895294510194,0.0022080095773478166,0.0022080095773478166,0,1->1,1,1.0,1.0,1.0
cifar100_proser_fedavg__split07__seed4__d0.1,cifar100,d0.1,0.1,proser_fedavg,0.05,5,12,0.05,0.05,0.0008333333333333334,0.004166666666666667,0.735091890625,0,0,0,delta_c/(M J) -> delta_c/M,0,,,,0.0,,0,,,,0.0,,0.735091890625,0,0->0,1,1.0,1.0,1.0
cifar100_proser_fedavg__split07__seed4__d0.1,cifar100,d0.1,0.1,proser_fedavg,0.1,5,12,0.05,0.05,0.0008333333333333334,0.004166666666666667,0.5314409999999999,0,0,0,delta_c/(M J) -> delta_c/M,0,,,,0.0,,0,,,,0.0,,0.5314409999999999,0,0->0,1,1.0,1.0,1.0
cifar100_proser_fedavg__split07__seed4__d0.1,cifar100,d0.1,0.1,proser_fedavg,0.15,5,12,0.05,0.05,0.0008333333333333334,0.004166666666666667,0.377149515625,0,0,0,delta_c/(M J) -> delta_c/M,0,,,,0.0,,0,,,,0.0,,0.377149515625,0,0->0,1,1.0,1.0,1.0
cifar100_proser_fedavg__split07__seed4__d0.1,cifar100,d0.1,0.1,proser_fedavg,0.2,5,12,0.05,0.05,0.0008333333333333334,0.004166666666666667,0.3758096384000002,0,0,0,delta_c/(M J) -> delta_c/M,0,,,,0.0,,0,,,,0.0,,0.3758096384000002,0,0->0,1,1.0,1.0,1.0
cifar100_proser_fedavg__split07__seed4__d0.1,cifar100,d0.1,0.1,proser_fedavg,0.25,5,12,0.05,0.05,0.0008333333333333334,0.004166666666666667,0.1970973014831543,0,0,0,delta_c/(M J) -> delta_c/M,0,,,,0.0,,0,,,,0.0,,0.1970973014831543,0,0->0,1,1.0,1.0,1.0
cifar100_proser_fedavg__split07__seed4__d0.1,cifar100,d0.1,0.1,proser_fedavg,0.3,5,12,0.05,0.05,0.0008333333333333334,0.004166666666666667,0.09471718997349568,0,0,0,delta_c/(M J) -> delta_c/M,0,,,,0.0,,0,,,,0.0,,0.09471718997349568,0,0->0,1,1.0,1.0,1.0
cifar100_proser_fedavg__split07__seed4__d0.5,cifar100,d0.5,0.5,proser_fedavg,0.05,5,12,0.05,0.05,0.0008333333333333334,0.004166666666666667,0.967226171875,0,0,0,delta_c/(M J) -> delta_c/M,0,,,,0.0,,0,,,,0.0,,0.967226171875,0,0->0,1,1.0,1.0,1.0
cifar100_proser_fedavg__split07__seed4__d0.5,cifar100,d0.5,0.5,proser_fedavg,0.1,5,12,0.05,0.05,0.0008333333333333334,0.004166666666666667,0.48458114169200006,0,0,0,delta_c/(M J) -> delta_c/M,0,,,,0.0,,0,,,,0.0,,0.48458114169200006,0,0->0,1,1.0,1.0,1.0
cifar100_proser_fedavg__split07__seed4__d0.5,cifar100,d0.5,0.5,proser_fedavg,0.15,5,12,0.05,0.05,0.0008333333333333334,0.004166666666666667,0.3262574683440894,0,0,0,delta_c/(M J) -> delta_c/M,0,,,,0.0,,0,,,,0.0,,0.3262574683440894,0,0->0,1,1.0,1.0,1.0
cifar100_proser_fedavg__split07__seed4__d0.5,cifar100,d0.5,0.5,proser_fedavg,0.2,5,12,0.05,0.05,0.0008333333333333334,0.004166666666666667,0.0597367165905498,0,0,0,delta_c/(M J) -> delta_c/M,0,,,,0.0,,0,,,,0.0,,0.0597367165905498,0,0->0,1,1.0,1.0,1.0
cifar100_proser_fedavg__split07__seed4__d0.5,cifar100,d0.5,0.5,proser_fedavg,0.25,5,12,0.05,0.05,0.0008333333333333334,0.004166666666666667,0.004768371588974208,0,0,0,delta_c/(M J) -> delta_c/M,0,,,,0.0,,0,,,,0.0,,0.004768371588974208,0,0->0,1,1.0,1.0,1.0
cifar100_proser_fedavg__split07__seed4__d0.5,cifar100,d0.5,0.5,proser_fedavg,0.3,5,12,0.05,0.05,0.0008333333333333334,0.004166666666666667,0.0006045737563202948,3,3,3,delta_c/(M J) -> delta_c/M,1,9.0,margin,0.5,0.13115308740086287,0.0006045737563202948,1,9.0,margin,0.5,0.13844981359374123,0.0006045737563202948,0.0006045737563202948,0,1->1,1,1.0,1.0,1.0
cifar100_proser_fedavg__split07__seed4__d5.0,cifar100,d5,5.0,proser_fedavg,0.05,5,12,0.05,0.05,0.0008333333333333334,0.004166666666666667,0.8981054088575684,0,0,0,delta_c/(M J) -> delta_c/M,0,,,,0.0,,0,,,,0.0,,0.8981054088575684,0,0->0,1,1.0,1.0,1.0
cifar100_proser_fedavg__split07__seed4__d5.0,cifar100,d5,5.0,proser_fedavg,0.1,5,12,0.05,0.05,0.0008333333333333334,0.004166666666666667,0.5674709425282101,0,0,0,delta_c/(M J) -> delta_c/M,0,,,,0.0,,0,,,,0.0,,0.5674709425282101,0,0->0,1,1.0,1.0,1.0
cifar100_proser_fedavg__split07__seed4__d5.0,cifar100,d5,5.0,proser_fedavg,0.15,5,12,0.05,0.05,0.0008333333333333334,0.004166666666666667,0.19029847109413828,0,0,0,delta_c/(M J) -> delta_c/M,0,,,,0.0,,0,,,,0.0,,0.19029847109413828,0,0->0,1,1.0,1.0,1.0
cifar100_proser_fedavg__split07__seed4__d5.0,cifar100,d5,5.0,proser_fedavg,0.2,5,12,0.05,0.05,0.0008333333333333334,0.004166666666666667,0.04498638450089949,0,0,0,delta_c/(M J) -> delta_c/M,0,,,,0.0,,0,,,,0.0,,0.04498638450089949,0,0->0,1,1.0,1.0,1.0
cifar100_proser_fedavg__split07__seed4__d5.0,cifar100,d5,5.0,proser_fedavg,0.25,5,12,0.05,0.05,0.0008333333333333334,0.004166666666666667,0.006725643737911814,0,0,0,delta_c/(M J) -> delta_c/M,0,,,,0.0,,0,,,,0.0,,0.006725643737911814,0,0->0,1,1.0,1.0,1.0
cifar100_proser_fedavg__split07__seed4__d5.0,cifar100,d5,5.0,proser_fedavg,0.3,5,12,0.05,0.05,0.0008333333333333334,0.004166666666666667,0.00020761629317356722,4,4,4,delta_c/(M J) -> delta_c/M,1,9.0,margin,0.5,0.1829966518151629,0.0015667666513013217,1,9.0,margin,0.5,0.19142066384342218,0.0015667666513013217,0.0015667666513013217,0,1->1,1,1.0,1.0,1.0
cifar100_proser_fedavg__split08__seed0__d0.1,cifar100,d0.1,0.1,proser_fedavg,0.05,5,12,0.05,0.05,0.0008333333333333334,0.004166666666666667,1.0,0,0,0,delta_c/(M J) -> delta_c/M,0,,,,0.0,,0,,,,0.0,,1.0,0,0->0,1,1.0,1.0,1.0
cifar100_proser_fedavg__split08__seed0__d0.1,cifar100,d0.1,0.1,proser_fedavg,0.1,5,12,0.05,0.05,0.0008333333333333334,0.004166666666666667,0.9619082099999999,0,0,0,delta_c/(M J) -> delta_c/M,0,,,,0.0,,0,,,,0.0,,0.9619082099999999,0,0->0,1,1.0,1.0,1.0
cifar100_proser_fedavg__split08__seed0__d0.1,cifar100,d0.1,0.1,proser_fedavg,0.15,5,12,0.05,0.05,0.0008333333333333334,0.004166666666666667,0.6871801182171573,0,0,0,delta_c/(M J) -> delta_c/M,0,,,,0.0,,0,,,,0.0,,0.6871801182171573,0,0->0,1,1.0,1.0,1.0
cifar100_proser_fedavg__split08__seed0__d0.1,cifar100,d0.1,0.1,proser_fedavg,0.2,5,12,0.05,0.05,0.0008333333333333334,0.004166666666666667,0.1800132001220358,0,0,0,delta_c/(M J) -> delta_c/M,0,,,,0.0,,0,,,,0.0,,0.1800132001220358,0,0->0,1,1.0,1.0,1.0
cifar100_proser_fedavg__split08__seed0__d0.1,cifar100,d0.1,0.1,proser_fedavg,0.25,5,12,0.05,0.05,0.0008333333333333334,0.004166666666666667,0.045505362235914865,0,0,0,delta_c/(M J) -> delta_c/M,0,,,,0.0,,0,,,,0.0,,0.045505362235914865,0,0->0,1,1.0,1.0,1.0
cifar100_proser_fedavg__split08__seed0__d0.1,cifar100,d0.1,0.1,proser_fedavg,0.3,5,12,0.05,0.05,0.0008333333333333334,0.004166666666666667,0.0311385639314282,0,0,0,delta_c/(M J) -> delta_c/M,0,,,,0.0,,0,,,,0.0,,0.0311385639314282,0,0->0,1,1.0,1.0,1.0
cifar100_proser_fedavg__split08__seed0__d0.5,cifar100,d0.5,0.5,proser_fedavg,0.05,5,12,0.05,0.05,0.0008333333333333334,0.004166666666666667,0.9884964426207031,0,0,0,delta_c/(M J) -> delta_c/M,0,,,,0.0,,0,,,,0.0,,0.9884964426207031,0,0->0,1,1.0,1.0,1.0
cifar100_proser_fedavg__split08__seed0__d0.5,cifar100,d0.5,0.5,proser_fedavg,0.1,5,12,0.05,0.05,0.0008333333333333334,0.004166666666666667,0.7892493396961544,0,0,0,delta_c/(M J) -> delta_c/M,0,,,,0.0,,0,,,,0.0,,0.7892493396961544,0,0->0,1,1.0,1.0,1.0
cifar100_proser_fedavg__split08__seed0__d0.5,cifar100,d0.5,0.5,proser_fedavg,0.15,5,12,0.05,0.05,0.0008333333333333334,0.004166666666666667,0.464358455405535,0,0,0,delta_c/(M J) -> delta_c/M,0,,,,0.0,,0,,,,0.0,,0.464358455405535,0,0->0,1,1.0,1.0,1.0
cifar100_proser_fedavg__split08__seed0__d0.5,cifar100,d0.5,0.5,proser_fedavg,0.2,5,12,0.05,0.05,0.0008333333333333334,0.004166666666666667,0.13575447927629572,0,0,0,delta_c/(M J) -> delta_c/M,0,,,,0.0,,0,,,,0.0,,0.13575447927629572,0,0->0,1,1.0,1.0,1.0
cifar100_proser_fedavg__split08__seed0__d0.5,cifar100,d0.5,0.5,proser_fedavg,0.25,5,12,0.05,0.05,0.0008333333333333334,0.004166666666666667,0.029382195419908268,0,0,0,delta_c/(M J) -> delta_c/M,0,,,,0.0,,0,,,,0.0,,0.029382195419908268,0,0->0,1,1.0,1.0,1.0
cifar100_proser_fedavg__split08__seed0__d0.5,cifar100,d0.5,0.5,proser_fedavg,0.3,5,12,0.05,0.05,0.0008333333333333334,0.004166666666666667,0.0029552730281958537,3,3,3,delta_c/(M J) -> delta_c/M,1,9.0,margin,0.5,0.12776259345145716,0.0029552730281958537,1,9.0,margin,0.5,0.13497382023620932,0.0029552730281958537,0.0029552730281958537,0,1->1,1,1.0,1.0,1.0
cifar100_proser_fedavg__split08__seed0__d5.0,cifar100,d5,5.0,proser_fedavg,0.05,5,12,0.05,0.05,0.0008333333333333334,0.004166666666666667,0.9884964426207031,0,0,0,delta_c/(M J) -> delta_c/M,0,,,,0.0,,0,,,,0.0,,0.9884964426207031,0,0->0,1,1.0,1.0,1.0
cifar100_proser_fedavg__split08__seed0__d5.0,cifar100,d5,5.0,proser_fedavg,0.1,5,12,0.05,0.05,0.0008333333333333334,0.004166666666666667,0.7857377609533901,0,0,0,delta_c/(M J) -> delta_c/M,0,,,,0.0,,0,,,,0.0,,0.7857377609533901,0,0->0,1,1.0,1.0,1.0
cifar100_proser_fedavg__split08__seed0__d5.0,cifar100,d5,5.0,proser_fedavg,0.15,5,12,0.05,0.05,0.0008333333333333334,0.004166666666666667,0.5197576036524477,0,0,0,delta_c/(M J) -> delta_c/M,0,,,,0.0,,0,,,,0.0,,0.5197576036524477,0,0->0,1,1.0,1.0,1.0
cifar100_proser_fedavg__split08__seed0__d5.0,cifar100,d5,5.0,proser_fedavg,0.2,5,12,0.05,0.05,0.0008333333333333334,0.004166666666666667,0.22832016810513062,0,0,0,delta_c/(M J) -> delta_c/M,0,,,,0.0,,0,,,,0.0,,0.22832016810513062,0,0->0,1,1.0,1.0,1.0
cifar100_proser_fedavg__split08__seed0__d5.0,cifar100,d5,5.0,proser_fedavg,0.25,5,12,0.05,0.05,0.0008333333333333334,0.004166666666666667,0.0824343338052898,0,0,0,delta_c/(M J) -> delta_c/M,0,,,,0.0,,0,,,,0.0,,0.0824343338052898,0,0->0,1,1.0,1.0,1.0
cifar100_proser_fedavg__split08__seed0__d5.0,cifar100,d5,5.0,proser_fedavg,0.3,5,12,0.05,0.05,0.0008333333333333334,0.004166666666666667,0.0024402066348909782,2,2,2,delta_c/(M J) -> delta_c/M,1,1.0,proser,0.5,0.1448039562137182,0.003814727406826079,1,1.0,proser,0.5,0.15242870444470066,0.003814727406826079,0.003814727406826079,0,1->1,1,1.0,1.0,1.0
cifar100_proser_fedavg__split08__seed1__d0.1,cifar100,d0.1,0.1,proser_fedavg,0.05,5,12,0.05,0.05,0.0008333333333333334,0.004166666666666667,1.0,0,0,0,delta_c/(M J) -> delta_c/M,0,,,,0.0,,0,,,,0.0,,1.0,0,0->0,1,1.0,1.0,1.0
cifar100_proser_fedavg__split08__seed1__d0.1,cifar100,d0.1,0.1,proser_fedavg,0.1,5,12,0.05,0.05,0.0008333333333333334,0.004166666666666667,0.9743085,0,0,0,delta_c/(M J) -> delta_c/M,0,,,,0.0,,0,,,,0.0,,0.9743085,0,0->0,1,1.0,1.0,1.0
cifar100_proser_fedavg__split08__seed1__d0.1,cifar100,d0.1,0.1,proser_fedavg,0.15,5,12,0.05,0.05,0.0008333333333333334,0.004166666666666667,0.43551774867890924,0,0,0,delta_c/(M J) -> delta_c/M,0,,,,0.0,,0,,,,0.0,,0.43551774867890924,0,0->0,1,1.0,1.0,1.0
cifar100_proser_fedavg__split08__seed1__d0.1,cifar100,d0.1,0.1,proser_fedavg,0.2,5,12,0.05,0.05,0.0008333333333333334,0.004166666666666667,0.18212573857966546,0,0,0,delta_c/(M J) -> delta_c/M,0,,,,0.0,,0,,,,0.0,,0.18212573857966546,0,0->0,1,1.0,1.0,1.0
cifar100_proser_fedavg__split08__seed1__d0.1,cifar100,d0.1,0.1,proser_fedavg,0.25,5,12,0.05,0.05,0.0008333333333333334,0.004166666666666667,0.2466545238977612,0,0,0,delta_c/(M J) -> delta_c/M,0,,,,0.0,,0,,,,0.0,,0.2466545238977612,0,0->0,1,1.0,1.0,1.0
cifar100_proser_fedavg__split08__seed1__d0.1,cifar100,d0.1,0.1,proser_fedavg,0.3,5,12,0.05,0.05,0.0008333333333333334,0.004166666666666667,0.015653623463027608,0,0,0,delta_c/(M J) -> delta_c/M,0,,,,0.0,,0,,,,0.0,,0.015653623463027608,0,0->0,1,1.0,1.0,1.0
cifar100_proser_fedavg__split08__seed1__d0.5,cifar100,d0.5,0.5,proser_fedavg,0.05,5,12,0.05,0.05,0.0008333333333333334,0.004166666666666667,0.6983372960937501,0,0,0,delta_c/(M J) -> delta_c/M,0,,,,0.0,,0,,,,0.0,,0.6983372960937501,0,0->0,1,1.0,1.0,1.0
cifar100_proser_fedavg__split08__seed1__d0.5,cifar100,d0.5,0.5,proser_fedavg,0.1,5,12,0.05,0.05,0.0008333333333333334,0.004166666666666667,0.5147278302366224,0,0,0,delta_c/(M J) -> delta_c/M,0,,,,0.0,,0,,,,0.0,,0.5147278302366224,0,0->0,1,1.0,1.0,1.0
cifar100_proser_fedavg__split08__seed1__d0.5,cifar100,d0.5,0.5,proser_fedavg,0.15,5,12,0.05,0.05,0.0008333333333333334,0.004166666666666667,0.2798275838765518,0,0,0,delta_c/(M J) -> delta_c/M,0,,,,0.0,,0,,,,0.0,,0.2798275838765518,0,0->0,1,1.0,1.0,1.0
cifar100_proser_fedavg__split08__seed1__d0.5,cifar100,d0.5,0.5,proser_fedavg,0.2,5,12,0.05,0.05,0.0008333333333333334,0.004166666666666667,0.19791209299968016,0,0,0,delta_c/(M J) -> delta_c/M,0,,,,0.0,,0,,,,0.0,,0.19791209299968016,0,0->0,1,1.0,1.0,1.0
cifar100_proser_fedavg__split08__seed1__d0.5,cifar100,d0.5,0.5,proser_fedavg,0.25,5,12,0.05,0.05,0.0008333333333333334,0.004166666666666667,0.03980118734294891,0,0,0,delta_c/(M J) -> delta_c/M,0,,,,0.0,,0,,,,0.0,,0.03980118734294891,0,0->0,1,1.0,1.0,1.0
cifar100_proser_fedavg__split08__seed1__d0.5,cifar100,d0.5,0.5,proser_fedavg,0.3,5,12,0.05,0.05,0.0008333333333333334,0.004166666666666667,0.03134723281741911,0,0,0,delta_c/(M J) -> delta_c/M,0,,,,0.0,,0,,,,0.0,,0.03134723281741911,0,0->0,1,1.0,1.0,1.0
cifar100_proser_fedavg__split08__seed1__d5.0,cifar100,d5,5.0,proser_fedavg,0.05,5,12,0.05,0.05,0.0008333333333333334,0.004166666666666667,0.67942044444479,0,0,0,delta_c/(M J) -> delta_c/M,0,,,,0.0,,0,,,,0.0,,0.67942044444479,0,0->0,1,1.0,1.0,1.0
cifar100_proser_fedavg__split08__seed1__d5.0,cifar100,d5,5.0,proser_fedavg,0.1,5,12,0.05,0.05,0.0008333333333333334,0.004166666666666667,0.3151266886987558,0,0,0,delta_c/(M J) -> delta_c/M,0,,,,0.0,,0,,,,0.0,,0.3151266886987558,0,0->0,1,1.0,1.0,1.0
cifar100_proser_fedavg__split08__seed1__d5.0,cifar100,d5,5.0,proser_fedavg,0.15,5,12,0.05,0.05,0.0008333333333333334,0.004166666666666667,0.16734324368961426,0,0,0,delta_c/(M J) -> delta_c/M,0,,,,0.0,,0,,,,0.0,,0.16734324368961426,0,0->0,1,1.0,1.0,1.0
cifar100_proser_fedavg__split08__seed1__d5.0,cifar100,d5,5.0,proser_fedavg,0.2,5,12,0.05,0.05,0.0008333333333333334,0.004166666666666667,0.05497558138879996,0,0,0,delta_c/(M J) -> delta_c/M,0,,,,0.0,,0,,,,0.0,,0.05497558138879996,0,0->0,1,1.0,1.0,1.0
cifar100_proser_fedavg__split08__seed1__d5.0,cifar100,d5,5.0,proser_fedavg,0.25,5,12,0.05,0.05,0.0008333333333333334,0.004166666666666667,0.006270137530998112,0,0,0,delta_c/(M J) -> delta_c/M,0,,,,0.0,,0,,,,0.0,,0.006270137530998112,0,0->0,1,1.0,1.0,1.0
cifar100_proser_fedavg__split08__seed1__d5.0,cifar100,d5,5.0,proser_fedavg,0.3,5,12,0.05,0.05,0.0008333333333333334,0.004166666666666667,0.00017842489722991265,1,1,1,delta_c/(M J) -> delta_c/M,1,9.0,margin,0.5,0.12269444253531368,0.00017842489722991265,1,9.0,margin,0.5,0.1297746569620508,0.00017842489722991265,0.00017842489722991265,0,1->1,1,1.0,1.0,1.0
cifar100_proser_fedavg__split08__seed2__d0.1,cifar100,d0.1,0.1,proser_fedavg,0.05,5,12,0.05,0.05,0.0008333333333333334,0.004166666666666667,0.598736939238379,0,0,0,delta_c/(M J) -> delta_c/M,0,,,,0.0,,0,,,,0.0,,0.598736939238379,0,0->0,1,1.0,1.0,1.0
cifar100_proser_fedavg__split08__seed2__d0.1,cifar100,d0.1,0.1,proser_fedavg,0.1,5,12,0.05,0.05,0.0008333333333333334,0.004166666666666667,0.31381059608999995,0,0,0,delta_c/(M J) -> delta_c/M,0,,,,0.0,,0,,,,0.0,,0.31381059608999995,0,0->0,1,1.0,1.0,1.0
cifar100_proser_fedavg__split08__seed2__d0.1,cifar100,d0.1,0.1,proser_fedavg,0.15,5,12,0.05,0.05,0.0008333333333333334,0.004166666666666667,0.16734324368961426,0,0,0,delta_c/(M J) -> delta_c/M,0,,,,0.0,,0,,,,0.0,,0.16734324368961426,0,0->0,1,1.0,1.0,1.0
cifar100_proser_fedavg__split08__seed2__d0.1,cifar100,d0.1,0.1,proser_fedavg,0.2,5,12,0.05,0.05,0.0008333333333333334,0.004166666666666667,0.09907919180215101,0,0,0,delta_c/(M J) -> delta_c/M,0,,,,0.0,,0,,,,0.0,,0.09907919180215101,0,0->0,1,1.0,1.0,1.0
cifar100_proser_fedavg__split08__seed2__d0.1,cifar100,d0.1,0.1,proser_fedavg,0.25,5,12,0.05,0.05,0.0008333333333333334,0.004166666666666667,0.013281216187458873,0,0,0,delta_c/(M J) -> delta_c/M,0,,,,0.0,,0,,,,0.0,,0.013281216187458873,0,0->0,1,1.0,1.0,1.0
cifar100_proser_fedavg__split08__seed2__d0.1,cifar100,d0.1,0.1,proser_fedavg,0.3,5,12,0.05,0.05,0.0008333333333333334,0.004166666666666667,0.02689808987661466,0,0,0,delta_c/(M J) -> delta_c/M,0,,,,0.0,,0,,,,0.0,,0.02689808987661466,0,0->0,1,1.0,1.0,1.0
cifar100_proser_fedavg__split08__seed2__d0.5,cifar100,d0.5,0.5,proser_fedavg,0.05,5,12,0.05,0.05,0.0008333333333333334,0.004166666666666667,0.9025,0,0,0,delta_c/(M J) -> delta_c/M,0,,,,0.0,,0,,,,0.0,,0.9025,0,0->0,1,1.0,1.0,1.0
cifar100_proser_fedavg__split08__seed2__d0.5,cifar100,d0.5,0.5,proser_fedavg,0.1,5,12,0.05,0.05,0.0008333333333333334,0.004166666666666667,0.8131047299999999,0,0,0,delta_c/(M J) -> delta_c/M,0,,,,0.0,,0,,,,0.0,,0.8131047299999999,0,0->0,1,1.0,1.0,1.0
cifar100_proser_fedavg__split08__seed2__d0.5,cifar100,d0.5,0.5,proser_fedavg,0.15,5,12,0.05,0.05,0.0008333333333333334,0.004166666666666667,0.5048789871891223,0,0,0,delta_c/(M J) -> delta_c/M,0,,,,0.0,,0,,,,0.0,,0.5048789871891223,0,0->0,1,1.0,1.0,1.0
cifar100_proser_fedavg__split08__seed2__d0.5,cifar100,d0.5,0.5,proser_fedavg,0.2,5,12,0.05,0.05,0.0008333333333333334,0.004166666666666667,0.34803840978749334,0,0,0,delta_c/(M J) -> delta_c/M,0,,,,0.0,,0,,,,0.0,,0.34803840978749334,0,0->0,1,1.0,1.0,1.0
cifar100_proser_fedavg__split08__seed2__d0.5,cifar100,d0.5,0.5,proser_fedavg,0.25,5,12,0.05,0.05,0.0008333333333333334,0.004166666666666667,0.23730468750000006,0,0,0,delta_c/(M J) -> delta_c/M,0,,,,0.0,,0,,,,0.0,,0.23730468750000006,0,0->0,1,1.0,1.0,1.0
cifar100_proser_fedavg__split08__seed2__d0.5,cifar100,d0.5,0.5,proser_fedavg,0.3,5,12,0.05,0.05,0.0008333333333333334,0.004166666666666667,0.04622368312925799,0,0,0,delta_c/(M J) -> delta_c/M,0,,,,0.0,,0,,,,0.0,,0.04622368312925799,0,0->0,1,1.0,1.0,1.0
cifar100_proser_fedavg__split08__seed2__d5.0,cifar100,d5,5.0,proser_fedavg,0.05,5,12,0.05,0.05,0.0008333333333333334,0.004166666666666667,0.6302494097246094,0,0,0,delta_c/(M J) -> delta_c/M,0,,,,0.0,,0,,,,0.0,,0.6302494097246094,0,0->0,1,1.0,1.0,1.0
cifar100_proser_fedavg__split08__seed2__d5.0,cifar100,d5,5.0,proser_fedavg,0.1,5,12,0.05,0.05,0.0008333333333333334,0.004166666666666667,0.3874204889999999,0,0,0,delta_c/(M J) -> delta_c/M,0,,,,0.0,,0,,,,0.0,,0.3874204889999999,0,0->0,1,1.0,1.0,1.0
cifar100_proser_fedavg__split08__seed2__d5.0,cifar100,d5,5.0,proser_fedavg,0.15,5,12,0.05,0.05,0.0008333333333333334,0.004166666666666667,0.19849171628055784,0,0,0,delta_c/(M J) -> delta_c/M,0,,,,0.0,,0,,,,0.0,,0.19849171628055784,0,0->0,1,1.0,1.0,1.0
cifar100_proser_fedavg__split08__seed2__d5.0,cifar100,d5,5.0,proser_fedavg,0.2,5,12,0.05,0.05,0.0008333333333333334,0.004166666666666667,0.05101928662602766,0,0,0,delta_c/(M J) -> delta_c/M,0,,,,0.0,,0,,,,0.0,,0.05101928662602766,0,0->0,1,1.0,1.0,1.0
cifar100_proser_fedavg__split08__seed2__d5.0,cifar100,d5,5.0,proser_fedavg,0.25,5,12,0.05,0.05,0.0008333333333333334,0.004166666666666667,0.018641669498165814,0,0,0,delta_c/(M J) -> delta_c/M,0,,,,0.0,,0,,,,0.0,,0.018641669498165814,0,0->0,1,1.0,1.0,1.0
cifar100_proser_fedavg__split08__seed2__d5.0,cifar100,d5,5.0,proser_fedavg,0.3,5,12,0.05,0.05,0.0008333333333333334,0.004166666666666667,0.0009442347310381935,3,3,3,delta_c/(M J) -> delta_c/M,1,1.0,proser,0.5,0.12607083394093957,0.002806428804178666,1,1.0,proser,0.5,0.13323876309562074,0.002806428804178666,0.002806428804178666,0,1->1,1,1.0,1.0,1.0
cifar100_proser_fedavg__split08__seed3__d0.1,cifar100,d0.1,0.1,proser_fedavg,0.05,5,12,0.05,0.05,0.0008333333333333334,0.004166666666666667,0.9287886038046875,0,0,0,delta_c/(M J) -> delta_c/M,0,,,,0.0,,0,,,,0.0,,0.9287886038046875,0,0->0,1,1.0,1.0,1.0
cifar100_proser_fedavg__split08__seed3__d0.1,cifar100,d0.1,0.1,proser_fedavg,0.1,5,12,0.05,0.05,0.0008333333333333334,0.004166666666666667,0.84164001871338,0,0,0,delta_c/(M J) -> delta_c/M,0,,,,0.0,,0,,,,0.0,,0.84164001871338,0,0->0,1,1.0,1.0,1.0
cifar100_proser_fedavg__split08__seed3__d0.1,cifar100,d0.1,0.1,proser_fedavg,0.15,5,12,0.05,0.05,0.0008333333333333334,0.004166666666666667,0.6479112037552641,0,0,0,delta_c/(M J) -> delta_c/M,0,,,,0.0,,0,,,,0.0,,0.6479112037552641,0,0->0,1,1.0,1.0,1.0
cifar100_proser_fedavg__split08__seed3__d0.1,cifar100,d0.1,0.1,proser_fedavg,0.2,5,12,0.05,0.05,0.0008333333333333334,0.004166666666666667,0.4407164064475134,0,0,0,delta_c/(M J) -> delta_c/M,0,,,,0.0,,0,,,,0.0,,0.4407164064475134,0,0->0,1,1.0,1.0,1.0
cifar100_proser_fedavg__split08__seed3__d0.1,cifar100,d0.1,0.1,proser_fedavg,0.25,5,12,0.05,0.05,0.0008333333333333334,0.004166666666666667,0.18195415400058296,0,0,0,delta_c/(M J) -> delta_c/M,0,,,,0.0,,0,,,,0.0,,0.18195415400058296,0,0->0,1,1.0,1.0,1.0
cifar100_proser_fedavg__split08__seed3__d0.1,cifar100,d0.1,0.1,proser_fedavg,0.3,5,12,0.05,0.05,0.0008333333333333334,0.004166666666666667,0.026938294488830453,0,0,0,delta_c/(M J) -> delta_c/M,0,,,,0.0,,0,,,,0.0,,0.026938294488830453,0,0->0,1,1.0,1.0,1.0
cifar100_proser_fedavg__split08__seed3__d0.5,cifar100,d0.5,0.5,proser_fedavg,0.05,5,12,0.05,0.05,0.0008333333333333334,0.004166666666666667,0.998841875,0,0,0,delta_c/(M J) -> delta_c/M,0,,,,0.0,,0,,,,0.0,,0.998841875,0,0->0,1,1.0,1.0,1.0
cifar100_proser_fedavg__split08__seed3__d0.5,cifar100,d0.5,0.5,proser_fedavg,0.1,5,12,0.05,0.05,0.0008333333333333334,0.004166666666666667,0.8516267663864724,0,0,0,delta_c/(M J) -> delta_c/M,0,,,,0.0,,0,,,,0.0,,0.8516267663864724,0,0->0,1,1.0,1.0,1.0
cifar100_proser_fedavg__split08__seed3__d0.5,cifar100,d0.5,0.5,proser_fedavg,0.15,5,12,0.05,0.05,0.0008333333333333334,0.004166666666666667,0.39988153887532446,0,0,0,delta_c/(M J) -> delta_c/M,0,,,,0.0,,0,,,,0.0,,0.39988153887532446,0,0->0,1,1.0,1.0,1.0
cifar100_proser_fedavg__split08__seed3__d0.5,cifar100,d0.5,0.5,proser_fedavg,0.2,5,12,0.05,0.05,0.0008333333333333334,0.004166666666666667,0.0934288050864541,0,0,0,delta_c/(M J) -> delta_c/M,0,,,,0.0,,0,,,,0.0,,0.0934288050864541,0,0->0,1,1.0,1.0,1.0
cifar100_proser_fedavg__split08__seed3__d0.5,cifar100,d0.5,0.5,proser_fedavg,0.25,5,12,0.05,0.05,0.0008333333333333334,0.004166666666666667,0.025759560751719056,0,0,0,delta_c/(M J) -> delta_c/M,0,,,,0.0,,0,,,,0.0,,0.025759560751719056,0,0->0,1,1.0,1.0,1.0
cifar100_proser_fedavg__split08__seed3__d0.5,cifar100,d0.5,0.5,proser_fedavg,0.3,5,12,0.05,0.05,0.0008333333333333334,0.004166666666666667,0.0025149866854465557,1,1,1,delta_c/(M J) -> delta_c/M,1,9.0,margin,0.5,0.1499578732212252,0.0025149866854465557,1,9.0,margin,0.5,0.15770014800815232,0.0025149866854465557,0.0025149866854465557,0,1->1,1,1.0,1.0,1.0
cifar100_proser_fedavg__split08__seed3__d5.0,cifar100,d5,5.0,proser_fedavg,0.05,5,12,0.05,0.05,0.0008333333333333334,0.004166666666666667,0.9328759574140418,0,0,0,delta_c/(M J) -> delta_c/M,0,,,,0.0,,0,,,,0.0,,0.9328759574140418,0,0->0,1,1.0,1.0,1.0
cifar100_proser_fedavg__split08__seed3__d5.0,cifar100,d5,5.0,proser_fedavg,0.1,5,12,0.05,0.05,0.0008333333333333334,0.004166666666666667,0.6769268051894659,0,0,0,delta_c/(M J) -> delta_c/M,0,,,,0.0,,0,,,,0.0,,0.6769268051894659,0,0->0,1,1.0,1.0,1.0
cifar100_proser_fedavg__split08__seed3__d5.0,cifar100,d5,5.0,proser_fedavg,0.15,5,12,0.05,0.05,0.0008333333333333334,0.004166666666666667,0.30469790719233214,0,0,0,delta_c/(M J) -> delta_c/M,0,,,,0.0,,0,,,,0.0,,0.30469790719233214,0,0->0,1,1.0,1.0,1.0
cifar100_proser_fedavg__split08__seed3__d5.0,cifar100,d5,5.0,proser_fedavg,0.2,5,12,0.05,0.05,0.0008333333333333334,0.004166666666666667,0.07981030273295078,0,0,0,delta_c/(M J) -> delta_c/M,0,,,,0.0,,0,,,,0.0,,0.07981030273295078,0,0->0,1,1.0,1.0,1.0
cifar100_proser_fedavg__split08__seed3__d5.0,cifar100,d5,5.0,proser_fedavg,0.25,5,12,0.05,0.05,0.0008333333333333334,0.004166666666666667,0.010301181181644355,0,0,0,delta_c/(M J) -> delta_c/M,0,,,,0.0,,0,,,,0.0,,0.010301181181644355,0,0->0,1,1.0,1.0,1.0
cifar100_proser_fedavg__split08__seed3__d5.0,cifar100,d5,5.0,proser_fedavg,0.3,5,12,0.05,0.05,0.0008333333333333334,0.004166666666666667,0.0011552751647094933,3,3,3,delta_c/(M J) -> delta_c/M,1,9.0,margin,0.5,0.1499578732212252,0.0011552751647094933,1,9.0,margin,0.5,0.15770014800815232,0.0011552751647094933,0.0011552751647094933,0,1->1,1,1.0,1.0,1.0
cifar100_proser_fedavg__split08__seed4__d0.1,cifar100,d0.1,0.1,proser_fedavg,0.05,5,12,0.05,0.05,0.0008333333333333334,0.004166666666666667,1.0,0,0,0,delta_c/(M J) -> delta_c/M,0,,,,0.0,,0,,,,0.0,,1.0,0,0->0,1,1.0,1.0,1.0
cifar100_proser_fedavg__split08__seed4__d0.1,cifar100,d0.1,0.1,proser_fedavg,0.1,5,12,0.05,0.05,0.0008333333333333334,0.004166666666666667,1.0,0,0,0,delta_c/(M J) -> delta_c/M,0,,,,0.0,,0,,,,0.0,,1.0,0,0->0,1,1.0,1.0,1.0
cifar100_proser_fedavg__split08__seed4__d0.1,cifar100,d0.1,0.1,proser_fedavg,0.15,5,12,0.05,0.05,0.0008333333333333334,0.004166666666666667,0.9077936688387293,0,0,0,delta_c/(M J) -> delta_c/M,0,,,,0.0,,0,,,,0.0,,0.9077936688387293,0,0->0,1,1.0,1.0,1.0
cifar100_proser_fedavg__split08__seed4__d0.1,cifar100,d0.1,0.1,proser_fedavg,0.2,5,12,0.05,0.05,0.0008333333333333334,0.004166666666666667,0.5010254585449672,0,0,0,delta_c/(M J) -> delta_c/M,0,,,,0.0,,0,,,,0.0,,0.5010254585449672,0,0->0,1,1.0,1.0,1.0
cifar100_proser_fedavg__split08__seed4__d0.1,cifar100,d0.1,0.1,proser_fedavg,0.25,5,12,0.05,0.05,0.0008333333333333334,0.004166666666666667,0.19711104989983141,0,0,0,delta_c/(M J) -> delta_c/M,0,,,,0.0,,0,,,,0.0,,0.19711104989983141,0,0->0,1,1.0,1.0,1.0
cifar100_proser_fedavg__split08__seed4__d0.1,cifar100,d0.1,0.1,proser_fedavg,0.3,5,12,0.05,0.05,0.0008333333333333334,0.004166666666666667,0.1645504819346242,0,0,0,delta_c/(M J) -> delta_c/M,0,,,,0.0,,0,,,,0.0,,0.1645504819346242,0,0->0,1,1.0,1.0,1.0
cifar100_proser_fedavg__split08__seed4__d0.5,cifar100,d0.5,0.5,proser_fedavg,0.05,5,12,0.05,0.05,0.0008333333333333334,0.004166666666666667,0.881640143028513,0,0,0,delta_c/(M J) -> delta_c/M,0,,,,0.0,,0,,,,0.0,,0.881640143028513,0,0->0,1,1.0,1.0,1.0
cifar100_proser_fedavg__split08__seed4__d0.5,cifar100,d0.5,0.5,proser_fedavg,0.1,5,12,0.05,0.05,0.0008333333333333334,0.004166666666666667,0.659002251789,0,0,0,delta_c/(M J) -> delta_c/M,0,,,,0.0,,0,,,,0.0,,0.659002251789,0,0->0,1,1.0,1.0,1.0
cifar100_proser_fedavg__split08__seed4__d0.5,cifar100,d0.5,0.5,proser_fedavg,0.15,5,12,0.05,0.05,0.0008333333333333334,0.004166666666666667,0.5442998237655274,0,0,0,delta_c/(M J) -> delta_c/M,0,,,,0.0,,0,,,,0.0,,0.5442998237655274,0,0->0,1,1.0,1.0,1.0
cifar100_proser_fedavg__split08__seed4__d0.5,cifar100,d0.5,0.5,proser_fedavg,0.2,5,12,0.05,0.05,0.0008333333333333334,0.004166666666666667,0.39305660102032147,0,0,0,delta_c/(M J) -> delta_c/M,0,,,,0.0,,0,,,,0.0,,0.39305660102032147,0,0->0,1,1.0,1.0,1.0
cifar100_proser_fedavg__split08__seed4__d0.5,cifar100,d0.5,0.5,proser_fedavg,0.25,5,12,0.05,0.05,0.0008333333333333334,0.004166666666666667,0.11999536743632454,0,0,0,delta_c/(M J) -> delta_c/M,0,,,,0.0,,0,,,,0.0,,0.11999536743632454,0,0->0,1,1.0,1.0,1.0
cifar100_proser_fedavg__split08__seed4__d0.5,cifar100,d0.5,0.5,proser_fedavg,0.3,5,12,0.05,0.05,0.0008333333333333334,0.004166666666666667,0.011754961971192694,0,0,0,delta_c/(M J) -> delta_c/M,0,,,,0.0,,0,,,,0.0,,0.011754961971192694,0,0->0,1,1.0,1.0,1.0
cifar100_proser_fedavg__split08__seed4__d5.0,cifar100,d5,5.0,proser_fedavg,0.05,5,12,0.05,0.05,0.0008333333333333334,0.004166666666666667,0.9774075,0,0,0,delta_c/(M J) -> delta_c/M,0,,,,0.0,,0,,,,0.0,,0.9774075,0,0->0,1,1.0,1.0,1.0
cifar100_proser_fedavg__split08__seed4__d5.0,cifar100,d5,5.0,proser_fedavg,0.1,5,12,0.05,0.05,0.0008333333333333334,0.004166666666666667,0.8280721029335442,0,0,0,delta_c/(M J) -> delta_c/M,0,,,,0.0,,0,,,,0.0,,0.8280721029335442,0,0->0,1,1.0,1.0,1.0
cifar100_proser_fedavg__split08__seed4__d5.0,cifar100,d5,5.0,proser_fedavg,0.15,5,12,0.05,0.05,0.0008333333333333334,0.004166666666666667,0.45651257747713936,0,0,0,delta_c/(M J) -> delta_c/M,0,,,,0.0,,0,,,,0.0,,0.45651257747713936,0,0->0,1,1.0,1.0,1.0
cifar100_proser_fedavg__split08__seed4__d5.0,cifar100,d5,5.0,proser_fedavg,0.2,5,12,0.05,0.05,0.0008333333333333334,0.004166666666666667,0.09539021076998783,0,0,0,delta_c/(M J) -> delta_c/M,0,,,,0.0,,0,,,,0.0,,0.09539021076998783,0,0->0,1,1.0,1.0,1.0
cifar100_proser_fedavg__split08__seed4__d5.0,cifar100,d5,5.0,proser_fedavg,0.25,5,12,0.05,0.05,0.0008333333333333334,0.004166666666666667,0.016679395954914814,0,0,0,delta_c/(M J) -> delta_c/M,0,,,,0.0,,0,,,,0.0,,0.016679395954914814,0,0->0,1,1.0,1.0,1.0
cifar100_proser_fedavg__split08__seed4__d5.0,cifar100,d5,5.0,proser_fedavg,0.3,5,12,0.05,0.05,0.0008333333333333334,0.004166666666666667,0.0012499486812546185,2,2,2,delta_c/(M J) -> delta_c/M,1,1.0,proser,0.5,0.13796117064223237,0.0012499486812546185,1,1.0,proser,0.5,0.14542463675116588,0.0012499486812546185,0.0012499486812546185,0,1->1,1,1.0,1.0,1.0
cifar100_proser_fedavg__split09__seed0__d0.1,cifar100,d0.1,0.1,proser_fedavg,0.05,5,12,0.05,0.05,0.0008333333333333334,0.004166666666666667,0.7737809375,0,0,0,delta_c/(M J) -> delta_c/M,0,,,,0.0,,0,,,,0.0,,0.7737809375,0,0->0,1,1.0,1.0,1.0
cifar100_proser_fedavg__split09__seed0__d0.1,cifar100,d0.1,0.1,proser_fedavg,0.1,5,12,0.05,0.05,0.0008333333333333334,0.004166666666666667,0.7892493396961544,0,0,0,delta_c/(M J) -> delta_c/M,0,,,,0.0,,0,,,,0.0,,0.7892493396961544,0,0->0,1,1.0,1.0,1.0
cifar100_proser_fedavg__split09__seed0__d0.1,cifar100,d0.1,0.1,proser_fedavg,0.15,5,12,0.05,0.05,0.0008333333333333334,0.004166666666666667,0.4854169765871945,0,0,0,delta_c/(M J) -> delta_c/M,0,,,,0.0,,0,,,,0.0,,0.4854169765871945,0,0->0,1,1.0,1.0,1.0
cifar100_proser_fedavg__split09__seed0__d0.1,cifar100,d0.1,0.1,proser_fedavg,0.2,5,12,0.05,0.05,0.0008333333333333334,0.004166666666666667,0.273328791223238,0,0,0,delta_c/(M J) -> delta_c/M,0,,,,0.0,,0,,,,0.0,,0.273328791223238,0,0->0,1,1.0,1.0,1.0
cifar100_proser_fedavg__split09__seed0__d0.1,cifar100,d0.1,0.1,proser_fedavg,0.25,5,12,0.05,0.05,0.0008333333333333334,0.004166666666666667,0.03917935056176544,0,0,0,delta_c/(M J) -> delta_c/M,0,,,,0.0,,0,,,,0.0,,0.03917935056176544,0,0->0,1,1.0,1.0,1.0
cifar100_proser_fedavg__split09__seed0__d0.1,cifar100,d0.1,0.1,proser_fedavg,0.3,5,12,0.05,0.05,0.0008333333333333334,0.004166666666666667,0.0029927082177823557,1,1,1,delta_c/(M J) -> delta_c/M,1,1.0,proser,0.5,0.07181215142826852,0.0029927082177823557,1,1.0,proser,0.5,0.07730550792030834,0.0029927082177823557,0.0029927082177823557,0,1->1,1,1.0,1.0,1.0
cifar100_proser_fedavg__split09__seed0__d0.5,cifar100,d0.5,0.5,proser_fedavg,0.05,5,12,0.05,0.05,0.0008333333333333334,0.004166666666666667,0.881640143028513,0,0,0,delta_c/(M J) -> delta_c/M,0,,,,0.0,,0,,,,0.0,,0.881640143028513,0,0->0,1,1.0,1.0,1.0
cifar100_proser_fedavg__split09__seed0__d0.5,cifar100,d0.5,0.5,proser_fedavg,0.1,5,12,0.05,0.05,0.0008333333333333334,0.004166666666666667,0.5878959329928368,0,0,0,delta_c/(M J) -> delta_c/M,0,,,,0.0,,0,,,,0.0,,0.5878959329928368,0,0->0,1,1.0,1.0,1.0
cifar100_proser_fedavg__split09__seed0__d0.5,cifar100,d0.5,0.5,proser_fedavg,0.15,5,12,0.05,0.05,0.0008333333333333334,0.004166666666666667,0.24334726978256155,0,0,0,delta_c/(M J) -> delta_c/M,0,,,,0.0,,0,,,,0.0,,0.24334726978256155,0,0->0,1,1.0,1.0,1.0
cifar100_proser_fedavg__split09__seed0__d0.5,cifar100,d0.5,0.5,proser_fedavg,0.2,5,12,0.05,0.05,0.0008333333333333334,0.004166666666666667,0.06821308105610421,0,0,0,delta_c/(M J) -> delta_c/M,0,,,,0.0,,0,,,,0.0,,0.06821308105610421,0,0->0,1,1.0,1.0,1.0
cifar100_proser_fedavg__split09__seed0__d0.5,cifar100,d0.5,0.5,proser_fedavg,0.25,5,12,0.05,0.05,0.0008333333333333334,0.004166666666666667,0.005518324082670902,0,0,0,delta_c/(M J) -> delta_c/M,0,,,,0.0,,0,,,,0.0,,0.005518324082670902,0,0->0,1,1.0,1.0,1.0
cifar100_proser_fedavg__split09__seed0__d0.5,cifar100,d0.5,0.5,proser_fedavg,0.3,5,12,0.05,0.05,0.0008333333333333334,0.004166666666666667,0.0006318608807498821,6,6,6,delta_c/(M J) -> delta_c/M,1,2.0,proser,0.7,0.21664275072322942,0.0065441310728609325,1,2.0,proser,0.7,0.2256526695418269,0.0065441310728609325,0.0065441310728609325,0,1->1,1,1.0,1.0,1.0
cifar100_proser_fedavg__split09__seed0__d5.0,cifar100,d5,5.0,proser_fedavg,0.05,5,12,0.05,0.05,0.0008333333333333334,0.004166666666666667,0.6351552698034528,0,0,0,delta_c/(M J) -> delta_c/M,0,,,,0.0,,0,,,,0.0,,0.6351552698034528,0,0->0,1,1.0,1.0,1.0
cifar100_proser_fedavg__split09__seed0__d5.0,cifar100,d5,5.0,proser_fedavg,0.1,5,12,0.05,0.05,0.0008333333333333334,0.004166666666666667,0.23643739099261196,0,0,0,delta_c/(M J) -> delta_c/M,0,,,,0.0,,0,,,,0.0,,0.23643739099261196,0,0->0,1,1.0,1.0,1.0
cifar100_proser_fedavg__split09__seed0__d5.0,cifar100,d5,5.0,proser_fedavg,0.15,5,12,0.05,0.05,0.0008333333333333334,0.004166666666666667,0.06360536463191363,0,0,0,delta_c/(M J) -> delta_c/M,0,,,,0.0,,0,,,,0.0,,0.06360536463191363,0,0->0,1,1.0,1.0,1.0
cifar100_proser_fedavg__split09__seed0__d5.0,cifar100,d5,5.0,proser_fedavg,0.2,5,12,0.05,0.05,0.0008333333333333334,0.004166666666666667,0.00315434967994274,2,2,2,delta_c/(M J) -> delta_c/M,1,1.0,proser,0.5,0.1243814398386118,0.004012899238082166,1,1.0,proser,0.5,0.1315056998250879,0.004012899238082166,0.004012899238082166,0,1->1,1,1.0,1.0,1.0
cifar100_proser_fedavg__split09__seed0__d5.0,cifar100,d5,5.0,proser_fedavg,0.25,5,12,0.05,0.05,0.0008333333333333334,0.004166666666666667,0.00016419203525128758,6,6,6,delta_c/(M J) -> delta_c/M,1,9.0,margin,0.5,0.15858753442168752,0.0032202302647110345,1,9.0,margin,0.5,0.16651941981501164,0.0032202302647110345,0.0032202302647110345,0,1->1,1,1.0,1.0,1.0
cifar100_proser_fedavg__split09__seed0__d5.0,cifar100,d5,5.0,proser_fedavg,0.3,5,12,0.05,0.05,0.0008333333333333334,0.004166666666666667,2.197219785637314e-06,6,6,6,delta_c/(M J) -> delta_c/M,1,9.0,margin,0.5,0.18827126215458137,0.0002854647299642062,1,9.0,margin,0.5,0.19679377563164985,0.0002854647299642062,0.0002854647299642062,0,1->1,1,1.0,1.0,1.0
cifar100_proser_fedavg__split09__seed1__d0.1,cifar100,d0.1,0.1,proser_fedavg,0.05,5,12,0.05,0.05,0.0008333333333333334,0.004166666666666667,0.9774075,0,0,0,delta_c/(M J) -> delta_c/M,0,,,,0.0,,0,,,,0.0,,0.9774075,0,0->0,1,1.0,1.0,1.0
cifar100_proser_fedavg__split09__seed1__d0.1,cifar100,d0.1,0.1,proser_fedavg,0.1,5,12,0.05,0.05,0.0008333333333333334,0.004166666666666667,0.8661172452084,0,0,0,delta_c/(M J) -> delta_c/M,0,,,,0.0,,0,,,,0.0,,0.8661172452084,0,0->0,1,1.0,1.0,1.0
cifar100_proser_fedavg__split09__seed1__d0.1,cifar100,d0.1,0.1,proser_fedavg,0.15,5,12,0.05,0.05,0.0008333333333333334,0.004166666666666667,0.6113008397343133,0,0,0,delta_c/(M J) -> delta_c/M,0,,,,0.0,,0,,,,0.0,,0.6113008397343133,0,0->0,1,1.0,1.0,1.0
cifar100_proser_fedavg__split09__seed1__d0.1,cifar100,d0.1,0.1,proser_fedavg,0.2,5,12,0.05,0.05,0.0008333333333333334,0.004166666666666667,0.4550887423457882,0,0,0,delta_c/(M J) -> delta_c/M,0,,,,0.0,,0,,,,0.0,,0.4550887423457882,0,0->0,1,1.0,1.0,1.0
cifar100_proser_fedavg__split09__seed1__d0.1,cifar100,d0.1,0.1,proser_fedavg,0.25,5,12,0.05,0.05,0.0008333333333333334,0.004166666666666667,0.296061187219686,0,0,0,delta_c/(M J) -> delta_c/M,0,,,,0.0,,0,,,,0.0,,0.296061187219686,0,0->0,1,1.0,1.0,1.0
cifar100_proser_fedavg__split09__seed1__d0.1,cifar100,d0.1,0.1,proser_fedavg,0.3,5,12,0.05,0.05,0.0008333333333333334,0.004166666666666667,0.09318039804521538,0,0,0,delta_c/(M J) -> delta_c/M,0,,,,0.0,,0,,,,0.0,,0.09318039804521538,0,0->0,1,1.0,1.0,1.0
cifar100_proser_fedavg__split09__seed1__d0.5,cifar100,d0.5,0.5,proser_fedavg,0.05,5,12,0.05,0.05,0.0008333333333333334,0.004166666666666667,0.8708623760236195,0,0,0,delta_c/(M J) -> delta_c/M,0,,,,0.0,,0,,,,0.0,,0.8708623760236195,0,0->0,1,1.0,1.0,1.0
cifar100_proser_fedavg__split09__seed1__d0.5,cifar100,d0.5,0.5,proser_fedavg,0.1,5,12,0.05,0.05,0.0008333333333333334,0.004166666666666667,0.36668351908062047,0,0,0,delta_c/(M J) -> delta_c/M,0,,,,0.0,,0,,,,0.0,,0.36668351908062047,0,0->0,1,1.0,1.0,1.0
cifar100_proser_fedavg__split09__seed1__d0.5,cifar100,d0.5,0.5,proser_fedavg,0.15,5,12,0.05,0.05,0.0008333333333333334,0.004166666666666667,0.29978768230051167,0,0,0,delta_c/(M J) -> delta_c/M,0,,,,0.0,,0,,,,0.0,,0.29978768230051167,0,0->0,1,1.0,1.0,1.0
cifar100_proser_fedavg__split09__seed1__d0.5,cifar100,d0.5,0.5,proser_fedavg,0.2,5,12,0.05,0.05,0.0008333333333333334,0.004166666666666667,0.10309555453285166,0,0,0,delta_c/(M J) -> delta_c/M,0,,,,0.0,,0,,,,0.0,,0.10309555453285166,0,0->0,1,1.0,1.0,1.0
cifar100_proser_fedavg__split09__seed1__d0.5,cifar100,d0.5,0.5,proser_fedavg,0.25,5,12,0.05,0.05,0.0008333333333333334,0.004166666666666667,0.03783690667959803,0,0,0,delta_c/(M J) -> delta_c/M,0,,,,0.0,,0,,,,0.0,,0.03783690667959803,0,0->0,1,1.0,1.0,1.0
cifar100_proser_fedavg__split09__seed1__d0.5,cifar100,d0.5,0.5,proser_fedavg,0.3,5,12,0.05,0.05,0.0008333333333333334,0.004166666666666667,0.0015991486610041207,1,1,1,delta_c/(M J) -> delta_c/M,1,8.0,margin,0.3,0.1243814398386118,0.0015991486610041207,1,8.0,margin,0.3,0.1315056998250879,0.0015991486610041207,0.0015991486610041207,0,1->1,1,1.0,1.0,1.0
cifar100_proser_fedavg__split09__seed1__d5.0,cifar100,d5,5.0,proser_fedavg,0.05,5,12,0.05,0.05,0.0008333333333333334,0.004166666666666667,0.6981513338906363,0,0,0,delta_c/(M J) -> delta_c/M,0,,,,0.0,,0,,,,0.0,,0.6981513338906363,0,0->0,1,1.0,1.0,1.0
cifar100_proser_fedavg__split09__seed1__d5.0,cifar100,d5,5.0,proser_fedavg,0.1,5,12,0.05,0.05,0.0008333333333333334,0.004166666666666667,0.22046890416045228,0,0,0,delta_c/(M J) -> delta_c/M,0,,,,0.0,,0,,,,0.0,,0.22046890416045228,0,0->0,1,1.0,1.0,1.0
cifar100_proser_fedavg__split09__seed1__d5.0,cifar100,d5,5.0,proser_fedavg,0.15,5,12,0.05,0.05,0.0008333333333333334,0.004166666666666667,0.03695209767260532,0,0,0,delta_c/(M J) -> delta_c/M,0,,,,0.0,,0,,,,0.0,,0.03695209767260532,0,0->0,1,1.0,1.0,1.0
cifar100_proser_fedavg__split09__seed1__d5.0,cifar100,d5,5.0,proser_fedavg,0.2,5,12,0.05,0.05,0.0008333333333333334,0.004166666666666667,0.0033487661544630643,1,1,1,delta_c/(M J) -> delta_c/M,1,8.0,margin,0.3,0.07819710214775348,0.0033487661544630643,1,8.0,margin,0.3,0.083923384581486,0.0033487661544630643,0.0033487661544630643,0,1->1,1,1.0,1.0,1.0
cifar100_proser_fedavg__split09__seed1__d5.0,cifar100,d5,5.0,proser_fedavg,0.25,5,12,0.05,0.05,0.0008333333333333334,0.004166666666666667,0.0010783190505608878,2,2,2,delta_c/(M J) -> delta_c/M,1,0.0,proser,0.3,0.1210098743152054,0.0012059219576681913,1,0.0,proser,0.3,0.12804566180103333,0.0012059219576681913,0.0012059219576681913,0,1->1,1,1.0,1.0,1.0
cifar100_proser_fedavg__split09__seed1__d5.0,cifar100,d5,5.0,proser_fedavg,0.3,5,12,0.05,0.05,0.0008333333333333334,0.004166666666666667,1.4819573589483329e-05,2,2,2,delta_c/(M J) -> delta_c/M,1,0.0,proser,0.3,0.12945668783913492,0.0002446271087385177,1,0.0,proser,0.3,0.13671084543802253,0.0002446271087385177,0.0002446271087385177,0,1->1,1,1.0,1.0,1.0
cifar100_proser_fedavg__split09__seed2__d0.1,cifar100,d0.1,0.1,proser_fedavg,0.05,5,12,0.05,0.05,0.0008333333333333334,0.004166666666666667,0.98598125,0,0,0,delta_c/(M J) -> delta_c/M,0,,,,0.0,,0,,,,0.0,,0.98598125,0,0->0,1,1.0,1.0,1.0
cifar100_proser_fedavg__split09__seed2__d0.1,cifar100,d0.1,0.1,proser_fedavg,0.1,5,12,0.05,0.05,0.0008333333333333334,0.004166666666666667,0.7885017113006725,0,0,0,delta_c/(M J) -> delta_c/M,0,,,,0.0,,0,,,,0.0,,0.7885017113006725,0,0->0,1,1.0,1.0,1.0
cifar100_proser_fedavg__split09__seed2__d0.1,cifar100,d0.1,0.1,proser_fedavg,0.15,5,12,0.05,0.05,0.0008333333333333334,0.004166666666666667,0.2798275838765518,0,0,0,delta_c/(M J) -> delta_c/M,0,,,,0.0,,0,,,,0.0,,0.2798275838765518,0,0->0,1,1.0,1.0,1.0
cifar100_proser_fedavg__split09__seed2__d0.1,cifar100,d0.1,0.1,proser_fedavg,0.2,5,12,0.05,0.05,0.0008333333333333334,0.004166666666666667,0.20438390048601662,0,0,0,delta_c/(M J) -> delta_c/M,0,,,,0.0,,0,,,,0.0,,0.20438390048601662,0,0->0,1,1.0,1.0,1.0
cifar100_proser_fedavg__split09__seed2__d0.1,cifar100,d0.1,0.1,proser_fedavg,0.25,5,12,0.05,0.05,0.0008333333333333334,0.004166666666666667,0.03980118734294891,0,0,0,delta_c/(M J) -> delta_c/M,0,,,,0.0,,0,,,,0.0,,0.03980118734294891,0,0->0,1,1.0,1.0,1.0
cifar100_proser_fedavg__split09__seed2__d0.1,cifar100,d0.1,0.1,proser_fedavg,0.3,5,12,0.05,0.05,0.0008333333333333334,0.004166666666666667,0.03015494310208929,0,0,0,delta_c/(M J) -> delta_c/M,0,,,,0.0,,0,,,,0.0,,0.03015494310208929,0,0->0,1,1.0,1.0,1.0
cifar100_proser_fedavg__split09__seed2__d0.5,cifar100,d0.5,0.5,proser_fedavg,0.05,5,12,0.05,0.05,0.0008333333333333334,0.004166666666666667,0.9025,0,0,0,delta_c/(M J) -> delta_c/M,0,,,,0.0,,0,,,,0.0,,0.9025,0,0->0,1,1.0,1.0,1.0
cifar100_proser_fedavg__split09__seed2__d0.5,cifar100,d0.5,0.5,proser_fedavg,0.1,5,12,0.05,0.05,0.0008333333333333334,0.004166666666666667,0.8099999999999999,0,0,0,delta_c/(M J) -> delta_c/M,0,,,,0.0,,0,,,,0.0,,0.8099999999999999,0,0->0,1,1.0,1.0,1.0
cifar100_proser_fedavg__split09__seed2__d0.5,cifar100,d0.5,0.5,proser_fedavg,0.15,5,12,0.05,0.05,0.0008333333333333334,0.004166666666666667,0.4210659526738507,0,0,0,delta_c/(M J) -> delta_c/M,0,,,,0.0,,0,,,,0.0,,0.4210659526738507,0,0->0,1,1.0,1.0,1.0
cifar100_proser_fedavg__split09__seed2__d0.5,cifar100,d0.5,0.5,proser_fedavg,0.2,5,12,0.05,0.05,0.0008333333333333334,0.004166666666666667,0.1775276654141294,0,0,0,delta_c/(M J) -> delta_c/M,0,,,,0.0,,0,,,,0.0,,0.1775276654141294,0,0->0,1,1.0,1.0,1.0
cifar100_proser_fedavg__split09__seed2__d0.5,cifar100,d0.5,0.5,proser_fedavg,0.25,5,12,0.05,0.05,0.0008333333333333334,0.004166666666666667,0.01366132282423726,0,0,0,delta_c/(M J) -> delta_c/M,0,,,,0.0,,0,,,,0.0,,0.01366132282423726,0,0->0,1,1.0,1.0,1.0
cifar100_proser_fedavg__split09__seed2__d0.5,cifar100,d0.5,0.5,proser_fedavg,0.3,5,12,0.05,0.05,0.0008333333333333334,0.004166666666666667,0.0012207473577838042,3,3,3,delta_c/(M J) -> delta_c/M,1,9.0,margin,0.5,0.1499578732212252,0.0012207473577838042,1,9.0,margin,0.5,0.15770014800815232,0.0012207473577838042,0.0012207473577838042,0,1->1,1,1.0,1.0,1.0
cifar100_proser_fedavg__split09__seed2__d5.0,cifar100,d5,5.0,proser_fedavg,0.05,5,12,0.05,0.05,0.0008333333333333334,0.004166666666666667,0.7320780741559016,0,0,0,delta_c/(M J) -> delta_c/M,0,,,,0.0,,0,,,,0.0,,0.7320780741559016,0,0->0,1,1.0,1.0,1.0
cifar100_proser_fedavg__split09__seed2__d5.0,cifar100,d5,5.0,proser_fedavg,0.1,5,12,0.05,0.05,0.0008333333333333334,0.004166666666666667,0.3451482740964763,0,0,0,delta_c/(M J) -> delta_c/M,0,,,,0.0,,0,,,,0.0,,0.3451482740964763,0,0->0,1,1.0,1.0,1.0
cifar100_proser_fedavg__split09__seed2__d5.0,cifar100,d5,5.0,proser_fedavg,0.15,5,12,0.05,0.05,0.0008333333333333334,0.004166666666666667,0.09899063006112321,0,0,0,delta_c/(M J) -> delta_c/M,0,,,,0.0,,0,,,,0.0,,0.09899063006112321,0,0->0,1,1.0,1.0,1.0
cifar100_proser_fedavg__split09__seed2__d5.0,cifar100,d5,5.0,proser_fedavg,0.2,5,12,0.05,0.05,0.0008333333333333334,0.004166666666666667,0.006331108172786504,0,0,0,delta_c/(M J) -> delta_c/M,0,,,,0.0,,0,,,,0.0,,0.006331108172786504,0,0->0,1,1.0,1.0,1.0
cifar100_proser_fedavg__split09__seed2__d5.0,cifar100,d5,5.0,proser_fedavg,0.25,5,12,0.05,0.05,0.0008333333333333334,0.004166666666666667,0.0006552383136480878,3,3,3,delta_c/(M J) -> delta_c/M,1,9.0,margin,0.5,0.15340387281903298,0.00478024396550544,1,9.0,margin,0.5,0.16122291557743426,0.00478024396550544,0.00478024396550544,0,1->1,1,1.0,1.0,1.0
cifar100_proser_fedavg__split09__seed2__d5.0,cifar100,d5,5.0,proser_fedavg,0.3,5,12,0.05,0.05,0.0008333333333333334,0.004166666666666667,3.9134370419758894e-05,8,8,8,delta_c/(M J) -> delta_c/M,1,2.0,proser,0.7,0.2653479920261426,0.003676050780652581,1,2.0,proser,0.7,0.2750494568537264,0.003676050780652581,0.003676050780652581,0,1->1,1,1.0,1.0,1.0
cifar100_proser_fedavg__split09__seed3__d0.1,cifar100,d0.1,0.1,proser_fedavg,0.05,5,12,0.05,0.05,0.0008333333333333334,0.004166666666666667,0.9754921582541288,0,0,0,delta_c/(M J) -> delta_c/M,0,,,,0.0,,0,,,,0.0,,0.9754921582541288,0,0->0,1,1.0,1.0,1.0
cifar100_proser_fedavg__split09__seed3__d0.1,cifar100,d0.1,0.1,proser_fedavg,0.1,5,12,0.05,0.05,0.0008333333333333334,0.004166666666666667,0.5105052356919835,0,0,0,delta_c/(M J) -> delta_c/M,0,,,,0.0,,0,,,,0.0,,0.5105052356919835,0,0->0,1,1.0,1.0,1.0
cifar100_proser_fedavg__split09__seed3__d0.1,cifar100,d0.1,0.1,proser_fedavg,0.15,5,12,0.05,0.05,0.0008333333333333334,0.004166666666666667,0.2296413433206584,0,0,0,delta_c/(M J) -> delta_c/M,0,,,,0.0,,0,,,,0.0,,0.2296413433206584,0,0->0,1,1.0,1.0,1.0
cifar100_proser_fedavg__split09__seed3__d0.1,cifar100,d0.1,0.1,proser_fedavg,0.2,5,12,0.05,0.05,0.0008333333333333334,0.004166666666666667,0.3158911049426473,0,0,0,delta_c/(M J) -> delta_c/M,0,,,,0.0,,0,,,,0.0,,0.3158911049426473,0,0->0,1,1.0,1.0,1.0
cifar100_proser_fedavg__split09__seed3__d0.1,cifar100,d0.1,0.1,proser_fedavg,0.25,5,12,0.05,0.05,0.0008333333333333334,0.004166666666666667,0.025837325396998345,0,0,0,delta_c/(M J) -> delta_c/M,0,,,,0.0,,0,,,,0.0,,0.025837325396998345,0,0->0,1,1.0,1.0,1.0
cifar100_proser_fedavg__split09__seed3__d0.1,cifar100,d0.1,0.1,proser_fedavg,0.3,5,12,0.05,0.05,0.0008333333333333334,0.004166666666666667,0.015928963416961504,0,0,0,delta_c/(M J) -> delta_c/M,0,,,,0.0,,0,,,,0.0,,0.015928963416961504,0,0->0,1,1.0,1.0,1.0
cifar100_proser_fedavg__split09__seed3__d0.5,cifar100,d0.5,0.5,proser_fedavg,0.05,5,12,0.05,0.05,0.0008333333333333334,0.004166666666666667,0.5199624056517671,0,0,0,delta_c/(M J) -> delta_c/M,0,,,,0.0,,0,,,,0.0,,0.5199624056517671,0,0->0,1,1.0,1.0,1.0
cifar100_proser_fedavg__split09__seed3__d0.5,cifar100,d0.5,0.5,proser_fedavg,0.1,5,12,0.05,0.05,0.0008333333333333334,0.004166666666666667,0.28786288307422303,0,0,0,delta_c/(M J) -> delta_c/M,0,,,,0.0,,0,,,,0.0,,0.28786288307422303,0,0->0,1,1.0,1.0,1.0
cifar100_proser_fedavg__split09__seed3__d0.5,cifar100,d0.5,0.5,proser_fedavg,0.15,5,12,0.05,0.05,0.0008333333333333334,0.004166666666666667,0.03197669808196532,0,0,0,delta_c/(M J) -> delta_c/M,0,,,,0.0,,0,,,,0.0,,0.03197669808196532,0,0->0,1,1.0,1.0,1.0
cifar100_proser_fedavg__split09__seed3__d0.5,cifar100,d0.5,0.5,proser_fedavg,0.2,5,12,0.05,0.05,0.0008333333333333334,0.004166666666666667,0.01602310358688485,0,0,0,delta_c/(M J) -> delta_c/M,0,,,,0.0,,0,,,,0.0,,0.01602310358688485,0,0->0,1,1.0,1.0,1.0
cifar100_proser_fedavg__split09__seed3__d0.5,cifar100,d0.5,0.5,proser_fedavg,0.25,5,12,0.05,0.05,0.0008333333333333334,0.004166666666666667,0.0007882451684088253,1,1,1,delta_c/(M J) -> delta_c/M,1,8.0,margin,0.3,0.05770140119270667,0.0007882451684088253,1,8.0,margin,0.3,0.0626310549926967,0.0007882451684088253,0.0007882451684088253,0,1->1,1,1.0,1.0,1.0
cifar100_proser_fedavg__split09__seed3__d0.5,cifar100,d0.5,0.5,proser_fedavg,0.3,5,12,0.05,0.05,0.0008333333333333334,0.004166666666666667,0.0003371860330977412,3,3,3,delta_c/(M J) -> delta_c/M,1,5.0,energy,0.5,0.13625583189029453,0.0022644030878344883,1,5.0,energy,0.5,0.14367813470053795,0.0022644030878344883,0.0022644030878344883,0,1->1,1,1.0,1.0,1.0
cifar100_proser_fedavg__split09__seed3__d5.0,cifar100,d5,5.0,proser_fedavg,0.05,5,12,0.05,0.05,0.0008333333333333334,0.004166666666666667,0.7547072050706155,0,0,0,delta_c/(M J) -> delta_c/M,0,,,,0.0,,0,,,,0.0,,0.7547072050706155,0,0->0,1,1.0,1.0,1.0
cifar100_proser_fedavg__split09__seed3__d5.0,cifar100,d5,5.0,proser_fedavg,0.1,5,12,0.05,0.05,0.0008333333333333334,0.004166666666666667,0.2536697788760154,0,0,0,delta_c/(M J) -> delta_c/M,0,,,,0.0,,0,,,,0.0,,0.2536697788760154,0,0->0,1,1.0,1.0,1.0
cifar100_proser_fedavg__split09__seed3__d5.0,cifar100,d5,5.0,proser_fedavg,0.15,5,12,0.05,0.05,0.0008333333333333334,0.004166666666666667,0.041267869548618934,0,0,0,delta_c/(M J) -> delta_c/M,0,,,,0.0,,0,,,,0.0,,0.041267869548618934,0,0->0,1,1.0,1.0,1.0
cifar100_proser_fedavg__split09__seed3__d5.0,cifar100,d5,5.0,proser_fedavg,0.2,5,12,0.05,0.05,0.0008333333333333334,0.004166666666666667,0.0017447518128594112,1,1,1,delta_c/(M J) -> delta_c/M,1,8.0,margin,0.3,0.07980312753011055,0.0017447518128594112,1,8.0,margin,0.3,0.08558611885182409,0.0017447518128594112,0.0017447518128594112,0,1->1,1,1.0,1.0,1.0
cifar100_proser_fedavg__split09__seed3__d5.0,cifar100,d5,5.0,proser_fedavg,0.25,5,12,0.05,0.05,0.0008333333333333334,0.004166666666666667,0.00019169050921034856,5,5,5,delta_c/(M J) -> delta_c/M,1,9.0,margin,0.5,0.17074847652977038,0.0028387891463390845,1,9.0,margin,0.5,0.17893330314151554,0.0028387891463390845,0.0028387891463390845,0,1->1,1,1.0,1.0,1.0
cifar100_proser_fedavg__split09__seed3__d5.0,cifar100,d5,5.0,proser_fedavg,0.3,5,12,0.05,0.05,0.0008333333333333334,0.004166666666666667,2.586793191295647e-06,7,7,7,delta_c/(M J) -> delta_c/M,1,2.0,proser,0.7,0.2653479920261426,0.0028578881578126742,1,2.0,proser,0.7,0.2750494568537264,0.0028578881578126742,0.0028578881578126742,0,1->1,1,1.0,1.0,1.0
cifar100_proser_fedavg__split09__seed4__d0.1,cifar100,d0.1,0.1,proser_fedavg,0.05,5,12,0.05,0.05,0.0008333333333333334,0.004166666666666667,0.9804317380028454,0,0,0,delta_c/(M J) -> delta_c/M,0,,,,0.0,,0,,,,0.0,,0.9804317380028454,0,0->0,1,1.0,1.0,1.0
cifar100_proser_fedavg__split09__seed4__d0.1,cifar100,d0.1,0.1,proser_fedavg,0.1,5,12,0.05,0.05,0.0008333333333333334,0.004166666666666667,0.659002251789,0,0,0,delta_c/(M J) -> delta_c/M,0,,,,0.0,,0,,,,0.0,,0.659002251789,0,0->0,1,1.0,1.0,1.0
cifar100_proser_fedavg__split09__seed4__d0.1,cifar100,d0.1,0.1,proser_fedavg,0.15,5,12,0.05,0.05,0.0008333333333333334,0.004166666666666667,0.44345959577747796,0,0,0,delta_c/(M J) -> delta_c/M,0,,,,0.0,,0,,,,0.0,,0.44345959577747796,0,0->0,1,1.0,1.0,1.0
cifar100_proser_fedavg__split09__seed4__d0.1,cifar100,d0.1,0.1,proser_fedavg,0.2,5,12,0.05,0.05,0.0008333333333333334,0.004166666666666667,0.2552332547403194,0,0,0,delta_c/(M J) -> delta_c/M,0,,,,0.0,,0,,,,0.0,,0.2552332547403194,0,0->0,1,1.0,1.0,1.0
cifar100_proser_fedavg__split09__seed4__d0.1,cifar100,d0.1,0.1,proser_fedavg,0.25,5,12,0.05,0.05,0.0008333333333333334,0.004166666666666667,0.0915972588310055,0,0,0,delta_c/(M J) -> delta_c/M,0,,,,0.0,,0,,,,0.0,,0.0915972588310055,0,0->0,1,1.0,1.0,1.0
cifar100_proser_fedavg__split09__seed4__d0.1,cifar100,d0.1,0.1,proser_fedavg,0.3,5,12,0.05,0.05,0.0008333333333333334,0.004166666666666667,0.020130025667951707,0,0,0,delta_c/(M J) -> delta_c/M,0,,,,0.0,,0,,,,0.0,,0.020130025667951707,0,0->0,1,1.0,1.0,1.0
cifar100_proser_fedavg__split09__seed4__d0.5,cifar100,d0.5,0.5,proser_fedavg,0.05,5,12,0.05,0.05,0.0008333333333333334,0.004166666666666667,0.8373351001648967,0,0,0,delta_c/(M J) -> delta_c/M,0,,,,0.0,,0,,,,0.0,,0.8373351001648967,0,0->0,1,1.0,1.0,1.0
cifar100_proser_fedavg__split09__seed4__d0.5,cifar100,d0.5,0.5,proser_fedavg,0.1,5,12,0.05,0.05,0.0008333333333333334,0.004166666666666667,0.40309840021764254,0,0,0,delta_c/(M J) -> delta_c/M,0,,,,0.0,,0,,,,0.0,,0.40309840021764254,0,0->0,1,1.0,1.0,1.0
cifar100_proser_fedavg__split09__seed4__d0.5,cifar100,d0.5,0.5,proser_fedavg,0.15,5,12,0.05,0.05,0.0008333333333333334,0.004166666666666667,0.11793324725358802,0,0,0,delta_c/(M J) -> delta_c/M,0,,,,0.0,,0,,,,0.0,,0.11793324725358802,0,0->0,1,1.0,1.0,1.0
cifar100_proser_fedavg__split09__seed4__d0.5,cifar100,d0.5,0.5,proser_fedavg,0.2,5,12,0.05,0.05,0.0008333333333333334,0.004166666666666667,0.029173352883929173,0,0,0,delta_c/(M J) -> delta_c/M,0,,,,0.0,,0,,,,0.0,,0.029173352883929173,0,0->0,1,1.0,1.0,1.0
cifar100_proser_fedavg__split09__seed4__d0.5,cifar100,d0.5,0.5,proser_fedavg,0.25,5,12,0.05,0.05,0.0008333333333333334,0.004166666666666667,0.0033594308396803314,1,1,1,delta_c/(M J) -> delta_c/M,1,8.0,margin,0.3,0.09441757196308964,0.0033594308396803314,1,8.0,margin,0.3,0.10068596701936973,0.0033594308396803314,0.0033594308396803314,0,1->1,1,1.0,1.0,1.0
cifar100_proser_fedavg__split09__seed4__d0.5,cifar100,d0.5,0.5,proser_fedavg,0.3,5,12,0.05,0.05,0.0008333333333333334,0.004166666666666667,0.0010025855697574624,5,5,5,delta_c/(M J) -> delta_c/M,1,9.0,margin,0.5,0.17423929549888237,0.001257688415598767,1,9.0,margin,0.5,0.18249382681484083,0.001257688415598767,0.001257688415598767,0,1->1,1,1.0,1.0,1.0
cifar100_proser_fedavg__split09__seed4__d5.0,cifar100,d5,5.0,proser_fedavg,0.05,5,12,0.05,0.05,0.0008333333333333334,0.004166666666666667,0.8234890320486329,0,0,0,delta_c/(M J) -> delta_c/M,0,,,,0.0,,0,,,,0.0,,0.8234890320486329,0,0->0,1,1.0,1.0,1.0
cifar100_proser_fedavg__split09__seed4__d5.0,cifar100,d5,5.0,proser_fedavg,0.1,5,12,0.05,0.05,0.0008333333333333334,0.004166666666666667,0.2848088925097666,0,0,0,delta_c/(M J) -> delta_c/M,0,,,,0.0,,0,,,,0.0,,0.2848088925097666,0,0->0,1,1.0,1.0,1.0
cifar100_proser_fedavg__split09__seed4__d5.0,cifar100,d5,5.0,proser_fedavg,0.15,5,12,0.05,0.05,0.0008333333333333334,0.004166666666666667,0.05716790200607563,0,0,0,delta_c/(M J) -> delta_c/M,0,,,,0.0,,0,,,,0.0,,0.05716790200607563,0,0->0,1,1.0,1.0,1.0
cifar100_proser_fedavg__split09__seed4__d5.0,cifar100,d5,5.0,proser_fedavg,0.2,5,12,0.05,0.05,0.0008333333333333334,0.004166666666666667,0.00861293737791248,0,0,0,delta_c/(M J) -> delta_c/M,0,,,,0.0,,0,,,,0.0,,0.00861293737791248,0,0->0,1,1.0,1.0,1.0
cifar100_proser_fedavg__split09__seed4__d5.0,cifar100,d5,5.0,proser_fedavg,0.25,5,12,0.05,0.05,0.0008333333333333334,0.004166666666666667,0.001765099731195606,3,3,3,delta_c/(M J) -> delta_c/M,1,8.0,margin,0.3,0.13625583189029453,0.0019840668032342075,1,8.0,margin,0.3,0.14367813470053795,0.0019840668032342075,0.0019840668032342075,0,1->1,1,1.0,1.0,1.0
cifar100_proser_fedavg__split09__seed4__d5.0,cifar100,d5,5.0,proser_fedavg,0.3,5,12,0.05,0.05,0.0008333333333333334,0.004166666666666667,3.5289057253706105e-06,8,8,8,delta_c/(M J) -> delta_c/M,1,10.0,margin,0.7,0.281792616731376,0.005907783782829093,1,10.0,margin,0.7,0.29169143749289017,0.005907783782829093,0.005907783782829093,0,1->1,1,1.0,1.0,1.0
cifar10_proser_fedavg__split00__seed0__d0.1,cifar10,d0.1,0.1,proser_fedavg,0.05,5,12,0.05,0.05,0.0008333333333333334,0.004166666666666667,1.0,0,0,0,delta_c/(M J) -> delta_c/M,0,,,,0.0,,0,,,,0.0,,1.0,0,0->0,1,1.0,1.0,1.0
cifar10_proser_fedavg__split00__seed0__d0.1,cifar10,d0.1,0.1,proser_fedavg,0.1,5,12,0.05,0.05,0.0008333333333333334,0.004166666666666667,0.99,0,0,0,delta_c/(M J) -> delta_c/M,0,,,,0.0,,0,,,,0.0,,0.99,0,0->0,1,1.0,1.0,1.0
cifar10_proser_fedavg__split00__seed0__d0.1,cifar10,d0.1,0.1,proser_fedavg,0.15,5,12,0.05,0.05,0.0008333333333333334,0.004166666666666667,0.773844432094229,0,0,0,delta_c/(M J) -> delta_c/M,0,,,,0.0,,0,,,,0.0,,0.773844432094229,0,0->0,1,1.0,1.0,1.0
cifar10_proser_fedavg__split00__seed0__d0.1,cifar10,d0.1,0.1,proser_fedavg,0.2,5,12,0.05,0.05,0.0008333333333333334,0.004166666666666667,0.5428819134817485,0,0,0,delta_c/(M J) -> delta_c/M,0,,,,0.0,,0,,,,0.0,,0.5428819134817485,0,0->0,1,1.0,1.0,1.0
cifar10_proser_fedavg__split00__seed0__d0.1,cifar10,d0.1,0.1,proser_fedavg,0.25,5,12,0.05,0.05,0.0008333333333333334,0.004166666666666667,0.46542429049441125,0,0,0,delta_c/(M J) -> delta_c/M,0,,,,0.0,,0,,,,0.0,,0.46542429049441125,0,0->0,1,1.0,1.0,1.0
cifar10_proser_fedavg__split00__seed0__d0.1,cifar10,d0.1,0.1,proser_fedavg,0.3,5,12,0.05,0.05,0.0008333333333333334,0.004166666666666667,0.16454875144845382,0,0,0,delta_c/(M J) -> delta_c/M,0,,,,0.0,,0,,,,0.0,,0.16454875144845382,0,0->0,1,1.0,1.0,1.0
cifar10_proser_fedavg__split00__seed0__d0.5,cifar10,d0.5,0.5,proser_fedavg,0.05,5,12,0.05,0.05,0.0008333333333333334,0.004166666666666667,0.9427553497265625,0,0,0,delta_c/(M J) -> delta_c/M,0,,,,0.0,,0,,,,0.0,,0.9427553497265625,0,0->0,1,1.0,1.0,1.0
cifar10_proser_fedavg__split00__seed0__d0.5,cifar10,d0.5,0.5,proser_fedavg,0.1,5,12,0.05,0.05,0.0008333333333333334,0.004166666666666667,0.80726898648138,0,0,0,delta_c/(M J) -> delta_c/M,0,,,,0.0,,0,,,,0.0,,0.80726898648138,0,0->0,1,1.0,1.0,1.0
cifar10_proser_fedavg__split00__seed0__d0.5,cifar10,d0.5,0.5,proser_fedavg,0.15,5,12,0.05,0.05,0.0008333333333333334,0.004166666666666667,0.4662554701335915,0,0,0,delta_c/(M J) -> delta_c/M,0,,,,0.0,,0,,,,0.0,,0.4662554701335915,0,0->0,1,1.0,1.0,1.0
cifar10_proser_fedavg__split00__seed0__d0.5,cifar10,d0.5,0.5,proser_fedavg,0.2,5,12,0.05,0.05,0.0008333333333333334,0.004166666666666667,0.12820330184730572,0,0,0,delta_c/(M J) -> delta_c/M,0,,,,0.0,,0,,,,0.0,,0.12820330184730572,0,0->0,1,1.0,1.0,1.0
cifar10_proser_fedavg__split00__seed0__d0.5,cifar10,d0.5,0.5,proser_fedavg,0.25,5,12,0.05,0.05,0.0008333333333333334,0.004166666666666667,0.029281507561082526,0,0,0,delta_c/(M J) -> delta_c/M,0,,,,0.0,,0,,,,0.0,,0.029281507561082526,0,0->0,1,1.0,1.0,1.0
cifar10_proser_fedavg__split00__seed0__d0.5,cifar10,d0.5,0.5,proser_fedavg,0.3,5,12,0.05,0.05,0.0008333333333333334,0.004166666666666667,0.0014862162659150667,1,1,1,delta_c/(M J) -> delta_c/M,1,8.0,margin,0.3,0.06549421327760703,0.0014862162659150667,1,8.0,margin,0.3,0.07074423633134858,0.0014862162659150667,0.0014862162659150667,0,1->1,1,1.0,1.0,1.0
cifar10_proser_fedavg__split00__seed0__d5.0,cifar10,d5,5.0,proser_fedavg,0.05,5,12,0.05,0.05,0.0008333333333333334,0.004166666666666667,0.6634204312890625,0,0,0,delta_c/(M J) -> delta_c/M,0,,,,0.0,,0,,,,0.0,,0.6634204312890625,0,0->0,1,1.0,1.0,1.0
cifar10_proser_fedavg__split00__seed0__d5.0,cifar10,d5,5.0,proser_fedavg,0.1,5,12,0.05,0.05,0.0008333333333333334,0.004166666666666667,0.5399515669456726,0,0,0,delta_c/(M J) -> delta_c/M,0,,,,0.0,,0,,,,0.0,,0.5399515669456726,0,0->0,1,1.0,1.0,1.0
cifar10_proser_fedavg__split00__seed0__d5.0,cifar10,d5,5.0,proser_fedavg,0.15,5,12,0.05,0.05,0.0008333333333333334,0.004166666666666667,0.08651808099812146,0,0,0,delta_c/(M J) -> delta_c/M,0,,,,0.0,,0,,,,0.0,,0.08651808099812146,0,0->0,1,1.0,1.0,1.0
cifar10_proser_fedavg__split00__seed0__d5.0,cifar10,d5,5.0,proser_fedavg,0.2,5,12,0.05,0.05,0.0008333333333333334,0.004166666666666667,0.002313883954491772,1,1,1,delta_c/(M J) -> delta_c/M,1,4.0,energy,0.3,0.09441757196308964,0.002313883954491772,1,4.0,energy,0.3,0.10068596701936973,0.002313883954491772,0.002313883954491772,0,1->1,1,1.0,1.0,1.0
cifar10_proser_fedavg__split00__seed0__d5.0,cifar10,d5,5.0,proser_fedavg,0.25,5,12,0.05,0.05,0.0008333333333333334,0.004166666666666667,9.402974885830065e-05,6,6,6,delta_c/(M J) -> delta_c/M,1,5.0,energy,0.5,0.3038703504578073,0.0014291355595535916,1,5.0,energy,0.5,0.3140083105619187,0.0014291355595535916,0.0014291355595535916,0,1->1,1,1.0,1.0,1.0
cifar10_proser_fedavg__split00__seed0__d5.0,cifar10,d5,5.0,proser_fedavg,0.3,5,12,0.05,0.05,0.0008333333333333334,0.004166666666666667,8.191254800978052e-07,9,9,9,delta_c/(M J) -> delta_c/M,1,2.0,proser,0.7,0.5490857311765629,0.004640999639569655,1,2.0,proser,0.7,0.5602337614565385,0.004640999639569655,0.004640999639569655,0,1->1,1,1.0,1.0,1.0
cifar10_proser_fedavg__split00__seed1__d0.1,cifar10,d0.1,0.1,proser_fedavg,0.05,5,12,0.05,0.05,0.0008333333333333334,0.004166666666666667,0.7547072050706155,0,0,0,delta_c/(M J) -> delta_c/M,0,,,,0.0,,0,,,,0.0,,0.7547072050706155,0,0->0,1,1.0,1.0,1.0
cifar10_proser_fedavg__split00__seed1__d0.1,cifar10,d0.1,0.1,proser_fedavg,0.1,5,12,0.05,0.05,0.0008333333333333334,0.004166666666666667,0.33919886630768853,0,0,0,delta_c/(M J) -> delta_c/M,0,,,,0.0,,0,,,,0.0,,0.33919886630768853,0,0->0,1,1.0,1.0,1.0
cifar10_proser_fedavg__split00__seed1__d0.1,cifar10,d0.1,0.1,proser_fedavg,0.15,5,12,0.05,0.05,0.0008333333333333334,0.004166666666666667,0.06915514005488163,0,0,0,delta_c/(M J) -> delta_c/M,0,,,,0.0,,0,,,,0.0,,0.06915514005488163,0,0->0,1,1.0,1.0,1.0
cifar10_proser_fedavg__split00__seed1__d0.1,cifar10,d0.1,0.1,proser_fedavg,0.2,5,12,0.05,0.05,0.0008333333333333334,0.004166666666666667,0.011766943602514323,0,0,0,delta_c/(M J) -> delta_c/M,0,,,,0.0,,0,,,,0.0,,0.011766943602514323,0,0->0,1,1.0,1.0,1.0
cifar10_proser_fedavg__split00__seed1__d0.1,cifar10,d0.1,0.1,proser_fedavg,0.25,5,12,0.05,0.05,0.0008333333333333334,0.004166666666666667,0.0015549209135466225,4,4,4,delta_c/(M J) -> delta_c/M,1,9.0,margin,0.5,0.05308766076529248,0.0015549209135466225,1,9.0,margin,0.5,0.05781552689417223,0.0015549209135466225,0.0015549209135466225,0,1->1,1,1.0,1.0,1.0
cifar10_proser_fedavg__split00__seed1__d0.1,cifar10,d0.1,0.1,proser_fedavg,0.3,5,12,0.05,0.05,0.0008333333333333334,0.004166666666666667,6.0610990762506234e-05,9,9,9,delta_c/(M J) -> delta_c/M,1,2.0,proser,0.7,0.281792616731376,0.00272466187818022,1,2.0,proser,0.7,0.29169143749289017,0.00272466187818022,0.00272466187818022,0,1->1,1,1.0,1.0,1.0
cifar10_proser_fedavg__split00__seed1__d0.5,cifar10,d0.5,0.5,proser_fedavg,0.05,5,12,0.05,0.05,0.0008333333333333334,0.004166666666666667,0.37735360253530764,0,0,0,delta_c/(M J) -> delta_c/M,0,,,,0.0,,0,,,,0.0,,0.37735360253530764,0,0->0,1,1.0,1.0,1.0
cifar10_proser_fedavg__split00__seed1__d0.5,cifar10,d0.5,0.5,proser_fedavg,0.1,5,12,0.05,0.05,0.0008333333333333334,0.004166666666666667,0.13288356384532035,0,0,0,delta_c/(M J) -> delta_c/M,0,,,,0.0,,0,,,,0.0,,0.13288356384532035,0,0->0,1,1.0,1.0,1.0
cifar10_proser_fedavg__split00__seed1__d0.5,cifar10,d0.5,0.5,proser_fedavg,0.15,5,12,0.05,0.05,0.0008333333333333334,0.004166666666666667,0.012161968440326661,0,0,0,delta_c/(M J) -> delta_c/M,0,,,,0.0,,0,,,,0.0,,0.012161968440326661,0,0->0,1,1.0,1.0,1.0
cifar10_proser_fedavg__split00__seed1__d0.5,cifar10,d0.5,0.5,proser_fedavg,0.2,5,12,0.05,0.05,0.0008333333333333334,0.004166666666666667,0.00031038020373343287,5,5,5,delta_c/(M J) -> delta_c/M,1,1.0,proser,0.5,0.2309707976920745,0.00043822908054714127,1,1.0,proser,0.5,0.2402019320030513,0.00043822908054714127,0.00043822908054714127,0,1->1,1,1.0,1.0,1.0
cifar10_proser_fedavg__split00__seed1__d0.5,cifar10,d0.5,0.5,proser_fedavg,0.25,5,12,0.05,0.05,0.0008333333333333334,0.004166666666666667,1.0761780746308344e-06,9,9,9,delta_c/(M J) -> delta_c/M,1,10.0,margin,0.7,0.47059614191201826,0.0011303816715953225,1,10.0,margin,0.7,0.48172344497195085,0.0011303816715953225,0.0011303816715953225,0,1->1,1,1.0,1.0,1.0
cifar10_proser_fedavg__split00__seed1__d0.5,cifar10,d0.5,0.5,proser_fedavg,0.3,5,12,0.05,0.05,0.0008333333333333334,0.004166666666666667,5.9939104834752146e-09,9,9,9,delta_c/(M J) -> delta_c/M,1,10.0,margin,0.7,0.5332483658875931,1.2897550939121346e-05,1,10.0,margin,0.7,0.5444143635140715,1.2897550939121346e-05,1.2897550939121346e-05,0,1->1,1,1.0,1.0,1.0
cifar10_proser_fedavg__split00__seed1__d5.0,cifar10,d5,5.0,proser_fedavg,0.05,5,12,0.05,0.05,0.0008333333333333334,0.004166666666666667,0.6986458814186571,0,0,0,delta_c/(M J) -> delta_c/M,0,,,,0.0,,0,,,,0.0,,0.6986458814186571,0,0->0,1,1.0,1.0,1.0
cifar10_proser_fedavg__split00__seed1__d5.0,cifar10,d5,5.0,proser_fedavg,0.1,5,12,0.05,0.05,0.0008333333333333334,0.004166666666666667,0.1337286136362973,0,0,0,delta_c/(M J) -> delta_c/M,0,,,,0.0,,0,,,,0.0,,0.1337286136362973,0,0->0,1,1.0,1.0,1.0
cifar10_proser_fedavg__split00__seed1__d5.0,cifar10,d5,5.0,proser_fedavg,0.15,5,12,0.05,0.05,0.0008333333333333334,0.004166666666666667,0.02639466450169084,0,0,0,delta_c/(M J) -> delta_c/M,0,,,,0.0,,0,,,,0.0,,0.02639466450169084,0,0->0,1,1.0,1.0,1.0
cifar10_proser_fedavg__split00__seed1__d5.0,cifar10,d5,5.0,proser_fedavg,0.2,5,12,0.05,0.05,0.0008333333333333334,0.004166666666666667,0.0006298272659904147,6,6,6,delta_c/(M J) -> delta_c/M,1,9.0,margin,0.5,0.2309707976920745,0.0007576472006313817,1,9.0,margin,0.5,0.2402019320030513,0.0007576472006313817,0.0007576472006313817,0,1->1,1,1.0,1.0,1.0
cifar10_proser_fedavg__split00__seed1__d5.0,cifar10,d5,5.0,proser_fedavg,0.25,5,12,0.05,0.05,0.0008333333333333334,0.004166666666666667,7.4334717579806795e-06,9,9,9,delta_c/(M J) -> delta_c/M,1,10.0,margin,0.7,0.43006817641327777,0.0009514354519221677,1,10.0,margin,0.7,0.4410769037123028,0.0009514354519221677,0.0009514354519221677,0,1->1,1,1.0,1.0,1.0
cifar10_proser_fedavg__split00__seed1__d5.0,cifar10,d5,5.0,proser_fedavg,0.3,5,12,0.05,0.05,0.0008333333333333334,0.004166666666666667,5.332535734282563e-09,9,9,9,delta_c/(M J) -> delta_c/M,1,10.0,margin,0.7,0.545119664781258,0.0001774095920882588,1,10.0,margin,0.7,0.5562732531803791,0.0001774095920882588,0.0001774095920882588,0,1->1,1,1.0,1.0,1.0
cifar10_proser_fedavg__split00__seed2__d0.1,cifar10,d0.1,0.1,proser_fedavg,0.05,5,12,0.05,0.05,0.0008333333333333334,0.004166666666666667,0.881640143028513,0,0,0,delta_c/(M J) -> delta_c/M,0,,,,0.0,,0,,,,0.0,,0.881640143028513,0,0->0,1,1.0,1.0,1.0
cifar10_proser_fedavg__split00__seed2__d0.1,cifar10,d0.1,0.1,proser_fedavg,0.1,5,12,0.05,0.05,0.0008333333333333334,0.004166666666666667,0.3139960530897208,0,0,0,delta_c/(M J) -> delta_c/M,0,,,,0.0,,0,,,,0.0,,0.3139960530897208,0,0->0,1,1.0,1.0,1.0
cifar10_proser_fedavg__split00__seed2__d0.1,cifar10,d0.1,0.1,proser_fedavg,0.15,5,12,0.05,0.05,0.0008333333333333334,0.004166666666666667,0.042372046986959726,0,0,0,delta_c/(M J) -> delta_c/M,0,,,,0.0,,0,,,,0.0,,0.042372046986959726,0,0->0,1,1.0,1.0,1.0
cifar10_proser_fedavg__split00__seed2__d0.1,cifar10,d0.1,0.1,proser_fedavg,0.2,5,12,0.05,0.05,0.0008333333333333334,0.004166666666666667,0.007888888613980228,0,0,0,delta_c/(M J) -> delta_c/M,0,,,,0.0,,0,,,,0.0,,0.007888888613980228,0,0->0,1,1.0,1.0,1.0
cifar10_proser_fedavg__split00__seed2__d0.1,cifar10,d0.1,0.1,proser_fedavg,0.25,5,12,0.05,0.05,0.0008333333333333334,0.004166666666666667,0.00039541836544298623,1,1,1,delta_c/(M J) -> delta_c/M,1,0.0,proser,0.3,0.06080373527659943,0.00039541836544298623,1,0.0,proser,0.3,0.06586382397031201,0.00039541836544298623,0.00039541836544298623,0,1->1,1,1.0,1.0,1.0
cifar10_proser_fedavg__split00__seed2__d0.1,cifar10,d0.1,0.1,proser_fedavg,0.3,5,12,0.05,0.05,0.0008333333333333334,0.004166666666666667,0.00010308051111778225,7,7,7,delta_c/(M J) -> delta_c/M,1,2.0,proser,0.7,0.19709476673071116,0.005724052903251777,1,2.0,proser,0.7,0.20577632071592847,0.005724052903251777,0.005724052903251777,0,1->1,1,1.0,1.0,1.0
cifar10_proser_fedavg__split00__seed2__d0.5,cifar10,d0.5,0.5,proser_fedavg,0.05,5,12,0.05,0.05,0.0008333333333333334,0.004166666666666667,0.7158643101722388,0,0,0,delta_c/(M J) -> delta_c/M,0,,,,0.0,,0,,,,0.0,,0.7158643101722388,0,0->0,1,1.0,1.0,1.0
cifar10_proser_fedavg__split00__seed2__d0.5,cifar10,d0.5,0.5,proser_fedavg,0.1,5,12,0.05,0.05,0.0008333333333333334,0.004166666666666667,0.13512991273546548,0,0,0,delta_c/(M J) -> delta_c/M,0,,,,0.0,,0,,,,0.0,,0.13512991273546548,0,0->0,1,1.0,1.0,1.0
cifar10_proser_fedavg__split00__seed2__d0.5,cifar10,d0.5,0.5,proser_fedavg,0.15,5,12,0.05,0.05,0.0008333333333333334,0.004166666666666667,0.007704909037608635,0,0,0,delta_c/(M J) -> delta_c/M,0,,,,0.0,,0,,,,0.0,,0.007704909037608635,0,0->0,1,1.0,1.0,1.0
cifar10_proser_fedavg__split00__seed2__d0.5,cifar10,d0.5,0.5,proser_fedavg,0.2,5,12,0.05,0.05,0.0008333333333333334,0.004166666666666667,2.874189904865534e-05,6,6,6,delta_c/(M J) -> delta_c/M,1,1.0,proser,0.5,0.2964922716375284,0.0017156935863351804,1,1.0,proser,0.5,0.30655350179329216,0.0017156935863351804,0.0017156935863351804,0,1->1,1,1.0,1.0,1.0
cifar10_proser_fedavg__split00__seed2__d0.5,cifar10,d0.5,0.5,proser_fedavg,0.25,5,12,0.05,0.05,0.0008333333333333334,0.004166666666666667,2.228996131363316e-07,7,7,7,delta_c/(M J) -> delta_c/M,1,2.0,proser,0.7,0.43006817641327777,0.007954202337160819,1,2.0,proser,0.7,0.4410769037123028,0.007954202337160819,0.007954202337160819,0,1->1,1,1.0,1.0,1.0
cifar10_proser_fedavg__split00__seed2__d0.5,cifar10,d0.5,0.5,proser_fedavg,0.3,5,12,0.05,0.05,0.0008333333333333334,0.004166666666666667,1.1453900326235508e-10,9,9,9,delta_c/(M J) -> delta_c/M,1,6.0,energy,0.7,0.5174818857822099,0.0011832901567532933,1,6.0,energy,0.7,0.5286546110156197,0.0011832901567532933,0.0011832901567532933,0,1->1,1,1.0,1.0,1.0
cifar10_proser_fedavg__split00__seed2__d5.0,cifar10,d5,5.0,proser_fedavg,0.05,5,12,0.05,0.05,0.0008333333333333334,0.004166666666666667,0.6983372960937501,0,0,0,delta_c/(M J) -> delta_c/M,0,,,,0.0,,0,,,,0.0,,0.6983372960937501,0,0->0,1,1.0,1.0,1.0
cifar10_proser_fedavg__split00__seed2__d5.0,cifar10,d5,5.0,proser_fedavg,0.1,5,12,0.05,0.05,0.0008333333333333334,0.004166666666666667,0.3451482740964763,0,0,0,delta_c/(M J) -> delta_c/M,0,,,,0.0,,0,,,,0.0,,0.3451482740964763,0,0->0,1,1.0,1.0,1.0
cifar10_proser_fedavg__split00__seed2__d5.0,cifar10,d5,5.0,proser_fedavg,0.15,5,12,0.05,0.05,0.0008333333333333334,0.004166666666666667,0.06980115448161274,0,0,0,delta_c/(M J) -> delta_c/M,0,,,,0.0,,0,,,,0.0,,0.06980115448161274,0,0->0,1,1.0,1.0,1.0
cifar10_proser_fedavg__split00__seed2__d5.0,cifar10,d5,5.0,proser_fedavg,0.2,5,12,0.05,0.05,0.0008333333333333334,0.004166666666666667,0.0020076739447774444,3,3,3,delta_c/(M J) -> delta_c/M,1,9.0,margin,0.5,0.20240781406066913,0.002335893483067764,1,9.0,margin,0.5,0.21118180071386614,0.002335893483067764,0.002335893483067764,0,1->1,1,1.0,1.0,1.0
cifar10_proser_fedavg__split00__seed2__d5.0,cifar10,d5,5.0,proser_fedavg,0.25,5,12,0.05,0.05,0.0008333333333333334,0.004166666666666667,9.360296883519285e-05,8,8,8,delta_c/(M J) -> delta_c/M,1,10.0,margin,0.7,0.4377524004889524,0.0014012605728132483,1,10.0,margin,0.7,0.4487893261312502,0.0014012605728132483,0.0014012605728132483,0,1->1,1,1.0,1.0,1.0
cifar10_proser_fedavg__split00__seed2__d5.0,cifar10,d5,5.0,proser_fedavg,0.3,5,12,0.05,0.05,0.0008333333333333334,0.004166666666666667,5.20029086120931e-08,9,9,9,delta_c/(M J) -> delta_c/M,1,6.0,energy,0.7,0.527327703194575,0.0001115910214237248,1,6.0,energy,0.7,0.5384975291216425,0.0001115910214237248,0.0001115910214237248,0,1->1,1,1.0,1.0,1.0
cifar10_proser_fedavg__split00__seed3__d0.1,cifar10,d0.1,0.1,proser_fedavg,0.05,5,12,0.05,0.05,0.0008333333333333334,0.004166666666666667,0.8981054088575684,0,0,0,delta_c/(M J) -> delta_c/M,0,,,,0.0,,0,,,,0.0,,0.8981054088575684,0,0->0,1,1.0,1.0,1.0
cifar10_proser_fedavg__split00__seed3__d0.1,cifar10,d0.1,0.1,proser_fedavg,0.1,5,12,0.05,0.05,0.0008333333333333334,0.004166666666666667,0.6474391717918477,0,0,0,delta_c/(M J) -> delta_c/M,0,,,,0.0,,0,,,,0.0,,0.6474391717918477,0,0->0,1,1.0,1.0,1.0
cifar10_proser_fedavg__split00__seed3__d0.1,cifar10,d0.1,0.1,proser_fedavg,0.15,5,12,0.05,0.05,0.0008333333333333334,0.004166666666666667,0.2961209995002215,0,0,0,delta_c/(M J) -> delta_c/M,0,,,,0.0,,0,,,,0.0,,0.2961209995002215,0,0->0,1,1.0,1.0,1.0
cifar10_proser_fedavg__split00__seed3__d0.1,cifar10,d0.1,0.1,proser_fedavg,0.2,5,12,0.05,0.05,0.0008333333333333334,0.004166666666666667,0.069155566355628,0,0,0,delta_c/(M J) -> delta_c/M,0,,,,0.0,,0,,,,0.0,,0.069155566355628,0,0->0,1,1.0,1.0,1.0
cifar10_proser_fedavg__split00__seed3__d0.1,cifar10,d0.1,0.1,proser_fedavg,0.25,5,12,0.05,0.05,0.0008333333333333334,0.004166666666666667,0.003709310209808555,1,1,1,delta_c/(M J) -> delta_c/M,1,1.0,proser,0.5,0.16726477318462915,0.003709310209808555,1,1.0,proser,0.5,0.17537877301093394,0.003709310209808555,0.003709310209808555,0,1->1,1,1.0,1.0,1.0
cifar10_proser_fedavg__split00__seed3__d0.1,cifar10,d0.1,0.1,proser_fedavg,0.3,5,12,0.05,0.05,0.0008333333333333334,0.004166666666666667,0.0006292259966815856,5,5,5,delta_c/(M J) -> delta_c/M,1,1.0,proser,0.5,0.20063524715038938,0.0016979913435306352,1,1.0,proser,0.5,0.2093786679105595,0.0016979913435306352,0.0016979913435306352,0,1->1,1,1.0,1.0,1.0
cifar10_proser_fedavg__split00__seed3__d0.5,cifar10,d0.5,0.5,proser_fedavg,0.05,5,12,0.05,0.05,0.0008333333333333334,0.004166666666666667,0.6423758535453004,0,0,0,delta_c/(M J) -> delta_c/M,0,,,,0.0,,0,,,,0.0,,0.6423758535453004,0,0->0,1,1.0,1.0,1.0
cifar10_proser_fedavg__split00__seed3__d0.5,cifar10,d0.5,0.5,proser_fedavg,0.1,5,12,0.05,0.05,0.0008333333333333334,0.004166666666666667,0.3289328821257093,0,0,0,delta_c/(M J) -> delta_c/M,0,,,,0.0,,0,,,,0.0,,0.3289328821257093,0,0->0,1,1.0,1.0,1.0
cifar10_proser_fedavg__split00__seed3__d0.5,cifar10,d0.5,0.5,proser_fedavg,0.15,5,12,0.05,0.05,0.0008333333333333334,0.004166666666666667,0.09843761540184999,0,0,0,delta_c/(M J) -> delta_c/M,0,,,,0.0,,0,,,,0.0,,0.09843761540184999,0,0->0,1,1.0,1.0,1.0
cifar10_proser_fedavg__split00__seed3__d0.5,cifar10,d0.5,0.5,proser_fedavg,0.2,5,12,0.05,0.05,0.0008333333333333334,0.004166666666666667,0.0016913395931140275,1,1,1,delta_c/(M J) -> delta_c/M,1,0.0,proser,0.3,0.07980312753011055,0.0016913395931140275,1,0.0,proser,0.3,0.08558611885182409,0.0016913395931140275,0.0016913395931140275,0,1->1,1,1.0,1.0,1.0
cifar10_proser_fedavg__split00__seed3__d0.5,cifar10,d0.5,0.5,proser_fedavg,0.25,5,12,0.05,0.05,0.0008333333333333334,0.004166666666666667,4.940863784023497e-06,6,6,6,delta_c/(M J) -> delta_c/M,1,9.0,margin,0.5,0.298335044351251,4.940863784023497e-06,1,9.0,margin,0.5,0.30841573372882014,4.940863784023497e-06,4.940863784023497e-06,0,1->1,1,1.0,1.0,1.0
cifar10_proser_fedavg__split00__seed3__d0.5,cifar10,d0.5,0.5,proser_fedavg,0.3,5,12,0.05,0.05,0.0008333333333333334,0.004166666666666667,6.457765421332048e-08,7,7,7,delta_c/(M J) -> delta_c/M,1,2.0,proser,0.7,0.5352241310181226,0.008122581406334732,1,2.0,proser,0.7,0.5463885019748965,0.008122581406334732,0.008122581406334732,0,1->1,1,1.0,1.0,1.0
cifar10_proser_fedavg__split00__seed3__d5.0,cifar10,d5,5.0,proser_fedavg,0.05,5,12,0.05,0.05,0.0008333333333333334,0.004166666666666667,0.8470144374111835,0,0,0,delta_c/(M J) -> delta_c/M,0,,,,0.0,,0,,,,0.0,,0.8470144374111835,0,0->0,1,1.0,1.0,1.0
cifar10_proser_fedavg__split00__seed3__d5.0,cifar10,d5,5.0,proser_fedavg,0.1,5,12,0.05,0.05,0.0008333333333333334,0.004166666666666667,0.5642737269512089,0,0,0,delta_c/(M J) -> delta_c/M,0,,,,0.0,,0,,,,0.0,,0.5642737269512089,0,0->0,1,1.0,1.0,1.0
cifar10_proser_fedavg__split00__seed3__d5.0,cifar10,d5,5.0,proser_fedavg,0.15,5,12,0.05,0.05,0.0008333333333333334,0.004166666666666667,0.17676712196622485,0,0,0,delta_c/(M J) -> delta_c/M,0,,,,0.0,,0,,,,0.0,,0.17676712196622485,0,0->0,1,1.0,1.0,1.0
cifar10_proser_fedavg__split00__seed3__d5.0,cifar10,d5,5.0,proser_fedavg,0.2,5,12,0.05,0.05,0.0008333333333333334,0.004166666666666667,0.03469844070898953,0,0,0,delta_c/(M J) -> delta_c/M,0,,,,0.0,,0,,,,0.0,,0.03469844070898953,0,0->0,1,1.0,1.0,1.0
cifar10_proser_fedavg__split00__seed3__d5.0,cifar10,d5,5.0,proser_fedavg,0.25,5,12,0.05,0.05,0.0008333333333333334,0.004166666666666667,0.003750712017672595,1,1,1,delta_c/(M J) -> delta_c/M,1,5.0,energy,0.5,0.17423929549888237,0.003750712017672595,1,5.0,energy,0.5,0.18249382681484083,0.003750712017672595,0.003750712017672595,0,1->1,1,1.0,1.0,1.0
cifar10_proser_fedavg__split00__seed3__d5.0,cifar10,d5,5.0,proser_fedavg,0.3,5,12,0.05,0.05,0.0008333333333333334,0.004166666666666667,8.335175802392809e-05,4,4,4,delta_c/(M J) -> delta_c/M,1,5.0,energy,0.5,0.26899371588219095,8.335175802392809e-05,1,5.0,energy,0.5,0.2787404050214185,8.335175802392809e-05,8.335175802392809e-05,0,1->1,1,1.0,1.0,1.0
cifar10_proser_fedavg__split00__seed4__d0.1,cifar10,d0.1,0.1,proser_fedavg,0.05,5,12,0.05,0.05,0.0008333333333333334,0.004166666666666667,0.7169718448170848,0,0,0,delta_c/(M J) -> delta_c/M,0,,,,0.0,,0,,,,0.0,,0.7169718448170848,0,0->0,1,1.0,1.0,1.0
cifar10_proser_fedavg__split00__seed4__d0.1,cifar10,d0.1,0.1,proser_fedavg,0.1,5,12,0.05,0.05,0.0008333333333333334,0.004166666666666667,0.48644655313701946,0,0,0,delta_c/(M J) -> delta_c/M,0,,,,0.0,,0,,,,0.0,,0.48644655313701946,0,0->0,1,1.0,1.0,1.0
cifar10_proser_fedavg__split00__seed4__d0.1,cifar10,d0.1,0.1,proser_fedavg,0.15,5,12,0.05,0.05,0.0008333333333333334,0.004166666666666667,0.1736123135887114,0,0,0,delta_c/(M J) -> delta_c/M,0,,,,0.0,,0,,,,0.0,,0.1736123135887114,0,0->0,1,1.0,1.0,1.0
cifar10_proser_fedavg__split00__seed4__d0.1,cifar10,d0.1,0.1,proser_fedavg,0.2,5,12,0.05,0.05,0.0008333333333333334,0.004166666666666667,0.02376713978605658,0,0,0,delta_c/(M J) -> delta_c/M,0,,,,0.0,,0,,,,0.0,,0.02376713978605658,0,0->0,1,1.0,1.0,1.0
cifar10_proser_fedavg__split00__seed4__d0.1,cifar10,d0.1,0.1,proser_fedavg,0.25,5,12,0.05,0.05,0.0008333333333333334,0.004166666666666667,0.0029990101989906797,1,1,1,delta_c/(M J) -> delta_c/M,1,8.0,margin,0.3,0.08626399141706635,0.0029990101989906797,1,8.0,margin,0.3,0.09226809122691217,0.0029990101989906797,0.0029990101989906797,0,1->1,1,1.0,1.0,1.0
cifar10_proser_fedavg__split00__seed4__d0.1,cifar10,d0.1,0.1,proser_fedavg,0.3,5,12,0.05,0.05,0.0008333333333333334,0.004166666666666667,0.0003640498662175406,2,2,2,delta_c/(M J) -> delta_c/M,1,8.0,margin,0.3,0.1243814398386118,0.0003640498662175406,1,8.0,margin,0.3,0.1315056998250879,0.0003640498662175406,0.0003640498662175406,0,1->1,1,1.0,1.0,1.0
cifar10_proser_fedavg__split00__seed4__d0.5,cifar10,d0.5,0.5,proser_fedavg,0.05,5,12,0.05,0.05,0.0008333333333333334,0.004166666666666667,0.9138616441006836,0,0,0,delta_c/(M J) -> delta_c/M,0,,,,0.0,,0,,,,0.0,,0.9138616441006836,0,0->0,1,1.0,1.0,1.0
cifar10_proser_fedavg__split00__seed4__d0.5,cifar10,d0.5,0.5,proser_fedavg,0.1,5,12,0.05,0.05,0.0008333333333333334,0.004166666666666667,0.6769268051894659,0,0,0,delta_c/(M J) -> delta_c/M,0,,,,0.0,,0,,,,0.0,,0.6769268051894659,0,0->0,1,1.0,1.0,1.0
cifar10_proser_fedavg__split00__seed4__d0.5,cifar10,d0.5,0.5,proser_fedavg,0.15,5,12,0.05,0.05,0.0008333333333333334,0.004166666666666667,0.4048962780074352,0,0,0,delta_c/(M J) -> delta_c/M,0,,,,0.0,,0,,,,0.0,,0.4048962780074352,0,0->0,1,1.0,1.0,1.0
cifar10_proser_fedavg__split00__seed4__d0.5,cifar10,d0.5,0.5,proser_fedavg,0.2,5,12,0.05,0.05,0.0008333333333333334,0.004166666666666667,0.19972465908841885,0,0,0,delta_c/(M J) -> delta_c/M,0,,,,0.0,,0,,,,0.0,,0.19972465908841885,0,0->0,1,1.0,1.0,1.0
cifar10_proser_fedavg__split00__seed4__d0.5,cifar10,d0.5,0.5,proser_fedavg,0.25,5,12,0.05,0.05,0.0008333333333333334,0.004166666666666667,0.007194129109249261,0,0,0,delta_c/(M J) -> delta_c/M,0,,,,0.0,,0,,,,0.0,,0.007194129109249261,0,0->0,1,1.0,1.0,1.0
cifar10_proser_fedavg__split00__seed4__d0.5,cifar10,d0.5,0.5,proser_fedavg,0.3,5,12,0.05,0.05,0.0008333333333333334,0.004166666666666667,0.0004093785095975419,3,3,3,delta_c/(M J) -> delta_c/M,1,9.0,margin,0.5,0.27996054222198524,0.0004093785095975419,1,9.0,margin,0.5,0.2898382094236966,0.0004093785095975419,0.0004093785095975419,0,1->1,1,1.0,1.0,1.0
cifar10_proser_fedavg__split00__seed4__d5.0,cifar10,d5,5.0,proser_fedavg,0.05,5,12,0.05,0.05,0.0008333333333333334,0.004166666666666667,0.9118713247351762,0,0,0,delta_c/(M J) -> delta_c/M,0,,,,0.0,,0,,,,0.0,,0.9118713247351762,0,0->0,1,1.0,1.0,1.0
cifar10_proser_fedavg__split00__seed4__d5.0,cifar10,d5,5.0,proser_fedavg,0.1,5,12,0.05,0.05,0.0008333333333333334,0.004166666666666667,0.5538150481707347,0,0,0,delta_c/(M J) -> delta_c/M,0,,,,0.0,,0,,,,0.0,,0.5538150481707347,0,0->0,1,1.0,1.0,1.0
cifar10_proser_fedavg__split00__seed4__d5.0,cifar10,d5,5.0,proser_fedavg,0.15,5,12,0.05,0.05,0.0008333333333333334,0.004166666666666667,0.2844674890014882,0,0,0,delta_c/(M J) -> delta_c/M,0,,,,0.0,,0,,,,0.0,,0.2844674890014882,0,0->0,1,1.0,1.0,1.0
cifar10_proser_fedavg__split00__seed4__d5.0,cifar10,d5,5.0,proser_fedavg,0.2,5,12,0.05,0.05,0.0008333333333333334,0.004166666666666667,0.062129876123106484,0,0,0,delta_c/(M J) -> delta_c/M,0,,,,0.0,,0,,,,0.0,,0.062129876123106484,0,0->0,1,1.0,1.0,1.0
cifar10_proser_fedavg__split00__seed4__d5.0,cifar10,d5,5.0,proser_fedavg,0.25,5,12,0.05,0.05,0.0008333333333333334,0.004166666666666667,0.011457423852042209,0,0,0,delta_c/(M J) -> delta_c/M,0,,,,0.0,,0,,,,0.0,,0.011457423852042209,0,0->0,1,1.0,1.0,1.0
cifar10_proser_fedavg__split00__seed4__d5.0,cifar10,d5,5.0,proser_fedavg,0.3,5,12,0.05,0.05,0.0008333333333333334,0.004166666666666667,0.00028549095943336176,5,5,5,delta_c/(M J) -> delta_c/M,1,9.0,margin,0.5,0.32053828409689356,0.0002954942431712422,1,9.0,margin,0.5,0.3308382314630494,0.0002954942431712422,0.0002954942431712422,0,1->1,1,1.0,1.0,1.0
cifar10_proser_fedavg__split01__seed0__d0.1,cifar10,d0.1,0.1,proser_fedavg,0.05,5,12,0.05,0.05,0.0008333333333333334,0.004166666666666667,1.0,0,0,0,delta_c/(M J) -> delta_c/M,0,,,,0.0,,0,,,,0.0,,1.0,0,0->0,1,1.0,1.0,1.0
cifar10_proser_fedavg__split01__seed0__d0.1,cifar10,d0.1,0.1,proser_fedavg,0.1,5,12,0.05,0.05,0.0008333333333333334,0.004166666666666667,1.0,0,0,0,delta_c/(M J) -> delta_c/M,0,,,,0.0,,0,,,,0.0,,1.0,0,0->0,1,1.0,1.0,1.0
cifar10_proser_fedavg__split01__seed0__d0.1,cifar10,d0.1,0.1,proser_fedavg,0.15,5,12,0.05,0.05,0.0008333333333333334,0.004166666666666667,1.0,0,0,0,delta_c/(M J) -> delta_c/M,0,,,,0.0,,0,,,,0.0,,1.0,0,0->0,1,1.0,1.0,1.0
cifar10_proser_fedavg__split01__seed0__d0.1,cifar10,d0.1,0.1,proser_fedavg,0.2,5,12,0.05,0.05,0.0008333333333333334,0.004166666666666667,1.0,0,0,0,delta_c/(M J) -> delta_c/M,0,,,,0.0,,0,,,,0.0,,1.0,0,0->0,1,1.0,1.0,1.0
cifar10_proser_fedavg__split01__seed0__d0.1,cifar10,d0.1,0.1,proser_fedavg,0.25,5,12,0.05,0.05,0.0008333333333333334,0.004166666666666667,1.0,0,0,0,delta_c/(M J) -> delta_c/M,0,,,,0.0,,0,,,,0.0,,1.0,0,0->0,1,1.0,1.0,1.0
cifar10_proser_fedavg__split01__seed0__d0.1,cifar10,d0.1,0.1,proser_fedavg,0.3,5,12,0.05,0.05,0.0008333333333333334,0.004166666666666667,1.0,0,0,0,delta_c/(M J) -> delta_c/M,0,,,,0.0,,0,,,,0.0,,1.0,0,0->0,1,1.0,1.0,1.0
cifar10_proser_fedavg__split01__seed0__d0.5,cifar10,d0.5,0.5,proser_fedavg,0.05,5,12,0.05,0.05,0.0008333333333333334,0.004166666666666667,0.857375,0,0,0,delta_c/(M J) -> delta_c/M,0,,,,0.0,,0,,,,0.0,,0.857375,0,0->0,1,1.0,1.0,1.0
cifar10_proser_fedavg__split01__seed0__d0.5,cifar10,d0.5,0.5,proser_fedavg,0.1,5,12,0.05,0.05,0.0008333333333333334,0.004166666666666667,0.6084289921900811,0,0,0,delta_c/(M J) -> delta_c/M,0,,,,0.0,,0,,,,0.0,,0.6084289921900811,0,0->0,1,1.0,1.0,1.0
cifar10_proser_fedavg__split01__seed0__d0.5,cifar10,d0.5,0.5,proser_fedavg,0.15,5,12,0.05,0.05,0.0008333333333333334,0.004166666666666667,0.3067952098443444,0,0,0,delta_c/(M J) -> delta_c/M,0,,,,0.0,,0,,,,0.0,,0.3067952098443444,0,0->0,1,1.0,1.0,1.0
cifar10_proser_fedavg__split01__seed0__d0.5,cifar10,d0.5,0.5,proser_fedavg,0.2,5,12,0.05,0.05,0.0008333333333333334,0.004166666666666667,0.0865912856726782,0,0,0,delta_c/(M J) -> delta_c/M,0,,,,0.0,,0,,,,0.0,,0.0865912856726782,0,0->0,1,1.0,1.0,1.0
cifar10_proser_fedavg__split01__seed0__d0.5,cifar10,d0.5,0.5,proser_fedavg,0.25,5,12,0.05,0.05,0.0008333333333333334,0.004166666666666667,0.010750559857977881,0,0,0,delta_c/(M J) -> delta_c/M,0,,,,0.0,,0,,,,0.0,,0.010750559857977881,0,0->0,1,1.0,1.0,1.0
cifar10_proser_fedavg__split01__seed0__d0.5,cifar10,d0.5,0.5,proser_fedavg,0.3,5,12,0.05,0.05,0.0008333333333333334,0.004166666666666667,0.0007115527231602001,4,4,4,delta_c/(M J) -> delta_c/M,1,9.0,margin,0.5,0.2490049851843288,0.0010422679052226524,1,9.0,margin,0.5,0.258493008565482,0.0010422679052226524,0.0010422679052226524,0,1->1,1,1.0,1.0,1.0
cifar10_proser_fedavg__split01__seed0__d5.0,cifar10,d5,5.0,proser_fedavg,0.05,5,12,0.05,0.05,0.0008333333333333334,0.004166666666666667,0.21813329770434825,0,0,0,delta_c/(M J) -> delta_c/M,0,,,,0.0,,0,,,,0.0,,0.21813329770434825,0,0->0,1,1.0,1.0,1.0
cifar10_proser_fedavg__split01__seed0__d5.0,cifar10,d5,5.0,proser_fedavg,0.1,5,12,0.05,0.05,0.0008333333333333334,0.004166666666666667,0.016040334347192868,0,0,0,delta_c/(M J) -> delta_c/M,0,,,,0.0,,0,,,,0.0,,0.016040334347192868,0,0->0,1,1.0,1.0,1.0
cifar10_proser_fedavg__split01__seed0__d5.0,cifar10,d5,5.0,proser_fedavg,0.15,5,12,0.05,0.05,0.0008333333333333334,0.004166666666666667,0.00027505866858874666,4,4,4,delta_c/(M J) -> delta_c/M,1,5.0,energy,0.5,0.2708184445899803,0.005256965025109623,1,5.0,energy,0.5,0.28058745036124527,0.005256965025109623,0.005256965025109623,0,1->1,1,1.0,1.0,1.0
cifar10_proser_fedavg__split01__seed0__d5.0,cifar10,d5,5.0,proser_fedavg,0.2,5,12,0.05,0.05,0.0008333333333333334,0.004166666666666667,2.1664156217578103e-05,6,6,6,delta_c/(M J) -> delta_c/M,1,9.0,margin,0.5,0.3429035777487008,0.001256469359637332,1,9.0,margin,0.5,0.35339710447454,0.001256469359637332,0.001256469359637332,0,1->1,1,1.0,1.0,1.0
cifar10_proser_fedavg__split01__seed0__d5.0,cifar10,d5,5.0,proser_fedavg,0.25,5,12,0.05,0.05,0.0008333333333333334,0.004166666666666667,4.7233380632964334e-09,6,6,6,delta_c/(M J) -> delta_c/M,1,5.0,energy,0.5,0.38810256557296663,1.0026129996844081e-05,1,5.0,energy,0.5,0.39890900318559075,1.0026129996844081e-05,1.0026129996844081e-05,0,1->1,1,1.0,1.0,1.0
cifar10_proser_fedavg__split01__seed0__d5.0,cifar10,d5,5.0,proser_fedavg,0.3,5,12,0.05,0.05,0.0008333333333333334,0.004166666666666667,2.1952887788002254e-12,9,9,9,delta_c/(M J) -> delta_c/M,1,6.0,energy,0.7,0.553056322812827,0.004504679957307383,1,6.0,energy,0.7,0.5641980775157753,0.004504679957307383,0.004504679957307383,0,1->1,1,1.0,1.0,1.0
cifar10_proser_fedavg__split01__seed1__d0.1,cifar10,d0.1,0.1,proser_fedavg,0.05,5,12,0.05,0.05,0.0008333333333333334,0.004166666666666667,0.82018719588282,0,0,0,delta_c/(M J) -> delta_c/M,0,,,,0.0,,0,,,,0.0,,0.82018719588282,0,0->0,1,1.0,1.0,1.0
cifar10_proser_fedavg__split01__seed1__d0.1,cifar10,d0.1,0.1,proser_fedavg,0.1,5,12,0.05,0.05,0.0008333333333333334,0.004166666666666667,0.17691652441630723,0,0,0,delta_c/(M J) -> delta_c/M,0,,,,0.0,,0,,,,0.0,,0.17691652441630723,0,0->0,1,1.0,1.0,1.0
cifar10_proser_fedavg__split01__seed1__d0.1,cifar10,d0.1,0.1,proser_fedavg,0.15,5,12,0.05,0.05,0.0008333333333333334,0.004166666666666667,0.038124793234290966,0,0,0,delta_c/(M J) -> delta_c/M,0,,,,0.0,,0,,,,0.0,,0.038124793234290966,0,0->0,1,1.0,1.0,1.0
cifar10_proser_fedavg__split01__seed1__d0.1,cifar10,d0.1,0.1,proser_fedavg,0.2,5,12,0.05,0.05,0.0008333333333333334,0.004166666666666667,0.0017645056807769066,1,1,1,delta_c/(M J) -> delta_c/M,1,0.0,proser,0.3,0.17074847652977038,0.0017645056807769066,1,0.0,proser,0.3,0.17893330314151554,0.0017645056807769066,0.0017645056807769066,0,1->1,1,1.0,1.0,1.0
cifar10_proser_fedavg__split01__seed1__d0.1,cifar10,d0.1,0.1,proser_fedavg,0.25,5,12,0.05,0.05,0.0008333333333333334,0.004166666666666667,2.674778473230384e-05,6,6,6,delta_c/(M J) -> delta_c/M,1,1.0,proser,0.5,0.2508157227571698,0.004644520804829801,1,1.0,proser,0.5,0.2603282771897686,0.004644520804829801,0.004644520804829801,0,1->1,1,1.0,1.0,1.0
cifar10_proser_fedavg__split01__seed1__d0.1,cifar10,d0.1,0.1,proser_fedavg,0.3,5,12,0.05,0.05,0.0008333333333333334,0.004166666666666667,2.955232453247029e-08,6,6,6,delta_c/(M J) -> delta_c/M,1,5.0,energy,0.5,0.28729606236544336,0.0014115432436715056,1,5.0,energy,0.5,0.29725720013377666,0.0014115432436715056,0.0014115432436715056,0,1->1,1,1.0,1.0,1.0
cifar10_proser_fedavg__split01__seed1__d0.5,cifar10,d0.5,0.5,proser_fedavg,0.05,5,12,0.05,0.05,0.0008333333333333334,0.004166666666666667,0.21098831027501205,0,0,0,delta_c/(M J) -> delta_c/M,0,,,,0.0,,0,,,,0.0,,0.21098831027501205,0,0->0,1,1.0,1.0,1.0
cifar10_proser_fedavg__split01__seed1__d0.5,cifar10,d0.5,0.5,proser_fedavg,0.1,5,12,0.05,0.05,0.0008333333333333334,0.004166666666666667,0.0030718357305998885,2,2,2,delta_c/(M J) -> delta_c/M,1,8.0,margin,0.3,0.20773468748469487,0.0039782440620193624,1,8.0,margin,0.3,0.21659892278808288,0.0039782440620193624,0.0039782440620193624,0,1->1,1,1.0,1.0,1.0
cifar10_proser_fedavg__split01__seed1__d0.5,cifar10,d0.5,0.5,proser_fedavg,0.15,5,12,0.05,0.05,0.0008333333333333334,0.004166666666666667,0.00023085197688699744,5,5,5,delta_c/(M J) -> delta_c/M,1,9.0,margin,0.5,0.30941605748108497,0.001285051481156329,1,9.0,margin,0.5,0.3196096406194151,0.001285051481156329,0.001285051481156329,0,1->1,1,1.0,1.0,1.0
cifar10_proser_fedavg__split01__seed1__d0.5,cifar10,d0.5,0.5,proser_fedavg,0.2,5,12,0.05,0.05,0.0008333333333333334,0.004166666666666667,3.5894057259411946e-07,6,6,6,delta_c/(M J) -> delta_c/M,1,5.0,energy,0.5,0.3654261741451777,8.564342325008878e-05,1,5.0,energy,0.5,0.37608834742585173,8.564342325008878e-05,8.564342325008878e-05,0,1->1,1,1.0,1.0,1.0
cifar10_proser_fedavg__split01__seed1__d0.5,cifar10,d0.5,0.5,proser_fedavg,0.25,5,12,0.05,0.05,0.0008333333333333334,0.004166666666666667,1.55938931328559e-10,6,6,6,delta_c/(M J) -> delta_c/M,1,5.0,energy,0.5,0.4052093100505594,0.00015073745050242607,1,5.0,energy,0.5,0.4161081767876864,0.00015073745050242607,0.00015073745050242607,0,1->1,1,1.0,1.0,1.0
cifar10_proser_fedavg__split01__seed1__d0.5,cifar10,d0.5,0.5,proser_fedavg,0.3,5,12,0.05,0.05,0.0008333333333333334,0.004166666666666667,2.3350389858516754e-13,9,9,9,delta_c/(M J) -> delta_c/M,1,6.0,energy,0.7,0.5590207539832946,0.009474408160781421,1,6.0,energy,0.7,0.5701517407993725,0.009474408160781421,0.009474408160781421,0,1->1,1,1.0,1.0,1.0
cifar10_proser_fedavg__split01__seed1__d5.0,cifar10,d5,5.0,proser_fedavg,0.05,5,12,0.05,0.05,0.0008333333333333334,0.004166666666666667,0.3936915619790041,0,0,0,delta_c/(M J) -> delta_c/M,0,,,,0.0,,0,,,,0.0,,0.3936915619790041,0,0->0,1,1.0,1.0,1.0
cifar10_proser_fedavg__split01__seed1__d5.0,cifar10,d5,5.0,proser_fedavg,0.1,5,12,0.05,0.05,0.0008333333333333334,0.004166666666666667,0.19432179744868172,0,0,0,delta_c/(M J) -> delta_c/M,0,,,,0.0,,0,,,,0.0,,0.19432179744868172,0,0->0,1,1.0,1.0,1.0
cifar10_proser_fedavg__split01__seed1__d5.0,cifar10,d5,5.0,proser_fedavg,0.15,5,12,0.05,0.05,0.0008333333333333334,0.004166666666666667,0.007109317486481649,0,0,0,delta_c/(M J) -> delta_c/M,0,,,,0.0,,0,,,,0.0,,0.007109317486481649,0,0->0,1,1.0,1.0,1.0
cifar10_proser_fedavg__split01__seed1__d5.0,cifar10,d5,5.0,proser_fedavg,0.2,5,12,0.05,0.05,0.0008333333333333334,0.004166666666666667,7.880283769583454e-05,3,3,3,delta_c/(M J) -> delta_c/M,1,4.0,energy,0.3,0.33356534601372795,0.00025923629139980385,1,4.0,energy,0.3,0.3439812828054374,0.00025923629139980385,0.00025923629139980385,0,1->1,1,1.0,1.0,1.0
cifar10_proser_fedavg__split01__seed1__d5.0,cifar10,d5,5.0,proser_fedavg,0.25,5,12,0.05,0.05,0.0008333333333333334,0.004166666666666667,4.336315838638628e-06,6,6,6,delta_c/(M J) -> delta_c/M,1,9.0,margin,0.5,0.47059614191201826,0.00047286148083407854,1,9.0,margin,0.5,0.48172344497195085,0.00047286148083407854,0.00047286148083407854,0,1->1,1,1.0,1.0,1.0
cifar10_proser_fedavg__split01__seed1__d5.0,cifar10,d5,5.0,proser_fedavg,0.3,5,12,0.05,0.05,0.0008333333333333334,0.004166666666666667,2.309600114748239e-09,9,9,9,delta_c/(M J) -> delta_c/M,1,6.0,energy,0.7,0.597040019283095,0.009333885032311005,1,6.0,energy,0.7,0.6080640466020615,0.009333885032311005,0.009333885032311005,0,1->1,1,1.0,1.0,1.0
cifar10_proser_fedavg__split01__seed2__d0.1,cifar10,d0.1,0.1,proser_fedavg,0.05,5,12,0.05,0.05,0.0008333333333333334,0.004166666666666667,0.857375,0,0,0,delta_c/(M J) -> delta_c/M,0,,,,0.0,,0,,,,0.0,,0.857375,0,0->0,1,1.0,1.0,1.0
cifar10_proser_fedavg__split01__seed2__d0.1,cifar10,d0.1,0.1,proser_fedavg,0.1,5,12,0.05,0.05,0.0008333333333333334,0.004166666666666667,0.659002251789,0,0,0,delta_c/(M J) -> delta_c/M,0,,,,0.0,,0,,,,0.0,,0.659002251789,0,0->0,1,1.0,1.0,1.0
cifar10_proser_fedavg__split01__seed2__d0.1,cifar10,d0.1,0.1,proser_fedavg,0.15,5,12,0.05,0.05,0.0008333333333333334,0.004166666666666667,0.31858597554574136,0,0,0,delta_c/(M J) -> delta_c/M,0,,,,0.0,,0,,,,0.0,,0.31858597554574136,0,0->0,1,1.0,1.0,1.0
cifar10_proser_fedavg__split01__seed2__d0.1,cifar10,d0.1,0.1,proser_fedavg,0.2,5,12,0.05,0.05,0.0008333333333333334,0.004166666666666667,0.27487790694400016,0,0,0,delta_c/(M J) -> delta_c/M,0,,,,0.0,,0,,,,0.0,,0.27487790694400016,0,0->0,1,1.0,1.0,1.0
cifar10_proser_fedavg__split01__seed2__d0.1,cifar10,d0.1,0.1,proser_fedavg,0.25,5,12,0.05,0.05,0.0008333333333333334,0.004166666666666667,0.08018076606094837,0,0,0,delta_c/(M J) -> delta_c/M,0,,,,0.0,,0,,,,0.0,,0.08018076606094837,0,0->0,1,1.0,1.0,1.0
cifar10_proser_fedavg__split01__seed2__d0.1,cifar10,d0.1,0.1,proser_fedavg,0.3,5,12,0.05,0.05,0.0008333333333333334,0.004166666666666667,0.08502504994899993,0,0,0,delta_c/(M J) -> delta_c/M,0,,,,0.0,,0,,,,0.0,,0.08502504994899993,0,0->0,1,1.0,1.0,1.0
cifar10_proser_fedavg__split01__seed2__d0.5,cifar10,d0.5,0.5,proser_fedavg,0.05,5,12,0.05,0.05,0.0008333333333333334,0.004166666666666667,0.2722378123452851,0,0,0,delta_c/(M J) -> delta_c/M,0,,,,0.0,,0,,,,0.0,,0.2722378123452851,0,0->0,1,1.0,1.0,1.0
cifar10_proser_fedavg__split01__seed2__d0.5,cifar10,d0.5,0.5,proser_fedavg,0.1,5,12,0.05,0.05,0.0008333333333333334,0.004166666666666667,0.012383162419023111,0,0,0,delta_c/(M J) -> delta_c/M,0,,,,0.0,,0,,,,0.0,,0.012383162419023111,0,0->0,1,1.0,1.0,1.0
cifar10_proser_fedavg__split01__seed2__d0.5,cifar10,d0.5,0.5,proser_fedavg,0.15,5,12,0.05,0.05,0.0008333333333333334,0.004166666666666667,6.451863793471273e-05,3,3,3,delta_c/(M J) -> delta_c/M,1,0.0,proser,0.3,0.2617072835843015,0.00030742722336175074,1,0.0,proser,0.3,0.27136273018378415,0.00030742722336175074,0.00030742722336175074,0,1->1,1,1.0,1.0,1.0
cifar10_proser_fedavg__split01__seed2__d0.5,cifar10,d0.5,0.5,proser_fedavg,0.2,5,12,0.05,0.05,0.0008333333333333334,0.004166666666666667,4.852799645888073e-07,6,6,6,delta_c/(M J) -> delta_c/M,1,9.0,margin,0.5,0.3748561416579369,0.0011171781262095952,1,9.0,margin,0.5,0.38558136285924693,0.0011171781262095952,0.0011171781262095952,0,1->1,1,1.0,1.0,1.0
cifar10_proser_fedavg__split01__seed2__d0.5,cifar10,d0.5,0.5,proser_fedavg,0.25,5,12,0.05,0.05,0.0008333333333333334,0.004166666666666667,3.4916779832412326e-09,6,6,6,delta_c/(M J) -> delta_c/M,1,5.0,energy,0.5,0.4281497176919775,1.4931005318023645e-05,1,5.0,energy,0.5,0.43915098349079434,1.4931005318023645e-05,1.4931005318023645e-05,0,1->1,1,1.0,1.0,1.0
cifar10_proser_fedavg__split01__seed2__d0.5,cifar10,d0.5,0.5,proser_fedavg,0.3,5,12,0.05,0.05,0.0008333333333333334,0.004166666666666667,3.0220708951313185e-13,6,6,6,delta_c/(M J) -> delta_c/M,1,5.0,energy,0.5,0.48031358933328333,4.190727049431995e-06,1,5.0,energy,0.5,0.4914583508940767,4.190727049431995e-06,4.190727049431995e-06,0,1->1,1,1.0,1.0,1.0
cifar10_proser_fedavg__split01__seed2__d5.0,cifar10,d5,5.0,proser_fedavg,0.05,5,12,0.05,0.05,0.0008333333333333334,0.004166666666666667,0.13581284904802723,0,0,0,delta_c/(M J) -> delta_c/M,0,,,,0.0,,0,,,,0.0,,0.13581284904802723,0,0->0,1,1.0,1.0,1.0
cifar10_proser_fedavg__split01__seed2__d5.0,cifar10,d5,5.0,proser_fedavg,0.1,5,12,0.05,0.05,0.0008333333333333334,0.004166666666666667,0.016854603935899957,0,0,0,delta_c/(M J) -> delta_c/M,0,,,,0.0,,0,,,,0.0,,0.016854603935899957,0,0->0,1,1.0,1.0,1.0
cifar10_proser_fedavg__split01__seed2__d5.0,cifar10,d5,5.0,proser_fedavg,0.15,5,12,0.05,0.05,0.0008333333333333334,0.004166666666666667,0.0006681942785969784,5,5,5,delta_c/(M J) -> delta_c/M,1,9.0,margin,0.5,0.331701002084857,0.004832049951821321,1,9.0,margin,0.5,0.34210089748816414,0.004832049951821321,0.004832049951821321,0,1->1,1,1.0,1.0,1.0
cifar10_proser_fedavg__split01__seed2__d5.0,cifar10,d5,5.0,proser_fedavg,0.2,5,12,0.05,0.05,0.0008333333333333334,0.004166666666666667,1.198448896171803e-06,6,6,6,delta_c/(M J) -> delta_c/M,1,5.0,energy,0.5,0.4071152851100888,0.0022911509632222967,1,5.0,energy,0.5,0.4180235930891458,0.0022911509632222967,0.0022911509632222967,0,1->1,1,1.0,1.0,1.0
cifar10_proser_fedavg__split01__seed2__d5.0,cifar10,d5,5.0,proser_fedavg,0.25,5,12,0.05,0.05,0.0008333333333333334,0.004166666666666667,7.197239495025064e-10,6,6,6,delta_c/(M J) -> delta_c/M,1,5.0,energy,0.5,0.4512398130620449,0.00018488021256606588,1,5.0,energy,0.5,0.46231973873462295,0.00018488021256606588,0.00018488021256606588,0,1->1,1,1.0,1.0,1.0
cifar10_proser_fedavg__split01__seed2__d5.0,cifar10,d5,5.0,proser_fedavg,0.3,5,12,0.05,0.05,0.0008333333333333334,0.004166666666666667,7.8736450441265e-12,9,9,9,delta_c/(M J) -> delta_c/M,1,6.0,energy,0.7,0.597040019283095,0.0026287056612726853,1,6.0,energy,0.7,0.6080640466020615,0.0026287056612726853,0.0026287056612726853,0,1->1,1,1.0,1.0,1.0
cifar10_proser_fedavg__split01__seed3__d0.1,cifar10,d0.1,0.1,proser_fedavg,0.05,5,12,0.05,0.05,0.0008333333333333334,0.004166666666666667,1.0,0,0,0,delta_c/(M J) -> delta_c/M,0,,,,0.0,,0,,,,0.0,,1.0,0,0->0,1,1.0,1.0,1.0
cifar10_proser_fedavg__split01__seed3__d0.1,cifar10,d0.1,0.1,proser_fedavg,0.1,5,12,0.05,0.05,0.0008333333333333334,0.004166666666666667,1.0,0,0,0,delta_c/(M J) -> delta_c/M,0,,,,0.0,,0,,,,0.0,,1.0,0,0->0,1,1.0,1.0,1.0
cifar10_proser_fedavg__split01__seed3__d0.1,cifar10,d0.1,0.1,proser_fedavg,0.15,5,12,0.05,0.05,0.0008333333333333334,0.004166666666666667,0.8947872258203124,0,0,0,delta_c/(M J) -> delta_c/M,0,,,,0.0,,0,,,,0.0,,0.8947872258203124,0,0->0,1,1.0,1.0,1.0
cifar10_proser_fedavg__split01__seed3__d0.1,cifar10,d0.1,0.1,proser_fedavg,0.2,5,12,0.05,0.05,0.0008333333333333334,0.004166666666666667,0.9183121115185151,0,0,0,delta_c/(M J) -> delta_c/M,0,,,,0.0,,0,,,,0.0,,0.9183121115185151,0,0->0,1,1.0,1.0,1.0
cifar10_proser_fedavg__split01__seed3__d0.1,cifar10,d0.1,0.1,proser_fedavg,0.25,5,12,0.05,0.05,0.0008333333333333334,0.004166666666666667,0.75,0,0,0,delta_c/(M J) -> delta_c/M,0,,,,0.0,,0,,,,0.0,,0.75,0,0->0,1,1.0,1.0,1.0
cifar10_proser_fedavg__split01__seed3__d0.1,cifar10,d0.1,0.1,proser_fedavg,0.3,5,12,0.05,0.05,0.0008333333333333334,0.004166666666666667,0.6597823259111081,0,0,0,delta_c/(M J) -> delta_c/M,0,,,,0.0,,0,,,,0.0,,0.6597823259111081,0,0->0,1,1.0,1.0,1.0
cifar10_proser_fedavg__split01__seed3__d0.5,cifar10,d0.5,0.5,proser_fedavg,0.05,5,12,0.05,0.05,0.0008333333333333334,0.004166666666666667,0.598736939238379,0,0,0,delta_c/(M J) -> delta_c/M,0,,,,0.0,,0,,,,0.0,,0.598736939238379,0,0->0,1,1.0,1.0,1.0
cifar10_proser_fedavg__split01__seed3__d0.5,cifar10,d0.5,0.5,proser_fedavg,0.1,5,12,0.05,0.05,0.0008333333333333334,0.004166666666666667,0.19233512220420812,0,0,0,delta_c/(M J) -> delta_c/M,0,,,,0.0,,0,,,,0.0,,0.19233512220420812,0,0->0,1,1.0,1.0,1.0
cifar10_proser_fedavg__split01__seed3__d0.5,cifar10,d0.5,0.5,proser_fedavg,0.15,5,12,0.05,0.05,0.0008333333333333334,0.004166666666666667,0.010156796857409781,0,0,0,delta_c/(M J) -> delta_c/M,0,,,,0.0,,0,,,,0.0,,0.010156796857409781,0,0->0,1,1.0,1.0,1.0
cifar10_proser_fedavg__split01__seed3__d0.5,cifar10,d0.5,0.5,proser_fedavg,0.2,5,12,0.05,0.05,0.0008333333333333334,0.004166666666666667,0.0003754813888526787,4,4,4,delta_c/(M J) -> delta_c/M,1,9.0,margin,0.5,0.29281024440955383,0.0003754813888526787,1,9.0,margin,0.5,0.30283199885233564,0.0003754813888526787,0.0003754813888526787,0,1->1,1,1.0,1.0,1.0
cifar10_proser_fedavg__split01__seed3__d0.5,cifar10,d0.5,0.5,proser_fedavg,0.25,5,12,0.05,0.05,0.0008333333333333334,0.004166666666666667,5.663201063978867e-07,9,9,9,delta_c/(M J) -> delta_c/M,1,2.0,proser,0.7,0.47059614191201826,0.002750324481227221,1,2.0,proser,0.7,0.48172344497195085,0.002750324481227221,0.002750324481227221,0,1->1,1,1.0,1.0,1.0
cifar10_proser_fedavg__split01__seed3__d0.5,cifar10,d0.5,0.5,proser_fedavg,0.3,5,12,0.05,0.05,0.0008333333333333334,0.004166666666666667,8.628627057186927e-10,9,9,9,delta_c/(M J) -> delta_c/M,1,6.0,energy,0.7,0.5293001546562193,0.0002372934958710404,1,6.0,energy,0.7,0.5404688793448835,0.0002372934958710404,0.0002372934958710404,0,1->1,1,1.0,1.0,1.0
cifar10_proser_fedavg__split01__seed3__d5.0,cifar10,d5,5.0,proser_fedavg,0.05,5,12,0.05,0.05,0.0008333333333333334,0.004166666666666667,0.07694497527671335,0,0,0,delta_c/(M J) -> delta_c/M,0,,,,0.0,,0,,,,0.0,,0.07694497527671335,0,0->0,1,1.0,1.0,1.0
cifar10_proser_fedavg__split01__seed3__d5.0,cifar10,d5,5.0,proser_fedavg,0.1,5,12,0.05,0.05,0.0008333333333333334,0.004166666666666667,0.004512181702123052,0,0,0,delta_c/(M J) -> delta_c/M,0,,,,0.0,,0,,,,0.0,,0.004512181702123052,0,0->0,1,1.0,1.0,1.0
cifar10_proser_fedavg__split01__seed3__d5.0,cifar10,d5,5.0,proser_fedavg,0.15,5,12,0.05,0.05,0.0008333333333333334,0.004166666666666667,0.00020794655397580282,6,6,6,delta_c/(M J) -> delta_c/M,1,9.0,margin,0.5,0.3020240876977838,0.002568526588268243,1,9.0,margin,0.5,0.31214314143182365,0.002568526588268243,0.002568526588268243,0,1->1,1,1.0,1.0,1.0
cifar10_proser_fedavg__split01__seed3__d5.0,cifar10,d5,5.0,proser_fedavg,0.2,5,12,0.05,0.05,0.0008333333333333334,0.004166666666666667,4.912107953042099e-07,9,9,9,delta_c/(M J) -> delta_c/M,1,2.0,proser,0.7,0.40902230270784046,0.008842525750259345,1,2.0,proser,0.7,0.41993988660277404,0.008842525750259345,0.008842525750259345,0,1->1,1,1.0,1.0,1.0
cifar10_proser_fedavg__split01__seed3__d5.0,cifar10,d5,5.0,proser_fedavg,0.25,5,12,0.05,0.05,0.0008333333333333334,0.004166666666666667,8.664246090793842e-10,9,9,9,delta_c/(M J) -> delta_c/M,1,10.0,margin,0.7,0.48615670165473684,0.0004415708041641203,1,10.0,margin,0.7,0.49730993305167703,0.0004415708041641203,0.0004415708041641203,0,1->1,1,1.0,1.0,1.0
cifar10_proser_fedavg__split01__seed3__d5.0,cifar10,d5,5.0,proser_fedavg,0.3,5,12,0.05,0.05,0.0008333333333333334,0.004166666666666667,3.994251166170477e-14,9,9,9,delta_c/(M J) -> delta_c/M,1,6.0,energy,0.7,0.5630027783948484,0.00014626752648101002,1,6.0,energy,0.7,0.5741256771155212,0.00014626752648101002,0.00014626752648101002,0,1->1,1,1.0,1.0,1.0
cifar10_proser_fedavg__split01__seed4__d0.1,cifar10,d0.1,0.1,proser_fedavg,0.05,5,12,0.05,0.05,0.0008333333333333334,0.004166666666666667,0.4892248091190623,0,0,0,delta_c/(M J) -> delta_c/M,0,,,,0.0,,0,,,,0.0,,0.4892248091190623,0,0->0,1,1.0,1.0,1.0
cifar10_proser_fedavg__split01__seed4__d0.1,cifar10,d0.1,0.1,proser_fedavg,0.1,5,12,0.05,0.05,0.0008333333333333334,0.004166666666666667,0.1775696118884056,0,0,0,delta_c/(M J) -> delta_c/M,0,,,,0.0,,0,,,,0.0,,0.1775696118884056,0,0->0,1,1.0,1.0,1.0
cifar10_proser_fedavg__split01__seed4__d0.1,cifar10,d0.1,0.1,proser_fedavg,0.15,5,12,0.05,0.05,0.0008333333333333334,0.004166666666666667,0.011751247642379775,0,0,0,delta_c/(M J) -> delta_c/M,0,,,,0.0,,0,,,,0.0,,0.011751247642379775,0,0->0,1,1.0,1.0,1.0
cifar10_proser_fedavg__split01__seed4__d0.1,cifar10,d0.1,0.1,proser_fedavg,0.2,5,12,0.05,0.05,0.0008333333333333334,0.004166666666666667,0.002146483796411395,2,2,2,delta_c/(M J) -> delta_c/M,1,8.0,margin,0.3,0.0927803076722809,0.002146483796411395,1,8.0,margin,0.3,0.09899686630197756,0.002146483796411395,0.002146483796411395,0,1->1,1,1.0,1.0,1.0
cifar10_proser_fedavg__split01__seed4__d0.1,cifar10,d0.1,0.1,proser_fedavg,0.25,5,12,0.05,0.05,0.0008333333333333334,0.004166666666666667,4.359259392780382e-05,3,3,3,delta_c/(M J) -> delta_c/M,1,8.0,margin,0.3,0.11095540548896891,4.359259392780382e-05,1,8.0,margin,0.3,0.11771632434823752,4.359259392780382e-05,4.359259392780382e-05,0,1->1,1,1.0,1.0,1.0
cifar10_proser_fedavg__split01__seed4__d0.1,cifar10,d0.1,0.1,proser_fedavg,0.3,5,12,0.05,0.05,0.0008333333333333334,0.004166666666666667,3.7272472208118695e-06,6,6,6,delta_c/(M J) -> delta_c/M,1,5.0,energy,0.5,0.14823786811815862,0.006553943457551685,1,5.0,energy,0.5,0.15594128738219845,0.006553943457551685,0.006553943457551685,0,1->1,1,1.0,1.0,1.0
cifar10_proser_fedavg__split01__seed4__d0.5,cifar10,d0.5,0.5,proser_fedavg,0.05,5,12,0.05,0.05,0.0008333333333333334,0.004166666666666667,0.7659497978362121,0,0,0,delta_c/(M J) -> delta_c/M,0,,,,0.0,,0,,,,0.0,,0.7659497978362121,0,0->0,1,1.0,1.0,1.0
cifar10_proser_fedavg__split01__seed4__d0.5,cifar10,d0.5,0.5,proser_fedavg,0.1,5,12,0.05,0.05,0.0008333333333333334,0.004166666666666667,0.25498820734047645,0,0,0,delta_c/(M J) -> delta_c/M,0,,,,0.0,,0,,,,0.0,,0.25498820734047645,0,0->0,1,1.0,1.0,1.0
cifar10_proser_fedavg__split01__seed4__d0.5,cifar10,d0.5,0.5,proser_fedavg,0.15,5,12,0.05,0.05,0.0008333333333333334,0.004166666666666667,0.030841491188518394,0,0,0,delta_c/(M J) -> delta_c/M,0,,,,0.0,,0,,,,0.0,,0.030841491188518394,0,0->0,1,1.0,1.0,1.0
cifar10_proser_fedavg__split01__seed4__d0.5,cifar10,d0.5,0.5,proser_fedavg,0.2,5,12,0.05,0.05,0.0008333333333333334,0.004166666666666667,0.0003770111857263494,2,2,2,delta_c/(M J) -> delta_c/M,1,0.0,proser,0.3,0.13625583189029453,0.0013638728670490195,1,0.0,proser,0.3,0.14367813470053795,0.0013638728670490195,0.0013638728670490195,0,1->1,1,1.0,1.0,1.0
cifar10_proser_fedavg__split01__seed4__d0.5,cifar10,d0.5,0.5,proser_fedavg,0.25,5,12,0.05,0.05,0.0008333333333333334,0.004166666666666667,4.7425484670891245e-05,6,6,6,delta_c/(M J) -> delta_c/M,1,9.0,margin,0.5,0.2598888245458525,0.0018385450562142494,1,9.0,margin,0.5,0.26952096205499826,0.0018385450562142494,0.0018385450562142494,0,1->1,1,1.0,1.0,1.0
cifar10_proser_fedavg__split01__seed4__d0.5,cifar10,d0.5,0.5,proser_fedavg,0.3,5,12,0.05,0.05,0.0008333333333333334,0.004166666666666667,4.011814228290567e-07,9,9,9,delta_c/(M J) -> delta_c/M,1,10.0,margin,0.7,0.42240057556943367,0.0014107835628394657,1,10.0,margin,0.7,0.4333784682019667,0.0014107835628394657,0.0014107835628394657,0,1->1,1,1.0,1.0,1.0
cifar10_proser_fedavg__split01__seed4__d5.0,cifar10,d5,5.0,proser_fedavg,0.05,5,12,0.05,0.05,0.0008333333333333334,0.004166666666666667,0.0642531180486782,0,0,0,delta_c/(M J) -> delta_c/M,0,,,,0.0,,0,,,,0.0,,0.0642531180486782,0,0->0,1,1.0,1.0,1.0
cifar10_proser_fedavg__split01__seed4__d5.0,cifar10,d5,5.0,proser_fedavg,0.1,5,12,0.05,0.05,0.0008333333333333334,0.004166666666666667,0.0024409451766685968,1,1,1,delta_c/(M J) -> delta_c/M,1,0.0,proser,0.3,0.18827126215458137,0.0024409451766685968,1,0.0,proser,0.3,0.19679377563164985,0.0024409451766685968,0.0024409451766685968,0,1->1,1,1.0,1.0,1.0
cifar10_proser_fedavg__split01__seed4__d5.0,cifar10,d5,5.0,proser_fedavg,0.15,5,12,0.05,0.05,0.0008333333333333334,0.004166666666666667,1.7289500779422006e-05,6,6,6,delta_c/(M J) -> delta_c/M,1,5.0,energy,0.5,0.3616616475294751,0.003193016868149161,1,5.0,energy,0.5,0.3722974188689161,0.003193016868149161,0.003193016868149161,0,1->1,1,1.0,1.0,1.0
cifar10_proser_fedavg__split01__seed4__d5.0,cifar10,d5,5.0,proser_fedavg,0.2,5,12,0.05,0.05,0.0008333333333333334,0.004166666666666667,3.652010175827932e-08,7,7,7,delta_c/(M J) -> delta_c/M,1,6.0,energy,0.7,0.4667165124745847,0.00726956680707976,1,6.0,energy,0.7,0.4778356665193009,0.00726956680707976,0.00726956680707976,0,1->1,1,1.0,1.0,1.0
cifar10_proser_fedavg__split01__seed4__d5.0,cifar10,d5,5.0,proser_fedavg,0.25,5,12,0.05,0.05,0.0008333333333333334,0.004166666666666667,2.86200493721523e-10,7,7,7,delta_c/(M J) -> delta_c/M,1,2.0,proser,0.7,0.5155159934458,0.007731951625783978,1,2.0,proser,0.7,0.526688779820232,0.007731951625783978,0.007731951625783978,0,1->1,1,1.0,1.0,1.0
cifar10_proser_fedavg__split01__seed4__d5.0,cifar10,d5,5.0,proser_fedavg,0.3,5,12,0.05,0.05,0.0008333333333333334,0.004166666666666667,5.520596111576704e-14,7,7,7,delta_c/(M J) -> delta_c/M,1,6.0,energy,0.7,0.5849874272556145,0.001008805031292556,1,6.0,energy,0.7,0.5960526028282653,0.001008805031292556,0.001008805031292556,0,1->1,1,1.0,1.0,1.0
cifar10_proser_fedavg__split02__seed0__d0.1,cifar10,d0.1,0.1,proser_fedavg,0.05,5,12,0.05,0.05,0.0008333333333333334,0.004166666666666667,1.0,0,0,0,delta_c/(M J) -> delta_c/M,0,,,,0.0,,0,,,,0.0,,1.0,0,0->0,1,1.0,1.0,1.0
cifar10_proser_fedavg__split02__seed0__d0.1,cifar10,d0.1,0.1,proser_fedavg,0.1,5,12,0.05,0.05,0.0008333333333333334,0.004166666666666667,1.0,0,0,0,delta_c/(M J) -> delta_c/M,0,,,,0.0,,0,,,,0.0,,1.0,0,0->0,1,1.0,1.0,1.0
cifar10_proser_fedavg__split02__seed0__d0.1,cifar10,d0.1,0.1,proser_fedavg,0.15,5,12,0.05,0.05,0.0008333333333333334,0.004166666666666667,1.0,0,0,0,delta_c/(M J) -> delta_c/M,0,,,,0.0,,0,,,,0.0,,1.0,0,0->0,1,1.0,1.0,1.0
cifar10_proser_fedavg__split02__seed0__d0.1,cifar10,d0.1,0.1,proser_fedavg,0.2,5,12,0.05,0.05,0.0008333333333333334,0.004166666666666667,1.0,0,0,0,delta_c/(M J) -> delta_c/M,0,,,,0.0,,0,,,,0.0,,1.0,0,0->0,1,1.0,1.0,1.0
cifar10_proser_fedavg__split02__seed0__d0.1,cifar10,d0.1,0.1,proser_fedavg,0.25,5,12,0.05,0.05,0.0008333333333333334,0.004166666666666667,0.984375,0,0,0,delta_c/(M J) -> delta_c/M,0,,,,0.0,,0,,,,0.0,,0.984375,0,0->0,1,1.0,1.0,1.0
cifar10_proser_fedavg__split02__seed0__d0.1,cifar10,d0.1,0.1,proser_fedavg,0.3,5,12,0.05,0.05,0.0008333333333333334,0.004166666666666667,0.973,0,0,0,delta_c/(M J) -> delta_c/M,0,,,,0.0,,0,,,,0.0,,0.973,0,0->0,1,1.0,1.0,1.0
cifar10_proser_fedavg__split02__seed0__d0.5,cifar10,d0.5,0.5,proser_fedavg,0.05,5,12,0.05,0.05,0.0008333333333333334,0.004166666666666667,0.8645761402602192,0,0,0,delta_c/(M J) -> delta_c/M,0,,,,0.0,,0,,,,0.0,,0.8645761402602192,0,0->0,1,1.0,1.0,1.0
cifar10_proser_fedavg__split02__seed0__d0.5,cifar10,d0.5,0.5,proser_fedavg,0.1,5,12,0.05,0.05,0.0008333333333333334,0.004166666666666667,0.6213449802582001,0,0,0,delta_c/(M J) -> delta_c/M,0,,,,0.0,,0,,,,0.0,,0.6213449802582001,0,0->0,1,1.0,1.0,1.0
cifar10_proser_fedavg__split02__seed0__d0.5,cifar10,d0.5,0.5,proser_fedavg,0.15,5,12,0.05,0.05,0.0008333333333333334,0.004166666666666667,0.3982769199812818,0,0,0,delta_c/(M J) -> delta_c/M,0,,,,0.0,,0,,,,0.0,,0.3982769199812818,0,0->0,1,1.0,1.0,1.0
cifar10_proser_fedavg__split02__seed0__d0.5,cifar10,d0.5,0.5,proser_fedavg,0.2,5,12,0.05,0.05,0.0008333333333333334,0.004166666666666667,0.33960989324590474,0,0,0,delta_c/(M J) -> delta_c/M,0,,,,0.0,,0,,,,0.0,,0.33960989324590474,0,0->0,1,1.0,1.0,1.0
cifar10_proser_fedavg__split02__seed0__d0.5,cifar10,d0.5,0.5,proser_fedavg,0.25,5,12,0.05,0.05,0.0008333333333333334,0.004166666666666667,0.2055297831434394,0,0,0,delta_c/(M J) -> delta_c/M,0,,,,0.0,,0,,,,0.0,,0.2055297831434394,0,0->0,1,1.0,1.0,1.0
cifar10_proser_fedavg__split02__seed0__d0.5,cifar10,d0.5,0.5,proser_fedavg,0.3,5,12,0.05,0.05,0.0008333333333333334,0.004166666666666667,0.02982737127537282,0,0,0,delta_c/(M J) -> delta_c/M,0,,,,0.0,,0,,,,0.0,,0.02982737127537282,0,0->0,1,1.0,1.0,1.0
cifar10_proser_fedavg__split02__seed0__d5.0,cifar10,d5,5.0,proser_fedavg,0.05,5,12,0.05,0.05,0.0008333333333333334,0.004166666666666667,0.81450625,0,0,0,delta_c/(M J) -> delta_c/M,0,,,,0.0,,0,,,,0.0,,0.81450625,0,0->0,1,1.0,1.0,1.0
cifar10_proser_fedavg__split02__seed0__d5.0,cifar10,d5,5.0,proser_fedavg,0.1,5,12,0.05,0.05,0.0008333333333333334,0.004166666666666667,0.6560999999999999,0,0,0,delta_c/(M J) -> delta_c/M,0,,,,0.0,,0,,,,0.0,,0.6560999999999999,0,0->0,1,1.0,1.0,1.0
cifar10_proser_fedavg__split02__seed0__d5.0,cifar10,d5,5.0,proser_fedavg,0.15,5,12,0.05,0.05,0.0008333333333333334,0.004166666666666667,0.3177549076921188,0,0,0,delta_c/(M J) -> delta_c/M,0,,,,0.0,,0,,,,0.0,,0.3177549076921188,0,0->0,1,1.0,1.0,1.0
cifar10_proser_fedavg__split02__seed0__d5.0,cifar10,d5,5.0,proser_fedavg,0.2,5,12,0.05,0.05,0.0008333333333333334,0.004166666666666667,0.01707707116915716,0,0,0,delta_c/(M J) -> delta_c/M,0,,,,0.0,,0,,,,0.0,,0.01707707116915716,0,0->0,1,1.0,1.0,1.0
cifar10_proser_fedavg__split02__seed0__d5.0,cifar10,d5,5.0,proser_fedavg,0.25,5,12,0.05,0.05,0.0008333333333333334,0.004166666666666667,0.000129118203725065,4,4,4,delta_c/(M J) -> delta_c/M,1,9.0,margin,0.5,0.3447745088778917,0.000129118203725065,1,9.0,margin,0.5,0.3552830329575743,0.000129118203725065,0.000129118203725065,0,1->1,1,1.0,1.0,1.0
cifar10_proser_fedavg__split02__seed0__d5.0,cifar10,d5,5.0,proser_fedavg,0.3,5,12,0.05,0.05,0.0008333333333333334,0.004166666666666667,2.0431370526469457e-06,5,5,5,delta_c/(M J) -> delta_c/M,1,5.0,energy,0.5,0.4071152851100888,2.589953190550938e-06,1,5.0,energy,0.5,0.4180235930891458,2.589953190550938e-06,2.589953190550938e-06,0,1->1,1,1.0,1.0,1.0
cifar10_proser_fedavg__split02__seed1__d0.1,cifar10,d0.1,0.1,proser_fedavg,0.05,5,12,0.05,0.05,0.0008333333333333334,0.004166666666666667,0.39906406512321496,0,0,0,delta_c/(M J) -> delta_c/M,0,,,,0.0,,0,,,,0.0,,0.39906406512321496,0,0->0,1,1.0,1.0,1.0
cifar10_proser_fedavg__split02__seed1__d0.1,cifar10,d0.1,0.1,proser_fedavg,0.1,5,12,0.05,0.05,0.0008333333333333334,0.004166666666666667,0.12004266532276492,0,0,0,delta_c/(M J) -> delta_c/M,0,,,,0.0,,0,,,,0.0,,0.12004266532276492,0,0->0,1,1.0,1.0,1.0
cifar10_proser_fedavg__split02__seed1__d0.1,cifar10,d0.1,0.1,proser_fedavg,0.15,5,12,0.05,0.05,0.0008333333333333334,0.004166666666666667,0.005530085153080009,0,0,0,delta_c/(M J) -> delta_c/M,0,,,,0.0,,0,,,,0.0,,0.005530085153080009,0,0->0,1,1.0,1.0,1.0
cifar10_proser_fedavg__split02__seed1__d0.1,cifar10,d0.1,0.1,proser_fedavg,0.2,5,12,0.05,0.05,0.0008333333333333334,0.004166666666666667,0.0027028598274277576,2,2,2,delta_c/(M J) -> delta_c/M,1,8.0,margin,0.3,0.0911462576066347,0.0027028598274277576,1,8.0,margin,0.3,0.09731047765897691,0.0027028598274277576,0.0027028598274277576,0,1->1,1,1.0,1.0,1.0
cifar10_proser_fedavg__split02__seed1__d0.1,cifar10,d0.1,0.1,proser_fedavg,0.25,5,12,0.05,0.05,0.0008333333333333334,0.004166666666666667,6.414394973528623e-07,6,6,6,delta_c/(M J) -> delta_c/M,1,9.0,margin,0.5,0.26899371588219095,0.002492877110017034,1,9.0,margin,0.5,0.2787404050214185,0.002492877110017034,0.002492877110017034,0,1->1,1,1.0,1.0,1.0
cifar10_proser_fedavg__split02__seed1__d0.1,cifar10,d0.1,0.1,proser_fedavg,0.3,5,12,0.05,0.05,0.0008333333333333334,0.004166666666666667,6.457765421332048e-08,6,6,6,delta_c/(M J) -> delta_c/M,1,9.0,margin,0.5,0.3057177688241353,0.00014044514236577255,1,9.0,margin,0.5,0.3158744522294004,0.00014044514236577255,0.00014044514236577255,0,1->1,1,1.0,1.0,1.0
cifar10_proser_fedavg__split02__seed1__d0.5,cifar10,d0.5,0.5,proser_fedavg,0.05,5,12,0.05,0.05,0.0008333333333333334,0.004166666666666667,0.95,0,0,0,delta_c/(M J) -> delta_c/M,0,,,,0.0,,0,,,,0.0,,0.95,0,0->0,1,1.0,1.0,1.0
cifar10_proser_fedavg__split02__seed1__d0.5,cifar10,d0.5,0.5,proser_fedavg,0.1,5,12,0.05,0.05,0.0008333333333333334,0.004166666666666667,0.760714308774535,0,0,0,delta_c/(M J) -> delta_c/M,0,,,,0.0,,0,,,,0.0,,0.760714308774535,0,0->0,1,1.0,1.0,1.0
cifar10_proser_fedavg__split02__seed1__d0.5,cifar10,d0.5,0.5,proser_fedavg,0.15,5,12,0.05,0.05,0.0008333333333333334,0.004166666666666667,0.33281254167946567,0,0,0,delta_c/(M J) -> delta_c/M,0,,,,0.0,,0,,,,0.0,,0.33281254167946567,0,0->0,1,1.0,1.0,1.0
cifar10_proser_fedavg__split02__seed1__d0.5,cifar10,d0.5,0.5,proser_fedavg,0.2,5,12,0.05,0.05,0.0008333333333333334,0.004166666666666667,0.022098847592425905,0,0,0,delta_c/(M J) -> delta_c/M,0,,,,0.0,,0,,,,0.0,,0.022098847592425905,0,0->0,1,1.0,1.0,1.0
cifar10_proser_fedavg__split02__seed1__d0.5,cifar10,d0.5,0.5,proser_fedavg,0.25,5,12,0.05,0.05,0.0008333333333333334,0.004166666666666667,0.0012818548194370328,6,6,6,delta_c/(M J) -> delta_c/M,1,6.0,energy,0.7,0.43006817641327777,0.004186951214199541,1,6.0,energy,0.7,0.4410769037123028,0.004186951214199541,0.004186951214199541,0,1->1,1,1.0,1.0,1.0
cifar10_proser_fedavg__split02__seed1__d0.5,cifar10,d0.5,0.5,proser_fedavg,0.3,5,12,0.05,0.05,0.0008333333333333334,0.004166666666666667,6.379694163469853e-06,8,8,8,delta_c/(M J) -> delta_c/M,1,10.0,margin,0.7,0.5391789941864202,0.0004982479937831069,1,10.0,margin,0.7,0.550339583336892,0.0004982479937831069,0.0004982479937831069,0,1->1,1,1.0,1.0,1.0
cifar10_proser_fedavg__split02__seed1__d5.0,cifar10,d5,5.0,proser_fedavg,0.05,5,12,0.05,0.05,0.0008333333333333334,0.004166666666666667,0.6302494097246094,0,0,0,delta_c/(M J) -> delta_c/M,0,,,,0.0,,0,,,,0.0,,0.6302494097246094,0,0->0,1,1.0,1.0,1.0
cifar10_proser_fedavg__split02__seed1__d5.0,cifar10,d5,5.0,proser_fedavg,0.1,5,12,0.05,0.05,0.0008333333333333334,0.004166666666666667,0.3874204889999999,0,0,0,delta_c/(M J) -> delta_c/M,0,,,,0.0,,0,,,,0.0,,0.3874204889999999,0,0->0,1,1.0,1.0,1.0
cifar10_proser_fedavg__split02__seed1__d5.0,cifar10,d5,5.0,proser_fedavg,0.15,5,12,0.05,0.05,0.0008333333333333334,0.004166666666666667,0.03255150598152967,0,0,0,delta_c/(M J) -> delta_c/M,0,,,,0.0,,0,,,,0.0,,0.03255150598152967,0,0->0,1,1.0,1.0,1.0
cifar10_proser_fedavg__split02__seed1__d5.0,cifar10,d5,5.0,proser_fedavg,0.2,5,12,0.05,0.05,0.0008333333333333334,0.004166666666666667,0.004587976204777693,0,0,0,delta_c/(M J) -> delta_c/M,0,,,,0.0,,0,,,,0.0,,0.004587976204777693,0,0->0,1,1.0,1.0,1.0
cifar10_proser_fedavg__split02__seed1__d5.0,cifar10,d5,5.0,proser_fedavg,0.25,5,12,0.05,0.05,0.0008333333333333334,0.004166666666666667,8.614039824701858e-06,6,6,6,delta_c/(M J) -> delta_c/M,1,9.0,margin,0.5,0.32797563791332107,0.0006785347748312605,1,9.0,margin,0.5,0.3383429237994713,0.0006785347748312605,0.0006785347748312605,0,1->1,1,1.0,1.0,1.0
cifar10_proser_fedavg__split02__seed1__d5.0,cifar10,d5,5.0,proser_fedavg,0.3,5,12,0.05,0.05,0.0008333333333333334,0.004166666666666667,2.3792814909018455e-08,9,9,9,delta_c/(M J) -> delta_c/M,1,6.0,energy,0.7,0.6212795538514785,0.002151827747138602,1,6.0,energy,0.7,0.6321999952718762,0.002151827747138602,0.002151827747138602,0,1->1,1,1.0,1.0,1.0
cifar10_proser_fedavg__split02__seed2__d0.1,cifar10,d0.1,0.1,proser_fedavg,0.05,5,12,0.05,0.05,0.0008333333333333334,0.004166666666666667,0.9804317380028454,0,0,0,delta_c/(M J) -> delta_c/M,0,,,,0.0,,0,,,,0.0,,0.9804317380028454,0,0->0,1,1.0,1.0,1.0
cifar10_proser_fedavg__split02__seed2__d0.1,cifar10,d0.1,0.1,proser_fedavg,0.1,5,12,0.05,0.05,0.0008333333333333334,0.004166666666666667,0.8891300222549999,0,0,0,delta_c/(M J) -> delta_c/M,0,,,,0.0,,0,,,,0.0,,0.8891300222549999,0,0->0,1,1.0,1.0,1.0
cifar10_proser_fedavg__split02__seed2__d0.1,cifar10,d0.1,0.1,proser_fedavg,0.15,5,12,0.05,0.05,0.0008333333333333334,0.004166666666666667,0.6587851619552537,0,0,0,delta_c/(M J) -> delta_c/M,0,,,,0.0,,0,,,,0.0,,0.6587851619552537,0,0->0,1,1.0,1.0,1.0
cifar10_proser_fedavg__split02__seed2__d0.1,cifar10,d0.1,0.1,proser_fedavg,0.2,5,12,0.05,0.05,0.0008333333333333334,0.004166666666666667,0.45987732975757845,0,0,0,delta_c/(M J) -> delta_c/M,0,,,,0.0,,0,,,,0.0,,0.45987732975757845,0,0->0,1,1.0,1.0,1.0
cifar10_proser_fedavg__split02__seed2__d0.1,cifar10,d0.1,0.1,proser_fedavg,0.25,5,12,0.05,0.05,0.0008333333333333334,0.004166666666666667,0.2174613995971728,0,0,0,delta_c/(M J) -> delta_c/M,0,,,,0.0,,0,,,,0.0,,0.2174613995971728,0,0->0,1,1.0,1.0,1.0
cifar10_proser_fedavg__split02__seed2__d0.1,cifar10,d0.1,0.1,proser_fedavg,0.3,5,12,0.05,0.05,0.0008333333333333334,0.004166666666666667,0.07885062482305619,0,0,0,delta_c/(M J) -> delta_c/M,0,,,,0.0,,0,,,,0.0,,0.07885062482305619,0,0->0,1,1.0,1.0,1.0
cifar10_proser_fedavg__split02__seed2__d0.5,cifar10,d0.5,0.5,proser_fedavg,0.05,5,12,0.05,0.05,0.0008333333333333334,0.004166666666666667,0.2722378123452851,0,0,0,delta_c/(M J) -> delta_c/M,0,,,,0.0,,0,,,,0.0,,0.2722378123452851,0,0->0,1,1.0,1.0,1.0
cifar10_proser_fedavg__split02__seed2__d0.5,cifar10,d0.5,0.5,proser_fedavg,0.1,5,12,0.05,0.05,0.0008333333333333334,0.004166666666666667,0.012571616652648054,0,0,0,delta_c/(M J) -> delta_c/M,0,,,,0.0,,0,,,,0.0,,0.012571616652648054,0,0->0,1,1.0,1.0,1.0
cifar10_proser_fedavg__split02__seed2__d0.5,cifar10,d0.5,0.5,proser_fedavg,0.15,5,12,0.05,0.05,0.0008333333333333334,0.004166666666666667,9.932921051722852e-05,4,4,4,delta_c/(M J) -> delta_c/M,1,1.0,proser,0.5,0.20240781406066913,0.002363096553272454,1,1.0,proser,0.5,0.21118180071386614,0.002363096553272454,0.002363096553272454,0,1->1,1,1.0,1.0,1.0
cifar10_proser_fedavg__split02__seed2__d0.5,cifar10,d0.5,0.5,proser_fedavg,0.2,5,12,0.05,0.05,0.0008333333333333334,0.004166666666666667,1.244091607891062e-06,9,9,9,delta_c/(M J) -> delta_c/M,1,6.0,energy,0.7,0.35414545977452894,0.007675380306919983,1,6.0,energy,0.7,0.3647263876560867,0.007675380306919983,0.007675380306919983,0,1->1,1,1.0,1.0,1.0
cifar10_proser_fedavg__split02__seed2__d0.5,cifar10,d0.5,0.5,proser_fedavg,0.25,5,12,0.05,0.05,0.0008333333333333334,0.004166666666666667,8.384936882046439e-09,9,9,9,delta_c/(M J) -> delta_c/M,1,10.0,margin,0.7,0.46090491891992885,0.0025712354745847732,1,10.0,margin,0.7,0.4720106043518665,0.0025712354745847732,0.0025712354745847732,0,1->1,1,1.0,1.0,1.0
cifar10_proser_fedavg__split02__seed2__d0.5,cifar10,d0.5,0.5,proser_fedavg,0.3,5,12,0.05,0.05,0.0008333333333333334,0.004166666666666667,3.0446872804431227e-12,9,9,9,delta_c/(M J) -> delta_c/M,1,6.0,energy,0.7,0.5293001546562193,0.00020516787303925802,1,6.0,energy,0.7,0.5404688793448835,0.00020516787303925802,0.00020516787303925802,0,1->1,1,1.0,1.0,1.0
cifar10_proser_fedavg__split02__seed2__d5.0,cifar10,d5,5.0,proser_fedavg,0.05,5,12,0.05,0.05,0.0008333333333333334,0.004166666666666667,0.6060962172712081,0,0,0,delta_c/(M J) -> delta_c/M,0,,,,0.0,,0,,,,0.0,,0.6060962172712081,0,0->0,1,1.0,1.0,1.0
cifar10_proser_fedavg__split02__seed2__d5.0,cifar10,d5,5.0,proser_fedavg,0.1,5,12,0.05,0.05,0.0008333333333333334,0.004166666666666667,0.1876106570830112,0,0,0,delta_c/(M J) -> delta_c/M,0,,,,0.0,,0,,,,0.0,,0.1876106570830112,0,0->0,1,1.0,1.0,1.0
cifar10_proser_fedavg__split02__seed2__d5.0,cifar10,d5,5.0,proser_fedavg,0.15,5,12,0.05,0.05,0.0008333333333333334,0.004166666666666667,0.013192279383268357,0,0,0,delta_c/(M J) -> delta_c/M,0,,,,0.0,,0,,,,0.0,,0.013192279383268357,0,0->0,1,1.0,1.0,1.0
cifar10_proser_fedavg__split02__seed2__d5.0,cifar10,d5,5.0,proser_fedavg,0.2,5,12,0.05,0.05,0.0008333333333333334,0.004166666666666667,0.0001081702268155528,8,8,8,delta_c/(M J) -> delta_c/M,1,6.0,energy,0.7,0.3673100393851205,0.0008308485132826339,1,6.0,energy,0.7,0.377985159670785,0.0008308485132826339,0.0008308485132826339,0,1->1,1,1.0,1.0,1.0
cifar10_proser_fedavg__split02__seed2__d5.0,cifar10,d5,5.0,proser_fedavg,0.25,5,12,0.05,0.05,0.0008333333333333334,0.004166666666666667,9.050666254966736e-07,9,9,9,delta_c/(M J) -> delta_c/M,1,6.0,energy,0.7,0.48031358933328333,0.0007099570197148125,1,6.0,energy,0.7,0.4914583508940767,0.0007099570197148125,0.0007099570197148125,0,1->1,1,1.0,1.0,1.0
cifar10_proser_fedavg__split02__seed2__d5.0,cifar10,d5,5.0,proser_fedavg,0.3,5,12,0.05,0.05,0.0008333333333333334,0.004166666666666667,3.203279219863301e-10,9,9,9,delta_c/(M J) -> delta_c/M,1,10.0,margin,0.7,0.5789774323237775,0.0015963632518677974,1,10.0,margin,0.7,0.5900605984775639,0.0015963632518677974,0.0015963632518677974,0,1->1,1,1.0,1.0,1.0
cifar10_proser_fedavg__split02__seed3__d0.1,cifar10,d0.1,0.1,proser_fedavg,0.05,5,12,0.05,0.05,0.0008333333333333334,0.004166666666666667,1.0,0,0,0,delta_c/(M J) -> delta_c/M,0,,,,0.0,,0,,,,0.0,,1.0,0,0->0,1,1.0,1.0,1.0
cifar10_proser_fedavg__split02__seed3__d0.1,cifar10,d0.1,0.1,proser_fedavg,0.1,5,12,0.05,0.05,0.0008333333333333334,0.004166666666666667,0.7748409780000001,0,0,0,delta_c/(M J) -> delta_c/M,0,,,,0.0,,0,,,,0.0,,0.7748409780000001,0,0->0,1,1.0,1.0,1.0
cifar10_proser_fedavg__split02__seed3__d0.1,cifar10,d0.1,0.1,proser_fedavg,0.15,5,12,0.05,0.05,0.0008333333333333334,0.004166666666666667,0.4071834391478634,0,0,0,delta_c/(M J) -> delta_c/M,0,,,,0.0,,0,,,,0.0,,0.4071834391478634,0,0->0,1,1.0,1.0,1.0
cifar10_proser_fedavg__split02__seed3__d0.1,cifar10,d0.1,0.1,proser_fedavg,0.2,5,12,0.05,0.05,0.0008333333333333334,0.004166666666666667,0.18228334623876855,0,0,0,delta_c/(M J) -> delta_c/M,0,,,,0.0,,0,,,,0.0,,0.18228334623876855,0,0->0,1,1.0,1.0,1.0
cifar10_proser_fedavg__split02__seed3__d0.1,cifar10,d0.1,0.1,proser_fedavg,0.25,5,12,0.05,0.05,0.0008333333333333334,0.004166666666666667,0.08298694075383262,0,0,0,delta_c/(M J) -> delta_c/M,0,,,,0.0,,0,,,,0.0,,0.08298694075383262,0,0->0,1,1.0,1.0,1.0
cifar10_proser_fedavg__split02__seed3__d0.1,cifar10,d0.1,0.1,proser_fedavg,0.3,5,12,0.05,0.05,0.0008333333333333334,0.004166666666666667,0.01568955332209943,0,0,0,delta_c/(M J) -> delta_c/M,0,,,,0.0,,0,,,,0.0,,0.01568955332209943,0,0->0,1,1.0,1.0,1.0
cifar10_proser_fedavg__split02__seed3__d0.5,cifar10,d0.5,0.5,proser_fedavg,0.05,5,12,0.05,0.05,0.0008333333333333334,0.004166666666666667,0.6423758535453004,0,0,0,delta_c/(M J) -> delta_c/M,0,,,,0.0,,0,,,,0.0,,0.6423758535453004,0,0->0,1,1.0,1.0,1.0
cifar10_proser_fedavg__split02__seed3__d0.5,cifar10,d0.5,0.5,proser_fedavg,0.1,5,12,0.05,0.05,0.0008333333333333334,0.004166666666666667,0.21515402691124838,0,0,0,delta_c/(M J) -> delta_c/M,0,,,,0.0,,0,,,,0.0,,0.21515402691124838,0,0->0,1,1.0,1.0,1.0
cifar10_proser_fedavg__split02__seed3__d0.5,cifar10,d0.5,0.5,proser_fedavg,0.15,5,12,0.05,0.05,0.0008333333333333334,0.004166666666666667,0.0930705003766545,0,0,0,delta_c/(M J) -> delta_c/M,0,,,,0.0,,0,,,,0.0,,0.0930705003766545,0,0->0,1,1.0,1.0,1.0
cifar10_proser_fedavg__split02__seed3__d0.5,cifar10,d0.5,0.5,proser_fedavg,0.2,5,12,0.05,0.05,0.0008333333333333334,0.004166666666666667,0.00823590232579782,0,0,0,delta_c/(M J) -> delta_c/M,0,,,,0.0,,0,,,,0.0,,0.00823590232579782,0,0->0,1,1.0,1.0,1.0
cifar10_proser_fedavg__split02__seed3__d0.5,cifar10,d0.5,0.5,proser_fedavg,0.25,5,12,0.05,0.05,0.0008333333333333334,0.004166666666666667,0.0002456007939279491,2,2,2,delta_c/(M J) -> delta_c/M,1,9.0,margin,0.5,0.10762497413253752,0.0002456007939279491,1,9.0,margin,0.5,0.11429096820363398,0.0002456007939279491,0.0002456007939279491,0,1->1,1,1.0,1.0,1.0
cifar10_proser_fedavg__split02__seed3__d0.5,cifar10,d0.5,0.5,proser_fedavg,0.3,5,12,0.05,0.05,0.0008333333333333334,0.004166666666666667,8.592676817406441e-06,9,9,9,delta_c/(M J) -> delta_c/M,1,10.0,margin,0.7,0.46865580323174344,0.000987622048860418,1,10.0,margin,0.7,0.4797791148832116,0.000987622048860418,0.000987622048860418,0,1->1,1,1.0,1.0,1.0
cifar10_proser_fedavg__split02__seed3__d5.0,cifar10,d5,5.0,proser_fedavg,0.05,5,12,0.05,0.05,0.0008333333333333334,0.004166666666666667,0.6302494097246094,0,0,0,delta_c/(M J) -> delta_c/M,0,,,,0.0,,0,,,,0.0,,0.6302494097246094,0,0->0,1,1.0,1.0,1.0
cifar10_proser_fedavg__split02__seed3__d5.0,cifar10,d5,5.0,proser_fedavg,0.1,5,12,0.05,0.05,0.0008333333333333334,0.004166666666666667,0.3119438830816539,0,0,0,delta_c/(M J) -> delta_c/M,0,,,,0.0,,0,,,,0.0,,0.3119438830816539,0,0->0,1,1.0,1.0,1.0
cifar10_proser_fedavg__split02__seed3__d5.0,cifar10,d5,5.0,proser_fedavg,0.15,5,12,0.05,0.05,0.0008333333333333334,0.004166666666666667,0.05837677641677273,0,0,0,delta_c/(M J) -> delta_c/M,0,,,,0.0,,0,,,,0.0,,0.05837677641677273,0,0->0,1,1.0,1.0,1.0
cifar10_proser_fedavg__split02__seed3__d5.0,cifar10,d5,5.0,proser_fedavg,0.2,5,12,0.05,0.05,0.0008333333333333334,0.004166666666666667,0.0016288284063488575,4,4,4,delta_c/(M J) -> delta_c/M,1,1.0,proser,0.5,0.17948858879506796,0.0019847143595408036,1,1.0,proser,0.5,0.18784561640876785,0.0019847143595408036,0.0019847143595408036,0,1->1,1,1.0,1.0,1.0
cifar10_proser_fedavg__split02__seed3__d5.0,cifar10,d5,5.0,proser_fedavg,0.25,5,12,0.05,0.05,0.0008333333333333334,0.004166666666666667,1.643261348350321e-05,8,8,8,delta_c/(M J) -> delta_c/M,1,10.0,margin,0.7,0.4551027269545442,0.001806261920332378,1,10.0,margin,0.7,0.46619345269764023,0.001806261920332378,0.001806261920332378,0,1->1,1,1.0,1.0,1.0
cifar10_proser_fedavg__split02__seed3__d5.0,cifar10,d5,5.0,proser_fedavg,0.3,5,12,0.05,0.05,0.0008333333333333334,0.004166666666666667,1.3204232921606404e-08,8,8,8,delta_c/(M J) -> delta_c/M,1,2.0,proser,0.7,0.5630027783948484,5.873570229288621e-05,1,2.0,proser,0.7,0.5741256771155212,5.873570229288621e-05,5.873570229288621e-05,0,1->1,1,1.0,1.0,1.0
cifar10_proser_fedavg__split02__seed4__d0.1,cifar10,d0.1,0.1,proser_fedavg,0.05,5,12,0.05,0.05,0.0008333333333333334,0.004166666666666667,0.540360087662637,0,0,0,delta_c/(M J) -> delta_c/M,0,,,,0.0,,0,,,,0.0,,0.540360087662637,0,0->0,1,1.0,1.0,1.0
cifar10_proser_fedavg__split02__seed4__d0.1,cifar10,d0.1,0.1,proser_fedavg,0.1,5,12,0.05,0.05,0.0008333333333333334,0.004166666666666667,0.21515402691124838,0,0,0,delta_c/(M J) -> delta_c/M,0,,,,0.0,,0,,,,0.0,,0.21515402691124838,0,0->0,1,1.0,1.0,1.0
cifar10_proser_fedavg__split02__seed4__d0.1,cifar10,d0.1,0.1,proser_fedavg,0.15,5,12,0.05,0.05,0.0008333333333333334,0.004166666666666667,0.12041617319681491,0,0,0,delta_c/(M J) -> delta_c/M,0,,,,0.0,,0,,,,0.0,,0.12041617319681491,0,0->0,1,1.0,1.0,1.0
cifar10_proser_fedavg__split02__seed4__d0.1,cifar10,d0.1,0.1,proser_fedavg,0.2,5,12,0.05,0.05,0.0008333333333333334,0.004166666666666667,0.08081272576454976,0,0,0,delta_c/(M J) -> delta_c/M,0,,,,0.0,,0,,,,0.0,,0.08081272576454976,0,0->0,1,1.0,1.0,1.0
cifar10_proser_fedavg__split02__seed4__d0.1,cifar10,d0.1,0.1,proser_fedavg,0.25,5,12,0.05,0.05,0.0008333333333333334,0.004166666666666667,0.013611303685145808,0,0,0,delta_c/(M J) -> delta_c/M,0,,,,0.0,,0,,,,0.0,,0.013611303685145808,0,0->0,1,1.0,1.0,1.0
cifar10_proser_fedavg__split02__seed4__d0.1,cifar10,d0.1,0.1,proser_fedavg,0.3,5,12,0.05,0.05,0.0008333333333333334,0.004166666666666667,0.0120950174166321,0,0,0,delta_c/(M J) -> delta_c/M,0,,,,0.0,,0,,,,0.0,,0.0120950174166321,0,0->0,1,1.0,1.0,1.0
cifar10_proser_fedavg__split02__seed4__d0.5,cifar10,d0.5,0.5,proser_fedavg,0.05,5,12,0.05,0.05,0.0008333333333333334,0.004166666666666667,0.881640143028513,0,0,0,delta_c/(M J) -> delta_c/M,0,,,,0.0,,0,,,,0.0,,0.881640143028513,0,0->0,1,1.0,1.0,1.0
cifar10_proser_fedavg__split02__seed4__d0.5,cifar10,d0.5,0.5,proser_fedavg,0.1,5,12,0.05,0.05,0.0008333333333333334,0.004166666666666667,0.5309848659700338,0,0,0,delta_c/(M J) -> delta_c/M,0,,,,0.0,,0,,,,0.0,,0.5309848659700338,0,0->0,1,1.0,1.0,1.0
cifar10_proser_fedavg__split02__seed4__d0.5,cifar10,d0.5,0.5,proser_fedavg,0.15,5,12,0.05,0.05,0.0008333333333333334,0.004166666666666667,0.22453516640321552,0,0,0,delta_c/(M J) -> delta_c/M,0,,,,0.0,,0,,,,0.0,,0.22453516640321552,0,0->0,1,1.0,1.0,1.0
cifar10_proser_fedavg__split02__seed4__d0.5,cifar10,d0.5,0.5,proser_fedavg,0.2,5,12,0.05,0.05,0.0008333333333333334,0.004166666666666667,0.06696157477843495,0,0,0,delta_c/(M J) -> delta_c/M,0,,,,0.0,,0,,,,0.0,,0.06696157477843495,0,0->0,1,1.0,1.0,1.0
cifar10_proser_fedavg__split02__seed4__d0.5,cifar10,d0.5,0.5,proser_fedavg,0.25,5,12,0.05,0.05,0.0008333333333333334,0.004166666666666667,0.010854410390453996,0,0,0,delta_c/(M J) -> delta_c/M,0,,,,0.0,,0,,,,0.0,,0.010854410390453996,0,0->0,1,1.0,1.0,1.0
cifar10_proser_fedavg__split02__seed4__d0.5,cifar10,d0.5,0.5,proser_fedavg,0.3,5,12,0.05,0.05,0.0008333333333333334,0.004166666666666667,0.0018534230635757606,5,5,5,delta_c/(M J) -> delta_c/M,1,5.0,energy,0.5,0.17074847652977038,0.004253102544337686,1,5.0,energy,0.5,0.17893330314151554,0.004253102544337686,0.004253102544337686,0,1->1,1,1.0,1.0,1.0
cifar10_proser_fedavg__split02__seed4__d5.0,cifar10,d5,5.0,proser_fedavg,0.05,5,12,0.05,0.05,0.0008333333333333334,0.004166666666666667,0.7169718448170848,0,0,0,delta_c/(M J) -> delta_c/M,0,,,,0.0,,0,,,,0.0,,0.7169718448170848,0,0->0,1,1.0,1.0,1.0
cifar10_proser_fedavg__split02__seed4__d5.0,cifar10,d5,5.0,proser_fedavg,0.1,5,12,0.05,0.05,0.0008333333333333334,0.004166666666666667,0.08511060545902034,0,0,0,delta_c/(M J) -> delta_c/M,0,,,,0.0,,0,,,,0.0,,0.08511060545902034,0,0->0,1,1.0,1.0,1.0
cifar10_proser_fedavg__split02__seed4__d5.0,cifar10,d5,5.0,proser_fedavg,0.15,5,12,0.05,0.05,0.0008333333333333334,0.004166666666666667,0.0034874681714783247,1,1,1,delta_c/(M J) -> delta_c/M,1,4.0,energy,0.3,0.09605799373108508,0.0034874681714783247,1,4.0,energy,0.3,0.10237773175548391,0.0034874681714783247,0.0034874681714783247,0,1->1,1,1.0,1.0,1.0
cifar10_proser_fedavg__split02__seed4__d5.0,cifar10,d5,5.0,proser_fedavg,0.2,5,12,0.05,0.05,0.0008333333333333334,0.004166666666666667,2.803332772297815e-05,5,5,5,delta_c/(M J) -> delta_c/M,1,9.0,margin,0.5,0.2562557266025393,0.0007086193191472368,1,9.0,margin,0.5,0.2658406413126157,0.0007086193191472368,0.0007086193191472368,0,1->1,1,1.0,1.0,1.0
cifar10_proser_fedavg__split02__seed4__d5.0,cifar10,d5,5.0,proser_fedavg,0.25,5,12,0.05,0.05,0.0008333333333333334,0.004166666666666667,3.7803560249697786e-06,6,6,6,delta_c/(M J) -> delta_c/M,1,5.0,energy,0.5,0.3691949703418786,0.0016504181935292038,1,5.0,energy,0.5,0.3798828686733124,0.0016504181935292038,0.0016504181935292038,0,1->1,1,1.0,1.0,1.0
cifar10_proser_fedavg__split02__seed4__d5.0,cifar10,d5,5.0,proser_fedavg,0.3,5,12,0.05,0.05,0.0008333333333333334,0.004166666666666667,1.6317857872111413e-10,9,9,9,delta_c/(M J) -> delta_c/M,1,6.0,energy,0.7,0.6010673554752229,0.0012906113507324918,1,6.0,energy,0.7,0.6120761127751614,0.0012906113507324918,0.0012906113507324918,0,1->1,1,1.0,1.0,1.0
cifar10_proser_fedavg__split03__seed0__d0.1,cifar10,d0.1,0.1,proser_fedavg,0.05,5,12,0.05,0.05,0.0008333333333333334,0.004166666666666667,0.7358395249438502,0,0,0,delta_c/(M J) -> delta_c/M,0,,,,0.0,,0,,,,0.0,,0.7358395249438502,0,0->0,1,1.0,1.0,1.0
cifar10_proser_fedavg__split03__seed0__d0.1,cifar10,d0.1,0.1,proser_fedavg,0.1,5,12,0.05,0.05,0.0008333333333333334,0.004166666666666667,0.3917469981251679,0,0,0,delta_c/(M J) -> delta_c/M,0,,,,0.0,,0,,,,0.0,,0.3917469981251679,0,0->0,1,1.0,1.0,1.0
cifar10_proser_fedavg__split03__seed0__d0.1,cifar10,d0.1,0.1,proser_fedavg,0.15,5,12,0.05,0.05,0.0008333333333333334,0.004166666666666667,0.1434838802508825,0,0,0,delta_c/(M J) -> delta_c/M,0,,,,0.0,,0,,,,0.0,,0.1434838802508825,0,0->0,1,1.0,1.0,1.0
cifar10_proser_fedavg__split03__seed0__d0.1,cifar10,d0.1,0.1,proser_fedavg,0.2,5,12,0.05,0.05,0.0008333333333333334,0.004166666666666667,0.03305656538008757,0,0,0,delta_c/(M J) -> delta_c/M,0,,,,0.0,,0,,,,0.0,,0.03305656538008757,0,0->0,1,1.0,1.0,1.0
cifar10_proser_fedavg__split03__seed0__d0.1,cifar10,d0.1,0.1,proser_fedavg,0.25,5,12,0.05,0.05,0.0008333333333333334,0.004166666666666667,0.005830336286302429,0,0,0,delta_c/(M J) -> delta_c/M,0,,,,0.0,,0,,,,0.0,,0.005830336286302429,0,0->0,1,1.0,1.0,1.0
cifar10_proser_fedavg__split03__seed0__d0.1,cifar10,d0.1,0.1,proser_fedavg,0.3,5,12,0.05,0.05,0.0008333333333333334,0.004166666666666667,0.0011399083267143685,2,2,2,delta_c/(M J) -> delta_c/M,1,1.0,proser,0.5,0.03520387754430068,0.00256089607090781,1,1.0,proser,0.5,0.03903700895926686,0.00256089607090781,0.00256089607090781,0,1->1,1,1.0,1.0,1.0
cifar10_proser_fedavg__split03__seed0__d0.5,cifar10,d0.5,0.5,proser_fedavg,0.05,5,12,0.05,0.05,0.0008333333333333334,0.004166666666666667,0.6702552841004994,0,0,0,delta_c/(M J) -> delta_c/M,0,,,,0.0,,0,,,,0.0,,0.6702552841004994,0,0->0,1,1.0,1.0,1.0
cifar10_proser_fedavg__split03__seed0__d0.5,cifar10,d0.5,0.5,proser_fedavg,0.1,5,12,0.05,0.05,0.0008333333333333334,0.004166666666666667,0.15569280926624063,0,0,0,delta_c/(M J) -> delta_c/M,0,,,,0.0,,0,,,,0.0,,0.15569280926624063,0,0->0,1,1.0,1.0,1.0
cifar10_proser_fedavg__split03__seed0__d0.5,cifar10,d0.5,0.5,proser_fedavg,0.15,5,12,0.05,0.05,0.0008333333333333334,0.004166666666666667,0.029551500136594244,0,0,0,delta_c/(M J) -> delta_c/M,0,,,,0.0,,0,,,,0.0,,0.029551500136594244,0,0->0,1,1.0,1.0,1.0
cifar10_proser_fedavg__split03__seed0__d0.5,cifar10,d0.5,0.5,proser_fedavg,0.2,5,12,0.05,0.05,0.0008333333333333334,0.004166666666666667,0.007970241440102555,0,0,0,delta_c/(M J) -> delta_c/M,0,,,,0.0,,0,,,,0.0,,0.007970241440102555,0,0->0,1,1.0,1.0,1.0
cifar10_proser_fedavg__split03__seed0__d0.5,cifar10,d0.5,0.5,proser_fedavg,0.25,5,12,0.05,0.05,0.0008333333333333334,0.004166666666666667,0.00030169424202276584,6,6,6,delta_c/(M J) -> delta_c/M,1,9.0,margin,0.5,0.1988642275537066,0.0005666354243681462,1,9.0,margin,0.5,0.20757683802116747,0.0005666354243681462,0.0005666354243681462,0,1->1,1,1.0,1.0,1.0
cifar10_proser_fedavg__split03__seed0__d0.5,cifar10,d0.5,0.5,proser_fedavg,0.3,5,12,0.05,0.05,0.0008333333333333334,0.004166666666666667,8.513962876886423e-07,8,8,8,delta_c/(M J) -> delta_c/M,1,2.0,proser,0.7,0.38241919831898763,0.0015167978397710336,1,2.0,proser,0.7,0.39319183232033605,0.0015167978397710336,0.0015167978397710336,0,1->1,1,1.0,1.0,1.0
cifar10_proser_fedavg__split03__seed0__d5.0,cifar10,d5,5.0,proser_fedavg,0.05,5,12,0.05,0.05,0.0008333333333333334,0.004166666666666667,0.3426657487585101,0,0,0,delta_c/(M J) -> delta_c/M,0,,,,0.0,,0,,,,0.0,,0.3426657487585101,0,0->0,1,1.0,1.0,1.0
cifar10_proser_fedavg__split03__seed0__d5.0,cifar10,d5,5.0,proser_fedavg,0.1,5,12,0.05,0.05,0.0008333333333333334,0.004166666666666667,0.02234658540329243,0,0,0,delta_c/(M J) -> delta_c/M,0,,,,0.0,,0,,,,0.0,,0.02234658540329243,0,0->0,1,1.0,1.0,1.0
cifar10_proser_fedavg__split03__seed0__d5.0,cifar10,d5,5.0,proser_fedavg,0.15,5,12,0.05,0.05,0.0008333333333333334,0.004166666666666667,0.00011040613906592094,2,2,2,delta_c/(M J) -> delta_c/M,1,8.0,margin,0.3,0.18651140825857165,0.001027277974519593,1,8.0,margin,0.3,0.19500134841768263,0.001027277974519593,0.001027277974519593,0,1->1,1,1.0,1.0,1.0
cifar10_proser_fedavg__split03__seed0__d5.0,cifar10,d5,5.0,proser_fedavg,0.2,5,12,0.05,0.05,0.0008333333333333334,0.004166666666666667,3.702853200590771e-05,3,3,3,delta_c/(M J) -> delta_c/M,1,4.0,energy,0.3,0.2562557266025393,5.735799270753521e-05,1,4.0,energy,0.3,0.2658406413126157,5.735799270753521e-05,5.735799270753521e-05,0,1->1,1,1.0,1.0,1.0
cifar10_proser_fedavg__split03__seed0__d5.0,cifar10,d5,5.0,proser_fedavg,0.25,5,12,0.05,0.05,0.0008333333333333334,0.004166666666666667,2.7830826537133552e-06,6,6,6,delta_c/(M J) -> delta_c/M,1,5.0,energy,0.5,0.44352647988914856,0.00011603183912574822,1,5.0,energy,0.5,0.4545828238034004,0.00011603183912574822,0.00011603183912574822,0,1->1,1,1.0,1.0,1.0
cifar10_proser_fedavg__split03__seed0__d5.0,cifar10,d5,5.0,proser_fedavg,0.3,5,12,0.05,0.05,0.0008333333333333334,0.004166666666666667,2.0471277926042797e-09,7,7,7,delta_c/(M J) -> delta_c/M,1,6.0,energy,0.7,0.6579951343632319,0.006957564194807907,1,6.0,energy,0.7,0.6687037609341469,0.006957564194807907,0.006957564194807907,0,1->1,1,1.0,1.0,1.0
cifar10_proser_fedavg__split03__seed1__d0.1,cifar10,d0.1,0.1,proser_fedavg,0.05,5,12,0.05,0.05,0.0008333333333333334,0.004166666666666667,0.67942044444479,0,0,0,delta_c/(M J) -> delta_c/M,0,,,,0.0,,0,,,,0.0,,0.67942044444479,0,0->0,1,1.0,1.0,1.0
cifar10_proser_fedavg__split03__seed1__d0.1,cifar10,d0.1,0.1,proser_fedavg,0.1,5,12,0.05,0.05,0.0008333333333333334,0.004166666666666667,0.2512642956921486,0,0,0,delta_c/(M J) -> delta_c/M,0,,,,0.0,,0,,,,0.0,,0.2512642956921486,0,0->0,1,1.0,1.0,1.0
cifar10_proser_fedavg__split03__seed1__d0.1,cifar10,d0.1,0.1,proser_fedavg,0.15,5,12,0.05,0.05,0.0008333333333333334,0.004166666666666667,0.0549203458725333,0,0,0,delta_c/(M J) -> delta_c/M,0,,,,0.0,,0,,,,0.0,,0.0549203458725333,0,0->0,1,1.0,1.0,1.0
cifar10_proser_fedavg__split03__seed1__d0.1,cifar10,d0.1,0.1,proser_fedavg,0.2,5,12,0.05,0.05,0.0008333333333333334,0.004166666666666667,0.03984496719921268,0,0,0,delta_c/(M J) -> delta_c/M,0,,,,0.0,,0,,,,0.0,,0.03984496719921268,0,0->0,1,1.0,1.0,1.0
cifar10_proser_fedavg__split03__seed1__d0.1,cifar10,d0.1,0.1,proser_fedavg,0.25,5,12,0.05,0.05,0.0008333333333333334,0.004166666666666667,0.002539834171306876,1,1,1,delta_c/(M J) -> delta_c/M,1,0.0,proser,0.3,0.02949751201660945,0.002539834171306876,1,0.0,proser,0.3,0.03299367095597645,0.002539834171306876,0.002539834171306876,0,1->1,1,1.0,1.0,1.0
cifar10_proser_fedavg__split03__seed1__d0.1,cifar10,d0.1,0.1,proser_fedavg,0.3,5,12,0.05,0.05,0.0008333333333333334,0.004166666666666667,0.002276708714894268,1,1,1,delta_c/(M J) -> delta_c/M,1,1.0,proser,0.5,0.10596388684888425,0.002276708714894268,1,1.0,proser,0.5,0.11258177168812457,0.002276708714894268,0.002276708714894268,0,1->1,1,1.0,1.0,1.0
cifar10_proser_fedavg__split03__seed1__d0.5,cifar10,d0.5,0.5,proser_fedavg,0.05,5,12,0.05,0.05,0.0008333333333333334,0.004166666666666667,0.5786617257293173,0,0,0,delta_c/(M J) -> delta_c/M,0,,,,0.0,,0,,,,0.0,,0.5786617257293173,0,0->0,1,1.0,1.0,1.0
cifar10_proser_fedavg__split03__seed1__d0.5,cifar10,d0.5,0.5,proser_fedavg,0.1,5,12,0.05,0.05,0.0008333333333333334,0.004166666666666667,0.07300106960655711,0,0,0,delta_c/(M J) -> delta_c/M,0,,,,0.0,,0,,,,0.0,,0.07300106960655711,0,0->0,1,1.0,1.0,1.0
cifar10_proser_fedavg__split03__seed1__d0.5,cifar10,d0.5,0.5,proser_fedavg,0.15,5,12,0.05,0.05,0.0008333333333333334,0.004166666666666667,0.016192014501676108,0,0,0,delta_c/(M J) -> delta_c/M,0,,,,0.0,,0,,,,0.0,,0.016192014501676108,0,0->0,1,1.0,1.0,1.0
cifar10_proser_fedavg__split03__seed1__d0.5,cifar10,d0.5,0.5,proser_fedavg,0.2,5,12,0.05,0.05,0.0008333333333333334,0.004166666666666667,0.0005859029070925609,4,4,4,delta_c/(M J) -> delta_c/M,1,9.0,margin,0.5,0.32053828409689356,0.005014316455153541,1,9.0,margin,0.5,0.3308382314630494,0.005014316455153541,0.005014316455153541,0,1->1,1,1.0,1.0,1.0
cifar10_proser_fedavg__split03__seed1__d0.5,cifar10,d0.5,0.5,proser_fedavg,0.25,5,12,0.05,0.05,0.0008333333333333334,0.004166666666666667,7.748557902742234e-07,7,7,7,delta_c/(M J) -> delta_c/M,1,2.0,proser,0.7,0.5076632531756482,0.007440562211956558,1,2.0,proser,0.7,0.5188345668461258,0.007440562211956558,0.007440562211956558,0,1->1,1,1.0,1.0,1.0
cifar10_proser_fedavg__split03__seed1__d0.5,cifar10,d0.5,0.5,proser_fedavg,0.3,5,12,0.05,0.05,0.0008333333333333334,0.004166666666666667,1.7400720494291385e-10,9,9,9,delta_c/(M J) -> delta_c/M,1,2.0,proser,0.7,0.5749767209740637,0.0002554946109084224,1,2.0,proser,0.7,0.5860709374540038,0.0002554946109084224,0.0002554946109084224,0,1->1,1,1.0,1.0,1.0
cifar10_proser_fedavg__split03__seed1__d5.0,cifar10,d5,5.0,proser_fedavg,0.05,5,12,0.05,0.05,0.0008333333333333334,0.004166666666666667,0.690619345529919,0,0,0,delta_c/(M J) -> delta_c/M,0,,,,0.0,,0,,,,0.0,,0.690619345529919,0,0->0,1,1.0,1.0,1.0
cifar10_proser_fedavg__split03__seed1__d5.0,cifar10,d5,5.0,proser_fedavg,0.1,5,12,0.05,0.05,0.0008333333333333334,0.004166666666666667,0.15131310867129244,0,0,0,delta_c/(M J) -> delta_c/M,0,,,,0.0,,0,,,,0.0,,0.15131310867129244,0,0->0,1,1.0,1.0,1.0
cifar10_proser_fedavg__split03__seed1__d5.0,cifar10,d5,5.0,proser_fedavg,0.15,5,12,0.05,0.05,0.0008333333333333334,0.004166666666666667,0.03959084974361864,0,0,0,delta_c/(M J) -> delta_c/M,0,,,,0.0,,0,,,,0.0,,0.03959084974361864,0,0->0,1,1.0,1.0,1.0
cifar10_proser_fedavg__split03__seed1__d5.0,cifar10,d5,5.0,proser_fedavg,0.2,5,12,0.05,0.05,0.0008333333333333334,0.004166666666666667,0.00031038020373343287,3,3,3,delta_c/(M J) -> delta_c/M,1,8.0,margin,0.3,0.21842876388757312,0.00031038020373343287,1,8.0,margin,0.3,0.2274671239383013,0.00031038020373343287,0.00031038020373343287,0,1->1,1,1.0,1.0,1.0
cifar10_proser_fedavg__split03__seed1__d5.0,cifar10,d5,5.0,proser_fedavg,0.25,5,12,0.05,0.05,0.0008333333333333334,0.004166666666666667,1.7131049867829937e-06,9,9,9,delta_c/(M J) -> delta_c/M,1,6.0,energy,0.7,0.5115874617482102,0.006091765196163662,1,6.0,energy,0.7,0.5227598545528591,0.006091765196163662,0.006091765196163662,0,1->1,1,1.0,1.0,1.0
cifar10_proser_fedavg__split03__seed1__d5.0,cifar10,d5,5.0,proser_fedavg,0.3,5,12,0.05,0.05,0.0008333333333333334,0.004166666666666667,1.1256269248695735e-09,9,9,9,delta_c/(M J) -> delta_c/M,1,10.0,margin,0.7,0.5749767209740637,0.0012878784805984318,1,10.0,margin,0.7,0.5860709374540038,0.0012878784805984318,0.0012878784805984318,0,1->1,1,1.0,1.0,1.0
cifar10_proser_fedavg__split03__seed2__d0.1,cifar10,d0.1,0.1,proser_fedavg,0.05,5,12,0.05,0.05,0.0008333333333333334,0.004166666666666667,0.9025,0,0,0,delta_c/(M J) -> delta_c/M,0,,,,0.0,,0,,,,0.0,,0.9025,0,0->0,1,1.0,1.0,1.0
cifar10_proser_fedavg__split03__seed2__d0.1,cifar10,d0.1,0.1,proser_fedavg,0.1,5,12,0.05,0.05,0.0008333333333333334,0.004166666666666667,0.8099999999999999,0,0,0,delta_c/(M J) -> delta_c/M,0,,,,0.0,,0,,,,0.0,,0.8099999999999999,0,0->0,1,1.0,1.0,1.0
cifar10_proser_fedavg__split03__seed2__d0.1,cifar10,d0.1,0.1,proser_fedavg,0.15,5,12,0.05,0.05,0.0008333333333333334,0.004166666666666667,0.7225,0,0,0,delta_c/(M J) -> delta_c/M,0,,,,0.0,,0,,,,0.0,,0.7225,0,0->0,1,1.0,1.0,1.0
cifar10_proser_fedavg__split03__seed2__d0.1,cifar10,d0.1,0.1,proser_fedavg,0.2,5,12,0.05,0.05,0.0008333333333333334,0.004166666666666667,0.5119999999999999,0,0,0,delta_c/(M J) -> delta_c/M,0,,,,0.0,,0,,,,0.0,,0.5119999999999999,0,0->0,1,1.0,1.0,1.0
cifar10_proser_fedavg__split03__seed2__d0.1,cifar10,d0.1,0.1,proser_fedavg,0.25,5,12,0.05,0.05,0.0008333333333333334,0.004166666666666667,0.5325079548979759,0,0,0,delta_c/(M J) -> delta_c/M,0,,,,0.0,,0,,,,0.0,,0.5325079548979759,0,0->0,1,1.0,1.0,1.0
cifar10_proser_fedavg__split03__seed2__d0.1,cifar10,d0.1,0.1,proser_fedavg,0.3,5,12,0.05,0.05,0.0008333333333333334,0.004166666666666667,0.15428752748065822,0,0,0,delta_c/(M J) -> delta_c/M,0,,,,0.0,,0,,,,0.0,,0.15428752748065822,0,0->0,1,1.0,1.0,1.0
cifar10_proser_fedavg__split03__seed2__d0.5,cifar10,d0.5,0.5,proser_fedavg,0.05,5,12,0.05,0.05,0.0008333333333333334,0.004166666666666667,0.5179676722223242,0,0,0,delta_c/(M J) -> delta_c/M,0,,,,0.0,,0,,,,0.0,,0.5179676722223242,0,0->0,1,1.0,1.0,1.0
cifar10_proser_fedavg__split03__seed2__d0.5,cifar10,d0.5,0.5,proser_fedavg,0.1,5,12,0.05,0.05,0.0008333333333333334,0.004166666666666667,0.04236417487153476,0,0,0,delta_c/(M J) -> delta_c/M,0,,,,0.0,,0,,,,0.0,,0.04236417487153476,0,0->0,1,1.0,1.0,1.0
cifar10_proser_fedavg__split03__seed2__d0.5,cifar10,d0.5,0.5,proser_fedavg,0.15,5,12,0.05,0.05,0.0008333333333333334,0.004166666666666667,0.0023112010420162092,1,1,1,delta_c/(M J) -> delta_c/M,1,4.0,energy,0.3,0.20063524715038938,0.0023112010420162092,1,4.0,energy,0.3,0.2093786679105595,0.0023112010420162092,0.0023112010420162092,0,1->1,1,1.0,1.0,1.0
cifar10_proser_fedavg__split03__seed2__d0.5,cifar10,d0.5,0.5,proser_fedavg,0.2,5,12,0.05,0.05,0.0008333333333333334,0.004166666666666667,8.288256182057912e-05,6,6,6,delta_c/(M J) -> delta_c/M,1,5.0,energy,0.5,0.34103373828918876,8.288256182057912e-05,1,5.0,energy,0.5,0.3515120946282726,8.288256182057912e-05,8.288256182057912e-05,0,1->1,1,1.0,1.0,1.0
cifar10_proser_fedavg__split03__seed2__d0.5,cifar10,d0.5,0.5,proser_fedavg,0.25,5,12,0.05,0.05,0.0008333333333333334,0.004166666666666667,3.273071540549708e-08,9,9,9,delta_c/(M J) -> delta_c/M,1,6.0,energy,0.7,0.5135511861575457,0.001111136307724906,1,6.0,energy,0.7,0.5247238616082335,0.001111136307724906,0.001111136307724906,0,1->1,1,1.0,1.0,1.0
cifar10_proser_fedavg__split03__seed2__d0.5,cifar10,d0.5,0.5,proser_fedavg,0.3,5,12,0.05,0.05,0.0008333333333333334,0.004166666666666667,6.870331952037492e-12,9,9,9,delta_c/(M J) -> delta_c/M,1,6.0,energy,0.7,0.6111575517602162,1.7368157823351505e-05,1,6.0,energy,0.7,0.6221246707839073,1.7368157823351505e-05,1.7368157823351505e-05,0,1->1,1,1.0,1.0,1.0
cifar10_proser_fedavg__split03__seed2__d5.0,cifar10,d5,5.0,proser_fedavg,0.05,5,12,0.05,0.05,0.0008333333333333334,0.004166666666666667,0.33281355148276154,0,0,0,delta_c/(M J) -> delta_c/M,0,,,,0.0,,0,,,,0.0,,0.33281355148276154,0,0->0,1,1.0,1.0,1.0
cifar10_proser_fedavg__split03__seed2__d5.0,cifar10,d5,5.0,proser_fedavg,0.1,5,12,0.05,0.05,0.0008333333333333334,0.004166666666666667,0.026197695810258558,0,0,0,delta_c/(M J) -> delta_c/M,0,,,,0.0,,0,,,,0.0,,0.026197695810258558,0,0->0,1,1.0,1.0,1.0
cifar10_proser_fedavg__split03__seed2__d5.0,cifar10,d5,5.0,proser_fedavg,0.15,5,12,0.05,0.05,0.0008333333333333334,0.004166666666666667,0.00037888287702666915,3,3,3,delta_c/(M J) -> delta_c/M,1,4.0,energy,0.3,0.17423929549888237,0.0004114204086180502,1,4.0,energy,0.3,0.18249382681484083,0.0004114204086180502,0.0004114204086180502,0,1->1,1,1.0,1.0,1.0
cifar10_proser_fedavg__split03__seed2__d5.0,cifar10,d5,5.0,proser_fedavg,0.2,5,12,0.05,0.05,0.0008333333333333334,0.004166666666666667,1.2541608608857454e-06,9,9,9,delta_c/(M J) -> delta_c/M,1,10.0,margin,0.7,0.44160074722332376,0.00847837041369286,1,10.0,margin,0.7,0.452650783246098,0.00847837041369286,0.00847837041369286,0,1->1,1,1.0,1.0,1.0
cifar10_proser_fedavg__split03__seed2__d5.0,cifar10,d5,5.0,proser_fedavg,0.25,5,12,0.05,0.05,0.0008333333333333334,0.004166666666666667,6.947695759923862e-08,9,9,9,delta_c/(M J) -> delta_c/M,1,6.0,energy,0.7,0.5372010061711869,0.0006360609108942537,1,6.0,energy,0.7,0.5483635744519684,0.0006360609108942537,0.0006360609108942537,0,1->1,1,1.0,1.0,1.0
cifar10_proser_fedavg__split03__seed2__d5.0,cifar10,d5,5.0,proser_fedavg,0.3,5,12,0.05,0.05,0.0008333333333333334,0.004166666666666667,2.6925723227275092e-11,9,9,9,delta_c/(M J) -> delta_c/M,1,10.0,margin,0.7,0.6071176983358887,9.523189144133897e-05,1,10.0,margin,0.7,0.618102070808462,9.523189144133897e-05,9.523189144133897e-05,0,1->1,1,1.0,1.0,1.0
cifar10_proser_fedavg__split03__seed3__d0.1,cifar10,d0.1,0.1,proser_fedavg,0.05,5,12,0.05,0.05,0.0008333333333333334,0.004166666666666667,0.5011266960101113,0,0,0,delta_c/(M J) -> delta_c/M,0,,,,0.0,,0,,,,0.0,,0.5011266960101113,0,0->0,1,1.0,1.0,1.0
cifar10_proser_fedavg__split03__seed3__d0.1,cifar10,d0.1,0.1,proser_fedavg,0.1,5,12,0.05,0.05,0.0008333333333333334,0.004166666666666667,0.11208722487177356,0,0,0,delta_c/(M J) -> delta_c/M,0,,,,0.0,,0,,,,0.0,,0.11208722487177356,0,0->0,1,1.0,1.0,1.0
cifar10_proser_fedavg__split03__seed3__d0.1,cifar10,d0.1,0.1,proser_fedavg,0.15,5,12,0.05,0.05,0.0008333333333333334,0.004166666666666667,0.01022578492257736,0,0,0,delta_c/(M J) -> delta_c/M,0,,,,0.0,,0,,,,0.0,,0.01022578492257736,0,0->0,1,1.0,1.0,1.0
cifar10_proser_fedavg__split03__seed3__d0.1,cifar10,d0.1,0.1,proser_fedavg,0.2,5,12,0.05,0.05,0.0008333333333333334,0.004166666666666667,0.0007361558570672926,3,3,3,delta_c/(M J) -> delta_c/M,1,0.0,proser,0.3,0.13115308740086287,0.0023144702933674396,1,0.0,proser,0.3,0.13844981359374123,0.0023144702933674396,0.0023144702933674396,0,1->1,1,1.0,1.0,1.0
cifar10_proser_fedavg__split03__seed3__d0.1,cifar10,d0.1,0.1,proser_fedavg,0.25,5,12,0.05,0.05,0.0008333333333333334,0.004166666666666667,0.00029719871771117503,3,3,3,delta_c/(M J) -> delta_c/M,1,0.0,proser,0.3,0.13966867745715897,0.0007340719117005979,1,0.0,proser,0.3,0.1471729658801849,0.0007340719117005979,0.0007340719117005979,0,1->1,1,1.0,1.0,1.0
cifar10_proser_fedavg__split03__seed3__d0.1,cifar10,d0.1,0.1,proser_fedavg,0.3,5,12,0.05,0.05,0.0008333333333333334,0.004166666666666667,9.216004732099521e-06,3,3,3,delta_c/(M J) -> delta_c/M,1,0.0,proser,0.3,0.14137832700924496,9.216004732099521e-06,1,0.0,proser,0.3,0.14892310068801173,9.216004732099521e-06,9.216004732099521e-06,0,1->1,1,1.0,1.0,1.0
cifar10_proser_fedavg__split03__seed3__d0.5,cifar10,d0.5,0.5,proser_fedavg,0.05,5,12,0.05,0.05,0.0008333333333333334,0.004166666666666667,0.4406150770584716,0,0,0,delta_c/(M J) -> delta_c/M,0,,,,0.0,,0,,,,0.0,,0.4406150770584716,0,0->0,1,1.0,1.0,1.0
cifar10_proser_fedavg__split03__seed3__d0.5,cifar10,d0.5,0.5,proser_fedavg,0.1,5,12,0.05,0.05,0.0008333333333333334,0.004166666666666667,0.06652564487250695,0,0,0,delta_c/(M J) -> delta_c/M,0,,,,0.0,,0,,,,0.0,,0.06652564487250695,0,0->0,1,1.0,1.0,1.0
cifar10_proser_fedavg__split03__seed3__d0.5,cifar10,d0.5,0.5,proser_fedavg,0.15,5,12,0.05,0.05,0.0008333333333333334,0.004166666666666667,0.008775046116708485,0,0,0,delta_c/(M J) -> delta_c/M,0,,,,0.0,,0,,,,0.0,,0.008775046116708485,0,0->0,1,1.0,1.0,1.0
cifar10_proser_fedavg__split03__seed3__d0.5,cifar10,d0.5,0.5,proser_fedavg,0.2,5,12,0.05,0.05,0.0008333333333333334,0.004166666666666667,0.00016650009623422676,3,3,3,delta_c/(M J) -> delta_c/M,1,0.0,proser,0.3,0.16205285280090476,0.00016650009623422676,1,0.0,proser,0.3,0.17005846295116048,0.00016650009623422676,0.00016650009623422676,0,1->1,1,1.0,1.0,1.0
cifar10_proser_fedavg__split03__seed3__d0.5,cifar10,d0.5,0.5,proser_fedavg,0.25,5,12,0.05,0.05,0.0008333333333333334,0.004166666666666667,5.172507679730813e-07,6,6,6,delta_c/(M J) -> delta_c/M,1,1.0,proser,0.5,0.3616616475294751,0.00019324953317566642,1,1.0,proser,0.5,0.3722974188689161,0.00019324953317566642,0.00019324953317566642,0,1->1,1,1.0,1.0,1.0
cifar10_proser_fedavg__split03__seed3__d0.5,cifar10,d0.5,0.5,proser_fedavg,0.3,5,12,0.05,0.05,0.0008333333333333334,0.004166666666666667,5.493374548238294e-09,9,9,9,delta_c/(M J) -> delta_c/M,1,6.0,energy,0.7,0.5332483658875931,0.0009119190573657677,1,6.0,energy,0.7,0.5444143635140715,0.0009119190573657677,0.0009119190573657677,0,1->1,1,1.0,1.0,1.0
cifar10_proser_fedavg__split03__seed3__d5.0,cifar10,d5,5.0,proser_fedavg,0.05,5,12,0.05,0.05,0.0008333333333333334,0.004166666666666667,0.2594969291207151,0,0,0,delta_c/(M J) -> delta_c/M,0,,,,0.0,,0,,,,0.0,,0.2594969291207151,0,0->0,1,1.0,1.0,1.0
cifar10_proser_fedavg__split03__seed3__d5.0,cifar10,d5,5.0,proser_fedavg,0.1,5,12,0.05,0.05,0.0008333333333333334,0.004166666666666667,0.018199199202556623,0,0,0,delta_c/(M J) -> delta_c/M,0,,,,0.0,,0,,,,0.0,,0.018199199202556623,0,0->0,1,1.0,1.0,1.0
cifar10_proser_fedavg__split03__seed3__d5.0,cifar10,d5,5.0,proser_fedavg,0.15,5,12,0.05,0.05,0.0008333333333333334,0.004166666666666667,0.001552652175137316,2,2,2,delta_c/(M J) -> delta_c/M,1,4.0,energy,0.3,0.16378831856751058,0.0017713320459602996,1,4.0,energy,0.3,0.17183034880148174,0.0017713320459602996,0.0017713320459602996,0,1->1,1,1.0,1.0,1.0
cifar10_proser_fedavg__split03__seed3__d5.0,cifar10,d5,5.0,proser_fedavg,0.2,5,12,0.05,0.05,0.0008333333333333334,0.004166666666666667,4.087289164466804e-06,4,4,4,delta_c/(M J) -> delta_c/M,1,1.0,proser,0.5,0.25444109994554154,0.0034288928448457604,1,1.0,proser,0.5,0.264002099027411,0.0034288928448457604,0.0034288928448457604,0,1->1,1,1.0,1.0,1.0
cifar10_proser_fedavg__split03__seed3__d5.0,cifar10,d5,5.0,proser_fedavg,0.25,5,12,0.05,0.05,0.0008333333333333334,0.004166666666666667,8.735742981037606e-08,6,6,6,delta_c/(M J) -> delta_c/M,1,5.0,energy,0.5,0.3597809896449279,0.0021090991634250566,1,5.0,energy,0.5,0.3704033055002117,0.0021090991634250566,0.0021090991634250566,0,1->1,1,1.0,1.0,1.0
cifar10_proser_fedavg__split03__seed3__d5.0,cifar10,d5,5.0,proser_fedavg,0.3,5,12,0.05,0.05,0.0008333333333333334,0.004166666666666667,5.917860555789105e-09,9,9,9,delta_c/(M J) -> delta_c/M,1,10.0,margin,0.7,0.5293001546562193,0.004759109295698507,1,10.0,margin,0.7,0.5404688793448835,0.004759109295698507,0.004759109295698507,0,1->1,1,1.0,1.0,1.0
cifar10_proser_fedavg__split03__seed4__d0.1,cifar10,d0.1,0.1,proser_fedavg,0.05,5,12,0.05,0.05,0.0008333333333333334,0.004166666666666667,0.7737809375,0,0,0,delta_c/(M J) -> delta_c/M,0,,,,0.0,,0,,,,0.0,,0.7737809375,0,0->0,1,1.0,1.0,1.0
cifar10_proser_fedavg__split03__seed4__d0.1,cifar10,d0.1,0.1,proser_fedavg,0.1,5,12,0.05,0.05,0.0008333333333333334,0.004166666666666667,0.58462914051567,0,0,0,delta_c/(M J) -> delta_c/M,0,,,,0.0,,0,,,,0.0,,0.58462914051567,0,0->0,1,1.0,1.0,1.0
cifar10_proser_fedavg__split03__seed4__d0.1,cifar10,d0.1,0.1,proser_fedavg,0.15,5,12,0.05,0.05,0.0008333333333333334,0.004166666666666667,0.3566712060189514,0,0,0,delta_c/(M J) -> delta_c/M,0,,,,0.0,,0,,,,0.0,,0.3566712060189514,0,0->0,1,1.0,1.0,1.0
cifar10_proser_fedavg__split03__seed4__d0.1,cifar10,d0.1,0.1,proser_fedavg,0.2,5,12,0.05,0.05,0.0008333333333333334,0.004166666666666667,0.19791209299968016,0,0,0,delta_c/(M J) -> delta_c/M,0,,,,0.0,,0,,,,0.0,,0.19791209299968016,0,0->0,1,1.0,1.0,1.0
cifar10_proser_fedavg__split03__seed4__d0.1,cifar10,d0.1,0.1,proser_fedavg,0.25,5,12,0.05,0.05,0.0008333333333333334,0.004166666666666667,0.1009683720767498,0,0,0,delta_c/(M J) -> delta_c/M,0,,,,0.0,,0,,,,0.0,,0.1009683720767498,0,0->0,1,1.0,1.0,1.0
cifar10_proser_fedavg__split03__seed4__d0.1,cifar10,d0.1,0.1,proser_fedavg,0.3,5,12,0.05,0.05,0.0008333333333333334,0.004166666666666667,0.04747561509942996,0,0,0,delta_c/(M J) -> delta_c/M,0,,,,0.0,,0,,,,0.0,,0.04747561509942996,0,0->0,1,1.0,1.0,1.0
cifar10_proser_fedavg__split03__seed4__d0.5,cifar10,d0.5,0.5,proser_fedavg,0.05,5,12,0.05,0.05,0.0008333333333333334,0.004166666666666667,0.2722378123452851,0,0,0,delta_c/(M J) -> delta_c/M,0,,,,0.0,,0,,,,0.0,,0.2722378123452851,0,0->0,1,1.0,1.0,1.0
cifar10_proser_fedavg__split03__seed4__d0.5,cifar10,d0.5,0.5,proser_fedavg,0.1,5,12,0.05,0.05,0.0008333333333333334,0.004166666666666667,0.02720978888340773,0,0,0,delta_c/(M J) -> delta_c/M,0,,,,0.0,,0,,,,0.0,,0.02720978888340773,0,0->0,1,1.0,1.0,1.0
cifar10_proser_fedavg__split03__seed4__d0.5,cifar10,d0.5,0.5,proser_fedavg,0.15,5,12,0.05,0.05,0.0008333333333333334,0.004166666666666667,0.0004114204086180502,3,3,3,delta_c/(M J) -> delta_c/M,1,4.0,energy,0.3,0.16552563122978003,0.0004114204086180502,1,4.0,energy,0.3,0.1736037904425844,0.0004114204086180502,0.0004114204086180502,0,1->1,1,1.0,1.0,1.0
cifar10_proser_fedavg__split03__seed4__d0.5,cifar10,d0.5,0.5,proser_fedavg,0.2,5,12,0.05,0.05,0.0008333333333333334,0.004166666666666667,6.010988072380616e-06,6,6,6,delta_c/(M J) -> delta_c/M,1,5.0,energy,0.5,0.2508157227571698,0.0039380842310514155,1,5.0,energy,0.5,0.2603282771897686,0.0039380842310514155,0.0039380842310514155,0,1->1,1,1.0,1.0,1.0
cifar10_proser_fedavg__split03__seed4__d0.5,cifar10,d0.5,0.5,proser_fedavg,0.25,5,12,0.05,0.05,0.0008333333333333334,0.004166666666666667,4.0481699019772256e-07,8,8,8,delta_c/(M J) -> delta_c/M,1,6.0,energy,0.7,0.3616616475294751,0.0023032467809838775,1,6.0,energy,0.7,0.3722974188689161,0.0023032467809838775,0.0023032467809838775,0,1->1,1,1.0,1.0,1.0
cifar10_proser_fedavg__split03__seed4__d0.5,cifar10,d0.5,0.5,proser_fedavg,0.3,5,12,0.05,0.05,0.0008333333333333334,0.004166666666666667,7.312425776559409e-10,9,9,9,delta_c/(M J) -> delta_c/M,1,10.0,margin,0.7,0.4014004900414353,0.0006895580575810551,1,10.0,margin,0.7,0.41227997792659127,0.0006895580575810551,0.0006895580575810551,0,1->1,1,1.0,1.0,1.0
cifar10_proser_fedavg__split03__seed4__d5.0,cifar10,d5,5.0,proser_fedavg,0.05,5,12,0.05,0.05,0.0008333333333333334,0.004166666666666667,0.10138273576791819,0,0,0,delta_c/(M J) -> delta_c/M,0,,,,0.0,,0,,,,0.0,,0.10138273576791819,0,0->0,1,1.0,1.0,1.0
cifar10_proser_fedavg__split03__seed4__d5.0,cifar10,d5,5.0,proser_fedavg,0.1,5,12,0.05,0.05,0.0008333333333333334,0.004166666666666667,0.002751396690811763,1,1,1,delta_c/(M J) -> delta_c/M,1,4.0,energy,0.3,0.13625583189029453,0.002751396690811763,1,4.0,energy,0.3,0.14367813470053795,0.002751396690811763,0.002751396690811763,0,1->1,1,1.0,1.0,1.0
cifar10_proser_fedavg__split03__seed4__d5.0,cifar10,d5,5.0,proser_fedavg,0.15,5,12,0.05,0.05,0.0008333333333333334,0.004166666666666667,0.0002071883092716691,3,3,3,delta_c/(M J) -> delta_c/M,1,9.0,margin,0.5,0.22379543358168574,0.004708117162722958,1,9.0,margin,0.5,0.2329177531008276,0.004708117162722958,0.004708117162722958,0,1->1,1,1.0,1.0,1.0
cifar10_proser_fedavg__split03__seed4__d5.0,cifar10,d5,5.0,proser_fedavg,0.2,5,12,0.05,0.05,0.0008333333333333334,0.004166666666666667,1.6052604387815365e-06,7,7,7,delta_c/(M J) -> delta_c/M,1,2.0,proser,0.7,0.3673100393851205,0.00548095544838295,1,2.0,proser,0.7,0.377985159670785,0.00548095544838295,0.00548095544838295,0,1->1,1,1.0,1.0,1.0
cifar10_proser_fedavg__split03__seed4__d5.0,cifar10,d5,5.0,proser_fedavg,0.25,5,12,0.05,0.05,0.0008333333333333334,0.004166666666666667,9.813224996880524e-09,9,9,9,delta_c/(M J) -> delta_c/M,1,6.0,energy,0.7,0.49005739927651,0.0024865205192257773,1,6.0,energy,0.7,0.5012154383630123,0.0024865205192257773,0.0024865205192257773,0,1->1,1,1.0,1.0,1.0
cifar10_proser_fedavg__split03__seed4__d5.0,cifar10,d5,5.0,proser_fedavg,0.3,5,12,0.05,0.05,0.0008333333333333334,0.004166666666666667,8.801679230495908e-13,9,9,9,delta_c/(M J) -> delta_c/M,1,6.0,energy,0.7,0.5570314664676801,2.2773887867054482e-05,1,6.0,energy,0.7,0.5681662239123972,2.2773887867054482e-05,2.2773887867054482e-05,0,1->1,1,1.0,1.0,1.0
cifar10_proser_fedavg__split04__seed0__d0.1,cifar10,d0.1,0.1,proser_fedavg,0.05,5,12,0.05,0.05,0.0008333333333333334,0.004166666666666667,0.7169718448170848,0,0,0,delta_c/(M J) -> delta_c/M,0,,,,0.0,,0,,,,0.0,,0.7169718448170848,0,0->0,1,1.0,1.0,1.0
cifar10_proser_fedavg__split04__seed0__d0.1,cifar10,d0.1,0.1,proser_fedavg,0.1,5,12,0.05,0.05,0.0008333333333333334,0.004166666666666667,0.6484088244830362,0,0,0,delta_c/(M J) -> delta_c/M,0,,,,0.0,,0,,,,0.0,,0.6484088244830362,0,0->0,1,1.0,1.0,1.0
cifar10_proser_fedavg__split04__seed0__d0.1,cifar10,d0.1,0.1,proser_fedavg,0.15,5,12,0.05,0.05,0.0008333333333333334,0.004166666666666667,0.293284427520749,0,0,0,delta_c/(M J) -> delta_c/M,0,,,,0.0,,0,,,,0.0,,0.293284427520749,0,0->0,1,1.0,1.0,1.0
cifar10_proser_fedavg__split04__seed0__d0.1,cifar10,d0.1,0.1,proser_fedavg,0.2,5,12,0.05,0.05,0.0008333333333333334,0.004166666666666667,0.20608471894847413,0,0,0,delta_c/(M J) -> delta_c/M,0,,,,0.0,,0,,,,0.0,,0.20608471894847413,0,0->0,1,1.0,1.0,1.0
cifar10_proser_fedavg__split04__seed0__d0.1,cifar10,d0.1,0.1,proser_fedavg,0.25,5,12,0.05,0.05,0.0008333333333333334,0.004166666666666667,0.05121657420837901,0,0,0,delta_c/(M J) -> delta_c/M,0,,,,0.0,,0,,,,0.0,,0.05121657420837901,0,0->0,1,1.0,1.0,1.0
cifar10_proser_fedavg__split04__seed0__d0.1,cifar10,d0.1,0.1,proser_fedavg,0.3,5,12,0.05,0.05,0.0008333333333333334,0.004166666666666667,0.03784383699662448,0,0,0,delta_c/(M J) -> delta_c/M,0,,,,0.0,,0,,,,0.0,,0.03784383699662448,0,0->0,1,1.0,1.0,1.0
cifar10_proser_fedavg__split04__seed0__d0.5,cifar10,d0.5,0.5,proser_fedavg,0.05,5,12,0.05,0.05,0.0008333333333333334,0.004166666666666667,0.6817164559583132,0,0,0,delta_c/(M J) -> delta_c/M,0,,,,0.0,,0,,,,0.0,,0.6817164559583132,0,0->0,1,1.0,1.0,1.0
cifar10_proser_fedavg__split04__seed0__d0.5,cifar10,d0.5,0.5,proser_fedavg,0.1,5,12,0.05,0.05,0.0008333333333333334,0.004166666666666667,0.26608557305207003,0,0,0,delta_c/(M J) -> delta_c/M,0,,,,0.0,,0,,,,0.0,,0.26608557305207003,0,0->0,1,1.0,1.0,1.0
cifar10_proser_fedavg__split04__seed0__d0.5,cifar10,d0.5,0.5,proser_fedavg,0.15,5,12,0.05,0.05,0.0008333333333333334,0.004166666666666667,0.023495209789789917,0,0,0,delta_c/(M J) -> delta_c/M,0,,,,0.0,,0,,,,0.0,,0.023495209789789917,0,0->0,1,1.0,1.0,1.0
cifar10_proser_fedavg__split04__seed0__d0.5,cifar10,d0.5,0.5,proser_fedavg,0.2,5,12,0.05,0.05,0.0008333333333333334,0.004166666666666667,0.002630286468487369,1,1,1,delta_c/(M J) -> delta_c/M,1,8.0,margin,0.3,0.17773710279592267,0.002630286468487369,1,8.0,margin,0.3,0.18606023656414644,0.002630286468487369,0.002630286468487369,0,1->1,1,1.0,1.0,1.0
cifar10_proser_fedavg__split04__seed0__d0.5,cifar10,d0.5,0.5,proser_fedavg,0.25,5,12,0.05,0.05,0.0008333333333333334,0.004166666666666667,1.349978749488002e-05,4,4,4,delta_c/(M J) -> delta_c/M,1,5.0,energy,0.5,0.298335044351251,0.005160110650265761,1,5.0,energy,0.5,0.30841573372882014,0.005160110650265761,0.005160110650265761,0,1->1,1,1.0,1.0,1.0
cifar10_proser_fedavg__split04__seed0__d0.5,cifar10,d0.5,0.5,proser_fedavg,0.3,5,12,0.05,0.05,0.0008333333333333334,0.004166666666666667,5.044436279321773e-07,6,6,6,delta_c/(M J) -> delta_c/M,1,5.0,energy,0.5,0.3579014044604605,0.0006115319128561514,1,5.0,energy,0.5,0.36851009477640784,0.0006115319128561514,0.0006115319128561514,0,1->1,1,1.0,1.0,1.0
cifar10_proser_fedavg__split04__seed0__d5.0,cifar10,d5,5.0,proser_fedavg,0.05,5,12,0.05,0.05,0.0008333333333333334,0.004166666666666667,0.15561813961825774,0,0,0,delta_c/(M J) -> delta_c/M,0,,,,0.0,,0,,,,0.0,,0.15561813961825774,0,0->0,1,1.0,1.0,1.0
cifar10_proser_fedavg__split04__seed0__d5.0,cifar10,d5,5.0,proser_fedavg,0.1,5,12,0.05,0.05,0.0008333333333333334,0.004166666666666667,0.009413140104354376,0,0,0,delta_c/(M J) -> delta_c/M,0,,,,0.0,,0,,,,0.0,,0.009413140104354376,0,0->0,1,1.0,1.0,1.0
cifar10_proser_fedavg__split04__seed0__d5.0,cifar10,d5,5.0,proser_fedavg,0.15,5,12,0.05,0.05,0.0008333333333333334,0.004166666666666667,0.00017472428852370402,2,2,2,delta_c/(M J) -> delta_c/M,1,8.0,margin,0.3,0.23276811836412967,0.0003543089223847553,1,8.0,margin,0.3,0.24202590613587593,0.0003543089223847553,0.0003543089223847553,0,1->1,1,1.0,1.0,1.0
cifar10_proser_fedavg__split04__seed0__d5.0,cifar10,d5,5.0,proser_fedavg,0.2,5,12,0.05,0.05,0.0008333333333333334,0.004166666666666667,6.56040299494489e-05,3,3,3,delta_c/(M J) -> delta_c/M,1,8.0,margin,0.3,0.27812967937589567,0.0001768618196768586,1,8.0,margin,0.3,0.2879860011542096,0.0001768618196768586,0.0001768618196768586,0,1->1,1,1.0,1.0,1.0
cifar10_proser_fedavg__split04__seed0__d5.0,cifar10,d5,5.0,proser_fedavg,0.25,5,12,0.05,0.05,0.0008333333333333334,0.004166666666666667,1.9985835269172134e-06,6,6,6,delta_c/(M J) -> delta_c/M,1,5.0,energy,0.5,0.4052093100505594,0.00017083506426235226,1,5.0,energy,0.5,0.4161081767876864,0.00017083506426235226,0.00017083506426235226,0,1->1,1,1.0,1.0,1.0
cifar10_proser_fedavg__split04__seed0__d5.0,cifar10,d5,5.0,proser_fedavg,0.3,5,12,0.05,0.05,0.0008333333333333334,0.004166666666666667,2.6521197232863647e-09,6,6,6,delta_c/(M J) -> delta_c/M,1,5.0,energy,0.5,0.44352647988914856,7.976854266112312e-07,1,5.0,energy,0.5,0.4545828238034004,7.976854266112312e-07,7.976854266112312e-07,0,1->1,1,1.0,1.0,1.0
cifar10_proser_fedavg__split04__seed1__d0.1,cifar10,d0.1,0.1,proser_fedavg,0.05,5,12,0.05,0.05,0.0008333333333333334,0.004166666666666667,0.7728068695765471,0,0,0,delta_c/(M J) -> delta_c/M,0,,,,0.0,,0,,,,0.0,,0.7728068695765471,0,0->0,1,1.0,1.0,1.0
cifar10_proser_fedavg__split04__seed1__d0.1,cifar10,d0.1,0.1,proser_fedavg,0.1,5,12,0.05,0.05,0.0008333333333333334,0.004166666666666667,0.3289328821257093,0,0,0,delta_c/(M J) -> delta_c/M,0,,,,0.0,,0,,,,0.0,,0.3289328821257093,0,0->0,1,1.0,1.0,1.0
cifar10_proser_fedavg__split04__seed1__d0.1,cifar10,d0.1,0.1,proser_fedavg,0.15,5,12,0.05,0.05,0.0008333333333333334,0.004166666666666667,0.06980115448161274,0,0,0,delta_c/(M J) -> delta_c/M,0,,,,0.0,,0,,,,0.0,,0.06980115448161274,0,0->0,1,1.0,1.0,1.0
cifar10_proser_fedavg__split04__seed1__d0.1,cifar10,d0.1,0.1,proser_fedavg,0.2,5,12,0.05,0.05,0.0008333333333333334,0.004166666666666667,0.02453900070215835,0,0,0,delta_c/(M J) -> delta_c/M,0,,,,0.0,,0,,,,0.0,,0.02453900070215835,0,0->0,1,1.0,1.0,1.0
cifar10_proser_fedavg__split04__seed1__d0.1,cifar10,d0.1,0.1,proser_fedavg,0.25,5,12,0.05,0.05,0.0008333333333333334,0.004166666666666667,0.0007212156068961383,1,1,1,delta_c/(M J) -> delta_c/M,1,0.0,proser,0.3,0.04852548434241365,0.0007212156068961383,1,0.0,proser,0.3,0.05304362563064732,0.0007212156068961383,0.0007212156068961383,0,1->1,1,1.0,1.0,1.0
cifar10_proser_fedavg__split04__seed1__d0.1,cifar10,d0.1,0.1,proser_fedavg,0.3,5,12,0.05,0.05,0.0008333333333333334,0.004166666666666667,9.81679297350211e-05,3,3,3,delta_c/(M J) -> delta_c/M,1,5.0,energy,0.5,0.08788803742934319,0.00368370033012214,1,5.0,energy,0.5,0.09394603756004245,0.00368370033012214,0.00368370033012214,0,1->1,1,1.0,1.0,1.0
cifar10_proser_fedavg__split04__seed1__d0.5,cifar10,d0.5,0.5,proser_fedavg,0.05,5,12,0.05,0.05,0.0008333333333333334,0.004166666666666667,0.540360087662637,0,0,0,delta_c/(M J) -> delta_c/M,0,,,,0.0,,0,,,,0.0,,0.540360087662637,0,0->0,1,1.0,1.0,1.0
cifar10_proser_fedavg__split04__seed1__d0.5,cifar10,d0.5,0.5,proser_fedavg,0.1,5,12,0.05,0.05,0.0008333333333333334,0.004166666666666667,0.22046890416045228,0,0,0,delta_c/(M J) -> delta_c/M,0,,,,0.0,,0,,,,0.0,,0.22046890416045228,0,0->0,1,1.0,1.0,1.0
cifar10_proser_fedavg__split04__seed1__d0.5,cifar10,d0.5,0.5,proser_fedavg,0.15,5,12,0.05,0.05,0.0008333333333333334,0.004166666666666667,0.021428527316054435,0,0,0,delta_c/(M J) -> delta_c/M,0,,,,0.0,,0,,,,0.0,,0.021428527316054435,0,0->0,1,1.0,1.0,1.0
cifar10_proser_fedavg__split04__seed1__d0.5,cifar10,d0.5,0.5,proser_fedavg,0.2,5,12,0.05,0.05,0.0008333333333333334,0.004166666666666667,0.0015504706473112525,1,1,1,delta_c/(M J) -> delta_c/M,1,8.0,margin,0.3,0.14823786811815862,0.0015504706473112525,1,8.0,margin,0.3,0.15594128738219845,0.0015504706473112525,0.0015504706473112525,0,1->1,1,1.0,1.0,1.0
cifar10_proser_fedavg__split04__seed1__d0.5,cifar10,d0.5,0.5,proser_fedavg,0.25,5,12,0.05,0.05,0.0008333333333333334,0.004166666666666667,4.970746976486921e-06,6,6,6,delta_c/(M J) -> delta_c/M,1,9.0,margin,0.5,0.26899371588219095,0.00033260789469886253,1,9.0,margin,0.5,0.2787404050214185,0.00033260789469886253,0.00033260789469886253,0,1->1,1,1.0,1.0,1.0
cifar10_proser_fedavg__split04__seed1__d0.5,cifar10,d0.5,0.5,proser_fedavg,0.3,5,12,0.05,0.05,0.0008333333333333334,0.004166666666666667,1.568945165464747e-08,9,9,9,delta_c/(M J) -> delta_c/M,1,6.0,energy,0.7,0.4725375294709854,0.00707261644960534,1,6.0,energy,0.7,0.4836686575898118,0.00707261644960534,0.00707261644960534,0,1->1,1,1.0,1.0,1.0
cifar10_proser_fedavg__split04__seed1__d5.0,cifar10,d5,5.0,proser_fedavg,0.05,5,12,0.05,0.05,0.0008333333333333334,0.004166666666666667,0.3841587775775722,0,0,0,delta_c/(M J) -> delta_c/M,0,,,,0.0,,0,,,,0.0,,0.3841587775775722,0,0->0,1,1.0,1.0,1.0
cifar10_proser_fedavg__split04__seed1__d5.0,cifar10,d5,5.0,proser_fedavg,0.1,5,12,0.05,0.05,0.0008333333333333334,0.004166666666666667,0.1315500162073011,0,0,0,delta_c/(M J) -> delta_c/M,0,,,,0.0,,0,,,,0.0,,0.1315500162073011,0,0->0,1,1.0,1.0,1.0
cifar10_proser_fedavg__split04__seed1__d5.0,cifar10,d5,5.0,proser_fedavg,0.15,5,12,0.05,0.05,0.0008333333333333334,0.004166666666666667,0.003680474674659172,1,1,1,delta_c/(M J) -> delta_c/M,1,0.0,proser,0.3,0.16378831856751058,0.003680474674659172,1,0.0,proser,0.3,0.17183034880148174,0.003680474674659172,0.003680474674659172,0,1->1,1,1.0,1.0,1.0
cifar10_proser_fedavg__split04__seed1__d5.0,cifar10,d5,5.0,proser_fedavg,0.2,5,12,0.05,0.05,0.0008333333333333334,0.004166666666666667,2.094171647329351e-05,6,6,6,delta_c/(M J) -> delta_c/M,1,1.0,proser,0.5,0.3168263424064076,0.000952662698016822,1,1.0,proser,0.5,0.3270915532420068,0.000952662698016822,0.000952662698016822,0,1->1,1,1.0,1.0,1.0
cifar10_proser_fedavg__split04__seed1__d5.0,cifar10,d5,5.0,proser_fedavg,0.25,5,12,0.05,0.05,0.0008333333333333334,0.004166666666666667,6.914822572466011e-08,9,9,9,delta_c/(M J) -> delta_c/M,1,6.0,energy,0.7,0.4551027269545442,0.004009843390911978,1,6.0,energy,0.7,0.46619345269764023,0.004009843390911978,0.004009843390911978,0,1->1,1,1.0,1.0,1.0
cifar10_proser_fedavg__split04__seed1__d5.0,cifar10,d5,5.0,proser_fedavg,0.3,5,12,0.05,0.05,0.0008333333333333334,0.004166666666666667,2.714593436943053e-10,9,9,9,delta_c/(M J) -> delta_c/M,1,10.0,margin,0.7,0.553056322812827,0.00327956773717156,1,10.0,margin,0.7,0.5641980775157753,0.00327956773717156,0.00327956773717156,0,1->1,1,1.0,1.0,1.0
cifar10_proser_fedavg__split04__seed2__d0.1,cifar10,d0.1,0.1,proser_fedavg,0.05,5,12,0.05,0.05,0.0008333333333333334,0.004166666666666667,0.8290474644964009,0,0,0,delta_c/(M J) -> delta_c/M,0,,,,0.0,,0,,,,0.0,,0.8290474644964009,0,0->0,1,1.0,1.0,1.0
cifar10_proser_fedavg__split04__seed2__d0.1,cifar10,d0.1,0.1,proser_fedavg,0.1,5,12,0.05,0.05,0.0008333333333333334,0.004166666666666667,0.58462914051567,0,0,0,delta_c/(M J) -> delta_c/M,0,,,,0.0,,0,,,,0.0,,0.58462914051567,0,0->0,1,1.0,1.0,1.0
cifar10_proser_fedavg__split04__seed2__d0.1,cifar10,d0.1,0.1,proser_fedavg,0.15,5,12,0.05,0.05,0.0008333333333333334,0.004166666666666667,0.4071232286145152,0,0,0,delta_c/(M J) -> delta_c/M,0,,,,0.0,,0,,,,0.0,,0.4071232286145152,0,0->0,1,1.0,1.0,1.0
cifar10_proser_fedavg__split04__seed2__d0.1,cifar10,d0.1,0.1,proser_fedavg,0.2,5,12,0.05,0.05,0.0008333333333333334,0.004166666666666667,0.1613288172321643,0,0,0,delta_c/(M J) -> delta_c/M,0,,,,0.0,,0,,,,0.0,,0.1613288172321643,0,0->0,1,1.0,1.0,1.0
cifar10_proser_fedavg__split04__seed2__d0.1,cifar10,d0.1,0.1,proser_fedavg,0.25,5,12,0.05,0.05,0.0008333333333333334,0.004166666666666667,0.02301196856656075,0,0,0,delta_c/(M J) -> delta_c/M,0,,,,0.0,,0,,,,0.0,,0.02301196856656075,0,0->0,1,1.0,1.0,1.0
cifar10_proser_fedavg__split04__seed2__d0.1,cifar10,d0.1,0.1,proser_fedavg,0.3,5,12,0.05,0.05,0.0008333333333333334,0.004166666666666667,0.011657842663832407,0,0,0,delta_c/(M J) -> delta_c/M,0,,,,0.0,,0,,,,0.0,,0.011657842663832407,0,0->0,1,1.0,1.0,1.0
cifar10_proser_fedavg__split04__seed2__d0.5,cifar10,d0.5,0.5,proser_fedavg,0.05,5,12,0.05,0.05,0.0008333333333333334,0.004166666666666667,0.2722378123452851,0,0,0,delta_c/(M J) -> delta_c/M,0,,,,0.0,,0,,,,0.0,,0.2722378123452851,0,0->0,1,1.0,1.0,1.0
cifar10_proser_fedavg__split04__seed2__d0.5,cifar10,d0.5,0.5,proser_fedavg,0.1,5,12,0.05,0.05,0.0008333333333333334,0.004166666666666667,0.020925183381290104,0,0,0,delta_c/(M J) -> delta_c/M,0,,,,0.0,,0,,,,0.0,,0.020925183381290104,0,0->0,1,1.0,1.0,1.0
cifar10_proser_fedavg__split04__seed2__d0.5,cifar10,d0.5,0.5,proser_fedavg,0.15,5,12,0.05,0.05,0.0008333333333333334,0.004166666666666667,0.0006003555975417783,1,1,1,delta_c/(M J) -> delta_c/M,1,4.0,energy,0.3,0.19356056842986266,0.0006003555975417783,1,4.0,energy,0.3,0.20217926353904905,0.0006003555975417783,0.0006003555975417783,0,1->1,1,1.0,1.0,1.0
cifar10_proser_fedavg__split04__seed2__d0.5,cifar10,d0.5,0.5,proser_fedavg,0.2,5,12,0.05,0.05,0.0008333333333333334,0.004166666666666667,0.00024405681455967555,3,3,3,delta_c/(M J) -> delta_c/M,1,8.0,margin,0.3,0.24719555713681196,0.00024405681455967555,1,8.0,margin,0.3,0.2566588422630137,0.00024405681455967555,0.00024405681455967555,0,1->1,1,1.0,1.0,1.0
cifar10_proser_fedavg__split04__seed2__d0.5,cifar10,d0.5,0.5,proser_fedavg,0.25,5,12,0.05,0.05,0.0008333333333333334,0.004166666666666667,2.1054749017962195e-05,3,3,3,delta_c/(M J) -> delta_c/M,1,8.0,margin,0.3,0.29281024440955383,2.1054749017962195e-05,1,8.0,margin,0.3,0.30283199885233564,2.1054749017962195e-05,2.1054749017962195e-05,0,1->1,1,1.0,1.0,1.0
cifar10_proser_fedavg__split04__seed2__d0.5,cifar10,d0.5,0.5,proser_fedavg,0.3,5,12,0.05,0.05,0.0008333333333333334,0.004166666666666667,5.658396883091759e-08,6,6,6,delta_c/(M J) -> delta_c/M,1,5.0,energy,0.5,0.4339082105380569,0.0004534765531741175,1,5.0,energy,0.5,0.44493136655352433,0.0004534765531741175,0.0004534765531741175,0,1->1,1,1.0,1.0,1.0
cifar10_proser_fedavg__split04__seed2__d5.0,cifar10,d5,5.0,proser_fedavg,0.05,5,12,0.05,0.05,0.0008333333333333334,0.004166666666666667,0.18889772384756215,0,0,0,delta_c/(M J) -> delta_c/M,0,,,,0.0,,0,,,,0.0,,0.18889772384756215,0,0->0,1,1.0,1.0,1.0
cifar10_proser_fedavg__split04__seed2__d5.0,cifar10,d5,5.0,proser_fedavg,0.1,5,12,0.05,0.05,0.0008333333333333334,0.004166666666666667,0.01088413079589528,0,0,0,delta_c/(M J) -> delta_c/M,0,,,,0.0,,0,,,,0.0,,0.01088413079589528,0,0->0,1,1.0,1.0,1.0
cifar10_proser_fedavg__split04__seed2__d5.0,cifar10,d5,5.0,proser_fedavg,0.15,5,12,0.05,0.05,0.0008333333333333334,0.004166666666666667,0.00013646333343376657,3,3,3,delta_c/(M J) -> delta_c/M,1,4.0,energy,0.3,0.21485819143313847,0.00013646333343376657,1,4.0,energy,0.3,0.22383943922301028,0.00013646333343376657,0.00013646333343376657,0,1->1,1,1.0,1.0,1.0
cifar10_proser_fedavg__split04__seed2__d5.0,cifar10,d5,5.0,proser_fedavg,0.2,5,12,0.05,0.05,0.0008333333333333334,0.004166666666666667,5.864745672546814e-06,6,6,6,delta_c/(M J) -> delta_c/M,1,5.0,energy,0.5,0.3654261741451777,0.0012587906849606438,1,5.0,energy,0.5,0.37608834742585173,0.0012587906849606438,0.0012587906849606438,0,1->1,1,1.0,1.0,1.0
cifar10_proser_fedavg__split04__seed2__d5.0,cifar10,d5,5.0,proser_fedavg,0.25,5,12,0.05,0.05,0.0008333333333333334,0.004166666666666667,6.6277125467001996e-09,6,6,6,delta_c/(M J) -> delta_c/M,1,5.0,energy,0.5,0.4128394633093728,9.077774941423332e-05,1,5.0,energy,0.5,0.42377510340272617,9.077774941423332e-05,9.077774941423332e-05,0,1->1,1,1.0,1.0,1.0
cifar10_proser_fedavg__split04__seed2__d5.0,cifar10,d5,5.0,proser_fedavg,0.3,5,12,0.05,0.05,0.0008333333333333334,0.004166666666666667,7.788998063782647e-13,8,8,8,delta_c/(M J) -> delta_c/M,1,6.0,energy,0.7,0.5950282026094935,0.007760815829633722,1,6.0,energy,0.7,0.6060595715446995,0.007760815829633722,0.007760815829633722,0,1->1,1,1.0,1.0,1.0
cifar10_proser_fedavg__split04__seed3__d0.1,cifar10,d0.1,0.1,proser_fedavg,0.05,5,12,0.05,0.05,0.0008333333333333334,0.004166666666666667,0.6423758535453004,0,0,0,delta_c/(M J) -> delta_c/M,0,,,,0.0,,0,,,,0.0,,0.6423758535453004,0,0->0,1,1.0,1.0,1.0
cifar10_proser_fedavg__split04__seed3__d0.1,cifar10,d0.1,0.1,proser_fedavg,0.1,5,12,0.05,0.05,0.0008333333333333334,0.004166666666666667,0.5769436641256922,0,0,0,delta_c/(M J) -> delta_c/M,0,,,,0.0,,0,,,,0.0,,0.5769436641256922,0,0->0,1,1.0,1.0,1.0
cifar10_proser_fedavg__split04__seed3__d0.1,cifar10,d0.1,0.1,proser_fedavg,0.15,5,12,0.05,0.05,0.0008333333333333334,0.004166666666666667,0.18810566090663494,0,0,0,delta_c/(M J) -> delta_c/M,0,,,,0.0,,0,,,,0.0,,0.18810566090663494,0,0->0,1,1.0,1.0,1.0
cifar10_proser_fedavg__split04__seed3__d0.1,cifar10,d0.1,0.1,proser_fedavg,0.2,5,12,0.05,0.05,0.0008333333333333334,0.004166666666666667,0.028462094459744576,0,0,0,delta_c/(M J) -> delta_c/M,0,,,,0.0,,0,,,,0.0,,0.028462094459744576,0,0->0,1,1.0,1.0,1.0
cifar10_proser_fedavg__split04__seed3__d0.1,cifar10,d0.1,0.1,proser_fedavg,0.25,5,12,0.05,0.05,0.0008333333333333334,0.004166666666666667,0.002645139134077222,1,1,1,delta_c/(M J) -> delta_c/M,1,8.0,margin,0.3,0.05004018696043709,0.002645139134077222,1,8.0,margin,0.3,0.05462916210937897,0.002645139134077222,0.002645139134077222,0,1->1,1,1.0,1.0,1.0
cifar10_proser_fedavg__split04__seed3__d0.1,cifar10,d0.1,0.1,proser_fedavg,0.3,5,12,0.05,0.05,0.0008333333333333334,0.004166666666666667,0.0001889654579545697,3,3,3,delta_c/(M J) -> delta_c/M,1,4.0,energy,0.3,0.06392596034304576,0.0005573713743842824,1,4.0,energy,0.3,0.06911340878955945,0.0005573713743842824,0.0005573713743842824,0,1->1,1,1.0,1.0,1.0
cifar10_proser_fedavg__split04__seed3__d0.5,cifar10,d0.5,0.5,proser_fedavg,0.05,5,12,0.05,0.05,0.0008333333333333334,0.004166666666666667,0.6243063944297621,0,0,0,delta_c/(M J) -> delta_c/M,0,,,,0.0,,0,,,,0.0,,0.6243063944297621,0,0->0,1,1.0,1.0,1.0
cifar10_proser_fedavg__split04__seed3__d0.5,cifar10,d0.5,0.5,proser_fedavg,0.1,5,12,0.05,0.05,0.0008333333333333334,0.004166666666666667,0.1500381060555797,0,0,0,delta_c/(M J) -> delta_c/M,0,,,,0.0,,0,,,,0.0,,0.1500381060555797,0,0->0,1,1.0,1.0,1.0
cifar10_proser_fedavg__split04__seed3__d0.5,cifar10,d0.5,0.5,proser_fedavg,0.15,5,12,0.05,0.05,0.0008333333333333334,0.004166666666666667,0.004482507352834385,0,0,0,delta_c/(M J) -> delta_c/M,0,,,,0.0,,0,,,,0.0,,0.004482507352834385,0,0->0,1,1.0,1.0,1.0
cifar10_proser_fedavg__split04__seed3__d0.5,cifar10,d0.5,0.5,proser_fedavg,0.2,5,12,0.05,0.05,0.0008333333333333334,0.004166666666666667,6.217097437525916e-05,6,6,6,delta_c/(M J) -> delta_c/M,1,5.0,energy,0.5,0.2946506702779506,0.00031985032111279553,1,5.0,energy,0.5,0.30469225567182645,0.00031985032111279553,0.00031985032111279553,0,1->1,1,1.0,1.0,1.0
cifar10_proser_fedavg__split04__seed3__d0.5,cifar10,d0.5,0.5,proser_fedavg,0.25,5,12,0.05,0.05,0.0008333333333333334,0.004166666666666667,1.7285045030693637e-07,9,9,9,delta_c/(M J) -> delta_c/M,1,6.0,energy,0.7,0.4531707489949315,0.005062768299492459,1,6.0,energy,0.7,0.46425615733449827,0.005062768299492459,0.005062768299492459,0,1->1,1,1.0,1.0,1.0
cifar10_proser_fedavg__split04__seed3__d0.5,cifar10,d0.5,0.5,proser_fedavg,0.3,5,12,0.05,0.05,0.0008333333333333334,0.004166666666666667,7.76126315123191e-11,9,9,9,delta_c/(M J) -> delta_c/M,1,6.0,energy,0.7,0.5214169345665075,0.001287010916794936,1,6.0,energy,0.7,0.5325890199080114,0.001287010916794936,0.001287010916794936,0,1->1,1,1.0,1.0,1.0
cifar10_proser_fedavg__split04__seed3__d5.0,cifar10,d5,5.0,proser_fedavg,0.05,5,12,0.05,0.05,0.0008333333333333334,0.004166666666666667,0.26930741346849607,0,0,0,delta_c/(M J) -> delta_c/M,0,,,,0.0,,0,,,,0.0,,0.26930741346849607,0,0->0,1,1.0,1.0,1.0
cifar10_proser_fedavg__split04__seed3__d5.0,cifar10,d5,5.0,proser_fedavg,0.1,5,12,0.05,0.05,0.0008333333333333334,0.004166666666666667,0.03823586260238456,0,0,0,delta_c/(M J) -> delta_c/M,0,,,,0.0,,0,,,,0.0,,0.03823586260238456,0,0->0,1,1.0,1.0,1.0
cifar10_proser_fedavg__split04__seed3__d5.0,cifar10,d5,5.0,proser_fedavg,0.15,5,12,0.05,0.05,0.0008333333333333334,0.004166666666666667,0.015496726434887685,0,0,0,delta_c/(M J) -> delta_c/M,0,,,,0.0,,0,,,,0.0,,0.015496726434887685,0,0->0,1,1.0,1.0,1.0
cifar10_proser_fedavg__split04__seed3__d5.0,cifar10,d5,5.0,proser_fedavg,0.2,5,12,0.05,0.05,0.0008333333333333334,0.004166666666666667,0.00030370835530970736,5,5,5,delta_c/(M J) -> delta_c/M,1,5.0,energy,0.5,0.3729680230111561,0.00132667325991635,1,5.0,energy,0.5,0.3836809715599002,0.00132667325991635,0.00132667325991635,0,1->1,1,1.0,1.0,1.0
cifar10_proser_fedavg__split04__seed3__d5.0,cifar10,d5,5.0,proser_fedavg,0.25,5,12,0.05,0.05,0.0008333333333333334,0.004166666666666667,6.846149767587441e-07,7,7,7,delta_c/(M J) -> delta_c/M,1,6.0,energy,0.7,0.5076632531756482,0.004098716603653213,1,6.0,energy,0.7,0.5188345668461258,0.004098716603653213,0.004098716603653213,0,1->1,1,1.0,1.0,1.0
cifar10_proser_fedavg__split04__seed3__d5.0,cifar10,d5,5.0,proser_fedavg,0.3,5,12,0.05,0.05,0.0008333333333333334,0.004166666666666667,1.2687254915268086e-10,6,6,6,delta_c/(M J) -> delta_c/M,1,5.0,energy,0.5,0.4551027269545442,5.366687080222593e-07,1,5.0,energy,0.5,0.46619345269764023,5.366687080222593e-07,5.366687080222593e-07,0,1->1,1,1.0,1.0,1.0
cifar10_proser_fedavg__split04__seed4__d0.1,cifar10,d0.1,0.1,proser_fedavg,0.05,5,12,0.05,0.05,0.0008333333333333334,0.004166666666666667,0.95,0,0,0,delta_c/(M J) -> delta_c/M,0,,,,0.0,,0,,,,0.0,,0.95,0,0->0,1,1.0,1.0,1.0
cifar10_proser_fedavg__split04__seed4__d0.1,cifar10,d0.1,0.1,proser_fedavg,0.1,5,12,0.05,0.05,0.0008333333333333334,0.004166666666666667,0.659002251789,0,0,0,delta_c/(M J) -> delta_c/M,0,,,,0.0,,0,,,,0.0,,0.659002251789,0,0->0,1,1.0,1.0,1.0
cifar10_proser_fedavg__split04__seed4__d0.1,cifar10,d0.1,0.1,proser_fedavg,0.15,5,12,0.05,0.05,0.0008333333333333334,0.004166666666666667,0.44345959577747796,0,0,0,delta_c/(M J) -> delta_c/M,0,,,,0.0,,0,,,,0.0,,0.44345959577747796,0,0->0,1,1.0,1.0,1.0
cifar10_proser_fedavg__split04__seed4__d0.1,cifar10,d0.1,0.1,proser_fedavg,0.2,5,12,0.05,0.05,0.0008333333333333334,0.004166666666666667,0.27487790694400016,0,0,0,delta_c/(M J) -> delta_c/M,0,,,,0.0,,0,,,,0.0,,0.27487790694400016,0,0->0,1,1.0,1.0,1.0
cifar10_proser_fedavg__split04__seed4__d0.1,cifar10,d0.1,0.1,proser_fedavg,0.25,5,12,0.05,0.05,0.0008333333333333334,0.004166666666666667,0.2360878111794591,0,0,0,delta_c/(M J) -> delta_c/M,0,,,,0.0,,0,,,,0.0,,0.2360878111794591,0,0->0,1,1.0,1.0,1.0
cifar10_proser_fedavg__split04__seed4__d0.1,cifar10,d0.1,0.1,proser_fedavg,0.3,5,12,0.05,0.05,0.0008333333333333334,0.004166666666666667,0.2552983299999999,0,0,0,delta_c/(M J) -> delta_c/M,0,,,,0.0,,0,,,,0.0,,0.2552983299999999,0,0->0,1,1.0,1.0,1.0
cifar10_proser_fedavg__split04__seed4__d0.5,cifar10,d0.5,0.5,proser_fedavg,0.05,5,12,0.05,0.05,0.0008333333333333334,0.004166666666666667,0.24079304834923254,0,0,0,delta_c/(M J) -> delta_c/M,0,,,,0.0,,0,,,,0.0,,0.24079304834923254,0,0->0,1,1.0,1.0,1.0
cifar10_proser_fedavg__split04__seed4__d0.5,cifar10,d0.5,0.5,proser_fedavg,0.1,5,12,0.05,0.05,0.0008333333333333334,0.004166666666666667,0.06225707894932257,0,0,0,delta_c/(M J) -> delta_c/M,0,,,,0.0,,0,,,,0.0,,0.06225707894932257,0,0->0,1,1.0,1.0,1.0
cifar10_proser_fedavg__split04__seed4__d0.5,cifar10,d0.5,0.5,proser_fedavg,0.15,5,12,0.05,0.05,0.0008333333333333334,0.004166666666666667,0.0008859079676760164,1,1,1,delta_c/(M J) -> delta_c/M,1,4.0,energy,0.3,0.07499662592272627,0.0008859079676760164,1,4.0,energy,0.3,0.08060768939057698,0.0008859079676760164,0.0008859079676760164,0,1->1,1,1.0,1.0,1.0
cifar10_proser_fedavg__split04__seed4__d0.5,cifar10,d0.5,0.5,proser_fedavg,0.2,5,12,0.05,0.05,0.0008333333333333334,0.004166666666666667,0.0012529346147901275,2,2,2,delta_c/(M J) -> delta_c/M,1,4.0,energy,0.3,0.09934809231425049,0.00144417931261916,1,4.0,energy,0.3,0.10576906922330784,0.00144417931261916,0.00144417931261916,0,1->1,1,1.0,1.0,1.0
cifar10_proser_fedavg__split04__seed4__d0.5,cifar10,d0.5,0.5,proser_fedavg,0.25,5,12,0.05,0.05,0.0008333333333333334,0.004166666666666667,0.0005199282081077513,4,4,4,delta_c/(M J) -> delta_c/M,1,1.0,proser,0.5,0.14137832700924496,0.00347440991205886,1,1.0,proser,0.5,0.14892310068801173,0.00347440991205886,0.00347440991205886,0,1->1,1,1.0,1.0,1.0
cifar10_proser_fedavg__split04__seed4__d0.5,cifar10,d0.5,0.5,proser_fedavg,0.3,5,12,0.05,0.05,0.0008333333333333334,0.004166666666666667,1.1589023708207354e-05,6,6,6,delta_c/(M J) -> delta_c/M,1,9.0,margin,0.5,0.20418191705418934,8.060249010847652e-05,1,9.0,margin,0.5,0.21298622695495206,8.060249010847652e-05,8.060249010847652e-05,0,1->1,1,1.0,1.0,1.0
cifar10_proser_fedavg__split04__seed4__d5.0,cifar10,d5,5.0,proser_fedavg,0.05,5,12,0.05,0.05,0.0008333333333333334,0.004166666666666667,0.12245025152304725,0,0,0,delta_c/(M J) -> delta_c/M,0,,,,0.0,,0,,,,0.0,,0.12245025152304725,0,0->0,1,1.0,1.0,1.0
cifar10_proser_fedavg__split04__seed4__d5.0,cifar10,d5,5.0,proser_fedavg,0.1,5,12,0.05,0.05,0.0008333333333333334,0.004166666666666667,0.003549741047764948,1,1,1,delta_c/(M J) -> delta_c/M,1,8.0,margin,0.3,0.12269444253531368,0.003549741047764948,1,8.0,margin,0.3,0.1297746569620508,0.003549741047764948,0.003549741047764948,0,1->1,1,1.0,1.0,1.0
cifar10_proser_fedavg__split04__seed4__d5.0,cifar10,d5,5.0,proser_fedavg,0.15,5,12,0.05,0.05,0.0008333333333333334,0.004166666666666667,7.097643691629356e-05,3,3,3,delta_c/(M J) -> delta_c/M,1,0.0,proser,0.3,0.15858753442168752,0.0017810830653586115,1,0.0,proser,0.3,0.16651941981501164,0.0017810830653586115,0.0017810830653586115,0,1->1,1,1.0,1.0,1.0
cifar10_proser_fedavg__split04__seed4__d5.0,cifar10,d5,5.0,proser_fedavg,0.2,5,12,0.05,0.05,0.0008333333333333334,0.004166666666666667,2.2056009522427226e-07,3,3,3,delta_c/(M J) -> delta_c/M,1,8.0,margin,0.3,0.20418191705418934,4.45613384927131e-05,1,8.0,margin,0.3,0.21298622695495206,4.45613384927131e-05,4.45613384927131e-05,0,1->1,1,1.0,1.0,1.0
cifar10_proser_fedavg__split04__seed4__d5.0,cifar10,d5,5.0,proser_fedavg,0.25,5,12,0.05,0.05,0.0008333333333333334,0.004166666666666667,8.091121971062058e-07,6,6,6,delta_c/(M J) -> delta_c/M,1,5.0,energy,0.5,0.3767453198893282,0.001474581539107718,1,5.0,energy,0.5,0.3874826457461459,0.001474581539107718,0.001474581539107718,0,1->1,1,1.0,1.0,1.0
cifar10_proser_fedavg__split04__seed4__d5.0,cifar10,d5,5.0,proser_fedavg,0.3,5,12,0.05,0.05,0.0008333333333333334,0.004166666666666667,4.857527461376481e-08,8,8,8,delta_c/(M J) -> delta_c/M,1,6.0,energy,0.7,0.519448865393914,0.000569519094616762,1,6.0,energy,0.7,0.5306213570699465,0.000569519094616762,0.000569519094616762,0,1->1,1,1.0,1.0,1.0
cifar10_proser_fedavg__split05__seed0__d0.1,cifar10,d0.1,0.1,proser_fedavg,0.05,5,12,0.05,0.05,0.0008333333333333334,0.004166666666666667,1.0,0,0,0,delta_c/(M J) -> delta_c/M,0,,,,0.0,,0,,,,0.0,,1.0,0,0->0,1,1.0,1.0,1.0
cifar10_proser_fedavg__split05__seed0__d0.1,cifar10,d0.1,0.1,proser_fedavg,0.1,5,12,0.05,0.05,0.0008333333333333334,0.004166666666666667,0.9814652388,0,0,0,delta_c/(M J) -> delta_c/M,0,,,,0.0,,0,,,,0.0,,0.9814652388,0,0->0,1,1.0,1.0,1.0
cifar10_proser_fedavg__split05__seed0__d0.1,cifar10,d0.1,0.1,proser_fedavg,0.15,5,12,0.05,0.05,0.0008333333333333334,0.004166666666666667,0.9305551430083985,0,0,0,delta_c/(M J) -> delta_c/M,0,,,,0.0,,0,,,,0.0,,0.9305551430083985,0,0->0,1,1.0,1.0,1.0
cifar10_proser_fedavg__split05__seed0__d0.1,cifar10,d0.1,0.1,proser_fedavg,0.2,5,12,0.05,0.05,0.0008333333333333334,0.004166666666666667,0.6399999999999999,0,0,0,delta_c/(M J) -> delta_c/M,0,,,,0.0,,0,,,,0.0,,0.6399999999999999,0,0->0,1,1.0,1.0,1.0
cifar10_proser_fedavg__split05__seed0__d0.1,cifar10,d0.1,0.1,proser_fedavg,0.25,5,12,0.05,0.05,0.0008333333333333334,0.004166666666666667,0.7133045196533203,0,0,0,delta_c/(M J) -> delta_c/M,0,,,,0.0,,0,,,,0.0,,0.7133045196533203,0,0->0,1,1.0,1.0,1.0
cifar10_proser_fedavg__split05__seed0__d0.1,cifar10,d0.1,0.1,proser_fedavg,0.3,5,12,0.05,0.05,0.0008333333333333334,0.004166666666666667,0.5695623388000002,0,0,0,delta_c/(M J) -> delta_c/M,0,,,,0.0,,0,,,,0.0,,0.5695623388000002,0,0->0,1,1.0,1.0,1.0
cifar10_proser_fedavg__split05__seed0__d0.5,cifar10,d0.5,0.5,proser_fedavg,0.05,5,12,0.05,0.05,0.0008333333333333334,0.004166666666666667,0.9709737181775935,0,0,0,delta_c/(M J) -> delta_c/M,0,,,,0.0,,0,,,,0.0,,0.9709737181775935,0,0->0,1,1.0,1.0,1.0
cifar10_proser_fedavg__split05__seed0__d0.5,cifar10,d0.5,0.5,proser_fedavg,0.1,5,12,0.05,0.05,0.0008333333333333334,0.004166666666666667,0.673842064319665,0,0,0,delta_c/(M J) -> delta_c/M,0,,,,0.0,,0,,,,0.0,,0.673842064319665,0,0->0,1,1.0,1.0,1.0
cifar10_proser_fedavg__split05__seed0__d0.5,cifar10,d0.5,0.5,proser_fedavg,0.15,5,12,0.05,0.05,0.0008333333333333334,0.004166666666666667,0.26283236874526544,0,0,0,delta_c/(M J) -> delta_c/M,0,,,,0.0,,0,,,,0.0,,0.26283236874526544,0,0->0,1,1.0,1.0,1.0
cifar10_proser_fedavg__split05__seed0__d0.5,cifar10,d0.5,0.5,proser_fedavg,0.2,5,12,0.05,0.05,0.0008333333333333334,0.004166666666666667,0.07637599694099151,0,0,0,delta_c/(M J) -> delta_c/M,0,,,,0.0,,0,,,,0.0,,0.07637599694099151,0,0->0,1,1.0,1.0,1.0
cifar10_proser_fedavg__split05__seed0__d0.5,cifar10,d0.5,0.5,proser_fedavg,0.25,5,12,0.05,0.05,0.0008333333333333334,0.004166666666666667,0.007989371154024675,0,0,0,delta_c/(M J) -> delta_c/M,0,,,,0.0,,0,,,,0.0,,0.007989371154024675,0,0->0,1,1.0,1.0,1.0
cifar10_proser_fedavg__split05__seed0__d0.5,cifar10,d0.5,0.5,proser_fedavg,0.3,5,12,0.05,0.05,0.0008333333333333334,0.004166666666666667,0.00021720321317520997,4,4,4,delta_c/(M J) -> delta_c/M,1,10.0,margin,0.7,0.3466465293383055,0.0017221382352605413,1,10.0,margin,0.7,0.35716987810602,0.0017221382352605413,0.0017221382352605413,0,1->1,1,1.0,1.0,1.0
cifar10_proser_fedavg__split05__seed0__d5.0,cifar10,d5,5.0,proser_fedavg,0.05,5,12,0.05,0.05,0.0008333333333333334,0.004166666666666667,0.13170716893011425,0,0,0,delta_c/(M J) -> delta_c/M,0,,,,0.0,,0,,,,0.0,,0.13170716893011425,0,0->0,1,1.0,1.0,1.0
cifar10_proser_fedavg__split05__seed0__d5.0,cifar10,d5,5.0,proser_fedavg,0.1,5,12,0.05,0.05,0.0008333333333333334,0.004166666666666667,0.0208585608726882,0,0,0,delta_c/(M J) -> delta_c/M,0,,,,0.0,,0,,,,0.0,,0.0208585608726882,0,0->0,1,1.0,1.0,1.0
cifar10_proser_fedavg__split05__seed0__d5.0,cifar10,d5,5.0,proser_fedavg,0.15,5,12,0.05,0.05,0.0008333333333333334,0.004166666666666667,0.00015748488238816584,5,5,5,delta_c/(M J) -> delta_c/M,1,9.0,margin,0.5,0.3616616475294751,0.002272584497142408,1,9.0,margin,0.5,0.3722974188689161,0.002272584497142408,0.002272584497142408,0,1->1,1,1.0,1.0,1.0
cifar10_proser_fedavg__split05__seed0__d5.0,cifar10,d5,5.0,proser_fedavg,0.2,5,12,0.05,0.05,0.0008333333333333334,0.004166666666666667,2.50907780337131e-08,6,6,6,delta_c/(M J) -> delta_c/M,1,5.0,energy,0.5,0.41474960532782096,0.0009269515408816739,1,5.0,energy,0.5,0.42569402585739846,0.0009269515408816739,0.0009269515408816739,0,1->1,1,1.0,1.0,1.0
cifar10_proser_fedavg__split05__seed0__d5.0,cifar10,d5,5.0,proser_fedavg,0.25,5,12,0.05,0.05,0.0008333333333333334,0.004166666666666667,4.7611114349077205e-11,7,7,7,delta_c/(M J) -> delta_c/M,1,2.0,proser,0.7,0.5490857311765629,0.0038871770761538076,1,2.0,proser,0.7,0.5602337614565385,0.0038871770761538076,0.0038871770761538076,0,1->1,1,1.0,1.0,1.0
cifar10_proser_fedavg__split05__seed0__d5.0,cifar10,d5,5.0,proser_fedavg,0.3,5,12,0.05,0.05,0.0008333333333333334,0.004166666666666667,1.1945831997829638e-13,9,9,9,delta_c/(M J) -> delta_c/M,1,2.0,proser,0.7,0.6172268874240934,0.0015492351275872038,1,2.0,proser,0.7,0.6281666123047629,0.0015492351275872038,0.0015492351275872038,0,1->1,1,1.0,1.0,1.0
cifar10_proser_fedavg__split05__seed1__d0.1,cifar10,d0.1,0.1,proser_fedavg,0.05,5,12,0.05,0.05,0.0008333333333333334,0.004166666666666667,0.4720264597542536,0,0,0,delta_c/(M J) -> delta_c/M,0,,,,0.0,,0,,,,0.0,,0.4720264597542536,0,0->0,1,1.0,1.0,1.0
cifar10_proser_fedavg__split05__seed1__d0.1,cifar10,d0.1,0.1,proser_fedavg,0.1,5,12,0.05,0.05,0.0008333333333333334,0.004166666666666667,0.17036889104785774,0,0,0,delta_c/(M J) -> delta_c/M,0,,,,0.0,,0,,,,0.0,,0.17036889104785774,0,0->0,1,1.0,1.0,1.0
cifar10_proser_fedavg__split05__seed1__d0.1,cifar10,d0.1,0.1,proser_fedavg,0.15,5,12,0.05,0.05,0.0008333333333333334,0.004166666666666667,0.05188175528200238,0,0,0,delta_c/(M J) -> delta_c/M,0,,,,0.0,,0,,,,0.0,,0.05188175528200238,0,0->0,1,1.0,1.0,1.0
cifar10_proser_fedavg__split05__seed1__d0.1,cifar10,d0.1,0.1,proser_fedavg,0.2,5,12,0.05,0.05,0.0008333333333333334,0.004166666666666667,0.036026531905136605,0,0,0,delta_c/(M J) -> delta_c/M,0,,,,0.0,,0,,,,0.0,,0.036026531905136605,0,0->0,1,1.0,1.0,1.0
cifar10_proser_fedavg__split05__seed1__d0.1,cifar10,d0.1,0.1,proser_fedavg,0.25,5,12,0.05,0.05,0.0008333333333333334,0.004166666666666667,0.0030831057599645063,2,2,2,delta_c/(M J) -> delta_c/M,1,1.0,proser,0.5,0.12776259345145716,0.0030831057599645063,1,1.0,proser,0.5,0.13497382023620932,0.0030831057599645063,0.0030831057599645063,0,1->1,1,1.0,1.0,1.0
cifar10_proser_fedavg__split05__seed1__d0.1,cifar10,d0.1,0.1,proser_fedavg,0.3,5,12,0.05,0.05,0.0008333333333333334,0.004166666666666667,4.4217808184530855e-05,8,8,8,delta_c/(M J) -> delta_c/M,1,2.0,proser,0.7,0.35414545977452894,0.0033094929544243775,1,2.0,proser,0.7,0.3647263876560867,0.0033094929544243775,0.0033094929544243775,0,1->1,1,1.0,1.0,1.0
cifar10_proser_fedavg__split05__seed1__d0.5,cifar10,d0.5,0.5,proser_fedavg,0.05,5,12,0.05,0.05,0.0008333333333333334,0.004166666666666667,0.19447468310108135,0,0,0,delta_c/(M J) -> delta_c/M,0,,,,0.0,,0,,,,0.0,,0.19447468310108135,0,0->0,1,1.0,1.0,1.0
cifar10_proser_fedavg__split05__seed1__d0.5,cifar10,d0.5,0.5,proser_fedavg,0.1,5,12,0.05,0.05,0.0008333333333333334,0.004166666666666667,0.0360163097768654,0,0,0,delta_c/(M J) -> delta_c/M,0,,,,0.0,,0,,,,0.0,,0.0360163097768654,0,0->0,1,1.0,1.0,1.0
cifar10_proser_fedavg__split05__seed1__d0.5,cifar10,d0.5,0.5,proser_fedavg,0.15,5,12,0.05,0.05,0.0008333333333333334,0.004166666666666667,0.004594051778225054,0,0,0,delta_c/(M J) -> delta_c/M,0,,,,0.0,,0,,,,0.0,,0.004594051778225054,0,0->0,1,1.0,1.0,1.0
cifar10_proser_fedavg__split05__seed1__d0.5,cifar10,d0.5,0.5,proser_fedavg,0.2,5,12,0.05,0.05,0.0008333333333333334,0.004166666666666667,1.3600221292224832e-05,4,4,4,delta_c/(M J) -> delta_c/M,1,5.0,energy,0.5,0.3691949703418786,0.0046064726955426585,1,5.0,energy,0.5,0.3798828686733124,0.0046064726955426585,0.0046064726955426585,0,1->1,1,1.0,1.0,1.0
cifar10_proser_fedavg__split05__seed1__d0.5,cifar10,d0.5,0.5,proser_fedavg,0.25,5,12,0.05,0.05,0.0008333333333333334,0.004166666666666667,3.2874322590059975e-07,6,6,6,delta_c/(M J) -> delta_c/M,1,9.0,margin,0.5,0.4377524004889524,0.0024928314110897764,1,9.0,margin,0.5,0.4487893261312502,0.0024928314110897764,0.0024928314110897764,0,1->1,1,1.0,1.0,1.0
cifar10_proser_fedavg__split05__seed1__d0.5,cifar10,d0.5,0.5,proser_fedavg,0.3,5,12,0.05,0.05,0.0008333333333333334,0.004166666666666667,2.482993008047053e-10,6,6,6,delta_c/(M J) -> delta_c/M,1,9.0,margin,0.5,0.46865580323174344,1.9665773702736533e-06,1,9.0,margin,0.5,0.4797791148832116,1.9665773702736533e-06,1.9665773702736533e-06,0,1->1,1,1.0,1.0,1.0
cifar10_proser_fedavg__split05__seed1__d5.0,cifar10,d5,5.0,proser_fedavg,0.05,5,12,0.05,0.05,0.0008333333333333334,0.004166666666666667,0.3073568677250239,0,0,0,delta_c/(M J) -> delta_c/M,0,,,,0.0,,0,,,,0.0,,0.3073568677250239,0,0->0,1,1.0,1.0,1.0
cifar10_proser_fedavg__split05__seed1__d5.0,cifar10,d5,5.0,proser_fedavg,0.1,5,12,0.05,0.05,0.0008333333333333334,0.004166666666666667,0.26568424676026764,0,0,0,delta_c/(M J) -> delta_c/M,0,,,,0.0,,0,,,,0.0,,0.26568424676026764,0,0->0,1,1.0,1.0,1.0
cifar10_proser_fedavg__split05__seed1__d5.0,cifar10,d5,5.0,proser_fedavg,0.15,5,12,0.05,0.05,0.0008333333333333334,0.004166666666666667,0.005197918424670914,0,0,0,delta_c/(M J) -> delta_c/M,0,,,,0.0,,0,,,,0.0,,0.005197918424670914,0,0->0,1,1.0,1.0,1.0
cifar10_proser_fedavg__split05__seed1__d5.0,cifar10,d5,5.0,proser_fedavg,0.2,5,12,0.05,0.05,0.0008333333333333334,0.004166666666666667,0.00043822908054714127,4,4,4,delta_c/(M J) -> delta_c/M,1,9.0,margin,0.5,0.3673100393851205,0.002671397945511636,1,9.0,margin,0.5,0.377985159670785,0.002671397945511636,0.002671397945511636,0,1->1,1,1.0,1.0,1.0
cifar10_proser_fedavg__split05__seed1__d5.0,cifar10,d5,5.0,proser_fedavg,0.25,5,12,0.05,0.05,0.0008333333333333334,0.004166666666666667,1.6729982281788788e-07,6,6,6,delta_c/(M J) -> delta_c/M,1,9.0,margin,0.5,0.40330437814109177,0.0018730987242408,1,9.0,margin,0.5,0.41419363821463323,0.0018730987242408,0.0018730987242408,0,1->1,1,1.0,1.0,1.0
cifar10_proser_fedavg__split05__seed1__d5.0,cifar10,d5,5.0,proser_fedavg,0.3,5,12,0.05,0.05,0.0008333333333333334,0.004166666666666667,6.690136604120186e-10,9,9,9,delta_c/(M J) -> delta_c/M,1,6.0,energy,0.7,0.553056322812827,0.008122581406334732,1,6.0,energy,0.7,0.5641980775157753,0.008122581406334732,0.008122581406334732,0,1->1,1,1.0,1.0,1.0
cifar10_proser_fedavg__split05__seed2__d0.1,cifar10,d0.1,0.1,proser_fedavg,0.05,5,12,0.05,0.05,0.0008333333333333334,0.004166666666666667,0.8796191224443661,0,0,0,delta_c/(M J) -> delta_c/M,0,,,,0.0,,0,,,,0.0,,0.8796191224443661,0,0->0,1,1.0,1.0,1.0
cifar10_proser_fedavg__split05__seed2__d0.1,cifar10,d0.1,0.1,proser_fedavg,0.1,5,12,0.05,0.05,0.0008333333333333334,0.004166666666666667,0.46483597727724446,0,0,0,delta_c/(M J) -> delta_c/M,0,,,,0.0,,0,,,,0.0,,0.46483597727724446,0,0->0,1,1.0,1.0,1.0
cifar10_proser_fedavg__split05__seed2__d0.1,cifar10,d0.1,0.1,proser_fedavg,0.15,5,12,0.05,0.05,0.0008333333333333334,0.004166666666666667,0.31858597554574136,0,0,0,delta_c/(M J) -> delta_c/M,0,,,,0.0,,0,,,,0.0,,0.31858597554574136,0,0->0,1,1.0,1.0,1.0
cifar10_proser_fedavg__split05__seed2__d0.1,cifar10,d0.1,0.1,proser_fedavg,0.2,5,12,0.05,0.05,0.0008333333333333334,0.004166666666666667,0.06052397790789693,0,0,0,delta_c/(M J) -> delta_c/M,0,,,,0.0,,0,,,,0.0,,0.06052397790789693,0,0->0,1,1.0,1.0,1.0
cifar10_proser_fedavg__split05__seed2__d0.1,cifar10,d0.1,0.1,proser_fedavg,0.25,5,12,0.05,0.05,0.0008333333333333334,0.004166666666666667,0.02570023191713722,0,0,0,delta_c/(M J) -> delta_c/M,0,,,,0.0,,0,,,,0.0,,0.02570023191713722,0,0->0,1,1.0,1.0,1.0
cifar10_proser_fedavg__split05__seed2__d0.1,cifar10,d0.1,0.1,proser_fedavg,0.3,5,12,0.05,0.05,0.0008333333333333334,0.004166666666666667,0.0007045164423870968,1,1,1,delta_c/(M J) -> delta_c/M,1,8.0,margin,0.3,0.06864441351691945,0.0007045164423870968,1,8.0,margin,0.3,0.0740174636052026,0.0007045164423870968,0.0007045164423870968,0,1->1,1,1.0,1.0,1.0
cifar10_proser_fedavg__split05__seed2__d0.5,cifar10,d0.5,0.5,proser_fedavg,0.05,5,12,0.05,0.05,0.0008333333333333334,0.004166666666666667,0.14440761335245345,0,0,0,delta_c/(M J) -> delta_c/M,0,,,,0.0,,0,,,,0.0,,0.14440761335245345,0,0->0,1,1.0,1.0,1.0
cifar10_proser_fedavg__split05__seed2__d0.5,cifar10,d0.5,0.5,proser_fedavg,0.1,5,12,0.05,0.05,0.0008333333333333334,0.004166666666666667,0.010926798935871427,0,0,0,delta_c/(M J) -> delta_c/M,0,,,,0.0,,0,,,,0.0,,0.010926798935871427,0,0->0,1,1.0,1.0,1.0
cifar10_proser_fedavg__split05__seed2__d0.5,cifar10,d0.5,0.5,proser_fedavg,0.15,5,12,0.05,0.05,0.0008333333333333334,0.004166666666666667,6.998579920879692e-05,3,3,3,delta_c/(M J) -> delta_c/M,1,4.0,energy,0.3,0.27630003311969054,0.0007827605367572144,1,4.0,energy,0.3,0.286134816838346,0.0007827605367572144,0.0007827605367572144,0,1->1,1,1.0,1.0,1.0
cifar10_proser_fedavg__split05__seed2__d0.5,cifar10,d0.5,0.5,proser_fedavg,0.2,5,12,0.05,0.05,0.0008333333333333334,0.004166666666666667,3.5894057259411946e-07,6,6,6,delta_c/(M J) -> delta_c/M,1,5.0,energy,0.5,0.3691949703418786,0.001524151632324863,1,5.0,energy,0.5,0.3798828686733124,0.001524151632324863,0.001524151632324863,0,1->1,1,1.0,1.0,1.0
cifar10_proser_fedavg__split05__seed2__d0.5,cifar10,d0.5,0.5,proser_fedavg,0.25,5,12,0.05,0.05,0.0008333333333333334,0.004166666666666667,5.91993852738756e-09,8,8,8,delta_c/(M J) -> delta_c/M,1,2.0,proser,0.7,0.48615670165473684,0.005788008356823136,1,2.0,proser,0.7,0.49730993305167703,0.005788008356823136,0.005788008356823136,0,1->1,1,1.0,1.0,1.0
cifar10_proser_fedavg__split05__seed2__d0.5,cifar10,d0.5,0.5,proser_fedavg,0.3,5,12,0.05,0.05,0.0008333333333333334,0.004166666666666667,1.6583131660346342e-11,9,9,9,delta_c/(M J) -> delta_c/M,1,6.0,energy,0.7,0.5610111900672511,0.0010677231327600317,1,6.0,energy,0.7,0.5721382241684934,0.0010677231327600317,0.0010677231327600317,0,1->1,1,1.0,1.0,1.0
cifar10_proser_fedavg__split05__seed2__d5.0,cifar10,d5,5.0,proser_fedavg,0.05,5,12,0.05,0.05,0.0008333333333333334,0.004166666666666667,0.06268683559918325,0,0,0,delta_c/(M J) -> delta_c/M,0,,,,0.0,,0,,,,0.0,,0.06268683559918325,0,0->0,1,1.0,1.0,1.0
cifar10_proser_fedavg__split05__seed2__d5.0,cifar10,d5,5.0,proser_fedavg,0.1,5,12,0.05,0.05,0.0008333333333333334,0.004166666666666667,0.0007787771416801914,2,2,2,delta_c/(M J) -> delta_c/M,1,4.0,energy,0.3,0.2059575451247134,0.0007787771416801914,1,4.0,energy,0.3,0.21479193734703372,0.0007787771416801914,0.0007787771416801914,0,1->1,1,1.0,1.0,1.0
cifar10_proser_fedavg__split05__seed2__d5.0,cifar10,d5,5.0,proser_fedavg,0.15,5,12,0.05,0.05,0.0008333333333333334,0.004166666666666667,0.0005871168230122762,3,3,3,delta_c/(M J) -> delta_c/M,1,8.0,margin,0.3,0.25807163686314494,0.0008055488567499927,1,8.0,margin,0.3,0.2676802640594055,0.0008055488567499927,0.0008055488567499927,0,1->1,1,1.0,1.0,1.0
cifar10_proser_fedavg__split05__seed2__d5.0,cifar10,d5,5.0,proser_fedavg,0.2,5,12,0.05,0.05,0.0008333333333333334,0.004166666666666667,1.7131406370675904e-06,9,9,9,delta_c/(M J) -> delta_c/M,1,6.0,energy,0.7,0.4551027269545442,0.007343488438453302,1,6.0,energy,0.7,0.46619345269764023,0.007343488438453302,0.007343488438453302,0,1->1,1,1.0,1.0,1.0
cifar10_proser_fedavg__split05__seed2__d5.0,cifar10,d5,5.0,proser_fedavg,0.25,5,12,0.05,0.05,0.0008333333333333334,0.004166666666666667,1.623013302704882e-09,9,9,9,delta_c/(M J) -> delta_c/M,1,6.0,energy,0.7,0.5214169345665075,0.0025712354745847732,1,6.0,energy,0.7,0.5325890199080114,0.0025712354745847732,0.0025712354745847732,0,1->1,1,1.0,1.0,1.0
cifar10_proser_fedavg__split05__seed2__d5.0,cifar10,d5,5.0,proser_fedavg,0.3,5,12,0.05,0.05,0.0008333333333333334,0.004166666666666667,2.4168229733705855e-14,9,9,9,delta_c/(M J) -> delta_c/M,1,10.0,margin,0.7,0.5829828992154225,0.0006451703205406017,1,10.0,margin,0.7,0.5940542612743742,0.0006451703205406017,0.0006451703205406017,0,1->1,1,1.0,1.0,1.0
cifar10_proser_fedavg__split05__seed3__d0.1,cifar10,d0.1,0.1,proser_fedavg,0.05,5,12,0.05,0.05,0.0008333333333333334,0.004166666666666667,0.1182629811851204,0,0,0,delta_c/(M J) -> delta_c/M,0,,,,0.0,,0,,,,0.0,,0.1182629811851204,0,0->0,1,1.0,1.0,1.0
cifar10_proser_fedavg__split05__seed3__d0.1,cifar10,d0.1,0.1,proser_fedavg,0.1,5,12,0.05,0.05,0.0008333333333333334,0.004166666666666667,0.01067482802978574,0,0,0,delta_c/(M J) -> delta_c/M,0,,,,0.0,,0,,,,0.0,,0.01067482802978574,0,0->0,1,1.0,1.0,1.0
cifar10_proser_fedavg__split05__seed3__d0.1,cifar10,d0.1,0.1,proser_fedavg,0.15,5,12,0.05,0.05,0.0008333333333333334,0.004166666666666667,0.0006866674661141908,2,2,2,delta_c/(M J) -> delta_c/M,1,4.0,energy,0.3,0.1551298253151936,0.0006866674661141908,1,4.0,energy,0.3,0.1629867870468295,0.0006866674661141908,0.0006866674661141908,0,1->1,1,1.0,1.0,1.0
cifar10_proser_fedavg__split05__seed3__d0.1,cifar10,d0.1,0.1,proser_fedavg,0.2,5,12,0.05,0.05,0.0008333333333333334,0.004166666666666667,3.516781636248449e-05,3,3,3,delta_c/(M J) -> delta_c/M,1,8.0,margin,0.3,0.16552563122978003,3.516781636248449e-05,1,8.0,margin,0.3,0.1736037904425844,3.516781636248449e-05,3.516781636248449e-05,0,1->1,1,1.0,1.0,1.0
cifar10_proser_fedavg__split05__seed3__d0.1,cifar10,d0.1,0.1,proser_fedavg,0.25,5,12,0.05,0.05,0.0008333333333333334,0.004166666666666667,5.663201063978867e-07,7,7,7,delta_c/(M J) -> delta_c/M,1,2.0,proser,0.7,0.2220051144417419,0.003285001801573695,1,2.0,proser,0.7,0.23109967341549026,0.003285001801573695,0.003285001801573695,0,1->1,1,1.0,1.0,1.0
cifar10_proser_fedavg__split05__seed3__d0.1,cifar10,d0.1,0.1,proser_fedavg,0.3,5,12,0.05,0.05,0.0008333333333333334,0.004166666666666667,2.313025956676983e-08,8,8,8,delta_c/(M J) -> delta_c/M,1,6.0,energy,0.7,0.2598888245458525,0.0064076175104112055,1,6.0,energy,0.7,0.26952096205499826,0.0064076175104112055,0.0064076175104112055,0,1->1,1,1.0,1.0,1.0
cifar10_proser_fedavg__split05__seed3__d0.5,cifar10,d0.5,0.5,proser_fedavg,0.05,5,12,0.05,0.05,0.0008333333333333334,0.004166666666666667,0.037081209327355036,0,0,0,delta_c/(M J) -> delta_c/M,0,,,,0.0,,0,,,,0.0,,0.037081209327355036,0,0->0,1,1.0,1.0,1.0
cifar10_proser_fedavg__split05__seed3__d0.5,cifar10,d0.5,0.5,proser_fedavg,0.1,5,12,0.05,0.05,0.0008333333333333334,0.004166666666666667,7.067601249207072e-05,5,5,5,delta_c/(M J) -> delta_c/M,1,9.0,margin,0.5,0.21842876388757312,0.004147436745955257,1,9.0,margin,0.5,0.2274671239383013,0.004147436745955257,0.004147436745955257,0,1->1,1,1.0,1.0,1.0
cifar10_proser_fedavg__split05__seed3__d0.5,cifar10,d0.5,0.5,proser_fedavg,0.15,5,12,0.05,0.05,0.0008333333333333334,0.004166666666666667,2.1912459415108333e-06,6,6,6,delta_c/(M J) -> delta_c/M,1,9.0,margin,0.5,0.29281024440955383,0.0003046837116993953,1,9.0,margin,0.5,0.30283199885233564,0.0003046837116993953,0.0003046837116993953,0,1->1,1,1.0,1.0,1.0
cifar10_proser_fedavg__split05__seed3__d0.5,cifar10,d0.5,0.5,proser_fedavg,0.2,5,12,0.05,0.05,0.0008333333333333334,0.004166666666666667,6.494644140143887e-09,6,6,6,delta_c/(M J) -> delta_c/M,1,9.0,margin,0.5,0.33356534601372795,0.0008919853171522897,1,9.0,margin,0.5,0.3439812828054374,0.0008919853171522897,0.0008919853171522897,0,1->1,1,1.0,1.0,1.0
cifar10_proser_fedavg__split05__seed3__d0.5,cifar10,d0.5,0.5,proser_fedavg,0.25,5,12,0.05,0.05,0.0008333333333333334,0.004166666666666667,1.7332968863589905e-11,6,6,6,delta_c/(M J) -> delta_c/M,1,1.0,proser,0.5,0.38810256557296663,1.7576117285900876e-05,1,1.0,proser,0.5,0.39890900318559075,1.7576117285900876e-05,1.7576117285900876e-05,0,1->1,1,1.0,1.0,1.0
cifar10_proser_fedavg__split05__seed3__d0.5,cifar10,d0.5,0.5,proser_fedavg,0.3,5,12,0.05,0.05,0.0008333333333333334,0.004166666666666667,8.844199637948317e-13,9,9,9,delta_c/(M J) -> delta_c/M,1,6.0,energy,0.7,0.5490857311765629,0.0014609327496648947,1,6.0,energy,0.7,0.5602337614565385,0.0014609327496648947,0.0014609327496648947,0,1->1,1,1.0,1.0,1.0
cifar10_proser_fedavg__split05__seed3__d5.0,cifar10,d5,5.0,proser_fedavg,0.05,5,12,0.05,0.05,0.0008333333333333334,0.004166666666666667,0.6746914981868366,0,0,0,delta_c/(M J) -> delta_c/M,0,,,,0.0,,0,,,,0.0,,0.6746914981868366,0,0->0,1,1.0,1.0,1.0
cifar10_proser_fedavg__split05__seed3__d5.0,cifar10,d5,5.0,proser_fedavg,0.1,5,12,0.05,0.05,0.0008333333333333334,0.004166666666666667,0.04559717379432851,0,0,0,delta_c/(M J) -> delta_c/M,0,,,,0.0,,0,,,,0.0,,0.04559717379432851,0,0->0,1,1.0,1.0,1.0
cifar10_proser_fedavg__split05__seed3__d5.0,cifar10,d5,5.0,proser_fedavg,0.15,5,12,0.05,0.05,0.0008333333333333334,0.004166666666666667,0.0014314461155829426,3,3,3,delta_c/(M J) -> delta_c/M,1,9.0,margin,0.5,0.2562557266025393,0.00200474687472105,1,9.0,margin,0.5,0.2658406413126157,0.00200474687472105,0.00200474687472105,0,1->1,1,1.0,1.0,1.0
cifar10_proser_fedavg__split05__seed3__d5.0,cifar10,d5,5.0,proser_fedavg,0.2,5,12,0.05,0.05,0.0008333333333333334,0.004166666666666667,4.918468373080669e-06,7,7,7,delta_c/(M J) -> delta_c/M,1,10.0,margin,0.7,0.42623229790865813,0.0021247552610740303,1,10.0,margin,0.7,0.43722593744001537,0.0021247552610740303,0.0021247552610740303,0,1->1,1,1.0,1.0,1.0
cifar10_proser_fedavg__split05__seed3__d5.0,cifar10,d5,5.0,proser_fedavg,0.25,5,12,0.05,0.05,0.0008333333333333334,0.004166666666666667,1.2269560507313117e-09,9,9,9,delta_c/(M J) -> delta_c/M,1,10.0,margin,0.7,0.5057027649586956,0.00015649929803179466,1,10.0,margin,0.7,0.5168732827811362,0.00015649929803179466,0.00015649929803179466,0,1->1,1,1.0,1.0,1.0
cifar10_proser_fedavg__split05__seed3__d5.0,cifar10,d5,5.0,proser_fedavg,0.3,5,12,0.05,0.05,0.0008333333333333334,0.004166666666666667,2.5422845675492135e-13,9,9,9,delta_c/(M J) -> delta_c/M,1,10.0,margin,0.7,0.5689844947350655,2.6082027111691607e-05,1,10.0,margin,0.7,0.5800938853445046,2.6082027111691607e-05,2.6082027111691607e-05,0,1->1,1,1.0,1.0,1.0
cifar10_proser_fedavg__split05__seed4__d0.1,cifar10,d0.1,0.1,proser_fedavg,0.05,5,12,0.05,0.05,0.0008333333333333334,0.004166666666666667,0.735091890625,0,0,0,delta_c/(M J) -> delta_c/M,0,,,,0.0,,0,,,,0.0,,0.735091890625,0,0->0,1,1.0,1.0,1.0
cifar10_proser_fedavg__split05__seed4__d0.1,cifar10,d0.1,0.1,proser_fedavg,0.1,5,12,0.05,0.05,0.0008333333333333334,0.004166666666666667,0.59049,0,0,0,delta_c/(M J) -> delta_c/M,0,,,,0.0,,0,,,,0.0,,0.59049,0,0->0,1,1.0,1.0,1.0
cifar10_proser_fedavg__split05__seed4__d0.1,cifar10,d0.1,0.1,proser_fedavg,0.15,5,12,0.05,0.05,0.0008333333333333334,0.004166666666666667,0.377149515625,0,0,0,delta_c/(M J) -> delta_c/M,0,,,,0.0,,0,,,,0.0,,0.377149515625,0,0->0,1,1.0,1.0,1.0
cifar10_proser_fedavg__split05__seed4__d0.1,cifar10,d0.1,0.1,proser_fedavg,0.2,5,12,0.05,0.05,0.0008333333333333334,0.004166666666666667,0.26386222723034186,0,0,0,delta_c/(M J) -> delta_c/M,0,,,,0.0,,0,,,,0.0,,0.26386222723034186,0,0->0,1,1.0,1.0,1.0
cifar10_proser_fedavg__split05__seed4__d0.1,cifar10,d0.1,0.1,proser_fedavg,0.25,5,12,0.05,0.05,0.0008333333333333334,0.004166666666666667,0.11501837051953956,0,0,0,delta_c/(M J) -> delta_c/M,0,,,,0.0,,0,,,,0.0,,0.11501837051953956,0,0->0,1,1.0,1.0,1.0
cifar10_proser_fedavg__split05__seed4__d0.1,cifar10,d0.1,0.1,proser_fedavg,0.3,5,12,0.05,0.05,0.0008333333333333334,0.004166666666666667,0.037894911252999514,0,0,0,delta_c/(M J) -> delta_c/M,0,,,,0.0,,0,,,,0.0,,0.037894911252999514,0,0->0,1,1.0,1.0,1.0
cifar10_proser_fedavg__split05__seed4__d0.5,cifar10,d0.5,0.5,proser_fedavg,0.05,5,12,0.05,0.05,0.0008333333333333334,0.004166666666666667,0.07309772651287767,0,0,0,delta_c/(M J) -> delta_c/M,0,,,,0.0,,0,,,,0.0,,0.07309772651287767,0,0->0,1,1.0,1.0,1.0
cifar10_proser_fedavg__split05__seed4__d0.5,cifar10,d0.5,0.5,proser_fedavg,0.1,5,12,0.05,0.05,0.0008333333333333334,0.004166666666666667,0.017150024157606532,0,0,0,delta_c/(M J) -> delta_c/M,0,,,,0.0,,0,,,,0.0,,0.017150024157606532,0,0->0,1,1.0,1.0,1.0
cifar10_proser_fedavg__split05__seed4__d0.5,cifar10,d0.5,0.5,proser_fedavg,0.15,5,12,0.05,0.05,0.0008333333333333334,0.004166666666666667,0.0002979195878346371,3,3,3,delta_c/(M J) -> delta_c/M,1,4.0,energy,0.3,0.21842876388757312,0.0031314911978010556,1,4.0,energy,0.3,0.2274671239383013,0.0031314911978010556,0.0031314911978010556,0,1->1,1,1.0,1.0,1.0
cifar10_proser_fedavg__split05__seed4__d0.5,cifar10,d0.5,0.5,proser_fedavg,0.2,5,12,0.05,0.05,0.0008333333333333334,0.004166666666666667,3.8681464243107015e-05,3,3,3,delta_c/(M J) -> delta_c/M,1,4.0,energy,0.3,0.23816830203689635,0.0006514715401850996,1,4.0,energy,0.3,0.24750474988909962,0.0006514715401850996,0.0006514715401850996,0,1->1,1,1.0,1.0,1.0
cifar10_proser_fedavg__split05__seed4__d0.5,cifar10,d0.5,0.5,proser_fedavg,0.25,5,12,0.05,0.05,0.0008333333333333334,0.004166666666666667,3.7803806768099135e-06,3,3,3,delta_c/(M J) -> delta_c/M,1,4.0,energy,0.3,0.2726444105595809,3.7803806768099135e-06,1,4.0,energy,0.3,0.2824355370849912,3.7803806768099135e-06,3.7803806768099135e-06,0,1->1,1,1.0,1.0,1.0
cifar10_proser_fedavg__split05__seed4__d0.5,cifar10,d0.5,0.5,proser_fedavg,0.3,5,12,0.05,0.05,0.0008333333333333334,0.004166666666666667,3.685722885067375e-08,6,6,6,delta_c/(M J) -> delta_c/M,1,9.0,margin,0.5,0.3691949703418786,0.005121205808854973,1,9.0,margin,0.5,0.3798828686733124,0.005121205808854973,0.005121205808854973,0,1->1,1,1.0,1.0,1.0
cifar10_proser_fedavg__split05__seed4__d5.0,cifar10,d5,5.0,proser_fedavg,0.05,5,12,0.05,0.05,0.0008333333333333334,0.004166666666666667,0.3723639736473863,0,0,0,delta_c/(M J) -> delta_c/M,0,,,,0.0,,0,,,,0.0,,0.3723639736473863,0,0->0,1,1.0,1.0,1.0
cifar10_proser_fedavg__split05__seed4__d5.0,cifar10,d5,5.0,proser_fedavg,0.1,5,12,0.05,0.05,0.0008333333333333334,0.004166666666666667,0.029133928415185348,0,0,0,delta_c/(M J) -> delta_c/M,0,,,,0.0,,0,,,,0.0,,0.029133928415185348,0,0->0,1,1.0,1.0,1.0
cifar10_proser_fedavg__split05__seed4__d5.0,cifar10,d5,5.0,proser_fedavg,0.15,5,12,0.05,0.05,0.0008333333333333334,0.004166666666666667,0.0014508609939693836,1,1,1,delta_c/(M J) -> delta_c/M,1,8.0,margin,0.3,0.11095540548896891,0.0014508609939693836,1,8.0,margin,0.3,0.11771632434823752,0.0014508609939693836,0.0014508609939693836,0,1->1,1,1.0,1.0,1.0
cifar10_proser_fedavg__split05__seed4__d5.0,cifar10,d5,5.0,proser_fedavg,0.2,5,12,0.05,0.05,0.0008333333333333334,0.004166666666666667,1.588556838564992e-05,3,3,3,delta_c/(M J) -> delta_c/M,1,9.0,margin,0.5,0.3001789843632782,0.004826886799432618,1,9.0,margin,0.5,0.3102789480589795,0.004826886799432618,0.004826886799432618,0,1->1,1,1.0,1.0,1.0
cifar10_proser_fedavg__split05__seed4__d5.0,cifar10,d5,5.0,proser_fedavg,0.25,5,12,0.05,0.05,0.0008333333333333334,0.004166666666666667,1.5724862577303903e-07,6,6,6,delta_c/(M J) -> delta_c/M,1,9.0,margin,0.5,0.38241919831898763,0.0002831161104941266,1,9.0,margin,0.5,0.39319183232033605,0.0002831161104941266,0.0002831161104941266,0,1->1,1,1.0,1.0,1.0
cifar10_proser_fedavg__split05__seed4__d5.0,cifar10,d5,5.0,proser_fedavg,0.3,5,12,0.05,0.05,0.0008333333333333334,0.004166666666666667,4.67742615928798e-09,6,6,6,delta_c/(M J) -> delta_c/M,1,9.0,margin,0.5,0.41474960532782096,6.950672176683089e-06,1,9.0,margin,0.5,0.42569402585739846,6.950672176683089e-06,6.950672176683089e-06,0,1->1,1,1.0,1.0,1.0
cifar10_proser_fedavg__split06__seed0__d0.1,cifar10,d0.1,0.1,proser_fedavg,0.05,5,12,0.05,0.05,0.0008333333333333334,0.004166666666666667,1.0,0,0,0,delta_c/(M J) -> delta_c/M,0,,,,0.0,,0,,,,0.0,,1.0,0,0->0,1,1.0,1.0,1.0
cifar10_proser_fedavg__split06__seed0__d0.1,cifar10,d0.1,0.1,proser_fedavg,0.1,5,12,0.05,0.05,0.0008333333333333334,0.004166666666666667,1.0,0,0,0,delta_c/(M J) -> delta_c/M,0,,,,0.0,,0,,,,0.0,,1.0,0,0->0,1,1.0,1.0,1.0
cifar10_proser_fedavg__split06__seed0__d0.1,cifar10,d0.1,0.1,proser_fedavg,0.15,5,12,0.05,0.05,0.0008333333333333334,0.004166666666666667,1.0,0,0,0,delta_c/(M J) -> delta_c/M,0,,,,0.0,,0,,,,0.0,,1.0,0,0->0,1,1.0,1.0,1.0
cifar10_proser_fedavg__split06__seed0__d0.1,cifar10,d0.1,0.1,proser_fedavg,0.2,5,12,0.05,0.05,0.0008333333333333334,0.004166666666666667,1.0,0,0,0,delta_c/(M J) -> delta_c/M,0,,,,0.0,,0,,,,0.0,,1.0,0,0->0,1,1.0,1.0,1.0
cifar10_proser_fedavg__split06__seed0__d0.1,cifar10,d0.1,0.1,proser_fedavg,0.25,5,12,0.05,0.05,0.0008333333333333334,0.004166666666666667,1.0,0,0,0,delta_c/(M J) -> delta_c/M,0,,,,0.0,,0,,,,0.0,,1.0,0,0->0,1,1.0,1.0,1.0
cifar10_proser_fedavg__split06__seed0__d0.1,cifar10,d0.1,0.1,proser_fedavg,0.3,5,12,0.05,0.05,0.0008333333333333334,0.004166666666666667,0.9163,0,0,0,delta_c/(M J) -> delta_c/M,0,,,,0.0,,0,,,,0.0,,0.9163,0,0->0,1,1.0,1.0,1.0
cifar10_proser_fedavg__split06__seed0__d0.5,cifar10,d0.5,0.5,proser_fedavg,0.05,5,12,0.05,0.05,0.0008333333333333334,0.004166666666666667,0.9025,0,0,0,delta_c/(M J) -> delta_c/M,0,,,,0.0,,0,,,,0.0,,0.9025,0,0->0,1,1.0,1.0,1.0
cifar10_proser_fedavg__split06__seed0__d0.5,cifar10,d0.5,0.5,proser_fedavg,0.1,5,12,0.05,0.05,0.0008333333333333334,0.004166666666666667,0.47659150585031795,0,0,0,delta_c/(M J) -> delta_c/M,0,,,,0.0,,0,,,,0.0,,0.47659150585031795,0,0->0,1,1.0,1.0,1.0
cifar10_proser_fedavg__split06__seed0__d0.5,cifar10,d0.5,0.5,proser_fedavg,0.15,5,12,0.05,0.05,0.0008333333333333334,0.004166666666666667,0.07887073551886742,0,0,0,delta_c/(M J) -> delta_c/M,0,,,,0.0,,0,,,,0.0,,0.07887073551886742,0,0->0,1,1.0,1.0,1.0
cifar10_proser_fedavg__split06__seed0__d0.5,cifar10,d0.5,0.5,proser_fedavg,0.2,5,12,0.05,0.05,0.0008333333333333334,0.004166666666666667,0.006683165280227568,0,0,0,delta_c/(M J) -> delta_c/M,0,,,,0.0,,0,,,,0.0,,0.006683165280227568,0,0->0,1,1.0,1.0,1.0
cifar10_proser_fedavg__split06__seed0__d0.5,cifar10,d0.5,0.5,proser_fedavg,0.25,5,12,0.05,0.05,0.0008333333333333334,0.004166666666666667,4.3736526713295845e-05,6,6,6,delta_c/(M J) -> delta_c/M,1,1.0,proser,0.5,0.3075663390542131,0.00016490482231492045,1,1.0,proser,0.5,0.31774156327905306,0.00016490482231492045,0.00016490482231492045,0,1->1,1,1.0,1.0,1.0
cifar10_proser_fedavg__split06__seed0__d0.5,cifar10,d0.5,0.5,proser_fedavg,0.3,5,12,0.05,0.05,0.0008333333333333334,0.004166666666666667,6.226707900480329e-08,9,9,9,delta_c/(M J) -> delta_c/M,1,10.0,margin,0.7,0.553056322812827,0.005385578629062152,1,10.0,margin,0.7,0.5641980775157753,0.005385578629062152,0.005385578629062152,0,1->1,1,1.0,1.0,1.0
cifar10_proser_fedavg__split06__seed0__d5.0,cifar10,d5,5.0,proser_fedavg,0.05,5,12,0.05,0.05,0.0008333333333333334,0.004166666666666667,0.6429825688786395,0,0,0,delta_c/(M J) -> delta_c/M,0,,,,0.0,,0,,,,0.0,,0.6429825688786395,0,0->0,1,1.0,1.0,1.0
cifar10_proser_fedavg__split06__seed0__d5.0,cifar10,d5,5.0,proser_fedavg,0.1,5,12,0.05,0.05,0.0008333333333333334,0.004166666666666667,0.06115161022396499,0,0,0,delta_c/(M J) -> delta_c/M,0,,,,0.0,,0,,,,0.0,,0.06115161022396499,0,0->0,1,1.0,1.0,1.0
cifar10_proser_fedavg__split06__seed0__d5.0,cifar10,d5,5.0,proser_fedavg,0.15,5,12,0.05,0.05,0.0008333333333333334,0.004166666666666667,0.002993543369807362,1,1,1,delta_c/(M J) -> delta_c/M,1,0.0,proser,0.3,0.16726477318462915,0.002993543369807362,1,0.0,proser,0.3,0.17537877301093394,0.002993543369807362,0.002993543369807362,0,1->1,1,1.0,1.0,1.0
cifar10_proser_fedavg__split06__seed0__d5.0,cifar10,d5,5.0,proser_fedavg,0.2,5,12,0.05,0.05,0.0008333333333333334,0.004166666666666667,4.741356027427756e-05,4,4,4,delta_c/(M J) -> delta_c/M,1,6.0,energy,0.7,0.38431260137232764,0.004615034321321634,1,6.0,energy,0.7,0.3950966701610924,0.004615034321321634,0.004615034321321634,0,1->1,1,1.0,1.0,1.0
cifar10_proser_fedavg__split06__seed0__d5.0,cifar10,d5,5.0,proser_fedavg,0.25,5,12,0.05,0.05,0.0008333333333333334,0.004166666666666667,5.8070673849141526e-08,7,7,7,delta_c/(M J) -> delta_c/M,1,2.0,proser,0.7,0.5174818857822099,0.00046846014111126853,1,2.0,proser,0.7,0.5286546110156197,0.00046846014111126853,0.00046846014111126853,0,1->1,1,1.0,1.0,1.0
cifar10_proser_fedavg__split06__seed0__d5.0,cifar10,d5,5.0,proser_fedavg,0.3,5,12,0.05,0.05,0.0008333333333333334,0.004166666666666667,1.9401360834761163e-11,8,8,8,delta_c/(M J) -> delta_c/M,1,10.0,margin,0.7,0.63550530941483,0.0012597505491591299,1,10.0,margin,0.7,0.646351696964019,0.0012597505491591299,0.0012597505491591299,0,1->1,1,1.0,1.0,1.0
cifar10_proser_fedavg__split06__seed1__d0.1,cifar10,d0.1,0.1,proser_fedavg,0.05,5,12,0.05,0.05,0.0008333333333333334,0.004166666666666667,0.4271872240391261,0,0,0,delta_c/(M J) -> delta_c/M,0,,,,0.0,,0,,,,0.0,,0.4271872240391261,0,0->0,1,1.0,1.0,1.0
cifar10_proser_fedavg__split06__seed1__d0.1,cifar10,d0.1,0.1,proser_fedavg,0.1,5,12,0.05,0.05,0.0008333333333333334,0.004166666666666667,0.09353031410324256,0,0,0,delta_c/(M J) -> delta_c/M,0,,,,0.0,,0,,,,0.0,,0.09353031410324256,0,0->0,1,1.0,1.0,1.0
cifar10_proser_fedavg__split06__seed1__d0.1,cifar10,d0.1,0.1,proser_fedavg,0.15,5,12,0.05,0.05,0.0008333333333333334,0.004166666666666667,0.003680474674659172,1,1,1,delta_c/(M J) -> delta_c/M,1,8.0,margin,0.3,0.13455268719285943,0.003680474674659172,1,8.0,margin,0.3,0.14193348169161032,0.003680474674659172,0.003680474674659172,0,1->1,1,1.0,1.0,1.0
cifar10_proser_fedavg__split06__seed1__d0.1,cifar10,d0.1,0.1,proser_fedavg,0.2,5,12,0.05,0.05,0.0008333333333333334,0.004166666666666667,0.0003604853074611398,2,2,2,delta_c/(M J) -> delta_c/M,1,8.0,margin,0.3,0.184753200303743,0.0003604853074611398,1,8.0,margin,0.3,0.19321030734982836,0.0003604853074611398,0.0003604853074611398,0,1->1,1,1.0,1.0,1.0
cifar10_proser_fedavg__split06__seed1__d0.1,cifar10,d0.1,0.1,proser_fedavg,0.25,5,12,0.05,0.05,0.0008333333333333334,0.004166666666666667,1.0924210253051044e-05,6,6,6,delta_c/(M J) -> delta_c/M,1,9.0,margin,0.5,0.28729606236544336,0.0011362435539143986,1,9.0,margin,0.5,0.29725720013377666,0.0011362435539143986,0.0011362435539143986,0,1->1,1,1.0,1.0,1.0
cifar10_proser_fedavg__split06__seed1__d0.1,cifar10,d0.1,0.1,proser_fedavg,0.3,5,12,0.05,0.05,0.0008333333333333334,0.004166666666666667,1.1768319389847704e-08,6,6,6,delta_c/(M J) -> delta_c/M,1,9.0,margin,0.5,0.33356534601372795,1.22711345017276e-05,1,9.0,margin,0.5,0.3439812828054374,1.22711345017276e-05,1.22711345017276e-05,0,1->1,1,1.0,1.0,1.0
cifar10_proser_fedavg__split06__seed1__d0.5,cifar10,d0.5,0.5,proser_fedavg,0.05,5,12,0.05,0.05,0.0008333333333333334,0.004166666666666667,0.3841587775775722,0,0,0,delta_c/(M J) -> delta_c/M,0,,,,0.0,,0,,,,0.0,,0.3841587775775722,0,0->0,1,1.0,1.0,1.0
cifar10_proser_fedavg__split06__seed1__d0.5,cifar10,d0.5,0.5,proser_fedavg,0.1,5,12,0.05,0.05,0.0008333333333333334,0.004166666666666667,0.126150979114934,0,0,0,delta_c/(M J) -> delta_c/M,0,,,,0.0,,0,,,,0.0,,0.126150979114934,0,0->0,1,1.0,1.0,1.0
cifar10_proser_fedavg__split06__seed1__d0.5,cifar10,d0.5,0.5,proser_fedavg,0.15,5,12,0.05,0.05,0.0008333333333333334,0.004166666666666667,0.011894855837350097,0,0,0,delta_c/(M J) -> delta_c/M,0,,,,0.0,,0,,,,0.0,,0.011894855837350097,0,0->0,1,1.0,1.0,1.0
cifar10_proser_fedavg__split06__seed1__d0.5,cifar10,d0.5,0.5,proser_fedavg,0.2,5,12,0.05,0.05,0.0008333333333333334,0.004166666666666667,0.0011583215413893445,5,5,5,delta_c/(M J) -> delta_c/M,1,5.0,energy,0.5,0.3654261741451777,0.001524151632324863,1,5.0,energy,0.5,0.37608834742585173,0.001524151632324863,0.001524151632324863,0,1->1,1,1.0,1.0,1.0
cifar10_proser_fedavg__split06__seed1__d0.5,cifar10,d0.5,0.5,proser_fedavg,0.25,5,12,0.05,0.05,0.0008333333333333334,0.004166666666666667,8.46031639627523e-08,6,6,6,delta_c/(M J) -> delta_c/M,1,1.0,proser,0.5,0.43198767402788046,0.0005230013305324602,1,1.0,proser,0.5,0.44300369806615597,0.0005230013305324602,0.0005230013305324602,0,1->1,1,1.0,1.0,1.0
cifar10_proser_fedavg__split06__seed1__d0.5,cifar10,d0.5,0.5,proser_fedavg,0.3,5,12,0.05,0.05,0.0008333333333333334,0.004166666666666667,2.5613343029997592e-11,9,9,9,delta_c/(M J) -> delta_c/M,1,6.0,energy,0.7,0.6111575517602162,0.0013975169867947571,1,6.0,energy,0.7,0.6221246707839073,0.0013975169867947571,0.0013975169867947571,0,1->1,1,1.0,1.0,1.0
cifar10_proser_fedavg__split06__seed1__d5.0,cifar10,d5,5.0,proser_fedavg,0.05,5,12,0.05,0.05,0.0008333333333333334,0.004166666666666667,0.3426657487585101,0,0,0,delta_c/(M J) -> delta_c/M,0,,,,0.0,,0,,,,0.0,,0.3426657487585101,0,0->0,1,1.0,1.0,1.0
cifar10_proser_fedavg__split06__seed1__d5.0,cifar10,d5,5.0,proser_fedavg,0.1,5,12,0.05,0.05,0.0008333333333333334,0.004166666666666667,0.030542735173869285,0,0,0,delta_c/(M J) -> delta_c/M,0,,,,0.0,,0,,,,0.0,,0.030542735173869285,0,0->0,1,1.0,1.0,1.0
cifar10_proser_fedavg__split06__seed1__d5.0,cifar10,d5,5.0,proser_fedavg,0.15,5,12,0.05,0.05,0.0008333333333333334,0.004166666666666667,0.0005822297873720399,3,3,3,delta_c/(M J) -> delta_c/M,1,5.0,energy,0.5,0.32425472410217265,0.004020353697918741,1,5.0,energy,0.5,0.33458869520275614,0.004020353697918741,0.004020353697918741,0,1->1,1,1.0,1.0,1.0
cifar10_proser_fedavg__split06__seed1__d5.0,cifar10,d5,5.0,proser_fedavg,0.2,5,12,0.05,0.05,0.0008333333333333334,0.004166666666666667,6.307038174215253e-07,6,6,6,delta_c/(M J) -> delta_c/M,1,5.0,energy,0.5,0.3975958481510068,0.00022080624453761595,1,5.0,energy,0.5,0.40845529463456637,0.00022080624453761595,0.00022080624453761595,0,1->1,1,1.0,1.0,1.0
cifar10_proser_fedavg__split06__seed1__d5.0,cifar10,d5,5.0,proser_fedavg,0.25,5,12,0.05,0.05,0.0008333333333333334,0.004166666666666667,6.837438496095378e-10,9,9,9,delta_c/(M J) -> delta_c/M,1,6.0,energy,0.7,0.5849874272556145,0.002666028831786268,1,6.0,energy,0.7,0.5960526028282653,0.002666028831786268,0.002666028831786268,0,1->1,1,1.0,1.0,1.0
cifar10_proser_fedavg__split06__seed1__d5.0,cifar10,d5,5.0,proser_fedavg,0.3,5,12,0.05,0.05,0.0008333333333333334,0.004166666666666667,1.5458010573845038e-13,9,9,9,delta_c/(M J) -> delta_c/M,1,10.0,margin,0.7,0.6538934101125884,0.0006927997796019599,1,10.0,margin,0.7,0.6646290895335986,0.0006927997796019599,0.0006927997796019599,0,1->1,1,1.0,1.0,1.0
cifar10_proser_fedavg__split06__seed2__d0.1,cifar10,d0.1,0.1,proser_fedavg,0.05,5,12,0.05,0.05,0.0008333333333333334,0.004166666666666667,0.9287886038046875,0,0,0,delta_c/(M J) -> delta_c/M,0,,,,0.0,,0,,,,0.0,,0.9287886038046875,0,0->0,1,1.0,1.0,1.0
cifar10_proser_fedavg__split06__seed2__d0.1,cifar10,d0.1,0.1,proser_fedavg,0.1,5,12,0.05,0.05,0.0008333333333333334,0.004166666666666667,0.8099999999999999,0,0,0,delta_c/(M J) -> delta_c/M,0,,,,0.0,,0,,,,0.0,,0.8099999999999999,0,0->0,1,1.0,1.0,1.0
cifar10_proser_fedavg__split06__seed2__d0.1,cifar10,d0.1,0.1,proser_fedavg,0.15,5,12,0.05,0.05,0.0008333333333333334,0.004166666666666667,0.5869448111729091,0,0,0,delta_c/(M J) -> delta_c/M,0,,,,0.0,,0,,,,0.0,,0.5869448111729091,0,0->0,1,1.0,1.0,1.0
cifar10_proser_fedavg__split06__seed2__d0.1,cifar10,d0.1,0.1,proser_fedavg,0.2,5,12,0.05,0.05,0.0008333333333333334,0.004166666666666667,0.5354740588429887,0,0,0,delta_c/(M J) -> delta_c/M,0,,,,0.0,,0,,,,0.0,,0.5354740588429887,0,0->0,1,1.0,1.0,1.0
cifar10_proser_fedavg__split06__seed2__d0.1,cifar10,d0.1,0.1,proser_fedavg,0.25,5,12,0.05,0.05,0.0008333333333333334,0.004166666666666667,0.1353872715204971,0,0,0,delta_c/(M J) -> delta_c/M,0,,,,0.0,,0,,,,0.0,,0.1353872715204971,0,0->0,1,1.0,1.0,1.0
cifar10_proser_fedavg__split06__seed2__d0.1,cifar10,d0.1,0.1,proser_fedavg,0.3,5,12,0.05,0.05,0.0008333333333333334,0.004166666666666667,0.046781802925332704,0,0,0,delta_c/(M J) -> delta_c/M,0,,,,0.0,,0,,,,0.0,,0.046781802925332704,0,0->0,1,1.0,1.0,1.0
cifar10_proser_fedavg__split06__seed2__d0.5,cifar10,d0.5,0.5,proser_fedavg,0.05,5,12,0.05,0.05,0.0008333333333333334,0.004166666666666667,0.6983372960937501,0,0,0,delta_c/(M J) -> delta_c/M,0,,,,0.0,,0,,,,0.0,,0.6983372960937501,0,0->0,1,1.0,1.0,1.0
cifar10_proser_fedavg__split06__seed2__d0.5,cifar10,d0.5,0.5,proser_fedavg,0.1,5,12,0.05,0.05,0.0008333333333333334,0.004166666666666667,0.2647662660233683,0,0,0,delta_c/(M J) -> delta_c/M,0,,,,0.0,,0,,,,0.0,,0.2647662660233683,0,0->0,1,1.0,1.0,1.0
cifar10_proser_fedavg__split06__seed2__d0.5,cifar10,d0.5,0.5,proser_fedavg,0.15,5,12,0.05,0.05,0.0008333333333333334,0.004166666666666667,0.04919427377249534,0,0,0,delta_c/(M J) -> delta_c/M,0,,,,0.0,,0,,,,0.0,,0.04919427377249534,0,0->0,1,1.0,1.0,1.0
cifar10_proser_fedavg__split06__seed2__d0.5,cifar10,d0.5,0.5,proser_fedavg,0.2,5,12,0.05,0.05,0.0008333333333333334,0.004166666666666667,0.0008196183163687149,5,5,5,delta_c/(M J) -> delta_c/M,1,1.0,proser,0.5,0.26899371588219095,0.0008196183163687149,1,1.0,proser,0.5,0.2787404050214185,0.0008196183163687149,0.0008196183163687149,0,1->1,1,1.0,1.0,1.0
cifar10_proser_fedavg__split06__seed2__d0.5,cifar10,d0.5,0.5,proser_fedavg,0.25,5,12,0.05,0.05,0.0008333333333333334,0.004166666666666667,3.0355685391198506e-06,7,7,7,delta_c/(M J) -> delta_c/M,1,10.0,margin,0.7,0.4978715411949779,0.0074971413241713995,1,10.0,margin,0.7,0.5090371741435264,0.0074971413241713995,0.0074971413241713995,0,1->1,1,1.0,1.0,1.0
cifar10_proser_fedavg__split06__seed2__d0.5,cifar10,d0.5,0.5,proser_fedavg,0.3,5,12,0.05,0.05,0.0008333333333333334,0.004166666666666667,5.6894903709024244e-09,9,9,9,delta_c/(M J) -> delta_c/M,1,10.0,margin,0.7,0.5729781376854792,0.0015963632518677974,1,10.0,margin,0.7,0.5840775983898989,0.0015963632518677974,0.0015963632518677974,0,1->1,1,1.0,1.0,1.0
cifar10_proser_fedavg__split06__seed2__d5.0,cifar10,d5,5.0,proser_fedavg,0.05,5,12,0.05,0.05,0.0008333333333333334,0.004166666666666667,0.662852175967376,0,0,0,delta_c/(M J) -> delta_c/M,0,,,,0.0,,0,,,,0.0,,0.662852175967376,0,0->0,1,1.0,1.0,1.0
cifar10_proser_fedavg__split06__seed2__d5.0,cifar10,d5,5.0,proser_fedavg,0.1,5,12,0.05,0.05,0.0008333333333333334,0.004166666666666667,0.12697843397981778,0,0,0,delta_c/(M J) -> delta_c/M,0,,,,0.0,,0,,,,0.0,,0.12697843397981778,0,0->0,1,1.0,1.0,1.0
cifar10_proser_fedavg__split06__seed2__d5.0,cifar10,d5,5.0,proser_fedavg,0.15,5,12,0.05,0.05,0.0008333333333333334,0.004166666666666667,0.00025451818658953453,2,2,2,delta_c/(M J) -> delta_c/M,1,4.0,energy,0.3,0.21307509559720694,0.00025451818658953453,1,4.0,energy,0.3,0.2220274410637826,0.00025451818658953453,0.00025451818658953453,0,1->1,1,1.0,1.0,1.0
cifar10_proser_fedavg__split06__seed2__d5.0,cifar10,d5,5.0,proser_fedavg,0.2,5,12,0.05,0.05,0.0008333333333333334,0.004166666666666667,2.6085195823135226e-05,6,6,6,delta_c/(M J) -> delta_c/M,1,5.0,energy,0.5,0.3729680230111561,7.313174585281822e-05,1,5.0,energy,0.5,0.3836809715599002,7.313174585281822e-05,7.313174585281822e-05,0,1->1,1,1.0,1.0,1.0
cifar10_proser_fedavg__split06__seed2__d5.0,cifar10,d5,5.0,proser_fedavg,0.25,5,12,0.05,0.05,0.0008333333333333334,0.004166666666666667,1.3101959057365338e-08,9,9,9,delta_c/(M J) -> delta_c/M,1,6.0,energy,0.7,0.5769764844159159,0.010713498888883458,1,6.0,energy,0.7,0.5880652696055761,0.010713498888883458,0.010713498888883458,0,1->1,1,1.0,1.0,1.0
cifar10_proser_fedavg__split06__seed2__d5.0,cifar10,d5,5.0,proser_fedavg,0.3,5,12,0.05,0.05,0.0008333333333333334,0.004166666666666667,1.427651652471345e-13,9,9,9,delta_c/(M J) -> delta_c/M,1,6.0,energy,0.7,0.6334690577833313,8.792727922107653e-05,1,6.0,energy,0.7,0.6443266581674759,8.792727922107653e-05,8.792727922107653e-05,0,1->1,1,1.0,1.0,1.0
cifar10_proser_fedavg__split06__seed3__d0.1,cifar10,d0.1,0.1,proser_fedavg,0.05,5,12,0.05,0.05,0.0008333333333333334,0.004166666666666667,0.967226171875,0,0,0,delta_c/(M J) -> delta_c/M,0,,,,0.0,,0,,,,0.0,,0.967226171875,0,0->0,1,1.0,1.0,1.0
cifar10_proser_fedavg__split06__seed3__d0.1,cifar10,d0.1,0.1,proser_fedavg,0.1,5,12,0.05,0.05,0.0008333333333333334,0.004166666666666667,0.8503056,0,0,0,delta_c/(M J) -> delta_c/M,0,,,,0.0,,0,,,,0.0,,0.8503056,0,0->0,1,1.0,1.0,1.0
cifar10_proser_fedavg__split06__seed3__d0.1,cifar10,d0.1,0.1,proser_fedavg,0.15,5,12,0.05,0.05,0.0008333333333333334,0.004166666666666667,0.2840192983563936,0,0,0,delta_c/(M J) -> delta_c/M,0,,,,0.0,,0,,,,0.0,,0.2840192983563936,0,0->0,1,1.0,1.0,1.0
cifar10_proser_fedavg__split06__seed3__d0.1,cifar10,d0.1,0.1,proser_fedavg,0.2,5,12,0.05,0.05,0.0008333333333333334,0.004166666666666667,0.03196908022860151,0,0,0,delta_c/(M J) -> delta_c/M,0,,,,0.0,,0,,,,0.0,,0.03196908022860151,0,0->0,1,1.0,1.0,1.0
cifar10_proser_fedavg__split06__seed3__d0.1,cifar10,d0.1,0.1,proser_fedavg,0.25,5,12,0.05,0.05,0.0008333333333333334,0.004166666666666667,0.0015132791248174795,1,1,1,delta_c/(M J) -> delta_c/M,1,10.0,margin,0.7,0.26717022985389577,0.0015132791248174795,1,10.0,margin,0.7,0.2768944056337582,0.0015132791248174795,0.0015132791248174795,0,1->1,1,1.0,1.0,1.0
cifar10_proser_fedavg__split06__seed3__d0.1,cifar10,d0.1,0.1,proser_fedavg,0.3,5,12,0.05,0.05,0.0008333333333333334,0.004166666666666667,1.0555051823367098e-06,5,5,5,delta_c/(M J) -> delta_c/M,1,10.0,margin,0.7,0.3597809896449279,0.0007961485095993692,1,10.0,margin,0.7,0.3704033055002117,0.0007961485095993692,0.0007961485095993692,0,1->1,1,1.0,1.0,1.0
cifar10_proser_fedavg__split06__seed3__d0.5,cifar10,d0.5,0.5,proser_fedavg,0.05,5,12,0.05,0.05,0.0008333333333333334,0.004166666666666667,0.688114039870015,0,0,0,delta_c/(M J) -> delta_c/M,0,,,,0.0,,0,,,,0.0,,0.688114039870015,0,0->0,1,1.0,1.0,1.0
cifar10_proser_fedavg__split06__seed3__d0.5,cifar10,d0.5,0.5,proser_fedavg,0.1,5,12,0.05,0.05,0.0008333333333333334,0.004166666666666667,0.06822115023978384,0,0,0,delta_c/(M J) -> delta_c/M,0,,,,0.0,,0,,,,0.0,,0.06822115023978384,0,0->0,1,1.0,1.0,1.0
cifar10_proser_fedavg__split06__seed3__d0.5,cifar10,d0.5,0.5,proser_fedavg,0.15,5,12,0.05,0.05,0.0008333333333333334,0.004166666666666667,0.011367963842414005,0,0,0,delta_c/(M J) -> delta_c/M,0,,,,0.0,,0,,,,0.0,,0.011367963842414005,0,0->0,1,1.0,1.0,1.0
cifar10_proser_fedavg__split06__seed3__d0.5,cifar10,d0.5,0.5,proser_fedavg,0.2,5,12,0.05,0.05,0.0008333333333333334,0.004166666666666667,7.991879671517778e-06,5,5,5,delta_c/(M J) -> delta_c/M,1,1.0,proser,0.5,0.34851963685043785,0.005014316455153541,1,1.0,proser,0.5,0.3590576379982162,0.005014316455153541,0.005014316455153541,0,1->1,1,1.0,1.0,1.0
cifar10_proser_fedavg__split06__seed3__d0.5,cifar10,d0.5,0.5,proser_fedavg,0.25,5,12,0.05,0.05,0.0008333333333333334,0.004166666666666667,4.701413520057307e-08,9,9,9,delta_c/(M J) -> delta_c/M,1,6.0,energy,0.7,0.5312737080042322,0.002187814890026281,1,6.0,energy,0.7,0.5424411567320382,0.002187814890026281,0.002187814890026281,0,1->1,1,1.0,1.0,1.0
cifar10_proser_fedavg__split06__seed3__d0.5,cifar10,d0.5,0.5,proser_fedavg,0.3,5,12,0.05,0.05,0.0008333333333333334,0.004166666666666667,5.564789177868587e-10,9,9,9,delta_c/(M J) -> delta_c/M,1,6.0,energy,0.7,0.615202493319756,4.4316622090036616e-05,1,6.0,energy,0.7,0.6261515527268808,4.4316622090036616e-05,4.4316622090036616e-05,0,1->1,1,1.0,1.0,1.0
cifar10_proser_fedavg__split06__seed3__d5.0,cifar10,d5,5.0,proser_fedavg,0.05,5,12,0.05,0.05,0.0008333333333333334,0.004166666666666667,0.9612586038100123,0,0,0,delta_c/(M J) -> delta_c/M,0,,,,0.0,,0,,,,0.0,,0.9612586038100123,0,0->0,1,1.0,1.0,1.0
cifar10_proser_fedavg__split06__seed3__d5.0,cifar10,d5,5.0,proser_fedavg,0.1,5,12,0.05,0.05,0.0008333333333333334,0.004166666666666667,0.6496064008783207,0,0,0,delta_c/(M J) -> delta_c/M,0,,,,0.0,,0,,,,0.0,,0.6496064008783207,0,0->0,1,1.0,1.0,1.0
cifar10_proser_fedavg__split06__seed3__d5.0,cifar10,d5,5.0,proser_fedavg,0.15,5,12,0.05,0.05,0.0008333333333333334,0.004166666666666667,0.2014509593690714,0,0,0,delta_c/(M J) -> delta_c/M,0,,,,0.0,,0,,,,0.0,,0.2014509593690714,0,0->0,1,1.0,1.0,1.0
cifar10_proser_fedavg__split06__seed3__d5.0,cifar10,d5,5.0,proser_fedavg,0.2,5,12,0.05,0.05,0.0008333333333333334,0.004166666666666667,0.0075435373932594444,0,0,0,delta_c/(M J) -> delta_c/M,0,,,,0.0,,0,,,,0.0,,0.0075435373932594444,0,0->0,1,1.0,1.0,1.0
cifar10_proser_fedavg__split06__seed3__d5.0,cifar10,d5,5.0,proser_fedavg,0.25,5,12,0.05,0.05,0.0008333333333333334,0.004166666666666667,0.00022056649001749598,5,5,5,delta_c/(M J) -> delta_c/M,1,5.0,energy,0.5,0.3616616475294751,0.00022056649001749598,1,5.0,energy,0.5,0.3722974188689161,0.00022056649001749598,0.00022056649001749598,0,1->1,1,1.0,1.0,1.0
cifar10_proser_fedavg__split06__seed3__d5.0,cifar10,d5,5.0,proser_fedavg,0.3,5,12,0.05,0.05,0.0008333333333333334,0.004166666666666667,3.190720680442012e-07,9,9,9,delta_c/(M J) -> delta_c/M,1,6.0,energy,0.7,0.5849874272556145,0.0004407560850379765,1,6.0,energy,0.7,0.5960526028282653,0.0004407560850379765,0.0004407560850379765,0,1->1,1,1.0,1.0,1.0
cifar10_proser_fedavg__split06__seed4__d0.1,cifar10,d0.1,0.1,proser_fedavg,0.05,5,12,0.05,0.05,0.0008333333333333334,0.004166666666666667,0.81450625,0,0,0,delta_c/(M J) -> delta_c/M,0,,,,0.0,,0,,,,0.0,,0.81450625,0,0->0,1,1.0,1.0,1.0
cifar10_proser_fedavg__split06__seed4__d0.1,cifar10,d0.1,0.1,proser_fedavg,0.1,5,12,0.05,0.05,0.0008333333333333334,0.004166666666666667,0.48458114169200006,0,0,0,delta_c/(M J) -> delta_c/M,0,,,,0.0,,0,,,,0.0,,0.48458114169200006,0,0->0,1,1.0,1.0,1.0
cifar10_proser_fedavg__split06__seed4__d0.1,cifar10,d0.1,0.1,proser_fedavg,0.15,5,12,0.05,0.05,0.0008333333333333334,0.004166666666666667,0.20744858134225774,0,0,0,delta_c/(M J) -> delta_c/M,0,,,,0.0,,0,,,,0.0,,0.20744858134225774,0,0->0,1,1.0,1.0,1.0
cifar10_proser_fedavg__split06__seed4__d0.1,cifar10,d0.1,0.1,proser_fedavg,0.2,5,12,0.05,0.05,0.0008333333333333334,0.004166666666666667,0.07177997053961871,0,0,0,delta_c/(M J) -> delta_c/M,0,,,,0.0,,0,,,,0.0,,0.07177997053961871,0,0->0,1,1.0,1.0,1.0
cifar10_proser_fedavg__split06__seed4__d0.1,cifar10,d0.1,0.1,proser_fedavg,0.25,5,12,0.05,0.05,0.0008333333333333334,0.004166666666666667,0.03980118734294891,0,0,0,delta_c/(M J) -> delta_c/M,0,,,,0.0,,0,,,,0.0,,0.03980118734294891,0,0->0,1,1.0,1.0,1.0
cifar10_proser_fedavg__split06__seed4__d0.1,cifar10,d0.1,0.1,proser_fedavg,0.3,5,12,0.05,0.05,0.0008333333333333334,0.004166666666666667,0.008618053311374194,0,0,0,delta_c/(M J) -> delta_c/M,0,,,,0.0,,0,,,,0.0,,0.008618053311374194,0,0->0,1,1.0,1.0,1.0
cifar10_proser_fedavg__split06__seed4__d0.5,cifar10,d0.5,0.5,proser_fedavg,0.05,5,12,0.05,0.05,0.0008333333333333334,0.004166666666666667,0.9042452094522835,0,0,0,delta_c/(M J) -> delta_c/M,0,,,,0.0,,0,,,,0.0,,0.9042452094522835,0,0->0,1,1.0,1.0,1.0
cifar10_proser_fedavg__split06__seed4__d0.5,cifar10,d0.5,0.5,proser_fedavg,0.1,5,12,0.05,0.05,0.0008333333333333334,0.004166666666666667,0.5309848659700338,0,0,0,delta_c/(M J) -> delta_c/M,0,,,,0.0,,0,,,,0.0,,0.5309848659700338,0,0->0,1,1.0,1.0,1.0
cifar10_proser_fedavg__split06__seed4__d0.5,cifar10,d0.5,0.5,proser_fedavg,0.15,5,12,0.05,0.05,0.0008333333333333334,0.004166666666666667,0.208818864922848,0,0,0,delta_c/(M J) -> delta_c/M,0,,,,0.0,,0,,,,0.0,,0.208818864922848,0,0->0,1,1.0,1.0,1.0
cifar10_proser_fedavg__split06__seed4__d0.5,cifar10,d0.5,0.5,proser_fedavg,0.2,5,12,0.05,0.05,0.0008333333333333334,0.004166666666666667,0.04802721937073366,0,0,0,delta_c/(M J) -> delta_c/M,0,,,,0.0,,0,,,,0.0,,0.04802721937073366,0,0->0,1,1.0,1.0,1.0
cifar10_proser_fedavg__split06__seed4__d0.5,cifar10,d0.5,0.5,proser_fedavg,0.25,5,12,0.05,0.05,0.0008333333333333334,0.004166666666666667,0.0073701209443254746,0,0,0,delta_c/(M J) -> delta_c/M,0,,,,0.0,,0,,,,0.0,,0.0073701209443254746,0,0->0,1,1.0,1.0,1.0
cifar10_proser_fedavg__split06__seed4__d0.5,cifar10,d0.5,0.5,proser_fedavg,0.3,5,12,0.05,0.05,0.0008333333333333334,0.004166666666666667,0.0009442347310381935,3,3,3,delta_c/(M J) -> delta_c/M,1,8.0,margin,0.3,0.06236242671606222,0.0031308700846532835,1,8.0,margin,0.3,0.06748656987283631,0.0031308700846532835,0.0031308700846532835,0,1->1,1,1.0,1.0,1.0
cifar10_proser_fedavg__split06__seed4__d5.0,cifar10,d5,5.0,proser_fedavg,0.05,5,12,0.05,0.05,0.0008333333333333334,0.004166666666666667,0.8373351001648967,0,0,0,delta_c/(M J) -> delta_c/M,0,,,,0.0,,0,,,,0.0,,0.8373351001648967,0,0->0,1,1.0,1.0,1.0
cifar10_proser_fedavg__split06__seed4__d5.0,cifar10,d5,5.0,proser_fedavg,0.1,5,12,0.05,0.05,0.0008333333333333334,0.004166666666666667,0.4349600327827392,0,0,0,delta_c/(M J) -> delta_c/M,0,,,,0.0,,0,,,,0.0,,0.4349600327827392,0,0->0,1,1.0,1.0,1.0
cifar10_proser_fedavg__split06__seed4__d5.0,cifar10,d5,5.0,proser_fedavg,0.15,5,12,0.05,0.05,0.0008333333333333334,0.004166666666666667,0.06168489371761805,0,0,0,delta_c/(M J) -> delta_c/M,0,,,,0.0,,0,,,,0.0,,0.06168489371761805,0,0->0,1,1.0,1.0,1.0
cifar10_proser_fedavg__split06__seed4__d5.0,cifar10,d5,5.0,proser_fedavg,0.2,5,12,0.05,0.05,0.0008333333333333334,0.004166666666666667,0.006005117289894725,0,0,0,delta_c/(M J) -> delta_c/M,0,,,,0.0,,0,,,,0.0,,0.006005117289894725,0,0->0,1,1.0,1.0,1.0
cifar10_proser_fedavg__split06__seed4__d5.0,cifar10,d5,5.0,proser_fedavg,0.25,5,12,0.05,0.05,0.0008333333333333334,0.004166666666666667,2.8878219003315395e-05,5,5,5,delta_c/(M J) -> delta_c/M,1,9.0,margin,0.5,0.3503938291931662,0.0002817382934473372,1,9.0,margin,0.5,0.3609463107617132,0.0002817382934473372,0.0002817382934473372,0,1->1,1,1.0,1.0,1.0
cifar10_proser_fedavg__split06__seed4__d5.0,cifar10,d5,5.0,proser_fedavg,0.3,5,12,0.05,0.05,0.0008333333333333334,0.004166666666666667,5.945568774800147e-07,6,6,6,delta_c/(M J) -> delta_c/M,1,6.0,energy,0.7,0.5890000958326668,0.003619275116953225,1,6.0,energy,0.7,0.6000523258817588,0.003619275116953225,0.003619275116953225,0,1->1,1,1.0,1.0,1.0
cifar10_proser_fedavg__split07__seed0__d0.1,cifar10,d0.1,0.1,proser_fedavg,0.05,5,12,0.05,0.05,0.0008333333333333334,0.004166666666666667,1.0,0,0,0,delta_c/(M J) -> delta_c/M,0,,,,0.0,,0,,,,0.0,,1.0,0,0->0,1,1.0,1.0,1.0
cifar10_proser_fedavg__split07__seed0__d0.1,cifar10,d0.1,0.1,proser_fedavg,0.1,5,12,0.05,0.05,0.0008333333333333334,0.004166666666666667,0.987279516358749,0,0,0,delta_c/(M J) -> delta_c/M,0,,,,0.0,,0,,,,0.0,,0.987279516358749,0,0->0,1,1.0,1.0,1.0
cifar10_proser_fedavg__split07__seed0__d0.1,cifar10,d0.1,0.1,proser_fedavg,0.15,5,12,0.05,0.05,0.0008333333333333334,0.004166666666666667,0.8534923786279551,0,0,0,delta_c/(M J) -> delta_c/M,0,,,,0.0,,0,,,,0.0,,0.8534923786279551,0,0->0,1,1.0,1.0,1.0
cifar10_proser_fedavg__split07__seed0__d0.1,cifar10,d0.1,0.1,proser_fedavg,0.2,5,12,0.05,0.05,0.0008333333333333334,0.004166666666666667,0.8357662760632318,0,0,0,delta_c/(M J) -> delta_c/M,0,,,,0.0,,0,,,,0.0,,0.8357662760632318,0,0->0,1,1.0,1.0,1.0
cifar10_proser_fedavg__split07__seed0__d0.1,cifar10,d0.1,0.1,proser_fedavg,0.25,5,12,0.05,0.05,0.0008333333333333334,0.004166666666666667,0.533935546875,0,0,0,delta_c/(M J) -> delta_c/M,0,,,,0.0,,0,,,,0.0,,0.533935546875,0,0->0,1,1.0,1.0,1.0
cifar10_proser_fedavg__split07__seed0__d0.1,cifar10,d0.1,0.1,proser_fedavg,0.3,5,12,0.05,0.05,0.0008333333333333334,0.004166666666666667,0.3551674295776598,0,0,0,delta_c/(M J) -> delta_c/M,0,,,,0.0,,0,,,,0.0,,0.3551674295776598,0,0->0,1,1.0,1.0,1.0
cifar10_proser_fedavg__split07__seed0__d0.5,cifar10,d0.5,0.5,proser_fedavg,0.05,5,12,0.05,0.05,0.0008333333333333334,0.004166666666666667,0.7735226201554786,0,0,0,delta_c/(M J) -> delta_c/M,0,,,,0.0,,0,,,,0.0,,0.7735226201554786,0,0->0,1,1.0,1.0,1.0
cifar10_proser_fedavg__split07__seed0__d0.5,cifar10,d0.5,0.5,proser_fedavg,0.1,5,12,0.05,0.05,0.0008333333333333334,0.004166666666666667,0.4502839058909973,0,0,0,delta_c/(M J) -> delta_c/M,0,,,,0.0,,0,,,,0.0,,0.4502839058909973,0,0->0,1,1.0,1.0,1.0
cifar10_proser_fedavg__split07__seed0__d0.5,cifar10,d0.5,0.5,proser_fedavg,0.15,5,12,0.05,0.05,0.0008333333333333334,0.004166666666666667,0.22405265271732286,0,0,0,delta_c/(M J) -> delta_c/M,0,,,,0.0,,0,,,,0.0,,0.22405265271732286,0,0->0,1,1.0,1.0,1.0
cifar10_proser_fedavg__split07__seed0__d0.5,cifar10,d0.5,0.5,proser_fedavg,0.2,5,12,0.05,0.05,0.0008333333333333334,0.004166666666666667,0.07048143442122388,0,0,0,delta_c/(M J) -> delta_c/M,0,,,,0.0,,0,,,,0.0,,0.07048143442122388,0,0->0,1,1.0,1.0,1.0
cifar10_proser_fedavg__split07__seed0__d0.5,cifar10,d0.5,0.5,proser_fedavg,0.25,5,12,0.05,0.05,0.0008333333333333334,0.004166666666666667,0.005667658792540137,0,0,0,delta_c/(M J) -> delta_c/M,0,,,,0.0,,0,,,,0.0,,0.005667658792540137,0,0->0,1,1.0,1.0,1.0
cifar10_proser_fedavg__split07__seed0__d0.5,cifar10,d0.5,0.5,proser_fedavg,0.3,5,12,0.05,0.05,0.0008333333333333334,0.004166666666666667,0.0005259753270903923,4,4,4,delta_c/(M J) -> delta_c/M,1,5.0,energy,0.5,0.23276811836412967,0.001199268587412909,1,5.0,energy,0.5,0.24202590613587593,0.001199268587412909,0.001199268587412909,0,1->1,1,1.0,1.0,1.0
cifar10_proser_fedavg__split07__seed0__d5.0,cifar10,d5,5.0,proser_fedavg,0.05,5,12,0.05,0.05,0.0008333333333333334,0.004166666666666667,0.9427553497265625,0,0,0,delta_c/(M J) -> delta_c/M,0,,,,0.0,,0,,,,0.0,,0.9427553497265625,0,0->0,1,1.0,1.0,1.0
cifar10_proser_fedavg__split07__seed0__d5.0,cifar10,d5,5.0,proser_fedavg,0.1,5,12,0.05,0.05,0.0008333333333333334,0.004166666666666667,0.6530659948872442,0,0,0,delta_c/(M J) -> delta_c/M,0,,,,0.0,,0,,,,0.0,,0.6530659948872442,0,0->0,1,1.0,1.0,1.0
cifar10_proser_fedavg__split07__seed0__d5.0,cifar10,d5,5.0,proser_fedavg,0.15,5,12,0.05,0.05,0.0008333333333333334,0.004166666666666667,0.29978768230051167,0,0,0,delta_c/(M J) -> delta_c/M,0,,,,0.0,,0,,,,0.0,,0.29978768230051167,0,0->0,1,1.0,1.0,1.0
cifar10_proser_fedavg__split07__seed0__d5.0,cifar10,d5,5.0,proser_fedavg,0.2,5,12,0.05,0.05,0.0008333333333333334,0.004166666666666667,0.022778148623619147,0,0,0,delta_c/(M J) -> delta_c/M,0,,,,0.0,,0,,,,0.0,,0.022778148623619147,0,0->0,1,1.0,1.0,1.0
cifar10_proser_fedavg__split07__seed0__d5.0,cifar10,d5,5.0,proser_fedavg,0.25,5,12,0.05,0.05,0.0008333333333333334,0.004166666666666667,0.011457423852042209,0,0,0,delta_c/(M J) -> delta_c/M,0,,,,0.0,,0,,,,0.0,,0.011457423852042209,0,0->0,1,1.0,1.0,1.0
cifar10_proser_fedavg__split07__seed0__d5.0,cifar10,d5,5.0,proser_fedavg,0.3,5,12,0.05,0.05,0.0008333333333333334,0.004166666666666667,0.00034699176690058595,1,1,1,delta_c/(M J) -> delta_c/M,1,0.0,proser,0.3,0.08951548055078722,0.00034699176690058595,1,0.0,proser,0.3,0.0956268508766563,0.00034699176690058595,0.00034699176690058595,0,1->1,1,1.0,1.0,1.0
cifar10_proser_fedavg__split07__seed1__d0.1,cifar10,d0.1,0.1,proser_fedavg,0.05,5,12,0.05,0.05,0.0008333333333333334,0.004166666666666667,0.4632912301597534,0,0,0,delta_c/(M J) -> delta_c/M,0,,,,0.0,,0,,,,0.0,,0.4632912301597534,0,0->0,1,1.0,1.0,1.0
cifar10_proser_fedavg__split07__seed1__d0.1,cifar10,d0.1,0.1,proser_fedavg,0.1,5,12,0.05,0.05,0.0008333333333333334,0.004166666666666667,0.20589113209464893,0,0,0,delta_c/(M J) -> delta_c/M,0,,,,0.0,,0,,,,0.0,,0.20589113209464893,0,0->0,1,1.0,1.0,1.0
cifar10_proser_fedavg__split07__seed1__d0.1,cifar10,d0.1,0.1,proser_fedavg,0.15,5,12,0.05,0.05,0.0008333333333333334,0.004166666666666667,0.19849171628055784,0,0,0,delta_c/(M J) -> delta_c/M,0,,,,0.0,,0,,,,0.0,,0.19849171628055784,0,0->0,1,1.0,1.0,1.0
cifar10_proser_fedavg__split07__seed1__d0.1,cifar10,d0.1,0.1,proser_fedavg,0.2,5,12,0.05,0.05,0.0008333333333333334,0.004166666666666667,0.0700060043976041,0,0,0,delta_c/(M J) -> delta_c/M,0,,,,0.0,,0,,,,0.0,,0.0700060043976041,0,0->0,1,1.0,1.0,1.0
cifar10_proser_fedavg__split07__seed1__d0.1,cifar10,d0.1,0.1,proser_fedavg,0.25,5,12,0.05,0.05,0.0008333333333333334,0.004166666666666667,0.016304710450590402,0,0,0,delta_c/(M J) -> delta_c/M,0,,,,0.0,,0,,,,0.0,,0.016304710450590402,0,0->0,1,1.0,1.0,1.0
cifar10_proser_fedavg__split07__seed1__d0.1,cifar10,d0.1,0.1,proser_fedavg,0.3,5,12,0.05,0.05,0.0008333333333333334,0.004166666666666667,0.0015409992095643066,1,1,1,delta_c/(M J) -> delta_c/M,1,8.0,margin,0.3,0.05308766076529248,0.0015409992095643066,1,8.0,margin,0.3,0.05781552689417223,0.0015409992095643066,0.0015409992095643066,0,1->1,1,1.0,1.0,1.0
cifar10_proser_fedavg__split07__seed1__d0.5,cifar10,d0.5,0.5,proser_fedavg,0.05,5,12,0.05,0.05,0.0008333333333333334,0.004166666666666667,0.7169718448170848,0,0,0,delta_c/(M J) -> delta_c/M,0,,,,0.0,,0,,,,0.0,,0.7169718448170848,0,0->0,1,1.0,1.0,1.0
cifar10_proser_fedavg__split07__seed1__d0.5,cifar10,d0.5,0.5,proser_fedavg,0.1,5,12,0.05,0.05,0.0008333333333333334,0.004166666666666667,0.4113512395595057,0,0,0,delta_c/(M J) -> delta_c/M,0,,,,0.0,,0,,,,0.0,,0.4113512395595057,0,0->0,1,1.0,1.0,1.0
cifar10_proser_fedavg__split07__seed1__d0.5,cifar10,d0.5,0.5,proser_fedavg,0.15,5,12,0.05,0.05,0.0008333333333333334,0.004166666666666667,0.13016876164665858,0,0,0,delta_c/(M J) -> delta_c/M,0,,,,0.0,,0,,,,0.0,,0.13016876164665858,0,0->0,1,1.0,1.0,1.0
cifar10_proser_fedavg__split07__seed1__d0.5,cifar10,d0.5,0.5,proser_fedavg,0.2,5,12,0.05,0.05,0.0008333333333333334,0.004166666666666667,0.018219940017062095,0,0,0,delta_c/(M J) -> delta_c/M,0,,,,0.0,,0,,,,0.0,,0.018219940017062095,0,0->0,1,1.0,1.0,1.0
cifar10_proser_fedavg__split07__seed1__d0.5,cifar10,d0.5,0.5,proser_fedavg,0.25,5,12,0.05,0.05,0.0008333333333333334,0.004166666666666667,0.0030831057599645063,1,1,1,delta_c/(M J) -> delta_c/M,1,9.0,margin,0.5,0.1499578732212252,0.0030831057599645063,1,9.0,margin,0.5,0.15770014800815232,0.0030831057599645063,0.0030831057599645063,0,1->1,1,1.0,1.0,1.0
cifar10_proser_fedavg__split07__seed1__d0.5,cifar10,d0.5,0.5,proser_fedavg,0.3,5,12,0.05,0.05,0.0008333333333333334,0.004166666666666667,7.236206487676924e-05,9,9,9,delta_c/(M J) -> delta_c/M,1,6.0,energy,0.7,0.44160074722332376,0.00222329778761242,1,6.0,energy,0.7,0.452650783246098,0.00222329778761242,0.00222329778761242,0,1->1,1,1.0,1.0,1.0
cifar10_proser_fedavg__split07__seed1__d5.0,cifar10,d5,5.0,proser_fedavg,0.05,5,12,0.05,0.05,0.0008333333333333334,0.004166666666666667,0.9025,0,0,0,delta_c/(M J) -> delta_c/M,0,,,,0.0,,0,,,,0.0,,0.9025,0,0->0,1,1.0,1.0,1.0
cifar10_proser_fedavg__split07__seed1__d5.0,cifar10,d5,5.0,proser_fedavg,0.1,5,12,0.05,0.05,0.0008333333333333334,0.004166666666666667,0.4311984068290623,0,0,0,delta_c/(M J) -> delta_c/M,0,,,,0.0,,0,,,,0.0,,0.4311984068290623,0,0->0,1,1.0,1.0,1.0
cifar10_proser_fedavg__split07__seed1__d5.0,cifar10,d5,5.0,proser_fedavg,0.15,5,12,0.05,0.05,0.0008333333333333334,0.004166666666666667,0.17481186110517427,0,0,0,delta_c/(M J) -> delta_c/M,0,,,,0.0,,0,,,,0.0,,0.17481186110517427,0,0->0,1,1.0,1.0,1.0
cifar10_proser_fedavg__split07__seed1__d5.0,cifar10,d5,5.0,proser_fedavg,0.2,5,12,0.05,0.05,0.0008333333333333334,0.004166666666666667,0.019993379323004053,0,0,0,delta_c/(M J) -> delta_c/M,0,,,,0.0,,0,,,,0.0,,0.019993379323004053,0,0->0,1,1.0,1.0,1.0
cifar10_proser_fedavg__split07__seed1__d5.0,cifar10,d5,5.0,proser_fedavg,0.25,5,12,0.05,0.05,0.0008333333333333334,0.004166666666666667,0.00026967925911151186,2,2,2,delta_c/(M J) -> delta_c/M,1,9.0,margin,0.5,0.1499578732212252,0.00026967925911151186,1,9.0,margin,0.5,0.15770014800815232,0.00026967925911151186,0.00026967925911151186,0,1->1,1,1.0,1.0,1.0
cifar10_proser_fedavg__split07__seed1__d5.0,cifar10,d5,5.0,proser_fedavg,0.3,5,12,0.05,0.05,0.0008333333333333334,0.004166666666666667,2.2562557068984032e-05,7,7,7,delta_c/(M J) -> delta_c/M,1,6.0,energy,0.7,0.48615670165473684,0.001468408916494198,1,6.0,energy,0.7,0.49730993305167703,0.001468408916494198,0.001468408916494198,0,1->1,1,1.0,1.0,1.0
cifar10_proser_fedavg__split07__seed2__d0.1,cifar10,d0.1,0.1,proser_fedavg,0.05,5,12,0.05,0.05,0.0008333333333333334,0.004166666666666667,1.0,0,0,0,delta_c/(M J) -> delta_c/M,0,,,,0.0,,0,,,,0.0,,1.0,0,0->0,1,1.0,1.0,1.0
cifar10_proser_fedavg__split07__seed2__d0.1,cifar10,d0.1,0.1,proser_fedavg,0.1,5,12,0.05,0.05,0.0008333333333333334,0.004166666666666667,1.0,0,0,0,delta_c/(M J) -> delta_c/M,0,,,,0.0,,0,,,,0.0,,1.0,0,0->0,1,1.0,1.0,1.0
cifar10_proser_fedavg__split07__seed2__d0.1,cifar10,d0.1,0.1,proser_fedavg,0.15,5,12,0.05,0.05,0.0008333333333333334,0.004166666666666667,0.89048125,0,0,0,delta_c/(M J) -> delta_c/M,0,,,,0.0,,0,,,,0.0,,0.89048125,0,0->0,1,1.0,1.0,1.0
cifar10_proser_fedavg__split07__seed2__d0.1,cifar10,d0.1,0.1,proser_fedavg,0.2,5,12,0.05,0.05,0.0008333333333333334,0.004166666666666667,0.8959999999999999,0,0,0,delta_c/(M J) -> delta_c/M,0,,,,0.0,,0,,,,0.0,,0.8959999999999999,0,0->0,1,1.0,1.0,1.0
cifar10_proser_fedavg__split07__seed2__d0.1,cifar10,d0.1,0.1,proser_fedavg,0.25,5,12,0.05,0.05,0.0008333333333333334,0.004166666666666667,0.7415346018970013,0,0,0,delta_c/(M J) -> delta_c/M,0,,,,0.0,,0,,,,0.0,,0.7415346018970013,0,0->0,1,1.0,1.0,1.0
cifar10_proser_fedavg__split07__seed2__d0.1,cifar10,d0.1,0.1,proser_fedavg,0.3,5,12,0.05,0.05,0.0008333333333333334,0.004166666666666667,0.6517000000000001,0,0,0,delta_c/(M J) -> delta_c/M,0,,,,0.0,,0,,,,0.0,,0.6517000000000001,0,0->0,1,1.0,1.0,1.0
cifar10_proser_fedavg__split07__seed2__d0.5,cifar10,d0.5,0.5,proser_fedavg,0.05,5,12,0.05,0.05,0.0008333333333333334,0.004166666666666667,0.6302494097246094,0,0,0,delta_c/(M J) -> delta_c/M,0,,,,0.0,,0,,,,0.0,,0.6302494097246094,0,0->0,1,1.0,1.0,1.0
cifar10_proser_fedavg__split07__seed2__d0.5,cifar10,d0.5,0.5,proser_fedavg,0.1,5,12,0.05,0.05,0.0008333333333333334,0.004166666666666667,0.3917469981251679,0,0,0,delta_c/(M J) -> delta_c/M,0,,,,0.0,,0,,,,0.0,,0.3917469981251679,0,0->0,1,1.0,1.0,1.0
cifar10_proser_fedavg__split07__seed2__d0.5,cifar10,d0.5,0.5,proser_fedavg,0.15,5,12,0.05,0.05,0.0008333333333333334,0.004166666666666667,0.1904622449170008,0,0,0,delta_c/(M J) -> delta_c/M,0,,,,0.0,,0,,,,0.0,,0.1904622449170008,0,0->0,1,1.0,1.0,1.0
cifar10_proser_fedavg__split07__seed2__d0.5,cifar10,d0.5,0.5,proser_fedavg,0.2,5,12,0.05,0.05,0.0008333333333333334,0.004166666666666667,0.014535971715347179,0,0,0,delta_c/(M J) -> delta_c/M,0,,,,0.0,,0,,,,0.0,,0.014535971715347179,0,0->0,1,1.0,1.0,1.0
cifar10_proser_fedavg__split07__seed2__d0.5,cifar10,d0.5,0.5,proser_fedavg,0.25,5,12,0.05,0.05,0.0008333333333333334,0.004166666666666667,0.001323843658397781,5,5,5,delta_c/(M J) -> delta_c/M,1,5.0,energy,0.5,0.23997107797179384,0.0017242230845208933,1,5.0,energy,0.5,0.24933331646241888,0.0017242230845208933,0.0017242230845208933,0,1->1,1,1.0,1.0,1.0
cifar10_proser_fedavg__split07__seed2__d0.5,cifar10,d0.5,0.5,proser_fedavg,0.3,5,12,0.05,0.05,0.0008333333333333334,0.004166666666666667,5.581290223592555e-06,7,7,7,delta_c/(M J) -> delta_c/M,1,6.0,energy,0.7,0.5135511861575457,0.005527570334290388,1,6.0,energy,0.7,0.5247238616082335,0.005527570334290388,0.005527570334290388,0,1->1,1,1.0,1.0,1.0
cifar10_proser_fedavg__split07__seed2__d5.0,cifar10,d5,5.0,proser_fedavg,0.05,5,12,0.05,0.05,0.0008333333333333334,0.004166666666666667,0.8470144374111835,0,0,0,delta_c/(M J) -> delta_c/M,0,,,,0.0,,0,,,,0.0,,0.8470144374111835,0,0->0,1,1.0,1.0,1.0
cifar10_proser_fedavg__split07__seed2__d5.0,cifar10,d5,5.0,proser_fedavg,0.1,5,12,0.05,0.05,0.0008333333333333334,0.004166666666666667,0.6213449802582001,0,0,0,delta_c/(M J) -> delta_c/M,0,,,,0.0,,0,,,,0.0,,0.6213449802582001,0,0->0,1,1.0,1.0,1.0
cifar10_proser_fedavg__split07__seed2__d5.0,cifar10,d5,5.0,proser_fedavg,0.15,5,12,0.05,0.05,0.0008333333333333334,0.004166666666666667,0.4071834391478634,0,0,0,delta_c/(M J) -> delta_c/M,0,,,,0.0,,0,,,,0.0,,0.4071834391478634,0,0->0,1,1.0,1.0,1.0
cifar10_proser_fedavg__split07__seed2__d5.0,cifar10,d5,5.0,proser_fedavg,0.2,5,12,0.05,0.05,0.0008333333333333334,0.004166666666666667,0.07591449544989448,0,0,0,delta_c/(M J) -> delta_c/M,0,,,,0.0,,0,,,,0.0,,0.07591449544989448,0,0->0,1,1.0,1.0,1.0
cifar10_proser_fedavg__split07__seed2__d5.0,cifar10,d5,5.0,proser_fedavg,0.25,5,12,0.05,0.05,0.0008333333333333334,0.004166666666666667,0.001909791694150781,2,2,2,delta_c/(M J) -> delta_c/M,1,2.0,proser,0.7,0.28729606236544336,0.001909791694150781,1,2.0,proser,0.7,0.29725720013377666,0.001909791694150781,0.001909791694150781,0,1->1,1,1.0,1.0,1.0
cifar10_proser_fedavg__split07__seed2__d5.0,cifar10,d5,5.0,proser_fedavg,0.3,5,12,0.05,0.05,0.0008333333333333334,0.004166666666666667,1.834234554290511e-05,7,7,7,delta_c/(M J) -> delta_c/M,1,2.0,proser,0.7,0.44738106523977805,0.0029534075191690193,1,2.0,proser,0.7,0.45844953011180245,0.0029534075191690193,0.0029534075191690193,0,1->1,1,1.0,1.0,1.0
cifar10_proser_fedavg__split07__seed3__d0.1,cifar10,d0.1,0.1,proser_fedavg,0.05,5,12,0.05,0.05,0.0008333333333333334,0.004166666666666667,1.0,0,0,0,delta_c/(M J) -> delta_c/M,0,,,,0.0,,0,,,,0.0,,1.0,0,0->0,1,1.0,1.0,1.0
cifar10_proser_fedavg__split07__seed3__d0.1,cifar10,d0.1,0.1,proser_fedavg,0.1,5,12,0.05,0.05,0.0008333333333333334,0.004166666666666667,1.0,0,0,0,delta_c/(M J) -> delta_c/M,0,,,,0.0,,0,,,,0.0,,1.0,0,0->0,1,1.0,1.0,1.0
cifar10_proser_fedavg__split07__seed3__d0.1,cifar10,d0.1,0.1,proser_fedavg,0.15,5,12,0.05,0.05,0.0008333333333333334,0.004166666666666667,1.0,0,0,0,delta_c/(M J) -> delta_c/M,0,,,,0.0,,0,,,,0.0,,1.0,0,0->0,1,1.0,1.0,1.0
cifar10_proser_fedavg__split07__seed3__d0.1,cifar10,d0.1,0.1,proser_fedavg,0.2,5,12,0.05,0.05,0.0008333333333333334,0.004166666666666667,0.6166894117793686,0,0,0,delta_c/(M J) -> delta_c/M,0,,,,0.0,,0,,,,0.0,,0.6166894117793686,0,0->0,1,1.0,1.0,1.0
cifar10_proser_fedavg__split07__seed3__d0.1,cifar10,d0.1,0.1,proser_fedavg,0.25,5,12,0.05,0.05,0.0008333333333333334,0.004166666666666667,0.533935546875,0,0,0,delta_c/(M J) -> delta_c/M,0,,,,0.0,,0,,,,0.0,,0.533935546875,0,0->0,1,1.0,1.0,1.0
cifar10_proser_fedavg__split07__seed3__d0.1,cifar10,d0.1,0.1,proser_fedavg,0.3,5,12,0.05,0.05,0.0008333333333333334,0.004166666666666667,0.22016972168335242,0,0,0,delta_c/(M J) -> delta_c/M,0,,,,0.0,,0,,,,0.0,,0.22016972168335242,0,0->0,1,1.0,1.0,1.0
cifar10_proser_fedavg__split07__seed3__d0.5,cifar10,d0.5,0.5,proser_fedavg,0.05,5,12,0.05,0.05,0.0008333333333333334,0.004166666666666667,0.81450625,0,0,0,delta_c/(M J) -> delta_c/M,0,,,,0.0,,0,,,,0.0,,0.81450625,0,0->0,1,1.0,1.0,1.0
cifar10_proser_fedavg__split07__seed3__d0.5,cifar10,d0.5,0.5,proser_fedavg,0.1,5,12,0.05,0.05,0.0008333333333333334,0.004166666666666667,0.6560999999999999,0,0,0,delta_c/(M J) -> delta_c/M,0,,,,0.0,,0,,,,0.0,,0.6560999999999999,0,0->0,1,1.0,1.0,1.0
cifar10_proser_fedavg__split07__seed3__d0.5,cifar10,d0.5,0.5,proser_fedavg,0.15,5,12,0.05,0.05,0.0008333333333333334,0.004166666666666667,0.52200625,0,0,0,delta_c/(M J) -> delta_c/M,0,,,,0.0,,0,,,,0.0,,0.52200625,0,0->0,1,1.0,1.0,1.0
cifar10_proser_fedavg__split07__seed3__d0.5,cifar10,d0.5,0.5,proser_fedavg,0.2,5,12,0.05,0.05,0.0008333333333333334,0.004166666666666667,0.3148873970777484,0,0,0,delta_c/(M J) -> delta_c/M,0,,,,0.0,,0,,,,0.0,,0.3148873970777484,0,0->0,1,1.0,1.0,1.0
cifar10_proser_fedavg__split07__seed3__d0.5,cifar10,d0.5,0.5,proser_fedavg,0.25,5,12,0.05,0.05,0.0008333333333333334,0.004166666666666667,0.09301965663013753,0,0,0,delta_c/(M J) -> delta_c/M,0,,,,0.0,,0,,,,0.0,,0.09301965663013753,0,0->0,1,1.0,1.0,1.0
cifar10_proser_fedavg__split07__seed3__d0.5,cifar10,d0.5,0.5,proser_fedavg,0.3,5,12,0.05,0.05,0.0008333333333333334,0.004166666666666667,0.0008124147314321793,2,2,2,delta_c/(M J) -> delta_c/M,1,9.0,margin,0.5,0.1829966518151629,0.0008124147314321793,1,9.0,margin,0.5,0.19142066384342218,0.0008124147314321793,0.0008124147314321793,0,1->1,1,1.0,1.0,1.0
cifar10_proser_fedavg__split07__seed3__d5.0,cifar10,d5,5.0,proser_fedavg,0.05,5,12,0.05,0.05,0.0008333333333333334,0.004166666666666667,0.9427553497265625,0,0,0,delta_c/(M J) -> delta_c/M,0,,,,0.0,,0,,,,0.0,,0.9427553497265625,0,0->0,1,1.0,1.0,1.0
cifar10_proser_fedavg__split07__seed3__d5.0,cifar10,d5,5.0,proser_fedavg,0.1,5,12,0.05,0.05,0.0008333333333333334,0.004166666666666667,0.8131047299999999,0,0,0,delta_c/(M J) -> delta_c/M,0,,,,0.0,,0,,,,0.0,,0.8131047299999999,0,0->0,1,1.0,1.0,1.0
cifar10_proser_fedavg__split07__seed3__d5.0,cifar10,d5,5.0,proser_fedavg,0.15,5,12,0.05,0.05,0.0008333333333333334,0.004166666666666667,0.5688602699616394,0,0,0,delta_c/(M J) -> delta_c/M,0,,,,0.0,,0,,,,0.0,,0.5688602699616394,0,0->0,1,1.0,1.0,1.0
cifar10_proser_fedavg__split07__seed3__d5.0,cifar10,d5,5.0,proser_fedavg,0.2,5,12,0.05,0.05,0.0008333333333333334,0.004166666666666667,0.28394645188198653,0,0,0,delta_c/(M J) -> delta_c/M,0,,,,0.0,,0,,,,0.0,,0.28394645188198653,0,0->0,1,1.0,1.0,1.0
cifar10_proser_fedavg__split07__seed3__d5.0,cifar10,d5,5.0,proser_fedavg,0.25,5,12,0.05,0.05,0.0008333333333333334,0.004166666666666667,0.03528874338815762,0,0,0,delta_c/(M J) -> delta_c/M,0,,,,0.0,,0,,,,0.0,,0.03528874338815762,0,0->0,1,1.0,1.0,1.0
cifar10_proser_fedavg__split07__seed3__d5.0,cifar10,d5,5.0,proser_fedavg,0.3,5,12,0.05,0.05,0.0008333333333333334,0.004166666666666667,0.0031158328229106283,1,1,1,delta_c/(M J) -> delta_c/M,1,1.0,proser,0.5,0.09605799373108508,0.0031158328229106283,1,1.0,proser,0.5,0.10237773175548391,0.0031158328229106283,0.0031158328229106283,0,1->1,1,1.0,1.0,1.0
cifar10_proser_fedavg__split07__seed4__d0.1,cifar10,d0.1,0.1,proser_fedavg,0.05,5,12,0.05,0.05,0.0008333333333333334,0.004166666666666667,0.95,0,0,0,delta_c/(M J) -> delta_c/M,0,,,,0.0,,0,,,,0.0,,0.95,0,0->0,1,1.0,1.0,1.0
cifar10_proser_fedavg__split07__seed4__d0.1,cifar10,d0.1,0.1,proser_fedavg,0.1,5,12,0.05,0.05,0.0008333333333333334,0.004166666666666667,0.8891300222549999,0,0,0,delta_c/(M J) -> delta_c/M,0,,,,0.0,,0,,,,0.0,,0.8891300222549999,0,0->0,1,1.0,1.0,1.0
cifar10_proser_fedavg__split07__seed4__d0.1,cifar10,d0.1,0.1,proser_fedavg,0.15,5,12,0.05,0.05,0.0008333333333333334,0.004166666666666667,0.7202355364898204,0,0,0,delta_c/(M J) -> delta_c/M,0,,,,0.0,,0,,,,0.0,,0.7202355364898204,0,0->0,1,1.0,1.0,1.0
cifar10_proser_fedavg__split07__seed4__d0.1,cifar10,d0.1,0.1,proser_fedavg,0.2,5,12,0.05,0.05,0.0008333333333333334,0.004166666666666667,0.5007138094507532,0,0,0,delta_c/(M J) -> delta_c/M,0,,,,0.0,,0,,,,0.0,,0.5007138094507532,0,0->0,1,1.0,1.0,1.0
cifar10_proser_fedavg__split07__seed4__d0.1,cifar10,d0.1,0.1,proser_fedavg,0.25,5,12,0.05,0.05,0.0008333333333333334,0.004166666666666667,0.2811276242136955,0,0,0,delta_c/(M J) -> delta_c/M,0,,,,0.0,,0,,,,0.0,,0.2811276242136955,0,0->0,1,1.0,1.0,1.0
cifar10_proser_fedavg__split07__seed4__d0.1,cifar10,d0.1,0.1,proser_fedavg,0.3,5,12,0.05,0.05,0.0008333333333333334,0.004166666666666667,0.19348844208806493,0,0,0,delta_c/(M J) -> delta_c/M,0,,,,0.0,,0,,,,0.0,,0.19348844208806493,0,0->0,1,1.0,1.0,1.0
cifar10_proser_fedavg__split07__seed4__d0.5,cifar10,d0.5,0.5,proser_fedavg,0.05,5,12,0.05,0.05,0.0008333333333333334,0.004166666666666667,0.9025,0,0,0,delta_c/(M J) -> delta_c/M,0,,,,0.0,,0,,,,0.0,,0.9025,0,0->0,1,1.0,1.0,1.0
cifar10_proser_fedavg__split07__seed4__d0.5,cifar10,d0.5,0.5,proser_fedavg,0.1,5,12,0.05,0.05,0.0008333333333333334,0.004166666666666667,0.8099999999999999,0,0,0,delta_c/(M J) -> delta_c/M,0,,,,0.0,,0,,,,0.0,,0.8099999999999999,0,0->0,1,1.0,1.0,1.0
cifar10_proser_fedavg__split07__seed4__d0.5,cifar10,d0.5,0.5,proser_fedavg,0.15,5,12,0.05,0.05,0.0008333333333333334,0.004166666666666667,0.4854169765871945,0,0,0,delta_c/(M J) -> delta_c/M,0,,,,0.0,,0,,,,0.0,,0.4854169765871945,0,0->0,1,1.0,1.0,1.0
cifar10_proser_fedavg__split07__seed4__d0.5,cifar10,d0.5,0.5,proser_fedavg,0.2,5,12,0.05,0.05,0.0008333333333333334,0.004166666666666667,0.21584213548964848,0,0,0,delta_c/(M J) -> delta_c/M,0,,,,0.0,,0,,,,0.0,,0.21584213548964848,0,0->0,1,1.0,1.0,1.0
cifar10_proser_fedavg__split07__seed4__d0.5,cifar10,d0.5,0.5,proser_fedavg,0.25,5,12,0.05,0.05,0.0008333333333333334,0.004166666666666667,0.04539899529365685,0,0,0,delta_c/(M J) -> delta_c/M,0,,,,0.0,,0,,,,0.0,,0.04539899529365685,0,0->0,1,1.0,1.0,1.0
cifar10_proser_fedavg__split07__seed4__d0.5,cifar10,d0.5,0.5,proser_fedavg,0.3,5,12,0.05,0.05,0.0008333333333333334,0.004166666666666667,0.009022466058088974,0,0,0,delta_c/(M J) -> delta_c/M,0,,,,0.0,,0,,,,0.0,,0.009022466058088974,0,0->0,1,1.0,1.0,1.0
cifar10_proser_fedavg__split07__seed4__d5.0,cifar10,d5,5.0,proser_fedavg,0.05,5,12,0.05,0.05,0.0008333333333333334,0.004166666666666667,0.945246578848618,0,0,0,delta_c/(M J) -> delta_c/M,0,,,,0.0,,0,,,,0.0,,0.945246578848618,0,0->0,1,1.0,1.0,1.0
cifar10_proser_fedavg__split07__seed4__d5.0,cifar10,d5,5.0,proser_fedavg,0.1,5,12,0.05,0.05,0.0008333333333333334,0.004166666666666667,0.671047965015082,0,0,0,delta_c/(M J) -> delta_c/M,0,,,,0.0,,0,,,,0.0,,0.671047965015082,0,0->0,1,1.0,1.0,1.0
cifar10_proser_fedavg__split07__seed4__d5.0,cifar10,d5,5.0,proser_fedavg,0.15,5,12,0.05,0.05,0.0008333333333333334,0.004166666666666667,0.34870107278238205,0,0,0,delta_c/(M J) -> delta_c/M,0,,,,0.0,,0,,,,0.0,,0.34870107278238205,0,0->0,1,1.0,1.0,1.0
cifar10_proser_fedavg__split07__seed4__d5.0,cifar10,d5,5.0,proser_fedavg,0.2,5,12,0.05,0.05,0.0008333333333333334,0.004166666666666667,0.1434917096928347,0,0,0,delta_c/(M J) -> delta_c/M,0,,,,0.0,,0,,,,0.0,,0.1434917096928347,0,0->0,1,1.0,1.0,1.0
cifar10_proser_fedavg__split07__seed4__d5.0,cifar10,d5,5.0,proser_fedavg,0.25,5,12,0.05,0.05,0.0008333333333333334,0.004166666666666667,0.001686204220081888,1,1,1,delta_c/(M J) -> delta_c/M,1,9.0,margin,0.5,0.13796117064223237,0.001686204220081888,1,9.0,margin,0.5,0.14542463675116588,0.001686204220081888,0.001686204220081888,0,1->1,1,1.0,1.0,1.0
cifar10_proser_fedavg__split07__seed4__d5.0,cifar10,d5,5.0,proser_fedavg,0.3,5,12,0.05,0.05,0.0008333333333333334,0.004166666666666667,7.675674746485055e-05,8,8,8,delta_c/(M J) -> delta_c/M,1,6.0,energy,0.7,0.46284107115214385,0.0019851993473275777,1,6.0,energy,0.7,0.4739514119550507,0.0019851993473275777,0.0019851993473275777,0,1->1,1,1.0,1.0,1.0
cifar10_proser_fedavg__split08__seed0__d0.1,cifar10,d0.1,0.1,proser_fedavg,0.05,5,12,0.05,0.05,0.0008333333333333334,0.004166666666666667,1.0,0,0,0,delta_c/(M J) -> delta_c/M,0,,,,0.0,,0,,,,0.0,,1.0,0,0->0,1,1.0,1.0,1.0
cifar10_proser_fedavg__split08__seed0__d0.1,cifar10,d0.1,0.1,proser_fedavg,0.1,5,12,0.05,0.05,0.0008333333333333334,0.004166666666666667,0.9,0,0,0,delta_c/(M J) -> delta_c/M,0,,,,0.0,,0,,,,0.0,,0.9,0,0->0,1,1.0,1.0,1.0
cifar10_proser_fedavg__split08__seed0__d0.1,cifar10,d0.1,0.1,proser_fedavg,0.15,5,12,0.05,0.05,0.0008333333333333334,0.004166666666666667,0.7788119818772705,0,0,0,delta_c/(M J) -> delta_c/M,0,,,,0.0,,0,,,,0.0,,0.7788119818772705,0,0->0,1,1.0,1.0,1.0
cifar10_proser_fedavg__split08__seed0__d0.1,cifar10,d0.1,0.1,proser_fedavg,0.2,5,12,0.05,0.05,0.0008333333333333334,0.004166666666666667,0.7372799999999999,0,0,0,delta_c/(M J) -> delta_c/M,0,,,,0.0,,0,,,,0.0,,0.7372799999999999,0,0->0,1,1.0,1.0,1.0
cifar10_proser_fedavg__split08__seed0__d0.1,cifar10,d0.1,0.1,proser_fedavg,0.25,5,12,0.05,0.05,0.0008333333333333334,0.004166666666666667,0.533935546875,0,0,0,delta_c/(M J) -> delta_c/M,0,,,,0.0,,0,,,,0.0,,0.533935546875,0,0->0,1,1.0,1.0,1.0
cifar10_proser_fedavg__split08__seed0__d0.1,cifar10,d0.1,0.1,proser_fedavg,0.3,5,12,0.05,0.05,0.0008333333333333334,0.004166666666666667,0.4315179062829425,0,0,0,delta_c/(M J) -> delta_c/M,0,,,,0.0,,0,,,,0.0,,0.4315179062829425,0,0->0,1,1.0,1.0,1.0
cifar10_proser_fedavg__split08__seed0__d0.5,cifar10,d0.5,0.5,proser_fedavg,0.05,5,12,0.05,0.05,0.0008333333333333334,0.004166666666666667,0.8613676217993795,0,0,0,delta_c/(M J) -> delta_c/M,0,,,,0.0,,0,,,,0.0,,0.8613676217993795,0,0->0,1,1.0,1.0,1.0
cifar10_proser_fedavg__split08__seed0__d0.5,cifar10,d0.5,0.5,proser_fedavg,0.1,5,12,0.05,0.05,0.0008333333333333334,0.004166666666666667,0.5490430189190638,0,0,0,delta_c/(M J) -> delta_c/M,0,,,,0.0,,0,,,,0.0,,0.5490430189190638,0,0->0,1,1.0,1.0,1.0
cifar10_proser_fedavg__split08__seed0__d0.5,cifar10,d0.5,0.5,proser_fedavg,0.15,5,12,0.05,0.05,0.0008333333333333334,0.004166666666666667,0.31858597554574136,0,0,0,delta_c/(M J) -> delta_c/M,0,,,,0.0,,0,,,,0.0,,0.31858597554574136,0,0->0,1,1.0,1.0,1.0
cifar10_proser_fedavg__split08__seed0__d0.5,cifar10,d0.5,0.5,proser_fedavg,0.2,5,12,0.05,0.05,0.0008333333333333334,0.004166666666666667,0.08081272576454976,0,0,0,delta_c/(M J) -> delta_c/M,0,,,,0.0,,0,,,,0.0,,0.08081272576454976,0,0->0,1,1.0,1.0,1.0
cifar10_proser_fedavg__split08__seed0__d0.5,cifar10,d0.5,0.5,proser_fedavg,0.25,5,12,0.05,0.05,0.0008333333333333334,0.004166666666666667,0.012053961341688055,0,0,0,delta_c/(M J) -> delta_c/M,0,,,,0.0,,0,,,,0.0,,0.012053961341688055,0,0->0,1,1.0,1.0,1.0
cifar10_proser_fedavg__split08__seed0__d0.5,cifar10,d0.5,0.5,proser_fedavg,0.3,5,12,0.05,0.05,0.0008333333333333334,0.004166666666666667,0.00012710358408435433,8,8,8,delta_c/(M J) -> delta_c/M,1,2.0,proser,0.7,0.32053828409689356,0.008045736783560496,1,2.0,proser,0.7,0.3308382314630494,0.008045736783560496,0.008045736783560496,0,1->1,1,1.0,1.0,1.0
cifar10_proser_fedavg__split08__seed0__d5.0,cifar10,d5,5.0,proser_fedavg,0.05,5,12,0.05,0.05,0.0008333333333333334,0.004166666666666667,0.6060962172712081,0,0,0,delta_c/(M J) -> delta_c/M,0,,,,0.0,,0,,,,0.0,,0.6060962172712081,0,0->0,1,1.0,1.0,1.0
cifar10_proser_fedavg__split08__seed0__d5.0,cifar10,d5,5.0,proser_fedavg,0.1,5,12,0.05,0.05,0.0008333333333333334,0.004166666666666667,0.44371935743712143,0,0,0,delta_c/(M J) -> delta_c/M,0,,,,0.0,,0,,,,0.0,,0.44371935743712143,0,0->0,1,1.0,1.0,1.0
cifar10_proser_fedavg__split08__seed0__d5.0,cifar10,d5,5.0,proser_fedavg,0.15,5,12,0.05,0.05,0.0008333333333333334,0.004166666666666667,0.07408685521209529,0,0,0,delta_c/(M J) -> delta_c/M,0,,,,0.0,,0,,,,0.0,,0.07408685521209529,0,0->0,1,1.0,1.0,1.0
cifar10_proser_fedavg__split08__seed0__d5.0,cifar10,d5,5.0,proser_fedavg,0.2,5,12,0.05,0.05,0.0008333333333333334,0.004166666666666667,0.018219940017062095,0,0,0,delta_c/(M J) -> delta_c/M,0,,,,0.0,,0,,,,0.0,,0.018219940017062095,0,0->0,1,1.0,1.0,1.0
cifar10_proser_fedavg__split08__seed0__d5.0,cifar10,d5,5.0,proser_fedavg,0.25,5,12,0.05,0.05,0.0008333333333333334,0.004166666666666667,0.0009424293958451703,1,1,1,delta_c/(M J) -> delta_c/M,1,0.0,proser,0.3,0.09605799373108508,0.0009424293958451703,1,0.0,proser,0.3,0.10237773175548391,0.0009424293958451703,0.0009424293958451703,0,1->1,1,1.0,1.0,1.0
cifar10_proser_fedavg__split08__seed0__d5.0,cifar10,d5,5.0,proser_fedavg,0.3,5,12,0.05,0.05,0.0008333333333333334,0.004166666666666667,9.332193570448961e-05,2,2,2,delta_c/(M J) -> delta_c/M,1,1.0,proser,0.5,0.20240781406066913,0.002108463943003115,1,1.0,proser,0.5,0.21118180071386614,0.002108463943003115,0.002108463943003115,0,1->1,1,1.0,1.0,1.0
cifar10_proser_fedavg__split08__seed1__d0.1,cifar10,d0.1,0.1,proser_fedavg,0.05,5,12,0.05,0.05,0.0008333333333333334,0.004166666666666667,0.56880009227646,0,0,0,delta_c/(M J) -> delta_c/M,0,,,,0.0,,0,,,,0.0,,0.56880009227646,0,0->0,1,1.0,1.0,1.0
cifar10_proser_fedavg__split08__seed1__d0.1,cifar10,d0.1,0.1,proser_fedavg,0.1,5,12,0.05,0.05,0.0008333333333333334,0.004166666666666667,0.44371935743712143,0,0,0,delta_c/(M J) -> delta_c/M,0,,,,0.0,,0,,,,0.0,,0.44371935743712143,0,0->0,1,1.0,1.0,1.0
cifar10_proser_fedavg__split08__seed1__d0.1,cifar10,d0.1,0.1,proser_fedavg,0.15,5,12,0.05,0.05,0.0008333333333333334,0.004166666666666667,0.10219641368057579,0,0,0,delta_c/(M J) -> delta_c/M,0,,,,0.0,,0,,,,0.0,,0.10219641368057579,0,0->0,1,1.0,1.0,1.0
cifar10_proser_fedavg__split08__seed1__d0.1,cifar10,d0.1,0.1,proser_fedavg,0.2,5,12,0.05,0.05,0.0008333333333333334,0.004166666666666667,0.02453900070215835,0,0,0,delta_c/(M J) -> delta_c/M,0,,,,0.0,,0,,,,0.0,,0.02453900070215835,0,0->0,1,1.0,1.0,1.0
cifar10_proser_fedavg__split08__seed1__d0.1,cifar10,d0.1,0.1,proser_fedavg,0.25,5,12,0.05,0.05,0.0008333333333333334,0.004166666666666667,0.003803315524927289,1,1,1,delta_c/(M J) -> delta_c/M,1,8.0,margin,0.3,0.05004018696043709,0.003803315524927289,1,8.0,margin,0.3,0.05462916210937897,0.003803315524927289,0.003803315524927289,0,1->1,1,1.0,1.0,1.0
cifar10_proser_fedavg__split08__seed1__d0.1,cifar10,d0.1,0.1,proser_fedavg,0.3,5,12,0.05,0.05,0.0008333333333333334,0.004166666666666667,0.0002140328823777159,5,5,5,delta_c/(M J) -> delta_c/M,1,1.0,proser,0.5,0.09441757196308964,0.004044786349096797,1,1.0,proser,0.5,0.10068596701936973,0.004044786349096797,0.004044786349096797,0,1->1,1,1.0,1.0,1.0
cifar10_proser_fedavg__split08__seed1__d0.5,cifar10,d0.5,0.5,proser_fedavg,0.05,5,12,0.05,0.05,0.0008333333333333334,0.004166666666666667,0.81450625,0,0,0,delta_c/(M J) -> delta_c/M,0,,,,0.0,,0,,,,0.0,,0.81450625,0,0->0,1,1.0,1.0,1.0
cifar10_proser_fedavg__split08__seed1__d0.5,cifar10,d0.5,0.5,proser_fedavg,0.1,5,12,0.05,0.05,0.0008333333333333334,0.004166666666666667,0.6560999999999999,0,0,0,delta_c/(M J) -> delta_c/M,0,,,,0.0,,0,,,,0.0,,0.6560999999999999,0,0->0,1,1.0,1.0,1.0
cifar10_proser_fedavg__split08__seed1__d0.5,cifar10,d0.5,0.5,proser_fedavg,0.15,5,12,0.05,0.05,0.0008333333333333334,0.004166666666666667,0.3079590092906231,0,0,0,delta_c/(M J) -> delta_c/M,0,,,,0.0,,0,,,,0.0,,0.3079590092906231,0,0->0,1,1.0,1.0,1.0
cifar10_proser_fedavg__split08__seed1__d0.5,cifar10,d0.5,0.5,proser_fedavg,0.2,5,12,0.05,0.05,0.0008333333333333334,0.004166666666666667,0.24078160864899878,0,0,0,delta_c/(M J) -> delta_c/M,0,,,,0.0,,0,,,,0.0,,0.24078160864899878,0,0->0,1,1.0,1.0,1.0
cifar10_proser_fedavg__split08__seed1__d0.5,cifar10,d0.5,0.5,proser_fedavg,0.25,5,12,0.05,0.05,0.0008333333333333334,0.004166666666666667,0.04327398257201562,0,0,0,delta_c/(M J) -> delta_c/M,0,,,,0.0,,0,,,,0.0,,0.04327398257201562,0,0->0,1,1.0,1.0,1.0
cifar10_proser_fedavg__split08__seed1__d0.5,cifar10,d0.5,0.5,proser_fedavg,0.3,5,12,0.05,0.05,0.0008333333333333334,0.004166666666666667,0.005796850223889532,0,0,0,delta_c/(M J) -> delta_c/M,0,,,,0.0,,0,,,,0.0,,0.005796850223889532,0,0->0,1,1.0,1.0,1.0
cifar10_proser_fedavg__split08__seed1__d5.0,cifar10,d5,5.0,proser_fedavg,0.05,5,12,0.05,0.05,0.0008333333333333334,0.004166666666666667,0.9245163262115037,0,0,0,delta_c/(M J) -> delta_c/M,0,,,,0.0,,0,,,,0.0,,0.9245163262115037,0,0->0,1,1.0,1.0,1.0
cifar10_proser_fedavg__split08__seed1__d5.0,cifar10,d5,5.0,proser_fedavg,0.1,5,12,0.05,0.05,0.0008333333333333334,0.004166666666666667,0.6769268051894659,0,0,0,delta_c/(M J) -> delta_c/M,0,,,,0.0,,0,,,,0.0,,0.6769268051894659,0,0->0,1,1.0,1.0,1.0
cifar10_proser_fedavg__split08__seed1__d5.0,cifar10,d5,5.0,proser_fedavg,0.15,5,12,0.05,0.05,0.0008333333333333334,0.004166666666666667,0.3427541854223555,0,0,0,delta_c/(M J) -> delta_c/M,0,,,,0.0,,0,,,,0.0,,0.3427541854223555,0,0->0,1,1.0,1.0,1.0
cifar10_proser_fedavg__split08__seed1__d5.0,cifar10,d5,5.0,proser_fedavg,0.2,5,12,0.05,0.05,0.0008333333333333334,0.004166666666666667,0.054761807300863885,0,0,0,delta_c/(M J) -> delta_c/M,0,,,,0.0,,0,,,,0.0,,0.054761807300863885,0,0->0,1,1.0,1.0,1.0
cifar10_proser_fedavg__split08__seed1__d5.0,cifar10,d5,5.0,proser_fedavg,0.25,5,12,0.05,0.05,0.0008333333333333334,0.004166666666666667,0.005969767440726807,0,0,0,delta_c/(M J) -> delta_c/M,0,,,,0.0,,0,,,,0.0,,0.005969767440726807,0,0->0,1,1.0,1.0,1.0
cifar10_proser_fedavg__split08__seed1__d5.0,cifar10,d5,5.0,proser_fedavg,0.3,5,12,0.05,0.05,0.0008333333333333334,0.004166666666666667,0.00010891091825017685,3,3,3,delta_c/(M J) -> delta_c/M,1,1.0,proser,0.5,0.18827126215458137,0.00010891091825017685,1,1.0,proser,0.5,0.19679377563164985,0.00010891091825017685,0.00010891091825017685,0,1->1,1,1.0,1.0,1.0
cifar10_proser_fedavg__split08__seed2__d0.1,cifar10,d0.1,0.1,proser_fedavg,0.05,5,12,0.05,0.05,0.0008333333333333334,0.004166666666666667,0.99951875,0,0,0,delta_c/(M J) -> delta_c/M,0,,,,0.0,,0,,,,0.0,,0.99951875,0,0->0,1,1.0,1.0,1.0
cifar10_proser_fedavg__split08__seed2__d0.1,cifar10,d0.1,0.1,proser_fedavg,0.1,5,12,0.05,0.05,0.0008333333333333334,0.004166666666666667,0.8881648766793988,0,0,0,delta_c/(M J) -> delta_c/M,0,,,,0.0,,0,,,,0.0,,0.8881648766793988,0,0->0,1,1.0,1.0,1.0
cifar10_proser_fedavg__split08__seed2__d0.1,cifar10,d0.1,0.1,proser_fedavg,0.15,5,12,0.05,0.05,0.0008333333333333334,0.004166666666666667,0.6393871949659071,0,0,0,delta_c/(M J) -> delta_c/M,0,,,,0.0,,0,,,,0.0,,0.6393871949659071,0,0->0,1,1.0,1.0,1.0
cifar10_proser_fedavg__split08__seed2__d0.1,cifar10,d0.1,0.1,proser_fedavg,0.2,5,12,0.05,0.05,0.0008333333333333334,0.004166666666666667,0.3496958682026633,0,0,0,delta_c/(M J) -> delta_c/M,0,,,,0.0,,0,,,,0.0,,0.3496958682026633,0,0->0,1,1.0,1.0,1.0
cifar10_proser_fedavg__split08__seed2__d0.1,cifar10,d0.1,0.1,proser_fedavg,0.25,5,12,0.05,0.05,0.0008333333333333334,0.004166666666666667,0.1097227656893022,0,0,0,delta_c/(M J) -> delta_c/M,0,,,,0.0,,0,,,,0.0,,0.1097227656893022,0,0->0,1,1.0,1.0,1.0
cifar10_proser_fedavg__split08__seed2__d0.1,cifar10,d0.1,0.1,proser_fedavg,0.3,5,12,0.05,0.05,0.0008333333333333334,0.004166666666666667,0.01495660365097512,0,0,0,delta_c/(M J) -> delta_c/M,0,,,,0.0,,0,,,,0.0,,0.01495660365097512,0,0->0,1,1.0,1.0,1.0
cifar10_proser_fedavg__split08__seed2__d0.5,cifar10,d0.5,0.5,proser_fedavg,0.05,5,12,0.05,0.05,0.0008333333333333334,0.004166666666666667,0.6423758535453004,0,0,0,delta_c/(M J) -> delta_c/M,0,,,,0.0,,0,,,,0.0,,0.6423758535453004,0,0->0,1,1.0,1.0,1.0
cifar10_proser_fedavg__split08__seed2__d0.5,cifar10,d0.5,0.5,proser_fedavg,0.1,5,12,0.05,0.05,0.0008333333333333334,0.004166666666666667,0.27120590646136666,0,0,0,delta_c/(M J) -> delta_c/M,0,,,,0.0,,0,,,,0.0,,0.27120590646136666,0,0->0,1,1.0,1.0,1.0
cifar10_proser_fedavg__split08__seed2__d0.5,cifar10,d0.5,0.5,proser_fedavg,0.15,5,12,0.05,0.05,0.0008333333333333334,0.004166666666666667,0.1218060000318271,0,0,0,delta_c/(M J) -> delta_c/M,0,,,,0.0,,0,,,,0.0,,0.1218060000318271,0,0->0,1,1.0,1.0,1.0
cifar10_proser_fedavg__split08__seed2__d0.5,cifar10,d0.5,0.5,proser_fedavg,0.2,5,12,0.05,0.05,0.0008333333333333334,0.004166666666666667,0.015474250491067277,0,0,0,delta_c/(M J) -> delta_c/M,0,,,,0.0,,0,,,,0.0,,0.015474250491067277,0,0->0,1,1.0,1.0,1.0
cifar10_proser_fedavg__split08__seed2__d0.5,cifar10,d0.5,0.5,proser_fedavg,0.25,5,12,0.05,0.05,0.0008333333333333334,0.004166666666666667,0.008163316338357159,0,0,0,delta_c/(M J) -> delta_c/M,0,,,,0.0,,0,,,,0.0,,0.008163316338357159,0,0->0,1,1.0,1.0,1.0
cifar10_proser_fedavg__split08__seed2__d0.5,cifar10,d0.5,0.5,proser_fedavg,0.3,5,12,0.05,0.05,0.0008333333333333334,0.004166666666666667,0.0005297459313460328,9,9,9,delta_c/(M J) -> delta_c/M,1,6.0,energy,0.7,0.3673100393851205,0.0011276178632428622,1,6.0,energy,0.7,0.377985159670785,0.0011276178632428622,0.0011276178632428622,0,1->1,1,1.0,1.0,1.0
cifar10_proser_fedavg__split08__seed2__d5.0,cifar10,d5,5.0,proser_fedavg,0.05,5,12,0.05,0.05,0.0008333333333333334,0.004166666666666667,0.735091890625,0,0,0,delta_c/(M J) -> delta_c/M,0,,,,0.0,,0,,,,0.0,,0.735091890625,0,0->0,1,1.0,1.0,1.0
cifar10_proser_fedavg__split08__seed2__d5.0,cifar10,d5,5.0,proser_fedavg,0.1,5,12,0.05,0.05,0.0008333333333333334,0.004166666666666667,0.5314409999999999,0,0,0,delta_c/(M J) -> delta_c/M,0,,,,0.0,,0,,,,0.0,,0.5314409999999999,0,0->0,1,1.0,1.0,1.0
cifar10_proser_fedavg__split08__seed2__d5.0,cifar10,d5,5.0,proser_fedavg,0.15,5,12,0.05,0.05,0.0008333333333333334,0.004166666666666667,0.3381769087123876,0,0,0,delta_c/(M J) -> delta_c/M,0,,,,0.0,,0,,,,0.0,,0.3381769087123876,0,0->0,1,1.0,1.0,1.0
cifar10_proser_fedavg__split08__seed2__d5.0,cifar10,d5,5.0,proser_fedavg,0.2,5,12,0.05,0.05,0.0008333333333333334,0.004166666666666667,0.15572365694917506,0,0,0,delta_c/(M J) -> delta_c/M,0,,,,0.0,,0,,,,0.0,,0.15572365694917506,0,0->0,1,1.0,1.0,1.0
cifar10_proser_fedavg__split08__seed2__d5.0,cifar10,d5,5.0,proser_fedavg,0.25,5,12,0.05,0.05,0.0008333333333333334,0.004166666666666667,0.03359027098394296,0,0,0,delta_c/(M J) -> delta_c/M,0,,,,0.0,,0,,,,0.0,,0.03359027098394296,0,0->0,1,1.0,1.0,1.0
cifar10_proser_fedavg__split08__seed2__d5.0,cifar10,d5,5.0,proser_fedavg,0.3,5,12,0.05,0.05,0.0008333333333333334,0.004166666666666667,0.0006611218626025542,2,2,2,delta_c/(M J) -> delta_c/M,1,1.0,proser,0.5,0.16378831856751058,0.0006611218626025542,1,1.0,proser,0.5,0.17183034880148174,0.0006611218626025542,0.0006611218626025542,0,1->1,1,1.0,1.0,1.0
cifar10_proser_fedavg__split08__seed3__d0.1,cifar10,d0.1,0.1,proser_fedavg,0.05,5,12,0.05,0.05,0.0008333333333333334,0.004166666666666667,0.6302494097246094,0,0,0,delta_c/(M J) -> delta_c/M,0,,,,0.0,,0,,,,0.0,,0.6302494097246094,0,0->0,1,1.0,1.0,1.0
cifar10_proser_fedavg__split08__seed3__d0.1,cifar10,d0.1,0.1,proser_fedavg,0.1,5,12,0.05,0.05,0.0008333333333333334,0.004166666666666667,0.4782968999999999,0,0,0,delta_c/(M J) -> delta_c/M,0,,,,0.0,,0,,,,0.0,,0.4782968999999999,0,0->0,1,1.0,1.0,1.0
cifar10_proser_fedavg__split08__seed3__d0.1,cifar10,d0.1,0.1,proser_fedavg,0.15,5,12,0.05,0.05,0.0008333333333333334,0.004166666666666667,0.32057708828125,0,0,0,delta_c/(M J) -> delta_c/M,0,,,,0.0,,0,,,,0.0,,0.32057708828125,0,0->0,1,1.0,1.0,1.0
cifar10_proser_fedavg__split08__seed3__d0.1,cifar10,d0.1,0.1,proser_fedavg,0.2,5,12,0.05,0.05,0.0008333333333333334,0.004166666666666667,0.16777215999999992,0,0,0,delta_c/(M J) -> delta_c/M,0,,,,0.0,,0,,,,0.0,,0.16777215999999992,0,0->0,1,1.0,1.0,1.0
cifar10_proser_fedavg__split08__seed3__d0.1,cifar10,d0.1,0.1,proser_fedavg,0.25,5,12,0.05,0.05,0.0008333333333333334,0.004166666666666667,0.07989443094747617,0,0,0,delta_c/(M J) -> delta_c/M,0,,,,0.0,,0,,,,0.0,,0.07989443094747617,0,0->0,1,1.0,1.0,1.0
cifar10_proser_fedavg__split08__seed3__d0.1,cifar10,d0.1,0.1,proser_fedavg,0.3,5,12,0.05,0.05,0.0008333333333333334,0.004166666666666667,0.01647947969008483,0,0,0,delta_c/(M J) -> delta_c/M,0,,,,0.0,,0,,,,0.0,,0.01647947969008483,0,0->0,1,1.0,1.0,1.0
cifar10_proser_fedavg__split08__seed3__d0.5,cifar10,d0.5,0.5,proser_fedavg,0.05,5,12,0.05,0.05,0.0008333333333333334,0.004166666666666667,0.9138616441006836,0,0,0,delta_c/(M J) -> delta_c/M,0,,,,0.0,,0,,,,0.0,,0.9138616441006836,0,0->0,1,1.0,1.0,1.0
cifar10_proser_fedavg__split08__seed3__d0.5,cifar10,d0.5,0.5,proser_fedavg,0.1,5,12,0.05,0.05,0.0008333333333333334,0.004166666666666667,0.48878921814481324,0,0,0,delta_c/(M J) -> delta_c/M,0,,,,0.0,,0,,,,0.0,,0.48878921814481324,0,0->0,1,1.0,1.0,1.0
cifar10_proser_fedavg__split08__seed3__d0.5,cifar10,d0.5,0.5,proser_fedavg,0.15,5,12,0.05,0.05,0.0008333333333333334,0.004166666666666667,0.09679850872691853,0,0,0,delta_c/(M J) -> delta_c/M,0,,,,0.0,,0,,,,0.0,,0.09679850872691853,0,0->0,1,1.0,1.0,1.0
cifar10_proser_fedavg__split08__seed3__d0.5,cifar10,d0.5,0.5,proser_fedavg,0.2,5,12,0.05,0.05,0.0008333333333333334,0.004166666666666667,0.046775374194299967,0,0,0,delta_c/(M J) -> delta_c/M,0,,,,0.0,,0,,,,0.0,,0.046775374194299967,0,0->0,1,1.0,1.0,1.0
cifar10_proser_fedavg__split08__seed3__d0.5,cifar10,d0.5,0.5,proser_fedavg,0.25,5,12,0.05,0.05,0.0008333333333333334,0.004166666666666667,0.0009561287427761049,1,1,1,delta_c/(M J) -> delta_c/M,1,0.0,proser,0.3,0.0592500149616712,0.0009561287427761049,1,0.0,proser,0.3,0.06424528064337826,0.0009561287427761049,0.0009561287427761049,0,1->1,1,1.0,1.0,1.0
cifar10_proser_fedavg__split08__seed3__d0.5,cifar10,d0.5,0.5,proser_fedavg,0.3,5,12,0.05,0.05,0.0008333333333333334,0.004166666666666667,0.00019855744256726013,6,6,6,delta_c/(M J) -> delta_c/M,1,5.0,energy,0.5,0.20951333356002766,0.00031620451221701706,1,5.0,energy,0.5,0.21840717435638363,0.00031620451221701706,0.00031620451221701706,0,1->1,1,1.0,1.0,1.0
cifar10_proser_fedavg__split08__seed3__d5.0,cifar10,d5,5.0,proser_fedavg,0.05,5,12,0.05,0.05,0.0008333333333333334,0.004166666666666667,0.9774075,0,0,0,delta_c/(M J) -> delta_c/M,0,,,,0.0,,0,,,,0.0,,0.9774075,0,0->0,1,1.0,1.0,1.0
cifar10_proser_fedavg__split08__seed3__d5.0,cifar10,d5,5.0,proser_fedavg,0.1,5,12,0.05,0.05,0.0008333333333333334,0.004166666666666667,0.8134002490289832,0,0,0,delta_c/(M J) -> delta_c/M,0,,,,0.0,,0,,,,0.0,,0.8134002490289832,0,0->0,1,1.0,1.0,1.0
cifar10_proser_fedavg__split08__seed3__d5.0,cifar10,d5,5.0,proser_fedavg,0.15,5,12,0.05,0.05,0.0008333333333333334,0.004166666666666667,0.4611747741436639,0,0,0,delta_c/(M J) -> delta_c/M,0,,,,0.0,,0,,,,0.0,,0.4611747741436639,0,0->0,1,1.0,1.0,1.0
cifar10_proser_fedavg__split08__seed3__d5.0,cifar10,d5,5.0,proser_fedavg,0.2,5,12,0.05,0.05,0.0008333333333333334,0.004166666666666667,0.09020387884112478,0,0,0,delta_c/(M J) -> delta_c/M,0,,,,0.0,,0,,,,0.0,,0.09020387884112478,0,0->0,1,1.0,1.0,1.0
cifar10_proser_fedavg__split08__seed3__d5.0,cifar10,d5,5.0,proser_fedavg,0.25,5,12,0.05,0.05,0.0008333333333333334,0.004166666666666667,0.018641669498165814,0,0,0,delta_c/(M J) -> delta_c/M,0,,,,0.0,,0,,,,0.0,,0.018641669498165814,0,0->0,1,1.0,1.0,1.0
cifar10_proser_fedavg__split08__seed3__d5.0,cifar10,d5,5.0,proser_fedavg,0.3,5,12,0.05,0.05,0.0008333333333333334,0.004166666666666667,0.0020294631580005757,2,2,2,delta_c/(M J) -> delta_c/M,1,1.0,proser,0.5,0.1043056093803049,0.002643598880576864,1,1.0,proser,0.5,0.11087494490555679,0.002643598880576864,0.002643598880576864,0,1->1,1,1.0,1.0,1.0
cifar10_proser_fedavg__split08__seed4__d0.1,cifar10,d0.1,0.1,proser_fedavg,0.05,5,12,0.05,0.05,0.0008333333333333334,0.004166666666666667,0.7737809375,0,0,0,delta_c/(M J) -> delta_c/M,0,,,,0.0,,0,,,,0.0,,0.7737809375,0,0->0,1,1.0,1.0,1.0
cifar10_proser_fedavg__split08__seed4__d0.1,cifar10,d0.1,0.1,proser_fedavg,0.1,5,12,0.05,0.05,0.0008333333333333334,0.004166666666666667,0.59049,0,0,0,delta_c/(M J) -> delta_c/M,0,,,,0.0,,0,,,,0.0,,0.59049,0,0->0,1,1.0,1.0,1.0
cifar10_proser_fedavg__split08__seed4__d0.1,cifar10,d0.1,0.1,proser_fedavg,0.15,5,12,0.05,0.05,0.0008333333333333334,0.004166666666666667,0.6042252040948173,0,0,0,delta_c/(M J) -> delta_c/M,0,,,,0.0,,0,,,,0.0,,0.6042252040948173,0,0->0,1,1.0,1.0,1.0
cifar10_proser_fedavg__split08__seed4__d0.1,cifar10,d0.1,0.1,proser_fedavg,0.2,5,12,0.05,0.05,0.0008333333333333334,0.004166666666666667,0.4362076159999997,0,0,0,delta_c/(M J) -> delta_c/M,0,,,,0.0,,0,,,,0.0,,0.4362076159999997,0,0->0,1,1.0,1.0,1.0
cifar10_proser_fedavg__split08__seed4__d0.1,cifar10,d0.1,0.1,proser_fedavg,0.25,5,12,0.05,0.05,0.0008333333333333334,0.004166666666666667,0.41484150253018015,0,0,0,delta_c/(M J) -> delta_c/M,0,,,,0.0,,0,,,,0.0,,0.41484150253018015,0,0->0,1,1.0,1.0,1.0
cifar10_proser_fedavg__split08__seed4__d0.1,cifar10,d0.1,0.1,proser_fedavg,0.3,5,12,0.05,0.05,0.0008333333333333334,0.004166666666666667,0.313412785963194,0,0,0,delta_c/(M J) -> delta_c/M,0,,,,0.0,,0,,,,0.0,,0.313412785963194,0,0->0,1,1.0,1.0,1.0
cifar10_proser_fedavg__split08__seed4__d0.5,cifar10,d0.5,0.5,proser_fedavg,0.05,5,12,0.05,0.05,0.0008333333333333334,0.004166666666666667,0.7737809375,0,0,0,delta_c/(M J) -> delta_c/M,0,,,,0.0,,0,,,,0.0,,0.7737809375,0,0->0,1,1.0,1.0,1.0
cifar10_proser_fedavg__split08__seed4__d0.5,cifar10,d0.5,0.5,proser_fedavg,0.1,5,12,0.05,0.05,0.0008333333333333334,0.004166666666666667,0.6474391717918477,0,0,0,delta_c/(M J) -> delta_c/M,0,,,,0.0,,0,,,,0.0,,0.6474391717918477,0,0->0,1,1.0,1.0,1.0
cifar10_proser_fedavg__split08__seed4__d0.5,cifar10,d0.5,0.5,proser_fedavg,0.15,5,12,0.05,0.05,0.0008333333333333334,0.004166666666666667,0.2867194182858925,0,0,0,delta_c/(M J) -> delta_c/M,0,,,,0.0,,0,,,,0.0,,0.2867194182858925,0,0->0,1,1.0,1.0,1.0
cifar10_proser_fedavg__split08__seed4__d0.5,cifar10,d0.5,0.5,proser_fedavg,0.2,5,12,0.05,0.05,0.0008333333333333334,0.004166666666666667,0.12271080639416353,0,0,0,delta_c/(M J) -> delta_c/M,0,,,,0.0,,0,,,,0.0,,0.12271080639416353,0,0->0,1,1.0,1.0,1.0
cifar10_proser_fedavg__split08__seed4__d0.5,cifar10,d0.5,0.5,proser_fedavg,0.25,5,12,0.05,0.05,0.0008333333333333334,0.004166666666666667,0.0073701209443254746,0,0,0,delta_c/(M J) -> delta_c/M,0,,,,0.0,,0,,,,0.0,,0.0073701209443254746,0,0->0,1,1.0,1.0,1.0
cifar10_proser_fedavg__split08__seed4__d0.5,cifar10,d0.5,0.5,proser_fedavg,0.3,5,12,0.05,0.05,0.0008333333333333334,0.004166666666666667,0.002830958868451765,2,2,2,delta_c/(M J) -> delta_c/M,1,4.0,energy,0.3,0.0592500149616712,0.002830958868451765,1,4.0,energy,0.3,0.06424528064337826,0.002830958868451765,0.002830958868451765,0,1->1,1,1.0,1.0,1.0
cifar10_proser_fedavg__split08__seed4__d5.0,cifar10,d5,5.0,proser_fedavg,0.05,5,12,0.05,0.05,0.0008333333333333334,0.004166666666666667,0.6634204312890625,0,0,0,delta_c/(M J) -> delta_c/M,0,,,,0.0,,0,,,,0.0,,0.6634204312890625,0,0->0,1,1.0,1.0,1.0
cifar10_proser_fedavg__split08__seed4__d5.0,cifar10,d5,5.0,proser_fedavg,0.1,5,12,0.05,0.05,0.0008333333333333334,0.004166666666666667,0.43046720999999993,0,0,0,delta_c/(M J) -> delta_c/M,0,,,,0.0,,0,,,,0.0,,0.43046720999999993,0,0->0,1,1.0,1.0,1.0
cifar10_proser_fedavg__split08__seed4__d5.0,cifar10,d5,5.0,proser_fedavg,0.15,5,12,0.05,0.05,0.0008333333333333334,0.004166666666666667,0.36380726098258753,0,0,0,delta_c/(M J) -> delta_c/M,0,,,,0.0,,0,,,,0.0,,0.36380726098258753,0,0->0,1,1.0,1.0,1.0
cifar10_proser_fedavg__split08__seed4__d5.0,cifar10,d5,5.0,proser_fedavg,0.2,5,12,0.05,0.05,0.0008333333333333334,0.004166666666666667,0.10175229673909586,0,0,0,delta_c/(M J) -> delta_c/M,0,,,,0.0,,0,,,,0.0,,0.10175229673909586,0,0->0,1,1.0,1.0,1.0
cifar10_proser_fedavg__split08__seed4__d5.0,cifar10,d5,5.0,proser_fedavg,0.25,5,12,0.05,0.05,0.0008333333333333334,0.004166666666666667,0.022004709657321125,0,0,0,delta_c/(M J) -> delta_c/M,0,,,,0.0,,0,,,,0.0,,0.022004709657321125,0,0->0,1,1.0,1.0,1.0
cifar10_proser_fedavg__split08__seed4__d5.0,cifar10,d5,5.0,proser_fedavg,0.3,5,12,0.05,0.05,0.0008333333333333334,0.004166666666666667,0.0006516884515460135,3,3,3,delta_c/(M J) -> delta_c/M,1,5.0,energy,0.5,0.16552563122978003,0.0006516884515460135,1,5.0,energy,0.5,0.1736037904425844,0.0006516884515460135,0.0006516884515460135,0,1->1,1,1.0,1.0,1.0
cifar10_proser_fedavg__split09__seed0__d0.1,cifar10,d0.1,0.1,proser_fedavg,0.05,5,12,0.05,0.05,0.0008333333333333334,0.004166666666666667,0.8290474644964009,0,0,0,delta_c/(M J) -> delta_c/M,0,,,,0.0,,0,,,,0.0,,0.8290474644964009,0,0->0,1,1.0,1.0,1.0
cifar10_proser_fedavg__split09__seed0__d0.1,cifar10,d0.1,0.1,proser_fedavg,0.1,5,12,0.05,0.05,0.0008333333333333334,0.004166666666666667,0.7892493396961544,0,0,0,delta_c/(M J) -> delta_c/M,0,,,,0.0,,0,,,,0.0,,0.7892493396961544,0,0->0,1,1.0,1.0,1.0
cifar10_proser_fedavg__split09__seed0__d0.1,cifar10,d0.1,0.1,proser_fedavg,0.15,5,12,0.05,0.05,0.0008333333333333334,0.004166666666666667,0.5869448111729091,0,0,0,delta_c/(M J) -> delta_c/M,0,,,,0.0,,0,,,,0.0,,0.5869448111729091,0,0->0,1,1.0,1.0,1.0
cifar10_proser_fedavg__split09__seed0__d0.1,cifar10,d0.1,0.1,proser_fedavg,0.2,5,12,0.05,0.05,0.0008333333333333334,0.004166666666666667,0.4328416742928052,0,0,0,delta_c/(M J) -> delta_c/M,0,,,,0.0,,0,,,,0.0,,0.4328416742928052,0,0->0,1,1.0,1.0,1.0
cifar10_proser_fedavg__split09__seed0__d0.1,cifar10,d0.1,0.1,proser_fedavg,0.25,5,12,0.05,0.05,0.0008333333333333334,0.004166666666666667,0.1353872715204971,0,0,0,delta_c/(M J) -> delta_c/M,0,,,,0.0,,0,,,,0.0,,0.1353872715204971,0,0->0,1,1.0,1.0,1.0
cifar10_proser_fedavg__split09__seed0__d0.1,cifar10,d0.1,0.1,proser_fedavg,0.3,5,12,0.05,0.05,0.0008333333333333334,0.004166666666666667,0.06499870790857029,0,0,0,delta_c/(M J) -> delta_c/M,0,,,,0.0,,0,,,,0.0,,0.06499870790857029,0,0->0,1,1.0,1.0,1.0
cifar10_proser_fedavg__split09__seed0__d0.5,cifar10,d0.5,0.5,proser_fedavg,0.05,5,12,0.05,0.05,0.0008333333333333334,0.004166666666666667,0.9556194578125,0,0,0,delta_c/(M J) -> delta_c/M,0,,,,0.0,,0,,,,0.0,,0.9556194578125,0,0->0,1,1.0,1.0,1.0
cifar10_proser_fedavg__split09__seed0__d0.5,cifar10,d0.5,0.5,proser_fedavg,0.1,5,12,0.05,0.05,0.0008333333333333334,0.004166666666666667,0.8503056,0,0,0,delta_c/(M J) -> delta_c/M,0,,,,0.0,,0,,,,0.0,,0.8503056,0,0->0,1,1.0,1.0,1.0
cifar10_proser_fedavg__split09__seed0__d0.5,cifar10,d0.5,0.5,proser_fedavg,0.15,5,12,0.05,0.05,0.0008333333333333334,0.004166666666666667,0.6042252040948173,0,0,0,delta_c/(M J) -> delta_c/M,0,,,,0.0,,0,,,,0.0,,0.6042252040948173,0,0->0,1,1.0,1.0,1.0
cifar10_proser_fedavg__split09__seed0__d0.5,cifar10,d0.5,0.5,proser_fedavg,0.2,5,12,0.05,0.05,0.0008333333333333334,0.004166666666666667,0.4328416742928052,0,0,0,delta_c/(M J) -> delta_c/M,0,,,,0.0,,0,,,,0.0,,0.4328416742928052,0,0->0,1,1.0,1.0,1.0
cifar10_proser_fedavg__split09__seed0__d0.5,cifar10,d0.5,0.5,proser_fedavg,0.25,5,12,0.05,0.05,0.0008333333333333334,0.004166666666666667,0.12110294993452948,0,0,0,delta_c/(M J) -> delta_c/M,0,,,,0.0,,0,,,,0.0,,0.12110294993452948,0,0->0,1,1.0,1.0,1.0
cifar10_proser_fedavg__split09__seed0__d0.5,cifar10,d0.5,0.5,proser_fedavg,0.3,5,12,0.05,0.05,0.0008333333333333334,0.004166666666666667,0.007939014205356873,0,0,0,delta_c/(M J) -> delta_c/M,0,,,,0.0,,0,,,,0.0,,0.007939014205356873,0,0->0,1,1.0,1.0,1.0
cifar10_proser_fedavg__split09__seed0__d5.0,cifar10,d5,5.0,proser_fedavg,0.05,5,12,0.05,0.05,0.0008333333333333334,0.004166666666666667,0.5274780541995743,0,0,0,delta_c/(M J) -> delta_c/M,0,,,,0.0,,0,,,,0.0,,0.5274780541995743,0,0->0,1,1.0,1.0,1.0
cifar10_proser_fedavg__split09__seed0__d5.0,cifar10,d5,5.0,proser_fedavg,0.1,5,12,0.05,0.05,0.0008333333333333334,0.004166666666666667,0.20905113199726788,0,0,0,delta_c/(M J) -> delta_c/M,0,,,,0.0,,0,,,,0.0,,0.20905113199726788,0,0->0,1,1.0,1.0,1.0
cifar10_proser_fedavg__split09__seed0__d5.0,cifar10,d5,5.0,proser_fedavg,0.15,5,12,0.05,0.05,0.0008333333333333334,0.004166666666666667,0.003741530314070171,1,1,1,delta_c/(M J) -> delta_c/M,1,9.0,margin,0.5,0.22558717008814205,0.003741530314070171,1,9.0,margin,0.5,0.23473702606631897,0.003741530314070171,0.003741530314070171,0,1->1,1,1.0,1.0,1.0
cifar10_proser_fedavg__split09__seed0__d5.0,cifar10,d5,5.0,proser_fedavg,0.2,5,12,0.05,0.05,0.0008333333333333334,0.004166666666666667,0.00015234917109957573,6,6,6,delta_c/(M J) -> delta_c/M,1,5.0,energy,0.5,0.3168263424064076,0.00015234917109957573,1,5.0,energy,0.5,0.3270915532420068,0.00015234917109957573,0.00015234917109957573,0,1->1,1,1.0,1.0,1.0
cifar10_proser_fedavg__split09__seed0__d5.0,cifar10,d5,5.0,proser_fedavg,0.25,5,12,0.05,0.05,0.0008333333333333334,0.004166666666666667,2.451317001156207e-08,7,7,7,delta_c/(M J) -> delta_c/M,1,2.0,proser,0.7,0.5017850109487332,0.0013427507854484862,1,2.0,proser,0.7,0.5129534260473443,0.0013427507854484862,0.0013427507854484862,0,1->1,1,1.0,1.0,1.0
cifar10_proser_fedavg__split09__seed0__d5.0,cifar10,d5,5.0,proser_fedavg,0.3,5,12,0.05,0.05,0.0008333333333333334,0.004166666666666667,1.2309061463395743e-11,9,9,9,delta_c/(M J) -> delta_c/M,1,6.0,energy,0.7,0.615202493319756,0.0010659392539009963,1,6.0,energy,0.7,0.6261515527268808,0.0010659392539009963,0.0010659392539009963,0,1->1,1,1.0,1.0,1.0
cifar10_proser_fedavg__split09__seed1__d0.1,cifar10,d0.1,0.1,proser_fedavg,0.05,5,12,0.05,0.05,0.0008333333333333334,0.004166666666666667,0.6060962172712081,0,0,0,delta_c/(M J) -> delta_c/M,0,,,,0.0,,0,,,,0.0,,0.6060962172712081,0,0->0,1,1.0,1.0,1.0
cifar10_proser_fedavg__split09__seed1__d0.1,cifar10,d0.1,0.1,proser_fedavg,0.1,5,12,0.05,0.05,0.0008333333333333334,0.004166666666666667,0.20857468150691058,0,0,0,delta_c/(M J) -> delta_c/M,0,,,,0.0,,0,,,,0.0,,0.20857468150691058,0,0->0,1,1.0,1.0,1.0
cifar10_proser_fedavg__split09__seed1__d0.1,cifar10,d0.1,0.1,proser_fedavg,0.15,5,12,0.05,0.05,0.0008333333333333334,0.004166666666666667,0.04312488293805995,0,0,0,delta_c/(M J) -> delta_c/M,0,,,,0.0,,0,,,,0.0,,0.04312488293805995,0,0->0,1,1.0,1.0,1.0
cifar10_proser_fedavg__split09__seed1__d0.1,cifar10,d0.1,0.1,proser_fedavg,0.2,5,12,0.05,0.05,0.0008333333333333334,0.004166666666666667,0.017763802935669655,0,0,0,delta_c/(M J) -> delta_c/M,0,,,,0.0,,0,,,,0.0,,0.017763802935669655,0,0->0,1,1.0,1.0,1.0
cifar10_proser_fedavg__split09__seed1__d0.1,cifar10,d0.1,0.1,proser_fedavg,0.25,5,12,0.05,0.05,0.0008333333333333334,0.004166666666666667,0.003228146263526037,1,1,1,delta_c/(M J) -> delta_c/M,1,4.0,energy,0.3,0.06392596034304576,0.003228146263526037,1,4.0,energy,0.3,0.06911340878955945,0.003228146263526037,0.003228146263526037,0,1->1,1,1.0,1.0,1.0
cifar10_proser_fedavg__split09__seed1__d0.1,cifar10,d0.1,0.1,proser_fedavg,0.3,5,12,0.05,0.05,0.0008333333333333334,0.004166666666666667,0.00034699176690058595,1,1,1,delta_c/(M J) -> delta_c/M,1,4.0,energy,0.3,0.08626399141706635,0.00034699176690058595,1,4.0,energy,0.3,0.09226809122691217,0.00034699176690058595,0.00034699176690058595,0,1->1,1,1.0,1.0,1.0
cifar10_proser_fedavg__split09__seed1__d0.5,cifar10,d0.5,0.5,proser_fedavg,0.05,5,12,0.05,0.05,0.0008333333333333334,0.004166666666666667,0.5670456354367714,0,0,0,delta_c/(M J) -> delta_c/M,0,,,,0.0,,0,,,,0.0,,0.5670456354367714,0,0->0,1,1.0,1.0,1.0
cifar10_proser_fedavg__split09__seed1__d0.5,cifar10,d0.5,0.5,proser_fedavg,0.1,5,12,0.05,0.05,0.0008333333333333334,0.004166666666666667,0.14168685993727242,0,0,0,delta_c/(M J) -> delta_c/M,0,,,,0.0,,0,,,,0.0,,0.14168685993727242,0,0->0,1,1.0,1.0,1.0
cifar10_proser_fedavg__split09__seed1__d0.5,cifar10,d0.5,0.5,proser_fedavg,0.15,5,12,0.05,0.05,0.0008333333333333334,0.004166666666666667,0.05384838312321041,0,0,0,delta_c/(M J) -> delta_c/M,0,,,,0.0,,0,,,,0.0,,0.05384838312321041,0,0->0,1,1.0,1.0,1.0
cifar10_proser_fedavg__split09__seed1__d0.5,cifar10,d0.5,0.5,proser_fedavg,0.2,5,12,0.05,0.05,0.0008333333333333334,0.004166666666666667,0.0005222610321823395,6,6,6,delta_c/(M J) -> delta_c/M,1,9.0,margin,0.5,0.3503938291931662,0.0035107955566286804,1,9.0,margin,0.5,0.3609463107617132,0.0035107955566286804,0.0035107955566286804,0,1->1,1,1.0,1.0,1.0
cifar10_proser_fedavg__split09__seed1__d0.5,cifar10,d0.5,0.5,proser_fedavg,0.25,5,12,0.05,0.05,0.0008333333333333334,0.004166666666666667,1.9985835269172134e-06,9,9,9,delta_c/(M J) -> delta_c/M,1,10.0,margin,0.7,0.5312737080042322,0.0024865205192257773,1,10.0,margin,0.7,0.5424411567320382,0.0024865205192257773,0.0024865205192257773,0,1->1,1,1.0,1.0,1.0
cifar10_proser_fedavg__split09__seed1__d0.5,cifar10,d0.5,0.5,proser_fedavg,0.3,5,12,0.05,0.05,0.0008333333333333334,0.004166666666666667,2.7653281828859715e-10,9,9,9,delta_c/(M J) -> delta_c/M,1,6.0,energy,0.7,0.6030828857518238,0.0007065235021642501,1,6.0,energy,0.7,0.6140837129542053,0.0007065235021642501,0.0007065235021642501,0,1->1,1,1.0,1.0,1.0
cifar10_proser_fedavg__split09__seed1__d5.0,cifar10,d5,5.0,proser_fedavg,0.05,5,12,0.05,0.05,0.0008333333333333334,0.004166666666666667,0.5274780541995743,0,0,0,delta_c/(M J) -> delta_c/M,0,,,,0.0,,0,,,,0.0,,0.5274780541995743,0,0->0,1,1.0,1.0,1.0
cifar10_proser_fedavg__split09__seed1__d5.0,cifar10,d5,5.0,proser_fedavg,0.1,5,12,0.05,0.05,0.0008333333333333334,0.004166666666666667,0.17036889104785774,0,0,0,delta_c/(M J) -> delta_c/M,0,,,,0.0,,0,,,,0.0,,0.17036889104785774,0,0->0,1,1.0,1.0,1.0
cifar10_proser_fedavg__split09__seed1__d5.0,cifar10,d5,5.0,proser_fedavg,0.15,5,12,0.05,0.05,0.0008333333333333334,0.004166666666666667,0.025161931276112274,0,0,0,delta_c/(M J) -> delta_c/M,0,,,,0.0,,0,,,,0.0,,0.025161931276112274,0,0->0,1,1.0,1.0,1.0
cifar10_proser_fedavg__split09__seed1__d5.0,cifar10,d5,5.0,proser_fedavg,0.2,5,12,0.05,0.05,0.0008333333333333334,0.004166666666666667,0.003841287746262783,1,1,1,delta_c/(M J) -> delta_c/M,1,9.0,margin,0.5,0.34851963685043785,0.003841287746262783,1,9.0,margin,0.5,0.3590576379982162,0.003841287746262783,0.003841287746262783,0,1->1,1,1.0,1.0,1.0
cifar10_proser_fedavg__split09__seed1__d5.0,cifar10,d5,5.0,proser_fedavg,0.25,5,12,0.05,0.05,0.0008333333333333334,0.004166666666666667,1.0310534392262134e-05,7,7,7,delta_c/(M J) -> delta_c/M,1,6.0,energy,0.7,0.5431383204877522,0.00721269888360688,1,6.0,energy,0.7,0.554294420171249,0.00721269888360688,0.00721269888360688,0,1->1,1,1.0,1.0,1.0
cifar10_proser_fedavg__split09__seed1__d5.0,cifar10,d5,5.0,proser_fedavg,0.3,5,12,0.05,0.05,0.0008333333333333334,0.004166666666666667,1.697168269520048e-08,9,9,9,delta_c/(M J) -> delta_c/M,1,6.0,energy,0.7,0.6294005840413011,0.000772420022328653,1,6.0,energy,0.7,0.6402799718699742,0.000772420022328653,0.000772420022328653,0,1->1,1,1.0,1.0,1.0
cifar10_proser_fedavg__split09__seed2__d0.1,cifar10,d0.1,0.1,proser_fedavg,0.05,5,12,0.05,0.05,0.0008333333333333334,0.004166666666666667,0.8613676217993795,0,0,0,delta_c/(M J) -> delta_c/M,0,,,,0.0,,0,,,,0.0,,0.8613676217993795,0,0->0,1,1.0,1.0,1.0
cifar10_proser_fedavg__split09__seed2__d0.1,cifar10,d0.1,0.1,proser_fedavg,0.1,5,12,0.05,0.05,0.0008333333333333334,0.004166666666666667,0.4593829223240161,0,0,0,delta_c/(M J) -> delta_c/M,0,,,,0.0,,0,,,,0.0,,0.4593829223240161,0,0->0,1,1.0,1.0,1.0
cifar10_proser_fedavg__split09__seed2__d0.1,cifar10,d0.1,0.1,proser_fedavg,0.15,5,12,0.05,0.05,0.0008333333333333334,0.004166666666666667,0.21844102050460334,0,0,0,delta_c/(M J) -> delta_c/M,0,,,,0.0,,0,,,,0.0,,0.21844102050460334,0,0->0,1,1.0,1.0,1.0
cifar10_proser_fedavg__split09__seed2__d0.1,cifar10,d0.1,0.1,proser_fedavg,0.2,5,12,0.05,0.05,0.0008333333333333334,0.004166666666666667,0.0305927559805926,0,0,0,delta_c/(M J) -> delta_c/M,0,,,,0.0,,0,,,,0.0,,0.0305927559805926,0,0->0,1,1.0,1.0,1.0
cifar10_proser_fedavg__split09__seed2__d0.1,cifar10,d0.1,0.1,proser_fedavg,0.25,5,12,0.05,0.05,0.0008333333333333334,0.004166666666666667,0.006089638077667922,0,0,0,delta_c/(M J) -> delta_c/M,0,,,,0.0,,0,,,,0.0,,0.006089638077667922,0,0->0,1,1.0,1.0,1.0
cifar10_proser_fedavg__split09__seed2__d0.1,cifar10,d0.1,0.1,proser_fedavg,0.3,5,12,0.05,0.05,0.0008333333333333334,0.004166666666666667,9.776471551142921e-05,3,3,3,delta_c/(M J) -> delta_c/M,1,1.0,proser,0.5,0.1829966518151629,0.0037278725521426572,1,1.0,proser,0.5,0.19142066384342218,0.0037278725521426572,0.0037278725521426572,0,1->1,1,1.0,1.0,1.0
cifar10_proser_fedavg__split09__seed2__d0.5,cifar10,d0.5,0.5,proser_fedavg,0.05,5,12,0.05,0.05,0.0008333333333333334,0.004166666666666667,0.6302494097246094,0,0,0,delta_c/(M J) -> delta_c/M,0,,,,0.0,,0,,,,0.0,,0.6302494097246094,0,0->0,1,1.0,1.0,1.0
cifar10_proser_fedavg__split09__seed2__d0.5,cifar10,d0.5,0.5,proser_fedavg,0.1,5,12,0.05,0.05,0.0008333333333333334,0.004166666666666667,0.3456575045761132,0,0,0,delta_c/(M J) -> delta_c/M,0,,,,0.0,,0,,,,0.0,,0.3456575045761132,0,0->0,1,1.0,1.0,1.0
cifar10_proser_fedavg__split09__seed2__d0.5,cifar10,d0.5,0.5,proser_fedavg,0.15,5,12,0.05,0.05,0.0008333333333333334,0.004166666666666667,0.07425108623606395,0,0,0,delta_c/(M J) -> delta_c/M,0,,,,0.0,,0,,,,0.0,,0.07425108623606395,0,0->0,1,1.0,1.0,1.0
cifar10_proser_fedavg__split09__seed2__d0.5,cifar10,d0.5,0.5,proser_fedavg,0.2,5,12,0.05,0.05,0.0008333333333333334,0.004166666666666667,0.03984496719921268,0,0,0,delta_c/(M J) -> delta_c/M,0,,,,0.0,,0,,,,0.0,,0.03984496719921268,0,0->0,1,1.0,1.0,1.0
cifar10_proser_fedavg__split09__seed2__d0.5,cifar10,d0.5,0.5,proser_fedavg,0.25,5,12,0.05,0.05,0.0008333333333333334,0.004166666666666667,0.007277903541234111,0,0,0,delta_c/(M J) -> delta_c/M,0,,,,0.0,,0,,,,0.0,,0.007277903541234111,0,0->0,1,1.0,1.0,1.0
cifar10_proser_fedavg__split09__seed2__d0.5,cifar10,d0.5,0.5,proser_fedavg,0.3,5,12,0.05,0.05,0.0008333333333333334,0.004166666666666667,0.00010831621075475936,1,1,1,delta_c/(M J) -> delta_c/M,1,5.0,energy,0.5,0.2059575451247134,0.00010831621075475936,1,5.0,energy,0.5,0.21479193734703372,0.00010831621075475936,0.00010831621075475936,0,1->1,1,1.0,1.0,1.0
cifar10_proser_fedavg__split09__seed2__d5.0,cifar10,d5,5.0,proser_fedavg,0.05,5,12,0.05,0.05,0.0008333333333333334,0.004166666666666667,0.5883086108947706,0,0,0,delta_c/(M J) -> delta_c/M,0,,,,0.0,,0,,,,0.0,,0.5883086108947706,0,0->0,1,1.0,1.0,1.0
cifar10_proser_fedavg__split09__seed2__d5.0,cifar10,d5,5.0,proser_fedavg,0.1,5,12,0.05,0.05,0.0008333333333333334,0.004166666666666667,0.151066460705005,0,0,0,delta_c/(M J) -> delta_c/M,0,,,,0.0,,0,,,,0.0,,0.151066460705005,0,0->0,1,1.0,1.0,1.0
cifar10_proser_fedavg__split09__seed2__d5.0,cifar10,d5,5.0,proser_fedavg,0.15,5,12,0.05,0.05,0.0008333333333333334,0.004166666666666667,0.0026978157946293156,1,1,1,delta_c/(M J) -> delta_c/M,1,0.0,proser,0.3,0.15167988187265882,0.0026978157946293156,1,0.0,proser,0.3,0.15946069672391058,0.0026978157946293156,0.0026978157946293156,0,1->1,1,1.0,1.0,1.0
cifar10_proser_fedavg__split09__seed2__d5.0,cifar10,d5,5.0,proser_fedavg,0.2,5,12,0.05,0.05,0.0008333333333333334,0.004166666666666667,7.313174585281822e-05,6,6,6,delta_c/(M J) -> delta_c/M,1,5.0,energy,0.5,0.3786355563024496,0.0003829492588342126,1,5.0,energy,0.5,0.38938481903778915,0.0003829492588342126,0.0003829492588342126,0,1->1,1,1.0,1.0,1.0
cifar10_proser_fedavg__split09__seed2__d5.0,cifar10,d5,5.0,proser_fedavg,0.25,5,12,0.05,0.05,0.0008333333333333334,0.004166666666666667,8.178329131239473e-08,9,9,9,delta_c/(M J) -> delta_c/M,1,6.0,energy,0.7,0.5550433239198196,0.0027155915686896794,1,6.0,energy,0.7,0.5661816704747643,0.0027155915686896794,0.0027155915686896794,0,1->1,1,1.0,1.0,1.0
cifar10_proser_fedavg__split09__seed2__d5.0,cifar10,d5,5.0,proser_fedavg,0.3,5,12,0.05,0.05,0.0008333333333333334,0.004166666666666667,5.008899140325969e-13,9,9,9,delta_c/(M J) -> delta_c/M,1,6.0,energy,0.7,0.6192525721235527,4.89823098417523e-05,1,6.0,energy,0.7,0.6301827580129634,4.89823098417523e-05,4.89823098417523e-05,0,1->1,1,1.0,1.0,1.0
cifar10_proser_fedavg__split09__seed3__d0.1,cifar10,d0.1,0.1,proser_fedavg,0.05,5,12,0.05,0.05,0.0008333333333333334,0.004166666666666667,0.7169718448170848,0,0,0,delta_c/(M J) -> delta_c/M,0,,,,0.0,,0,,,,0.0,,0.7169718448170848,0,0->0,1,1.0,1.0,1.0
cifar10_proser_fedavg__split09__seed3__d0.1,cifar10,d0.1,0.1,proser_fedavg,0.1,5,12,0.05,0.05,0.0008333333333333334,0.004166666666666667,0.22708507093949332,0,0,0,delta_c/(M J) -> delta_c/M,0,,,,0.0,,0,,,,0.0,,0.22708507093949332,0,0->0,1,1.0,1.0,1.0
cifar10_proser_fedavg__split09__seed3__d0.1,cifar10,d0.1,0.1,proser_fedavg,0.15,5,12,0.05,0.05,0.0008333333333333334,0.004166666666666667,0.015558832380790363,0,0,0,delta_c/(M J) -> delta_c/M,0,,,,0.0,,0,,,,0.0,,0.015558832380790363,0,0->0,1,1.0,1.0,1.0
cifar10_proser_fedavg__split09__seed3__d0.1,cifar10,d0.1,0.1,proser_fedavg,0.2,5,12,0.05,0.05,0.0008333333333333334,0.004166666666666667,0.00032664116320850435,3,3,3,delta_c/(M J) -> delta_c/M,1,8.0,margin,0.3,0.11932776839099495,0.00032664116320850435,1,8.0,margin,0.3,0.126318742423585,0.00032664116320850435,0.00032664116320850435,0,1->1,1,1.0,1.0,1.0
cifar10_proser_fedavg__split09__seed3__d0.1,cifar10,d0.1,0.1,proser_fedavg,0.25,5,12,0.05,0.05,0.0008333333333333334,0.004166666666666667,7.834997385454263e-06,6,6,6,delta_c/(M J) -> delta_c/M,1,9.0,margin,0.5,0.27812967937589567,0.0009018623306638941,1,9.0,margin,0.5,0.2879860011542096,0.0009018623306638941,0.0009018623306638941,0,1->1,1,1.0,1.0,1.0
cifar10_proser_fedavg__split09__seed3__d0.1,cifar10,d0.1,0.1,proser_fedavg,0.3,5,12,0.05,0.05,0.0008333333333333334,0.004166666666666667,1.9435457764639047e-08,8,8,8,delta_c/(M J) -> delta_c/M,1,10.0,margin,0.7,0.38810256557296663,0.004331896772387319,1,10.0,margin,0.7,0.39890900318559075,0.004331896772387319,0.004331896772387319,0,1->1,1,1.0,1.0,1.0
cifar10_proser_fedavg__split09__seed3__d0.5,cifar10,d0.5,0.5,proser_fedavg,0.05,5,12,0.05,0.05,0.0008333333333333334,0.004166666666666667,0.8290474644964009,0,0,0,delta_c/(M J) -> delta_c/M,0,,,,0.0,,0,,,,0.0,,0.8290474644964009,0,0->0,1,1.0,1.0,1.0
cifar10_proser_fedavg__split09__seed3__d0.5,cifar10,d0.5,0.5,proser_fedavg,0.1,5,12,0.05,0.05,0.0008333333333333334,0.004166666666666667,0.5459369415677289,0,0,0,delta_c/(M J) -> delta_c/M,0,,,,0.0,,0,,,,0.0,,0.5459369415677289,0,0->0,1,1.0,1.0,1.0
cifar10_proser_fedavg__split09__seed3__d0.5,cifar10,d0.5,0.5,proser_fedavg,0.15,5,12,0.05,0.05,0.0008333333333333334,0.004166666666666667,0.19967950866370626,0,0,0,delta_c/(M J) -> delta_c/M,0,,,,0.0,,0,,,,0.0,,0.19967950866370626,0,0->0,1,1.0,1.0,1.0
cifar10_proser_fedavg__split09__seed3__d0.5,cifar10,d0.5,0.5,proser_fedavg,0.2,5,12,0.05,0.05,0.0008333333333333334,0.004166666666666667,0.005878405677384913,0,0,0,delta_c/(M J) -> delta_c/M,0,,,,0.0,,0,,,,0.0,,0.005878405677384913,0,0->0,1,1.0,1.0,1.0
cifar10_proser_fedavg__split09__seed3__d0.5,cifar10,d0.5,0.5,proser_fedavg,0.25,5,12,0.05,0.05,0.0008333333333333334,0.004166666666666667,0.0005929842409568157,4,4,4,delta_c/(M J) -> delta_c/M,1,2.0,proser,0.7,0.4052093100505594,0.005367851757151906,1,2.0,proser,0.7,0.4161081767876864,0.005367851757151906,0.005367851757151906,0,1->1,1,1.0,1.0,1.0
cifar10_proser_fedavg__split09__seed3__d0.5,cifar10,d0.5,0.5,proser_fedavg,0.3,5,12,0.05,0.05,0.0008333333333333334,0.004166666666666667,3.5597251931424335e-06,8,8,8,delta_c/(M J) -> delta_c/M,1,6.0,energy,0.7,0.5372010061711869,0.001008805031292556,1,6.0,energy,0.7,0.5483635744519684,0.001008805031292556,0.001008805031292556,0,1->1,1,1.0,1.0,1.0
cifar10_proser_fedavg__split09__seed3__d5.0,cifar10,d5,5.0,proser_fedavg,0.05,5,12,0.05,0.05,0.0008333333333333334,0.004166666666666667,0.6357887494542805,0,0,0,delta_c/(M J) -> delta_c/M,0,,,,0.0,,0,,,,0.0,,0.6357887494542805,0,0->0,1,1.0,1.0,1.0
cifar10_proser_fedavg__split09__seed3__d5.0,cifar10,d5,5.0,proser_fedavg,0.1,5,12,0.05,0.05,0.0008333333333333334,0.004166666666666667,0.12896322065929142,0,0,0,delta_c/(M J) -> delta_c/M,0,,,,0.0,,0,,,,0.0,,0.12896322065929142,0,0->0,1,1.0,1.0,1.0
cifar10_proser_fedavg__split09__seed3__d5.0,cifar10,d5,5.0,proser_fedavg,0.15,5,12,0.05,0.05,0.0008333333333333334,0.004166666666666667,0.009274116350941417,0,0,0,delta_c/(M J) -> delta_c/M,0,,,,0.0,,0,,,,0.0,,0.009274116350941417,0,0->0,1,1.0,1.0,1.0
cifar10_proser_fedavg__split09__seed3__d5.0,cifar10,d5,5.0,proser_fedavg,0.2,5,12,0.05,0.05,0.0008333333333333334,0.004166666666666667,1.73309099888292e-05,2,2,2,delta_c/(M J) -> delta_c/M,1,4.0,energy,0.3,0.15858753442168752,1.73309099888292e-05,1,4.0,energy,0.3,0.16651941981501164,1.73309099888292e-05,1.73309099888292e-05,0,1->1,1,1.0,1.0,1.0
cifar10_proser_fedavg__split09__seed3__d5.0,cifar10,d5,5.0,proser_fedavg,0.25,5,12,0.05,0.05,0.0008333333333333334,0.004166666666666667,3.1512599615241466e-07,6,6,6,delta_c/(M J) -> delta_c/M,1,5.0,energy,0.5,0.4071152851100888,6.232861521631985e-05,1,5.0,energy,0.5,0.4180235930891458,6.232861521631985e-05,6.232861521631985e-05,0,1->1,1,1.0,1.0,1.0
cifar10_proser_fedavg__split09__seed3__d5.0,cifar10,d5,5.0,proser_fedavg,0.3,5,12,0.05,0.05,0.0008333333333333334,0.004166666666666667,4.289818719016532e-10,9,9,9,delta_c/(M J) -> delta_c/M,1,6.0,energy,0.7,0.615202493319756,0.0018646941292986346,1,6.0,energy,0.7,0.6261515527268808,0.0018646941292986346,0.0018646941292986346,0,1->1,1,1.0,1.0,1.0
cifar10_proser_fedavg__split09__seed4__d0.1,cifar10,d0.1,0.1,proser_fedavg,0.05,5,12,0.05,0.05,0.0008333333333333334,0.004166666666666667,0.8645761402602192,0,0,0,delta_c/(M J) -> delta_c/M,0,,,,0.0,,0,,,,0.0,,0.8645761402602192,0,0->0,1,1.0,1.0,1.0
cifar10_proser_fedavg__split09__seed4__d0.1,cifar10,d0.1,0.1,proser_fedavg,0.1,5,12,0.05,0.05,0.0008333333333333334,0.004166666666666667,0.848034689428045,0,0,0,delta_c/(M J) -> delta_c/M,0,,,,0.0,,0,,,,0.0,,0.848034689428045,0,0->0,1,1.0,1.0,1.0
cifar10_proser_fedavg__split09__seed4__d0.1,cifar10,d0.1,0.1,proser_fedavg,0.15,5,12,0.05,0.05,0.0008333333333333334,0.004166666666666667,0.6504591137069409,0,0,0,delta_c/(M J) -> delta_c/M,0,,,,0.0,,0,,,,0.0,,0.6504591137069409,0,0->0,1,1.0,1.0,1.0
cifar10_proser_fedavg__split09__seed4__d0.1,cifar10,d0.1,0.1,proser_fedavg,0.2,5,12,0.05,0.05,0.0008333333333333334,0.004166666666666667,0.37771176574724774,0,0,0,delta_c/(M J) -> delta_c/M,0,,,,0.0,,0,,,,0.0,,0.37771176574724774,0,0->0,1,1.0,1.0,1.0
cifar10_proser_fedavg__split09__seed4__d0.1,cifar10,d0.1,0.1,proser_fedavg,0.25,5,12,0.05,0.05,0.0008333333333333334,0.004166666666666667,0.13513366716560732,0,0,0,delta_c/(M J) -> delta_c/M,0,,,,0.0,,0,,,,0.0,,0.13513366716560732,0,0->0,1,1.0,1.0,1.0
cifar10_proser_fedavg__split09__seed4__d0.1,cifar10,d0.1,0.1,proser_fedavg,0.3,5,12,0.05,0.05,0.0008333333333333334,0.004166666666666667,0.07949218300792622,0,0,0,delta_c/(M J) -> delta_c/M,0,,,,0.0,,0,,,,0.0,,0.07949218300792622,0,0->0,1,1.0,1.0,1.0
cifar10_proser_fedavg__split09__seed4__d0.5,cifar10,d0.5,0.5,proser_fedavg,0.05,5,12,0.05,0.05,0.0008333333333333334,0.004166666666666667,0.9497470218274944,0,0,0,delta_c/(M J) -> delta_c/M,0,,,,0.0,,0,,,,0.0,,0.9497470218274944,0,0->0,1,1.0,1.0,1.0
cifar10_proser_fedavg__split09__seed4__d0.5,cifar10,d0.5,0.5,proser_fedavg,0.1,5,12,0.05,0.05,0.0008333333333333334,0.004166666666666667,0.7857377609533901,0,0,0,delta_c/(M J) -> delta_c/M,0,,,,0.0,,0,,,,0.0,,0.7857377609533901,0,0->0,1,1.0,1.0,1.0
cifar10_proser_fedavg__split09__seed4__d0.5,cifar10,d0.5,0.5,proser_fedavg,0.15,5,12,0.05,0.05,0.0008333333333333334,0.004166666666666667,0.4413206124298259,0,0,0,delta_c/(M J) -> delta_c/M,0,,,,0.0,,0,,,,0.0,,0.4413206124298259,0,0->0,1,1.0,1.0,1.0
cifar10_proser_fedavg__split09__seed4__d0.5,cifar10,d0.5,0.5,proser_fedavg,0.2,5,12,0.05,0.05,0.0008333333333333334,0.004166666666666667,0.11422622544369827,0,0,0,delta_c/(M J) -> delta_c/M,0,,,,0.0,,0,,,,0.0,,0.11422622544369827,0,0->0,1,1.0,1.0,1.0
cifar10_proser_fedavg__split09__seed4__d0.5,cifar10,d0.5,0.5,proser_fedavg,0.25,5,12,0.05,0.05,0.0008333333333333334,0.004166666666666667,0.009635007790589742,0,0,0,delta_c/(M J) -> delta_c/M,0,,,,0.0,,0,,,,0.0,,0.009635007790589742,0,0->0,1,1.0,1.0,1.0
cifar10_proser_fedavg__split09__seed4__d0.5,cifar10,d0.5,0.5,proser_fedavg,0.3,5,12,0.05,0.05,0.0008333333333333334,0.004166666666666667,7.002260629457489e-05,3,3,3,delta_c/(M J) -> delta_c/M,1,5.0,energy,0.5,0.21664275072322942,0.00011408774075792602,1,5.0,energy,0.5,0.2256526695418269,0.00011408774075792602,0.00011408774075792602,0,1->1,1,1.0,1.0,1.0
cifar10_proser_fedavg__split09__seed4__d5.0,cifar10,d5,5.0,proser_fedavg,0.05,5,12,0.05,0.05,0.0008333333333333334,0.004166666666666667,0.5145695221630201,0,0,0,delta_c/(M J) -> delta_c/M,0,,,,0.0,,0,,,,0.0,,0.5145695221630201,0,0->0,1,1.0,1.0,1.0
cifar10_proser_fedavg__split09__seed4__d5.0,cifar10,d5,5.0,proser_fedavg,0.1,5,12,0.05,0.05,0.0008333333333333334,0.004166666666666667,0.1483753806574913,0,0,0,delta_c/(M J) -> delta_c/M,0,,,,0.0,,0,,,,0.0,,0.1483753806574913,0,0->0,1,1.0,1.0,1.0
cifar10_proser_fedavg__split09__seed4__d5.0,cifar10,d5,5.0,proser_fedavg,0.15,5,12,0.05,0.05,0.0008333333333333334,0.004166666666666667,0.023347913292991893,0,0,0,delta_c/(M J) -> delta_c/M,0,,,,0.0,,0,,,,0.0,,0.023347913292991893,0,0->0,1,1.0,1.0,1.0
cifar10_proser_fedavg__split09__seed4__d5.0,cifar10,d5,5.0,proser_fedavg,0.2,5,12,0.05,0.05,0.0008333333333333334,0.004166666666666667,0.00027629934627976434,5,5,5,delta_c/(M J) -> delta_c/M,1,9.0,margin,0.5,0.30941605748108497,0.0015359866064301446,1,9.0,margin,0.5,0.3196096406194151,0.0015359866064301446,0.0015359866064301446,0,1->1,1,1.0,1.0,1.0
cifar10_proser_fedavg__split09__seed4__d5.0,cifar10,d5,5.0,proser_fedavg,0.25,5,12,0.05,0.05,0.0008333333333333334,0.004166666666666667,1.3481952821085368e-06,9,9,9,delta_c/(M J) -> delta_c/M,1,6.0,energy,0.7,0.5431383204877522,0.002187814890026281,1,6.0,energy,0.7,0.554294420171249,0.002187814890026281,0.002187814890026281,0,1->1,1,1.0,1.0,1.0
cifar10_proser_fedavg__split09__seed4__d5.0,cifar10,d5,5.0,proser_fedavg,0.3,5,12,0.05,0.05,0.0008333333333333334,0.004166666666666667,1.6207034177995366e-10,9,9,9,delta_c/(M J) -> delta_c/M,1,2.0,proser,0.7,0.6192525721235527,0.0039878605343912936,1,2.0,proser,0.7,0.6301827580129634,0.0039878605343912936,0.0039878605343912936,0,1->1,1,1.0,1.0,1.0
officehome_convnext_frozen__split00__seed0,officehome,frozen,,convnext_frozen_linear,0.05,4,12,0.05,0.05,0.0010416666666666667,0.004166666666666667,0.2060305497247933,0,0,0,delta_c/(M J) -> delta_c/M,0,,,,0.0,,0,,,,0.0,,0.2060305497247933,0,0->0,1,1.0,1.0,1.0
officehome_convnext_frozen__split00__seed0,officehome,frozen,,convnext_frozen_linear,0.1,4,12,0.05,0.05,0.0010416666666666667,0.004166666666666667,0.03815204244769456,0,0,0,delta_c/(M J) -> delta_c/M,0,,,,0.0,,0,,,,0.0,,0.03815204244769456,0,0->0,1,1.0,1.0,1.0
officehome_convnext_frozen__split00__seed0,officehome,frozen,,convnext_frozen_linear,0.15,4,12,0.05,0.05,0.0010416666666666667,0.004166666666666667,0.0034029415762067156,1,1,1,delta_c/(M J) -> delta_c/M,1,9.0,margin,0.5,0.04780460000764661,0.0034029415762067156,1,9.0,margin,0.5,0.05067044702917714,0.0034029415762067156,0.0034029415762067156,0,1->1,1,1.0,1.0,1.0
officehome_convnext_frozen__split00__seed0,officehome,frozen,,convnext_frozen_linear,0.2,4,12,0.05,0.05,0.0010416666666666667,0.004166666666666667,0.0005030488635692983,6,6,6,delta_c/(M J) -> delta_c/M,1,2.0,msp,0.7,0.1626439899305233,0.003531707189770472,1,2.0,msp,0.7,0.1677303881607597,0.003531707189770472,0.003531707189770472,0,1->1,1,1.0,1.0,1.0
officehome_convnext_frozen__split00__seed0,officehome,frozen,,convnext_frozen_linear,0.25,4,12,0.05,0.05,0.0010416666666666667,0.004166666666666667,5.37372835361928e-06,8,8,8,delta_c/(M J) -> delta_c/M,1,2.0,msp,0.7,0.2015170149905145,0.0010287854333067314,1,2.0,msp,0.7,0.20706670062685723,0.0010287854333067314,0.0010287854333067314,0,1->1,1,1.0,1.0,1.0
officehome_convnext_frozen__split00__seed0,officehome,frozen,,convnext_frozen_linear,0.3,4,12,0.05,0.05,0.0010416666666666667,0.004166666666666667,2.8227346525959526e-09,7,7,7,delta_c/(M J) -> delta_c/M,1,2.0,msp,0.7,0.23707284469905188,0.0016619177711343425,1,2.0,msp,0.7,0.24297335929489078,0.0016619177711343425,0.0016619177711343425,0,1->1,1,1.0,1.0,1.0
officehome_convnext_frozen__split00__seed1,officehome,frozen,,convnext_frozen_linear,0.05,4,12,0.05,0.05,0.0010416666666666667,0.004166666666666667,0.2919890243387728,0,0,0,delta_c/(M J) -> delta_c/M,0,,,,0.0,,0,,,,0.0,,0.2919890243387728,0,0->0,1,1.0,1.0,1.0
officehome_convnext_frozen__split00__seed1,officehome,frozen,,convnext_frozen_linear,0.1,4,12,0.05,0.05,0.0010416666666666667,0.004166666666666667,0.12097872674646175,0,0,0,delta_c/(M J) -> delta_c/M,0,,,,0.0,,0,,,,0.0,,0.12097872674646175,0,0->0,1,1.0,1.0,1.0
officehome_convnext_frozen__split00__seed1,officehome,frozen,,convnext_frozen_linear,0.15,4,12,0.05,0.05,0.0010416666666666667,0.004166666666666667,0.01667066227642362,0,0,0,delta_c/(M J) -> delta_c/M,0,,,,0.0,,0,,,,0.0,,0.01667066227642362,0,0->0,1,1.0,1.0,1.0
officehome_convnext_frozen__split00__seed1,officehome,frozen,,convnext_frozen_linear,0.2,4,12,0.05,0.05,0.0010416666666666667,0.004166666666666667,0.0013132652179259794,6,6,6,delta_c/(M J) -> delta_c/M,1,2.0,msp,0.7,0.1560703503885634,0.0057546739621094235,1,2.0,msp,0.7,0.16106871163331546,0.0057546739621094235,0.0057546739621094235,0,1->1,1,1.0,1.0,1.0
officehome_convnext_frozen__split00__seed1,officehome,frozen,,convnext_frozen_linear,0.25,4,12,0.05,0.05,0.0010416666666666667,0.004166666666666667,1.4165704169015111e-05,8,8,8,delta_c/(M J) -> delta_c/M,1,2.0,msp,0.7,0.19865277408716858,0.002444332831002108,1,2.0,msp,0.7,0.20417137204846872,0.002444332831002108,0.002444332831002108,0,1->1,1,1.0,1.0,1.0
officehome_convnext_frozen__split00__seed1,officehome,frozen,,convnext_frozen_linear,0.3,4,12,0.05,0.05,0.0010416666666666667,0.004166666666666667,1.697168269520048e-08,7,7,7,delta_c/(M J) -> delta_c/M,1,10.0,margin,0.7,0.24481330788449715,0.005638229106635953,1,10.0,margin,0.7,0.25078221255412886,0.005638229106635953,0.005638229106635953,0,1->1,1,1.0,1.0,1.0
officehome_convnext_frozen__split00__seed2,officehome,frozen,,convnext_frozen_linear,0.05,4,12,0.05,0.05,0.0010416666666666667,0.004166666666666667,0.23782688525533252,0,0,0,delta_c/(M J) -> delta_c/M,0,,,,0.0,,0,,,,0.0,,0.23782688525533252,0,0->0,1,1.0,1.0,1.0
officehome_convnext_frozen__split00__seed2,officehome,frozen,,convnext_frozen_linear,0.1,4,12,0.05,0.05,0.0010416666666666667,0.004166666666666667,0.042391158275216174,0,0,0,delta_c/(M J) -> delta_c/M,0,,,,0.0,,0,,,,0.0,,0.042391158275216174,0,0->0,1,1.0,1.0,1.0
officehome_convnext_frozen__split00__seed2,officehome,frozen,,convnext_frozen_linear,0.15,4,12,0.05,0.05,0.0010416666666666667,0.004166666666666667,0.0044638615205441455,0,0,0,delta_c/(M J) -> delta_c/M,0,,,,0.0,,0,,,,0.0,,0.0044638615205441455,0,0->0,1,1.0,1.0,1.0
officehome_convnext_frozen__split00__seed2,officehome,frozen,,convnext_frozen_linear,0.2,4,12,0.05,0.05,0.0010416666666666667,0.004166666666666667,0.0005957729664670251,8,8,8,delta_c/(M J) -> delta_c/M,1,2.0,msp,0.7,0.15513290284244194,0.004616268751960258,1,2.0,msp,0.7,0.16011845506598857,0.004616268751960258,0.004616268751960258,0,1->1,1,1.0,1.0,1.0
officehome_convnext_frozen__split00__seed2,officehome,frozen,,convnext_frozen_linear,0.25,4,12,0.05,0.05,0.0010416666666666667,0.004166666666666667,4.16668134723553e-06,8,8,8,delta_c/(M J) -> delta_c/M,1,10.0,margin,0.7,0.19388565346915915,0.0008421219496440534,1,10.0,margin,0.7,0.19935150264969526,0.0008421219496440534,0.0008421219496440534,0,1->1,1,1.0,1.0,1.0
officehome_convnext_frozen__split00__seed2,officehome,frozen,,convnext_frozen_linear,0.3,4,12,0.05,0.05,0.0010416666666666667,0.004166666666666667,1.2213096105724281e-09,8,8,8,delta_c/(M J) -> delta_c/M,1,2.0,msp,0.7,0.2399734233552401,0.0012002198839758068,1,2.0,msp,0.7,0.2458998809682928,0.0012002198839758068,0.0012002198839758068,0,1->1,1,1.0,1.0,1.0
officehome_convnext_frozen__split00__seed3,officehome,frozen,,convnext_frozen_linear,0.05,4,12,0.05,0.05,0.0010416666666666667,0.004166666666666667,0.3972143184582186,0,0,0,delta_c/(M J) -> delta_c/M,0,,,,0.0,,0,,,,0.0,,0.3972143184582186,0,0->0,1,1.0,1.0,1.0
officehome_convnext_frozen__split00__seed3,officehome,frozen,,convnext_frozen_linear,0.1,4,12,0.05,0.05,0.0010416666666666667,0.004166666666666667,0.0762342252023075,0,0,0,delta_c/(M J) -> delta_c/M,0,,,,0.0,,0,,,,0.0,,0.0762342252023075,0,0->0,1,1.0,1.0,1.0
officehome_convnext_frozen__split00__seed3,officehome,frozen,,convnext_frozen_linear,0.15,4,12,0.05,0.05,0.0010416666666666667,0.004166666666666667,0.0038843844191769608,1,1,1,delta_c/(M J) -> delta_c/M,1,1.0,msp,0.5,0.05035417538715931,0.0038843844191769608,1,1.0,msp,0.5,0.05329535289489309,0.0038843844191769608,0.0038843844191769608,0,1->1,1,1.0,1.0,1.0
officehome_convnext_frozen__split00__seed3,officehome,frozen,,convnext_frozen_linear,0.2,4,12,0.05,0.05,0.0010416666666666667,0.004166666666666667,0.001020938148193529,5,5,5,delta_c/(M J) -> delta_c/M,1,10.0,margin,0.7,0.1532592654438188,0.004787567720366849,1,10.0,margin,0.7,0.15821902190767984,0.004787567720366849,0.004787567720366849,0,1->1,1,1.0,1.0,1.0
officehome_convnext_frozen__split00__seed3,officehome,frozen,,convnext_frozen_linear,0.25,4,12,0.05,0.05,0.0010416666666666667,0.004166666666666667,2.509090518136877e-06,8,8,8,delta_c/(M J) -> delta_c/M,1,2.0,msp,0.7,0.20342813854469236,0.0033578445355878063,1,2.0,msp,0.7,0.2089983186687953,0.0033578445355878063,0.0033578445355878063,0,1->1,1,1.0,1.0,1.0
officehome_convnext_frozen__split00__seed3,officehome,frozen,,convnext_frozen_linear,0.3,4,12,0.05,0.05,0.0010416666666666667,0.004166666666666667,9.328460388966905e-10,8,8,8,delta_c/(M J) -> delta_c/M,1,2.0,msp,0.7,0.24869017939200927,0.002438660385600302,1,2.0,msp,0.7,0.25469233858112744,0.002438660385600302,0.002438660385600302,0,1->1,1,1.0,1.0,1.0
officehome_convnext_frozen__split00__seed4,officehome,frozen,,convnext_frozen_linear,0.05,4,12,0.05,0.05,0.0010416666666666667,0.004166666666666667,0.19371148445850117,0,0,0,delta_c/(M J) -> delta_c/M,0,,,,0.0,,0,,,,0.0,,0.19371148445850117,0,0->0,1,1.0,1.0,1.0
officehome_convnext_frozen__split00__seed4,officehome,frozen,,convnext_frozen_linear,0.1,4,12,0.05,0.05,0.0010416666666666667,0.004166666666666667,0.025031555049932395,0,0,0,delta_c/(M J) -> delta_c/M,0,,,,0.0,,0,,,,0.0,,0.025031555049932395,0,0->0,1,1.0,1.0,1.0
officehome_convnext_frozen__split00__seed4,officehome,frozen,,convnext_frozen_linear,0.15,4,12,0.05,0.05,0.0010416666666666667,0.004166666666666667,0.009192698732904602,0,0,0,delta_c/(M J) -> delta_c/M,0,,,,0.0,,0,,,,0.0,,0.009192698732904602,0,0->0,1,1.0,1.0,1.0
officehome_convnext_frozen__split00__seed4,officehome,frozen,,convnext_frozen_linear,0.2,4,12,0.05,0.05,0.0010416666666666667,0.004166666666666667,0.0007918326247747518,7,7,7,delta_c/(M J) -> delta_c/M,1,10.0,margin,0.7,0.1598242743739352,0.005882134900976713,1,10.0,margin,0.7,0.16487328752544197,0.005882134900976713,0.005882134900976713,0,1->1,1,1.0,1.0,1.0
officehome_convnext_frozen__split00__seed4,officehome,frozen,,convnext_frozen_linear,0.25,4,12,0.05,0.05,0.0010416666666666667,0.004166666666666667,4.379123001174542e-06,7,7,7,delta_c/(M J) -> delta_c/M,1,10.0,margin,0.7,0.19769868464691298,0.007095166279855497,1,10.0,margin,0.7,0.20320682699896486,0.007095166279855497,0.007095166279855497,0,1->1,1,1.0,1.0,1.0
officehome_convnext_frozen__split00__seed4,officehome,frozen,,convnext_frozen_linear,0.3,4,12,0.05,0.05,0.0010416666666666667,0.004166666666666667,1.6538068708308754e-08,7,7,7,delta_c/(M J) -> delta_c/M,1,2.0,msp,0.7,0.24675119615289628,0.0019851993473275777,1,2.0,msp,0.7,0.25273680563550166,0.0019851993473275777,0.0019851993473275777,0,1->1,1,1.0,1.0,1.0
officehome_convnext_frozen__split01__seed0,officehome,frozen,,convnext_frozen_linear,0.05,4,12,0.05,0.05,0.0010416666666666667,0.004166666666666667,0.41908665231680853,0,0,0,delta_c/(M J) -> delta_c/M,0,,,,0.0,,0,,,,0.0,,0.41908665231680853,0,0->0,1,1.0,1.0,1.0
officehome_convnext_frozen__split01__seed0,officehome,frozen,,convnext_frozen_linear,0.1,4,12,0.05,0.05,0.0010416666666666667,0.004166666666666667,0.051856420446871526,0,0,0,delta_c/(M J) -> delta_c/M,0,,,,0.0,,0,,,,0.0,,0.051856420446871526,0,0->0,1,1.0,1.0,1.0
officehome_convnext_frozen__split01__seed0,officehome,frozen,,convnext_frozen_linear,0.15,4,12,0.05,0.05,0.0010416666666666667,0.004166666666666667,0.0018658495138127703,2,2,2,delta_c/(M J) -> delta_c/M,1,8.0,margin,0.3,0.0781501561684631,0.0018658495138127703,1,8.0,margin,0.3,0.08177568525115343,0.0018658495138127703,0.0018658495138127703,0,1->1,1,1.0,1.0,1.0
officehome_convnext_frozen__split01__seed0,officehome,frozen,,convnext_frozen_linear,0.2,4,12,0.05,0.05,0.0010416666666666667,0.004166666666666667,3.523467924449053e-05,6,6,6,delta_c/(M J) -> delta_c/M,1,1.0,msp,0.5,0.10841604596301321,0.0005375257882905113,1,1.0,msp,0.5,0.11264370341895173,0.0005375257882905113,0.0005375257882905113,0,1->1,1,1.0,1.0,1.0
officehome_convnext_frozen__split01__seed0,officehome,frozen,,convnext_frozen_linear,0.25,4,12,0.05,0.05,0.0010416666666666667,0.004166666666666667,7.851022695257664e-07,6,6,6,delta_c/(M J) -> delta_c/M,1,1.0,msp,0.5,0.12655693915700472,0.00019256818034533353,1,1.0,msp,0.5,0.13109126848917216,0.00019256818034533353,0.00019256818034533353,0,1->1,1,1.0,1.0,1.0
officehome_convnext_frozen__split01__seed0,officehome,frozen,,convnext_frozen_linear,0.3,4,12,0.05,0.05,0.0010416666666666667,0.004166666666666667,1.6355142662037684e-09,6,6,6,delta_c/(M J) -> delta_c/M,1,1.0,msp,0.5,0.15228636161537748,0.0004978908967667602,1,1.0,msp,0.5,0.1572031550471163,0.0004978908967667602,0.0004978908967667602,0,1->1,1,1.0,1.0,1.0
officehome_convnext_frozen__split01__seed1,officehome,frozen,,convnext_frozen_linear,0.05,4,12,0.05,0.05,0.0010416666666666667,0.004166666666666667,0.2521366926453672,0,0,0,delta_c/(M J) -> delta_c/M,0,,,,0.0,,0,,,,0.0,,0.2521366926453672,0,0->0,1,1.0,1.0,1.0
officehome_convnext_frozen__split01__seed1,officehome,frozen,,convnext_frozen_linear,0.1,4,12,0.05,0.05,0.0010416666666666667,0.004166666666666667,0.03590465984092843,0,0,0,delta_c/(M J) -> delta_c/M,0,,,,0.0,,0,,,,0.0,,0.03590465984092843,0,0->0,1,1.0,1.0,1.0
officehome_convnext_frozen__split01__seed1,officehome,frozen,,convnext_frozen_linear,0.15,4,12,0.05,0.05,0.0010416666666666667,0.004166666666666667,0.0014483453914404475,2,2,2,delta_c/(M J) -> delta_c/M,1,0.0,msp,0.3,0.08342978254141738,0.0014483453914404475,1,0.0,msp,0.3,0.08717020561970676,0.0014483453914404475,0.0014483453914404475,0,1->1,1,1.0,1.0,1.0
officehome_convnext_frozen__split01__seed1,officehome,frozen,,convnext_frozen_linear,0.2,4,12,0.05,0.05,0.0010416666666666667,0.004166666666666667,4.682327834341897e-05,5,5,5,delta_c/(M J) -> delta_c/M,1,1.0,msp,0.5,0.12109208768870965,0.005044014579307204,1,1.0,msp,0.5,0.12553760042357556,0.005044014579307204,0.005044014579307204,0,1->1,1,1.0,1.0,1.0
officehome_convnext_frozen__split01__seed1,officehome,frozen,,convnext_frozen_linear,0.25,4,12,0.05,0.05,0.0010416666666666667,0.004166666666666667,1.260852284234211e-07,6,6,6,delta_c/(M J) -> delta_c/M,1,9.0,margin,0.5,0.13295537122941017,0.0001489681835083819,1,9.0,margin,0.5,0.1375901065099673,0.0001489681835083819,0.0001489681835083819,0,1->1,1,1.0,1.0,1.0
officehome_convnext_frozen__split01__seed1,officehome,frozen,,convnext_frozen_linear,0.3,4,12,0.05,0.05,0.0010416666666666667,0.004166666666666667,1.0475442208053922e-08,6,6,6,delta_c/(M J) -> delta_c/M,1,1.0,msp,0.5,0.16620766923697997,0.00026439107185227413,1,1.0,msp,0.5,0.1713099022778567,0.00026439107185227413,0.00026439107185227413,0,1->1,1,1.0,1.0,1.0
officehome_convnext_frozen__split01__seed2,officehome,frozen,,convnext_frozen_linear,0.05,4,12,0.05,0.05,0.0010416666666666667,0.004166666666666667,0.6847764676179335,0,0,0,delta_c/(M J) -> delta_c/M,0,,,,0.0,,0,,,,0.0,,0.6847764676179335,0,0->0,1,1.0,1.0,1.0
officehome_convnext_frozen__split01__seed2,officehome,frozen,,convnext_frozen_linear,0.1,4,12,0.05,0.05,0.0010416666666666667,0.004166666666666667,0.040030996011836635,0,0,0,delta_c/(M J) -> delta_c/M,0,,,,0.0,,0,,,,0.0,,0.040030996011836635,0,0->0,1,1.0,1.0,1.0
officehome_convnext_frozen__split01__seed2,officehome,frozen,,convnext_frozen_linear,0.15,4,12,0.05,0.05,0.0010416666666666667,0.004166666666666667,0.0017447095493734978,2,2,2,delta_c/(M J) -> delta_c/M,1,8.0,margin,0.3,0.07639696747266002,0.0017447095493734978,1,8.0,margin,0.3,0.07998325958018164,0.0017447095493734978,0.0017447095493734978,0,1->1,1,1.0,1.0,1.0
officehome_convnext_frozen__split01__seed2,officehome,frozen,,convnext_frozen_linear,0.2,4,12,0.05,0.05,0.0010416666666666667,0.004166666666666667,0.00019238887541145447,5,5,5,delta_c/(M J) -> delta_c/M,1,9.0,margin,0.5,0.11112304225492203,0.0019847143595408036,1,9.0,margin,0.5,0.11539869382844158,0.0019847143595408036,0.0019847143595408036,0,1->1,1,1.0,1.0,1.0
officehome_convnext_frozen__split01__seed2,officehome,frozen,,convnext_frozen_linear,0.25,4,12,0.05,0.05,0.0010416666666666667,0.004166666666666667,2.342134319669483e-06,6,6,6,delta_c/(M J) -> delta_c/M,1,9.0,margin,0.5,0.13203985270980853,0.00017317698653069447,1,9.0,margin,0.5,0.13666044990345305,0.00017317698653069447,0.00017317698653069447,0,1->1,1,1.0,1.0,1.0
officehome_convnext_frozen__split01__seed2,officehome,frozen,,convnext_frozen_linear,0.3,4,12,0.05,0.05,0.0010416666666666667,0.004166666666666667,2.789907654491375e-09,6,6,6,delta_c/(M J) -> delta_c/M,1,1.0,msp,0.5,0.15877187180467603,0.00011496932494421748,1,1.0,msp,0.5,0.16377677268288282,0.00011496932494421748,0.00011496932494421748,0,1->1,1,1.0,1.0,1.0
officehome_convnext_frozen__split01__seed3,officehome,frozen,,convnext_frozen_linear,0.05,4,12,0.05,0.05,0.0010416666666666667,0.004166666666666667,0.22593554099256588,0,0,0,delta_c/(M J) -> delta_c/M,0,,,,0.0,,0,,,,0.0,,0.22593554099256588,0,0->0,1,1.0,1.0,1.0
officehome_convnext_frozen__split01__seed3,officehome,frozen,,convnext_frozen_linear,0.1,4,12,0.05,0.05,0.0010416666666666667,0.004166666666666667,0.07185457816235803,0,0,0,delta_c/(M J) -> delta_c/M,0,,,,0.0,,0,,,,0.0,,0.07185457816235803,0,0->0,1,1.0,1.0,1.0
officehome_convnext_frozen__split01__seed3,officehome,frozen,,convnext_frozen_linear,0.15,4,12,0.05,0.05,0.0010416666666666667,0.004166666666666667,0.0023995380256450942,2,2,2,delta_c/(M J) -> delta_c/M,1,0.0,msp,0.3,0.08608038905949243,0.002993543369807362,1,0.0,msp,0.3,0.08987674273586933,0.002993543369807362,0.002993543369807362,0,1->1,1,1.0,1.0,1.0
officehome_convnext_frozen__split01__seed3,officehome,frozen,,convnext_frozen_linear,0.2,4,12,0.05,0.05,0.0010416666666666667,0.004166666666666667,7.991879671517778e-06,6,6,6,delta_c/(M J) -> delta_c/M,1,1.0,msp,0.5,0.11745931237487643,0.003918036271961474,1,1.0,msp,0.5,0.12184413866224596,0.003918036271961474,0.003918036271961474,0,1->1,1,1.0,1.0,1.0
officehome_convnext_frozen__split01__seed3,officehome,frozen,,convnext_frozen_linear,0.25,4,12,0.05,0.05,0.0010416666666666667,0.004166666666666667,5.172507679730813e-07,6,6,6,delta_c/(M J) -> delta_c/M,1,1.0,msp,0.5,0.13662217349039896,6.0196854680318615e-05,1,1.0,msp,0.5,0.14131279362267224,6.0196854680318615e-05,6.0196854680318615e-05,0,1->1,1,1.0,1.0,1.0
officehome_convnext_frozen__split01__seed3,officehome,frozen,,convnext_frozen_linear,0.3,4,12,0.05,0.05,0.0010416666666666667,0.004166666666666667,8.077746709346749e-10,6,6,6,delta_c/(M J) -> delta_c/M,1,1.0,msp,0.5,0.16807045592836395,6.672491653886965e-05,1,1.0,msp,0.5,0.17319647949790945,6.672491653886965e-05,6.672491653886965e-05,0,1->1,1,1.0,1.0,1.0
officehome_convnext_frozen__split01__seed4,officehome,frozen,,convnext_frozen_linear,0.05,4,12,0.05,0.05,0.0010416666666666667,0.004166666666666667,0.20024476494792756,0,0,0,delta_c/(M J) -> delta_c/M,0,,,,0.0,,0,,,,0.0,,0.20024476494792756,0,0->0,1,1.0,1.0,1.0
officehome_convnext_frozen__split01__seed4,officehome,frozen,,convnext_frozen_linear,0.1,4,12,0.05,0.05,0.0010416666666666667,0.004166666666666667,0.05639297958777391,0,0,0,delta_c/(M J) -> delta_c/M,0,,,,0.0,,0,,,,0.0,,0.05639297958777391,0,0->0,1,1.0,1.0,1.0
officehome_convnext_frozen__split01__seed4,officehome,frozen,,convnext_frozen_linear,0.15,4,12,0.05,0.05,0.0010416666666666667,0.004166666666666667,0.0021590846277024,2,2,2,delta_c/(M J) -> delta_c/M,1,0.0,msp,0.3,0.08342978254141738,0.0023995380256450942,1,0.0,msp,0.3,0.08717020561970676,0.0023995380256450942,0.0023995380256450942,0,1->1,1,1.0,1.0,1.0
officehome_convnext_frozen__split01__seed4,officehome,frozen,,convnext_frozen_linear,0.2,4,12,0.05,0.05,0.0010416666666666667,0.004166666666666667,2.200608019181487e-05,6,6,6,delta_c/(M J) -> delta_c/M,1,1.0,msp,0.5,0.11745931237487643,0.003918036271961474,1,1.0,msp,0.5,0.12184413866224596,0.003918036271961474,0.003918036271961474,0,1->1,1,1.0,1.0,1.0
officehome_convnext_frozen__split01__seed4,officehome,frozen,,convnext_frozen_linear,0.25,4,12,0.05,0.05,0.0010416666666666667,0.004166666666666667,1.9159639093930786e-06,5,5,5,delta_c/(M J) -> delta_c/M,1,1.0,msp,0.5,0.13570477040934195,9.43550288419123e-05,1,1.0,msp,0.5,0.14038151851259884,9.43550288419123e-05,9.43550288419123e-05,0,1->1,1,1.0,1.0,1.0
officehome_convnext_frozen__split01__seed4,officehome,frozen,,convnext_frozen_linear,0.3,4,12,0.05,0.05,0.0010416666666666667,0.004166666666666667,2.071680929483962e-09,6,6,6,delta_c/(M J) -> delta_c/M,1,1.0,msp,0.5,0.15598993745924208,9.601056163682064e-05,1,1.0,msp,0.5,0.1609574214268062,9.601056163682064e-05,9.601056163682064e-05,0,1->1,1,1.0,1.0,1.0
officehome_convnext_frozen__split02__seed0,officehome,frozen,,convnext_frozen_linear,0.05,4,12,0.05,0.05,0.0010416666666666667,0.004166666666666667,0.22793974409833118,0,0,0,delta_c/(M J) -> delta_c/M,0,,,,0.0,,0,,,,0.0,,0.22793974409833118,0,0->0,1,1.0,1.0,1.0
officehome_convnext_frozen__split02__seed0,officehome,frozen,,convnext_frozen_linear,0.1,4,12,0.05,0.05,0.0010416666666666667,0.004166666666666667,0.11342729013059909,0,0,0,delta_c/(M J) -> delta_c/M,0,,,,0.0,,0,,,,0.0,,0.11342729013059909,0,0->0,1,1.0,1.0,1.0
officehome_convnext_frozen__split02__seed0,officehome,frozen,,convnext_frozen_linear,0.15,4,12,0.05,0.05,0.0010416666666666667,0.004166666666666667,0.0019526935163775682,2,2,2,delta_c/(M J) -> delta_c/M,1,8.0,margin,0.3,0.09434393508739447,0.0019526935163775682,1,8.0,margin,0.3,0.09833130538565205,0.0019526935163775682,0.0019526935163775682,0,1->1,1,1.0,1.0,1.0
officehome_convnext_frozen__split02__seed0,officehome,frozen,,convnext_frozen_linear,0.2,4,12,0.05,0.05,0.0010416666666666667,0.004166666666666667,2.874189904865534e-05,3,3,3,delta_c/(M J) -> delta_c/M,1,8.0,margin,0.3,0.10430438210492293,6.005475971760611e-05,1,8.0,margin,0.3,0.10848222869462218,6.005475971760611e-05,6.005475971760611e-05,0,1->1,1,1.0,1.0,1.0
officehome_convnext_frozen__split02__seed0,officehome,frozen,,convnext_frozen_linear,0.25,4,12,0.05,0.05,0.0010416666666666667,0.004166666666666667,2.200101746865173e-07,5,5,5,delta_c/(M J) -> delta_c/M,1,1.0,msp,0.5,0.16546729749011135,0.003541899729212318,1,1.0,msp,0.5,0.17059057306897685,0.003541899729212318,0.003541899729212318,0,1->1,1,1.0,1.0,1.0
officehome_convnext_frozen__split02__seed0,officehome,frozen,,convnext_frozen_linear,0.3,4,12,0.05,0.05,0.0010416666666666667,0.004166666666666667,8.614917523021358e-09,8,8,8,delta_c/(M J) -> delta_c/M,1,2.0,msp,0.7,0.2506302508369145,0.00446962703833768,1,2.0,msp,0.7,0.2566488055796285,0.00446962703833768,0.00446962703833768,0,1->1,1,1.0,1.0,1.0
officehome_convnext_frozen__split02__seed1,officehome,frozen,,convnext_frozen_linear,0.05,4,12,0.05,0.05,0.0010416666666666667,0.004166666666666667,0.26930741346849607,0,0,0,delta_c/(M J) -> delta_c/M,0,,,,0.0,,0,,,,0.0,,0.26930741346849607,0,0->0,1,1.0,1.0,1.0
officehome_convnext_frozen__split02__seed1,officehome,frozen,,convnext_frozen_linear,0.1,4,12,0.05,0.05,0.0010416666666666667,0.004166666666666667,0.04546436058783519,0,0,0,delta_c/(M J) -> delta_c/M,0,,,,0.0,,0,,,,0.0,,0.04546436058783519,0,0->0,1,1.0,1.0,1.0
officehome_convnext_frozen__split02__seed1,officehome,frozen,,convnext_frozen_linear,0.15,4,12,0.05,0.05,0.0010416666666666667,0.004166666666666667,0.002216855484773556,2,2,2,delta_c/(M J) -> delta_c/M,1,8.0,margin,0.3,0.08984426564984074,0.002216855484773556,1,8.0,margin,0.3,0.0937411429953425,0.002216855484773556,0.002216855484773556,0,1->1,1,1.0,1.0,1.0
officehome_convnext_frozen__split02__seed1,officehome,frozen,,convnext_frozen_linear,0.2,4,12,0.05,0.05,0.0010416666666666667,0.004166666666666667,0.00011509320133217582,6,6,6,delta_c/(M J) -> delta_c/M,1,1.0,msp,0.5,0.13647543606356213,0.004366689848727484,1,1.0,msp,0.5,0.14119188425097903,0.004366689848727484,0.004366689848727484,0,1->1,1,1.0,1.0,1.0
officehome_convnext_frozen__split02__seed1,officehome,frozen,,convnext_frozen_linear,0.25,4,12,0.05,0.05,0.0010416666666666667,0.004166666666666667,2.0811580802083613e-06,7,7,7,delta_c/(M J) -> delta_c/M,1,2.0,msp,0.7,0.21204401302125492,0.006397980662655973,1,2.0,msp,0.7,0.21770417941240752,0.006397980662655973,0.006397980662655973,0,1->1,1,1.0,1.0,1.0
officehome_convnext_frozen__split02__seed1,officehome,frozen,,convnext_frozen_linear,0.3,4,12,0.05,0.05,0.0010416666666666667,0.004166666666666667,2.433420610845761e-09,8,8,8,delta_c/(M J) -> delta_c/M,1,2.0,msp,0.7,0.25354238392218953,0.004846118642386767,1,2.0,msp,0.7,0.2595852449980124,0.004846118642386767,0.004846118642386767,0,1->1,1,1.0,1.0,1.0
officehome_convnext_frozen__split02__seed2,officehome,frozen,,convnext_frozen_linear,0.05,4,12,0.05,0.05,0.0010416666666666667,0.004166666666666667,0.37735360253530764,0,0,0,delta_c/(M J) -> delta_c/M,0,,,,0.0,,0,,,,0.0,,0.37735360253530764,0,0->0,1,1.0,1.0,1.0
officehome_convnext_frozen__split02__seed2,officehome,frozen,,convnext_frozen_linear,0.1,4,12,0.05,0.05,0.0010416666666666667,0.004166666666666667,0.07185457816235803,0,0,0,delta_c/(M J) -> delta_c/M,0,,,,0.0,,0,,,,0.0,,0.07185457816235803,0,0->0,1,1.0,1.0,1.0
officehome_convnext_frozen__split02__seed2,officehome,frozen,,convnext_frozen_linear,0.15,4,12,0.05,0.05,0.0010416666666666667,0.004166666666666667,0.002188352960404786,1,1,1,delta_c/(M J) -> delta_c/M,1,8.0,margin,0.3,0.08446946137079649,0.002188352960404786,1,8.0,margin,0.3,0.08825426031172215,0.002188352960404786,0.002188352960404786,0,1->1,1,1.0,1.0,1.0
officehome_convnext_frozen__split02__seed2,officehome,frozen,,convnext_frozen_linear,0.2,4,12,0.05,0.05,0.0010416666666666667,0.004166666666666667,0.0002975665477570582,3,3,3,delta_c/(M J) -> delta_c/M,1,0.0,msp,0.3,0.11342635309007369,0.0002975665477570582,1,0.0,msp,0.3,0.11776792156769948,0.0002975665477570582,0.0002975665477570582,0,1->1,1,1.0,1.0,1.0
officehome_convnext_frozen__split02__seed2,officehome,frozen,,convnext_frozen_linear,0.25,4,12,0.05,0.05,0.0010416666666666667,0.004166666666666667,1.1433769738899462e-05,5,5,5,delta_c/(M J) -> delta_c/M,1,9.0,margin,0.5,0.16076377661185226,0.0006707146689349131,1,9.0,margin,0.5,0.16582530840942228,0.0006707146689349131,0.0006707146689349131,0,1->1,1,1.0,1.0,1.0
officehome_convnext_frozen__split02__seed2,officehome,frozen,,convnext_frozen_linear,0.3,4,12,0.05,0.05,0.0010416666666666667,0.004166666666666667,1.270436667354001e-07,7,7,7,delta_c/(M J) -> delta_c/M,1,10.0,margin,0.7,0.25160069255936673,0.0033450508033033245,1,10.0,margin,0.7,0.2576273875643339,0.0033450508033033245,0.0033450508033033245,0,1->1,1,1.0,1.0,1.0
officehome_convnext_frozen__split02__seed3,officehome,frozen,,convnext_frozen_linear,0.05,4,12,0.05,0.05,0.0010416666666666667,0.004166666666666667,0.17046977370146893,0,0,0,delta_c/(M J) -> delta_c/M,0,,,,0.0,,0,,,,0.0,,0.17046977370146893,0,0->0,1,1.0,1.0,1.0
officehome_convnext_frozen__split02__seed3,officehome,frozen,,convnext_frozen_linear,0.1,4,12,0.05,0.05,0.0010416666666666667,0.004166666666666667,0.013777078966010659,0,0,0,delta_c/(M J) -> delta_c/M,0,,,,0.0,,0,,,,0.0,,0.013777078966010659,0,0->0,1,1.0,1.0,1.0
officehome_convnext_frozen__split02__seed3,officehome,frozen,,convnext_frozen_linear,0.15,4,12,0.05,0.05,0.0010416666666666667,0.004166666666666667,0.0012857001452833631,1,1,1,delta_c/(M J) -> delta_c/M,1,8.0,margin,0.3,0.08090216730613152,0.0012857001452833631,1,8.0,margin,0.3,0.08461001183056724,0.0012857001452833631,0.0012857001452833631,0,1->1,1,1.0,1.0,1.0
officehome_convnext_frozen__split02__seed3,officehome,frozen,,convnext_frozen_linear,0.2,4,12,0.05,0.05,0.0010416666666666667,0.004166666666666667,0.00012026090946367623,4,4,4,delta_c/(M J) -> delta_c/M,1,9.0,margin,0.5,0.1374039869406763,0.003342874889448069,1,9.0,margin,0.5,0.142134500760151,0.003342874889448069,0.003342874889448069,0,1->1,1,1.0,1.0,1.0
officehome_convnext_frozen__split02__seed3,officehome,frozen,,convnext_frozen_linear,0.25,4,12,0.05,0.05,0.0010416666666666667,0.004166666666666667,7.973607664228181e-07,4,4,4,delta_c/(M J) -> delta_c/M,1,1.0,msp,0.5,0.15794649055306612,0.0004851213897182332,1,1.0,msp,0.5,0.1629702938944744,0.0004851213897182332,0.0004851213897182332,0,1->1,1,1.0,1.0,1.0
officehome_convnext_frozen__split02__seed3,officehome,frozen,,convnext_frozen_linear,0.3,4,12,0.05,0.05,0.0010416666666666667,0.004166666666666667,2.0947733313314312e-08,8,8,8,delta_c/(M J) -> delta_c/M,1,2.0,msp,0.7,0.26326679458513774,0.007999760029800991,1,2.0,msp,0.7,0.2693882257738037,0.007999760029800991,0.007999760029800991,0,1->1,1,1.0,1.0,1.0
officehome_convnext_frozen__split02__seed4,officehome,frozen,,convnext_frozen_linear,0.05,4,12,0.05,0.05,0.0010416666666666667,0.004166666666666667,0.23782688525533252,0,0,0,delta_c/(M J) -> delta_c/M,0,,,,0.0,,0,,,,0.0,,0.23782688525533252,0,0->0,1,1.0,1.0,1.0
officehome_convnext_frozen__split02__seed4,officehome,frozen,,convnext_frozen_linear,0.1,4,12,0.05,0.05,0.0010416666666666667,0.004166666666666667,0.0337858596924319,0,0,0,delta_c/(M J) -> delta_c/M,0,,,,0.0,,0,,,,0.0,,0.0337858596924319,0,0->0,1,1.0,1.0,1.0
officehome_convnext_frozen__split02__seed4,officehome,frozen,,convnext_frozen_linear,0.15,4,12,0.05,0.05,0.0010416666666666667,0.004166666666666667,0.0011388588619975736,2,2,2,delta_c/(M J) -> delta_c/M,1,0.0,msp,0.3,0.0907427352034947,0.0011388588619975736,1,0.0,msp,0.3,0.09465791708861675,0.0011388588619975736,0.0011388588619975736,0,1->1,1,1.0,1.0,1.0
officehome_convnext_frozen__split02__seed4,officehome,frozen,,convnext_frozen_linear,0.2,4,12,0.05,0.05,0.0010416666666666667,0.004166666666666667,4.0163805183017837e-05,3,3,3,delta_c/(M J) -> delta_c/M,1,8.0,margin,0.3,0.10339558373024353,0.0002028355360801006,1,8.0,margin,0.3,0.10755657933854514,0.0002028355360801006,0.0002028355360801006,0,1->1,1,1.0,1.0,1.0
officehome_convnext_frozen__split02__seed4,officehome,frozen,,convnext_frozen_linear,0.25,4,12,0.05,0.05,0.0010416666666666667,0.004166666666666667,7.764362920737093e-06,5,5,5,delta_c/(M J) -> delta_c/M,1,1.0,msp,0.5,0.1626439899305233,0.001327743142303666,1,1.0,msp,0.5,0.1677303881607597,0.001327743142303666,0.001327743142303666,0,1->1,1,1.0,1.0,1.0
officehome_convnext_frozen__split02__seed4,officehome,frozen,,convnext_frozen_linear,0.3,4,12,0.05,0.05,0.0010416666666666667,0.004166666666666667,6.226707900480329e-08,6,6,6,delta_c/(M J) -> delta_c/M,1,1.0,msp,0.5,0.19483840929708873,7.675674746485055e-05,1,1.0,msp,0.5,0.20031490279982644,7.675674746485055e-05,7.675674746485055e-05,0,1->1,1,1.0,1.0,1.0
officehome_convnext_frozen__split03__seed0,officehome,frozen,,convnext_frozen_linear,0.05,4,12,0.05,0.05,0.0010416666666666667,0.004166666666666667,0.540360087662637,0,0,0,delta_c/(M J) -> delta_c/M,0,,,,0.0,,0,,,,0.0,,0.540360087662637,0,0->0,1,1.0,1.0,1.0
officehome_convnext_frozen__split03__seed0,officehome,frozen,,convnext_frozen_linear,0.1,4,12,0.05,0.05,0.0010416666666666667,0.004166666666666667,0.19845848341835878,0,0,0,delta_c/(M J) -> delta_c/M,0,,,,0.0,,0,,,,0.0,,0.19845848341835878,0,0->0,1,1.0,1.0,1.0
officehome_convnext_frozen__split03__seed0,officehome,frozen,,convnext_frozen_linear,0.15,4,12,0.05,0.05,0.0010416666666666667,0.004166666666666667,0.02031481654225379,0,0,0,delta_c/(M J) -> delta_c/M,0,,,,0.0,,0,,,,0.0,,0.02031481654225379,0,0->0,1,1.0,1.0,1.0
officehome_convnext_frozen__split03__seed0,officehome,frozen,,convnext_frozen_linear,0.2,4,12,0.05,0.05,0.0010416666666666667,0.004166666666666667,0.0019056396431406221,2,2,2,delta_c/(M J) -> delta_c/M,1,1.0,msp,0.5,0.09684548417069823,0.0019056396431406221,1,1.0,msp,0.5,0.10080783630012616,0.0019056396431406221,0.0019056396431406221,0,1->1,1,1.0,1.0,1.0
officehome_convnext_frozen__split03__seed0,officehome,frozen,,convnext_frozen_linear,0.25,4,12,0.05,0.05,0.0010416666666666667,0.004166666666666667,2.9326368014278882e-05,6,6,6,delta_c/(M J) -> delta_c/M,1,2.0,msp,0.7,0.18279895380619143,0.002874195101626598,1,2.0,msp,0.7,0.18803799168241875,0.002874195101626598,0.002874195101626598,0,1->1,1,1.0,1.0,1.0
officehome_convnext_frozen__split03__seed0,officehome,frozen,,convnext_frozen_linear,0.3,4,12,0.05,0.05,0.0010416666666666667,0.004166666666666667,5.057397182480249e-08,8,8,8,delta_c/(M J) -> delta_c/M,1,10.0,margin,0.7,0.20206815076404872,0.0003494456987370514,1,10.0,margin,0.7,0.20752047219463152,0.0003494456987370514,0.0003494456987370514,0,1->1,1,1.0,1.0,1.0
officehome_convnext_frozen__split03__seed1,officehome,frozen,,convnext_frozen_linear,0.05,4,12,0.05,0.05,0.0010416666666666667,0.004166666666666667,0.6981513338906363,0,0,0,delta_c/(M J) -> delta_c/M,0,,,,0.0,,0,,,,0.0,,0.6981513338906363,0,0->0,1,1.0,1.0,1.0
officehome_convnext_frozen__split03__seed1,officehome,frozen,,convnext_frozen_linear,0.1,4,12,0.05,0.05,0.0010416666666666667,0.004166666666666667,0.19810130131618128,0,0,0,delta_c/(M J) -> delta_c/M,0,,,,0.0,,0,,,,0.0,,0.19810130131618128,0,0->0,1,1.0,1.0,1.0
officehome_convnext_frozen__split03__seed1,officehome,frozen,,convnext_frozen_linear,0.15,4,12,0.05,0.05,0.0010416666666666667,0.004166666666666667,0.025894706206827607,0,0,0,delta_c/(M J) -> delta_c/M,0,,,,0.0,,0,,,,0.0,,0.025894706206827607,0,0->0,1,1.0,1.0,1.0
officehome_convnext_frozen__split03__seed1,officehome,frozen,,convnext_frozen_linear,0.2,4,12,0.05,0.05,0.0010416666666666667,0.004166666666666667,0.004012899238082166,1,1,1,delta_c/(M J) -> delta_c/M,1,9.0,margin,0.5,0.09859024147550008,0.004012899238082166,1,9.0,margin,0.5,0.10258567295674449,0.004012899238082166,0.004012899238082166,0,1->1,1,1.0,1.0,1.0
officehome_convnext_frozen__split03__seed1,officehome,frozen,,convnext_frozen_linear,0.25,4,12,0.05,0.05,0.0010416666666666667,0.004166666666666667,4.729089864051555e-05,7,7,7,delta_c/(M J) -> delta_c/M,1,2.0,msp,0.7,0.17003172554956664,0.005322020768861207,1,2.0,msp,0.7,0.17511740884771274,0.005322020768861207,0.005322020768861207,0,1->1,1,1.0,1.0,1.0
officehome_convnext_frozen__split03__seed1,officehome,frozen,,convnext_frozen_linear,0.3,4,12,0.05,0.05,0.0010416666666666667,0.004166666666666667,5.34327254296864e-07,8,8,8,delta_c/(M J) -> delta_c/M,1,2.0,msp,0.7,0.21036707700726767,0.0027743888848050097,1,2.0,msp,0.7,0.2159050442453721,0.0027743888848050097,0.0027743888848050097,0,1->1,1,1.0,1.0,1.0
officehome_convnext_frozen__split03__seed2,officehome,frozen,,convnext_frozen_linear,0.05,4,12,0.05,0.05,0.0010416666666666667,0.004166666666666667,0.598736939238379,0,0,0,delta_c/(M J) -> delta_c/M,0,,,,0.0,,0,,,,0.0,,0.598736939238379,0,0->0,1,1.0,1.0,1.0
officehome_convnext_frozen__split03__seed2,officehome,frozen,,convnext_frozen_linear,0.1,4,12,0.05,0.05,0.0010416666666666667,0.004166666666666667,0.20905113199726788,0,0,0,delta_c/(M J) -> delta_c/M,0,,,,0.0,,0,,,,0.0,,0.20905113199726788,0,0->0,1,1.0,1.0,1.0
officehome_convnext_frozen__split03__seed2,officehome,frozen,,convnext_frozen_linear,0.15,4,12,0.05,0.05,0.0010416666666666667,0.004166666666666667,0.02031481654225379,0,0,0,delta_c/(M J) -> delta_c/M,0,,,,0.0,,0,,,,0.0,,0.02031481654225379,0,0->0,1,1.0,1.0,1.0
officehome_convnext_frozen__split03__seed2,officehome,frozen,,convnext_frozen_linear,0.2,4,12,0.05,0.05,0.0010416666666666667,0.004166666666666667,0.0016844676421639833,3,3,3,delta_c/(M J) -> delta_c/M,1,1.0,msp,0.5,0.09771755078479816,0.0016844676421639833,1,1.0,msp,0.5,0.10169648653141945,0.0016844676421639833,0.0016844676421639833,0,1->1,1,1.0,1.0,1.0
officehome_convnext_frozen__split03__seed2,officehome,frozen,,convnext_frozen_linear,0.25,4,12,0.05,0.05,0.0010416666666666667,0.004166666666666667,4.898104934097491e-05,5,5,5,delta_c/(M J) -> delta_c/M,1,9.0,margin,0.5,0.13216366504672108,0.0009074623887414091,1,9.0,margin,0.5,0.13672797371489295,0.0009074623887414091,0.0009074623887414091,0,1->1,1,1.0,1.0,1.0
officehome_convnext_frozen__split03__seed2,officehome,frozen,,convnext_frozen_linear,0.3,4,12,0.05,0.05,0.0010416666666666667,0.004166666666666667,2.2200365268823723e-07,8,8,8,delta_c/(M J) -> delta_c/M,1,10.0,margin,0.7,0.19471144491572986,0.003242706925218136,1,10.0,margin,0.7,0.20008478857099823,0.003242706925218136,0.003242706925218136,0,1->1,1,1.0,1.0,1.0
officehome_convnext_frozen__split03__seed3,officehome,frozen,,convnext_frozen_linear,0.05,4,12,0.05,0.05,0.0010416666666666667,0.004166666666666667,0.67942044444479,0,0,0,delta_c/(M J) -> delta_c/M,0,,,,0.0,,0,,,,0.0,,0.67942044444479,0,0->0,1,1.0,1.0,1.0
officehome_convnext_frozen__split03__seed3,officehome,frozen,,convnext_frozen_linear,0.1,4,12,0.05,0.05,0.0010416666666666667,0.004166666666666667,0.2536697788760154,0,0,0,delta_c/(M J) -> delta_c/M,0,,,,0.0,,0,,,,0.0,,0.2536697788760154,0,0->0,1,1.0,1.0,1.0
officehome_convnext_frozen__split03__seed3,officehome,frozen,,convnext_frozen_linear,0.15,4,12,0.05,0.05,0.0010416666666666667,0.004166666666666667,0.03840303389688097,0,0,0,delta_c/(M J) -> delta_c/M,0,,,,0.0,,0,,,,0.0,,0.03840303389688097,0,0->0,1,1.0,1.0,1.0
officehome_convnext_frozen__split03__seed3,officehome,frozen,,convnext_frozen_linear,0.2,4,12,0.05,0.05,0.0010416666666666667,0.004166666666666667,0.0006477119637997901,3,3,3,delta_c/(M J) -> delta_c/M,1,9.0,margin,0.5,0.08816056641386183,0.0011923914231977014,1,9.0,margin,0.5,0.09195205026146365,0.0011923914231977014,0.0011923914231977014,0,1->1,1,1.0,1.0,1.0
officehome_convnext_frozen__split03__seed3,officehome,frozen,,convnext_frozen_linear,0.25,4,12,0.05,0.05,0.0010416666666666667,0.004166666666666667,0.00011394505255141704,4,4,4,delta_c/(M J) -> delta_c/M,1,9.0,margin,0.5,0.12948679261823773,0.000817894743032164,1,9.0,margin,0.5,0.13400990587866182,0.000817894743032164,0.000817894743032164,0,1->1,1,1.0,1.0,1.0
officehome_convnext_frozen__split03__seed3,officehome,frozen,,convnext_frozen_linear,0.3,4,12,0.05,0.05,0.0010416666666666667,0.004166666666666667,2.977558276429987e-07,8,8,8,delta_c/(M J) -> delta_c/M,1,2.0,msp,0.7,0.20483183702995836,0.002480322378576718,1,2.0,msp,0.7,0.2103130783760386,0.002480322378576718,0.002480322378576718,0,1->1,1,1.0,1.0,1.0
officehome_convnext_frozen__split03__seed4,officehome,frozen,,convnext_frozen_linear,0.05,4,12,0.05,0.05,0.0010416666666666667,0.004166666666666667,0.7358395249438502,0,0,0,delta_c/(M J) -> delta_c/M,0,,,,0.0,,0,,,,0.0,,0.7358395249438502,0,0->0,1,1.0,1.0,1.0
officehome_convnext_frozen__split03__seed4,officehome,frozen,,convnext_frozen_linear,0.1,4,12,0.05,0.05,0.0010416666666666667,0.004166666666666667,0.3289328821257093,0,0,0,delta_c/(M J) -> delta_c/M,0,,,,0.0,,0,,,,0.0,,0.3289328821257093,0,0->0,1,1.0,1.0,1.0
officehome_convnext_frozen__split03__seed4,officehome,frozen,,convnext_frozen_linear,0.15,4,12,0.05,0.05,0.0010416666666666667,0.004166666666666667,0.028609357763018733,0,0,0,delta_c/(M J) -> delta_c/M,0,,,,0.0,,0,,,,0.0,,0.028609357763018733,0,0->0,1,1.0,1.0,1.0
officehome_convnext_frozen__split03__seed4,officehome,frozen,,convnext_frozen_linear,0.2,4,12,0.05,0.05,0.0010416666666666667,0.004166666666666667,0.002630286468487369,3,3,3,delta_c/(M J) -> delta_c/M,1,1.0,msp,0.5,0.10033747089994884,0.002630286468487369,1,1.0,msp,0.5,0.10436563357707451,0.002630286468487369,0.002630286468487369,0,1->1,1,1.0,1.0,1.0
officehome_convnext_frozen__split03__seed4,officehome,frozen,,convnext_frozen_linear,0.25,4,12,0.05,0.05,0.0010416666666666667,0.004166666666666667,5.899897517320471e-05,5,5,5,delta_c/(M J) -> delta_c/M,1,1.0,msp,0.5,0.13573912354583603,0.0011584846375814828,1,1.0,msp,0.5,0.14035747050435052,0.0011584846375814828,0.0011584846375814828,0,1->1,1,1.0,1.0,1.0
officehome_convnext_frozen__split03__seed4,officehome,frozen,,convnext_frozen_linear,0.3,4,12,0.05,0.05,0.0010416666666666667,0.004166666666666667,1.5424460517497396e-07,8,8,8,delta_c/(M J) -> delta_c/M,1,2.0,msp,0.7,0.20852084236829171,0.0012222508776194617,1,2.0,msp,0.7,0.21404006446842505,0.0012222508776194617,0.0012222508776194617,0,1->1,1,1.0,1.0,1.0
officehome_convnext_frozen__split04__seed0,officehome,frozen,,convnext_frozen_linear,0.05,4,12,0.05,0.05,0.0010416666666666667,0.004166666666666667,0.334956655114416,0,0,0,delta_c/(M J) -> delta_c/M,0,,,,0.0,,0,,,,0.0,,0.334956655114416,0,0->0,1,1.0,1.0,1.0
officehome_convnext_frozen__split04__seed0,officehome,frozen,,convnext_frozen_linear,0.1,4,12,0.05,0.05,0.0010416666666666667,0.004166666666666667,0.09529513007509281,0,0,0,delta_c/(M J) -> delta_c/M,0,,,,0.0,,0,,,,0.0,,0.09529513007509281,0,0->0,1,1.0,1.0,1.0
officehome_convnext_frozen__split04__seed0,officehome,frozen,,convnext_frozen_linear,0.15,4,12,0.05,0.05,0.0010416666666666667,0.004166666666666667,0.011119553438204404,0,0,0,delta_c/(M J) -> delta_c/M,0,,,,0.0,,0,,,,0.0,,0.011119553438204404,0,0->0,1,1.0,1.0,1.0
officehome_convnext_frozen__split04__seed0,officehome,frozen,,convnext_frozen_linear,0.2,4,12,0.05,0.05,0.0010416666666666667,0.004166666666666667,2.4293912693709078e-05,5,5,5,delta_c/(M J) -> delta_c/M,1,1.0,msp,0.5,0.10340850508468209,0.002815173409218121,1,1.0,msp,0.5,0.10760538686160494,0.002815173409218121,0.002815173409218121,0,1->1,1,1.0,1.0,1.0
officehome_convnext_frozen__split04__seed0,officehome,frozen,,convnext_frozen_linear,0.25,4,12,0.05,0.05,0.0010416666666666667,0.004166666666666667,6.692186570232357e-08,6,6,6,delta_c/(M J) -> delta_c/M,1,9.0,margin,0.5,0.12857222145403013,0.0004851213897182332,1,9.0,margin,0.5,0.13320537383609388,0.0004851213897182332,0.0004851213897182332,0,1->1,1,1.0,1.0,1.0
officehome_convnext_frozen__split04__seed0,officehome,frozen,,convnext_frozen_linear,0.3,4,12,0.05,0.05,0.0010416666666666667,0.004166666666666667,1.2309341528942233e-10,8,8,8,delta_c/(M J) -> delta_c/M,1,2.0,msp,0.7,0.18965368840548497,0.002750478262965213,1,2.0,msp,0.7,0.19511854914743226,0.002750478262965213,0.002750478262965213,0,1->1,1,1.0,1.0,1.0
officehome_convnext_frozen__split04__seed1,officehome,frozen,,convnext_frozen_linear,0.05,4,12,0.05,0.05,0.0010416666666666667,0.004166666666666667,0.334956655114416,0,0,0,delta_c/(M J) -> delta_c/M,0,,,,0.0,,0,,,,0.0,,0.334956655114416,0,0->0,1,1.0,1.0,1.0
officehome_convnext_frozen__split04__seed1,officehome,frozen,,convnext_frozen_linear,0.1,4,12,0.05,0.05,0.0010416666666666667,0.004166666666666667,0.040297007793861014,0,0,0,delta_c/(M J) -> delta_c/M,0,,,,0.0,,0,,,,0.0,,0.040297007793861014,0,0->0,1,1.0,1.0,1.0
officehome_convnext_frozen__split04__seed1,officehome,frozen,,convnext_frozen_linear,0.15,4,12,0.05,0.05,0.0010416666666666667,0.004166666666666667,0.00643901168883766,0,0,0,delta_c/(M J) -> delta_c/M,0,,,,0.0,,0,,,,0.0,,0.00643901168883766,0,0->0,1,1.0,1.0,1.0
officehome_convnext_frozen__split04__seed1,officehome,frozen,,convnext_frozen_linear,0.2,4,12,0.05,0.05,0.0010416666666666667,0.004166666666666667,8.807653643481779e-05,5,5,5,delta_c/(M J) -> delta_c/M,1,1.0,msp,0.5,0.10248516958397023,0.0033274596494190143,1,1.0,msp,0.5,0.10666467393427347,0.0033274596494190143,0.0033274596494190143,0,1->1,1,1.0,1.0,1.0
officehome_convnext_frozen__split04__seed1,officehome,frozen,,convnext_frozen_linear,0.25,4,12,0.05,0.05,0.0010416666666666667,0.004166666666666667,3.1749582102250547e-07,8,8,8,delta_c/(M J) -> delta_c/M,1,2.0,msp,0.7,0.15603080010366047,0.004401746262298386,1,2.0,msp,0.7,0.16107175609973753,0.004401746262298386,0.004401746262298386,0,1->1,1,1.0,1.0,1.0
officehome_convnext_frozen__split04__seed1,officehome,frozen,,convnext_frozen_linear,0.3,4,12,0.05,0.05,0.0010416666666666667,0.004166666666666667,1.5179689638919938e-09,8,8,8,delta_c/(M J) -> delta_c/M,1,2.0,msp,0.7,0.18675333795760216,0.0009263466288488023,1,2.0,msp,0.7,0.1921844641103219,0.0009263466288488023,0.0009263466288488023,0,1->1,1,1.0,1.0,1.0
officehome_convnext_frozen__split04__seed2,officehome,frozen,,convnext_frozen_linear,0.05,4,12,0.05,0.05,0.0010416666666666667,0.004166666666666667,0.3855364696953094,0,0,0,delta_c/(M J) -> delta_c/M,0,,,,0.0,,0,,,,0.0,,0.3855364696953094,0,0->0,1,1.0,1.0,1.0
officehome_convnext_frozen__split04__seed2,officehome,frozen,,convnext_frozen_linear,0.1,4,12,0.05,0.05,0.0010416666666666667,0.004166666666666667,0.0872002051369547,0,0,0,delta_c/(M J) -> delta_c/M,0,,,,0.0,,0,,,,0.0,,0.0872002051369547,0,0->0,1,1.0,1.0,1.0
officehome_convnext_frozen__split04__seed2,officehome,frozen,,convnext_frozen_linear,0.15,4,12,0.05,0.05,0.0010416666666666667,0.004166666666666667,0.00643901168883766,0,0,0,delta_c/(M J) -> delta_c/M,0,,,,0.0,,0,,,,0.0,,0.00643901168883766,0,0->0,1,1.0,1.0,1.0
officehome_convnext_frozen__split04__seed2,officehome,frozen,,convnext_frozen_linear,0.2,4,12,0.05,0.05,0.0010416666666666667,0.004166666666666667,0.00012579284635992372,5,5,5,delta_c/(M J) -> delta_c/M,1,1.0,msp,0.5,0.10248516958397023,0.0001529714239681835,1,1.0,msp,0.5,0.10666467393427347,0.0001529714239681835,0.0001529714239681835,0,1->1,1,1.0,1.0,1.0
officehome_convnext_frozen__split04__seed2,officehome,frozen,,convnext_frozen_linear,0.25,4,12,0.05,0.05,0.0010416666666666667,0.004166666666666667,1.0761780746308344e-06,8,8,8,delta_c/(M J) -> delta_c/M,1,2.0,msp,0.7,0.16462999524654062,0.002157734064941257,1,2.0,msp,0.7,0.16978655553460917,0.002157734064941257,0.002157734064941257,0,1->1,1,1.0,1.0,1.0
officehome_convnext_frozen__split04__seed2,officehome,frozen,,convnext_frozen_linear,0.3,4,12,0.05,0.05,0.0010416666666666667,0.004166666666666667,2.95125720759106e-10,8,8,8,delta_c/(M J) -> delta_c/M,1,2.0,msp,0.7,0.18096251861367868,0.0005141274021292769,1,2.0,msp,0.7,0.1863247779559824,0.0005141274021292769,0.0005141274021292769,0,1->1,1,1.0,1.0,1.0
officehome_convnext_frozen__split04__seed3,officehome,frozen,,convnext_frozen_linear,0.05,4,12,0.05,0.05,0.0010416666666666667,0.004166666666666667,0.4129476499044885,0,0,0,delta_c/(M J) -> delta_c/M,0,,,,0.0,,0,,,,0.0,,0.4129476499044885,0,0->0,1,1.0,1.0,1.0
officehome_convnext_frozen__split04__seed3,officehome,frozen,,convnext_frozen_linear,0.1,4,12,0.05,0.05,0.0010416666666666667,0.004166666666666667,0.12890329393708758,0,0,0,delta_c/(M J) -> delta_c/M,0,,,,0.0,,0,,,,0.0,,0.12890329393708758,0,0->0,1,1.0,1.0,1.0
officehome_convnext_frozen__split04__seed3,officehome,frozen,,convnext_frozen_linear,0.15,4,12,0.05,0.05,0.0010416666666666667,0.004166666666666667,0.003048747701932737,2,2,2,delta_c/(M J) -> delta_c/M,1,1.0,msp,0.5,0.08872008552327068,0.003048747701932737,1,1.0,msp,0.5,0.09262697527128275,0.003048747701932737,0.003048747701932737,0,1->1,1,1.0,1.0,1.0
officehome_convnext_frozen__split04__seed3,officehome,frozen,,convnext_frozen_linear,0.2,4,12,0.05,0.05,0.0010416666666666667,0.004166666666666667,9.189523295627435e-05,4,4,4,delta_c/(M J) -> delta_c/M,1,1.0,msp,0.5,0.10156250869837155,0.0031583927182243223,1,1.0,msp,0.5,0.10572454065035362,0.0031583927182243223,0.0031583927182243223,0,1->1,1,1.0,1.0,1.0
officehome_convnext_frozen__split04__seed3,officehome,frozen,,convnext_frozen_linear,0.25,4,12,0.05,0.05,0.0010416666666666667,0.004166666666666667,6.692186570232357e-08,8,8,8,delta_c/(M J) -> delta_c/M,1,2.0,msp,0.7,0.1617598086926999,0.007361455456058874,1,2.0,msp,0.7,0.16687836953506638,0.007361455456058874,0.007361455456058874,0,1->1,1,1.0,1.0,1.0
officehome_convnext_frozen__split04__seed3,officehome,frozen,,convnext_frozen_linear,0.3,4,12,0.05,0.05,0.0010416666666666667,0.004166666666666667,1.933376624881447e-11,8,8,8,delta_c/(M J) -> delta_c/M,1,2.0,msp,0.7,0.19158905303288323,0.0005961506156091798,1,2.0,msp,0.7,0.19707614921519243,0.0005961506156091798,0.0005961506156091798,0,1->1,1,1.0,1.0,1.0
officehome_convnext_frozen__split04__seed4,officehome,frozen,,convnext_frozen_linear,0.05,4,12,0.05,0.05,0.0010416666666666667,0.004166666666666667,0.4876686621242776,0,0,0,delta_c/(M J) -> delta_c/M,0,,,,0.0,,0,,,,0.0,,0.4876686621242776,0,0->0,1,1.0,1.0,1.0
officehome_convnext_frozen__split04__seed4,officehome,frozen,,convnext_frozen_linear,0.1,4,12,0.05,0.05,0.0010416666666666667,0.004166666666666667,0.06664723461553303,0,0,0,delta_c/(M J) -> delta_c/M,0,,,,0.0,,0,,,,0.0,,0.06664723461553303,0,0->0,1,1.0,1.0,1.0
officehome_convnext_frozen__split04__seed4,officehome,frozen,,convnext_frozen_linear,0.15,4,12,0.05,0.05,0.0010416666666666667,0.004166666666666667,0.004998730526473826,0,0,0,delta_c/(M J) -> delta_c/M,0,,,,0.0,,0,,,,0.0,,0.004998730526473826,0,0->0,1,1.0,1.0,1.0
officehome_convnext_frozen__split04__seed4,officehome,frozen,,convnext_frozen_linear,0.2,4,12,0.05,0.05,0.0010416666666666667,0.004166666666666667,0.00017300813395642055,5,5,5,delta_c/(M J) -> delta_c/M,1,9.0,margin,0.5,0.1061824943637756,0.0007770004736984708,1,9.0,margin,0.5,0.11043094764293422,0.0007770004736984708,0.0007770004736984708,0,1->1,1,1.0,1.0,1.0
officehome_convnext_frozen__split04__seed4,officehome,frozen,,convnext_frozen_linear,0.25,4,12,0.05,0.05,0.0010416666666666667,0.004166666666666667,4.0842228123590944e-07,7,7,7,delta_c/(M J) -> delta_c/M,1,2.0,msp,0.7,0.15031740821596734,0.004388497015444475,1,2.0,msp,0.7,0.15527855297290774,0.004388497015444475,0.004388497015444475,0,1->1,1,1.0,1.0,1.0
officehome_convnext_frozen__split04__seed4,officehome,frozen,,convnext_frozen_linear,0.3,4,12,0.05,0.05,0.0010416666666666667,0.004166666666666667,2.9421279813038655e-10,9,9,9,delta_c/(M J) -> delta_c/M,1,2.0,msp,0.7,0.1906211920914154,0.0002322920076635846,1,2.0,msp,0.7,0.19609719582204008,0.0002322920076635846,0.0002322920076635846,0,1->1,1,1.0,1.0,1.0
officehome_convnext_frozen__split05__seed0,officehome,frozen,,convnext_frozen_linear,0.05,4,12,0.05,0.05,0.0010416666666666667,0.004166666666666667,0.6613369731470242,0,0,0,delta_c/(M J) -> delta_c/M,0,,,,0.0,,0,,,,0.0,,0.6613369731470242,0,0->0,1,1.0,1.0,1.0
officehome_convnext_frozen__split05__seed0,officehome,frozen,,convnext_frozen_linear,0.1,4,12,0.05,0.05,0.0010416666666666667,0.004166666666666667,0.14689988021090522,0,0,0,delta_c/(M J) -> delta_c/M,0,,,,0.0,,0,,,,0.0,,0.14689988021090522,0,0->0,1,1.0,1.0,1.0
officehome_convnext_frozen__split05__seed0,officehome,frozen,,convnext_frozen_linear,0.15,4,12,0.05,0.05,0.0010416666666666667,0.004166666666666667,0.016115547848111512,0,0,0,delta_c/(M J) -> delta_c/M,0,,,,0.0,,0,,,,0.0,,0.016115547848111512,0,0->0,1,1.0,1.0,1.0
officehome_convnext_frozen__split05__seed0,officehome,frozen,,convnext_frozen_linear,0.2,4,12,0.05,0.05,0.0010416666666666667,0.004166666666666667,0.0009148266626129485,2,2,2,delta_c/(M J) -> delta_c/M,1,0.0,msp,0.3,0.10032191287774216,0.0011923914231977014,1,0.0,msp,0.3,0.1044540143189208,0.0011923914231977014,0.0011923914231977014,0,1->1,1,1.0,1.0,1.0
officehome_convnext_frozen__split05__seed0,officehome,frozen,,convnext_frozen_linear,0.25,4,12,0.05,0.05,0.0010416666666666667,0.004166666666666667,3.467328673633419e-05,3,3,3,delta_c/(M J) -> delta_c/M,1,0.0,msp,0.3,0.112320463831298,4.7748796311280476e-05,1,0.0,msp,0.3,0.11667315855446346,4.7748796311280476e-05,4.7748796311280476e-05,0,1->1,1,1.0,1.0,1.0
officehome_convnext_frozen__split05__seed0,officehome,frozen,,convnext_frozen_linear,0.3,4,12,0.05,0.05,0.0010416666666666667,0.004166666666666667,3.190720680442012e-07,5,5,5,delta_c/(M J) -> delta_c/M,1,1.0,msp,0.5,0.18519482546820018,0.00026614615169675583,1,1.0,msp,0.5,0.19059933151421998,0.00026614615169675583,0.00026614615169675583,0,1->1,1,1.0,1.0,1.0
officehome_convnext_frozen__split05__seed1,officehome,frozen,,convnext_frozen_linear,0.05,4,12,0.05,0.05,0.0010416666666666667,0.004166666666666667,0.4632912301597534,0,0,0,delta_c/(M J) -> delta_c/M,0,,,,0.0,,0,,,,0.0,,0.4632912301597534,0,0->0,1,1.0,1.0,1.0
officehome_convnext_frozen__split05__seed1,officehome,frozen,,convnext_frozen_linear,0.1,4,12,0.05,0.05,0.0010416666666666667,0.004166666666666667,0.151066460705005,0,0,0,delta_c/(M J) -> delta_c/M,0,,,,0.0,,0,,,,0.0,,0.151066460705005,0,0->0,1,1.0,1.0,1.0
officehome_convnext_frozen__split05__seed1,officehome,frozen,,convnext_frozen_linear,0.15,4,12,0.05,0.05,0.0010416666666666667,0.004166666666666667,0.010157021612574155,0,0,0,delta_c/(M J) -> delta_c/M,0,,,,0.0,,0,,,,0.0,,0.010157021612574155,0,0->0,1,1.0,1.0,1.0
officehome_convnext_frozen__split05__seed1,officehome,frozen,,convnext_frozen_linear,0.2,4,12,0.05,0.05,0.0010416666666666667,0.004166666666666667,0.0006115050716151737,2,2,2,delta_c/(M J) -> delta_c/M,1,0.0,msp,0.3,0.10954201221114519,0.001341968895548655,1,0.0,msp,0.3,0.1138451466535105,0.001341968895548655,0.001341968895548655,0,1->1,1,1.0,1.0,1.0
officehome_convnext_frozen__split05__seed1,officehome,frozen,,convnext_frozen_linear,0.25,4,12,0.05,0.05,0.0010416666666666667,0.004166666666666667,3.3417450334934174e-05,3,3,3,delta_c/(M J) -> delta_c/M,1,0.0,msp,0.3,0.12348747644285167,6.0196854680318615e-05,1,0.0,msp,0.3,0.12803091319204965,6.0196854680318615e-05,6.0196854680318615e-05,0,1->1,1,1.0,1.0,1.0
officehome_convnext_frozen__split05__seed1,officehome,frozen,,convnext_frozen_linear,0.3,4,12,0.05,0.05,0.0010416666666666667,0.004166666666666667,2.5725298702666225e-07,5,5,5,delta_c/(M J) -> delta_c/M,1,1.0,msp,0.5,0.18327005869275684,0.0009060663914146652,1,1.0,msp,0.5,0.18865175578651855,0.0009060663914146652,0.0009060663914146652,0,1->1,1,1.0,1.0,1.0
officehome_convnext_frozen__split05__seed2,officehome,frozen,,convnext_frozen_linear,0.05,4,12,0.05,0.05,0.0010416666666666667,0.004166666666666667,0.6596462532938929,0,0,0,delta_c/(M J) -> delta_c/M,0,,,,0.0,,0,,,,0.0,,0.6596462532938929,0,0->0,1,1.0,1.0,1.0
officehome_convnext_frozen__split05__seed2,officehome,frozen,,convnext_frozen_linear,0.1,4,12,0.05,0.05,0.0010416666666666667,0.004166666666666667,0.1383782923030838,0,0,0,delta_c/(M J) -> delta_c/M,0,,,,0.0,,0,,,,0.0,,0.1383782923030838,0,0->0,1,1.0,1.0,1.0
officehome_convnext_frozen__split05__seed2,officehome,frozen,,convnext_frozen_linear,0.15,4,12,0.05,0.05,0.0010416666666666667,0.004166666666666667,0.004702009352176064,0,0,0,delta_c/(M J) -> delta_c/M,0,,,,0.0,,0,,,,0.0,,0.004702009352176064,0,0->0,1,1.0,1.0,1.0
officehome_convnext_frozen__split05__seed2,officehome,frozen,,convnext_frozen_linear,0.2,4,12,0.05,0.05,0.0010416666666666667,0.004166666666666667,0.00011620130532861636,3,3,3,delta_c/(M J) -> delta_c/M,1,0.0,msp,0.3,0.10861710030907845,0.00011620130532861636,1,0.0,msp,0.3,0.1129035401495818,0.00011620130532861636,0.00011620130532861636,0,1->1,1,1.0,1.0,1.0
officehome_convnext_frozen__split05__seed2,officehome,frozen,,convnext_frozen_linear,0.25,4,12,0.05,0.05,0.0010416666666666667,0.004166666666666667,9.47759477060824e-06,4,4,4,delta_c/(M J) -> delta_c/M,1,1.0,msp,0.5,0.15268496193480505,0.003645156999811463,1,1.0,msp,0.5,0.15767185954095986,0.003645156999811463,0.003645156999811463,0,1->1,1,1.0,1.0,1.0
officehome_convnext_frozen__split05__seed2,officehome,frozen,,convnext_frozen_linear,0.3,4,12,0.05,0.05,0.0010416666666666667,0.004166666666666667,3.644025790016518e-08,7,7,7,delta_c/(M J) -> delta_c/M,1,2.0,msp,0.7,0.2415975132241074,0.00623545997984172,1,2.0,msp,0.7,0.2475807759260384,0.00623545997984172,0.00623545997984172,0,1->1,1,1.0,1.0,1.0
officehome_convnext_frozen__split05__seed3,officehome,frozen,,convnext_frozen_linear,0.05,4,12,0.05,0.05,0.0010416666666666667,0.004166666666666667,0.4892248091190623,0,0,0,delta_c/(M J) -> delta_c/M,0,,,,0.0,,0,,,,0.0,,0.4892248091190623,0,0->0,1,1.0,1.0,1.0
officehome_convnext_frozen__split05__seed3,officehome,frozen,,convnext_frozen_linear,0.1,4,12,0.05,0.05,0.0010416666666666667,0.004166666666666667,0.19249193087496963,0,0,0,delta_c/(M J) -> delta_c/M,0,,,,0.0,,0,,,,0.0,,0.19249193087496963,0,0->0,1,1.0,1.0,1.0
officehome_convnext_frozen__split05__seed3,officehome,frozen,,convnext_frozen_linear,0.15,4,12,0.05,0.05,0.0010416666666666667,0.004166666666666667,0.008410458232566035,0,0,0,delta_c/(M J) -> delta_c/M,0,,,,0.0,,0,,,,0.0,,0.008410458232566035,0,0->0,1,1.0,1.0,1.0
officehome_convnext_frozen__split05__seed3,officehome,frozen,,convnext_frozen_linear,0.2,4,12,0.05,0.05,0.0010416666666666667,0.004166666666666667,0.004972792216798001,0,0,0,delta_c/(M J) -> delta_c/M,0,,,,0.0,,0,,,,0.0,,0.004972792216798001,0,0->0,1,1.0,1.0,1.0
officehome_convnext_frozen__split05__seed3,officehome,frozen,,convnext_frozen_linear,0.25,4,12,0.05,0.05,0.0010416666666666667,0.004166666666666667,4.534155595134831e-05,5,5,5,delta_c/(M J) -> delta_c/M,1,1.0,msp,0.5,0.15743625060619706,0.00036302568955242634,1,1.0,msp,0.5,0.16248874111782047,0.00036302568955242634,0.00036302568955242634,0,1->1,1,1.0,1.0,1.0
officehome_convnext_frozen__split05__seed3,officehome,frozen,,convnext_frozen_linear,0.3,4,12,0.05,0.05,0.0010416666666666667,0.004166666666666667,4.013699543194017e-07,5,5,5,delta_c/(M J) -> delta_c/M,1,1.0,msp,0.5,0.17558585898599785,0.0004175422347224131,1,1.0,msp,0.5,0.1808742176756468,0.0004175422347224131,0.0004175422347224131,0,1->1,1,1.0,1.0,1.0
officehome_convnext_frozen__split05__seed4,officehome,frozen,,convnext_frozen_linear,0.05,4,12,0.05,0.05,0.0010416666666666667,0.004166666666666667,0.503649859592104,0,0,0,delta_c/(M J) -> delta_c/M,0,,,,0.0,,0,,,,0.0,,0.503649859592104,0,0->0,1,1.0,1.0,1.0
officehome_convnext_frozen__split05__seed4,officehome,frozen,,convnext_frozen_linear,0.1,4,12,0.05,0.05,0.0010416666666666667,0.004166666666666667,0.09757588904854714,0,0,0,delta_c/(M J) -> delta_c/M,0,,,,0.0,,0,,,,0.0,,0.09757588904854714,0,0->0,1,1.0,1.0,1.0
officehome_convnext_frozen__split05__seed4,officehome,frozen,,convnext_frozen_linear,0.15,4,12,0.05,0.05,0.0010416666666666667,0.004166666666666667,0.026575895853952324,0,0,0,delta_c/(M J) -> delta_c/M,0,,,,0.0,,0,,,,0.0,,0.026575895853952324,0,0->0,1,1.0,1.0,1.0
officehome_convnext_frozen__split05__seed4,officehome,frozen,,convnext_frozen_linear,0.2,4,12,0.05,0.05,0.0010416666666666667,0.004166666666666667,0.00590736779513292,0,0,0,delta_c/(M J) -> delta_c/M,0,,,,0.0,,0,,,,0.0,,0.00590736779513292,0,0->0,1,1.0,1.0,1.0
officehome_convnext_frozen__split05__seed4,officehome,frozen,,convnext_frozen_linear,0.25,4,12,0.05,0.05,0.0010416666666666667,0.004166666666666667,0.0003952752987340763,4,4,4,delta_c/(M J) -> delta_c/M,1,9.0,margin,0.5,0.1507875073458231,0.004055066463381367,1,9.0,margin,0.5,0.15574773536637398,0.004055066463381367,0.004055066463381367,0,1->1,1,1.0,1.0,1.0
officehome_convnext_frozen__split05__seed4,officehome,frozen,,convnext_frozen_linear,0.3,4,12,0.05,0.05,0.0010416666666666667,0.004166666666666667,6.113736108050961e-07,5,5,5,delta_c/(M J) -> delta_c/M,1,1.0,msp,0.5,0.17558585898599785,0.00015061465886348485,1,1.0,msp,0.5,0.1808742176756468,0.00015061465886348485,0.00015061465886348485,0,1->1,1,1.0,1.0,1.0
officehome_convnext_frozen__split06__seed0,officehome,frozen,,convnext_frozen_linear,0.05,4,12,0.05,0.05,0.0010416666666666667,0.004166666666666667,0.45672930596592143,0,0,0,delta_c/(M J) -> delta_c/M,0,,,,0.0,,0,,,,0.0,,0.45672930596592143,0,0->0,1,1.0,1.0,1.0
officehome_convnext_frozen__split06__seed0,officehome,frozen,,convnext_frozen_linear,0.1,4,12,0.05,0.05,0.0010416666666666667,0.004166666666666667,0.17036889104785774,0,0,0,delta_c/(M J) -> delta_c/M,0,,,,0.0,,0,,,,0.0,,0.17036889104785774,0,0->0,1,1.0,1.0,1.0
officehome_convnext_frozen__split06__seed0,officehome,frozen,,convnext_frozen_linear,0.15,4,12,0.05,0.05,0.0010416666666666667,0.004166666666666667,0.03823356680973697,0,0,0,delta_c/(M J) -> delta_c/M,0,,,,0.0,,0,,,,0.0,,0.03823356680973697,0,0->0,1,1.0,1.0,1.0
officehome_convnext_frozen__split06__seed0,officehome,frozen,,convnext_frozen_linear,0.2,4,12,0.05,0.05,0.0010416666666666667,0.004166666666666667,0.0005117606805196046,2,2,2,delta_c/(M J) -> delta_c/M,1,8.0,margin,0.3,0.06738968741481632,0.0005117606805196046,1,8.0,margin,0.3,0.07069799676127146,0.0005117606805196046,0.0005117606805196046,0,1->1,1,1.0,1.0,1.0
officehome_convnext_frozen__split06__seed0,officehome,frozen,,convnext_frozen_linear,0.25,4,12,0.05,0.05,0.0010416666666666667,0.004166666666666667,6.41946031693828e-05,3,3,3,delta_c/(M J) -> delta_c/M,1,8.0,margin,0.3,0.09875608639801649,6.41946031693828e-05,1,8.0,margin,0.3,0.10272437081401446,6.41946031693828e-05,6.41946031693828e-05,0,1->1,1,1.0,1.0,1.0
officehome_convnext_frozen__split06__seed0,officehome,frozen,,convnext_frozen_linear,0.3,4,12,0.05,0.05,0.0010416666666666667,0.004166666666666667,2.879555947196614e-07,6,6,6,delta_c/(M J) -> delta_c/M,1,1.0,msp,0.5,0.17360939699874273,0.00011778038990978526,1,1.0,msp,0.5,0.17869986133665938,0.00011778038990978526,0.00011778038990978526,0,1->1,1,1.0,1.0,1.0
officehome_convnext_frozen__split06__seed1,officehome,frozen,,convnext_frozen_linear,0.05,4,12,0.05,0.05,0.0010416666666666667,0.004166666666666667,0.5274780541995743,0,0,0,delta_c/(M J) -> delta_c/M,0,,,,0.0,,0,,,,0.0,,0.5274780541995743,0,0->0,1,1.0,1.0,1.0
officehome_convnext_frozen__split06__seed1,officehome,frozen,,convnext_frozen_linear,0.1,4,12,0.05,0.05,0.0010416666666666667,0.004166666666666667,0.12197365192943439,0,0,0,delta_c/(M J) -> delta_c/M,0,,,,0.0,,0,,,,0.0,,0.12197365192943439,0,0->0,1,1.0,1.0,1.0
officehome_convnext_frozen__split06__seed1,officehome,frozen,,convnext_frozen_linear,0.15,4,12,0.05,0.05,0.0010416666666666667,0.004166666666666667,0.0338680671652087,0,0,0,delta_c/(M J) -> delta_c/M,0,,,,0.0,,0,,,,0.0,,0.0338680671652087,0,0->0,1,1.0,1.0,1.0
officehome_convnext_frozen__split06__seed1,officehome,frozen,,convnext_frozen_linear,0.2,4,12,0.05,0.05,0.0010416666666666667,0.004166666666666667,0.0009081304901663139,2,2,2,delta_c/(M J) -> delta_c/M,1,0.0,msp,0.3,0.0867726420198909,0.002852702582549183,1,0.0,msp,0.3,0.0905073860380341,0.002852702582549183,0.002852702582549183,0,1->1,1,1.0,1.0,1.0
officehome_convnext_frozen__split06__seed1,officehome,frozen,,convnext_frozen_linear,0.25,4,12,0.05,0.05,0.0010416666666666667,0.004166666666666667,7.134654466299022e-05,5,5,5,delta_c/(M J) -> delta_c/M,1,9.0,margin,0.5,0.1557316170769263,0.005461368658808455,1,9.0,margin,0.5,0.16059551062980068,0.005461368658808455,0.005461368658808455,0,1->1,1,1.0,1.0,1.0
officehome_convnext_frozen__split06__seed1,officehome,frozen,,convnext_frozen_linear,0.3,4,12,0.05,0.05,0.0010416666666666667,0.004166666666666667,1.33038773584509e-06,6,6,6,delta_c/(M J) -> delta_c/M,1,9.0,margin,0.5,0.17720120631150918,0.0012002198839758068,1,9.0,margin,0.5,0.1823346856320082,0.0012002198839758068,0.0012002198839758068,0,1->1,1,1.0,1.0,1.0
officehome_convnext_frozen__split06__seed2,officehome,frozen,,convnext_frozen_linear,0.05,4,12,0.05,0.05,0.0010416666666666667,0.004166666666666667,0.5365969098573449,0,0,0,delta_c/(M J) -> delta_c/M,0,,,,0.0,,0,,,,0.0,,0.5365969098573449,0,0->0,1,1.0,1.0,1.0
officehome_convnext_frozen__split06__seed2,officehome,frozen,,convnext_frozen_linear,0.1,4,12,0.05,0.05,0.0010416666666666667,0.004166666666666667,0.09889243568474362,0,0,0,delta_c/(M J) -> delta_c/M,0,,,,0.0,,0,,,,0.0,,0.09889243568474362,0,0->0,1,1.0,1.0,1.0
officehome_convnext_frozen__split06__seed2,officehome,frozen,,convnext_frozen_linear,0.15,4,12,0.05,0.05,0.0010416666666666667,0.004166666666666667,0.008505929237238174,0,0,0,delta_c/(M J) -> delta_c/M,0,,,,0.0,,0,,,,0.0,,0.008505929237238174,0,0->0,1,1.0,1.0,1.0
officehome_convnext_frozen__split06__seed2,officehome,frozen,,convnext_frozen_linear,0.2,4,12,0.05,0.05,0.0010416666666666667,0.004166666666666667,0.0001601457840204859,2,2,2,delta_c/(M J) -> delta_c/M,1,8.0,margin,0.3,0.07324395061201487,0.0001735782280740454,1,8.0,margin,0.3,0.07668834916106776,0.0001735782280740454,0.0001735782280740454,0,1->1,1,1.0,1.0,1.0
officehome_convnext_frozen__split06__seed2,officehome,frozen,,convnext_frozen_linear,0.25,4,12,0.05,0.05,0.0010416666666666667,0.004166666666666667,0.0004170921962679845,5,5,5,delta_c/(M J) -> delta_c/M,1,9.0,margin,0.5,0.14950824008325364,0.004128517458597647,1,9.0,margin,0.5,0.15428804770461632,0.004128517458597647,0.004128517458597647,0,1->1,1,1.0,1.0,1.0
officehome_convnext_frozen__split06__seed2,officehome,frozen,,convnext_frozen_linear,0.3,4,12,0.05,0.05,0.0010416666666666667,0.004166666666666667,2.183194715371751e-06,6,6,6,delta_c/(M J) -> delta_c/M,1,9.0,margin,0.5,0.17450685963134643,0.00034472334487060073,1,9.0,margin,0.5,0.17960814700184044,0.00034472334487060073,0.00034472334487060073,0,1->1,1,1.0,1.0,1.0
officehome_convnext_frozen__split06__seed3,officehome,frozen,,convnext_frozen_linear,0.05,4,12,0.05,0.05,0.0010416666666666667,0.004166666666666667,0.5365969098573449,0,0,0,delta_c/(M J) -> delta_c/M,0,,,,0.0,,0,,,,0.0,,0.5365969098573449,0,0->0,1,1.0,1.0,1.0
officehome_convnext_frozen__split06__seed3,officehome,frozen,,convnext_frozen_linear,0.1,4,12,0.05,0.05,0.0010416666666666667,0.004166666666666667,0.12890329393708758,0,0,0,delta_c/(M J) -> delta_c/M,0,,,,0.0,,0,,,,0.0,,0.12890329393708758,0,0->0,1,1.0,1.0,1.0
officehome_convnext_frozen__split06__seed3,officehome,frozen,,convnext_frozen_linear,0.15,4,12,0.05,0.05,0.0010416666666666667,0.004166666666666667,0.023428292924555925,0,0,0,delta_c/(M J) -> delta_c/M,0,,,,0.0,,0,,,,0.0,,0.023428292924555925,0,0->0,1,1.0,1.0,1.0
officehome_convnext_frozen__split06__seed3,officehome,frozen,,convnext_frozen_linear,0.2,4,12,0.05,0.05,0.0010416666666666667,0.004166666666666667,0.0015476717167780298,3,3,3,delta_c/(M J) -> delta_c/M,1,8.0,margin,0.3,0.0867726420198909,0.002852702582549183,1,8.0,margin,0.3,0.0905073860380341,0.002852702582549183,0.002852702582549183,0,1->1,1,1.0,1.0,1.0
officehome_convnext_frozen__split06__seed3,officehome,frozen,,convnext_frozen_linear,0.25,4,12,0.05,0.05,0.0010416666666666667,0.004166666666666667,0.00016261720297068317,3,3,3,delta_c/(M J) -> delta_c/M,1,0.0,msp,0.3,0.10825441459799402,0.00016261720297068317,1,0.0,msp,0.3,0.11239453784032181,0.00016261720297068317,0.00016261720297068317,0,1->1,1,1.0,1.0,1.0
officehome_convnext_frozen__split06__seed3,officehome,frozen,,convnext_frozen_linear,0.3,4,12,0.05,0.05,0.0010416666666666667,0.004166666666666667,1.543160124092256e-06,6,6,6,delta_c/(M J) -> delta_c/M,1,9.0,margin,0.5,0.17720120631150918,6.297744462815373e-05,1,9.0,margin,0.5,0.1823346856320082,6.297744462815373e-05,6.297744462815373e-05,0,1->1,1,1.0,1.0,1.0
officehome_convnext_frozen__split06__seed4,officehome,frozen,,convnext_frozen_linear,0.05,4,12,0.05,0.05,0.0010416666666666667,0.004166666666666667,0.4876686621242776,0,0,0,delta_c/(M J) -> delta_c/M,0,,,,0.0,,0,,,,0.0,,0.4876686621242776,0,0->0,1,1.0,1.0,1.0
officehome_convnext_frozen__split06__seed4,officehome,frozen,,convnext_frozen_linear,0.1,4,12,0.05,0.05,0.0010416666666666667,0.004166666666666667,0.19249193087496963,0,0,0,delta_c/(M J) -> delta_c/M,0,,,,0.0,,0,,,,0.0,,0.19249193087496963,0,0->0,1,1.0,1.0,1.0
officehome_convnext_frozen__split06__seed4,officehome,frozen,,convnext_frozen_linear,0.15,4,12,0.05,0.05,0.0010416666666666667,0.004166666666666667,0.014188516601082553,0,0,0,delta_c/(M J) -> delta_c/M,0,,,,0.0,,0,,,,0.0,,0.014188516601082553,0,0->0,1,1.0,1.0,1.0
officehome_convnext_frozen__split06__seed4,officehome,frozen,,convnext_frozen_linear,0.2,4,12,0.05,0.05,0.0010416666666666667,0.004166666666666667,0.0005519608776354153,3,3,3,delta_c/(M J) -> delta_c/M,1,0.0,msp,0.3,0.07492423698543854,0.0011758718242454963,1,0.0,msp,0.3,0.07840644603130213,0.0011758718242454963,0.0011758718242454963,0,1->1,1,1.0,1.0,1.0
officehome_convnext_frozen__split06__seed4,officehome,frozen,,convnext_frozen_linear,0.25,4,12,0.05,0.05,0.0010416666666666667,0.004166666666666667,6.41946031693828e-05,5,5,5,delta_c/(M J) -> delta_c/M,1,1.0,msp,0.5,0.14596038365279604,0.0037668694694154266,1,1.0,msp,0.5,0.15069096056659592,0.0037668694694154266,0.0037668694694154266,0,1->1,1,1.0,1.0,1.0
officehome_convnext_frozen__split06__seed4,officehome,frozen,,convnext_frozen_linear,0.3,4,12,0.05,0.05,0.0010416666666666667,0.004166666666666667,4.4051551373972805e-06,6,6,6,delta_c/(M J) -> delta_c/M,1,9.0,margin,0.5,0.17540464981009943,0.00029803184547313473,1,9.0,margin,0.5,0.18051671386962403,0.00029803184547313473,0.00029803184547313473,0,1->1,1,1.0,1.0,1.0
officehome_convnext_frozen__split07__seed0,officehome,frozen,,convnext_frozen_linear,0.05,4,12,0.05,0.05,0.0010416666666666667,0.004166666666666667,0.3523332272597972,0,0,0,delta_c/(M J) -> delta_c/M,0,,,,0.0,,0,,,,0.0,,0.3523332272597972,0,0->0,1,1.0,1.0,1.0
officehome_convnext_frozen__split07__seed0,officehome,frozen,,convnext_frozen_linear,0.1,4,12,0.05,0.05,0.0010416666666666667,0.004166666666666667,0.014780882941434585,0,0,0,delta_c/(M J) -> delta_c/M,0,,,,0.0,,0,,,,0.0,,0.014780882941434585,0,0->0,1,1.0,1.0,1.0
officehome_convnext_frozen__split07__seed0,officehome,frozen,,convnext_frozen_linear,0.15,4,12,0.05,0.05,0.0010416666666666667,0.004166666666666667,0.0010152315900688403,2,2,2,delta_c/(M J) -> delta_c/M,1,8.0,margin,0.3,0.06681930890983898,0.00394656703097285,1,8.0,margin,0.3,0.07018069614488093,0.00394656703097285,0.00394656703097285,0,1->1,1,1.0,1.0,1.0
officehome_convnext_frozen__split07__seed0,officehome,frozen,,convnext_frozen_linear,0.2,4,12,0.05,0.05,0.0010416666666666667,0.004166666666666667,0.0008890499741738637,2,2,2,delta_c/(M J) -> delta_c/M,1,0.0,msp,0.3,0.08431254050806926,0.00294330107254633,1,0.0,msp,0.3,0.08807171639289799,0.00294330107254633,0.00294330107254633,0,1->1,1,1.0,1.0,1.0
officehome_convnext_frozen__split07__seed0,officehome,frozen,,convnext_frozen_linear,0.25,4,12,0.05,0.05,0.0010416666666666667,0.004166666666666667,7.62856274972019e-05,2,2,2,delta_c/(M J) -> delta_c/M,1,0.0,msp,0.3,0.11112304225492203,0.00040833983265799097,1,0.0,msp,0.3,0.11539869382844158,0.00040833983265799097,0.00040833983265799097,0,1->1,1,1.0,1.0,1.0
officehome_convnext_frozen__split07__seed0,officehome,frozen,,convnext_frozen_linear,0.3,4,12,0.05,0.05,0.0010416666666666667,0.004166666666666667,3.1869103687534534e-06,3,3,3,delta_c/(M J) -> delta_c/M,1,8.0,margin,0.3,0.13662217349039896,3.1869103687534534e-06,1,8.0,margin,0.3,0.14131279362267224,3.1869103687534534e-06,3.1869103687534534e-06,0,1->1,1,1.0,1.0,1.0
officehome_convnext_frozen__split07__seed1,officehome,frozen,,convnext_frozen_linear,0.05,4,12,0.05,0.05,0.0010416666666666667,0.004166666666666667,0.11598222130000581,0,0,0,delta_c/(M J) -> delta_c/M,0,,,,0.0,,0,,,,0.0,,0.11598222130000581,0,0->0,1,1.0,1.0,1.0
officehome_convnext_frozen__split07__seed1,officehome,frozen,,convnext_frozen_linear,0.1,4,12,0.05,0.05,0.0010416666666666667,0.004166666666666667,0.00969773729787523,0,0,0,delta_c/(M J) -> delta_c/M,0,,,,0.0,,0,,,,0.0,,0.00969773729787523,0,0->0,1,1.0,1.0,1.0
officehome_convnext_frozen__split07__seed1,officehome,frozen,,convnext_frozen_linear,0.15,4,12,0.05,0.05,0.0010416666666666667,0.004166666666666667,0.00260822156330208,1,1,1,delta_c/(M J) -> delta_c/M,1,0.0,msp,0.3,0.05311382808942256,0.00260822156330208,1,0.0,msp,0.3,0.05611648509790776,0.00260822156330208,0.00260822156330208,0,1->1,1,1.0,1.0,1.0
officehome_convnext_frozen__split07__seed1,officehome,frozen,,convnext_frozen_linear,0.2,4,12,0.05,0.05,0.0010416666666666667,0.004166666666666667,0.0002721092692065526,3,3,3,delta_c/(M J) -> delta_c/M,1,0.0,msp,0.3,0.07639696747266002,0.003987369106799055,1,0.0,msp,0.3,0.07998325958018164,0.003987369106799055,0.003987369106799055,0,1->1,1,1.0,1.0,1.0
officehome_convnext_frozen__split07__seed1,officehome,frozen,,convnext_frozen_linear,0.25,4,12,0.05,0.05,0.0010416666666666667,0.004166666666666667,0.0003696968245352698,3,3,3,delta_c/(M J) -> delta_c/M,1,0.0,msp,0.3,0.09943205308115644,0.0009394414828931142,1,0.0,msp,0.3,0.10349418929221567,0.0009394414828931142,0.0009394414828931142,0,1->1,1,1.0,1.0,1.0
officehome_convnext_frozen__split07__seed1,officehome,frozen,,convnext_frozen_linear,0.3,4,12,0.05,0.05,0.0010416666666666667,0.004166666666666667,1.0172634458455844e-05,4,4,4,delta_c/(M J) -> delta_c/M,1,1.0,msp,0.5,0.18490123477190165,0.0019994342128615322,1,1.0,msp,0.5,0.19023208191087532,0.0019994342128615322,0.0019994342128615322,0,1->1,1,1.0,1.0,1.0
officehome_convnext_frozen__split07__seed2,officehome,frozen,,convnext_frozen_linear,0.05,4,12,0.05,0.05,0.0010416666666666667,0.004166666666666667,0.15777921478822707,0,0,0,delta_c/(M J) -> delta_c/M,0,,,,0.0,,0,,,,0.0,,0.15777921478822707,0,0->0,1,1.0,1.0,1.0
officehome_convnext_frozen__split07__seed2,officehome,frozen,,convnext_frozen_linear,0.1,4,12,0.05,0.05,0.0010416666666666667,0.004166666666666667,0.014780882941434585,0,0,0,delta_c/(M J) -> delta_c/M,0,,,,0.0,,0,,,,0.0,,0.014780882941434585,0,0->0,1,1.0,1.0,1.0
officehome_convnext_frozen__split07__seed2,officehome,frozen,,convnext_frozen_linear,0.15,4,12,0.05,0.05,0.0010416666666666667,0.004166666666666667,0.0038843844191769608,1,1,1,delta_c/(M J) -> delta_c/M,1,0.0,msp,0.3,0.058218563700686066,0.0038843844191769608,1,0.0,msp,0.3,0.06136061272409396,0.0038843844191769608,0.0038843844191769608,0,1->1,1,1.0,1.0,1.0
officehome_convnext_frozen__split07__seed2,officehome,frozen,,convnext_frozen_linear,0.2,4,12,0.05,0.05,0.0010416666666666667,0.004166666666666667,0.0008553983622184343,2,2,2,delta_c/(M J) -> delta_c/M,1,8.0,margin,0.3,0.07902803020692029,0.0026450055249424426,1,8.0,margin,0.3,0.08267299812111682,0.0026450055249424426,0.0026450055249424426,0,1->1,1,1.0,1.0,1.0
officehome_convnext_frozen__split07__seed2,officehome,frozen,,convnext_frozen_linear,0.25,4,12,0.05,0.05,0.0010416666666666667,0.004166666666666667,0.0009394414828931142,3,3,3,delta_c/(M J) -> delta_c/M,1,0.0,msp,0.3,0.09407250550497961,0.0009394414828931142,1,0.0,msp,0.3,0.09803098526579977,0.0009394414828931142,0.0009394414828931142,0,1->1,1,1.0,1.0,1.0
officehome_convnext_frozen__split07__seed2,officehome,frozen,,convnext_frozen_linear,0.3,4,12,0.05,0.05,0.0010416666666666667,0.004166666666666667,2.819621208863278e-05,5,5,5,delta_c/(M J) -> delta_c/M,1,1.0,msp,0.5,0.18959656812419393,0.00449625088821183,1,1.0,msp,0.5,0.19498146499676394,0.00449625088821183,0.00449625088821183,0,1->1,1,1.0,1.0,1.0
officehome_convnext_frozen__split07__seed3,officehome,frozen,,convnext_frozen_linear,0.05,4,12,0.05,0.05,0.0010416666666666667,0.004166666666666667,0.11018311023500552,0,0,0,delta_c/(M J) -> delta_c/M,0,,,,0.0,,0,,,,0.0,,0.11018311023500552,0,0->0,1,1.0,1.0,1.0
officehome_convnext_frozen__split07__seed3,officehome,frozen,,convnext_frozen_linear,0.1,4,12,0.05,0.05,0.0010416666666666667,0.004166666666666667,0.008727963568087702,0,0,0,delta_c/(M J) -> delta_c/M,0,,,,0.0,,0,,,,0.0,,0.008727963568087702,0,0->0,1,1.0,1.0,1.0
officehome_convnext_frozen__split07__seed3,officehome,frozen,,convnext_frozen_linear,0.15,4,12,0.05,0.05,0.0010416666666666667,0.004166666666666667,0.002281986610850631,2,2,2,delta_c/(M J) -> delta_c/M,1,8.0,margin,0.3,0.060787189529994956,0.002281986610850631,1,8.0,margin,0.3,0.06399666273078439,0.002281986610850631,0.002281986610850631,0,1->1,1,1.0,1.0,1.0
officehome_convnext_frozen__split07__seed3,officehome,frozen,,convnext_frozen_linear,0.2,4,12,0.05,0.05,0.0010416666666666667,0.004166666666666667,0.00035390161584439187,2,2,2,delta_c/(M J) -> delta_c/M,1,8.0,margin,0.3,0.07902803020692029,0.00035390161584439187,1,8.0,margin,0.3,0.08267299812111682,0.00035390161584439187,0.00035390161584439187,0,1->1,1,1.0,1.0,1.0
officehome_convnext_frozen__split07__seed3,officehome,frozen,,convnext_frozen_linear,0.25,4,12,0.05,0.05,0.0010416666666666667,0.004166666666666667,0.0001109191835162981,3,3,3,delta_c/(M J) -> delta_c/M,1,8.0,margin,0.3,0.10212069878328725,0.0001109191835162981,1,8.0,margin,0.3,0.10623341423079379,0.0001109191835162981,0.0001109191835162981,0,1->1,1,1.0,1.0,1.0
officehome_convnext_frozen__split07__seed3,officehome,frozen,,convnext_frozen_linear,0.3,4,12,0.05,0.05,0.0010416666666666667,0.004166666666666667,2.1055046559553583e-06,6,6,6,delta_c/(M J) -> delta_c/M,1,1.0,msp,0.5,0.18490123477190165,0.00022210102833262197,1,1.0,msp,0.5,0.19023208191087532,0.00022210102833262197,0.00022210102833262197,0,1->1,1,1.0,1.0,1.0
officehome_convnext_frozen__split07__seed4,officehome,frozen,,convnext_frozen_linear,0.05,4,12,0.05,0.05,0.0010416666666666667,0.004166666666666667,0.16608338398760747,0,0,0,delta_c/(M J) -> delta_c/M,0,,,,0.0,,0,,,,0.0,,0.16608338398760747,0,0->0,1,1.0,1.0,1.0
officehome_convnext_frozen__split07__seed4,officehome,frozen,,convnext_frozen_linear,0.1,4,12,0.05,0.05,0.0010416666666666667,0.004166666666666667,0.014780882941434585,0,0,0,delta_c/(M J) -> delta_c/M,0,,,,0.0,,0,,,,0.0,,0.014780882941434585,0,0->0,1,1.0,1.0,1.0
officehome_convnext_frozen__split07__seed4,officehome,frozen,,convnext_frozen_linear,0.15,4,12,0.05,0.05,0.0010416666666666667,0.004166666666666667,0.001995741749344843,2,2,2,delta_c/(M J) -> delta_c/M,1,0.0,msp,0.3,0.0573646961764189,0.001995741749344843,1,0.0,msp,0.3,0.06048394319445338,0.001995741749344843,0.001995741749344843,0,1->1,1,1.0,1.0,1.0
officehome_convnext_frozen__split07__seed4,officehome,frozen,,convnext_frozen_linear,0.2,4,12,0.05,0.05,0.0010416666666666667,0.004166666666666667,0.0003365405126961359,2,2,2,delta_c/(M J) -> delta_c/M,1,8.0,margin,0.3,0.07115868757661178,0.0003365405126961359,1,8.0,margin,0.3,0.07462428178447489,0.0003365405126961359,0.0003365405126961359,0,1->1,1,1.0,1.0,1.0
officehome_convnext_frozen__split07__seed4,officehome,frozen,,convnext_frozen_linear,0.25,4,12,0.05,0.05,0.0010416666666666667,0.004166666666666667,0.0001921791742467979,3,3,3,delta_c/(M J) -> delta_c/M,1,0.0,msp,0.3,0.09496407598213566,0.0002936879170742367,1,0.0,msp,0.3,0.09894006931643647,0.0002936879170742367,0.0002936879170742367,0,1->1,1,1.0,1.0,1.0
officehome_convnext_frozen__split07__seed4,officehome,frozen,,convnext_frozen_linear,0.3,4,12,0.05,0.05,0.0010416666666666667,0.004166666666666667,2.190779869144546e-06,4,4,4,delta_c/(M J) -> delta_c/M,1,1.0,msp,0.5,0.18677835251939567,0.0025394033938149034,1,1.0,msp,0.5,0.19213096324341966,0.0025394033938149034,0.0025394033938149034,0,1->1,1,1.0,1.0,1.0
officehome_convnext_frozen__split08__seed0,officehome,frozen,,convnext_frozen_linear,0.05,4,12,0.05,0.05,0.0010416666666666667,0.004166666666666667,0.4632912301597534,0,0,0,delta_c/(M J) -> delta_c/M,0,,,,0.0,,0,,,,0.0,,0.4632912301597534,0,0->0,1,1.0,1.0,1.0
officehome_convnext_frozen__split08__seed0,officehome,frozen,,convnext_frozen_linear,0.1,4,12,0.05,0.05,0.0010416666666666667,0.004166666666666667,0.26443049843146565,0,0,0,delta_c/(M J) -> delta_c/M,0,,,,0.0,,0,,,,0.0,,0.26443049843146565,0,0->0,1,1.0,1.0,1.0
officehome_convnext_frozen__split08__seed0,officehome,frozen,,convnext_frozen_linear,0.15,4,12,0.05,0.05,0.0010416666666666667,0.004166666666666667,0.029551500136594244,0,0,0,delta_c/(M J) -> delta_c/M,0,,,,0.0,,0,,,,0.0,,0.029551500136594244,0,0->0,1,1.0,1.0,1.0
officehome_convnext_frozen__split08__seed0,officehome,frozen,,convnext_frozen_linear,0.2,4,12,0.05,0.05,0.0010416666666666667,0.004166666666666667,0.0035017838892121324,2,2,2,delta_c/(M J) -> delta_c/M,1,0.0,msp,0.3,0.06765322522463166,0.0035017838892121324,1,0.0,msp,0.3,0.0710976565577517,0.0035017838892121324,0.0035017838892121324,0,1->1,1,1.0,1.0,1.0
officehome_convnext_frozen__split08__seed0,officehome,frozen,,convnext_frozen_linear,0.25,4,12,0.05,0.05,0.0010416666666666667,0.004166666666666667,5.2659653529210103e-05,5,5,5,delta_c/(M J) -> delta_c/M,1,1.0,msp,0.5,0.14013076920761203,0.0019541302071919226,1,1.0,msp,0.5,0.14496298035152355,0.0019541302071919226,0.0019541302071919226,0,1->1,1,1.0,1.0,1.0
officehome_convnext_frozen__split08__seed0,officehome,frozen,,convnext_frozen_linear,0.3,4,12,0.05,0.05,0.0010416666666666667,0.004166666666666667,3.248940866967636e-07,6,6,6,delta_c/(M J) -> delta_c/M,1,1.0,msp,0.5,0.15544727391559474,4.3860624924097953e-05,1,1.0,msp,0.5,0.16050084815159518,4.3860624924097953e-05,4.3860624924097953e-05,0,1->1,1,1.0,1.0,1.0
officehome_convnext_frozen__split08__seed1,officehome,frozen,,convnext_frozen_linear,0.05,4,12,0.05,0.05,0.0010416666666666667,0.004166666666666667,0.5199624056517671,0,0,0,delta_c/(M J) -> delta_c/M,0,,,,0.0,,0,,,,0.0,,0.5199624056517671,0,0->0,1,1.0,1.0,1.0
officehome_convnext_frozen__split08__seed1,officehome,frozen,,convnext_frozen_linear,0.1,4,12,0.05,0.05,0.0010416666666666667,0.004166666666666667,0.13508517176729917,0,0,0,delta_c/(M J) -> delta_c/M,0,,,,0.0,,0,,,,0.0,,0.13508517176729917,0,0->0,1,1.0,1.0,1.0
officehome_convnext_frozen__split08__seed1,officehome,frozen,,convnext_frozen_linear,0.15,4,12,0.05,0.05,0.0010416666666666667,0.004166666666666667,0.06154468884027403,0,0,0,delta_c/(M J) -> delta_c/M,0,,,,0.0,,0,,,,0.0,,0.06154468884027403,0,0->0,1,1.0,1.0,1.0
officehome_convnext_frozen__split08__seed1,officehome,frozen,,convnext_frozen_linear,0.2,4,12,0.05,0.05,0.0010416666666666667,0.004166666666666667,0.005795389101835959,0,0,0,delta_c/(M J) -> delta_c/M,0,,,,0.0,,0,,,,0.0,,0.005795389101835959,0,0->0,1,1.0,1.0,1.0
officehome_convnext_frozen__split08__seed1,officehome,frozen,,convnext_frozen_linear,0.25,4,12,0.05,0.05,0.0010416666666666667,0.004166666666666667,0.00024563169685663805,5,5,5,delta_c/(M J) -> delta_c/M,1,9.0,margin,0.5,0.12494087067607482,0.00024563169685663805,1,9.0,margin,0.5,0.12953384743506147,0.00024563169685663805,0.00024563169685663805,0,1->1,1,1.0,1.0,1.0
officehome_convnext_frozen__split08__seed1,officehome,frozen,,convnext_frozen_linear,0.3,4,12,0.05,0.05,0.0010416666666666667,0.004166666666666667,2.1694205120635374e-06,6,6,6,delta_c/(M J) -> delta_c/M,1,1.0,msp,0.5,0.15737007503629127,5.255898830500523e-05,1,1.0,msp,0.5,0.16245015613920663,5.255898830500523e-05,5.255898830500523e-05,0,1->1,1,1.0,1.0,1.0
officehome_convnext_frozen__split08__seed2,officehome,frozen,,convnext_frozen_linear,0.05,4,12,0.05,0.05,0.0010416666666666667,0.004166666666666667,0.46928130600607154,0,0,0,delta_c/(M J) -> delta_c/M,0,,,,0.0,,0,,,,0.0,,0.46928130600607154,0,0->0,1,1.0,1.0,1.0
officehome_convnext_frozen__split08__seed2,officehome,frozen,,convnext_frozen_linear,0.1,4,12,0.05,0.05,0.0010416666666666667,0.004166666666666667,0.16677181699666563,0,0,0,delta_c/(M J) -> delta_c/M,0,,,,0.0,,0,,,,0.0,,0.16677181699666563,0,0->0,1,1.0,1.0,1.0
officehome_convnext_frozen__split08__seed2,officehome,frozen,,convnext_frozen_linear,0.15,4,12,0.05,0.05,0.0010416666666666667,0.004166666666666667,0.09747379691192189,0,0,0,delta_c/(M J) -> delta_c/M,0,,,,0.0,,0,,,,0.0,,0.09747379691192189,0,0->0,1,1.0,1.0,1.0
officehome_convnext_frozen__split08__seed2,officehome,frozen,,convnext_frozen_linear,0.2,4,12,0.05,0.05,0.0010416666666666667,0.004166666666666667,0.0020563392966268376,2,2,2,delta_c/(M J) -> delta_c/M,1,8.0,margin,0.3,0.061397799329941695,0.0020563392966268376,1,8.0,margin,0.3,0.06468272733410546,0.0020563392966268376,0.0020563392966268376,0,1->1,1,1.0,1.0,1.0
officehome_convnext_frozen__split08__seed2,officehome,frozen,,convnext_frozen_linear,0.25,4,12,0.05,0.05,0.0010416666666666667,0.004166666666666667,0.0001109191835162981,5,5,5,delta_c/(M J) -> delta_c/M,1,9.0,margin,0.5,0.13062130809945235,0.0005666354243681462,1,9.0,margin,0.5,0.13530622340578305,0.0005666354243681462,0.0005666354243681462,0,1->1,1,1.0,1.0,1.0
officehome_convnext_frozen__split08__seed2,officehome,frozen,,convnext_frozen_linear,0.3,4,12,0.05,0.05,0.0010416666666666667,0.004166666666666667,1.642072608935175e-06,6,6,6,delta_c/(M J) -> delta_c/M,1,1.0,msp,0.5,0.14586036897225899,0.0001520542751242478,1,1.0,msp,0.5,0.15077758087809087,0.0001520542751242478,0.0001520542751242478,0,1->1,1,1.0,1.0,1.0
officehome_convnext_frozen__split08__seed3,officehome,frozen,,convnext_frozen_linear,0.05,4,12,0.05,0.05,0.0010416666666666667,0.004166666666666667,0.35848592240854227,0,0,0,delta_c/(M J) -> delta_c/M,0,,,,0.0,,0,,,,0.0,,0.35848592240854227,0,0->0,1,1.0,1.0,1.0
officehome_convnext_frozen__split08__seed3,officehome,frozen,,convnext_frozen_linear,0.1,4,12,0.05,0.05,0.0010416666666666667,0.004166666666666667,0.12157665459056925,0,0,0,delta_c/(M J) -> delta_c/M,0,,,,0.0,,0,,,,0.0,,0.12157665459056925,0,0->0,1,1.0,1.0,1.0
officehome_convnext_frozen__split08__seed3,officehome,frozen,,convnext_frozen_linear,0.15,4,12,0.05,0.05,0.0010416666666666667,0.004166666666666667,0.04604657889230182,0,0,0,delta_c/(M J) -> delta_c/M,0,,,,0.0,,0,,,,0.0,,0.04604657889230182,0,0->0,1,1.0,1.0,1.0
officehome_convnext_frozen__split08__seed3,officehome,frozen,,convnext_frozen_linear,0.2,4,12,0.05,0.05,0.0010416666666666667,0.004166666666666667,0.001457322493731993,4,4,4,delta_c/(M J) -> delta_c/M,1,1.0,msp,0.5,0.11457948515296684,0.00466191472348375,1,1.0,msp,0.5,0.11899646959834728,0.00466191472348375,0.00466191472348375,0,1->1,1,1.0,1.0,1.0
officehome_convnext_frozen__split08__seed3,officehome,frozen,,convnext_frozen_linear,0.25,4,12,0.05,0.05,0.0010416666666666667,0.004166666666666667,0.00011359565101096004,5,5,5,delta_c/(M J) -> delta_c/M,1,9.0,margin,0.5,0.13536964453927985,0.0010107333445558261,1,9.0,margin,0.5,0.14012911011565424,0.0010107333445558261,0.0010107333445558261,0,1->1,1,1.0,1.0,1.0
officehome_convnext_frozen__split08__seed3,officehome,frozen,,convnext_frozen_linear,0.3,4,12,0.05,0.05,0.0010416666666666667,0.004166666666666667,1.2780533581759271e-06,6,6,6,delta_c/(M J) -> delta_c/M,1,1.0,msp,0.5,0.15256640978146294,1.0752583717269234e-05,1,1.0,msp,0.5,0.15757975223571652,1.0752583717269234e-05,1.0752583717269234e-05,0,1->1,1,1.0,1.0,1.0
officehome_convnext_frozen__split08__seed4,officehome,frozen,,convnext_frozen_linear,0.05,4,12,0.05,0.05,0.0010416666666666667,0.004166666666666667,0.37735360253530764,0,0,0,delta_c/(M J) -> delta_c/M,0,,,,0.0,,0,,,,0.0,,0.37735360253530764,0,0->0,1,1.0,1.0,1.0
officehome_convnext_frozen__split08__seed4,officehome,frozen,,convnext_frozen_linear,0.1,4,12,0.05,0.05,0.0010416666666666667,0.004166666666666667,0.16677181699666563,0,0,0,delta_c/(M J) -> delta_c/M,0,,,,0.0,,0,,,,0.0,,0.16677181699666563,0,0->0,1,1.0,1.0,1.0
officehome_convnext_frozen__split08__seed4,officehome,frozen,,convnext_frozen_linear,0.15,4,12,0.05,0.05,0.0010416666666666667,0.004166666666666667,0.026510932697498973,0,0,0,delta_c/(M J) -> delta_c/M,0,,,,0.0,,0,,,,0.0,,0.026510932697498973,0,0->0,1,1.0,1.0,1.0
officehome_convnext_frozen__split08__seed4,officehome,frozen,,convnext_frozen_linear,0.2,4,12,0.05,0.05,0.0010416666666666667,0.004166666666666667,0.004284036565817824,0,0,0,delta_c/(M J) -> delta_c/M,0,,,,0.0,,0,,,,0.0,,0.004284036565817824,0,0->0,1,1.0,1.0,1.0
officehome_convnext_frozen__split08__seed4,officehome,frozen,,convnext_frozen_linear,0.25,4,12,0.05,0.05,0.0010416666666666667,0.004166666666666667,5.8959817598525316e-05,5,5,5,delta_c/(M J) -> delta_c/M,1,1.0,msp,0.5,0.13536964453927985,0.0010107333445558261,1,1.0,msp,0.5,0.14012911011565424,0.0010107333445558261,0.0010107333445558261,0,1->1,1,1.0,1.0,1.0
officehome_convnext_frozen__split08__seed4,officehome,frozen,,convnext_frozen_linear,0.3,4,12,0.05,0.05,0.0010416666666666667,0.004166666666666667,5.557929400028164e-07,6,6,6,delta_c/(M J) -> delta_c/M,1,9.0,margin,0.5,0.15256640978146294,5.255898830500523e-05,1,9.0,margin,0.5,0.15757975223571652,5.255898830500523e-05,5.255898830500523e-05,0,1->1,1,1.0,1.0,1.0
officehome_convnext_frozen__split09__seed0,officehome,frozen,,convnext_frozen_linear,0.05,4,12,0.05,0.05,0.0010416666666666667,0.004166666666666667,0.6931458794176297,0,0,0,delta_c/(M J) -> delta_c/M,0,,,,0.0,,0,,,,0.0,,0.6931458794176297,0,0->0,1,1.0,1.0,1.0
officehome_convnext_frozen__split09__seed0,officehome,frozen,,convnext_frozen_linear,0.1,4,12,0.05,0.05,0.0010416666666666667,0.004166666666666667,0.3281852898074903,0,0,0,delta_c/(M J) -> delta_c/M,0,,,,0.0,,0,,,,0.0,,0.3281852898074903,0,0->0,1,1.0,1.0,1.0
officehome_convnext_frozen__split09__seed0,officehome,frozen,,convnext_frozen_linear,0.15,4,12,0.05,0.05,0.0010416666666666667,0.004166666666666667,0.04528552269660926,0,0,0,delta_c/(M J) -> delta_c/M,0,,,,0.0,,0,,,,0.0,,0.04528552269660926,0,0->0,1,1.0,1.0,1.0
officehome_convnext_frozen__split09__seed0,officehome,frozen,,convnext_frozen_linear,0.2,4,12,0.05,0.05,0.0010416666666666667,0.004166666666666667,0.003677816175612285,1,1,1,delta_c/(M J) -> delta_c/M,1,4.0,energy,0.3,0.045682092644569364,0.003677816175612285,1,4.0,energy,0.3,0.048447207015817,0.003677816175612285,0.003677816175612285,0,1->1,1,1.0,1.0,1.0
officehome_convnext_frozen__split09__seed0,officehome,frozen,,convnext_frozen_linear,0.25,4,12,0.05,0.05,0.0010416666666666667,0.004166666666666667,6.099723459826792e-05,4,4,4,delta_c/(M J) -> delta_c/M,1,1.0,msp,0.5,0.16825902047549862,0.003442021124547087,1,1.0,msp,0.5,0.17334972571289292,0.003442021124547087,0.003442021124547087,0,1->1,1,1.0,1.0,1.0
officehome_convnext_frozen__split09__seed0,officehome,frozen,,convnext_frozen_linear,0.3,4,12,0.05,0.05,0.0010416666666666667,0.004166666666666667,4.6621161841962773e-07,6,6,6,delta_c/(M J) -> delta_c/M,1,9.0,margin,0.5,0.1941109572089362,0.0010300281472453022,1,9.0,margin,0.5,0.19950654802381282,0.0010300281472453022,0.0010300281472453022,0,1->1,1,1.0,1.0,1.0
officehome_convnext_frozen__split09__seed1,officehome,frozen,,convnext_frozen_linear,0.05,4,12,0.05,0.05,0.0010416666666666667,0.004166666666666667,0.41743576866016574,0,0,0,delta_c/(M J) -> delta_c/M,0,,,,0.0,,0,,,,0.0,,0.41743576866016574,0,0->0,1,1.0,1.0,1.0
officehome_convnext_frozen__split09__seed1,officehome,frozen,,convnext_frozen_linear,0.1,4,12,0.05,0.05,0.0010416666666666667,0.004166666666666667,0.20905113199726788,0,0,0,delta_c/(M J) -> delta_c/M,0,,,,0.0,,0,,,,0.0,,0.20905113199726788,0,0->0,1,1.0,1.0,1.0
officehome_convnext_frozen__split09__seed1,officehome,frozen,,convnext_frozen_linear,0.15,4,12,0.05,0.05,0.0010416666666666667,0.004166666666666667,0.07408685521209529,0,0,0,delta_c/(M J) -> delta_c/M,0,,,,0.0,,0,,,,0.0,,0.07408685521209529,0,0->0,1,1.0,1.0,1.0
officehome_convnext_frozen__split09__seed1,officehome,frozen,,convnext_frozen_linear,0.2,4,12,0.05,0.05,0.0010416666666666667,0.004166666666666667,0.005796891156209502,0,0,0,delta_c/(M J) -> delta_c/M,0,,,,0.0,,0,,,,0.0,,0.005796891156209502,0,0->0,1,1.0,1.0,1.0
officehome_convnext_frozen__split09__seed1,officehome,frozen,,convnext_frozen_linear,0.25,4,12,0.05,0.05,0.0010416666666666667,0.004166666666666667,2.5420792317884096e-05,6,6,6,delta_c/(M J) -> delta_c/M,1,1.0,msp,0.5,0.17469694844024455,0.0045162966157605705,1,1.0,msp,0.5,0.179867419768489,0.0045162966157605705,0.0045162966157605705,0,1->1,1,1.0,1.0,1.0
officehome_convnext_frozen__split09__seed1,officehome,frozen,,convnext_frozen_linear,0.3,4,12,0.05,0.05,0.0010416666666666667,0.004166666666666667,4.857527461376481e-08,6,6,6,delta_c/(M J) -> delta_c/M,1,9.0,margin,0.5,0.19040190334664187,0.0017221382352605413,1,9.0,margin,0.5,0.19575619164444116,0.0017221382352605413,0.0017221382352605413,0,1->1,1,1.0,1.0,1.0
officehome_convnext_frozen__split09__seed2,officehome,frozen,,convnext_frozen_linear,0.05,4,12,0.05,0.05,0.0010416666666666667,0.004166666666666667,0.3723639736473863,0,0,0,delta_c/(M J) -> delta_c/M,0,,,,0.0,,0,,,,0.0,,0.3723639736473863,0,0->0,1,1.0,1.0,1.0
officehome_convnext_frozen__split09__seed2,officehome,frozen,,convnext_frozen_linear,0.1,4,12,0.05,0.05,0.0010416666666666667,0.004166666666666667,0.12896322065929142,0,0,0,delta_c/(M J) -> delta_c/M,0,,,,0.0,,0,,,,0.0,,0.12896322065929142,0,0->0,1,1.0,1.0,1.0
officehome_convnext_frozen__split09__seed2,officehome,frozen,,convnext_frozen_linear,0.15,4,12,0.05,0.05,0.0010416666666666667,0.004166666666666667,0.04690758546528963,0,0,0,delta_c/(M J) -> delta_c/M,0,,,,0.0,,0,,,,0.0,,0.04690758546528963,0,0->0,1,1.0,1.0,1.0
officehome_convnext_frozen__split09__seed2,officehome,frozen,,convnext_frozen_linear,0.2,4,12,0.05,0.05,0.0010416666666666667,0.004166666666666667,0.0038828274135018536,1,1,1,delta_c/(M J) -> delta_c/M,1,4.0,energy,0.3,0.05147812229046467,0.0038828274135018536,1,4.0,energy,0.3,0.05441322379033922,0.0038828274135018536,0.0038828274135018536,0,1->1,1,1.0,1.0,1.0
officehome_convnext_frozen__split09__seed2,officehome,frozen,,convnext_frozen_linear,0.25,4,12,0.05,0.05,0.0010416666666666667,0.004166666666666667,4.004573470078223e-05,5,5,5,delta_c/(M J) -> delta_c/M,1,9.0,margin,0.5,0.16367131352535622,0.003524935938544492,1,9.0,margin,0.5,0.1687035137764938,0.003524935938544492,0.003524935938544492,0,1->1,1,1.0,1.0,1.0
officehome_convnext_frozen__split09__seed2,officehome,frozen,,convnext_frozen_linear,0.3,4,12,0.05,0.05,0.0010416666666666667,0.004166666666666667,1.2153839591581143e-07,6,6,6,delta_c/(M J) -> delta_c/M,1,1.0,msp,0.5,0.19132868864439423,9.138653390259411e-05,1,1.0,msp,0.5,0.19669337024418682,9.138653390259411e-05,9.138653390259411e-05,0,1->1,1,1.0,1.0,1.0
officehome_convnext_frozen__split09__seed3,officehome,frozen,,convnext_frozen_linear,0.05,4,12,0.05,0.05,0.0010416666666666667,0.004166666666666667,0.79264352214185,0,0,0,delta_c/(M J) -> delta_c/M,0,,,,0.0,,0,,,,0.0,,0.79264352214185,0,0->0,1,1.0,1.0,1.0
officehome_convnext_frozen__split09__seed3,officehome,frozen,,convnext_frozen_linear,0.1,4,12,0.05,0.05,0.0010416666666666667,0.004166666666666667,0.2872215908054473,0,0,0,delta_c/(M J) -> delta_c/M,0,,,,0.0,,0,,,,0.0,,0.2872215908054473,0,0->0,1,1.0,1.0,1.0
officehome_convnext_frozen__split09__seed3,officehome,frozen,,convnext_frozen_linear,0.15,4,12,0.05,0.05,0.0010416666666666667,0.004166666666666667,0.04783012222666577,0,0,0,delta_c/(M J) -> delta_c/M,0,,,,0.0,,0,,,,0.0,,0.04783012222666577,0,0->0,1,1.0,1.0,1.0
officehome_convnext_frozen__split09__seed3,officehome,frozen,,convnext_frozen_linear,0.2,4,12,0.05,0.05,0.0010416666666666667,0.004166666666666667,0.002313883954491772,1,1,1,delta_c/(M J) -> delta_c/M,1,4.0,energy,0.3,0.04815764993107922,0.002313883954491772,1,4.0,energy,0.3,0.0509967941117729,0.002313883954491772,0.002313883954491772,0,1->1,1,1.0,1.0,1.0
officehome_convnext_frozen__split09__seed3,officehome,frozen,,convnext_frozen_linear,0.25,4,12,0.05,0.05,0.0010416666666666667,0.004166666666666667,5.205415722052714e-05,6,6,6,delta_c/(M J) -> delta_c/M,1,9.0,margin,0.5,0.1737761839667066,0.003009637572768345,1,9.0,margin,0.5,0.1789354101327595,0.003009637572768345,0.003009637572768345,0,1->1,1,1.0,1.0,1.0
officehome_convnext_frozen__split09__seed3,officehome,frozen,,convnext_frozen_linear,0.3,4,12,0.05,0.05,0.0010416666666666667,0.004166666666666667,8.780091339224295e-07,6,6,6,delta_c/(M J) -> delta_c/M,1,1.0,msp,0.5,0.19689606508511356,0.00022912584148684315,1,1.0,msp,0.5,0.20232216325796595,0.00022912584148684315,0.00022912584148684315,0,1->1,1,1.0,1.0,1.0
officehome_convnext_frozen__split09__seed4,officehome,frozen,,convnext_frozen_linear,0.05,4,12,0.05,0.05,0.0010416666666666667,0.004166666666666667,0.8364422760388086,0,0,0,delta_c/(M J) -> delta_c/M,0,,,,0.0,,0,,,,0.0,,0.8364422760388086,0,0->0,1,1.0,1.0,1.0
officehome_convnext_frozen__split09__seed4,officehome,frozen,,convnext_frozen_linear,0.1,4,12,0.05,0.05,0.0010416666666666667,0.004166666666666667,0.31412782653504245,0,0,0,delta_c/(M J) -> delta_c/M,0,,,,0.0,,0,,,,0.0,,0.31412782653504245,0,0->0,1,1.0,1.0,1.0
officehome_convnext_frozen__split09__seed4,officehome,frozen,,convnext_frozen_linear,0.15,4,12,0.05,0.05,0.0010416666666666667,0.004166666666666667,0.06763433556329321,0,0,0,delta_c/(M J) -> delta_c/M,0,,,,0.0,,0,,,,0.0,,0.06763433556329321,0,0->0,1,1.0,1.0,1.0
officehome_convnext_frozen__split09__seed4,officehome,frozen,,convnext_frozen_linear,0.2,4,12,0.05,0.05,0.0010416666666666667,0.004166666666666667,0.0017307641566745406,2,2,2,delta_c/(M J) -> delta_c/M,1,0.0,msp,0.3,0.09264567175219826,0.0017307641566745406,1,0.0,msp,0.3,0.09654729710670731,0.0017307641566745406,0.0017307641566745406,0,1->1,1,1.0,1.0,1.0
officehome_convnext_frozen__split09__seed4,officehome,frozen,,convnext_frozen_linear,0.25,4,12,0.05,0.05,0.0010416666666666667,0.004166666666666667,9.822691738794898e-05,5,5,5,delta_c/(M J) -> delta_c/M,1,1.0,msp,0.5,0.17469694844024455,0.002694686247397087,1,1.0,msp,0.5,0.179867419768489,0.002694686247397087,0.002694686247397087,0,1->1,1,1.0,1.0,1.0
officehome_convnext_frozen__split09__seed4,officehome,frozen,,convnext_frozen_linear,0.3,4,12,0.05,0.05,0.0010416666666666667,0.004166666666666667,3.7860584033293216e-08,6,6,6,delta_c/(M J) -> delta_c/M,1,1.0,msp,0.5,0.20154412081155848,0.0010128839894109729,1,1.0,msp,0.5,0.20702018568512132,0.0010128839894109729,0.0010128839894109729,0,1->1,1,1.0,1.0,1.0
officehome_convnext_full__split00__seed0,officehome,full,,convnext_full_ft,0.05,4,12,0.05,0.05,0.0010416666666666667,0.004166666666666667,0.21463876394293757,0,0,0,delta_c/(M J) -> delta_c/M,0,,,,0.0,,0,,,,0.0,,0.21463876394293757,0,0->0,1,1.0,1.0,1.0
officehome_convnext_full__split00__seed0,officehome,full,,convnext_full_ft,0.1,4,12,0.05,0.05,0.0010416666666666667,0.004166666666666667,0.03815204244769456,0,0,0,delta_c/(M J) -> delta_c/M,0,,,,0.0,,0,,,,0.0,,0.03815204244769456,0,0->0,1,1.0,1.0,1.0
officehome_convnext_full__split00__seed0,officehome,full,,convnext_full_ft,0.15,4,12,0.05,0.05,0.0010416666666666667,0.004166666666666667,0.01312854422086335,0,0,0,delta_c/(M J) -> delta_c/M,0,,,,0.0,,0,,,,0.0,,0.01312854422086335,0,0->0,1,1.0,1.0,1.0
officehome_convnext_full__split00__seed0,officehome,full,,convnext_full_ft,0.2,4,12,0.05,0.05,0.0010416666666666667,0.004166666666666667,9.189523295627435e-05,7,7,7,delta_c/(M J) -> delta_c/M,1,2.0,msp,0.7,0.2559370630517758,0.007217627772208805,1,2.0,msp,0.7,0.26429643896360755,0.007217627772208805,0.007217627772208805,0,1->1,1,1.0,1.0,1.0
officehome_convnext_full__split00__seed0,officehome,full,,convnext_full_ft,0.25,4,12,0.05,0.05,0.0010416666666666667,0.004166666666666667,2.233507282627327e-06,9,9,9,delta_c/(M J) -> delta_c/M,1,10.0,margin,0.7,0.29652063010758883,0.008865225043779344,1,10.0,margin,0.7,0.30288215745150737,0.008865225043779344,0.008865225043779344,0,1->1,1,1.0,1.0,1.0
officehome_convnext_full__split00__seed0,officehome,full,,convnext_full_ft,0.3,4,12,0.05,0.05,0.0010416666666666667,0.004166666666666667,9.206356828614594e-09,9,9,9,delta_c/(M J) -> delta_c/M,1,2.0,msp,0.7,0.33203564626241827,0.0010683887436824017,1,2.0,msp,0.7,0.3396015543211594,0.0010683887436824017,0.0010683887436824017,0,1->1,1,1.0,1.0,1.0
officehome_convnext_full__split00__seed1,officehome,full,,convnext_full_ft,0.05,4,12,0.05,0.05,0.0010416666666666667,0.004166666666666667,0.11018311023500552,0,0,0,delta_c/(M J) -> delta_c/M,0,,,,0.0,,0,,,,0.0,,0.11018311023500552,0,0->0,1,1.0,1.0,1.0
officehome_convnext_full__split00__seed1,officehome,full,,convnext_full_ft,0.1,4,12,0.05,0.05,0.0010416666666666667,0.004166666666666667,0.17600144909885812,0,0,0,delta_c/(M J) -> delta_c/M,0,,,,0.0,,0,,,,0.0,,0.17600144909885812,0,0->0,1,1.0,1.0,1.0
officehome_convnext_full__split00__seed1,officehome,full,,convnext_full_ft,0.15,4,12,0.05,0.05,0.0010416666666666667,0.004166666666666667,0.009274116350941417,0,0,0,delta_c/(M J) -> delta_c/M,0,,,,0.0,,0,,,,0.0,,0.009274116350941417,0,0->0,1,1.0,1.0,1.0
officehome_convnext_full__split00__seed1,officehome,full,,convnext_full_ft,0.2,4,12,0.05,0.05,0.0010416666666666667,0.004166666666666667,0.00023992143261029474,5,5,5,delta_c/(M J) -> delta_c/M,1,9.0,margin,0.5,0.21237596197474234,0.00023992143261029474,1,9.0,margin,0.5,0.22017587599075794,0.00023992143261029474,0.00023992143261029474,0,1->1,1,1.0,1.0,1.0
officehome_convnext_full__split00__seed1,officehome,full,,convnext_full_ft,0.25,4,12,0.05,0.05,0.0010416666666666667,0.004166666666666667,5.691683461253029e-07,9,9,9,delta_c/(M J) -> delta_c/M,1,10.0,margin,0.7,0.29838268958460773,0.0007921426779418147,1,10.0,margin,0.7,0.307179871368015,0.0007921426779418147,0.0007921426779418147,0,1->1,1,1.0,1.0,1.0
officehome_convnext_full__split00__seed1,officehome,full,,convnext_full_ft,0.3,4,12,0.05,0.05,0.0010416666666666667,0.004166666666666667,1.061352451347046e-09,9,9,9,delta_c/(M J) -> delta_c/M,1,2.0,msp,0.7,0.3357973256251629,0.0023695952217432418,1,2.0,msp,0.7,0.34490409372240766,0.0023695952217432418,0.0023695952217432418,0,1->1,1,1.0,1.0,1.0
officehome_convnext_full__split00__seed2,officehome,full,,convnext_full_ft,0.05,4,12,0.05,0.05,0.0010416666666666667,0.004166666666666667,0.17482461472379734,0,0,0,delta_c/(M J) -> delta_c/M,0,,,,0.0,,0,,,,0.0,,0.17482461472379734,0,0->0,1,1.0,1.0,1.0
officehome_convnext_full__split00__seed2,officehome,full,,convnext_full_ft,0.1,4,12,0.05,0.05,0.0010416666666666667,0.004166666666666667,0.0879712334157049,0,0,0,delta_c/(M J) -> delta_c/M,0,,,,0.0,,0,,,,0.0,,0.0879712334157049,0,0->0,1,1.0,1.0,1.0
officehome_convnext_full__split00__seed2,officehome,full,,convnext_full_ft,0.15,4,12,0.05,0.05,0.0010416666666666667,0.004166666666666667,0.00473699921395829,0,0,0,delta_c/(M J) -> delta_c/M,0,,,,0.0,,0,,,,0.0,,0.00473699921395829,0,0->0,1,1.0,1.0,1.0
officehome_convnext_full__split00__seed2,officehome,full,,convnext_full_ft,0.2,4,12,0.05,0.05,0.0010416666666666667,0.004166666666666667,3.930497336110519e-05,6,6,6,delta_c/(M J) -> delta_c/M,1,9.0,margin,0.5,0.21597520303958834,0.001128483008855513,1,9.0,margin,0.5,0.22382607238794694,0.001128483008855513,0.001128483008855513,0,1->1,1,1.0,1.0,1.0
officehome_convnext_full__split00__seed2,officehome,full,,convnext_full_ft,0.25,4,12,0.05,0.05,0.0010416666666666667,0.004166666666666667,7.973905344501158e-07,9,9,9,delta_c/(M J) -> delta_c/M,1,2.0,msp,0.7,0.2891008829600065,0.008305358913339788,1,2.0,msp,0.7,0.2978105556486628,0.008305358913339788,0.008305358913339788,0,1->1,1,1.0,1.0,1.0
officehome_convnext_full__split00__seed2,officehome,full,,convnext_full_ft,0.3,4,12,0.05,0.05,0.0010416666666666667,0.004166666666666667,6.195001857940557e-09,8,8,8,delta_c/(M J) -> delta_c/M,1,2.0,msp,0.7,0.34144809720359964,0.0060704608304357754,1,2.0,msp,0.7,0.3505958726213493,0.0060704608304357754,0.0060704608304357754,0,1->1,1,1.0,1.0,1.0
officehome_convnext_full__split00__seed3,officehome,full,,convnext_full_ft,0.05,4,12,0.05,0.05,0.0010416666666666667,0.004166666666666667,0.19371148445850117,0,0,0,delta_c/(M J) -> delta_c/M,0,,,,0.0,,0,,,,0.0,,0.19371148445850117,0,0->0,1,1.0,1.0,1.0
officehome_convnext_full__split00__seed3,officehome,full,,convnext_full_ft,0.1,4,12,0.05,0.05,0.0010416666666666667,0.004166666666666667,0.03890760910653739,0,0,0,delta_c/(M J) -> delta_c/M,0,,,,0.0,,0,,,,0.0,,0.03890760910653739,0,0->0,1,1.0,1.0,1.0
officehome_convnext_full__split00__seed3,officehome,full,,convnext_full_ft,0.15,4,12,0.05,0.05,0.0010416666666666667,0.004166666666666667,0.0008684360315892248,2,2,2,delta_c/(M J) -> delta_c/M,1,8.0,margin,0.3,0.11610310510034,0.0008684360315892248,1,8.0,margin,0.3,0.12212254675271124,0.0008684360315892248,0.0008684360315892248,0,1->1,1,1.0,1.0,1.0
officehome_convnext_full__split00__seed3,officehome,full,,convnext_full_ft,0.2,4,12,0.05,0.05,0.0010416666666666667,0.004166666666666667,3.0791358387965316e-06,6,6,6,delta_c/(M J) -> delta_c/M,1,1.0,msp,0.5,0.21417484726007982,0.00020921622130995498,1,1.0,msp,0.5,0.22200034216974238,0.00020921622130995498,0.00020921622130995498,0,1->1,1,1.0,1.0,1.0
officehome_convnext_full__split00__seed3,officehome,full,,convnext_full_ft,0.25,4,12,0.05,0.05,0.0010416666666666667,0.004166666666666667,5.033912766289902e-08,9,9,9,delta_c/(M J) -> delta_c/M,1,2.0,msp,0.7,0.2816968236370711,0.004401746262298386,1,2.0,msp,0.7,0.2903334801069722,0.004401746262298386,0.004401746262298386,0,1->1,1,1.0,1.0,1.0
officehome_convnext_full__split00__seed3,officehome,full,,convnext_full_ft,0.3,4,12,0.05,0.05,0.0010416666666666667,0.004166666666666667,1.2534348517492018e-10,9,9,9,delta_c/(M J) -> delta_c/M,1,6.0,energy,0.7,0.33956340981485467,0.001822801363086922,1,6.0,energy,0.7,0.34869767056645073,0.001822801363086922,0.001822801363086922,0,1->1,1,1.0,1.0,1.0
officehome_convnext_full__split00__seed4,officehome,full,,convnext_full_ft,0.05,4,12,0.05,0.05,0.0010416666666666667,0.004166666666666667,0.43862415211155176,0,0,0,delta_c/(M J) -> delta_c/M,0,,,,0.0,,0,,,,0.0,,0.43862415211155176,0,0->0,1,1.0,1.0,1.0
officehome_convnext_full__split00__seed4,officehome,full,,convnext_full_ft,0.1,4,12,0.05,0.05,0.0010416666666666667,0.004166666666666667,0.17496816164838785,0,0,0,delta_c/(M J) -> delta_c/M,0,,,,0.0,,0,,,,0.0,,0.17496816164838785,0,0->0,1,1.0,1.0,1.0
officehome_convnext_full__split00__seed4,officehome,full,,convnext_full_ft,0.15,4,12,0.05,0.05,0.0010416666666666667,0.004166666666666667,0.011894855837350097,0,0,0,delta_c/(M J) -> delta_c/M,0,,,,0.0,,0,,,,0.0,,0.011894855837350097,0,0->0,1,1.0,1.0,1.0
officehome_convnext_full__split00__seed4,officehome,full,,convnext_full_ft,0.2,4,12,0.05,0.05,0.0010416666666666667,0.004166666666666667,0.00012745126219516542,6,6,6,delta_c/(M J) -> delta_c/M,1,2.0,msp,0.7,0.24862273566203,0.0065138770088566875,1,2.0,msp,0.7,0.2568964761138916,0.0065138770088566875,0.0065138770088566875,0,1->1,1,1.0,1.0,1.0
officehome_convnext_full__split00__seed4,officehome,full,,convnext_full_ft,0.25,4,12,0.05,0.05,0.0010416666666666667,0.004166666666666667,7.973905344501158e-07,9,9,9,delta_c/(M J) -> delta_c/M,1,6.0,energy,0.7,0.290954882964057,0.010387011816951931,1,6.0,energy,0.7,0.2996823897221242,0.010387011816951931,0.010387011816951931,0,1->1,1,1.0,1.0,1.0
officehome_convnext_full__split00__seed4,officehome,full,,convnext_full_ft,0.3,4,12,0.05,0.05,0.0010416666666666667,0.004166666666666667,7.872497744332848e-09,9,9,9,delta_c/(M J) -> delta_c/M,1,2.0,msp,0.7,0.35088788900534873,0.0062733387220914455,1,2.0,msp,0.7,0.36010093482300515,0.0062733387220914455,0.0062733387220914455,0,1->1,1,1.0,1.0,1.0
officehome_convnext_full__split01__seed0,officehome,full,,convnext_full_ft,0.05,4,12,0.05,0.05,0.0010416666666666667,0.004166666666666667,0.26352009446574237,0,0,0,delta_c/(M J) -> delta_c/M,0,,,,0.0,,0,,,,0.0,,0.26352009446574237,0,0->0,1,1.0,1.0,1.0
officehome_convnext_full__split01__seed0,officehome,full,,convnext_full_ft,0.1,4,12,0.05,0.05,0.0010416666666666667,0.004166666666666667,0.07934671283080605,0,0,0,delta_c/(M J) -> delta_c/M,0,,,,0.0,,0,,,,0.0,,0.07934671283080605,0,0->0,1,1.0,1.0,1.0
officehome_convnext_full__split01__seed0,officehome,full,,convnext_full_ft,0.15,4,12,0.05,0.05,0.0010416666666666667,0.004166666666666667,0.009675127620535733,0,0,0,delta_c/(M J) -> delta_c/M,0,,,,0.0,,0,,,,0.0,,0.009675127620535733,0,0->0,1,1.0,1.0,1.0
officehome_convnext_full__split01__seed0,officehome,full,,convnext_full_ft,0.2,4,12,0.05,0.05,0.0010416666666666667,0.004166666666666667,0.0002906800271622874,4,4,4,delta_c/(M J) -> delta_c/M,1,9.0,margin,0.5,0.11896998719773685,0.00477393276918868,1,9.0,margin,0.5,0.1247777603100368,0.00477393276918868,0.00477393276918868,0,1->1,1,1.0,1.0,1.0
officehome_convnext_full__split01__seed0,officehome,full,,convnext_full_ft,0.25,4,12,0.05,0.05,0.0010416666666666667,0.004166666666666667,2.9461155558148523e-06,7,7,7,delta_c/(M J) -> delta_c/M,1,10.0,margin,0.7,0.19856220753163994,0.0036868085904690354,1,10.0,margin,0.7,0.2058051198572838,0.0036868085904690354,0.0036868085904690354,0,1->1,1,1.0,1.0,1.0
officehome_convnext_full__split01__seed0,officehome,full,,convnext_full_ft,0.3,4,12,0.05,0.05,0.0010416666666666667,0.004166666666666667,7.022359994569543e-08,9,9,9,delta_c/(M J) -> delta_c/M,1,10.0,margin,0.7,0.2562369916041555,0.0025807698086264892,1,10.0,margin,0.7,0.2642092390280448,0.0025807698086264892,0.0025807698086264892,0,1->1,1,1.0,1.0,1.0
officehome_convnext_full__split01__seed1,officehome,full,,convnext_full_ft,0.05,4,12,0.05,0.05,0.0010416666666666667,0.004166666666666667,0.35848592240854227,0,0,0,delta_c/(M J) -> delta_c/M,0,,,,0.0,,0,,,,0.0,,0.35848592240854227,0,0->0,1,1.0,1.0,1.0
officehome_convnext_full__split01__seed1,officehome,full,,convnext_full_ft,0.1,4,12,0.05,0.05,0.0010416666666666667,0.004166666666666667,0.1928310996821517,0,0,0,delta_c/(M J) -> delta_c/M,0,,,,0.0,,0,,,,0.0,,0.1928310996821517,0,0->0,1,1.0,1.0,1.0
officehome_convnext_full__split01__seed1,officehome,full,,convnext_full_ft,0.15,4,12,0.05,0.05,0.0010416666666666667,0.004166666666666667,0.018720623170584025,0,0,0,delta_c/(M J) -> delta_c/M,0,,,,0.0,,0,,,,0.0,,0.018720623170584025,0,0->0,1,1.0,1.0,1.0
officehome_convnext_full__split01__seed1,officehome,full,,convnext_full_ft,0.2,4,12,0.05,0.05,0.0010416666666666667,0.004166666666666667,0.0033487661544630643,3,3,3,delta_c/(M J) -> delta_c/M,1,5.0,energy,0.5,0.11278705511888712,0.004594364733285436,1,5.0,energy,0.5,0.11845419462412146,0.004594364733285436,0.004594364733285436,0,1->1,1,1.0,1.0,1.0
officehome_convnext_full__split01__seed1,officehome,full,,convnext_full_ft,0.25,4,12,0.05,0.05,0.0010416666666666667,0.004166666666666667,4.729089864051555e-05,6,6,6,delta_c/(M J) -> delta_c/M,1,1.0,msp,0.5,0.1759013094403966,0.003776590675897879,1,1.0,msp,0.5,0.18279498564516672,0.003776590675897879,0.003776590675897879,0,1->1,1,1.0,1.0,1.0
officehome_convnext_full__split01__seed1,officehome,full,,convnext_full_ft,0.3,4,12,0.05,0.05,0.0010416666666666667,0.004166666666666667,8.472813552224047e-07,6,6,6,delta_c/(M J) -> delta_c/M,1,9.0,margin,0.5,0.20019046103888669,4.045975569871902e-05,1,9.0,margin,0.5,0.20745696759821725,4.045975569871902e-05,4.045975569871902e-05,0,1->1,1,1.0,1.0,1.0
officehome_convnext_full__split01__seed2,officehome,full,,convnext_full_ft,0.05,4,12,0.05,0.05,0.0010416666666666667,0.004166666666666667,0.34056162628811515,0,0,0,delta_c/(M J) -> delta_c/M,0,,,,0.0,,0,,,,0.0,,0.34056162628811515,0,0->0,1,1.0,1.0,1.0
officehome_convnext_full__split01__seed2,officehome,full,,convnext_full_ft,0.1,4,12,0.05,0.05,0.0010416666666666667,0.004166666666666667,0.058068873414509906,0,0,0,delta_c/(M J) -> delta_c/M,0,,,,0.0,,0,,,,0.0,,0.058068873414509906,0,0->0,1,1.0,1.0,1.0
officehome_convnext_full__split01__seed2,officehome,full,,convnext_full_ft,0.15,4,12,0.05,0.05,0.0010416666666666667,0.004166666666666667,0.0018804717318853393,1,1,1,delta_c/(M J) -> delta_c/M,1,8.0,margin,0.3,0.060413347263340474,0.0018804717318853393,1,8.0,margin,0.3,0.06460965224536194,0.0018804717318853393,0.0018804717318853393,0,1->1,1,1.0,1.0,1.0
officehome_convnext_full__split01__seed2,officehome,full,,convnext_full_ft,0.2,4,12,0.05,0.05,0.0010416666666666667,0.004166666666666667,3.21903190411976e-05,4,4,4,delta_c/(M J) -> delta_c/M,1,5.0,energy,0.5,0.12362839338337331,0.003155801180365346,1,5.0,energy,0.5,0.12953867902263244,0.003155801180365346,0.003155801180365346,0,1->1,1,1.0,1.0,1.0
officehome_convnext_full__split01__seed2,officehome,full,,convnext_full_ft,0.25,4,12,0.05,0.05,0.0010416666666666667,0.004166666666666667,2.691199825064048e-07,7,7,7,delta_c/(M J) -> delta_c/M,1,6.0,energy,0.7,0.22311189686683375,0.0074336401884033025,1,6.0,energy,0.7,0.23069102510265727,0.0074336401884033025,0.0074336401884033025,0,1->1,1,1.0,1.0,1.0
officehome_convnext_full__split01__seed2,officehome,full,,convnext_full_ft,0.3,4,12,0.05,0.05,0.0010416666666666667,0.004166666666666667,2.0575441722757725e-09,9,9,9,delta_c/(M J) -> delta_c/M,1,2.0,msp,0.7,0.27127852416304127,0.0059977335786618995,1,2.0,msp,0.7,0.2794086368678088,0.0059977335786618995,0.0059977335786618995,0,1->1,1,1.0,1.0,1.0
officehome_convnext_full__split01__seed3,officehome,full,,convnext_full_ft,0.05,4,12,0.05,0.05,0.0010416666666666667,0.004166666666666667,0.3421726251114271,0,0,0,delta_c/(M J) -> delta_c/M,0,,,,0.0,,0,,,,0.0,,0.3421726251114271,0,0->0,1,1.0,1.0,1.0
officehome_convnext_full__split01__seed3,officehome,full,,convnext_full_ft,0.1,4,12,0.05,0.05,0.0010416666666666667,0.004166666666666667,0.0347047525374176,0,0,0,delta_c/(M J) -> delta_c/M,0,,,,0.0,,0,,,,0.0,,0.0347047525374176,0,0->0,1,1.0,1.0,1.0
officehome_convnext_full__split01__seed3,officehome,full,,convnext_full_ft,0.15,4,12,0.05,0.05,0.0010416666666666667,0.004166666666666667,0.0019901424450124282,2,2,2,delta_c/(M J) -> delta_c/M,1,8.0,margin,0.3,0.06766352428431557,0.003230083855395847,1,8.0,margin,0.3,0.07210207583706671,0.003230083855395847,0.003230083855395847,0,1->1,1,1.0,1.0,1.0
officehome_convnext_full__split01__seed3,officehome,full,,convnext_full_ft,0.2,4,12,0.05,0.05,0.0010416666666666667,0.004166666666666667,0.00011440423980763281,3,3,3,delta_c/(M J) -> delta_c/M,1,8.0,margin,0.3,0.1051063727953549,0.00012134613133010269,1,8.0,margin,0.3,0.11059102249940703,0.00012134613133010269,0.00012134613133010269,0,1->1,1,1.0,1.0,1.0
officehome_convnext_full__split01__seed3,officehome,full,,convnext_full_ft,0.25,4,12,0.05,0.05,0.0010416666666666667,0.004166666666666667,1.994275939353483e-06,6,6,6,delta_c/(M J) -> delta_c/M,1,9.0,margin,0.5,0.18234949256661956,0.0021581815410607,1,9.0,margin,0.5,0.18934665261752365,0.0021581815410607,0.0021581815410607,0,1->1,1,1.0,1.0,1.0
officehome_convnext_full__split01__seed3,officehome,full,,convnext_full_ft,0.3,4,12,0.05,0.05,0.0010416666666666667,0.004166666666666667,6.978991302280313e-09,7,7,7,delta_c/(M J) -> delta_c/M,1,10.0,margin,0.7,0.27463195455582234,0.00754745698378466,1,10.0,margin,0.7,0.2827956179018046,0.00754745698378466,0.00754745698378466,0,1->1,1,1.0,1.0,1.0
officehome_convnext_full__split01__seed4,officehome,full,,convnext_full_ft,0.05,4,12,0.05,0.05,0.0010416666666666667,0.004166666666666667,0.7151420688417907,0,0,0,delta_c/(M J) -> delta_c/M,0,,,,0.0,,0,,,,0.0,,0.7151420688417907,0,0->0,1,1.0,1.0,1.0
officehome_convnext_full__split01__seed4,officehome,full,,convnext_full_ft,0.1,4,12,0.05,0.05,0.0010416666666666667,0.004166666666666667,0.1928310996821517,0,0,0,delta_c/(M J) -> delta_c/M,0,,,,0.0,,0,,,,0.0,,0.1928310996821517,0,0->0,1,1.0,1.0,1.0
officehome_convnext_full__split01__seed4,officehome,full,,convnext_full_ft,0.15,4,12,0.05,0.05,0.0010416666666666667,0.004166666666666667,0.01249605704186153,0,0,0,delta_c/(M J) -> delta_c/M,0,,,,0.0,,0,,,,0.0,,0.01249605704186153,0,0->0,1,1.0,1.0,1.0
officehome_convnext_full__split01__seed4,officehome,full,,convnext_full_ft,0.2,4,12,0.05,0.05,0.0010416666666666667,0.004166666666666667,0.0010980969387773625,4,4,4,delta_c/(M J) -> delta_c/M,1,5.0,energy,0.5,0.111246554156268,0.005255120977834604,1,5.0,energy,0.5,0.11687780471657631,0.005255120977834604,0.005255120977834604,0,1->1,1,1.0,1.0,1.0
officehome_convnext_full__split01__seed4,officehome,full,,convnext_full_ft,0.25,4,12,0.05,0.05,0.0010416666666666667,0.004166666666666667,2.4856732622349195e-06,6,6,6,delta_c/(M J) -> delta_c/M,1,5.0,energy,0.5,0.14558816737919328,8.776887223341965e-05,1,5.0,energy,0.5,0.1519459971407748,8.776887223341965e-05,8.776887223341965e-05,0,1->1,1,1.0,1.0,1.0
officehome_convnext_full__split01__seed4,officehome,full,,convnext_full_ft,0.3,4,12,0.05,0.05,0.0010416666666666667,0.004166666666666667,1.8011199040856332e-08,7,7,7,delta_c/(M J) -> delta_c/M,1,6.0,energy,0.7,0.2562369916041555,0.007001312209957877,1,6.0,energy,0.7,0.2642092390280448,0.007001312209957877,0.007001312209957877,0,1->1,1,1.0,1.0,1.0
officehome_convnext_full__split02__seed0,officehome,full,,convnext_full_ft,0.05,4,12,0.05,0.05,0.0010416666666666667,0.004166666666666667,0.09580609366153427,0,0,0,delta_c/(M J) -> delta_c/M,0,,,,0.0,,0,,,,0.0,,0.09580609366153427,0,0->0,1,1.0,1.0,1.0
officehome_convnext_full__split02__seed0,officehome,full,,convnext_full_ft,0.1,4,12,0.05,0.05,0.0010416666666666667,0.004166666666666667,0.013689573946299723,0,0,0,delta_c/(M J) -> delta_c/M,0,,,,0.0,,0,,,,0.0,,0.013689573946299723,0,0->0,1,1.0,1.0,1.0
officehome_convnext_full__split02__seed0,officehome,full,,convnext_full_ft,0.15,4,12,0.05,0.05,0.0010416666666666667,0.004166666666666667,0.006654743939776303,0,0,0,delta_c/(M J) -> delta_c/M,0,,,,0.0,,0,,,,0.0,,0.006654743939776303,0,0->0,1,1.0,1.0,1.0
officehome_convnext_full__split02__seed0,officehome,full,,convnext_full_ft,0.2,4,12,0.05,0.05,0.0010416666666666667,0.004166666666666667,0.0002371822409357796,5,5,5,delta_c/(M J) -> delta_c/M,1,1.0,msp,0.5,0.1965960891246682,0.004439822018866543,1,1.0,msp,0.5,0.2039795857797134,0.004439822018866543,0.004439822018866543,0,1->1,1,1.0,1.0,1.0
officehome_convnext_full__split02__seed0,officehome,full,,convnext_full_ft,0.25,4,12,0.05,0.05,0.0010416666666666667,0.004166666666666667,3.1749582102250547e-07,6,6,6,delta_c/(M J) -> delta_c/M,1,9.0,margin,0.5,0.23955223509452472,0.0015103886339737586,1,9.0,margin,0.5,0.24751810901606155,0.0015103886339737586,0.0015103886339737586,0,1->1,1,1.0,1.0,1.0
officehome_convnext_full__split02__seed0,officehome,full,,convnext_full_ft,0.3,4,12,0.05,0.05,0.0010416666666666667,0.004166666666666667,5.3866003148942196e-09,9,9,9,delta_c/(M J) -> delta_c/M,1,10.0,margin,0.7,0.3115887389334199,0.009934446685308351,1,10.0,margin,0.7,0.3202862891743241,0.009934446685308351,0.009934446685308351,0,1->1,1,1.0,1.0,1.0
officehome_convnext_full__split02__seed1,officehome,full,,convnext_full_ft,0.05,4,12,0.05,0.05,0.0010416666666666667,0.004166666666666667,0.08099471081759299,0,0,0,delta_c/(M J) -> delta_c/M,0,,,,0.0,,0,,,,0.0,,0.08099471081759299,0,0->0,1,1.0,1.0,1.0
officehome_convnext_full__split02__seed1,officehome,full,,convnext_full_ft,0.1,4,12,0.05,0.05,0.0010416666666666667,0.004166666666666667,0.0032313607906937084,1,1,1,delta_c/(M J) -> delta_c/M,1,4.0,energy,0.3,0.07408196444455646,0.0032313607906937084,1,4.0,energy,0.3,0.07882858959870151,0.0032313607906937084,0.0032313607906937084,0,1->1,1,1.0,1.0,1.0
officehome_convnext_full__split02__seed1,officehome,full,,convnext_full_ft,0.15,4,12,0.05,0.05,0.0010416666666666667,0.004166666666666667,0.00034978866939591323,3,3,3,delta_c/(M J) -> delta_c/M,1,0.0,msp,0.3,0.12489423970930497,0.0011388588619975736,1,0.0,msp,0.3,0.13096982081576639,0.0011388588619975736,0.0011388588619975736,0,1->1,1,1.0,1.0,1.0
officehome_convnext_full__split02__seed1,officehome,full,,convnext_full_ft,0.2,4,12,0.05,0.05,0.0010416666666666667,0.004166666666666667,6.61068949033689e-05,6,6,6,delta_c/(M J) -> delta_c/M,1,9.0,margin,0.5,0.1965960891246682,0.004439822018866543,1,9.0,margin,0.5,0.2039795857797134,0.004439822018866543,0.004439822018866543,0,1->1,1,1.0,1.0,1.0
officehome_convnext_full__split02__seed1,officehome,full,,convnext_full_ft,0.25,4,12,0.05,0.05,0.0010416666666666667,0.004166666666666667,2.49359758487403e-06,5,5,5,delta_c/(M J) -> delta_c/M,1,9.0,margin,0.5,0.2222735642479197,0.0003372123655489458,1,9.0,margin,0.5,0.2300200089052246,0.0003372123655489458,0.0003372123655489458,0,1->1,1,1.0,1.0,1.0
officehome_convnext_full__split02__seed1,officehome,full,,convnext_full_ft,0.3,4,12,0.05,0.05,0.0010416666666666667,0.004166666666666667,1.5179689638919938e-09,9,9,9,delta_c/(M J) -> delta_c/M,1,10.0,margin,0.7,0.32406457772108355,0.0015960279092473027,1,10.0,margin,0.7,0.33286213751367877,0.0015960279092473027,0.0015960279092473027,0,1->1,1,1.0,1.0,1.0
officehome_convnext_full__split02__seed2,officehome,full,,convnext_full_ft,0.05,4,12,0.05,0.05,0.0010416666666666667,0.004166666666666667,0.12208654873684822,0,0,0,delta_c/(M J) -> delta_c/M,0,,,,0.0,,0,,,,0.0,,0.12208654873684822,0,0->0,1,1.0,1.0,1.0
officehome_convnext_full__split02__seed2,officehome,full,,convnext_full_ft,0.1,4,12,0.05,0.05,0.0010416666666666667,0.004166666666666667,0.000626578748217796,3,3,3,delta_c/(M J) -> delta_c/M,1,8.0,margin,0.3,0.09122443565496997,0.004792142233231819,1,8.0,margin,0.3,0.09647296384026412,0.004792142233231819,0.004792142233231819,0,1->1,1,1.0,1.0,1.0
officehome_convnext_full__split02__seed2,officehome,full,,convnext_full_ft,0.15,4,12,0.05,0.05,0.0010416666666666667,0.004166666666666667,0.0002079754733315585,5,5,5,delta_c/(M J) -> delta_c/M,1,9.0,margin,0.5,0.1595190873222581,0.0033200949750091255,1,9.0,margin,0.5,0.16628838075835334,0.0033200949750091255,0.0033200949750091255,0,1->1,1,1.0,1.0,1.0
officehome_convnext_full__split02__seed2,officehome,full,,convnext_full_ft,0.2,4,12,0.05,0.05,0.0010416666666666667,0.004166666666666667,1.8886626970218638e-07,6,6,6,delta_c/(M J) -> delta_c/M,1,9.0,margin,0.5,0.1914974176270203,0.0029595417811277185,1,9.0,margin,0.5,0.19880315275096394,0.0029595417811277185,0.0029595417811277185,0,1->1,1,1.0,1.0,1.0
officehome_convnext_full__split02__seed2,officehome,full,,convnext_full_ft,0.25,4,12,0.05,0.05,0.0010416666666666667,0.004166666666666667,1.6603782411200014e-07,6,6,6,delta_c/(M J) -> delta_c/M,1,9.0,margin,0.5,0.21539718299076036,4.7425484670891245e-05,1,9.0,margin,0.5,0.2230509236460652,4.7425484670891245e-05,4.7425484670891245e-05,0,1->1,1,1.0,1.0,1.0
officehome_convnext_full__split02__seed2,officehome,full,,convnext_full_ft,0.3,4,12,0.05,0.05,0.0010416666666666667,0.004166666666666667,1.6355142662037684e-09,9,9,9,delta_c/(M J) -> delta_c/M,1,2.0,msp,0.7,0.3258508260694067,0.003840123033061411,1,2.0,msp,0.7,0.33466211148024405,0.003840123033061411,0.003840123033061411,0,1->1,1,1.0,1.0,1.0
officehome_convnext_full__split02__seed3,officehome,full,,convnext_full_ft,0.05,4,12,0.05,0.05,0.0010416666666666667,0.004166666666666667,0.05104686868360342,0,0,0,delta_c/(M J) -> delta_c/M,0,,,,0.0,,0,,,,0.0,,0.05104686868360342,0,0->0,1,1.0,1.0,1.0
officehome_convnext_full__split02__seed3,officehome,full,,convnext_full_ft,0.1,4,12,0.05,0.05,0.0010416666666666667,0.004166666666666667,0.0034532258603278583,1,1,1,delta_c/(M J) -> delta_c/M,1,0.0,msp,0.3,0.09755034904830265,0.0034532258603278583,1,0.0,msp,0.3,0.10296857902705271,0.0034532258603278583,0.0034532258603278583,0,1->1,1,1.0,1.0,1.0
officehome_convnext_full__split02__seed3,officehome,full,,convnext_full_ft,0.15,4,12,0.05,0.05,0.0010416666666666667,0.004166666666666667,8.347854245371556e-05,3,3,3,delta_c/(M J) -> delta_c/M,1,8.0,margin,0.3,0.1183991024931308,8.347854245371556e-05,1,8.0,margin,0.3,0.1243285585039718,8.347854245371556e-05,8.347854245371556e-05,0,1->1,1,1.0,1.0,1.0
officehome_convnext_full__split02__seed3,officehome,full,,convnext_full_ft,0.2,4,12,0.05,0.05,0.0010416666666666667,0.004166666666666667,1.2692237391894563e-05,5,5,5,delta_c/(M J) -> delta_c/M,1,9.0,margin,0.5,0.2158814306488591,0.004863088654102036,1,9.0,margin,0.5,0.22158043867011054,0.004863088654102036,0.004863088654102036,0,1->1,1,1.0,1.0,1.0
officehome_convnext_full__split02__seed3,officehome,full,,convnext_full_ft,0.25,4,12,0.05,0.05,0.0010416666666666667,0.004166666666666667,7.04248178765275e-07,6,6,6,delta_c/(M J) -> delta_c/M,1,1.0,msp,0.5,0.25346172440786546,0.0010186043051420473,1,1.0,msp,0.5,0.2615909698815785,0.0010186043051420473,0.0010186043051420473,0,1->1,1,1.0,1.0,1.0
officehome_convnext_full__split02__seed3,officehome,full,,convnext_full_ft,0.3,4,12,0.05,0.05,0.0010416666666666667,0.004166666666666667,6.978991302280313e-09,8,8,8,delta_c/(M J) -> delta_c/M,1,10.0,margin,0.7,0.32227932034739515,0.007733991240020408,1,10.0,margin,0.7,0.3310630149163966,0.007733991240020408,0.007733991240020408,0,1->1,1,1.0,1.0,1.0
officehome_convnext_full__split02__seed4,officehome,full,,convnext_full_ft,0.05,4,12,0.05,0.05,0.0010416666666666667,0.004166666666666667,0.18427919594780778,0,0,0,delta_c/(M J) -> delta_c/M,0,,,,0.0,,0,,,,0.0,,0.18427919594780778,0,0->0,1,1.0,1.0,1.0
officehome_convnext_full__split02__seed4,officehome,full,,convnext_full_ft,0.1,4,12,0.05,0.05,0.0010416666666666667,0.004166666666666667,0.00661818430902201,0,0,0,delta_c/(M J) -> delta_c/M,0,,,,0.0,,0,,,,0.0,,0.00661818430902201,0,0->0,1,1.0,1.0,1.0
officehome_convnext_full__split02__seed4,officehome,full,,convnext_full_ft,0.15,4,12,0.05,0.05,0.0010416666666666667,0.004166666666666667,6.291925149937689e-05,3,3,3,delta_c/(M J) -> delta_c/M,1,0.0,msp,0.3,0.12164228249275265,6.291925149937689e-05,1,0.0,msp,0.3,0.1276454137599556,6.291925149937689e-05,6.291925149937689e-05,0,1->1,1,1.0,1.0,1.0
officehome_convnext_full__split02__seed4,officehome,full,,convnext_full_ft,0.2,4,12,0.05,0.05,0.0010416666666666667,0.004166666666666667,4.452017719410978e-06,5,5,5,delta_c/(M J) -> delta_c/M,1,9.0,margin,0.5,0.1965960891246682,0.004439822018866543,1,9.0,margin,0.5,0.2039795857797134,0.004439822018866543,0.004439822018866543,0,1->1,1,1.0,1.0,1.0
officehome_convnext_full__split02__seed4,officehome,full,,convnext_full_ft,0.25,4,12,0.05,0.05,0.0010416666666666667,0.004166666666666667,2.0445279799737806e-07,6,6,6,delta_c/(M J) -> delta_c/M,1,9.0,margin,0.5,0.24649760163665907,0.005780205594901611,1,9.0,margin,0.5,0.25273680563550166,0.005780205594901611,0.005780205594901611,0,1->1,1,1.0,1.0,1.0
officehome_convnext_full__split02__seed4,officehome,full,,convnext_full_ft,0.3,4,12,0.05,0.05,0.0010416666666666667,0.004166666666666667,1.0465271825787242e-08,9,9,9,delta_c/(M J) -> delta_c/M,1,10.0,margin,0.7,0.31514825444792705,0.0030664025295723653,1,10.0,margin,0.7,0.3238750845500232,0.0030664025295723653,0.0030664025295723653,0,1->1,1,1.0,1.0,1.0
officehome_convnext_full__split03__seed0,officehome,full,,convnext_full_ft,0.05,4,12,0.05,0.05,0.0010416666666666667,0.004166666666666667,0.35848592240854227,0,0,0,delta_c/(M J) -> delta_c/M,0,,,,0.0,,0,,,,0.0,,0.35848592240854227,0,0->0,1,1.0,1.0,1.0
officehome_convnext_full__split03__seed0,officehome,full,,convnext_full_ft,0.1,4,12,0.05,0.05,0.0010416666666666667,0.004166666666666667,0.10941898913151232,0,0,0,delta_c/(M J) -> delta_c/M,0,,,,0.0,,0,,,,0.0,,0.10941898913151232,0,0->0,1,1.0,1.0,1.0
officehome_convnext_full__split03__seed0,officehome,full,,convnext_full_ft,0.15,4,12,0.05,0.05,0.0010416666666666667,0.004166666666666667,0.0074959530296252845,0,0,0,delta_c/(M J) -> delta_c/M,0,,,,0.0,,0,,,,0.0,,0.0074959530296252845,0,0->0,1,1.0,1.0,1.0
officehome_convnext_full__split03__seed0,officehome,full,,convnext_full_ft,0.2,4,12,0.05,0.05,0.0010416666666666667,0.004166666666666667,0.0005519608776354153,6,6,6,delta_c/(M J) -> delta_c/M,1,5.0,energy,0.5,0.1363835491907045,0.0005519608776354153,1,5.0,energy,0.5,0.1425659097793796,0.0005519608776354153,0.0005519608776354153,0,1->1,1,1.0,1.0,1.0
officehome_convnext_full__split03__seed0,officehome,full,,convnext_full_ft,0.25,4,12,0.05,0.05,0.0010416666666666667,0.004166666666666667,3.127670100472487e-06,9,9,9,delta_c/(M J) -> delta_c/M,1,2.0,msp,0.7,0.21529616007222835,0.004221582120687016,1,2.0,msp,0.7,0.22277920684396854,0.004221582120687016,0.004221582120687016,0,1->1,1,1.0,1.0,1.0
officehome_convnext_full__split03__seed0,officehome,full,,convnext_full_ft,0.3,4,12,0.05,0.05,0.0010416666666666667,0.004166666666666667,2.788418038849397e-09,9,9,9,delta_c/(M J) -> delta_c/M,1,2.0,msp,0.7,0.2567122711851972,0.0007418054739027448,1,2.0,msp,0.7,0.2646966996511372,0.0007418054739027448,0.0007418054739027448,0,1->1,1,1.0,1.0,1.0
officehome_convnext_full__split03__seed1,officehome,full,,convnext_full_ft,0.05,4,12,0.05,0.05,0.0010416666666666667,0.004166666666666667,0.81450625,0,0,0,delta_c/(M J) -> delta_c/M,0,,,,0.0,,0,,,,0.0,,0.81450625,0,0->0,1,1.0,1.0,1.0
officehome_convnext_full__split03__seed1,officehome,full,,convnext_full_ft,0.1,4,12,0.05,0.05,0.0010416666666666667,0.004166666666666667,0.2798621518107328,0,0,0,delta_c/(M J) -> delta_c/M,0,,,,0.0,,0,,,,0.0,,0.2798621518107328,0,0->0,1,1.0,1.0,1.0
officehome_convnext_full__split03__seed1,officehome,full,,convnext_full_ft,0.15,4,12,0.05,0.05,0.0010416666666666667,0.004166666666666667,0.03840303389688097,0,0,0,delta_c/(M J) -> delta_c/M,0,,,,0.0,,0,,,,0.0,,0.03840303389688097,0,0->0,1,1.0,1.0,1.0
officehome_convnext_full__split03__seed1,officehome,full,,convnext_full_ft,0.2,4,12,0.05,0.05,0.0010416666666666667,0.004166666666666667,0.005696380955793536,0,0,0,delta_c/(M J) -> delta_c/M,0,,,,0.0,,0,,,,0.0,,0.005696380955793536,0,0->0,1,1.0,1.0,1.0
officehome_convnext_full__split03__seed1,officehome,full,,convnext_full_ft,0.25,4,12,0.05,0.05,0.0010416666666666667,0.004166666666666667,0.00011394505255141704,7,7,7,delta_c/(M J) -> delta_c/M,1,6.0,energy,0.7,0.20055961377335293,0.005722636616010964,1,6.0,energy,0.7,0.20783779304614183,0.005722636616010964,0.005722636616010964,0,1->1,1,1.0,1.0,1.0
officehome_convnext_full__split03__seed1,officehome,full,,convnext_full_ft,0.3,4,12,0.05,0.05,0.0010416666666666667,0.004166666666666667,1.330004335132806e-06,9,9,9,delta_c/(M J) -> delta_c/M,1,10.0,margin,0.7,0.25170706520551206,0.0036017624672356847,1,10.0,margin,0.7,0.25963629204470756,0.0036017624672356847,0.0036017624672356847,0,1->1,1,1.0,1.0,1.0
officehome_convnext_full__split03__seed2,officehome,full,,convnext_full_ft,0.05,4,12,0.05,0.05,0.0010416666666666667,0.004166666666666667,0.41812033521917746,0,0,0,delta_c/(M J) -> delta_c/M,0,,,,0.0,,0,,,,0.0,,0.41812033521917746,0,0->0,1,1.0,1.0,1.0
officehome_convnext_full__split03__seed2,officehome,full,,convnext_full_ft,0.1,4,12,0.05,0.05,0.0010416666666666667,0.004166666666666667,0.15904289168515406,0,0,0,delta_c/(M J) -> delta_c/M,0,,,,0.0,,0,,,,0.0,,0.15904289168515406,0,0->0,1,1.0,1.0,1.0
officehome_convnext_full__split03__seed2,officehome,full,,convnext_full_ft,0.15,4,12,0.05,0.05,0.0010416666666666667,0.004166666666666667,0.0338680671652087,0,0,0,delta_c/(M J) -> delta_c/M,0,,,,0.0,,0,,,,0.0,,0.0338680671652087,0,0->0,1,1.0,1.0,1.0
officehome_convnext_full__split03__seed2,officehome,full,,convnext_full_ft,0.2,4,12,0.05,0.05,0.0010416666666666667,0.004166666666666667,0.0021888267980922694,2,2,2,delta_c/(M J) -> delta_c/M,1,9.0,margin,0.5,0.1160860915816291,0.0035017838892121324,1,9.0,margin,0.5,0.12183388977450733,0.0035017838892121324,0.0035017838892121324,0,1->1,1,1.0,1.0,1.0
officehome_convnext_full__split03__seed2,officehome,full,,convnext_full_ft,0.25,4,12,0.05,0.05,0.0010416666666666667,0.004166666666666667,9.402974885830065e-05,9,9,9,delta_c/(M J) -> delta_c/M,1,2.0,msp,0.7,0.19404184647933687,0.004407831471637579,1,2.0,msp,0.7,0.2012245025609404,0.004407831471637579,0.004407831471637579,0,1->1,1,1.0,1.0,1.0
officehome_convnext_full__split03__seed2,officehome,full,,convnext_full_ft,0.3,4,12,0.05,0.05,0.0010416666666666667,0.004166666666666667,1.667830916232064e-07,9,9,9,delta_c/(M J) -> delta_c/M,1,10.0,margin,0.7,0.25337443915334684,0.0032632014548042198,1,10.0,margin,0.7,0.26132221127046645,0.0032632014548042198,0.0032632014548042198,0,1->1,1,1.0,1.0,1.0
officehome_convnext_full__split03__seed3,officehome,full,,convnext_full_ft,0.05,4,12,0.05,0.05,0.0010416666666666667,0.004166666666666667,0.5133420832795051,0,0,0,delta_c/(M J) -> delta_c/M,0,,,,0.0,,0,,,,0.0,,0.5133420832795051,0,0->0,1,1.0,1.0,1.0
officehome_convnext_full__split03__seed3,officehome,full,,convnext_full_ft,0.1,4,12,0.05,0.05,0.0010416666666666667,0.004166666666666667,0.19510765482693687,0,0,0,delta_c/(M J) -> delta_c/M,0,,,,0.0,,0,,,,0.0,,0.19510765482693687,0,0->0,1,1.0,1.0,1.0
officehome_convnext_full__split03__seed3,officehome,full,,convnext_full_ft,0.15,4,12,0.05,0.05,0.0010416666666666667,0.004166666666666667,0.021166336805007437,0,0,0,delta_c/(M J) -> delta_c/M,0,,,,0.0,,0,,,,0.0,,0.021166336805007437,0,0->0,1,1.0,1.0,1.0
officehome_convnext_full__split03__seed3,officehome,full,,convnext_full_ft,0.2,4,12,0.05,0.05,0.0010416666666666667,0.004166666666666667,0.0005166091170910319,4,4,4,delta_c/(M J) -> delta_c/M,1,5.0,energy,0.5,0.1160860915816291,0.0005166091170910319,1,5.0,energy,0.5,0.12183388977450733,0.0005166091170910319,0.0005166091170910319,0,1->1,1,1.0,1.0,1.0
officehome_convnext_full__split03__seed3,officehome,full,,convnext_full_ft,0.25,4,12,0.05,0.05,0.0010416666666666667,0.004166666666666667,3.0306006558737834e-05,6,6,6,delta_c/(M J) -> delta_c/M,1,1.0,msp,0.5,0.1426910893687046,0.0003106009690141104,1,1.0,msp,0.5,0.14899846415762694,0.0003106009690141104,0.0003106009690141104,0,1->1,1,1.0,1.0,1.0
officehome_convnext_full__split03__seed3,officehome,full,,convnext_full_ft,0.3,4,12,0.05,0.05,0.0010416666666666667,0.004166666666666667,1.6539425708015193e-07,7,7,7,delta_c/(M J) -> delta_c/M,1,6.0,energy,0.7,0.21858396961916246,0.001695939151479599,1,6.0,energy,0.7,0.22611071164063856,0.001695939151479599,0.001695939151479599,0,1->1,1,1.0,1.0,1.0
officehome_convnext_full__split03__seed4,officehome,full,,convnext_full_ft,0.05,4,12,0.05,0.05,0.0010416666666666667,0.004166666666666667,0.540360087662637,0,0,0,delta_c/(M J) -> delta_c/M,0,,,,0.0,,0,,,,0.0,,0.540360087662637,0,0->0,1,1.0,1.0,1.0
officehome_convnext_full__split03__seed4,officehome,full,,convnext_full_ft,0.1,4,12,0.05,0.05,0.0010416666666666667,0.004166666666666667,0.2536697788760154,0,0,0,delta_c/(M J) -> delta_c/M,0,,,,0.0,,0,,,,0.0,,0.2536697788760154,0,0->0,1,1.0,1.0,1.0
officehome_convnext_full__split03__seed4,officehome,full,,convnext_full_ft,0.15,4,12,0.05,0.05,0.0010416666666666667,0.004166666666666667,0.02031481654225379,0,0,0,delta_c/(M J) -> delta_c/M,0,,,,0.0,,0,,,,0.0,,0.02031481654225379,0,0->0,1,1.0,1.0,1.0
officehome_convnext_full__split03__seed4,officehome,full,,convnext_full_ft,0.2,4,12,0.05,0.05,0.0010416666666666667,0.004166666666666667,0.0014389594360767156,4,4,4,delta_c/(M J) -> delta_c/M,1,5.0,energy,0.5,0.11453851649149455,0.001457322493731993,1,5.0,energy,0.5,0.12025096266421954,0.001457322493731993,0.001457322493731993,0,1->1,1,1.0,1.0,1.0
officehome_convnext_full__split03__seed4,officehome,full,,convnext_full_ft,0.25,4,12,0.05,0.05,0.0010416666666666667,0.004166666666666667,4.898104934097491e-05,7,7,7,delta_c/(M J) -> delta_c/M,1,6.0,energy,0.7,0.1891668496596808,0.004913004440990758,1,6.0,energy,0.7,0.19627599060061376,0.004913004440990758,0.004913004440990758,0,1->1,1,1.0,1.0,1.0
officehome_convnext_full__split03__seed4,officehome,full,,convnext_full_ft,0.3,4,12,0.05,0.05,0.0010416666666666667,0.004166666666666667,9.717182932617779e-09,8,8,8,delta_c/(M J) -> delta_c/M,1,2.0,msp,0.7,0.2500407257648353,0.0071029144902591025,1,2.0,msp,0.7,0.2579512616887747,0.0071029144902591025,0.0071029144902591025,0,1->1,1,1.0,1.0,1.0
officehome_convnext_full__split04__seed0,officehome,full,,convnext_full_ft,0.05,4,12,0.05,0.05,0.0010416666666666667,0.004166666666666667,0.5804825001621525,0,0,0,delta_c/(M J) -> delta_c/M,0,,,,0.0,,0,,,,0.0,,0.5804825001621525,0,0->0,1,1.0,1.0,1.0
officehome_convnext_full__split04__seed0,officehome,full,,convnext_full_ft,0.1,4,12,0.05,0.05,0.0010416666666666667,0.004166666666666667,0.15569280926624063,0,0,0,delta_c/(M J) -> delta_c/M,0,,,,0.0,,0,,,,0.0,,0.15569280926624063,0,0->0,1,1.0,1.0,1.0
officehome_convnext_full__split04__seed0,officehome,full,,convnext_full_ft,0.15,4,12,0.05,0.05,0.0010416666666666667,0.004166666666666667,0.005701859555999928,0,0,0,delta_c/(M J) -> delta_c/M,0,,,,0.0,,0,,,,0.0,,0.005701859555999928,0,0->0,1,1.0,1.0,1.0
officehome_convnext_full__split04__seed0,officehome,full,,convnext_full_ft,0.2,4,12,0.05,0.05,0.0010416666666666667,0.004166666666666667,2.6542460030633396e-05,3,3,3,delta_c/(M J) -> delta_c/M,1,0.0,msp,0.3,0.12236191375981269,2.7461159249850652e-05,1,0.0,msp,0.3,0.12843635626841665,2.7461159249850652e-05,2.7461159249850652e-05,0,1->1,1,1.0,1.0,1.0
officehome_convnext_full__split04__seed0,officehome,full,,convnext_full_ft,0.25,4,12,0.05,0.05,0.0010416666666666667,0.004166666666666667,3.716644070480771e-06,9,9,9,delta_c/(M J) -> delta_c/M,1,10.0,margin,0.7,0.23745423742678895,0.00876865616781007,1,10.0,margin,0.7,0.24340950891459312,0.00876865616781007,0.00876865616781007,0,1->1,1,1.0,1.0,1.0
officehome_convnext_full__split04__seed0,officehome,full,,convnext_full_ft,0.3,4,12,0.05,0.05,0.0010416666666666667,0.004166666666666667,4.644137667117128e-07,9,9,9,delta_c/(M J) -> delta_c/M,1,2.0,msp,0.7,0.28796093290478725,0.004053177238782348,1,2.0,msp,0.7,0.29431970697558196,0.004053177238782348,0.004053177238782348,0,1->1,1,1.0,1.0,1.0
officehome_convnext_full__split04__seed1,officehome,full,,convnext_full_ft,0.05,4,12,0.05,0.05,0.0010416666666666667,0.004166666666666667,0.503649859592104,0,0,0,delta_c/(M J) -> delta_c/M,0,,,,0.0,,0,,,,0.0,,0.503649859592104,0,0->0,1,1.0,1.0,1.0
officehome_convnext_full__split04__seed1,officehome,full,,convnext_full_ft,0.1,4,12,0.05,0.05,0.0010416666666666667,0.004166666666666667,0.043988936383162126,0,0,0,delta_c/(M J) -> delta_c/M,0,,,,0.0,,0,,,,0.0,,0.043988936383162126,0,0->0,1,1.0,1.0,1.0
officehome_convnext_full__split04__seed1,officehome,full,,convnext_full_ft,0.15,4,12,0.05,0.05,0.0010416666666666667,0.004166666666666667,0.0012138992609866794,1,1,1,delta_c/(M J) -> delta_c/M,1,4.0,energy,0.3,0.06926996307096629,0.0012138992609866794,1,4.0,energy,0.3,0.07390430186594475,0.0012138992609866794,0.0012138992609866794,0,1->1,1,1.0,1.0,1.0
officehome_convnext_full__split04__seed1,officehome,full,,convnext_full_ft,0.2,4,12,0.05,0.05,0.0010416666666666667,0.004166666666666667,0.00315434967994274,3,3,3,delta_c/(M J) -> delta_c/M,1,8.0,margin,0.3,0.0994487910507379,0.0038828274135018536,1,8.0,margin,0.3,0.10496636547935338,0.0038828274135018536,0.0038828274135018536,0,1->1,1,1.0,1.0,1.0
officehome_convnext_full__split04__seed1,officehome,full,,convnext_full_ft,0.25,4,12,0.05,0.05,0.0010416666666666667,0.004166666666666667,1.8335920270906862e-05,7,7,7,delta_c/(M J) -> delta_c/M,1,6.0,energy,0.7,0.20046682822227568,0.005585527152810686,1,6.0,energy,0.7,0.2079770176102481,0.005585527152810686,0.005585527152810686,0,1->1,1,1.0,1.0,1.0
officehome_convnext_full__split04__seed1,officehome,full,,convnext_full_ft,0.3,4,12,0.05,0.05,0.0010416666666666667,0.004166666666666667,2.2592806134083792e-07,7,7,7,delta_c/(M J) -> delta_c/M,1,6.0,energy,0.7,0.2620433282229036,0.0005417963509782354,1,6.0,energy,0.7,0.2703444729296156,0.0005417963509782354,0.0005417963509782354,0,1->1,1,1.0,1.0,1.0
officehome_convnext_full__split04__seed2,officehome,full,,convnext_full_ft,0.05,4,12,0.05,0.05,0.0010416666666666667,0.004166666666666667,0.7807747003730017,0,0,0,delta_c/(M J) -> delta_c/M,0,,,,0.0,,0,,,,0.0,,0.7807747003730017,0,0->0,1,1.0,1.0,1.0
officehome_convnext_full__split04__seed2,officehome,full,,convnext_full_ft,0.1,4,12,0.05,0.05,0.0010416666666666667,0.004166666666666667,0.17096469584383323,0,0,0,delta_c/(M J) -> delta_c/M,0,,,,0.0,,0,,,,0.0,,0.17096469584383323,0,0->0,1,1.0,1.0,1.0
officehome_convnext_full__split04__seed2,officehome,full,,convnext_full_ft,0.15,4,12,0.05,0.05,0.0010416666666666667,0.004166666666666667,0.00924166559648155,0,0,0,delta_c/(M J) -> delta_c/M,0,,,,0.0,,0,,,,0.0,,0.00924166559648155,0,0->0,1,1.0,1.0,1.0
officehome_convnext_full__split04__seed2,officehome,full,,convnext_full_ft,0.2,4,12,0.05,0.05,0.0010416666666666667,0.004166666666666667,0.00017634418374716323,4,4,4,delta_c/(M J) -> delta_c/M,1,5.0,energy,0.5,0.14572438363695608,0.00389696860604947,1,5.0,energy,0.5,0.1522929910657121,0.00389696860604947,0.00389696860604947,0,1->1,1,1.0,1.0,1.0
officehome_convnext_full__split04__seed2,officehome,full,,convnext_full_ft,0.25,4,12,0.05,0.05,0.0010416666666666667,0.004166666666666667,9.36736811207549e-06,9,9,9,delta_c/(M J) -> delta_c/M,1,10.0,margin,0.7,0.24335868091150442,0.008468649386647835,1,10.0,margin,0.7,0.24936673813050203,0.008468649386647835,0.008468649386647835,0,1->1,1,1.0,1.0,1.0
officehome_convnext_full__split04__seed2,officehome,full,,convnext_full_ft,0.3,4,12,0.05,0.05,0.0010416666666666667,0.004166666666666667,1.1213007111156893e-08,9,9,9,delta_c/(M J) -> delta_c/M,1,10.0,margin,0.7,0.29195145948055745,0.005056879933178753,1,10.0,margin,0.7,0.2983377412629511,0.005056879933178753,0.005056879933178753,0,1->1,1,1.0,1.0,1.0
officehome_convnext_full__split04__seed3,officehome,full,,convnext_full_ft,0.05,4,12,0.05,0.05,0.0010416666666666667,0.004166666666666667,0.6423758535453004,0,0,0,delta_c/(M J) -> delta_c/M,0,,,,0.0,,0,,,,0.0,,0.6423758535453004,0,0->0,1,1.0,1.0,1.0
officehome_convnext_full__split04__seed3,officehome,full,,convnext_full_ft,0.1,4,12,0.05,0.05,0.0010416666666666667,0.004166666666666667,0.5309848659700338,0,0,0,delta_c/(M J) -> delta_c/M,0,,,,0.0,,0,,,,0.0,,0.5309848659700338,0,0->0,1,1.0,1.0,1.0
officehome_convnext_full__split04__seed3,officehome,full,,convnext_full_ft,0.15,4,12,0.05,0.05,0.0010416666666666667,0.004166666666666667,0.14746845121807986,0,0,0,delta_c/(M J) -> delta_c/M,0,,,,0.0,,0,,,,0.0,,0.14746845121807986,0,0->0,1,1.0,1.0,1.0
officehome_convnext_full__split04__seed3,officehome,full,,convnext_full_ft,0.2,4,12,0.05,0.05,0.0010416666666666667,0.004166666666666667,0.0246571052098988,0,0,0,delta_c/(M J) -> delta_c/M,0,,,,0.0,,0,,,,0.0,,0.0246571052098988,0,0->0,1,1.0,1.0,1.0
officehome_convnext_full__split04__seed3,officehome,full,,convnext_full_ft,0.25,4,12,0.05,0.05,0.0010416666666666667,0.004166666666666667,0.001765099731195606,2,2,2,delta_c/(M J) -> delta_c/M,1,9.0,margin,0.5,0.16946534575272637,0.002034833109644165,1,9.0,margin,0.5,0.17647516981609387,0.002034833109644165,0.002034833109644165,0,1->1,1,1.0,1.0,1.0
officehome_convnext_full__split04__seed3,officehome,full,,convnext_full_ft,0.3,4,12,0.05,0.05,0.0010416666666666667,0.004166666666666667,1.643690710366395e-05,8,8,8,delta_c/(M J) -> delta_c/M,1,2.0,msp,0.7,0.28796093290478725,0.00741605506760903,1,2.0,msp,0.7,0.29431970697558196,0.00741605506760903,0.00741605506760903,0,1->1,1,1.0,1.0,1.0
officehome_convnext_full__split04__seed4,officehome,full,,convnext_full_ft,0.05,4,12,0.05,0.05,0.0010416666666666667,0.004166666666666667,0.5707845246127985,0,0,0,delta_c/(M J) -> delta_c/M,0,,,,0.0,,0,,,,0.0,,0.5707845246127985,0,0->0,1,1.0,1.0,1.0
officehome_convnext_full__split04__seed4,officehome,full,,convnext_full_ft,0.1,4,12,0.05,0.05,0.0010416666666666667,0.004166666666666667,0.20905113199726788,0,0,0,delta_c/(M J) -> delta_c/M,0,,,,0.0,,0,,,,0.0,,0.20905113199726788,0,0->0,1,1.0,1.0,1.0
officehome_convnext_full__split04__seed4,officehome,full,,convnext_full_ft,0.15,4,12,0.05,0.05,0.0010416666666666667,0.004166666666666667,0.04654008771521026,0,0,0,delta_c/(M J) -> delta_c/M,0,,,,0.0,,0,,,,0.0,,0.04654008771521026,0,0->0,1,1.0,1.0,1.0
officehome_convnext_full__split04__seed4,officehome,full,,convnext_full_ft,0.2,4,12,0.05,0.05,0.0010416666666666667,0.004166666666666667,0.003012288950116678,2,2,2,delta_c/(M J) -> delta_c/M,1,9.0,margin,0.5,0.1490941234711949,0.003012288950116678,1,9.0,margin,0.5,0.1557288176839,0.003012288950116678,0.003012288950116678,0,1->1,1,1.0,1.0,1.0
officehome_convnext_full__split04__seed4,officehome,full,,convnext_full_ft,0.25,4,12,0.05,0.05,0.0010416666666666667,0.004166666666666667,0.00020921530760113083,4,4,4,delta_c/(M J) -> delta_c/M,1,1.0,msp,0.5,0.20420301791212234,0.0002615198108135089,1,1.0,msp,0.5,0.2098298208413013,0.0002615198108135089,0.0002615198108135089,0,1->1,1,1.0,1.0,1.0
officehome_convnext_full__split04__seed4,officehome,full,,convnext_full_ft,0.3,4,12,0.05,0.05,0.0010416666666666667,0.004166666666666667,4.051073985230065e-06,7,7,7,delta_c/(M J) -> delta_c/M,1,6.0,energy,0.7,0.2567050342768247,0.0005396395408055298,1,6.0,energy,0.7,0.2649468613874858,0.0005396395408055298,0.0005396395408055298,0,1->1,1,1.0,1.0,1.0
officehome_convnext_full__split05__seed0,officehome,full,,convnext_full_ft,0.05,4,12,0.05,0.05,0.0010416666666666667,0.004166666666666667,0.4912870229953561,0,0,0,delta_c/(M J) -> delta_c/M,0,,,,0.0,,0,,,,0.0,,0.4912870229953561,0,0->0,1,1.0,1.0,1.0
officehome_convnext_full__split05__seed0,officehome,full,,convnext_full_ft,0.1,4,12,0.05,0.05,0.0010416666666666667,0.004166666666666667,0.09294617949910408,0,0,0,delta_c/(M J) -> delta_c/M,0,,,,0.0,,0,,,,0.0,,0.09294617949910408,0,0->0,1,1.0,1.0,1.0
officehome_convnext_full__split05__seed0,officehome,full,,convnext_full_ft,0.15,4,12,0.05,0.05,0.0010416666666666667,0.004166666666666667,0.002079429295849359,3,3,3,delta_c/(M J) -> delta_c/M,1,4.0,energy,0.3,0.11458828999146625,0.002079429295849359,1,4.0,energy,0.3,0.12037729991666754,0.002079429295849359,0.002079429295849359,0,1->1,1,1.0,1.0,1.0
officehome_convnext_full__split05__seed0,officehome,full,,convnext_full_ft,0.2,4,12,0.05,0.05,0.0010416666666666667,0.004166666666666667,9.228456126217332e-05,3,3,3,delta_c/(M J) -> delta_c/M,1,4.0,energy,0.3,0.14672444037810037,9.228456126217332e-05,1,4.0,energy,0.3,0.15319426316619617,9.228456126217332e-05,9.228456126217332e-05,0,1->1,1,1.0,1.0,1.0
officehome_convnext_full__split05__seed0,officehome,full,,convnext_full_ft,0.25,4,12,0.05,0.05,0.0010416666666666667,0.004166666666666667,1.149301580425898e-05,6,6,6,delta_c/(M J) -> delta_c/M,1,9.0,margin,0.5,0.250342070036002,0.0008909462871612914,1,9.0,margin,0.5,0.2583623313004854,0.0008909462871612914,0.0008909462871612914,0,1->1,1,1.0,1.0,1.0
officehome_convnext_full__split05__seed0,officehome,full,,convnext_full_ft,0.3,4,12,0.05,0.05,0.0010416666666666667,0.004166666666666667,9.942375446309217e-08,7,7,7,delta_c/(M J) -> delta_c/M,1,6.0,energy,0.7,0.3143450856657239,0.0007004979576111882,1,6.0,energy,0.7,0.32298593907398143,0.0007004979576111882,0.0007004979576111882,0,1->1,1,1.0,1.0,1.0
officehome_convnext_full__split05__seed1,officehome,full,,convnext_full_ft,0.05,4,12,0.05,0.05,0.0010416666666666667,0.004166666666666667,0.7954246894861887,0,0,0,delta_c/(M J) -> delta_c/M,0,,,,0.0,,0,,,,0.0,,0.7954246894861887,0,0->0,1,1.0,1.0,1.0
officehome_convnext_full__split05__seed1,officehome,full,,convnext_full_ft,0.1,4,12,0.05,0.05,0.0010416666666666667,0.004166666666666667,0.026326659803245903,0,0,0,delta_c/(M J) -> delta_c/M,0,,,,0.0,,0,,,,0.0,,0.026326659803245903,0,0->0,1,1.0,1.0,1.0
officehome_convnext_full__split05__seed1,officehome,full,,convnext_full_ft,0.15,4,12,0.05,0.05,0.0010416666666666667,0.004166666666666667,0.0004188238578106077,2,2,2,delta_c/(M J) -> delta_c/M,1,0.0,msp,0.3,0.11142018044577404,0.0010741251356305675,1,0.0,msp,0.3,0.11713475210815279,0.0010741251356305675,0.0010741251356305675,0,1->1,1,1.0,1.0,1.0
officehome_convnext_full__split05__seed1,officehome,full,,convnext_full_ft,0.2,4,12,0.05,0.05,0.0010416666666666667,0.004166666666666667,7.796360205413003e-05,6,6,6,delta_c/(M J) -> delta_c/M,1,1.0,msp,0.5,0.20626535438646332,0.0017638752489867776,1,1.0,msp,0.5,0.2137230973030752,0.0017638752489867776,0.0017638752489867776,0,1->1,1,1.0,1.0,1.0
officehome_convnext_full__split05__seed1,officehome,full,,convnext_full_ft,0.25,4,12,0.05,0.05,0.0010416666666666667,0.004166666666666667,2.0231333779114926e-06,6,6,6,delta_c/(M J) -> delta_c/M,1,9.0,margin,0.5,0.25205298411083754,0.0015132791248174795,1,9.0,margin,0.5,0.26009267859025875,0.0015132791248174795,0.0015132791248174795,0,1->1,1,1.0,1.0,1.0
officehome_convnext_full__split05__seed1,officehome,full,,convnext_full_ft,0.3,4,12,0.05,0.05,0.0010416666666666667,0.004166666666666667,1.0465271825787242e-08,9,9,9,delta_c/(M J) -> delta_c/M,1,6.0,energy,0.7,0.3195944858816107,0.001691809997267918,1,6.0,energy,0.7,0.3282772114726704,0.001691809997267918,0.001691809997267918,0,1->1,1,1.0,1.0,1.0
officehome_convnext_full__split05__seed2,officehome,full,,convnext_full_ft,0.05,4,12,0.05,0.05,0.0010416666666666667,0.004166666666666667,0.4645203070341748,0,0,0,delta_c/(M J) -> delta_c/M,0,,,,0.0,,0,,,,0.0,,0.4645203070341748,0,0->0,1,1.0,1.0,1.0
officehome_convnext_full__split05__seed2,officehome,full,,convnext_full_ft,0.1,4,12,0.05,0.05,0.0010416666666666667,0.004166666666666667,0.015086012394343394,0,0,0,delta_c/(M J) -> delta_c/M,0,,,,0.0,,0,,,,0.0,,0.015086012394343394,0,0->0,1,1.0,1.0,1.0
officehome_convnext_full__split05__seed2,officehome,full,,convnext_full_ft,0.15,4,12,0.05,0.05,0.0010416666666666667,0.004166666666666667,0.0002944317695043622,3,3,3,delta_c/(M J) -> delta_c/M,1,4.0,energy,0.3,0.10197205790797984,0.0002944317695043622,1,4.0,energy,0.3,0.10745547762200251,0.0002944317695043622,0.0002944317695043622,0,1->1,1,1.0,1.0,1.0
officehome_convnext_full__split05__seed2,officehome,full,,convnext_full_ft,0.2,4,12,0.05,0.05,0.0010416666666666667,0.004166666666666667,4.443881984788855e-05,6,6,6,delta_c/(M J) -> delta_c/M,1,1.0,msp,0.5,0.21130925205337678,0.001232961335886774,1,1.0,msp,0.5,0.2188377887134499,0.001232961335886774,0.001232961335886774,0,1->1,1,1.0,1.0,1.0
officehome_convnext_full__split05__seed2,officehome,full,,convnext_full_ft,0.25,4,12,0.05,0.05,0.0010416666666666667,0.004166666666666667,3.0713606460560953e-06,6,6,6,delta_c/(M J) -> delta_c/M,1,1.0,msp,0.5,0.24692357333218617,0.00012803765589534084,1,1.0,msp,0.5,0.2549044993798058,0.00012803765589534084,0.00012803765589534084,0,1->1,1,1.0,1.0,1.0
officehome_convnext_full__split05__seed2,officehome,full,,convnext_full_ft,0.3,4,12,0.05,0.05,0.0010416666666666667,0.004166666666666667,4.108304244086474e-09,7,7,7,delta_c/(M J) -> delta_c/M,1,6.0,energy,0.7,0.32309885885854744,0.002992798453827645,1,6.0,energy,0.7,0.33180882672824374,0.002992798453827645,0.002992798453827645,0,1->1,1,1.0,1.0,1.0
officehome_convnext_full__split05__seed3,officehome,full,,convnext_full_ft,0.05,4,12,0.05,0.05,0.0010416666666666667,0.004166666666666667,0.7225823555401619,0,0,0,delta_c/(M J) -> delta_c/M,0,,,,0.0,,0,,,,0.0,,0.7225823555401619,0,0->0,1,1.0,1.0,1.0
officehome_convnext_full__split05__seed3,officehome,full,,convnext_full_ft,0.1,4,12,0.05,0.05,0.0010416666666666667,0.004166666666666667,0.06863434738767549,0,0,0,delta_c/(M J) -> delta_c/M,0,,,,0.0,,0,,,,0.0,,0.06863434738767549,0,0->0,1,1.0,1.0,1.0
officehome_convnext_full__split05__seed3,officehome,full,,convnext_full_ft,0.15,4,12,0.05,0.05,0.0010416666666666667,0.004166666666666667,0.0018658495138127703,2,2,2,delta_c/(M J) -> delta_c/M,1,5.0,energy,0.5,0.15324110254529144,0.0028928182665743643,1,5.0,energy,0.5,0.15983457613948102,0.0028928182665743643,0.0028928182665743643,0,1->1,1,1.0,1.0,1.0
officehome_convnext_full__split05__seed3,officehome,full,,convnext_full_ft,0.2,4,12,0.05,0.05,0.0010416666666666667,0.004166666666666667,5.860006052122125e-06,6,6,6,delta_c/(M J) -> delta_c/M,1,1.0,msp,0.5,0.18953752193287698,6.005475971760611e-05,1,1.0,msp,0.5,0.1967473216234004,6.005475971760611e-05,6.005475971760611e-05,0,1->1,1,1.0,1.0,1.0
officehome_convnext_full__split05__seed3,officehome,full,,convnext_full_ft,0.25,4,12,0.05,0.05,0.0010416666666666667,0.004166666666666667,5.033912766289902e-08,6,6,6,delta_c/(M J) -> delta_c/M,1,9.0,margin,0.5,0.24521600175775982,0.00032369258793029,1,9.0,margin,0.5,0.2531770242622435,0.00032369258793029,0.00032369258793029,0,1->1,1,1.0,1.0,1.0
officehome_convnext_full__split05__seed3,officehome,full,,convnext_full_ft,0.3,4,12,0.05,0.05,0.0010416666666666667,0.004166666666666667,1.4324679743405807e-11,8,8,8,delta_c/(M J) -> delta_c/M,1,2.0,msp,0.7,0.33187634863036813,0.004206025587809706,1,2.0,msp,0.7,0.34065208902892163,0.004206025587809706,0.004206025587809706,0,1->1,1,1.0,1.0,1.0
officehome_convnext_full__split05__seed4,officehome,full,,convnext_full_ft,0.05,4,12,0.05,0.05,0.0010416666666666667,0.004166666666666667,0.2319266926407747,0,0,0,delta_c/(M J) -> delta_c/M,0,,,,0.0,,0,,,,0.0,,0.2319266926407747,0,0->0,1,1.0,1.0,1.0
officehome_convnext_full__split05__seed4,officehome,full,,convnext_full_ft,0.1,4,12,0.05,0.05,0.0010416666666666667,0.004166666666666667,0.025882259091161642,0,0,0,delta_c/(M J) -> delta_c/M,0,,,,0.0,,0,,,,0.0,,0.025882259091161642,0,0->0,1,1.0,1.0,1.0
officehome_convnext_full__split05__seed4,officehome,full,,convnext_full_ft,0.15,4,12,0.05,0.05,0.0010416666666666667,0.004166666666666667,0.007625918153212309,0,0,0,delta_c/(M J) -> delta_c/M,0,,,,0.0,,0,,,,0.0,,0.007625918153212309,0,0->0,1,1.0,1.0,1.0
officehome_convnext_full__split05__seed4,officehome,full,,convnext_full_ft,0.2,4,12,0.05,0.05,0.0010416666666666667,0.004166666666666667,0.0006392093041119446,3,3,3,delta_c/(M J) -> delta_c/M,1,4.0,energy,0.3,0.14997934281897976,0.004283058162400888,1,4.0,energy,0.3,0.15651147122779582,0.004283058162400888,0.004283058162400888,0,1->1,1,1.0,1.0,1.0
officehome_convnext_full__split05__seed4,officehome,full,,convnext_full_ft,0.25,4,12,0.05,0.05,0.0010416666666666667,0.004166666666666667,1.4542215723369498e-06,6,6,6,delta_c/(M J) -> delta_c/M,1,9.0,margin,0.5,0.24863226461704202,0.0019547631036675953,1,9.0,margin,0.5,0.25663293665885667,0.0019547631036675953,0.0019547631036675953,0,1->1,1,1.0,1.0,1.0
officehome_convnext_full__split05__seed4,officehome,full,,convnext_full_ft,0.3,4,12,0.05,0.05,0.0010416666666666667,0.004166666666666667,2.568930582838424e-07,6,6,6,delta_c/(M J) -> delta_c/M,1,1.0,msp,0.5,0.27439343012438827,3.6502235544166254e-05,1,1.0,msp,0.5,0.28267188389283154,3.6502235544166254e-05,3.6502235544166254e-05,0,1->1,1,1.0,1.0,1.0
officehome_convnext_full__split06__seed0,officehome,full,,convnext_full_ft,0.05,4,12,0.05,0.05,0.0010416666666666667,0.004166666666666667,0.8511283727984218,0,0,0,delta_c/(M J) -> delta_c/M,0,,,,0.0,,0,,,,0.0,,0.8511283727984218,0,0->0,1,1.0,1.0,1.0
officehome_convnext_full__split06__seed0,officehome,full,,convnext_full_ft,0.1,4,12,0.05,0.05,0.0010416666666666667,0.004166666666666667,0.20857468150691058,0,0,0,delta_c/(M J) -> delta_c/M,0,,,,0.0,,0,,,,0.0,,0.20857468150691058,0,0->0,1,1.0,1.0,1.0
officehome_convnext_full__split06__seed0,officehome,full,,convnext_full_ft,0.15,4,12,0.05,0.05,0.0010416666666666667,0.004166666666666667,0.056529206768788476,0,0,0,delta_c/(M J) -> delta_c/M,0,,,,0.0,,0,,,,0.0,,0.056529206768788476,0,0->0,1,1.0,1.0,1.0
officehome_convnext_full__split06__seed0,officehome,full,,convnext_full_ft,0.2,4,12,0.05,0.05,0.0010416666666666667,0.004166666666666667,0.0009752431698958394,2,2,2,delta_c/(M J) -> delta_c/M,1,8.0,margin,0.3,0.10633190443360793,0.0009752431698958394,1,8.0,margin,0.3,0.11199432312891484,0.0009752431698958394,0.0009752431698958394,0,1->1,1,1.0,1.0,1.0
officehome_convnext_full__split06__seed0,officehome,full,,convnext_full_ft,0.25,4,12,0.05,0.05,0.0010416666666666667,0.004166666666666667,2.279658350688066e-05,5,5,5,delta_c/(M J) -> delta_c/M,1,1.0,msp,0.5,0.19984217568298168,0.0062261330933953895,1,1.0,msp,0.5,0.20730147730091403,0.0062261330933953895,0.0062261330933953895,0,1->1,1,1.0,1.0,1.0
officehome_convnext_full__split06__seed0,officehome,full,,convnext_full_ft,0.3,4,12,0.05,0.05,0.0010416666666666667,0.004166666666666667,4.850708746577009e-07,6,6,6,delta_c/(M J) -> delta_c/M,1,9.0,margin,0.5,0.22574446633225834,0.00033816162366377944,1,9.0,margin,0.5,0.23356523952891556,0.00033816162366377944,0.00033816162366377944,0,1->1,1,1.0,1.0,1.0
officehome_convnext_full__split06__seed1,officehome,full,,convnext_full_ft,0.05,4,12,0.05,0.05,0.0010416666666666667,0.004166666666666667,0.4632537017120796,0,0,0,delta_c/(M J) -> delta_c/M,0,,,,0.0,,0,,,,0.0,,0.4632537017120796,0,0->0,1,1.0,1.0,1.0
officehome_convnext_full__split06__seed1,officehome,full,,convnext_full_ft,0.1,4,12,0.05,0.05,0.0010416666666666667,0.004166666666666667,0.24306193951685287,0,0,0,delta_c/(M J) -> delta_c/M,0,,,,0.0,,0,,,,0.0,,0.24306193951685287,0,0->0,1,1.0,1.0,1.0
officehome_convnext_full__split06__seed1,officehome,full,,convnext_full_ft,0.15,4,12,0.05,0.05,0.0010416666666666667,0.004166666666666667,0.0338680671652087,0,0,0,delta_c/(M J) -> delta_c/M,0,,,,0.0,,0,,,,0.0,,0.0338680671652087,0,0->0,1,1.0,1.0,1.0
officehome_convnext_full__split06__seed1,officehome,full,,convnext_full_ft,0.2,4,12,0.05,0.05,0.0010416666666666667,0.004166666666666667,0.0001601457840204859,4,4,4,delta_c/(M J) -> delta_c/M,1,5.0,energy,0.5,0.09510764433657172,0.0051927769001246515,1,5.0,energy,0.5,0.1004805757441177,0.0051927769001246515,0.0051927769001246515,0,1->1,1,1.0,1.0,1.0
officehome_convnext_full__split06__seed1,officehome,full,,convnext_full_ft,0.25,4,12,0.05,0.05,0.0010416666666666667,0.004166666666666667,2.3207851193227147e-06,6,6,6,delta_c/(M J) -> delta_c/M,1,9.0,margin,0.5,0.19984217568298168,0.00048314991773789067,1,9.0,margin,0.5,0.20730147730091403,0.00048314991773789067,0.00048314991773789067,0,1->1,1,1.0,1.0,1.0
officehome_convnext_full__split06__seed1,officehome,full,,convnext_full_ft,0.3,4,12,0.05,0.05,0.0010416666666666667,0.004166666666666667,1.5382776280930546e-09,6,6,6,delta_c/(M J) -> delta_c/M,1,9.0,margin,0.5,0.22748179310558767,1.2926915503147568e-06,1,9.0,margin,0.5,0.23532518796233462,1.2926915503147568e-06,1.2926915503147568e-06,0,1->1,1,1.0,1.0,1.0
officehome_convnext_full__split06__seed2,officehome,full,,convnext_full_ft,0.05,4,12,0.05,0.05,0.0010416666666666667,0.004166666666666667,0.6981513338906363,0,0,0,delta_c/(M J) -> delta_c/M,0,,,,0.0,,0,,,,0.0,,0.6981513338906363,0,0->0,1,1.0,1.0,1.0
officehome_convnext_full__split06__seed2,officehome,full,,convnext_full_ft,0.1,4,12,0.05,0.05,0.0010416666666666667,0.004166666666666667,0.2703407945392704,0,0,0,delta_c/(M J) -> delta_c/M,0,,,,0.0,,0,,,,0.0,,0.2703407945392704,0,0->0,1,1.0,1.0,1.0
officehome_convnext_full__split06__seed2,officehome,full,,convnext_full_ft,0.15,4,12,0.05,0.05,0.0010416666666666667,0.004166666666666667,0.006984668621978825,0,0,0,delta_c/(M J) -> delta_c/M,0,,,,0.0,,0,,,,0.0,,0.006984668621978825,0,0->0,1,1.0,1.0,1.0
officehome_convnext_full__split06__seed2,officehome,full,,convnext_full_ft,0.2,4,12,0.05,0.05,0.0010416666666666667,0.004166666666666667,0.00011198399941719327,4,4,4,delta_c/(M J) -> delta_c/M,1,5.0,energy,0.5,0.12914455811461853,0.002074789125541271,1,5.0,energy,0.5,0.1353352086640805,0.002074789125541271,0.002074789125541271,0,1->1,1,1.0,1.0,1.0
officehome_convnext_full__split06__seed2,officehome,full,,convnext_full_ft,0.25,4,12,0.05,0.05,0.0010416666666666667,0.004166666666666667,9.801868584946492e-08,7,7,7,delta_c/(M J) -> delta_c/M,1,6.0,energy,0.7,0.21361932385912893,0.0014292822904454236,1,6.0,energy,0.7,0.2212766656310436,0.0014292822904454236,0.0014292822904454236,0,1->1,1,1.0,1.0,1.0
officehome_convnext_full__split06__seed2,officehome,full,,convnext_full_ft,0.3,4,12,0.05,0.05,0.0010416666666666667,0.004166666666666667,2.1888829198911416e-09,7,7,7,delta_c/(M J) -> delta_c/M,1,6.0,energy,0.7,0.25368987154580863,6.360868909369796e-05,1,6.0,energy,0.7,0.26185175748955913,6.360868909369796e-05,6.360868909369796e-05,0,1->1,1,1.0,1.0,1.0
officehome_convnext_full__split06__seed3,officehome,full,,convnext_full_ft,0.05,4,12,0.05,0.05,0.0010416666666666667,0.004166666666666667,0.4720264597542536,0,0,0,delta_c/(M J) -> delta_c/M,0,,,,0.0,,0,,,,0.0,,0.4720264597542536,0,0->0,1,1.0,1.0,1.0
officehome_convnext_full__split06__seed3,officehome,full,,convnext_full_ft,0.1,4,12,0.05,0.05,0.0010416666666666667,0.004166666666666667,0.07390441470717304,0,0,0,delta_c/(M J) -> delta_c/M,0,,,,0.0,,0,,,,0.0,,0.07390441470717304,0,0->0,1,1.0,1.0,1.0
officehome_convnext_full__split06__seed3,officehome,full,,convnext_full_ft,0.15,4,12,0.05,0.05,0.0010416666666666667,0.004166666666666667,0.02362827291390932,0,0,0,delta_c/(M J) -> delta_c/M,0,,,,0.0,,0,,,,0.0,,0.02362827291390932,0,0->0,1,1.0,1.0,1.0
officehome_convnext_full__split06__seed3,officehome,full,,convnext_full_ft,0.2,4,12,0.05,0.05,0.0010416666666666667,0.004166666666666667,0.0010134584573688763,4,4,4,delta_c/(M J) -> delta_c/M,1,1.0,msp,0.5,0.17087219331671996,0.0026982940113479932,1,1.0,msp,0.5,0.17786764035132524,0.0026982940113479932,0.0026982940113479932,0,1->1,1,1.0,1.0,1.0
officehome_convnext_full__split06__seed3,officehome,full,,convnext_full_ft,0.25,4,12,0.05,0.05,0.0010416666666666667,0.004166666666666667,3.4605742513701636e-07,6,6,6,delta_c/(M J) -> delta_c/M,1,6.0,energy,0.7,0.24142543048105544,0.00614046671284937,1,6.0,energy,0.7,0.24944346908455456,0.00614046671284937,0.00614046671284937,0,1->1,1,1.0,1.0,1.0
officehome_convnext_full__split06__seed3,officehome,full,,convnext_full_ft,0.3,4,12,0.05,0.05,0.0010416666666666667,0.004166666666666667,6.000451026139995e-11,6,6,6,delta_c/(M J) -> delta_c/M,1,1.0,msp,0.5,0.24492359178362264,0.0001850754411786988,1,1.0,msp,0.5,0.2529835685521281,0.0001850754411786988,0.0001850754411786988,0,1->1,1,1.0,1.0,1.0
officehome_convnext_full__split06__seed4,officehome,full,,convnext_full_ft,0.05,4,12,0.05,0.05,0.0010416666666666667,0.004166666666666667,0.503649859592104,0,0,0,delta_c/(M J) -> delta_c/M,0,,,,0.0,,0,,,,0.0,,0.503649859592104,0,0->0,1,1.0,1.0,1.0
officehome_convnext_full__split06__seed4,officehome,full,,convnext_full_ft,0.1,4,12,0.05,0.05,0.0010416666666666667,0.004166666666666667,0.12476555154407995,0,0,0,delta_c/(M J) -> delta_c/M,0,,,,0.0,,0,,,,0.0,,0.12476555154407995,0,0->0,1,1.0,1.0,1.0
officehome_convnext_full__split06__seed4,officehome,full,,convnext_full_ft,0.15,4,12,0.05,0.05,0.0010416666666666667,0.004166666666666667,0.02781958269023583,0,0,0,delta_c/(M J) -> delta_c/M,0,,,,0.0,,0,,,,0.0,,0.02781958269023583,0,0->0,1,1.0,1.0,1.0
officehome_convnext_full__split06__seed4,officehome,full,,convnext_full_ft,0.2,4,12,0.05,0.05,0.0010416666666666667,0.004166666666666667,0.0002721092692065526,4,4,4,delta_c/(M J) -> delta_c/M,1,1.0,msp,0.5,0.17595248912556657,0.0013833626821683574,1,1.0,msp,0.5,0.18303428966633054,0.0013833626821683574,0.0013833626821683574,0,1->1,1,1.0,1.0,1.0
officehome_convnext_full__split06__seed4,officehome,full,,convnext_full_ft,0.25,4,12,0.05,0.05,0.0010416666666666667,0.004166666666666667,6.101337332437184e-06,7,7,7,delta_c/(M J) -> delta_c/M,1,6.0,energy,0.7,0.22922038739748105,0.0026404215641731683,1,6.0,energy,0.7,0.23708622574494462,0.0026404215641731683,0.0026404215641731683,0,1->1,1,1.0,1.0,1.0
officehome_convnext_full__split06__seed4,officehome,full,,convnext_full_ft,0.3,4,12,0.05,0.05,0.0010416666666666667,0.004166666666666667,1.3937177735267165e-10,6,6,6,delta_c/(M J) -> delta_c/M,1,9.0,margin,0.5,0.24142543048105544,9.878264417361204e-05,1,9.0,margin,0.5,0.24944346908455456,9.878264417361204e-05,9.878264417361204e-05,0,1->1,1,1.0,1.0,1.0
officehome_convnext_full__split07__seed0,officehome,full,,convnext_full_ft,0.05,4,12,0.05,0.05,0.0010416666666666667,0.004166666666666667,0.19371148445850117,0,0,0,delta_c/(M J) -> delta_c/M,0,,,,0.0,,0,,,,0.0,,0.19371148445850117,0,0->0,1,1.0,1.0,1.0
officehome_convnext_full__split07__seed0,officehome,full,,convnext_full_ft,0.1,4,12,0.05,0.05,0.0010416666666666667,0.004166666666666667,0.01733423520337668,0,0,0,delta_c/(M J) -> delta_c/M,0,,,,0.0,,0,,,,0.0,,0.01733423520337668,0,0->0,1,1.0,1.0,1.0
officehome_convnext_full__split07__seed0,officehome,full,,convnext_full_ft,0.15,4,12,0.05,0.05,0.0010416666666666667,0.004166666666666667,0.0004460415591270666,4,4,4,delta_c/(M J) -> delta_c/M,1,5.0,energy,0.5,0.11412159929596716,0.005349952402164848,1,5.0,energy,0.5,0.11981465051062848,0.005349952402164848,0.005349952402164848,0,1->1,1,1.0,1.0,1.0
officehome_convnext_full__split07__seed0,officehome,full,,convnext_full_ft,0.2,4,12,0.05,0.05,0.0010416666666666667,0.004166666666666667,1.2692237391894563e-05,6,6,6,delta_c/(M J) -> delta_c/M,1,9.0,margin,0.5,0.1627736141005047,0.0010448082090331258,1,9.0,margin,0.5,0.1694399143880217,0.0010448082090331258,0.0010448082090331258,0,1->1,1,1.0,1.0,1.0
officehome_convnext_full__split07__seed0,officehome,full,,convnext_full_ft,0.25,4,12,0.05,0.05,0.0010416666666666667,0.004166666666666667,2.387087309107121e-07,9,9,9,delta_c/(M J) -> delta_c/M,1,10.0,margin,0.7,0.24745823599492847,0.011643572927960682,1,10.0,margin,0.7,0.2553256939372118,0.011643572927960682,0.011643572927960682,0,1->1,1,1.0,1.0,1.0
officehome_convnext_full__split07__seed0,officehome,full,,convnext_full_ft,0.3,4,12,0.05,0.05,0.0010416666666666667,0.004166666666666667,5.227761588401287e-09,9,9,9,delta_c/(M J) -> delta_c/M,1,2.0,msp,0.7,0.285868409915381,0.003133703337991177,1,2.0,msp,0.7,0.2941330072339539,0.003133703337991177,0.003133703337991177,0,1->1,1,1.0,1.0,1.0
officehome_convnext_full__split07__seed1,officehome,full,,convnext_full_ft,0.05,4,12,0.05,0.05,0.0010416666666666667,0.004166666666666667,0.21463876394293757,0,0,0,delta_c/(M J) -> delta_c/M,0,,,,0.0,,0,,,,0.0,,0.21463876394293757,0,0->0,1,1.0,1.0,1.0
officehome_convnext_full__split07__seed1,officehome,full,,convnext_full_ft,0.1,4,12,0.05,0.05,0.0010416666666666667,0.004166666666666667,0.011972515182562012,0,0,0,delta_c/(M J) -> delta_c/M,0,,,,0.0,,0,,,,0.0,,0.011972515182562012,0,0->0,1,1.0,1.0,1.0
officehome_convnext_full__split07__seed1,officehome,full,,convnext_full_ft,0.15,4,12,0.05,0.05,0.0010416666666666667,0.004166666666666667,3.57595726454909e-05,2,2,2,delta_c/(M J) -> delta_c/M,1,8.0,margin,0.3,0.07486824669348859,3.57595726454909e-05,1,8.0,margin,0.3,0.07952846411064105,3.57595726454909e-05,3.57595726454909e-05,0,1->1,1,1.0,1.0,1.0
officehome_convnext_full__split07__seed1,officehome,full,,convnext_full_ft,0.2,4,12,0.05,0.05,0.0010416666666666667,0.004166666666666667,9.259479030359729e-06,5,5,5,delta_c/(M J) -> delta_c/M,1,1.0,msp,0.5,0.18524122459238565,0.002335893483067764,1,1.0,msp,0.5,0.192277578996074,0.002335893483067764,0.002335893483067764,0,1->1,1,1.0,1.0,1.0
officehome_convnext_full__split07__seed1,officehome,full,,convnext_full_ft,0.25,4,12,0.05,0.05,0.0010416666666666667,0.004166666666666667,3.3142907227754042e-06,6,6,6,delta_c/(M J) -> delta_c/M,1,9.0,margin,0.5,0.21123305228390127,0.0007275521833895117,1,9.0,margin,0.5,0.21864814527736315,0.0007275521833895117,0.0007275521833895117,0,1->1,1,1.0,1.0,1.0
officehome_convnext_full__split07__seed1,officehome,full,,convnext_full_ft,0.3,4,12,0.05,0.05,0.0010416666666666667,0.004166666666666667,2.2933606799797174e-08,7,7,7,delta_c/(M J) -> delta_c/M,1,6.0,energy,0.7,0.24911722698100094,0.00020295737641122278,1,6.0,energy,0.7,0.25700350315950454,0.00020295737641122278,0.00020295737641122278,0,1->1,1,1.0,1.0,1.0
officehome_convnext_full__split07__seed2,officehome,full,,convnext_full_ft,0.05,4,12,0.05,0.05,0.0010416666666666667,0.004166666666666667,0.2773895731218341,0,0,0,delta_c/(M J) -> delta_c/M,0,,,,0.0,,0,,,,0.0,,0.2773895731218341,0,0->0,1,1.0,1.0,1.0
officehome_convnext_full__split07__seed2,officehome,full,,convnext_full_ft,0.1,4,12,0.05,0.05,0.0010416666666666667,0.004166666666666667,0.13833822255419043,0,0,0,delta_c/(M J) -> delta_c/M,0,,,,0.0,,0,,,,0.0,,0.13833822255419043,0,0->0,1,1.0,1.0,1.0
officehome_convnext_full__split07__seed2,officehome,full,,convnext_full_ft,0.15,4,12,0.05,0.05,0.0010416666666666667,0.004166666666666667,0.021166336805007437,0,0,0,delta_c/(M J) -> delta_c/M,0,,,,0.0,,0,,,,0.0,,0.021166336805007437,0,0->0,1,1.0,1.0,1.0
officehome_convnext_full__split07__seed2,officehome,full,,convnext_full_ft,0.2,4,12,0.05,0.05,0.0010416666666666667,0.004166666666666667,0.0006477119637997901,4,4,4,delta_c/(M J) -> delta_c/M,1,1.0,msp,0.5,0.16596634814287825,0.001963344470402378,1,1.0,msp,0.5,0.17268788854910852,0.001963344470402378,0.001963344470402378,0,1->1,1,1.0,1.0,1.0
officehome_convnext_full__split07__seed2,officehome,full,,convnext_full_ft,0.25,4,12,0.05,0.05,0.0010416666666666667,0.004166666666666667,1.674162966577552e-05,8,8,8,delta_c/(M J) -> delta_c/M,1,10.0,margin,0.7,0.24414337425017427,0.005042941706409529,1,10.0,margin,0.7,0.2519727564877712,0.005042941706409529,0.005042941706409529,0,1->1,1,1.0,1.0,1.0
officehome_convnext_full__split07__seed2,officehome,full,,convnext_full_ft,0.3,4,12,0.05,0.05,0.0010416666666666667,0.004166666666666667,7.694061837174727e-08,9,9,9,delta_c/(M J) -> delta_c/M,1,2.0,msp,0.7,0.2691043641671499,0.0014142006253582747,1,2.0,msp,0.7,0.27720530156398393,0.0014142006253582747,0.0014142006253582747,0,1->1,1,1.0,1.0,1.0
officehome_convnext_full__split07__seed3,officehome,full,,convnext_full_ft,0.05,4,12,0.05,0.05,0.0010416666666666667,0.004166666666666667,0.20817022745971808,0,0,0,delta_c/(M J) -> delta_c/M,0,,,,0.0,,0,,,,0.0,,0.20817022745971808,0,0->0,1,1.0,1.0,1.0
officehome_convnext_full__split07__seed3,officehome,full,,convnext_full_ft,0.1,4,12,0.05,0.05,0.0010416666666666667,0.004166666666666667,0.01088895691174797,0,0,0,delta_c/(M J) -> delta_c/M,0,,,,0.0,,0,,,,0.0,,0.01088895691174797,0,0->0,1,1.0,1.0,1.0
officehome_convnext_full__split07__seed3,officehome,full,,convnext_full_ft,0.15,4,12,0.05,0.05,0.0010416666666666667,0.004166666666666667,0.0006896301069479807,2,2,2,delta_c/(M J) -> delta_c/M,1,8.0,margin,0.3,0.08078858109263812,0.0017351128234089758,1,8.0,margin,0.3,0.08562418869252204,0.0017351128234089758,0.0017351128234089758,0,1->1,1,1.0,1.0,1.0
officehome_convnext_full__split07__seed3,officehome,full,,convnext_full_ft,0.2,4,12,0.05,0.05,0.0010416666666666667,0.004166666666666667,0.00046753528511177896,3,3,3,delta_c/(M J) -> delta_c/M,1,0.0,msp,0.3,0.1265127070933445,0.0034857869519019174,1,0.0,msp,0.3,0.1324799033603758,0.0034857869519019174,0.0034857869519019174,0,1->1,1,1.0,1.0,1.0
officehome_convnext_full__split07__seed3,officehome,full,,convnext_full_ft,0.25,4,12,0.05,0.05,0.0010416666666666667,0.004166666666666667,3.60385139546185e-05,8,8,8,delta_c/(M J) -> delta_c/M,1,10.0,margin,0.7,0.22598779980156736,0.005893583939867617,1,10.0,margin,0.7,0.23359704626968444,0.005893583939867617,0.005893583939867617,0,1->1,1,1.0,1.0,1.0
officehome_convnext_full__split07__seed3,officehome,full,,convnext_full_ft,0.3,4,12,0.05,0.05,0.0010416666666666667,0.004166666666666667,1.0376101133398586e-06,9,9,9,delta_c/(M J) -> delta_c/M,1,2.0,msp,0.7,0.27244946334731057,0.008514525760507532,1,2.0,msp,0.7,0.28058421877639966,0.008514525760507532,0.008514525760507532,0,1->1,1,1.0,1.0,1.0
officehome_convnext_full__split07__seed4,officehome,full,,convnext_full_ft,0.05,4,12,0.05,0.05,0.0010416666666666667,0.004166666666666667,0.11598222130000581,0,0,0,delta_c/(M J) -> delta_c/M,0,,,,0.0,,0,,,,0.0,,0.11598222130000581,0,0->0,1,1.0,1.0,1.0
officehome_convnext_full__split07__seed4,officehome,full,,convnext_full_ft,0.1,4,12,0.05,0.05,0.0010416666666666667,0.004166666666666667,0.005153775207320108,0,0,0,delta_c/(M J) -> delta_c/M,0,,,,0.0,,0,,,,0.0,,0.005153775207320108,0,0->0,1,1.0,1.0,1.0
officehome_convnext_full__split07__seed4,officehome,full,,convnext_full_ft,0.15,4,12,0.05,0.05,0.0010416666666666667,0.004166666666666667,4.207008546528342e-05,3,3,3,delta_c/(M J) -> delta_c/M,1,4.0,energy,0.3,0.08675667125814603,0.00394656703097285,1,4.0,energy,0.3,0.09176104261417423,0.00394656703097285,0.00394656703097285,0,1->1,1,1.0,1.0,1.0
officehome_convnext_full__split07__seed4,officehome,full,,convnext_full_ft,0.2,4,12,0.05,0.05,0.0010416666666666667,0.004166666666666667,2.6542460030633396e-05,6,6,6,delta_c/(M J) -> delta_c/M,1,9.0,margin,0.5,0.14848105813174348,0.0013638728670490195,1,9.0,margin,0.5,0.15488829580289512,0.0013638728670490195,0.0013638728670490195,0,1->1,1,1.0,1.0,1.0
officehome_convnext_full__split07__seed4,officehome,full,,convnext_full_ft,0.25,4,12,0.05,0.05,0.0010416666666666667,0.004166666666666667,1.4376073924588188e-06,8,8,8,delta_c/(M J) -> delta_c/M,1,10.0,margin,0.7,0.22270101045559348,0.008239014766254474,1,10.0,margin,0.7,0.23026823083285433,0.008239014766254474,0.008239014766254474,0,1->1,1,1.0,1.0,1.0
officehome_convnext_full__split07__seed4,officehome,full,,convnext_full_ft,0.3,4,12,0.05,0.05,0.0010416666666666667,0.004166666666666667,6.867861209269965e-08,9,9,9,delta_c/(M J) -> delta_c/M,1,10.0,margin,0.7,0.264094070396063,0.0021533646781997894,1,10.0,margin,0.7,0.27214324485291064,0.0021533646781997894,0.0021533646781997894,0,1->1,1,1.0,1.0,1.0
officehome_convnext_full__split08__seed0,officehome,full,,convnext_full_ft,0.05,4,12,0.05,0.05,0.0010416666666666667,0.004166666666666667,0.7494142190385706,0,0,0,delta_c/(M J) -> delta_c/M,0,,,,0.0,,0,,,,0.0,,0.7494142190385706,0,0->0,1,1.0,1.0,1.0
officehome_convnext_full__split08__seed0,officehome,full,,convnext_full_ft,0.1,4,12,0.05,0.05,0.0010416666666666667,0.004166666666666667,0.4202649788315974,0,0,0,delta_c/(M J) -> delta_c/M,0,,,,0.0,,0,,,,0.0,,0.4202649788315974,0,0->0,1,1.0,1.0,1.0
officehome_convnext_full__split08__seed0,officehome,full,,convnext_full_ft,0.15,4,12,0.05,0.05,0.0010416666666666667,0.004166666666666667,0.0930705003766545,0,0,0,delta_c/(M J) -> delta_c/M,0,,,,0.0,,0,,,,0.0,,0.0930705003766545,0,0->0,1,1.0,1.0,1.0
officehome_convnext_full__split08__seed0,officehome,full,,convnext_full_ft,0.2,4,12,0.05,0.05,0.0010416666666666667,0.004166666666666667,0.07177997053961871,0,0,0,delta_c/(M J) -> delta_c/M,0,,,,0.0,,0,,,,0.0,,0.07177997053961871,0,0->0,1,1.0,1.0,1.0
officehome_convnext_full__split08__seed0,officehome,full,,convnext_full_ft,0.25,4,12,0.05,0.05,0.0010416666666666667,0.004166666666666667,0.015939187083793396,0,0,0,delta_c/(M J) -> delta_c/M,0,,,,0.0,,0,,,,0.0,,0.015939187083793396,0,0->0,1,1.0,1.0,1.0
officehome_convnext_full__split08__seed0,officehome,full,,convnext_full_ft,0.3,4,12,0.05,0.05,0.0010416666666666667,0.004166666666666667,0.0009688650448912051,3,3,3,delta_c/(M J) -> delta_c/M,1,0.0,msp,0.3,0.13932178021455377,0.0009688650448912051,1,0.0,msp,0.3,0.14573187019288977,0.0009688650448912051,0.0009688650448912051,0,1->1,1,1.0,1.0,1.0
officehome_convnext_full__split08__seed1,officehome,full,,convnext_full_ft,0.05,4,12,0.05,0.05,0.0010416666666666667,0.004166666666666667,0.8981054088575684,0,0,0,delta_c/(M J) -> delta_c/M,0,,,,0.0,,0,,,,0.0,,0.8981054088575684,0,0->0,1,1.0,1.0,1.0
officehome_convnext_full__split08__seed1,officehome,full,,convnext_full_ft,0.1,4,12,0.05,0.05,0.0010416666666666667,0.004166666666666667,0.6402766278592267,0,0,0,delta_c/(M J) -> delta_c/M,0,,,,0.0,,0,,,,0.0,,0.6402766278592267,0,0->0,1,1.0,1.0,1.0
officehome_convnext_full__split08__seed1,officehome,full,,convnext_full_ft,0.15,4,12,0.05,0.05,0.0010416666666666667,0.004166666666666667,0.3467678664663232,0,0,0,delta_c/(M J) -> delta_c/M,0,,,,0.0,,0,,,,0.0,,0.3467678664663232,0,0->0,1,1.0,1.0,1.0
officehome_convnext_full__split08__seed1,officehome,full,,convnext_full_ft,0.2,4,12,0.05,0.05,0.0010416666666666667,0.004166666666666667,0.029173352883929173,0,0,0,delta_c/(M J) -> delta_c/M,0,,,,0.0,,0,,,,0.0,,0.029173352883929173,0,0->0,1,1.0,1.0,1.0
officehome_convnext_full__split08__seed1,officehome,full,,convnext_full_ft,0.25,4,12,0.05,0.05,0.0010416666666666667,0.004166666666666667,0.0028387891463390845,1,1,1,delta_c/(M J) -> delta_c/M,1,9.0,margin,0.5,0.18139926460853625,0.0028387891463390845,1,9.0,margin,0.5,0.18857778644948295,0.0028387891463390845,0.0028387891463390845,0,1->1,1,1.0,1.0,1.0
officehome_convnext_full__split08__seed1,officehome,full,,convnext_full_ft,0.3,4,12,0.05,0.05,0.0010416666666666667,0.004166666666666667,7.236206487676924e-05,6,6,6,delta_c/(M J) -> delta_c/M,1,1.0,msp,0.5,0.21403651037861912,7.836653683831224e-05,1,1.0,msp,0.5,0.22170671687047344,7.836653683831224e-05,7.836653683831224e-05,0,1->1,1,1.0,1.0,1.0
officehome_convnext_full__split08__seed2,officehome,full,,convnext_full_ft,0.05,4,12,0.05,0.05,0.0010416666666666667,0.004166666666666667,0.8999030091394882,0,0,0,delta_c/(M J) -> delta_c/M,0,,,,0.0,,0,,,,0.0,,0.8999030091394882,0,0->0,1,1.0,1.0,1.0
officehome_convnext_full__split08__seed2,officehome,full,,convnext_full_ft,0.1,4,12,0.05,0.05,0.0010416666666666667,0.004166666666666667,0.44555640243840866,0,0,0,delta_c/(M J) -> delta_c/M,0,,,,0.0,,0,,,,0.0,,0.44555640243840866,0,0->0,1,1.0,1.0,1.0
officehome_convnext_full__split08__seed2,officehome,full,,convnext_full_ft,0.15,4,12,0.05,0.05,0.0010416666666666667,0.004166666666666667,0.10592422677138427,0,0,0,delta_c/(M J) -> delta_c/M,0,,,,0.0,,0,,,,0.0,,0.10592422677138427,0,0->0,1,1.0,1.0,1.0
officehome_convnext_full__split08__seed2,officehome,full,,convnext_full_ft,0.2,4,12,0.05,0.05,0.0010416666666666667,0.004166666666666667,0.028985673930836862,0,0,0,delta_c/(M J) -> delta_c/M,0,,,,0.0,,0,,,,0.0,,0.028985673930836862,0,0->0,1,1.0,1.0,1.0
officehome_convnext_full__split08__seed2,officehome,full,,convnext_full_ft,0.25,4,12,0.05,0.05,0.0010416666666666667,0.004166666666666667,0.003807598834054422,2,2,2,delta_c/(M J) -> delta_c/M,1,1.0,msp,0.5,0.19851254583499794,0.003807598834054422,1,1.0,msp,0.5,0.20595886476247727,0.003807598834054422,0.003807598834054422,0,1->1,1,1.0,1.0,1.0
officehome_convnext_full__split08__seed2,officehome,full,,convnext_full_ft,0.3,4,12,0.05,0.05,0.0010416666666666667,0.004166666666666667,2.463481730736768e-05,8,8,8,delta_c/(M J) -> delta_c/M,1,10.0,margin,0.7,0.28426821045400946,0.004719676409333774,1,10.0,margin,0.7,0.29275968574544803,0.004719676409333774,0.004719676409333774,0,1->1,1,1.0,1.0,1.0
officehome_convnext_full__split08__seed3,officehome,full,,convnext_full_ft,0.05,4,12,0.05,0.05,0.0010416666666666667,0.004166666666666667,0.7922280035731784,0,0,0,delta_c/(M J) -> delta_c/M,0,,,,0.0,,0,,,,0.0,,0.7922280035731784,0,0->0,1,1.0,1.0,1.0
officehome_convnext_full__split08__seed3,officehome,full,,convnext_full_ft,0.1,4,12,0.05,0.05,0.0010416666666666667,0.004166666666666667,0.36668351908062047,0,0,0,delta_c/(M J) -> delta_c/M,0,,,,0.0,,0,,,,0.0,,0.36668351908062047,0,0->0,1,1.0,1.0,1.0
officehome_convnext_full__split08__seed3,officehome,full,,convnext_full_ft,0.15,4,12,0.05,0.05,0.0010416666666666667,0.004166666666666667,0.15794373755863694,0,0,0,delta_c/(M J) -> delta_c/M,0,,,,0.0,,0,,,,0.0,,0.15794373755863694,0,0->0,1,1.0,1.0,1.0
officehome_convnext_full__split08__seed3,officehome,full,,convnext_full_ft,0.2,4,12,0.05,0.05,0.0010416666666666667,0.004166666666666667,0.16404515230291428,0,0,0,delta_c/(M J) -> delta_c/M,0,,,,0.0,,0,,,,0.0,,0.16404515230291428,0,0->0,1,1.0,1.0,1.0
officehome_convnext_full__split08__seed3,officehome,full,,convnext_full_ft,0.25,4,12,0.05,0.05,0.0010416666666666667,0.004166666666666667,0.021754952673667803,0,0,0,delta_c/(M J) -> delta_c/M,0,,,,0.0,,0,,,,0.0,,0.021754952673667803,0,0->0,1,1.0,1.0,1.0
officehome_convnext_full__split08__seed3,officehome,full,,convnext_full_ft,0.3,4,12,0.05,0.05,0.0010416666666666667,0.004166666666666667,0.0005869151421885385,4,4,4,delta_c/(M J) -> delta_c/M,1,1.0,msp,0.5,0.23653168102842267,0.0043608074735353485,1,1.0,msp,0.5,0.2425031473336138,0.0043608074735353485,0.0043608074735353485,0,1->1,1,1.0,1.0,1.0
officehome_convnext_full__split08__seed4,officehome,full,,convnext_full_ft,0.05,4,12,0.05,0.05,0.0010416666666666667,0.004166666666666667,0.7820354710428653,0,0,0,delta_c/(M J) -> delta_c/M,0,,,,0.0,,0,,,,0.0,,0.7820354710428653,0,0->0,1,1.0,1.0,1.0
officehome_convnext_full__split08__seed4,officehome,full,,convnext_full_ft,0.1,4,12,0.05,0.05,0.0010416666666666667,0.004166666666666667,0.5318997095459153,0,0,0,delta_c/(M J) -> delta_c/M,0,,,,0.0,,0,,,,0.0,,0.5318997095459153,0,0->0,1,1.0,1.0,1.0
officehome_convnext_full__split08__seed4,officehome,full,,convnext_full_ft,0.15,4,12,0.05,0.05,0.0010416666666666667,0.004166666666666667,0.1364612118171822,0,0,0,delta_c/(M J) -> delta_c/M,0,,,,0.0,,0,,,,0.0,,0.1364612118171822,0,0->0,1,1.0,1.0,1.0
officehome_convnext_full__split08__seed4,officehome,full,,convnext_full_ft,0.2,4,12,0.05,0.05,0.0010416666666666667,0.004166666666666667,0.02576155896167122,0,0,0,delta_c/(M J) -> delta_c/M,0,,,,0.0,,0,,,,0.0,,0.02576155896167122,0,0->0,1,1.0,1.0,1.0
officehome_convnext_full__split08__seed4,officehome,full,,convnext_full_ft,0.25,4,12,0.05,0.05,0.0010416666666666667,0.004166666666666667,0.0021754020389456517,3,3,3,delta_c/(M J) -> delta_c/M,1,9.0,margin,0.5,0.19714721827247378,0.002527010819925269,1,9.0,margin,0.5,0.20271984526002612,0.002527010819925269,0.002527010819925269,0,1->1,1,1.0,1.0,1.0
officehome_convnext_full__split08__seed4,officehome,full,,convnext_full_ft,0.3,4,12,0.05,0.05,0.0010416666666666667,0.004166666666666667,4.1461217655745256e-06,7,7,7,delta_c/(M J) -> delta_c/M,1,6.0,energy,0.7,0.3003222680545035,0.007201286424916802,1,6.0,energy,0.7,0.30896308191192223,0.007201286424916802,0.007201286424916802,0,1->1,1,1.0,1.0,1.0
officehome_convnext_full__split09__seed0,officehome,full,,convnext_full_ft,0.05,4,12,0.05,0.05,0.0010416666666666667,0.004166666666666667,0.1900077436647789,0,0,0,delta_c/(M J) -> delta_c/M,0,,,,0.0,,0,,,,0.0,,0.1900077436647789,0,0->0,1,1.0,1.0,1.0
officehome_convnext_full__split09__seed0,officehome,full,,convnext_full_ft,0.1,4,12,0.05,0.05,0.0010416666666666667,0.004166666666666667,0.05130107103667321,0,0,0,delta_c/(M J) -> delta_c/M,0,,,,0.0,,0,,,,0.0,,0.05130107103667321,0,0->0,1,1.0,1.0,1.0
officehome_convnext_full__split09__seed0,officehome,full,,convnext_full_ft,0.15,4,12,0.05,0.05,0.0010416666666666667,0.004166666666666667,0.010141760612805317,0,0,0,delta_c/(M J) -> delta_c/M,0,,,,0.0,,0,,,,0.0,,0.010141760612805317,0,0->0,1,1.0,1.0,1.0
officehome_convnext_full__split09__seed0,officehome,full,,convnext_full_ft,0.2,4,12,0.05,0.05,0.0010416666666666667,0.004166666666666667,0.0005018539108160172,3,3,3,delta_c/(M J) -> delta_c/M,1,0.0,msp,0.3,0.14016872635777008,0.0005924249170339048,1,0.0,msp,0.3,0.14657848838605414,0.0005924249170339048,0.0005924249170339048,0,1->1,1,1.0,1.0,1.0
officehome_convnext_full__split09__seed0,officehome,full,,convnext_full_ft,0.25,4,12,0.05,0.05,0.0010416666666666667,0.004166666666666667,1.7300435066501925e-06,6,6,6,delta_c/(M J) -> delta_c/M,1,9.0,margin,0.5,0.21795786892667593,0.00010212205821898335,1,9.0,margin,0.5,0.22566062226543945,0.00010212205821898335,0.00010212205821898335,0,1->1,1,1.0,1.0,1.0
officehome_convnext_full__split09__seed0,officehome,full,,convnext_full_ft,0.3,4,12,0.05,0.05,0.0010416666666666667,0.004166666666666667,2.4583020820057337e-09,7,7,7,delta_c/(M J) -> delta_c/M,1,6.0,energy,0.7,0.2492045489718689,0.0017733945783454897,1,6.0,energy,0.7,0.25729988742363574,0.0017733945783454897,0.0017733945783454897,0,1->1,1,1.0,1.0,1.0
officehome_convnext_full__split09__seed1,officehome,full,,convnext_full_ft,0.05,4,12,0.05,0.05,0.0010416666666666667,0.004166666666666667,0.2715020881859754,0,0,0,delta_c/(M J) -> delta_c/M,0,,,,0.0,,0,,,,0.0,,0.2715020881859754,0,0->0,1,1.0,1.0,1.0
officehome_convnext_full__split09__seed1,officehome,full,,convnext_full_ft,0.1,4,12,0.05,0.05,0.0010416666666666667,0.004166666666666667,0.0343451356835441,0,0,0,delta_c/(M J) -> delta_c/M,0,,,,0.0,,0,,,,0.0,,0.0343451356835441,0,0->0,1,1.0,1.0,1.0
officehome_convnext_full__split09__seed1,officehome,full,,convnext_full_ft,0.15,4,12,0.05,0.05,0.0010416666666666667,0.004166666666666667,0.001834516148749892,1,1,1,delta_c/(M J) -> delta_c/M,1,4.0,energy,0.3,0.10111615832529793,0.001834516148749892,1,4.0,energy,0.3,0.1066367710062611,0.001834516148749892,0.001834516148749892,0,1->1,1,1.0,1.0,1.0
officehome_convnext_full__split09__seed1,officehome,full,,convnext_full_ft,0.2,4,12,0.05,0.05,0.0010416666666666667,0.004166666666666667,4.5210501458389524e-05,3,3,3,delta_c/(M J) -> delta_c/M,1,0.0,msp,0.3,0.1517842049476236,0.0001031391733264811,1,0.0,msp,0.3,0.1584218443306521,0.0001031391733264811,0.0001031391733264811,0,1->1,1,1.0,1.0,1.0
officehome_convnext_full__split09__seed1,officehome,full,,convnext_full_ft,0.25,4,12,0.05,0.05,0.0010416666666666667,0.004166666666666667,1.0453249095757006e-07,6,6,6,delta_c/(M J) -> delta_c/M,1,9.0,margin,0.5,0.2265971556619586,0.0003658620109322565,1,9.0,margin,0.5,0.23441463273781102,0.0003658620109322565,0.0003658620109322565,0,1->1,1,1.0,1.0,1.0
officehome_convnext_full__split09__seed1,officehome,full,,convnext_full_ft,0.3,4,12,0.05,0.05,0.0010416666666666667,0.004166666666666667,3.711486378777665e-10,9,9,9,delta_c/(M J) -> delta_c/M,1,2.0,msp,0.7,0.29677959113985924,0.004353664573937647,1,2.0,msp,0.7,0.30536462577269613,0.004353664573937647,0.004353664573937647,0,1->1,1,1.0,1.0,1.0
officehome_convnext_full__split09__seed2,officehome,full,,convnext_full_ft,0.05,4,12,0.05,0.05,0.0010416666666666667,0.004166666666666667,0.5980985087415578,0,0,0,delta_c/(M J) -> delta_c/M,0,,,,0.0,,0,,,,0.0,,0.5980985087415578,0,0->0,1,1.0,1.0,1.0
officehome_convnext_full__split09__seed2,officehome,full,,convnext_full_ft,0.1,4,12,0.05,0.05,0.0010416666666666667,0.004166666666666667,0.09251051750193047,0,0,0,delta_c/(M J) -> delta_c/M,0,,,,0.0,,0,,,,0.0,,0.09251051750193047,0,0->0,1,1.0,1.0,1.0
officehome_convnext_full__split09__seed2,officehome,full,,convnext_full_ft,0.15,4,12,0.05,0.05,0.0010416666666666667,0.004166666666666667,0.005227283590972546,0,0,0,delta_c/(M J) -> delta_c/M,0,,,,0.0,,0,,,,0.0,,0.005227283590972546,0,0->0,1,1.0,1.0,1.0
officehome_convnext_full__split09__seed2,officehome,full,,convnext_full_ft,0.2,4,12,0.05,0.05,0.0010416666666666667,0.004166666666666667,0.00015234917109957573,3,3,3,delta_c/(M J) -> delta_c/M,1,0.0,msp,0.3,0.1517842049476236,0.0005266755020043412,1,0.0,msp,0.3,0.1584218443306521,0.0005266755020043412,0.0005266755020043412,0,1->1,1,1.0,1.0,1.0
officehome_convnext_full__split09__seed2,officehome,full,,convnext_full_ft,0.25,4,12,0.05,0.05,0.0010416666666666667,0.004166666666666667,1.3374886775565407e-06,6,6,6,delta_c/(M J) -> delta_c/M,1,9.0,margin,0.5,0.2265971556619586,0.00022770251690678662,1,9.0,margin,0.5,0.23441463273781102,0.00022770251690678662,0.00022770251690678662,0,1->1,1,1.0,1.0,1.0
officehome_convnext_full__split09__seed2,officehome,full,,convnext_full_ft,0.3,4,12,0.05,0.05,0.0010416666666666667,0.004166666666666667,1.3079721890105693e-10,7,7,7,delta_c/(M J) -> delta_c/M,1,6.0,energy,0.7,0.29500343655893907,0.004845983498157494,1,6.0,energy,0.7,0.30357232134358525,0.004845983498157494,0.004845983498157494,0,1->1,1,1.0,1.0,1.0
officehome_convnext_full__split09__seed3,officehome,full,,convnext_full_ft,0.05,4,12,0.05,0.05,0.0010416666666666667,0.004166666666666667,0.1840259102355761,0,0,0,delta_c/(M J) -> delta_c/M,0,,,,0.0,,0,,,,0.0,,0.1840259102355761,0,0->0,1,1.0,1.0,1.0
officehome_convnext_full__split09__seed3,officehome,full,,convnext_full_ft,0.1,4,12,0.05,0.05,0.0010416666666666667,0.004166666666666667,0.02063599348574822,0,0,0,delta_c/(M J) -> delta_c/M,0,,,,0.0,,0,,,,0.0,,0.02063599348574822,0,0->0,1,1.0,1.0,1.0
officehome_convnext_full__split09__seed3,officehome,full,,convnext_full_ft,0.15,4,12,0.05,0.05,0.0010416666666666667,0.004166666666666667,0.005687977235709019,0,0,0,delta_c/(M J) -> delta_c/M,0,,,,0.0,,0,,,,0.0,,0.005687977235709019,0,0->0,1,1.0,1.0,1.0
officehome_convnext_full__split09__seed3,officehome,full,,convnext_full_ft,0.2,4,12,0.05,0.05,0.0010416666666666667,0.004166666666666667,8.293052539705298e-05,6,6,6,delta_c/(M J) -> delta_c/M,1,1.0,msp,0.5,0.19906732008950984,0.0015733470365486592,1,1.0,msp,0.5,0.2065013989654125,0.0015733470365486592,0.0015733470365486592,0,1->1,1,1.0,1.0,1.0
officehome_convnext_full__split09__seed3,officehome,full,,convnext_full_ft,0.25,4,12,0.05,0.05,0.0010416666666666667,0.004166666666666667,2.611254129915824e-07,6,6,6,delta_c/(M J) -> delta_c/M,1,9.0,margin,0.5,0.2127898242331675,7.072584659124833e-05,1,9.0,margin,0.5,0.22042156123338777,7.072584659124833e-05,7.072584659124833e-05,0,1->1,1,1.0,1.0,1.0
officehome_convnext_full__split09__seed3,officehome,full,,convnext_full_ft,0.3,4,12,0.05,0.05,0.0010416666666666667,0.004166666666666667,1.5902590682711025e-10,9,9,9,delta_c/(M J) -> delta_c/M,1,2.0,msp,0.7,0.2861385072758356,0.002831622814563314,1,2.0,msp,0.7,0.294624412018344,0.002831622814563314,0.002831622814563314,0,1->1,1,1.0,1.0,1.0
officehome_convnext_full__split09__seed4,officehome,full,,convnext_full_ft,0.05,4,12,0.05,0.05,0.0010416666666666667,0.004166666666666667,0.42892803080722575,0,0,0,delta_c/(M J) -> delta_c/M,0,,,,0.0,,0,,,,0.0,,0.42892803080722575,0,0->0,1,1.0,1.0,1.0
officehome_convnext_full__split09__seed4,officehome,full,,convnext_full_ft,0.1,4,12,0.05,0.05,0.0010416666666666667,0.004166666666666667,0.0528874986851466,0,0,0,delta_c/(M J) -> delta_c/M,0,,,,0.0,,0,,,,0.0,,0.0528874986851466,0,0->0,1,1.0,1.0,1.0
officehome_convnext_full__split09__seed4,officehome,full,,convnext_full_ft,0.15,4,12,0.05,0.05,0.0010416666666666667,0.004166666666666667,0.0021180696525945563,1,1,1,delta_c/(M J) -> delta_c/M,1,4.0,energy,0.3,0.06821230007888994,0.0021180696525945563,1,4.0,energy,0.3,0.07277863115678895,0.0021180696525945563,0.0021180696525945563,0,1->1,1,1.0,1.0,1.0
officehome_convnext_full__split09__seed4,officehome,full,,convnext_full_ft,0.2,4,12,0.05,0.05,0.0010416666666666667,0.004166666666666667,1.456773625335706e-05,6,6,6,delta_c/(M J) -> delta_c/M,1,9.0,margin,0.5,0.18713348778144634,0.0003457037337994972,1,9.0,margin,0.5,0.1943843147138157,0.0003457037337994972,0.0003457037337994972,0,1->1,1,1.0,1.0,1.0
officehome_convnext_full__split09__seed4,officehome,full,,convnext_full_ft,0.25,4,12,0.05,0.05,0.0010416666666666667,0.004166666666666667,1.533053453163196e-08,8,8,8,delta_c/(M J) -> delta_c/M,1,2.0,msp,0.7,0.26321628574636885,0.003321334631172377,1,2.0,msp,0.7,0.2714686215706797,0.003321334631172377,0.003321334631172377,0,1->1,1,1.0,1.0,1.0
officehome_convnext_full__split09__seed4,officehome,full,,convnext_full_ft,0.3,4,12,0.05,0.05,0.0010416666666666667,0.004166666666666667,5.810526029143087e-12,8,8,8,delta_c/(M J) -> delta_c/M,1,10.0,margin,0.7,0.3092418114238562,0.003510962882336044,1,10.0,margin,0.7,0.3179357917557241,0.003510962882336044,0.003510962882336044,0,1->1,1,1.0,1.0,1.0
resnext29_8x64d__pathmnist_split_00__seed0__d0.5,pathmnist,d0.5,0.5,resnext29_8x64d,0.05,5,12,0.05,0.05,0.0008333333333333334,0.004166666666666667,0.6243063944297621,0,0,0,delta_c/(M J) -> delta_c/M,0,,,,0.0,,0,,,,0.0,,0.6243063944297621,0,0->0,0,,,
resnext29_8x64d__pathmnist_split_00__seed0__d0.5,pathmnist,d0.5,0.5,resnext29_8x64d,0.1,5,12,0.05,0.05,0.0008333333333333334,0.004166666666666667,0.22046890416045228,0,0,0,delta_c/(M J) -> delta_c/M,0,,,,0.0,,0,,,,0.0,,0.22046890416045228,0,0->0,0,,,
resnext29_8x64d__pathmnist_split_00__seed0__d0.5,pathmnist,d0.5,0.5,resnext29_8x64d,0.15,5,12,0.05,0.05,0.0008333333333333334,0.004166666666666667,0.07475108793267321,0,0,0,delta_c/(M J) -> delta_c/M,0,,,,0.0,,0,,,,0.0,,0.07475108793267321,0,0->0,0,,,
resnext29_8x64d__pathmnist_split_00__seed0__d0.5,pathmnist,d0.5,0.5,resnext29_8x64d,0.2,5,12,0.05,0.05,0.0008333333333333334,0.004166666666666667,0.00250738319017385,2,2,2,delta_c/(M J) -> delta_c/M,1,5.0,energy,0.5,0.3435677443120512,0.0033057003126082036,1,5.0,energy,0.5,0.355312504879042,0.0033057003126082036,0.0033057003126082036,0,1->1,0,,,
resnext29_8x64d__pathmnist_split_00__seed0__d0.5,pathmnist,d0.5,0.5,resnext29_8x64d,0.25,5,12,0.05,0.05,0.0008333333333333334,0.004166666666666667,8.438536682524172e-06,6,6,6,delta_c/(M J) -> delta_c/M,1,5.0,energy,0.5,0.36702478113065456,0.00014891566122214302,1,5.0,energy,0.5,0.37896681329948206,0.00014891566122214302,0.00014891566122214302,0,1->1,0,,,
resnext29_8x64d__pathmnist_split_00__seed0__d0.5,pathmnist,d0.5,0.5,resnext29_8x64d,0.3,5,12,0.05,0.05,0.0008333333333333334,0.004166666666666667,1.199078029573407e-08,6,6,6,delta_c/(M J) -> delta_c/M,1,5.0,energy,0.5,0.3882952792541434,1.9050808075471305e-06,1,5.0,energy,0.5,0.40038971452888344,1.9050808075471305e-06,1.9050808075471305e-06,0,1->1,0,,,
resnext29_8x64d__pathmnist_split_00__seed0__d5.0,pathmnist,d5,5.0,resnext29_8x64d,0.05,5,12,0.05,0.05,0.0008333333333333334,0.004166666666666667,0.4535211108109415,0,0,0,delta_c/(M J) -> delta_c/M,0,,,,0.0,,0,,,,0.0,,0.4535211108109415,0,0->0,0,,,
resnext29_8x64d__pathmnist_split_00__seed0__d5.0,pathmnist,d5,5.0,resnext29_8x64d,0.1,5,12,0.05,0.05,0.0008333333333333334,0.004166666666666667,0.01585514497889172,0,0,0,delta_c/(M J) -> delta_c/M,0,,,,0.0,,0,,,,0.0,,0.01585514497889172,0,0->0,0,,,
resnext29_8x64d__pathmnist_split_00__seed0__d5.0,pathmnist,d5,5.0,resnext29_8x64d,0.15,5,12,0.05,0.05,0.0008333333333333334,0.004166666666666667,0.002385745776896391,1,1,1,delta_c/(M J) -> delta_c/M,1,4.0,energy,0.3,0.3365674557663192,0.002385745776896391,1,4.0,energy,0.3,0.3482472195642205,0.002385745776896391,0.002385745776896391,0,1->1,0,,,
resnext29_8x64d__pathmnist_split_00__seed0__d5.0,pathmnist,d5,5.0,resnext29_8x64d,0.2,5,12,0.05,0.05,0.0008333333333333334,0.004166666666666667,7.457694582463522e-05,6,6,6,delta_c/(M J) -> delta_c/M,1,5.0,energy,0.5,0.44815863945727136,0.0038627969092562275,1,5.0,energy,0.5,0.46055339183133687,0.0038627969092562275,0.0038627969092562275,0,1->1,0,,,
resnext29_8x64d__pathmnist_split_00__seed0__d5.0,pathmnist,d5,5.0,resnext29_8x64d,0.25,5,12,0.05,0.05,0.0008333333333333334,0.004166666666666667,6.860504282673698e-07,6,6,6,delta_c/(M J) -> delta_c/M,1,5.0,energy,0.5,0.4895198327991733,0.00027785485753395944,1,5.0,energy,0.5,0.5020154381460599,0.00027785485753395944,0.00027785485753395944,0,1->1,0,,,
resnext29_8x64d__pathmnist_split_00__seed0__d5.0,pathmnist,d5,5.0,resnext29_8x64d,0.3,5,12,0.05,0.05,0.0008333333333333334,0.004166666666666667,2.7043993946480374e-10,7,7,7,delta_c/(M J) -> delta_c/M,1,6.0,energy,0.7,0.6297689471097416,0.0065793746774712985,1,6.0,energy,0.7,0.6419648074197695,0.0065793746774712985,0.0065793746774712985,0,1->1,0,,,
resnext29_8x64d__pathmnist_split_00__seed1__d0.5,pathmnist,d0.5,0.5,resnext29_8x64d,0.05,5,12,0.05,0.05,0.0008333333333333334,0.004166666666666667,0.2835016167603913,0,0,0,delta_c/(M J) -> delta_c/M,0,,,,0.0,,0,,,,0.0,,0.2835016167603913,0,0->0,0,,,
resnext29_8x64d__pathmnist_split_00__seed1__d0.5,pathmnist,d0.5,0.5,resnext29_8x64d,0.1,5,12,0.05,0.05,0.0008333333333333334,0.004166666666666667,0.00130621276953828,1,1,1,delta_c/(M J) -> delta_c/M,1,5.0,energy,0.5,0.34824410206160594,0.00130621276953828,1,5.0,energy,0.5,0.36003069381448993,0.00130621276953828,0.00130621276953828,0,1->1,0,,,
resnext29_8x64d__pathmnist_split_00__seed1__d0.5,pathmnist,d0.5,0.5,resnext29_8x64d,0.15,5,12,0.05,0.05,0.0008333333333333334,0.004166666666666667,7.959701555309261e-06,7,7,7,delta_c/(M J) -> delta_c/M,1,6.0,energy,0.7,0.5289431886579371,0.007037022522469757,1,6.0,energy,0.7,0.5414554701680356,0.007037022522469757,0.007037022522469757,0,1->1,0,,,
resnext29_8x64d__pathmnist_split_00__seed1__d0.5,pathmnist,d0.5,0.5,resnext29_8x64d,0.2,5,12,0.05,0.05,0.0008333333333333334,0.004166666666666667,3.2988616943423016e-10,7,7,7,delta_c/(M J) -> delta_c/M,1,6.0,energy,0.7,0.5688675570881677,0.0015111917744567202,1,6.0,energy,0.7,0.5813173659479489,0.0015111917744567202,0.0015111917744567202,0,1->1,0,,,
resnext29_8x64d__pathmnist_split_00__seed1__d0.5,pathmnist,d0.5,0.5,resnext29_8x64d,0.25,5,12,0.05,0.05,0.0008333333333333334,0.004166666666666667,3.20431446899645e-13,9,9,9,delta_c/(M J) -> delta_c/M,1,6.0,energy,0.7,0.6272053234058461,4.84051366952352e-05,1,6.0,energy,0.7,0.6394158785620645,4.84051366952352e-05,4.84051366952352e-05,0,1->1,0,,,
resnext29_8x64d__pathmnist_split_00__seed1__d0.5,pathmnist,d0.5,0.5,resnext29_8x64d,0.3,5,12,0.05,0.05,0.0008333333333333334,0.004166666666666667,2.652651294102641e-18,9,9,9,delta_c/(M J) -> delta_c/M,1,6.0,energy,0.7,0.6815688935705817,1.2183113980987516e-05,1,6.0,energy,0.7,0.6933876792257463,1.2183113980987516e-05,1.2183113980987516e-05,0,1->1,0,,,
resnext29_8x64d__pathmnist_split_00__seed1__d5.0,pathmnist,d5,5.0,resnext29_8x64d,0.05,5,12,0.05,0.05,0.0008333333333333334,0.004166666666666667,0.5199624056517671,0,0,0,delta_c/(M J) -> delta_c/M,0,,,,0.0,,0,,,,0.0,,0.5199624056517671,0,0->0,0,,,
resnext29_8x64d__pathmnist_split_00__seed1__d5.0,pathmnist,d5,5.0,resnext29_8x64d,0.1,5,12,0.05,0.05,0.0008333333333333334,0.004166666666666667,0.09638734152293763,0,0,0,delta_c/(M J) -> delta_c/M,0,,,,0.0,,0,,,,0.0,,0.09638734152293763,0,0->0,0,,,
resnext29_8x64d__pathmnist_split_00__seed1__d5.0,pathmnist,d5,5.0,resnext29_8x64d,0.15,5,12,0.05,0.05,0.0008333333333333334,0.004166666666666667,0.0040779522845673126,3,3,3,delta_c/(M J) -> delta_c/M,1,0.0,msp,0.3,0.18950589384056576,0.0040779522845673126,1,0.0,msp,0.3,0.19905006709644715,0.0040779522845673126,0.0040779522845673126,0,1->1,0,,,
resnext29_8x64d__pathmnist_split_00__seed1__d5.0,pathmnist,d5,5.0,resnext29_8x64d,0.2,5,12,0.05,0.05,0.0008333333333333334,0.004166666666666667,4.0163805183017837e-05,6,6,6,delta_c/(M J) -> delta_c/M,1,5.0,energy,0.5,0.3249386353872075,0.0013587655762920406,1,5.0,energy,0.5,0.3365040194473385,0.0013587655762920406,0.0013587655762920406,0,1->1,0,,,
resnext29_8x64d__pathmnist_split_00__seed1__d5.0,pathmnist,d5,5.0,resnext29_8x64d,0.25,5,12,0.05,0.05,0.0008333333333333334,0.004166666666666667,6.060460270777626e-07,9,9,9,delta_c/(M J) -> delta_c/M,1,6.0,energy,0.7,0.4529970186386543,0.0005346182061405194,1,6.0,energy,0.7,0.46540800442090263,0.0005346182061405194,0.0005346182061405194,0,1->1,0,,,
resnext29_8x64d__pathmnist_split_00__seed1__d5.0,pathmnist,d5,5.0,resnext29_8x64d,0.3,5,12,0.05,0.05,0.0008333333333333334,0.004166666666666667,6.193732575674752e-10,9,9,9,delta_c/(M J) -> delta_c/M,1,6.0,energy,0.7,0.543854656711543,5.594073443366759e-05,1,6.0,energy,0.7,0.5563530151080306,5.594073443366759e-05,5.594073443366759e-05,0,1->1,0,,,
resnext29_8x64d__pathmnist_split_00__seed2__d0.5,pathmnist,d0.5,0.5,resnext29_8x64d,0.05,5,12,0.05,0.05,0.0008333333333333334,0.004166666666666667,0.045908568692290895,0,0,0,delta_c/(M J) -> delta_c/M,0,,,,0.0,,0,,,,0.0,,0.045908568692290895,0,0->0,0,,,
resnext29_8x64d__pathmnist_split_00__seed2__d0.5,pathmnist,d0.5,0.5,resnext29_8x64d,0.1,5,12,0.05,0.05,0.0008333333333333334,0.004166666666666667,0.005601734095916038,0,0,0,delta_c/(M J) -> delta_c/M,0,,,,0.0,,0,,,,0.0,,0.005601734095916038,0,0->0,0,,,
resnext29_8x64d__pathmnist_split_00__seed2__d0.5,pathmnist,d0.5,0.5,resnext29_8x64d,0.15,5,12,0.05,0.05,0.0008333333333333334,0.004166666666666667,0.00019915684233961635,5,5,5,delta_c/(M J) -> delta_c/M,1,1.0,msp,0.5,0.35058511691194966,0.00019915684233961635,1,1.0,msp,0.5,0.36239217638629906,0.00019915684233961635,0.00019915684233961635,0,1->1,0,,,
resnext29_8x64d__pathmnist_split_00__seed2__d0.5,pathmnist,d0.5,0.5,resnext29_8x64d,0.2,5,12,0.05,0.05,0.0008333333333333334,0.004166666666666667,3.0666603967749767e-07,6,6,6,delta_c/(M J) -> delta_c/M,1,5.0,energy,0.5,0.4121037082192663,0.00038136434519189333,1,5.0,energy,0.5,0.4243399045782939,0.00038136434519189333,0.00038136434519189333,0,1->1,0,,,
resnext29_8x64d__pathmnist_split_00__seed2__d0.5,pathmnist,d0.5,0.5,resnext29_8x64d,0.25,5,12,0.05,0.05,0.0008333333333333334,0.004166666666666667,1.7349944676531168e-11,7,7,7,delta_c/(M J) -> delta_c/M,1,6.0,energy,0.7,0.5488410260431491,0.0017338699013446305,1,6.0,energy,0.7,0.5613322349226514,0.0017338699013446305,0.0017338699013446305,0,1->1,0,,,
resnext29_8x64d__pathmnist_split_00__seed2__d0.5,pathmnist,d0.5,0.5,resnext29_8x64d,0.3,5,12,0.05,0.05,0.0008333333333333334,0.004166666666666667,1.4884636665656614e-12,9,9,9,delta_c/(M J) -> delta_c/M,1,6.0,energy,0.7,0.5966225298723742,0.0014534980152190737,1,6.0,energy,0.7,0.6089809114069679,0.0014534980152190737,0.0014534980152190737,0,1->1,0,,,
resnext29_8x64d__pathmnist_split_00__seed2__d5.0,pathmnist,d5,5.0,resnext29_8x64d,0.05,5,12,0.05,0.05,0.0008333333333333334,0.004166666666666667,0.02513792031240625,0,0,0,delta_c/(M J) -> delta_c/M,0,,,,0.0,,0,,,,0.0,,0.02513792031240625,0,0->0,0,,,
resnext29_8x64d__pathmnist_split_00__seed2__d5.0,pathmnist,d5,5.0,resnext29_8x64d,0.1,5,12,0.05,0.05,0.0008333333333333334,0.004166666666666667,0.0006765443299193968,2,2,2,delta_c/(M J) -> delta_c/M,1,0.0,msp,0.3,0.19388232260443022,0.002370124553529961,1,0.0,msp,0.3,0.20351559818701492,0.002370124553529961,0.002370124553529961,0,1->1,0,,,
resnext29_8x64d__pathmnist_split_00__seed2__d5.0,pathmnist,d5,5.0,resnext29_8x64d,0.15,5,12,0.05,0.05,0.0008333333333333334,0.004166666666666667,0.00029067248263331446,6,6,6,delta_c/(M J) -> delta_c/M,1,1.0,msp,0.5,0.29034658659234813,0.003741530314070171,1,1.0,msp,0.5,0.3015223580607464,0.003741530314070171,0.003741530314070171,0,1->1,0,,,
resnext29_8x64d__pathmnist_split_00__seed2__d5.0,pathmnist,d5,5.0,resnext29_8x64d,0.2,5,12,0.05,0.05,0.0008333333333333334,0.004166666666666667,7.186501508057967e-06,7,7,7,delta_c/(M J) -> delta_c/M,1,6.0,energy,0.7,0.4336873985166334,0.007740580849847922,1,6.0,energy,0.7,0.44602651391908255,0.007740580849847922,0.007740580849847922,0,1->1,0,,,
resnext29_8x64d__pathmnist_split_00__seed2__d5.0,pathmnist,d5,5.0,resnext29_8x64d,0.25,5,12,0.05,0.05,0.0008333333333333334,0.004166666666666667,7.048252349526019e-09,7,7,7,delta_c/(M J) -> delta_c/M,1,6.0,energy,0.7,0.5141020566788544,0.001403003870639354,1,6.0,energy,0.7,0.5266171496032577,0.001403003870639354,0.001403003870639354,0,1->1,0,,,
resnext29_8x64d__pathmnist_split_00__seed2__d5.0,pathmnist,d5,5.0,resnext29_8x64d,0.3,5,12,0.05,0.05,0.0008333333333333334,0.004166666666666667,2.7191941519616948e-11,9,9,9,delta_c/(M J) -> delta_c/M,1,6.0,energy,0.7,0.6067804415433591,0.0007152554731333275,1,6.0,energy,0.7,0.6190952846916475,0.0007152554731333275,0.0007152554731333275,0,1->1,0,,,
resnext29_8x64d__pathmnist_split_00__seed3__d0.5,pathmnist,d0.5,0.5,resnext29_8x64d,0.05,5,12,0.05,0.05,0.0008333333333333334,0.004166666666666667,0.10276458685264142,0,0,0,delta_c/(M J) -> delta_c/M,0,,,,0.0,,0,,,,0.0,,0.10276458685264142,0,0->0,0,,,
resnext29_8x64d__pathmnist_split_00__seed3__d0.5,pathmnist,d0.5,0.5,resnext29_8x64d,0.1,5,12,0.05,0.05,0.0008333333333333334,0.004166666666666667,0.004512181702123052,0,0,0,delta_c/(M J) -> delta_c/M,0,,,,0.0,,0,,,,0.0,,0.004512181702123052,0,0->0,0,,,
resnext29_8x64d__pathmnist_split_00__seed3__d0.5,pathmnist,d0.5,0.5,resnext29_8x64d,0.15,5,12,0.05,0.05,0.0008333333333333334,0.004166666666666667,1.6732173287487873e-05,6,6,6,delta_c/(M J) -> delta_c/M,1,5.0,energy,0.5,0.4336873985166334,0.006169737870592204,1,5.0,energy,0.5,0.44602651391908255,0.006169737870592204,0.006169737870592204,0,1->1,0,,,
resnext29_8x64d__pathmnist_split_00__seed3__d0.5,pathmnist,d0.5,0.5,resnext29_8x64d,0.2,5,12,0.05,0.05,0.0008333333333333334,0.004166666666666667,7.040477250606946e-08,6,6,6,delta_c/(M J) -> delta_c/M,1,5.0,energy,0.5,0.47973963788634,0.0003689816894703516,1,5.0,energy,0.5,0.49221912180525157,0.0003689816894703516,0.0003689816894703516,0,1->1,0,,,
resnext29_8x64d__pathmnist_split_00__seed3__d0.5,pathmnist,d0.5,0.5,resnext29_8x64d,0.25,5,12,0.05,0.05,0.0008333333333333334,0.004166666666666667,9.095530623364723e-10,6,6,6,delta_c/(M J) -> delta_c/M,1,5.0,energy,0.5,0.5264648188311545,1.9716451719646455e-05,1,5.0,energy,0.5,0.5389783348052817,1.9716451719646455e-05,1.9716451719646455e-05,0,1->1,0,,,
resnext29_8x64d__pathmnist_split_00__seed3__d0.5,pathmnist,d0.5,0.5,resnext29_8x64d,0.3,5,12,0.05,0.05,0.0008333333333333334,0.004166666666666667,2.49460096394287e-12,9,9,9,delta_c/(M J) -> delta_c/M,1,6.0,energy,0.7,0.6374742272754323,0.0012302516459724035,1,6.0,energy,0.7,0.6496237300267701,0.0012302516459724035,0.0012302516459724035,0,1->1,0,,,
resnext29_8x64d__pathmnist_split_00__seed3__d5.0,pathmnist,d5,5.0,resnext29_8x64d,0.05,5,12,0.05,0.05,0.0008333333333333334,0.004166666666666667,0.0771445705774787,0,0,0,delta_c/(M J) -> delta_c/M,0,,,,0.0,,0,,,,0.0,,0.0771445705774787,0,0->0,0,,,
resnext29_8x64d__pathmnist_split_00__seed3__d5.0,pathmnist,d5,5.0,resnext29_8x64d,0.1,5,12,0.05,0.05,0.0008333333333333334,0.004166666666666667,0.011633676805557668,0,0,0,delta_c/(M J) -> delta_c/M,0,,,,0.0,,0,,,,0.0,,0.011633676805557668,0,0->0,0,,,
resnext29_8x64d__pathmnist_split_00__seed3__d5.0,pathmnist,d5,5.0,resnext29_8x64d,0.15,5,12,0.05,0.05,0.0008333333333333334,0.004166666666666667,0.0001505323637942332,6,6,6,delta_c/(M J) -> delta_c/M,1,1.0,msp,0.5,0.37645986153074157,0.0015245602987243125,1,1.0,msp,0.5,0.38847254688804816,0.0015245602987243125,0.0015245602987243125,0,1->1,0,,,
resnext29_8x64d__pathmnist_split_00__seed3__d5.0,pathmnist,d5,5.0,resnext29_8x64d,0.2,5,12,0.05,0.05,0.0008333333333333334,0.004166666666666667,3.550639835786861e-07,6,6,6,delta_c/(M J) -> delta_c/M,1,5.0,energy,0.5,0.4385038382874313,0.0002723427785785412,1,5.0,energy,0.5,0.4508626540601417,0.0002723427785785412,0.0002723427785785412,0,1->1,0,,,
resnext29_8x64d__pathmnist_split_00__seed3__d5.0,pathmnist,d5,5.0,resnext29_8x64d,0.25,5,12,0.05,0.05,0.0008333333333333334,0.004166666666666667,1.9205912889062042e-10,6,6,6,delta_c/(M J) -> delta_c/M,1,5.0,energy,0.5,0.49933000752702783,1.9943510256355034e-06,1,5.0,energy,0.5,0.5118369970259395,1.9943510256355034e-06,1.9943510256355034e-06,0,1->1,0,,,
resnext29_8x64d__pathmnist_split_00__seed3__d5.0,pathmnist,d5,5.0,resnext29_8x64d,0.3,5,12,0.05,0.05,0.0008333333333333334,0.004166666666666667,1.997364510760004e-13,9,9,9,delta_c/(M J) -> delta_c/M,1,6.0,energy,0.7,0.6711247041199443,0.008474822918810515,1,6.0,energy,0.7,0.6830321772469155,0.008474822918810515,0.008474822918810515,0,1->1,0,,,
resnext29_8x64d__pathmnist_split_00__seed4__d0.5,pathmnist,d0.5,0.5,resnext29_8x64d,0.05,5,12,0.05,0.05,0.0008333333333333334,0.004166666666666667,0.598736939238379,0,0,0,delta_c/(M J) -> delta_c/M,0,,,,0.0,,0,,,,0.0,,0.598736939238379,0,0->0,0,,,
resnext29_8x64d__pathmnist_split_00__seed4__d0.5,pathmnist,d0.5,0.5,resnext29_8x64d,0.1,5,12,0.05,0.05,0.0008333333333333334,0.004166666666666667,0.5050877451462331,0,0,0,delta_c/(M J) -> delta_c/M,0,,,,0.0,,0,,,,0.0,,0.5050877451462331,0,0->0,0,,,
resnext29_8x64d__pathmnist_split_00__seed4__d0.5,pathmnist,d0.5,0.5,resnext29_8x64d,0.15,5,12,0.05,0.05,0.0008333333333333334,0.004166666666666667,0.020852185721191806,0,0,0,delta_c/(M J) -> delta_c/M,0,,,,0.0,,0,,,,0.0,,0.020852185721191806,0,0->0,0,,,
resnext29_8x64d__pathmnist_split_00__seed4__d0.5,pathmnist,d0.5,0.5,resnext29_8x64d,0.2,5,12,0.05,0.05,0.0008333333333333334,0.004166666666666667,0.0004680703159778213,2,2,2,delta_c/(M J) -> delta_c/M,1,0.0,msp,0.3,0.23373796037016095,0.0004680703159778213,1,0.0,msp,0.3,0.24409958418611705,0.0004680703159778213,0.0004680703159778213,0,1->1,0,,,
resnext29_8x64d__pathmnist_split_00__seed4__d0.5,pathmnist,d0.5,0.5,resnext29_8x64d,0.25,5,12,0.05,0.05,0.0008333333333333334,0.004166666666666667,9.343390613011593e-06,5,5,5,delta_c/(M J) -> delta_c/M,1,5.0,energy,0.5,0.5339057944904915,0.0018271431324168358,1,5.0,energy,0.5,0.5464146803369061,0.0018271431324168358,0.0018271431324168358,0,1->1,0,,,
resnext29_8x64d__pathmnist_split_00__seed4__d0.5,pathmnist,d0.5,0.5,resnext29_8x64d,0.3,5,12,0.05,0.05,0.0008333333333333334,0.004166666666666667,3.10647389903416e-07,6,6,6,delta_c/(M J) -> delta_c/M,1,5.0,energy,0.5,0.5966225298723742,7.578824889172145e-06,1,5.0,energy,0.5,0.6089809114069679,7.578824889172145e-06,7.578824889172145e-06,0,1->1,0,,,
resnext29_8x64d__pathmnist_split_00__seed4__d5.0,pathmnist,d5,5.0,resnext29_8x64d,0.05,5,12,0.05,0.05,0.0008333333333333334,0.004166666666666667,0.8823057446320058,0,0,0,delta_c/(M J) -> delta_c/M,0,,,,0.0,,0,,,,0.0,,0.8823057446320058,0,0->0,0,,,
resnext29_8x64d__pathmnist_split_00__seed4__d5.0,pathmnist,d5,5.0,resnext29_8x64d,0.1,5,12,0.05,0.05,0.0008333333333333334,0.004166666666666667,0.3772211378631822,0,0,0,delta_c/(M J) -> delta_c/M,0,,,,0.0,,0,,,,0.0,,0.3772211378631822,0,0->0,0,,,
resnext29_8x64d__pathmnist_split_00__seed4__d5.0,pathmnist,d5,5.0,resnext29_8x64d,0.15,5,12,0.05,0.05,0.0008333333333333334,0.004166666666666667,0.010141760612805317,0,0,0,delta_c/(M J) -> delta_c/M,0,,,,0.0,,0,,,,0.0,,0.010141760612805317,0,0->0,0,,,
resnext29_8x64d__pathmnist_split_00__seed4__d5.0,pathmnist,d5,5.0,resnext29_8x64d,0.2,5,12,0.05,0.05,0.0008333333333333334,0.004166666666666667,0.00040869600210577444,3,3,3,delta_c/(M J) -> delta_c/M,1,4.0,energy,0.3,0.352928016711934,0.00040869600210577444,1,4.0,energy,0.3,0.3647552462154545,0.00040869600210577444,0.00040869600210577444,0,1->1,0,,,
resnext29_8x64d__pathmnist_split_00__seed4__d5.0,pathmnist,d5,5.0,resnext29_8x64d,0.25,5,12,0.05,0.05,0.0008333333333333334,0.004166666666666667,1.5248049113683607e-05,6,6,6,delta_c/(M J) -> delta_c/M,1,5.0,energy,0.5,0.5190413674869057,0.0007163893650535636,1,5.0,energy,0.5,0.5315567450384309,0.0007163893650535636,0.0007163893650535636,0,1->1,0,,,
resnext29_8x64d__pathmnist_split_00__seed4__d5.0,pathmnist,d5,5.0,resnext29_8x64d,0.3,5,12,0.05,0.05,0.0008333333333333334,0.004166666666666667,8.042103684885377e-09,6,6,6,delta_c/(M J) -> delta_c/M,1,5.0,energy,0.5,0.5713801345446272,3.539309401604197e-05,1,5.0,energy,0.5,0.5838233058200162,3.539309401604197e-05,3.539309401604197e-05,0,1->1,0,,,
resnext29_8x64d__pathmnist_split_01__seed0__d0.5,pathmnist,d0.5,0.5,resnext29_8x64d,0.05,5,12,0.05,0.05,0.0008333333333333334,0.004166666666666667,1.0,0,0,0,delta_c/(M J) -> delta_c/M,0,,,,0.0,,0,,,,0.0,,1.0,0,0->0,0,,,
resnext29_8x64d__pathmnist_split_01__seed0__d0.5,pathmnist,d0.5,0.5,resnext29_8x64d,0.1,5,12,0.05,0.05,0.0008333333333333334,0.004166666666666667,1.0,0,0,0,delta_c/(M J) -> delta_c/M,0,,,,0.0,,0,,,,0.0,,1.0,0,0->0,0,,,
resnext29_8x64d__pathmnist_split_01__seed0__d0.5,pathmnist,d0.5,0.5,resnext29_8x64d,0.15,5,12,0.05,0.05,0.0008333333333333334,0.004166666666666667,0.7659172314369136,0,0,0,delta_c/(M J) -> delta_c/M,0,,,,0.0,,0,,,,0.0,,0.7659172314369136,0,0->0,0,,,
resnext29_8x64d__pathmnist_split_01__seed0__d0.5,pathmnist,d0.5,0.5,resnext29_8x64d,0.2,5,12,0.05,0.05,0.0008333333333333334,0.004166666666666667,0.0737353506812614,0,0,0,delta_c/(M J) -> delta_c/M,0,,,,0.0,,0,,,,0.0,,0.0737353506812614,0,0->0,0,,,
resnext29_8x64d__pathmnist_split_01__seed0__d0.5,pathmnist,d0.5,0.5,resnext29_8x64d,0.25,5,12,0.05,0.05,0.0008333333333333334,0.004166666666666667,0.0011463411483366378,2,2,2,delta_c/(M J) -> delta_c/M,1,9.0,margin,0.5,0.26131233100696916,0.0011463411483366378,1,9.0,margin,0.5,0.272245309635049,0.0011463411483366378,0.0011463411483366378,0,1->1,0,,,
resnext29_8x64d__pathmnist_split_01__seed0__d0.5,pathmnist,d0.5,0.5,resnext29_8x64d,0.3,5,12,0.05,0.05,0.0008333333333333334,0.004166666666666667,5.255898830500523e-05,2,2,2,delta_c/(M J) -> delta_c/M,1,9.0,margin,0.5,0.30588448219909103,6.291418280608533e-05,1,9.0,margin,0.5,0.3173984072066666,6.291418280608533e-05,6.291418280608533e-05,0,1->1,0,,,
resnext29_8x64d__pathmnist_split_01__seed0__d5.0,pathmnist,d5,5.0,resnext29_8x64d,0.05,5,12,0.05,0.05,0.0008333333333333334,0.004166666666666667,1.0,0,0,0,delta_c/(M J) -> delta_c/M,0,,,,0.0,,0,,,,0.0,,1.0,0,0->0,0,,,
resnext29_8x64d__pathmnist_split_01__seed0__d5.0,pathmnist,d5,5.0,resnext29_8x64d,0.1,5,12,0.05,0.05,0.0008333333333333334,0.004166666666666667,0.8342476628241611,0,0,0,delta_c/(M J) -> delta_c/M,0,,,,0.0,,0,,,,0.0,,0.8342476628241611,0,0->0,0,,,
resnext29_8x64d__pathmnist_split_01__seed0__d5.0,pathmnist,d5,5.0,resnext29_8x64d,0.15,5,12,0.05,0.05,0.0008333333333333334,0.004166666666666667,0.011427155758794702,0,0,0,delta_c/(M J) -> delta_c/M,0,,,,0.0,,0,,,,0.0,,0.011427155758794702,0,0->0,0,,,
resnext29_8x64d__pathmnist_split_01__seed0__d5.0,pathmnist,d5,5.0,resnext29_8x64d,0.2,5,12,0.05,0.05,0.0008333333333333334,0.004166666666666667,0.00043655290055719543,4,4,4,delta_c/(M J) -> delta_c/M,1,6.0,energy,0.7,0.620141224349229,0.004869331554842367,1,6.0,energy,0.7,0.6325601915190386,0.004869331554842367,0.004869331554842367,0,1->1,0,,,
resnext29_8x64d__pathmnist_split_01__seed0__d5.0,pathmnist,d5,5.0,resnext29_8x64d,0.25,5,12,0.05,0.05,0.0008333333333333334,0.004166666666666667,7.355597260783492e-09,8,8,8,delta_c/(M J) -> delta_c/M,1,6.0,energy,0.7,0.6625287640981268,0.0014386449072283929,1,6.0,energy,0.7,0.6746709235452044,0.0014386449072283929,0.0014386449072283929,0,1->1,0,,,
resnext29_8x64d__pathmnist_split_01__seed0__d5.0,pathmnist,d5,5.0,resnext29_8x64d,0.3,5,12,0.05,0.05,0.0008333333333333334,0.004166666666666667,1.3556701755395933e-12,9,9,9,delta_c/(M J) -> delta_c/M,1,6.0,energy,0.7,0.6975006788031362,0.00011380058209670305,1,6.0,energy,0.7,0.7093341152796284,0.00011380058209670305,0.00011380058209670305,0,1->1,0,,,
resnext29_8x64d__pathmnist_split_01__seed1__d0.5,pathmnist,d0.5,0.5,resnext29_8x64d,0.05,5,12,0.05,0.05,0.0008333333333333334,0.004166666666666667,1.0,0,0,0,delta_c/(M J) -> delta_c/M,0,,,,0.0,,0,,,,0.0,,1.0,0,0->0,0,,,
resnext29_8x64d__pathmnist_split_01__seed1__d0.5,pathmnist,d0.5,0.5,resnext29_8x64d,0.1,5,12,0.05,0.05,0.0008333333333333334,0.004166666666666667,1.0,0,0,0,delta_c/(M J) -> delta_c/M,0,,,,0.0,,0,,,,0.0,,1.0,0,0->0,0,,,
resnext29_8x64d__pathmnist_split_01__seed1__d0.5,pathmnist,d0.5,0.5,resnext29_8x64d,0.15,5,12,0.05,0.05,0.0008333333333333334,0.004166666666666667,0.7234299640080062,0,0,0,delta_c/(M J) -> delta_c/M,0,,,,0.0,,0,,,,0.0,,0.7234299640080062,0,0->0,0,,,
resnext29_8x64d__pathmnist_split_01__seed1__d0.5,pathmnist,d0.5,0.5,resnext29_8x64d,0.2,5,12,0.05,0.05,0.0008333333333333334,0.004166666666666667,0.12853805619834618,0,0,0,delta_c/(M J) -> delta_c/M,0,,,,0.0,,0,,,,0.0,,0.12853805619834618,0,0->0,0,,,
resnext29_8x64d__pathmnist_split_01__seed1__d0.5,pathmnist,d0.5,0.5,resnext29_8x64d,0.25,5,12,0.05,0.05,0.0008333333333333334,0.004166666666666667,0.010492915070437215,0,0,0,delta_c/(M J) -> delta_c/M,0,,,,0.0,,0,,,,0.0,,0.010492915070437215,0,0->0,0,,,
resnext29_8x64d__pathmnist_split_01__seed1__d0.5,pathmnist,d0.5,0.5,resnext29_8x64d,0.3,5,12,0.05,0.05,0.0008333333333333334,0.004166666666666667,2.407433282664519e-05,3,3,3,delta_c/(M J) -> delta_c/M,1,5.0,energy,0.5,0.38997943211079356,0.00022720563627807452,1,5.0,energy,0.5,0.40224983254484364,0.00022720563627807452,0.00022720563627807452,0,1->1,0,,,
resnext29_8x64d__pathmnist_split_01__seed1__d5.0,pathmnist,d5,5.0,resnext29_8x64d,0.05,5,12,0.05,0.05,0.0008333333333333334,0.004166666666666667,0.993730595431045,0,0,0,delta_c/(M J) -> delta_c/M,0,,,,0.0,,0,,,,0.0,,0.993730595431045,0,0->0,0,,,
resnext29_8x64d__pathmnist_split_01__seed1__d5.0,pathmnist,d5,5.0,resnext29_8x64d,0.1,5,12,0.05,0.05,0.0008333333333333334,0.004166666666666667,0.7808838759233658,0,0,0,delta_c/(M J) -> delta_c/M,0,,,,0.0,,0,,,,0.0,,0.7808838759233658,0,0->0,0,,,
resnext29_8x64d__pathmnist_split_01__seed1__d5.0,pathmnist,d5,5.0,resnext29_8x64d,0.15,5,12,0.05,0.05,0.0008333333333333334,0.004166666666666667,0.009026901325009797,0,0,0,delta_c/(M J) -> delta_c/M,0,,,,0.0,,0,,,,0.0,,0.009026901325009797,0,0->0,0,,,
resnext29_8x64d__pathmnist_split_01__seed1__d5.0,pathmnist,d5,5.0,resnext29_8x64d,0.2,5,12,0.05,0.05,0.0008333333333333334,0.004166666666666667,0.004615034321321634,0,0,0,delta_c/(M J) -> delta_c/M,0,,,,0.0,,0,,,,0.0,,0.004615034321321634,0,0->0,0,,,
resnext29_8x64d__pathmnist_split_01__seed1__d5.0,pathmnist,d5,5.0,resnext29_8x64d,0.25,5,12,0.05,0.05,0.0008333333333333334,0.004166666666666667,2.068314375271026e-08,6,6,6,delta_c/(M J) -> delta_c/M,1,5.0,energy,0.5,0.6044150872215289,3.7371270450726015e-05,1,5.0,energy,0.5,0.6169111815717873,3.7371270450726015e-05,3.7371270450726015e-05,0,1->1,0,,,
resnext29_8x64d__pathmnist_split_01__seed1__d5.0,pathmnist,d5,5.0,resnext29_8x64d,0.3,5,12,0.05,0.05,0.0008333333333333334,0.004166666666666667,8.602399988205013e-11,6,6,6,delta_c/(M J) -> delta_c/M,1,5.0,energy,0.5,0.6280378044278968,5.762583127223025e-07,1,5.0,energy,0.5,0.6404129229609883,5.762583127223025e-07,5.762583127223025e-07,0,1->1,0,,,
resnext29_8x64d__pathmnist_split_01__seed2__d0.5,pathmnist,d0.5,0.5,resnext29_8x64d,0.05,5,12,0.05,0.05,0.0008333333333333334,0.004166666666666667,0.4129476499044885,0,0,0,delta_c/(M J) -> delta_c/M,0,,,,0.0,,0,,,,0.0,,0.4129476499044885,0,0->0,0,,,
resnext29_8x64d__pathmnist_split_01__seed2__d0.5,pathmnist,d0.5,0.5,resnext29_8x64d,0.1,5,12,0.05,0.05,0.0008333333333333334,0.004166666666666667,0.6904427607955834,0,0,0,delta_c/(M J) -> delta_c/M,0,,,,0.0,,0,,,,0.0,,0.6904427607955834,0,0->0,0,,,
resnext29_8x64d__pathmnist_split_01__seed2__d0.5,pathmnist,d0.5,0.5,resnext29_8x64d,0.15,5,12,0.05,0.05,0.0008333333333333334,0.004166666666666667,0.1716348936193619,0,0,0,delta_c/(M J) -> delta_c/M,0,,,,0.0,,0,,,,0.0,,0.1716348936193619,0,0->0,0,,,
resnext29_8x64d__pathmnist_split_01__seed2__d0.5,pathmnist,d0.5,0.5,resnext29_8x64d,0.2,5,12,0.05,0.05,0.0008333333333333334,0.004166666666666667,0.09338774410421852,0,0,0,delta_c/(M J) -> delta_c/M,0,,,,0.0,,0,,,,0.0,,0.09338774410421852,0,0->0,0,,,
resnext29_8x64d__pathmnist_split_01__seed2__d0.5,pathmnist,d0.5,0.5,resnext29_8x64d,0.25,5,12,0.05,0.05,0.0008333333333333334,0.004166666666666667,0.01366132282423726,0,0,0,delta_c/(M J) -> delta_c/M,0,,,,0.0,,0,,,,0.0,,0.01366132282423726,0,0->0,0,,,
resnext29_8x64d__pathmnist_split_01__seed2__d0.5,pathmnist,d0.5,0.5,resnext29_8x64d,0.3,5,12,0.05,0.05,0.0008333333333333334,0.004166666666666667,0.0007508198816269548,4,4,4,delta_c/(M J) -> delta_c/M,1,9.0,margin,0.5,0.3416208126583549,0.001068737194340138,1,9.0,margin,0.5,0.35350698120785895,0.001068737194340138,0.001068737194340138,0,1->1,0,,,
resnext29_8x64d__pathmnist_split_01__seed2__d5.0,pathmnist,d5,5.0,resnext29_8x64d,0.05,5,12,0.05,0.05,0.0008333333333333334,0.004166666666666667,1.0,0,0,0,delta_c/(M J) -> delta_c/M,0,,,,0.0,,0,,,,0.0,,1.0,0,0->0,0,,,
resnext29_8x64d__pathmnist_split_01__seed2__d5.0,pathmnist,d5,5.0,resnext29_8x64d,0.1,5,12,0.05,0.05,0.0008333333333333334,0.004166666666666667,0.6976125184900037,0,0,0,delta_c/(M J) -> delta_c/M,0,,,,0.0,,0,,,,0.0,,0.6976125184900037,0,0->0,0,,,
resnext29_8x64d__pathmnist_split_01__seed2__d5.0,pathmnist,d5,5.0,resnext29_8x64d,0.15,5,12,0.05,0.05,0.0008333333333333334,0.004166666666666667,0.0688838337095026,0,0,0,delta_c/(M J) -> delta_c/M,0,,,,0.0,,0,,,,0.0,,0.0688838337095026,0,0->0,0,,,
resnext29_8x64d__pathmnist_split_01__seed2__d5.0,pathmnist,d5,5.0,resnext29_8x64d,0.2,5,12,0.05,0.05,0.0008333333333333334,0.004166666666666667,0.0038783071022662425,1,1,1,delta_c/(M J) -> delta_c/M,1,9.0,margin,0.5,0.46149606752935457,0.0038783071022662425,1,9.0,margin,0.5,0.4741030553363507,0.0038783071022662425,0.0038783071022662425,0,1->1,0,,,
resnext29_8x64d__pathmnist_split_01__seed2__d5.0,pathmnist,d5,5.0,resnext29_8x64d,0.25,5,12,0.05,0.05,0.0008333333333333334,0.004166666666666667,3.684101503350656e-07,5,5,5,delta_c/(M J) -> delta_c/M,1,5.0,energy,0.5,0.5244822521941994,0.002549197833168274,1,5.0,energy,0.5,0.5371687220791403,0.002549197833168274,0.002549197833168274,0,1->1,0,,,
resnext29_8x64d__pathmnist_split_01__seed2__d5.0,pathmnist,d5,5.0,resnext29_8x64d,0.3,5,12,0.05,0.05,0.0008333333333333334,0.004166666666666667,6.258736565202206e-10,6,6,6,delta_c/(M J) -> delta_c/M,1,5.0,energy,0.5,0.5603179205250277,6.532257277594376e-05,1,5.0,energy,0.5,0.5729599319574046,6.532257277594376e-05,6.532257277594376e-05,0,1->1,0,,,
resnext29_8x64d__pathmnist_split_01__seed3__d0.5,pathmnist,d0.5,0.5,resnext29_8x64d,0.05,5,12,0.05,0.05,0.0008333333333333334,0.004166666666666667,1.0,0,0,0,delta_c/(M J) -> delta_c/M,0,,,,0.0,,0,,,,0.0,,1.0,0,0->0,0,,,
resnext29_8x64d__pathmnist_split_01__seed3__d0.5,pathmnist,d0.5,0.5,resnext29_8x64d,0.1,5,12,0.05,0.05,0.0008333333333333334,0.004166666666666667,0.9320838197693102,0,0,0,delta_c/(M J) -> delta_c/M,0,,,,0.0,,0,,,,0.0,,0.9320838197693102,0,0->0,0,,,
resnext29_8x64d__pathmnist_split_01__seed3__d0.5,pathmnist,d0.5,0.5,resnext29_8x64d,0.15,5,12,0.05,0.05,0.0008333333333333334,0.004166666666666667,0.4876926813304374,0,0,0,delta_c/(M J) -> delta_c/M,0,,,,0.0,,0,,,,0.0,,0.4876926813304374,0,0->0,0,,,
resnext29_8x64d__pathmnist_split_01__seed3__d0.5,pathmnist,d0.5,0.5,resnext29_8x64d,0.2,5,12,0.05,0.05,0.0008333333333333334,0.004166666666666667,0.01001268322091104,0,0,0,delta_c/(M J) -> delta_c/M,0,,,,0.0,,0,,,,0.0,,0.01001268322091104,0,0->0,0,,,
resnext29_8x64d__pathmnist_split_01__seed3__d0.5,pathmnist,d0.5,0.5,resnext29_8x64d,0.25,5,12,0.05,0.05,0.0008333333333333334,0.004166666666666667,0.0011616151138254802,3,3,3,delta_c/(M J) -> delta_c/M,1,5.0,energy,0.5,0.43547529531305207,0.004265002139767347,1,5.0,energy,0.5,0.4479750235886756,0.004265002139767347,0.004265002139767347,0,1->1,0,,,
resnext29_8x64d__pathmnist_split_01__seed3__d0.5,pathmnist,d0.5,0.5,resnext29_8x64d,0.3,5,12,0.05,0.05,0.0008333333333333334,0.004166666666666667,9.557978197523311e-07,8,8,8,delta_c/(M J) -> delta_c/M,1,2.0,msp,0.7,0.5372328220078669,0.006807058743045721,1,2.0,msp,0.7,0.5499109738407313,0.006807058743045721,0.006807058743045721,0,1->1,0,,,
resnext29_8x64d__pathmnist_split_01__seed3__d5.0,pathmnist,d5,5.0,resnext29_8x64d,0.05,5,12,0.05,0.05,0.0008333333333333334,0.004166666666666667,1.0,0,0,0,delta_c/(M J) -> delta_c/M,0,,,,0.0,,0,,,,0.0,,1.0,0,0->0,0,,,
resnext29_8x64d__pathmnist_split_01__seed3__d5.0,pathmnist,d5,5.0,resnext29_8x64d,0.1,5,12,0.05,0.05,0.0008333333333333334,0.004166666666666667,0.40330690260839347,0,0,0,delta_c/(M J) -> delta_c/M,0,,,,0.0,,0,,,,0.0,,0.40330690260839347,0,0->0,0,,,
resnext29_8x64d__pathmnist_split_01__seed3__d5.0,pathmnist,d5,5.0,resnext29_8x64d,0.15,5,12,0.05,0.05,0.0008333333333333334,0.004166666666666667,0.06949106911787455,0,0,0,delta_c/(M J) -> delta_c/M,0,,,,0.0,,0,,,,0.0,,0.06949106911787455,0,0->0,0,,,
resnext29_8x64d__pathmnist_split_01__seed3__d5.0,pathmnist,d5,5.0,resnext29_8x64d,0.2,5,12,0.05,0.05,0.0008333333333333334,0.004166666666666667,0.001256469359637332,2,2,2,delta_c/(M J) -> delta_c/M,1,9.0,margin,0.5,0.4207035769408412,0.0020673214732308135,1,9.0,margin,0.5,0.43313583857009347,0.0020673214732308135,0.0020673214732308135,0,1->1,0,,,
resnext29_8x64d__pathmnist_split_01__seed3__d5.0,pathmnist,d5,5.0,resnext29_8x64d,0.25,5,12,0.05,0.05,0.0008333333333333334,0.004166666666666667,1.0172338436793918e-06,7,7,7,delta_c/(M J) -> delta_c/M,1,10.0,margin,0.7,0.5449085072317513,0.006179006495465889,1,10.0,margin,0.7,0.5575776667382613,0.006179006495465889,0.006179006495465889,0,1->1,0,,,
resnext29_8x64d__pathmnist_split_01__seed3__d5.0,pathmnist,d5,5.0,resnext29_8x64d,0.3,5,12,0.05,0.05,0.0008333333333333334,0.004166666666666667,2.7990610718958713e-10,7,7,7,delta_c/(M J) -> delta_c/M,1,10.0,margin,0.7,0.5965846640721011,0.000740146973502656,1,10.0,margin,0.7,0.6091141725136082,0.000740146973502656,0.000740146973502656,0,1->1,0,,,
resnext29_8x64d__pathmnist_split_01__seed4__d0.5,pathmnist,d0.5,0.5,resnext29_8x64d,0.05,5,12,0.05,0.05,0.0008333333333333334,0.004166666666666667,1.0,0,0,0,delta_c/(M J) -> delta_c/M,0,,,,0.0,,0,,,,0.0,,1.0,0,0->0,0,,,
resnext29_8x64d__pathmnist_split_01__seed4__d0.5,pathmnist,d0.5,0.5,resnext29_8x64d,0.1,5,12,0.05,0.05,0.0008333333333333334,0.004166666666666667,0.5475223239544647,0,0,0,delta_c/(M J) -> delta_c/M,0,,,,0.0,,0,,,,0.0,,0.5475223239544647,0,0->0,0,,,
resnext29_8x64d__pathmnist_split_01__seed4__d0.5,pathmnist,d0.5,0.5,resnext29_8x64d,0.15,5,12,0.05,0.05,0.0008333333333333334,0.004166666666666667,0.059464736408355326,0,0,0,delta_c/(M J) -> delta_c/M,0,,,,0.0,,0,,,,0.0,,0.059464736408355326,0,0->0,0,,,
resnext29_8x64d__pathmnist_split_01__seed4__d0.5,pathmnist,d0.5,0.5,resnext29_8x64d,0.2,5,12,0.05,0.05,0.0008333333333333334,0.004166666666666667,4.3062058443956504e-05,3,3,3,delta_c/(M J) -> delta_c/M,1,1.0,msp,0.5,0.4727110109749232,4.3062058443956504e-05,1,1.0,msp,0.5,0.48533100602248064,4.3062058443956504e-05,4.3062058443956504e-05,0,1->1,0,,,
resnext29_8x64d__pathmnist_split_01__seed4__d0.5,pathmnist,d0.5,0.5,resnext29_8x64d,0.25,5,12,0.05,0.05,0.0008333333333333334,0.004166666666666667,4.790186668246372e-07,5,5,5,delta_c/(M J) -> delta_c/M,1,10.0,margin,0.7,0.6044150872215289,0.004999492951475988,1,10.0,margin,0.7,0.6169111815717873,0.004999492951475988,0.004999492951475988,0,1->1,0,,,
resnext29_8x64d__pathmnist_split_01__seed4__d0.5,pathmnist,d0.5,0.5,resnext29_8x64d,0.3,5,12,0.05,0.05,0.0008333333333333334,0.004166666666666667,2.8936065396307775e-12,9,9,9,delta_c/(M J) -> delta_c/M,1,6.0,energy,0.7,0.7002125346651404,0.0018935726640068294,1,6.0,energy,0.7,0.7120188061028898,0.0018935726640068294,0.0018935726640068294,0,1->1,0,,,
resnext29_8x64d__pathmnist_split_01__seed4__d5.0,pathmnist,d5,5.0,resnext29_8x64d,0.05,5,12,0.05,0.05,0.0008333333333333334,0.004166666666666667,1.0,0,0,0,delta_c/(M J) -> delta_c/M,0,,,,0.0,,0,,,,0.0,,1.0,0,0->0,0,,,
resnext29_8x64d__pathmnist_split_01__seed4__d5.0,pathmnist,d5,5.0,resnext29_8x64d,0.1,5,12,0.05,0.05,0.0008333333333333334,0.004166666666666667,0.18278423540978445,0,0,0,delta_c/(M J) -> delta_c/M,0,,,,0.0,,0,,,,0.0,,0.18278423540978445,0,0->0,0,,,
resnext29_8x64d__pathmnist_split_01__seed4__d5.0,pathmnist,d5,5.0,resnext29_8x64d,0.15,5,12,0.05,0.05,0.0008333333333333334,0.004166666666666667,0.0024054957891037985,2,2,2,delta_c/(M J) -> delta_c/M,1,9.0,margin,0.5,0.45402150564151394,0.0024054957891037985,1,9.0,margin,0.5,0.46660572336675105,0.0024054957891037985,0.0024054957891037985,0,1->1,0,,,
resnext29_8x64d__pathmnist_split_01__seed4__d5.0,pathmnist,d5,5.0,resnext29_8x64d,0.2,5,12,0.05,0.05,0.0008333333333333334,0.004166666666666667,0.0010374870042161558,3,3,3,delta_c/(M J) -> delta_c/M,1,9.0,margin,0.5,0.5041892371372036,0.0018686611115341402,1,9.0,margin,0.5,0.5168719781224871,0.0018686611115341402,0.0018686611115341402,0,1->1,0,,,
resnext29_8x64d__pathmnist_split_01__seed4__d5.0,pathmnist,d5,5.0,resnext29_8x64d,0.25,5,12,0.05,0.05,0.0008333333333333334,0.004166666666666667,2.86200493721523e-10,5,5,5,delta_c/(M J) -> delta_c/M,1,5.0,energy,0.5,0.552603461649587,1.1858567736341164e-05,1,5.0,energy,0.5,0.5652605866548863,1.1858567736341164e-05,1.1858567736341164e-05,0,1->1,0,,,
resnext29_8x64d__pathmnist_split_01__seed4__d5.0,pathmnist,d5,5.0,resnext29_8x64d,0.3,5,12,0.05,0.05,0.0008333333333333334,0.004166666666666667,1.1957843123046653e-13,8,8,8,delta_c/(M J) -> delta_c/M,1,6.0,energy,0.7,0.6732354240398741,0.002401489946332109,1,6.0,energy,0.7,0.6852910834059798,0.002401489946332109,0.002401489946332109,0,1->1,0,,,
resnext29_8x64d__pathmnist_split_02__seed0__d0.5,pathmnist,d0.5,0.5,resnext29_8x64d,0.05,5,12,0.05,0.05,0.0008333333333333334,0.004166666666666667,0.12245025152304725,0,0,0,delta_c/(M J) -> delta_c/M,0,,,,0.0,,0,,,,0.0,,0.12245025152304725,0,0->0,0,,,
resnext29_8x64d__pathmnist_split_02__seed0__d0.5,pathmnist,d0.5,0.5,resnext29_8x64d,0.1,5,12,0.05,0.05,0.0008333333333333334,0.004166666666666667,0.0018557131387279254,4,4,4,delta_c/(M J) -> delta_c/M,1,9.0,margin,0.5,0.2251852254306081,0.004940197538770135,1,9.0,margin,0.5,0.23527053602213244,0.004940197538770135,0.004940197538770135,0,1->1,0,,,
resnext29_8x64d__pathmnist_split_02__seed0__d0.5,pathmnist,d0.5,0.5,resnext29_8x64d,0.15,5,12,0.05,0.05,0.0008333333333333334,0.004166666666666667,8.856043285288691e-06,4,4,4,delta_c/(M J) -> delta_c/M,1,9.0,margin,0.5,0.2779185808440873,0.004482507352834385,1,9.0,margin,0.5,0.2887924231331422,0.004482507352834385,0.004482507352834385,0,1->1,0,,,
resnext29_8x64d__pathmnist_split_02__seed0__d0.5,pathmnist,d0.5,0.5,resnext29_8x64d,0.2,5,12,0.05,0.05,0.0008333333333333334,0.004166666666666667,1.849270617405037e-07,5,5,5,delta_c/(M J) -> delta_c/M,1,1.0,msp,0.5,0.3317939740553461,0.00547388512551142,1,1.0,msp,0.5,0.3432761502983287,0.00547388512551142,0.00547388512551142,0,1->1,0,,,
resnext29_8x64d__pathmnist_split_02__seed0__d0.5,pathmnist,d0.5,0.5,resnext29_8x64d,0.25,5,12,0.05,0.05,0.0008333333333333334,0.004166666666666667,2.2790479097820324e-09,6,6,6,delta_c/(M J) -> delta_c/M,1,1.0,msp,0.5,0.3844037680961801,0.00047081442802827435,1,1.0,msp,0.5,0.39631425727377745,0.00047081442802827435,0.00047081442802827435,0,1->1,0,,,
resnext29_8x64d__pathmnist_split_02__seed0__d0.5,pathmnist,d0.5,0.5,resnext29_8x64d,0.3,5,12,0.05,0.05,0.0008333333333333334,0.004166666666666667,1.8850103464433196e-10,6,6,6,delta_c/(M J) -> delta_c/M,1,1.0,msp,0.5,0.41454560173967725,2.253185351700642e-06,1,1.0,msp,0.5,0.4266340359540186,2.253185351700642e-06,2.253185351700642e-06,0,1->1,0,,,
resnext29_8x64d__pathmnist_split_02__seed0__d5.0,pathmnist,d5,5.0,resnext29_8x64d,0.05,5,12,0.05,0.05,0.0008333333333333334,0.004166666666666667,0.12205125730590471,0,0,0,delta_c/(M J) -> delta_c/M,0,,,,0.0,,0,,,,0.0,,0.12205125730590471,0,0->0,0,,,
resnext29_8x64d__pathmnist_split_02__seed0__d5.0,pathmnist,d5,5.0,resnext29_8x64d,0.1,5,12,0.05,0.05,0.0008333333333333334,0.004166666666666667,0.000521118192636403,4,4,4,delta_c/(M J) -> delta_c/M,1,9.0,margin,0.5,0.4543978186193189,0.00427805041616999,1,9.0,margin,0.5,0.4666500287279111,0.00427805041616999,0.00427805041616999,0,1->1,0,,,
resnext29_8x64d__pathmnist_split_02__seed0__d5.0,pathmnist,d5,5.0,resnext29_8x64d,0.15,5,12,0.05,0.05,0.0008333333333333334,0.004166666666666667,6.175995658597429e-07,6,6,6,delta_c/(M J) -> delta_c/M,1,1.0,msp,0.5,0.5331880356947827,0.0016187919604686617,1,1.0,msp,0.5,0.5455320850253138,0.0016187919604686617,0.0016187919604686617,0,1->1,0,,,
resnext29_8x64d__pathmnist_split_02__seed0__d5.0,pathmnist,d5,5.0,resnext29_8x64d,0.2,5,12,0.05,0.05,0.0008333333333333334,0.004166666666666667,2.8209806260616893e-09,6,6,6,delta_c/(M J) -> delta_c/M,1,9.0,margin,0.5,0.5696537497969656,4.542951755478426e-05,1,9.0,margin,0.5,0.5819364910911502,4.542951755478426e-05,4.542951755478426e-05,0,1->1,0,,,
resnext29_8x64d__pathmnist_split_02__seed0__d5.0,pathmnist,d5,5.0,resnext29_8x64d,0.25,5,12,0.05,0.05,0.0008333333333333334,0.004166666666666667,1.0987495236318939e-11,7,7,7,delta_c/(M J) -> delta_c/M,1,6.0,energy,0.7,0.6640828821653062,0.004312706995357218,1,6.0,energy,0.7,0.6758866380912729,0.004312706995357218,0.004312706995357218,0,1->1,0,,,
resnext29_8x64d__pathmnist_split_02__seed0__d5.0,pathmnist,d5,5.0,resnext29_8x64d,0.3,5,12,0.05,0.05,0.0008333333333333334,0.004166666666666667,2.598622688222525e-16,9,9,9,delta_c/(M J) -> delta_c/M,1,6.0,energy,0.7,0.7255243630395665,0.00041750480176029446,1,6.0,energy,0.7,0.7367413762715358,0.00041750480176029446,0.00041750480176029446,0,1->1,0,,,
resnext29_8x64d__pathmnist_split_02__seed1__d0.5,pathmnist,d0.5,0.5,resnext29_8x64d,0.05,5,12,0.05,0.05,0.0008333333333333334,0.004166666666666667,0.023908978629694377,0,0,0,delta_c/(M J) -> delta_c/M,0,,,,0.0,,0,,,,0.0,,0.023908978629694377,0,0->0,0,,,
resnext29_8x64d__pathmnist_split_02__seed1__d0.5,pathmnist,d0.5,0.5,resnext29_8x64d,0.1,5,12,0.05,0.05,0.0008333333333333334,0.004166666666666667,0.0004915459447557525,3,3,3,delta_c/(M J) -> delta_c/M,1,0.0,msp,0.3,0.31822450507606576,0.0004915459447557525,1,0.0,msp,0.3,0.3295704863269087,0.0004915459447557525,0.0004915459447557525,0,1->1,0,,,
resnext29_8x64d__pathmnist_split_02__seed1__d0.5,pathmnist,d0.5,0.5,resnext29_8x64d,0.15,5,12,0.05,0.05,0.0008333333333333334,0.004166666666666667,5.869717547805627e-05,5,5,5,delta_c/(M J) -> delta_c/M,1,9.0,margin,0.5,0.40756410588569003,0.0022750460829332564,1,9.0,margin,0.5,0.4196155365429049,0.0022750460829332564,0.0022750460829332564,0,1->1,0,,,
resnext29_8x64d__pathmnist_split_02__seed1__d0.5,pathmnist,d0.5,0.5,resnext29_8x64d,0.2,5,12,0.05,0.05,0.0008333333333333334,0.004166666666666667,1.1042518156489187e-06,6,6,6,delta_c/(M J) -> delta_c/M,1,9.0,margin,0.5,0.4543978186193189,0.0019915180281614617,1,9.0,margin,0.5,0.4666500287279111,0.0019915180281614617,0.0019915180281614617,0,1->1,0,,,
resnext29_8x64d__pathmnist_split_02__seed1__d0.5,pathmnist,d0.5,0.5,resnext29_8x64d,0.25,5,12,0.05,0.05,0.0008333333333333334,0.004166666666666667,3.950008145751059e-10,8,8,8,delta_c/(M J) -> delta_c/M,1,10.0,margin,0.7,0.5501525665230667,0.004186951214199541,1,10.0,margin,0.7,0.5624763495606897,0.004186951214199541,0.004186951214199541,0,1->1,0,,,
resnext29_8x64d__pathmnist_split_02__seed1__d0.5,pathmnist,d0.5,0.5,resnext29_8x64d,0.3,5,12,0.05,0.05,0.0008333333333333334,0.004166666666666667,7.144262350809177e-13,9,9,9,delta_c/(M J) -> delta_c/M,1,10.0,margin,0.7,0.6040836016134201,0.00969219337142202,1,10.0,margin,0.7,0.6162466858911271,0.00969219337142202,0.00969219337142202,0,1->1,0,,,
resnext29_8x64d__pathmnist_split_02__seed1__d5.0,pathmnist,d5,5.0,resnext29_8x64d,0.05,5,12,0.05,0.05,0.0008333333333333334,0.004166666666666667,0.6587732737483977,0,0,0,delta_c/(M J) -> delta_c/M,0,,,,0.0,,0,,,,0.0,,0.6587732737483977,0,0->0,0,,,
resnext29_8x64d__pathmnist_split_02__seed1__d5.0,pathmnist,d5,5.0,resnext29_8x64d,0.1,5,12,0.05,0.05,0.0008333333333333334,0.004166666666666667,0.14630254866671144,0,0,0,delta_c/(M J) -> delta_c/M,0,,,,0.0,,0,,,,0.0,,0.14630254866671144,0,0->0,0,,,
resnext29_8x64d__pathmnist_split_02__seed1__d5.0,pathmnist,d5,5.0,resnext29_8x64d,0.15,5,12,0.05,0.05,0.0008333333333333334,0.004166666666666667,0.02639466450169084,0,0,0,delta_c/(M J) -> delta_c/M,0,,,,0.0,,0,,,,0.0,,0.02639466450169084,0,0->0,0,,,
resnext29_8x64d__pathmnist_split_02__seed1__d5.0,pathmnist,d5,5.0,resnext29_8x64d,0.2,5,12,0.05,0.05,0.0008333333333333334,0.004166666666666667,0.0013167602727734637,2,2,2,delta_c/(M J) -> delta_c/M,1,0.0,msp,0.3,0.14864861237580604,0.0013167602727734637,1,0.0,msp,0.3,0.15714760590230628,0.0013167602727734637,0.0013167602727734637,0,1->1,0,,,
resnext29_8x64d__pathmnist_split_02__seed1__d5.0,pathmnist,d5,5.0,resnext29_8x64d,0.25,5,12,0.05,0.05,0.0008333333333333334,0.004166666666666667,0.00014515117597792358,5,5,5,delta_c/(M J) -> delta_c/M,1,1.0,msp,0.5,0.4285547049036849,0.0008421219496440534,1,1.0,msp,0.5,0.44070985657998185,0.0008421219496440534,0.0008421219496440534,0,1->1,0,,,
resnext29_8x64d__pathmnist_split_02__seed1__d5.0,pathmnist,d5,5.0,resnext29_8x64d,0.3,5,12,0.05,0.05,0.0008333333333333334,0.004166666666666667,1.0720284783294215e-06,8,8,8,delta_c/(M J) -> delta_c/M,1,2.0,msp,0.7,0.5769985760385665,0.008652596844498274,1,2.0,msp,0.7,0.5892608892192349,0.008652596844498274,0.008652596844498274,0,1->1,0,,,
resnext29_8x64d__pathmnist_split_02__seed2__d0.5,pathmnist,d0.5,0.5,resnext29_8x64d,0.05,5,12,0.05,0.05,0.0008333333333333334,0.004166666666666667,0.6964148673569142,0,0,0,delta_c/(M J) -> delta_c/M,0,,,,0.0,,0,,,,0.0,,0.6964148673569142,0,0->0,0,,,
resnext29_8x64d__pathmnist_split_02__seed2__d0.5,pathmnist,d0.5,0.5,resnext29_8x64d,0.1,5,12,0.05,0.05,0.0008333333333333334,0.004166666666666667,0.20605086180401067,0,0,0,delta_c/(M J) -> delta_c/M,0,,,,0.0,,0,,,,0.0,,0.20605086180401067,0,0->0,0,,,
resnext29_8x64d__pathmnist_split_02__seed2__d0.5,pathmnist,d0.5,0.5,resnext29_8x64d,0.15,5,12,0.05,0.05,0.0008333333333333334,0.004166666666666667,0.013390031866498509,0,0,0,delta_c/(M J) -> delta_c/M,0,,,,0.0,,0,,,,0.0,,0.013390031866498509,0,0->0,0,,,
resnext29_8x64d__pathmnist_split_02__seed2__d0.5,pathmnist,d0.5,0.5,resnext29_8x64d,0.2,5,12,0.05,0.05,0.0008333333333333334,0.004166666666666667,0.000503788200689098,1,1,1,delta_c/(M J) -> delta_c/M,1,4.0,energy,0.3,0.1928808409934931,0.000503788200689098,1,4.0,energy,0.3,0.2023702870758785,0.000503788200689098,0.000503788200689098,0,1->1,0,,,
resnext29_8x64d__pathmnist_split_02__seed2__d0.5,pathmnist,d0.5,0.5,resnext29_8x64d,0.25,5,12,0.05,0.05,0.0008333333333333334,0.004166666666666667,5.397358896006114e-05,6,6,6,delta_c/(M J) -> delta_c/M,1,5.0,energy,0.5,0.2890526623701703,0.002492877110017034,1,5.0,energy,0.5,0.30006744309044103,0.002492877110017034,0.002492877110017034,0,1->1,0,,,
resnext29_8x64d__pathmnist_split_02__seed2__d0.5,pathmnist,d0.5,0.5,resnext29_8x64d,0.3,5,12,0.05,0.05,0.0008333333333333334,0.004166666666666667,9.95936742154119e-07,9,9,9,delta_c/(M J) -> delta_c/M,1,6.0,energy,0.7,0.4543978186193189,0.008835314692930417,1,6.0,energy,0.7,0.4666500287279111,0.008835314692930417,0.008835314692930417,0,1->1,0,,,
resnext29_8x64d__pathmnist_split_02__seed2__d5.0,pathmnist,d5,5.0,resnext29_8x64d,0.05,5,12,0.05,0.05,0.0008333333333333334,0.004166666666666667,0.1446315936232359,0,0,0,delta_c/(M J) -> delta_c/M,0,,,,0.0,,0,,,,0.0,,0.1446315936232359,0,0->0,0,,,
resnext29_8x64d__pathmnist_split_02__seed2__d5.0,pathmnist,d5,5.0,resnext29_8x64d,0.1,5,12,0.05,0.05,0.0008333333333333334,0.004166666666666667,0.0008941526738910757,2,2,2,delta_c/(M J) -> delta_c/M,1,8.0,margin,0.3,0.2935198512553388,0.0008941526738910757,1,8.0,margin,0.3,0.3045888677180414,0.0008941526738910757,0.0008941526738910757,0,1->1,0,,,
resnext29_8x64d__pathmnist_split_02__seed2__d5.0,pathmnist,d5,5.0,resnext29_8x64d,0.15,5,12,0.05,0.05,0.0008333333333333334,0.004166666666666667,8.264010166867115e-06,5,5,5,delta_c/(M J) -> delta_c/M,1,9.0,margin,0.5,0.4122167276988143,0.005256965025109623,1,9.0,margin,0.5,0.424293097521438,0.005256965025109623,0.005256965025109623,0,1->1,0,,,
resnext29_8x64d__pathmnist_split_02__seed2__d5.0,pathmnist,d5,5.0,resnext29_8x64d,0.2,5,12,0.05,0.05,0.0008333333333333334,0.004166666666666667,2.2383757788585588e-07,6,6,6,delta_c/(M J) -> delta_c/M,1,9.0,margin,0.5,0.4614819319163361,0.0002602546390004169,1,9.0,margin,0.5,0.4737549223146424,0.0002602546390004169,0.0002602546390004169,0,1->1,0,,,
resnext29_8x64d__pathmnist_split_02__seed2__d5.0,pathmnist,d5,5.0,resnext29_8x64d,0.25,5,12,0.05,0.05,0.0008333333333333334,0.004166666666666667,2.1272267931807372e-09,6,6,6,delta_c/(M J) -> delta_c/M,1,1.0,msp,0.5,0.5211257472154477,1.2146991147813029e-05,1,1.0,msp,0.5,0.5334755428776579,1.2146991147813029e-05,1.2146991147813029e-05,0,1->1,0,,,
resnext29_8x64d__pathmnist_split_02__seed2__d5.0,pathmnist,d5,5.0,resnext29_8x64d,0.3,5,12,0.05,0.05,0.0008333333333333334,0.004166666666666667,2.3350389858516754e-13,9,9,9,delta_c/(M J) -> delta_c/M,1,10.0,margin,0.7,0.6691437459268142,0.0032625832116774073,1,10.0,margin,0.7,0.6809079454965349,0.0032625832116774073,0.0032625832116774073,0,1->1,0,,,
resnext29_8x64d__pathmnist_split_02__seed3__d0.5,pathmnist,d0.5,0.5,resnext29_8x64d,0.05,5,12,0.05,0.05,0.0008333333333333334,0.004166666666666667,0.5245115531898585,0,0,0,delta_c/(M J) -> delta_c/M,0,,,,0.0,,0,,,,0.0,,0.5245115531898585,0,0->0,0,,,
resnext29_8x64d__pathmnist_split_02__seed3__d0.5,pathmnist,d0.5,0.5,resnext29_8x64d,0.1,5,12,0.05,0.05,0.0008333333333333334,0.004166666666666667,0.039081009771042036,0,0,0,delta_c/(M J) -> delta_c/M,0,,,,0.0,,0,,,,0.0,,0.039081009771042036,0,0->0,0,,,
resnext29_8x64d__pathmnist_split_02__seed3__d0.5,pathmnist,d0.5,0.5,resnext29_8x64d,0.15,5,12,0.05,0.05,0.0008333333333333334,0.004166666666666667,0.0002842260510979256,5,5,5,delta_c/(M J) -> delta_c/M,1,1.0,msp,0.5,0.41920847353360985,0.002220048220246234,1,1.0,msp,0.5,0.43132022654001934,0.002220048220246234,0.002220048220246234,0,1->1,0,,,
resnext29_8x64d__pathmnist_split_02__seed3__d0.5,pathmnist,d0.5,0.5,resnext29_8x64d,0.2,5,12,0.05,0.05,0.0008333333333333334,0.004166666666666667,3.367369210157388e-07,5,5,5,delta_c/(M J) -> delta_c/M,1,9.0,margin,0.5,0.47095153540975876,0.0010889769221413322,1,9.0,margin,0.5,0.4832484196546932,0.0010889769221413322,0.0010889769221413322,0,1->1,0,,,
resnext29_8x64d__pathmnist_split_02__seed3__d0.5,pathmnist,d0.5,0.5,resnext29_8x64d,0.25,5,12,0.05,0.05,0.0008333333333333334,0.004166666666666667,3.2191269613691073e-10,6,6,6,delta_c/(M J) -> delta_c/M,1,1.0,msp,0.5,0.5163135308020856,0.0004979850014178363,1,1.0,msp,0.5,0.5286636177662017,0.0004979850014178363,0.0004979850014178363,0,1->1,0,,,
resnext29_8x64d__pathmnist_split_02__seed3__d0.5,pathmnist,d0.5,0.5,resnext29_8x64d,0.3,5,12,0.05,0.05,0.0008333333333333334,0.004166666666666667,1.2746539793368351e-12,7,7,7,delta_c/(M J) -> delta_c/M,1,6.0,energy,0.7,0.6414293689297074,0.0016126283758027035,1,6.0,energy,0.7,0.6533921417812099,0.0016126283758027035,0.0016126283758027035,0,1->1,0,,,
resnext29_8x64d__pathmnist_split_02__seed3__d5.0,pathmnist,d5,5.0,resnext29_8x64d,0.05,5,12,0.05,0.05,0.0008333333333333334,0.004166666666666667,1.0,0,0,0,delta_c/(M J) -> delta_c/M,0,,,,0.0,,0,,,,0.0,,1.0,0,0->0,0,,,
resnext29_8x64d__pathmnist_split_02__seed3__d5.0,pathmnist,d5,5.0,resnext29_8x64d,0.1,5,12,0.05,0.05,0.0008333333333333334,0.004166666666666667,0.5482005828541299,0,0,0,delta_c/(M J) -> delta_c/M,0,,,,0.0,,0,,,,0.0,,0.5482005828541299,0,0->0,0,,,
resnext29_8x64d__pathmnist_split_02__seed3__d5.0,pathmnist,d5,5.0,resnext29_8x64d,0.15,5,12,0.05,0.05,0.0008333333333333334,0.004166666666666667,0.036120843955176785,0,0,0,delta_c/(M J) -> delta_c/M,0,,,,0.0,,0,,,,0.0,,0.036120843955176785,0,0->0,0,,,
resnext29_8x64d__pathmnist_split_02__seed3__d5.0,pathmnist,d5,5.0,resnext29_8x64d,0.2,5,12,0.05,0.05,0.0008333333333333334,0.004166666666666667,9.309333499299924e-05,3,3,3,delta_c/(M J) -> delta_c/M,1,9.0,margin,0.5,0.40291832385241017,9.309333499299924e-05,1,9.0,margin,0.5,0.4149437341031,9.309333499299924e-05,9.309333499299924e-05,0,1->1,0,,,
resnext29_8x64d__pathmnist_split_02__seed3__d5.0,pathmnist,d5,5.0,resnext29_8x64d,0.25,5,12,0.05,0.05,0.0008333333333333334,0.004166666666666667,1.226023661454569e-07,3,3,3,delta_c/(M J) -> delta_c/M,1,1.0,msp,0.5,0.5307719278715253,2.8689762352105424e-07,1,1.0,msp,0.5,0.5431177033964704,2.8689762352105424e-07,2.8689762352105424e-07,0,1->1,0,,,
resnext29_8x64d__pathmnist_split_02__seed3__d5.0,pathmnist,d5,5.0,resnext29_8x64d,0.3,5,12,0.05,0.05,0.0008333333333333334,0.004166666666666667,4.540982909893459e-08,7,7,7,delta_c/(M J) -> delta_c/M,1,10.0,margin,0.7,0.710010418938241,0.004989807983433975,1,10.0,margin,0.7,0.7213983083116758,0.004989807983433975,0.004989807983433975,0,1->1,0,,,
resnext29_8x64d__pathmnist_split_02__seed4__d0.5,pathmnist,d0.5,0.5,resnext29_8x64d,0.05,5,12,0.05,0.05,0.0008333333333333334,0.004166666666666667,0.02363173314417568,0,0,0,delta_c/(M J) -> delta_c/M,0,,,,0.0,,0,,,,0.0,,0.02363173314417568,0,0->0,0,,,
resnext29_8x64d__pathmnist_split_02__seed4__d0.5,pathmnist,d0.5,0.5,resnext29_8x64d,0.1,5,12,0.05,0.05,0.0008333333333333334,0.004166666666666667,0.000172609477706393,2,2,2,delta_c/(M J) -> delta_c/M,1,0.0,msp,0.3,0.39364731030013744,0.000172609477706393,1,0.0,msp,0.3,0.40561743119329335,0.000172609477706393,0.000172609477706393,0,1->1,0,,,
resnext29_8x64d__pathmnist_split_02__seed4__d0.5,pathmnist,d0.5,0.5,resnext29_8x64d,0.15,5,12,0.05,0.05,0.0008333333333333334,0.004166666666666667,4.3490106082908595e-07,4,4,4,delta_c/(M J) -> delta_c/M,1,9.0,margin,0.5,0.4804488293388474,0.0038155888122236,1,9.0,margin,0.5,0.492765229643326,0.0038155888122236,0.0038155888122236,0,1->1,0,,,
resnext29_8x64d__pathmnist_split_02__seed4__d0.5,pathmnist,d0.5,0.5,resnext29_8x64d,0.2,5,12,0.05,0.05,0.0008333333333333334,0.004166666666666667,4.458090213079883e-09,7,7,7,delta_c/(M J) -> delta_c/M,1,6.0,energy,0.7,0.5452962476556928,0.006220344848141843,1,6.0,energy,0.7,0.5576272924063064,0.006220344848141843,0.006220344848141843,0,1->1,0,,,
resnext29_8x64d__pathmnist_split_02__seed4__d0.5,pathmnist,d0.5,0.5,resnext29_8x64d,0.25,5,12,0.05,0.05,0.0008333333333333334,0.004166666666666667,1.6410321993607396e-10,9,9,9,delta_c/(M J) -> delta_c/M,1,2.0,msp,0.7,0.6139946331138784,0.0050698857460731335,1,2.0,msp,0.7,0.6261118534191543,0.0050698857460731335,0.0050698857460731335,0,1->1,0,,,
resnext29_8x64d__pathmnist_split_02__seed4__d0.5,pathmnist,d0.5,0.5,resnext29_8x64d,0.3,5,12,0.05,0.05,0.0008333333333333334,0.004166666666666667,9.934746893925089e-14,9,9,9,delta_c/(M J) -> delta_c/M,1,10.0,margin,0.7,0.666612064059992,0.0012403022377588612,1,10.0,margin,0.7,0.6783962389253018,0.0012403022377588612,0.0012403022377588612,0,1->1,0,,,
resnext29_8x64d__pathmnist_split_02__seed4__d5.0,pathmnist,d5,5.0,resnext29_8x64d,0.05,5,12,0.05,0.05,0.0008333333333333334,0.004166666666666667,0.9074535898925759,0,0,0,delta_c/(M J) -> delta_c/M,0,,,,0.0,,0,,,,0.0,,0.9074535898925759,0,0->0,0,,,
resnext29_8x64d__pathmnist_split_02__seed4__d5.0,pathmnist,d5,5.0,resnext29_8x64d,0.1,5,12,0.05,0.05,0.0008333333333333334,0.004166666666666667,0.11080331559924678,0,0,0,delta_c/(M J) -> delta_c/M,0,,,,0.0,,0,,,,0.0,,0.11080331559924678,0,0->0,0,,,
resnext29_8x64d__pathmnist_split_02__seed4__d5.0,pathmnist,d5,5.0,resnext29_8x64d,0.15,5,12,0.05,0.05,0.0008333333333333334,0.004166666666666667,4.7465873956172955e-05,2,2,2,delta_c/(M J) -> delta_c/M,1,8.0,margin,0.3,0.352269595177863,0.00010862629425383554,1,8.0,margin,0.3,0.36393688338460045,0.00010862629425383554,0.00010862629425383554,0,1->1,0,,,
resnext29_8x64d__pathmnist_split_02__seed4__d5.0,pathmnist,d5,5.0,resnext29_8x64d,0.2,5,12,0.05,0.05,0.0008333333333333334,0.004166666666666667,3.726802403769884e-07,6,6,6,delta_c/(M J) -> delta_c/M,1,9.0,margin,0.5,0.45911884114320767,0.001166752948479738,1,9.0,margin,0.5,0.47138517665780066,0.001166752948479738,0.001166752948479738,0,1->1,0,,,
resnext29_8x64d__pathmnist_split_02__seed4__d5.0,pathmnist,d5,5.0,resnext29_8x64d,0.25,5,12,0.05,0.05,0.0008333333333333334,0.004166666666666667,1.572795301296999e-09,7,7,7,delta_c/(M J) -> delta_c/M,1,6.0,energy,0.7,0.5769985760385665,0.006925240264645655,1,6.0,energy,0.7,0.5892608892192349,0.006925240264645655,0.006925240264645655,0,1->1,0,,,
resnext29_8x64d__pathmnist_split_02__seed4__d5.0,pathmnist,d5,5.0,resnext29_8x64d,0.3,5,12,0.05,0.05,0.0008333333333333334,0.004166666666666667,6.429210638632355e-13,9,9,9,delta_c/(M J) -> delta_c/M,1,2.0,msp,0.7,0.6289257013594909,0.0007218250596289471,1,2.0,msp,0.7,0.6409639390031356,0.0007218250596289471,0.0007218250596289471,0,1->1,0,,,
resnext29_8x64d__pathmnist_split_03__seed0__d0.5,pathmnist,d0.5,0.5,resnext29_8x64d,0.05,5,12,0.05,0.05,0.0008333333333333334,0.004166666666666667,0.607659852946056,0,0,0,delta_c/(M J) -> delta_c/M,0,,,,0.0,,0,,,,0.0,,0.607659852946056,0,0->0,0,,,
resnext29_8x64d__pathmnist_split_03__seed0__d0.5,pathmnist,d0.5,0.5,resnext29_8x64d,0.1,5,12,0.05,0.05,0.0008333333333333334,0.004166666666666667,0.15904289168515406,0,0,0,delta_c/(M J) -> delta_c/M,0,,,,0.0,,0,,,,0.0,,0.15904289168515406,0,0->0,0,,,
resnext29_8x64d__pathmnist_split_03__seed0__d0.5,pathmnist,d0.5,0.5,resnext29_8x64d,0.15,5,12,0.05,0.05,0.0008333333333333334,0.004166666666666667,0.0350136309677407,0,0,0,delta_c/(M J) -> delta_c/M,0,,,,0.0,,0,,,,0.0,,0.0350136309677407,0,0->0,0,,,
resnext29_8x64d__pathmnist_split_03__seed0__d0.5,pathmnist,d0.5,0.5,resnext29_8x64d,0.2,5,12,0.05,0.05,0.0008333333333333334,0.004166666666666667,0.0004680703159778213,2,2,2,delta_c/(M J) -> delta_c/M,1,9.0,margin,0.5,0.22524952123474212,0.0004680703159778213,1,9.0,margin,0.5,0.23538328677118647,0.0004680703159778213,0.0004680703159778213,0,1->1,0,,,
resnext29_8x64d__pathmnist_split_03__seed0__d0.5,pathmnist,d0.5,0.5,resnext29_8x64d,0.25,5,12,0.05,0.05,0.0008333333333333334,0.004166666666666667,6.635231814800095e-05,6,6,6,delta_c/(M J) -> delta_c/M,1,5.0,energy,0.5,0.287466810456035,0.0008824078517563528,1,5.0,energy,0.5,0.29851396248881046,0.0008824078517563528,0.0008824078517563528,0,1->1,0,,,
resnext29_8x64d__pathmnist_split_03__seed0__d0.5,pathmnist,d0.5,0.5,resnext29_8x64d,0.3,5,12,0.05,0.05,0.0008333333333333334,0.004166666666666667,1.2022836462746992e-08,8,8,8,delta_c/(M J) -> delta_c/M,1,6.0,energy,0.7,0.32601516848652107,0.002459659497065385,1,6.0,energy,0.7,0.337494834464755,0.002459659497065385,0.002459659497065385,0,1->1,0,,,
resnext29_8x64d__pathmnist_split_03__seed0__d5.0,pathmnist,d5,5.0,resnext29_8x64d,0.05,5,12,0.05,0.05,0.0008333333333333334,0.004166666666666667,1.0,0,0,0,delta_c/(M J) -> delta_c/M,0,,,,0.0,,0,,,,0.0,,1.0,0,0->0,0,,,
resnext29_8x64d__pathmnist_split_03__seed0__d5.0,pathmnist,d5,5.0,resnext29_8x64d,0.1,5,12,0.05,0.05,0.0008333333333333334,0.004166666666666667,0.40268508591612184,0,0,0,delta_c/(M J) -> delta_c/M,0,,,,0.0,,0,,,,0.0,,0.40268508591612184,0,0->0,0,,,
resnext29_8x64d__pathmnist_split_03__seed0__d5.0,pathmnist,d5,5.0,resnext29_8x64d,0.15,5,12,0.05,0.05,0.0008333333333333334,0.004166666666666667,0.049408027792694195,0,0,0,delta_c/(M J) -> delta_c/M,0,,,,0.0,,0,,,,0.0,,0.049408027792694195,0,0->0,0,,,
resnext29_8x64d__pathmnist_split_03__seed0__d5.0,pathmnist,d5,5.0,resnext29_8x64d,0.2,5,12,0.05,0.05,0.0008333333333333334,0.004166666666666667,0.0022538304786903383,5,5,5,delta_c/(M J) -> delta_c/M,1,1.0,msp,0.5,0.23505598445687367,0.0022538304786903383,1,1.0,msp,0.5,0.24532917579226574,0.0022538304786903383,0.0022538304786903383,0,1->1,0,,,
resnext29_8x64d__pathmnist_split_03__seed0__d5.0,pathmnist,d5,5.0,resnext29_8x64d,0.25,5,12,0.05,0.05,0.0008333333333333334,0.004166666666666667,2.1013991433574517e-05,7,7,7,delta_c/(M J) -> delta_c/M,1,6.0,energy,0.7,0.3906697947116918,0.00464392811056745,1,6.0,energy,0.7,0.4026781197901983,0.00464392811056745,0.00464392811056745,0,1->1,0,,,
resnext29_8x64d__pathmnist_split_03__seed0__d5.0,pathmnist,d5,5.0,resnext29_8x64d,0.3,5,12,0.05,0.05,0.0008333333333333334,0.004166666666666667,1.355159171462404e-08,9,9,9,delta_c/(M J) -> delta_c/M,1,6.0,energy,0.7,0.5047282688842569,0.0003513641586786635,1,6.0,energy,0.7,0.5171336607607198,0.0003513641586786635,0.0003513641586786635,0,1->1,0,,,
resnext29_8x64d__pathmnist_split_03__seed1__d0.5,pathmnist,d0.5,0.5,resnext29_8x64d,0.05,5,12,0.05,0.05,0.0008333333333333334,0.004166666666666667,0.503649859592104,0,0,0,delta_c/(M J) -> delta_c/M,0,,,,0.0,,0,,,,0.0,,0.503649859592104,0,0->0,0,,,
resnext29_8x64d__pathmnist_split_03__seed1__d0.5,pathmnist,d0.5,0.5,resnext29_8x64d,0.1,5,12,0.05,0.05,0.0008333333333333334,0.004166666666666667,0.14421472045228564,0,0,0,delta_c/(M J) -> delta_c/M,0,,,,0.0,,0,,,,0.0,,0.14421472045228564,0,0->0,0,,,
resnext29_8x64d__pathmnist_split_03__seed1__d0.5,pathmnist,d0.5,0.5,resnext29_8x64d,0.15,5,12,0.05,0.05,0.0008333333333333334,0.004166666666666667,0.028612625965437833,0,0,0,delta_c/(M J) -> delta_c/M,0,,,,0.0,,0,,,,0.0,,0.028612625965437833,0,0->0,0,,,
resnext29_8x64d__pathmnist_split_03__seed1__d0.5,pathmnist,d0.5,0.5,resnext29_8x64d,0.2,5,12,0.05,0.05,0.0008333333333333334,0.004166666666666667,0.0010095624587417393,3,3,3,delta_c/(M J) -> delta_c/M,1,9.0,margin,0.5,0.27931343509520157,0.0014996527773617862,1,9.0,margin,0.5,0.29023100745642616,0.0014996527773617862,0.0014996527773617862,0,1->1,0,,,
resnext29_8x64d__pathmnist_split_03__seed1__d0.5,pathmnist,d0.5,0.5,resnext29_8x64d,0.25,5,12,0.05,0.05,0.0008333333333333334,0.004166666666666667,3.515063303515995e-05,5,5,5,delta_c/(M J) -> delta_c/M,1,9.0,margin,0.5,0.386005176114284,0.00036105667703197986,1,9.0,margin,0.5,0.3979830762100614,0.00036105667703197986,0.00036105667703197986,0,1->1,0,,,
resnext29_8x64d__pathmnist_split_03__seed1__d0.5,pathmnist,d0.5,0.5,resnext29_8x64d,0.3,5,12,0.05,0.05,0.0008333333333333334,0.004166666666666667,3.639393218872817e-09,9,9,9,delta_c/(M J) -> delta_c/M,1,6.0,energy,0.7,0.5579192829212285,0.0004444749499397633,1,6.0,energy,0.7,0.5702585630708342,0.0004444749499397633,0.0004444749499397633,0,1->1,0,,,
resnext29_8x64d__pathmnist_split_03__seed1__d5.0,pathmnist,d5,5.0,resnext29_8x64d,0.05,5,12,0.05,0.05,0.0008333333333333334,0.004166666666666667,0.7659497978362121,0,0,0,delta_c/(M J) -> delta_c/M,0,,,,0.0,,0,,,,0.0,,0.7659497978362121,0,0->0,0,,,
resnext29_8x64d__pathmnist_split_03__seed1__d5.0,pathmnist,d5,5.0,resnext29_8x64d,0.1,5,12,0.05,0.05,0.0008333333333333334,0.004166666666666667,0.168021995316247,0,0,0,delta_c/(M J) -> delta_c/M,0,,,,0.0,,0,,,,0.0,,0.168021995316247,0,0->0,0,,,
resnext29_8x64d__pathmnist_split_03__seed1__d5.0,pathmnist,d5,5.0,resnext29_8x64d,0.15,5,12,0.05,0.05,0.0008333333333333334,0.004166666666666667,0.019530505136152544,0,0,0,delta_c/(M J) -> delta_c/M,0,,,,0.0,,0,,,,0.0,,0.019530505136152544,0,0->0,0,,,
resnext29_8x64d__pathmnist_split_03__seed1__d5.0,pathmnist,d5,5.0,resnext29_8x64d,0.2,5,12,0.05,0.05,0.0008333333333333334,0.004166666666666667,0.00012395180612524085,5,5,5,delta_c/(M J) -> delta_c/M,1,1.0,msp,0.5,0.33347070569126036,0.00032259906766563223,1,1.0,msp,0.5,0.34499611749221315,0.00032259906766563223,0.00032259906766563223,0,1->1,0,,,
resnext29_8x64d__pathmnist_split_03__seed1__d5.0,pathmnist,d5,5.0,resnext29_8x64d,0.25,5,12,0.05,0.05,0.0008333333333333334,0.004166666666666667,6.451521935625773e-06,6,6,6,delta_c/(M J) -> delta_c/M,1,9.0,margin,0.5,0.45910654888109614,2.6867303782343538e-05,1,9.0,margin,0.5,0.4714020956832636,2.6867303782343538e-05,2.6867303782343538e-05,0,1->1,0,,,
resnext29_8x64d__pathmnist_split_03__seed1__d5.0,pathmnist,d5,5.0,resnext29_8x64d,0.3,5,12,0.05,0.05,0.0008333333333333334,0.004166666666666667,1.2534348517492018e-10,9,9,9,delta_c/(M J) -> delta_c/M,1,2.0,msp,0.7,0.6172459236608612,0.008211963826361473,1,2.0,msp,0.7,0.6293761515462657,0.008211963826361473,0.008211963826361473,0,1->1,0,,,
resnext29_8x64d__pathmnist_split_03__seed2__d0.5,pathmnist,d0.5,0.5,resnext29_8x64d,0.05,5,12,0.05,0.05,0.0008333333333333334,0.004166666666666667,0.7728068695765471,0,0,0,delta_c/(M J) -> delta_c/M,0,,,,0.0,,0,,,,0.0,,0.7728068695765471,0,0->0,0,,,
resnext29_8x64d__pathmnist_split_03__seed2__d0.5,pathmnist,d0.5,0.5,resnext29_8x64d,0.1,5,12,0.05,0.05,0.0008333333333333334,0.004166666666666667,0.12890329393708758,0,0,0,delta_c/(M J) -> delta_c/M,0,,,,0.0,,0,,,,0.0,,0.12890329393708758,0,0->0,0,,,
resnext29_8x64d__pathmnist_split_03__seed2__d0.5,pathmnist,d0.5,0.5,resnext29_8x64d,0.15,5,12,0.05,0.05,0.0008333333333333334,0.004166666666666667,0.017689326316305994,0,0,0,delta_c/(M J) -> delta_c/M,0,,,,0.0,,0,,,,0.0,,0.017689326316305994,0,0->0,0,,,
resnext29_8x64d__pathmnist_split_03__seed2__d0.5,pathmnist,d0.5,0.5,resnext29_8x64d,0.2,5,12,0.05,0.05,0.0008333333333333334,0.004166666666666667,0.002037928461412353,2,2,2,delta_c/(M J) -> delta_c/M,1,8.0,margin,0.3,0.1797720396885579,0.002037928461412353,1,8.0,margin,0.3,0.1890340495658443,0.002037928461412353,0.002037928461412353,0,1->1,0,,,
resnext29_8x64d__pathmnist_split_03__seed2__d0.5,pathmnist,d0.5,0.5,resnext29_8x64d,0.25,5,12,0.05,0.05,0.0008333333333333334,0.004166666666666667,2.895185691575963e-05,4,4,4,delta_c/(M J) -> delta_c/M,1,9.0,margin,0.5,0.3237324428580292,0.00014438224779428718,1,9.0,margin,0.5,0.335189062805463,0.00014438224779428718,0.00014438224779428718,0,1->1,0,,,
resnext29_8x64d__pathmnist_split_03__seed2__d0.5,pathmnist,d0.5,0.5,resnext29_8x64d,0.3,5,12,0.05,0.05,0.0008333333333333334,0.004166666666666667,3.9057759376547537e-07,4,4,4,delta_c/(M J) -> delta_c/M,1,1.0,msp,0.5,0.38833660459526614,4.917355407988659e-06,1,1.0,msp,0.5,0.40032985638372653,4.917355407988659e-06,4.917355407988659e-06,0,1->1,0,,,
resnext29_8x64d__pathmnist_split_03__seed2__d5.0,pathmnist,d5,5.0,resnext29_8x64d,0.05,5,12,0.05,0.05,0.0008333333333333334,0.004166666666666667,0.3595448860300172,0,0,0,delta_c/(M J) -> delta_c/M,0,,,,0.0,,0,,,,0.0,,0.3595448860300172,0,0->0,0,,,
resnext29_8x64d__pathmnist_split_03__seed2__d5.0,pathmnist,d5,5.0,resnext29_8x64d,0.1,5,12,0.05,0.05,0.0008333333333333334,0.004166666666666667,0.11208722487177356,0,0,0,delta_c/(M J) -> delta_c/M,0,,,,0.0,,0,,,,0.0,,0.11208722487177356,0,0->0,0,,,
resnext29_8x64d__pathmnist_split_03__seed2__d5.0,pathmnist,d5,5.0,resnext29_8x64d,0.15,5,12,0.05,0.05,0.0008333333333333334,0.004166666666666667,0.0497133146888937,0,0,0,delta_c/(M J) -> delta_c/M,0,,,,0.0,,0,,,,0.0,,0.0497133146888937,0,0->0,0,,,
resnext29_8x64d__pathmnist_split_03__seed2__d5.0,pathmnist,d5,5.0,resnext29_8x64d,0.2,5,12,0.05,0.05,0.0008333333333333334,0.004166666666666667,0.007451252409069903,0,0,0,delta_c/(M J) -> delta_c/M,0,,,,0.0,,0,,,,0.0,,0.007451252409069903,0,0->0,0,,,
resnext29_8x64d__pathmnist_split_03__seed2__d5.0,pathmnist,d5,5.0,resnext29_8x64d,0.25,5,12,0.05,0.05,0.0008333333333333334,0.004166666666666667,0.0005081754186877132,5,5,5,delta_c/(M J) -> delta_c/M,1,1.0,msp,0.5,0.23183407535530356,0.0005081754186877132,1,1.0,msp,0.5,0.24207856325567248,0.0005081754186877132,0.0005081754186877132,0,1->1,0,,,
resnext29_8x64d__pathmnist_split_03__seed2__d5.0,pathmnist,d5,5.0,resnext29_8x64d,0.3,5,12,0.05,0.05,0.0008333333333333334,0.004166666666666667,4.617567680056622e-06,7,7,7,delta_c/(M J) -> delta_c/M,1,6.0,energy,0.7,0.4638678818199675,0.0068233556953561005,1,6.0,energy,0.7,0.47620609677125797,0.0068233556953561005,0.0068233556953561005,0,1->1,0,,,
resnext29_8x64d__pathmnist_split_03__seed3__d0.5,pathmnist,d0.5,0.5,resnext29_8x64d,0.05,5,12,0.05,0.05,0.0008333333333333334,0.004166666666666667,0.7169718448170848,0,0,0,delta_c/(M J) -> delta_c/M,0,,,,0.0,,0,,,,0.0,,0.7169718448170848,0,0->0,0,,,
resnext29_8x64d__pathmnist_split_03__seed3__d0.5,pathmnist,d0.5,0.5,resnext29_8x64d,0.1,5,12,0.05,0.05,0.0008333333333333334,0.004166666666666667,0.2703407945392704,0,0,0,delta_c/(M J) -> delta_c/M,0,,,,0.0,,0,,,,0.0,,0.2703407945392704,0,0->0,0,,,
resnext29_8x64d__pathmnist_split_03__seed3__d0.5,pathmnist,d0.5,0.5,resnext29_8x64d,0.15,5,12,0.05,0.05,0.0008333333333333334,0.004166666666666667,0.0549203458725333,0,0,0,delta_c/(M J) -> delta_c/M,0,,,,0.0,,0,,,,0.0,,0.0549203458725333,0,0->0,0,,,
resnext29_8x64d__pathmnist_split_03__seed3__d0.5,pathmnist,d0.5,0.5,resnext29_8x64d,0.2,5,12,0.05,0.05,0.0008333333333333334,0.004166666666666667,0.020823095215919844,0,0,0,delta_c/(M J) -> delta_c/M,0,,,,0.0,,0,,,,0.0,,0.020823095215919844,0,0->0,0,,,
resnext29_8x64d__pathmnist_split_03__seed3__d0.5,pathmnist,d0.5,0.5,resnext29_8x64d,0.25,5,12,0.05,0.05,0.0008333333333333334,0.004166666666666667,0.001378222406700567,2,2,2,delta_c/(M J) -> delta_c/M,1,0.0,msp,0.3,0.07876772045474142,0.001378222406700567,1,0.0,msp,0.3,0.08510485624032595,0.001378222406700567,0.001378222406700567,0,1->1,0,,,
resnext29_8x64d__pathmnist_split_03__seed3__d0.5,pathmnist,d0.5,0.5,resnext29_8x64d,0.3,5,12,0.05,0.05,0.0008333333333333334,0.004166666666666667,3.7985365306248484e-05,5,5,5,delta_c/(M J) -> delta_c/M,1,5.0,energy,0.5,0.22524952123474212,9.779581802922741e-05,1,5.0,energy,0.5,0.23538328677118647,9.779581802922741e-05,9.779581802922741e-05,0,1->1,0,,,
resnext29_8x64d__pathmnist_split_03__seed3__d5.0,pathmnist,d5,5.0,resnext29_8x64d,0.05,5,12,0.05,0.05,0.0008333333333333334,0.004166666666666667,0.4720264597542536,0,0,0,delta_c/(M J) -> delta_c/M,0,,,,0.0,,0,,,,0.0,,0.4720264597542536,0,0->0,0,,,
resnext29_8x64d__pathmnist_split_03__seed3__d5.0,pathmnist,d5,5.0,resnext29_8x64d,0.1,5,12,0.05,0.05,0.0008333333333333334,0.004166666666666667,0.12237649135522524,0,0,0,delta_c/(M J) -> delta_c/M,0,,,,0.0,,0,,,,0.0,,0.12237649135522524,0,0->0,0,,,
resnext29_8x64d__pathmnist_split_03__seed3__d5.0,pathmnist,d5,5.0,resnext29_8x64d,0.15,5,12,0.05,0.05,0.0008333333333333334,0.004166666666666667,0.03823356680973697,0,0,0,delta_c/(M J) -> delta_c/M,0,,,,0.0,,0,,,,0.0,,0.03823356680973697,0,0->0,0,,,
resnext29_8x64d__pathmnist_split_03__seed3__d5.0,pathmnist,d5,5.0,resnext29_8x64d,0.2,5,12,0.05,0.05,0.0008333333333333334,0.004166666666666667,0.011766943602514323,0,0,0,delta_c/(M J) -> delta_c/M,0,,,,0.0,,0,,,,0.0,,0.011766943602514323,0,0->0,0,,,
resnext29_8x64d__pathmnist_split_03__seed3__d5.0,pathmnist,d5,5.0,resnext29_8x64d,0.25,5,12,0.05,0.05,0.0008333333333333334,0.004166666666666667,0.0013451851385545494,4,4,4,delta_c/(M J) -> delta_c/M,1,5.0,energy,0.5,0.1703939201961891,0.0013451851385545494,1,5.0,energy,0.5,0.1794289977298495,0.0013451851385545494,0.0013451851385545494,0,1->1,0,,,
resnext29_8x64d__pathmnist_split_03__seed3__d5.0,pathmnist,d5,5.0,resnext29_8x64d,0.3,5,12,0.05,0.05,0.0008333333333333334,0.004166666666666667,1.2390017404363058e-05,6,6,6,delta_c/(M J) -> delta_c/M,1,1.0,msp,0.5,0.2494919002691592,1.2390017404363058e-05,1,1.0,msp,0.5,0.26001604742039874,1.2390017404363058e-05,1.2390017404363058e-05,0,1->1,0,,,
resnext29_8x64d__pathmnist_split_03__seed4__d0.5,pathmnist,d0.5,0.5,resnext29_8x64d,0.05,5,12,0.05,0.05,0.0008333333333333334,0.004166666666666667,0.9334536483768137,0,0,0,delta_c/(M J) -> delta_c/M,0,,,,0.0,,0,,,,0.0,,0.9334536483768137,0,0->0,0,,,
resnext29_8x64d__pathmnist_split_03__seed4__d0.5,pathmnist,d0.5,0.5,resnext29_8x64d,0.1,5,12,0.05,0.05,0.0008333333333333334,0.004166666666666667,0.5321498790136028,0,0,0,delta_c/(M J) -> delta_c/M,0,,,,0.0,,0,,,,0.0,,0.5321498790136028,0,0->0,0,,,
resnext29_8x64d__pathmnist_split_03__seed4__d0.5,pathmnist,d0.5,0.5,resnext29_8x64d,0.15,5,12,0.05,0.05,0.0008333333333333334,0.004166666666666667,0.1723890907091047,0,0,0,delta_c/(M J) -> delta_c/M,0,,,,0.0,,0,,,,0.0,,0.1723890907091047,0,0->0,0,,,
resnext29_8x64d__pathmnist_split_03__seed4__d0.5,pathmnist,d0.5,0.5,resnext29_8x64d,0.2,5,12,0.05,0.05,0.0008333333333333334,0.004166666666666667,0.002852702582549183,2,2,2,delta_c/(M J) -> delta_c/M,1,0.0,msp,0.3,0.21759665149159027,0.002852702582549183,1,0.0,msp,0.3,0.22757368778424766,0.002852702582549183,0.002852702582549183,0,1->1,0,,,
resnext29_8x64d__pathmnist_split_03__seed4__d0.5,pathmnist,d0.5,0.5,resnext29_8x64d,0.25,5,12,0.05,0.05,0.0008333333333333334,0.004166666666666667,0.00013855098176501258,5,5,5,delta_c/(M J) -> delta_c/M,1,5.0,energy,0.5,0.27039558925162727,0.0037767211134556553,1,5.0,energy,0.5,0.28119475038839137,0.0037767211134556553,0.0037767211134556553,0,1->1,0,,,
resnext29_8x64d__pathmnist_split_03__seed4__d0.5,pathmnist,d0.5,0.5,resnext29_8x64d,0.3,5,12,0.05,0.05,0.0008333333333333334,0.004166666666666667,4.4051551373972805e-06,6,6,6,delta_c/(M J) -> delta_c/M,1,5.0,energy,0.5,0.2882631089597164,0.001811519052720797,1,5.0,energy,0.5,0.299294070394481,0.001811519052720797,0.001811519052720797,0,1->1,0,,,
resnext29_8x64d__pathmnist_split_03__seed4__d5.0,pathmnist,d5,5.0,resnext29_8x64d,0.05,5,12,0.05,0.05,0.0008333333333333334,0.004166666666666667,0.5018158925109051,0,0,0,delta_c/(M J) -> delta_c/M,0,,,,0.0,,0,,,,0.0,,0.5018158925109051,0,0->0,0,,,
resnext29_8x64d__pathmnist_split_03__seed4__d5.0,pathmnist,d5,5.0,resnext29_8x64d,0.1,5,12,0.05,0.05,0.0008333333333333334,0.004166666666666667,0.1233782826816533,0,0,0,delta_c/(M J) -> delta_c/M,0,,,,0.0,,0,,,,0.0,,0.1233782826816533,0,0->0,0,,,
resnext29_8x64d__pathmnist_split_03__seed4__d5.0,pathmnist,d5,5.0,resnext29_8x64d,0.15,5,12,0.05,0.05,0.0008333333333333334,0.004166666666666667,0.028609357763018733,0,0,0,delta_c/(M J) -> delta_c/M,0,,,,0.0,,0,,,,0.0,,0.028609357763018733,0,0->0,0,,,
resnext29_8x64d__pathmnist_split_03__seed4__d5.0,pathmnist,d5,5.0,resnext29_8x64d,0.2,5,12,0.05,0.05,0.0008333333333333334,0.004166666666666667,9.007479551174225e-05,6,6,6,delta_c/(M J) -> delta_c/M,1,5.0,energy,0.5,0.29949409557253626,0.0038101491897376384,1,5.0,energy,0.5,0.3106598656485761,0.0038101491897376384,0.0038101491897376384,0,1->1,0,,,
resnext29_8x64d__pathmnist_split_03__seed4__d5.0,pathmnist,d5,5.0,resnext29_8x64d,0.25,5,12,0.05,0.05,0.0008333333333333334,0.004166666666666667,1.349978749488002e-05,9,9,9,delta_c/(M J) -> delta_c/M,1,6.0,energy,0.7,0.4805388550876598,0.010776982071165422,1,6.0,energy,0.7,0.4928848296646579,0.010776982071165422,0.010776982071165422,0,1->1,0,,,
resnext29_8x64d__pathmnist_split_03__seed4__d5.0,pathmnist,d5,5.0,resnext29_8x64d,0.3,5,12,0.05,0.05,0.0008333333333333334,0.004166666666666667,7.576429953983571e-09,9,9,9,delta_c/(M J) -> delta_c/M,1,6.0,energy,0.7,0.5824962150345026,0.002390092440354871,1,6.0,energy,0.7,0.594770897245791,0.002390092440354871,0.002390092440354871,0,1->1,0,,,
resnext29_8x64d__pathmnist_split_04__seed0__d0.5,pathmnist,d0.5,0.5,resnext29_8x64d,0.05,5,12,0.05,0.05,0.0008333333333333334,0.004166666666666667,1.0,0,0,0,delta_c/(M J) -> delta_c/M,0,,,,0.0,,0,,,,0.0,,1.0,0,0->0,0,,,
resnext29_8x64d__pathmnist_split_04__seed0__d0.5,pathmnist,d0.5,0.5,resnext29_8x64d,0.1,5,12,0.05,0.05,0.0008333333333333334,0.004166666666666667,1.0,0,0,0,delta_c/(M J) -> delta_c/M,0,,,,0.0,,0,,,,0.0,,1.0,0,0->0,0,,,
resnext29_8x64d__pathmnist_split_04__seed0__d0.5,pathmnist,d0.5,0.5,resnext29_8x64d,0.15,5,12,0.05,0.05,0.0008333333333333334,0.004166666666666667,1.0,0,0,0,delta_c/(M J) -> delta_c/M,0,,,,0.0,,0,,,,0.0,,1.0,0,0->0,0,,,
resnext29_8x64d__pathmnist_split_04__seed0__d0.5,pathmnist,d0.5,0.5,resnext29_8x64d,0.2,5,12,0.05,0.05,0.0008333333333333334,0.004166666666666667,1.0,0,0,0,delta_c/(M J) -> delta_c/M,0,,,,0.0,,0,,,,0.0,,1.0,0,0->0,0,,,
resnext29_8x64d__pathmnist_split_04__seed0__d0.5,pathmnist,d0.5,0.5,resnext29_8x64d,0.25,5,12,0.05,0.05,0.0008333333333333334,0.004166666666666667,0.41315552459809657,0,0,0,delta_c/(M J) -> delta_c/M,0,,,,0.0,,0,,,,0.0,,0.41315552459809657,0,0->0,0,,,
resnext29_8x64d__pathmnist_split_04__seed0__d0.5,pathmnist,d0.5,0.5,resnext29_8x64d,0.3,5,12,0.05,0.05,0.0008333333333333334,0.004166666666666667,0.5372265127444993,0,0,0,delta_c/(M J) -> delta_c/M,0,,,,0.0,,0,,,,0.0,,0.5372265127444993,0,0->0,0,,,
resnext29_8x64d__pathmnist_split_04__seed0__d5.0,pathmnist,d5,5.0,resnext29_8x64d,0.05,5,12,0.05,0.05,0.0008333333333333334,0.004166666666666667,1.0,0,0,0,delta_c/(M J) -> delta_c/M,0,,,,0.0,,0,,,,0.0,,1.0,0,0->0,0,,,
resnext29_8x64d__pathmnist_split_04__seed0__d5.0,pathmnist,d5,5.0,resnext29_8x64d,0.1,5,12,0.05,0.05,0.0008333333333333334,0.004166666666666667,1.0,0,0,0,delta_c/(M J) -> delta_c/M,0,,,,0.0,,0,,,,0.0,,1.0,0,0->0,0,,,
resnext29_8x64d__pathmnist_split_04__seed0__d5.0,pathmnist,d5,5.0,resnext29_8x64d,0.15,5,12,0.05,0.05,0.0008333333333333334,0.004166666666666667,1.0,0,0,0,delta_c/(M J) -> delta_c/M,0,,,,0.0,,0,,,,0.0,,1.0,0,0->0,0,,,
resnext29_8x64d__pathmnist_split_04__seed0__d5.0,pathmnist,d5,5.0,resnext29_8x64d,0.2,5,12,0.05,0.05,0.0008333333333333334,0.004166666666666667,0.795565666090481,0,0,0,delta_c/(M J) -> delta_c/M,0,,,,0.0,,0,,,,0.0,,0.795565666090481,0,0->0,0,,,
resnext29_8x64d__pathmnist_split_04__seed0__d5.0,pathmnist,d5,5.0,resnext29_8x64d,0.25,5,12,0.05,0.05,0.0008333333333333334,0.004166666666666667,0.6781282486094944,0,0,0,delta_c/(M J) -> delta_c/M,0,,,,0.0,,0,,,,0.0,,0.6781282486094944,0,0->0,0,,,
resnext29_8x64d__pathmnist_split_04__seed0__d5.0,pathmnist,d5,5.0,resnext29_8x64d,0.3,5,12,0.05,0.05,0.0008333333333333334,0.004166666666666667,0.00015282108287885358,2,2,2,delta_c/(M J) -> delta_c/M,1,2.0,msp,0.7,0.6070555359054858,0.00015282108287885358,1,2.0,msp,0.7,0.619076203325277,0.00015282108287885358,0.00015282108287885358,0,1->1,0,,,
resnext29_8x64d__pathmnist_split_04__seed1__d0.5,pathmnist,d0.5,0.5,resnext29_8x64d,0.05,5,12,0.05,0.05,0.0008333333333333334,0.004166666666666667,0.6188582145629733,0,0,0,delta_c/(M J) -> delta_c/M,0,,,,0.0,,0,,,,0.0,,0.6188582145629733,0,0->0,0,,,
resnext29_8x64d__pathmnist_split_04__seed1__d0.5,pathmnist,d0.5,0.5,resnext29_8x64d,0.1,5,12,0.05,0.05,0.0008333333333333334,0.004166666666666667,0.19582469618756165,0,0,0,delta_c/(M J) -> delta_c/M,0,,,,0.0,,0,,,,0.0,,0.19582469618756165,0,0->0,0,,,
resnext29_8x64d__pathmnist_split_04__seed1__d0.5,pathmnist,d0.5,0.5,resnext29_8x64d,0.15,5,12,0.05,0.05,0.0008333333333333334,0.004166666666666667,0.016115547848111512,0,0,0,delta_c/(M J) -> delta_c/M,0,,,,0.0,,0,,,,0.0,,0.016115547848111512,0,0->0,0,,,
resnext29_8x64d__pathmnist_split_04__seed1__d0.5,pathmnist,d0.5,0.5,resnext29_8x64d,0.2,5,12,0.05,0.05,0.0008333333333333334,0.004166666666666667,0.00014292267534029402,3,3,3,delta_c/(M J) -> delta_c/M,1,0.0,msp,0.3,0.15357531785433548,0.00032664116320850435,1,0.0,msp,0.3,0.1621080541442137,0.00032664116320850435,0.00032664116320850435,0,1->1,0,,,
resnext29_8x64d__pathmnist_split_04__seed1__d0.5,pathmnist,d0.5,0.5,resnext29_8x64d,0.25,5,12,0.05,0.05,0.0008333333333333334,0.004166666666666667,6.080887162963383e-06,5,5,5,delta_c/(M J) -> delta_c/M,1,1.0,msp,0.5,0.19077442333171019,0.0011584846375814828,1,1.0,msp,0.5,0.2001244215603085,0.0011584846375814828,0.0011584846375814828,0,1->1,0,,,
resnext29_8x64d__pathmnist_split_04__seed1__d0.5,pathmnist,d0.5,0.5,resnext29_8x64d,0.3,5,12,0.05,0.05,0.0008333333333333334,0.004166666666666667,3.995594161914388e-07,6,6,6,delta_c/(M J) -> delta_c/M,1,5.0,energy,0.5,0.20335872606780778,0.0002943868811592916,1,5.0,energy,0.5,0.21295212147236092,0.0002943868811592916,0.0002943868811592916,0,1->1,0,,,
resnext29_8x64d__pathmnist_split_04__seed1__d5.0,pathmnist,d5,5.0,resnext29_8x64d,0.05,5,12,0.05,0.05,0.0008333333333333334,0.004166666666666667,1.0,0,0,0,delta_c/(M J) -> delta_c/M,0,,,,0.0,,0,,,,0.0,,1.0,0,0->0,0,,,
resnext29_8x64d__pathmnist_split_04__seed1__d5.0,pathmnist,d5,5.0,resnext29_8x64d,0.1,5,12,0.05,0.05,0.0008333333333333334,0.004166666666666667,1.0,0,0,0,delta_c/(M J) -> delta_c/M,0,,,,0.0,,0,,,,0.0,,1.0,0,0->0,0,,,
resnext29_8x64d__pathmnist_split_04__seed1__d5.0,pathmnist,d5,5.0,resnext29_8x64d,0.15,5,12,0.05,0.05,0.0008333333333333334,0.004166666666666667,1.0,0,0,0,delta_c/(M J) -> delta_c/M,0,,,,0.0,,0,,,,0.0,,1.0,0,0->0,0,,,
resnext29_8x64d__pathmnist_split_04__seed1__d5.0,pathmnist,d5,5.0,resnext29_8x64d,0.2,5,12,0.05,0.05,0.0008333333333333334,0.004166666666666667,0.9582809692791157,0,0,0,delta_c/(M J) -> delta_c/M,0,,,,0.0,,0,,,,0.0,,0.9582809692791157,0,0->0,0,,,
resnext29_8x64d__pathmnist_split_04__seed1__d5.0,pathmnist,d5,5.0,resnext29_8x64d,0.25,5,12,0.05,0.05,0.0008333333333333334,0.004166666666666667,0.7028967023827866,0,0,0,delta_c/(M J) -> delta_c/M,0,,,,0.0,,0,,,,0.0,,0.7028967023827866,0,0->0,0,,,
resnext29_8x64d__pathmnist_split_04__seed1__d5.0,pathmnist,d5,5.0,resnext29_8x64d,0.3,5,12,0.05,0.05,0.0008333333333333334,0.004166666666666667,0.024185465772181433,0,0,0,delta_c/(M J) -> delta_c/M,0,,,,0.0,,0,,,,0.0,,0.024185465772181433,0,0->0,0,,,
resnext29_8x64d__pathmnist_split_04__seed2__d0.5,pathmnist,d0.5,0.5,resnext29_8x64d,0.05,5,12,0.05,0.05,0.0008333333333333334,0.004166666666666667,1.0,0,0,0,delta_c/(M J) -> delta_c/M,0,,,,0.0,,0,,,,0.0,,1.0,0,0->0,0,,,
resnext29_8x64d__pathmnist_split_04__seed2__d0.5,pathmnist,d0.5,0.5,resnext29_8x64d,0.1,5,12,0.05,0.05,0.0008333333333333334,0.004166666666666667,1.0,0,0,0,delta_c/(M J) -> delta_c/M,0,,,,0.0,,0,,,,0.0,,1.0,0,0->0,0,,,
resnext29_8x64d__pathmnist_split_04__seed2__d0.5,pathmnist,d0.5,0.5,resnext29_8x64d,0.15,5,12,0.05,0.05,0.0008333333333333334,0.004166666666666667,0.8811232030517736,0,0,0,delta_c/(M J) -> delta_c/M,0,,,,0.0,,0,,,,0.0,,0.8811232030517736,0,0->0,0,,,
resnext29_8x64d__pathmnist_split_04__seed2__d0.5,pathmnist,d0.5,0.5,resnext29_8x64d,0.2,5,12,0.05,0.05,0.0008333333333333334,0.004166666666666667,0.5767167999999998,0,0,0,delta_c/(M J) -> delta_c/M,0,,,,0.0,,0,,,,0.0,,0.5767167999999998,0,0->0,0,,,
resnext29_8x64d__pathmnist_split_04__seed2__d0.5,pathmnist,d0.5,0.5,resnext29_8x64d,0.25,5,12,0.05,0.05,0.0008333333333333334,0.004166666666666667,0.4684694859095373,0,0,0,delta_c/(M J) -> delta_c/M,0,,,,0.0,,0,,,,0.0,,0.4684694859095373,0,0->0,0,,,
resnext29_8x64d__pathmnist_split_04__seed2__d0.5,pathmnist,d0.5,0.5,resnext29_8x64d,0.3,5,12,0.05,0.05,0.0008333333333333334,0.004166666666666667,0.2019070087871471,0,0,0,delta_c/(M J) -> delta_c/M,0,,,,0.0,,0,,,,0.0,,0.2019070087871471,0,0->0,0,,,
resnext29_8x64d__pathmnist_split_04__seed2__d5.0,pathmnist,d5,5.0,resnext29_8x64d,0.05,5,12,0.05,0.05,0.0008333333333333334,0.004166666666666667,1.0,0,0,0,delta_c/(M J) -> delta_c/M,0,,,,0.0,,0,,,,0.0,,1.0,0,0->0,0,,,
resnext29_8x64d__pathmnist_split_04__seed2__d5.0,pathmnist,d5,5.0,resnext29_8x64d,0.1,5,12,0.05,0.05,0.0008333333333333334,0.004166666666666667,1.0,0,0,0,delta_c/(M J) -> delta_c/M,0,,,,0.0,,0,,,,0.0,,1.0,0,0->0,0,,,
resnext29_8x64d__pathmnist_split_04__seed2__d5.0,pathmnist,d5,5.0,resnext29_8x64d,0.15,5,12,0.05,0.05,0.0008333333333333334,0.004166666666666667,1.0,0,0,0,delta_c/(M J) -> delta_c/M,0,,,,0.0,,0,,,,0.0,,1.0,0,0->0,0,,,
resnext29_8x64d__pathmnist_split_04__seed2__d5.0,pathmnist,d5,5.0,resnext29_8x64d,0.2,5,12,0.05,0.05,0.0008333333333333334,0.004166666666666667,0.7433493065301656,0,0,0,delta_c/(M J) -> delta_c/M,0,,,,0.0,,0,,,,0.0,,0.7433493065301656,0,0->0,0,,,
resnext29_8x64d__pathmnist_split_04__seed2__d5.0,pathmnist,d5,5.0,resnext29_8x64d,0.25,5,12,0.05,0.05,0.0008333333333333334,0.004166666666666667,0.21803015379204124,0,0,0,delta_c/(M J) -> delta_c/M,0,,,,0.0,,0,,,,0.0,,0.21803015379204124,0,0->0,0,,,
resnext29_8x64d__pathmnist_split_04__seed2__d5.0,pathmnist,d5,5.0,resnext29_8x64d,0.3,5,12,0.05,0.05,0.0008333333333333334,0.004166666666666667,0.005722938306139553,0,0,0,delta_c/(M J) -> delta_c/M,0,,,,0.0,,0,,,,0.0,,0.005722938306139553,0,0->0,0,,,
resnext29_8x64d__pathmnist_split_04__seed3__d0.5,pathmnist,d0.5,0.5,resnext29_8x64d,0.05,5,12,0.05,0.05,0.0008333333333333334,0.004166666666666667,1.0,0,0,0,delta_c/(M J) -> delta_c/M,0,,,,0.0,,0,,,,0.0,,1.0,0,0->0,0,,,
resnext29_8x64d__pathmnist_split_04__seed3__d0.5,pathmnist,d0.5,0.5,resnext29_8x64d,0.1,5,12,0.05,0.05,0.0008333333333333334,0.004166666666666667,1.0,0,0,0,delta_c/(M J) -> delta_c/M,0,,,,0.0,,0,,,,0.0,,1.0,0,0->0,0,,,
resnext29_8x64d__pathmnist_split_04__seed3__d0.5,pathmnist,d0.5,0.5,resnext29_8x64d,0.15,5,12,0.05,0.05,0.0008333333333333334,0.004166666666666667,1.0,0,0,0,delta_c/(M J) -> delta_c/M,0,,,,0.0,,0,,,,0.0,,1.0,0,0->0,0,,,
resnext29_8x64d__pathmnist_split_04__seed3__d0.5,pathmnist,d0.5,0.5,resnext29_8x64d,0.2,5,12,0.05,0.05,0.0008333333333333334,0.004166666666666667,0.6575839860345142,0,0,0,delta_c/(M J) -> delta_c/M,0,,,,0.0,,0,,,,0.0,,0.6575839860345142,0,0->0,0,,,
resnext29_8x64d__pathmnist_split_04__seed3__d0.5,pathmnist,d0.5,0.5,resnext29_8x64d,0.25,5,12,0.05,0.05,0.0008333333333333334,0.004166666666666667,0.19471645780700914,0,0,0,delta_c/(M J) -> delta_c/M,0,,,,0.0,,0,,,,0.0,,0.19471645780700914,0,0->0,0,,,
resnext29_8x64d__pathmnist_split_04__seed3__d0.5,pathmnist,d0.5,0.5,resnext29_8x64d,0.3,5,12,0.05,0.05,0.0008333333333333334,0.004166666666666667,0.000811652416493069,1,1,1,delta_c/(M J) -> delta_c/M,1,6.0,energy,0.7,0.6411781313275089,0.000811652416493069,1,6.0,energy,0.7,0.6530149215724832,0.000811652416493069,0.000811652416493069,0,1->1,0,,,
resnext29_8x64d__pathmnist_split_04__seed3__d5.0,pathmnist,d5,5.0,resnext29_8x64d,0.05,5,12,0.05,0.05,0.0008333333333333334,0.004166666666666667,1.0,0,0,0,delta_c/(M J) -> delta_c/M,0,,,,0.0,,0,,,,0.0,,1.0,0,0->0,0,,,
resnext29_8x64d__pathmnist_split_04__seed3__d5.0,pathmnist,d5,5.0,resnext29_8x64d,0.1,5,12,0.05,0.05,0.0008333333333333334,0.004166666666666667,1.0,0,0,0,delta_c/(M J) -> delta_c/M,0,,,,0.0,,0,,,,0.0,,1.0,0,0->0,0,,,
resnext29_8x64d__pathmnist_split_04__seed3__d5.0,pathmnist,d5,5.0,resnext29_8x64d,0.15,5,12,0.05,0.05,0.0008333333333333334,0.004166666666666667,1.0,0,0,0,delta_c/(M J) -> delta_c/M,0,,,,0.0,,0,,,,0.0,,1.0,0,0->0,0,,,
resnext29_8x64d__pathmnist_split_04__seed3__d5.0,pathmnist,d5,5.0,resnext29_8x64d,0.2,5,12,0.05,0.05,0.0008333333333333334,0.004166666666666667,1.0,0,0,0,delta_c/(M J) -> delta_c/M,0,,,,0.0,,0,,,,0.0,,1.0,0,0->0,0,,,
resnext29_8x64d__pathmnist_split_04__seed3__d5.0,pathmnist,d5,5.0,resnext29_8x64d,0.25,5,12,0.05,0.05,0.0008333333333333334,0.004166666666666667,0.5413392203674012,0,0,0,delta_c/(M J) -> delta_c/M,0,,,,0.0,,0,,,,0.0,,0.5413392203674012,0,0->0,0,,,
resnext29_8x64d__pathmnist_split_04__seed3__d5.0,pathmnist,d5,5.0,resnext29_8x64d,0.3,5,12,0.05,0.05,0.0008333333333333334,0.004166666666666667,0.6138001324542308,0,0,0,delta_c/(M J) -> delta_c/M,0,,,,0.0,,0,,,,0.0,,0.6138001324542308,0,0->0,0,,,
resnext29_8x64d__pathmnist_split_04__seed4__d0.5,pathmnist,d0.5,0.5,resnext29_8x64d,0.05,5,12,0.05,0.05,0.0008333333333333334,0.004166666666666667,1.0,0,0,0,delta_c/(M J) -> delta_c/M,0,,,,0.0,,0,,,,0.0,,1.0,0,0->0,0,,,
resnext29_8x64d__pathmnist_split_04__seed4__d0.5,pathmnist,d0.5,0.5,resnext29_8x64d,0.1,5,12,0.05,0.05,0.0008333333333333334,0.004166666666666667,1.0,0,0,0,delta_c/(M J) -> delta_c/M,0,,,,0.0,,0,,,,0.0,,1.0,0,0->0,0,,,
resnext29_8x64d__pathmnist_split_04__seed4__d0.5,pathmnist,d0.5,0.5,resnext29_8x64d,0.15,5,12,0.05,0.05,0.0008333333333333334,0.004166666666666667,1.0,0,0,0,delta_c/(M J) -> delta_c/M,0,,,,0.0,,0,,,,0.0,,1.0,0,0->0,0,,,
resnext29_8x64d__pathmnist_split_04__seed4__d0.5,pathmnist,d0.5,0.5,resnext29_8x64d,0.2,5,12,0.05,0.05,0.0008333333333333334,0.004166666666666667,1.0,0,0,0,delta_c/(M J) -> delta_c/M,0,,,,0.0,,0,,,,0.0,,1.0,0,0->0,0,,,
resnext29_8x64d__pathmnist_split_04__seed4__d0.5,pathmnist,d0.5,0.5,resnext29_8x64d,0.25,5,12,0.05,0.05,0.0008333333333333334,0.004166666666666667,1.0,0,0,0,delta_c/(M J) -> delta_c/M,0,,,,0.0,,0,,,,0.0,,1.0,0,0->0,0,,,
resnext29_8x64d__pathmnist_split_04__seed4__d0.5,pathmnist,d0.5,0.5,resnext29_8x64d,0.3,5,12,0.05,0.05,0.0008333333333333334,0.004166666666666667,1.0,0,0,0,delta_c/(M J) -> delta_c/M,0,,,,0.0,,0,,,,0.0,,1.0,0,0->0,0,,,
resnext29_8x64d__pathmnist_split_04__seed4__d5.0,pathmnist,d5,5.0,resnext29_8x64d,0.05,5,12,0.05,0.05,0.0008333333333333334,0.004166666666666667,1.0,0,0,0,delta_c/(M J) -> delta_c/M,0,,,,0.0,,0,,,,0.0,,1.0,0,0->0,0,,,
resnext29_8x64d__pathmnist_split_04__seed4__d5.0,pathmnist,d5,5.0,resnext29_8x64d,0.1,5,12,0.05,0.05,0.0008333333333333334,0.004166666666666667,1.0,0,0,0,delta_c/(M J) -> delta_c/M,0,,,,0.0,,0,,,,0.0,,1.0,0,0->0,0,,,
resnext29_8x64d__pathmnist_split_04__seed4__d5.0,pathmnist,d5,5.0,resnext29_8x64d,0.15,5,12,0.05,0.05,0.0008333333333333334,0.004166666666666667,1.0,0,0,0,delta_c/(M J) -> delta_c/M,0,,,,0.0,,0,,,,0.0,,1.0,0,0->0,0,,,
resnext29_8x64d__pathmnist_split_04__seed4__d5.0,pathmnist,d5,5.0,resnext29_8x64d,0.2,5,12,0.05,0.05,0.0008333333333333334,0.004166666666666667,1.0,0,0,0,delta_c/(M J) -> delta_c/M,0,,,,0.0,,0,,,,0.0,,1.0,0,0->0,0,,,
resnext29_8x64d__pathmnist_split_04__seed4__d5.0,pathmnist,d5,5.0,resnext29_8x64d,0.25,5,12,0.05,0.05,0.0008333333333333334,0.004166666666666667,0.6011840471455044,0,0,0,delta_c/(M J) -> delta_c/M,0,,,,0.0,,0,,,,0.0,,0.6011840471455044,0,0->0,0,,,
resnext29_8x64d__pathmnist_split_04__seed4__d5.0,pathmnist,d5,5.0,resnext29_8x64d,0.3,5,12,0.05,0.05,0.0008333333333333334,0.004166666666666667,0.53390836749503,0,0,0,delta_c/(M J) -> delta_c/M,0,,,,0.0,,0,,,,0.0,,0.53390836749503,0,0->0,0,,,
