semantic_id,dataset,condition,procedure,alpha,delta_r,delta_c,J,M,certified,diagnostic_cause,has_proposal_feasible_candidate,has_positive_coverage_candidate,has_empirically_safe_candidate,has_zero_error_pass_candidate,has_joint_empirical_zero_error_candidate,has_risk_passing_candidate,n_proposal_feasible_candidates,n_positive_coverage_candidates,n_empirically_safe_candidates,n_zero_error_pass_candidates,n_joint_empirical_zero_error_candidates,n_actual_passing_candidates,diagnostic_candidate_index,diagnostic_score,diagnostic_slot,diagnostic_gamma,diagnostic_min_client_A,diagnostic_total_A,diagnostic_total_K,diagnostic_zero_A_clients,diagnostic_all_K_zero,diagnostic_worst_empirical_risk,evidence_statistic_name,diagnostic_evidence_statistic,evidence_pass_threshold,diagnostic_raw_iut_pvalue,diagnostic_holm_rank,diagnostic_coverage_lcb,zero_error_floor_per_client,counts_tensor_sha256
cifar100_proser_fedavg__split00__seed0__d0.1,cifar100,d0.1,H,0.2,0.05,0.05,5,12,0,finite-sample-evidence-margin,1,1,1,1,1,0,12,12,5,8,4,0,10,margin,margin,0.7,47,315,43,0,0,0.2,holm_adjusted_pvalue,1.0,0.05,0.5663745481026046,5,0.061021268059513314,,7008dda980ae45bf04ff83439c9724d46e0b43882a83887319b94e0f2da91a93
cifar100_proser_fedavg__split00__seed0__d0.1,cifar100,d0.1,S,0.2,0.05,0.05,5,12,0,finite-sample-evidence-margin,1,1,1,1,1,0,12,12,5,7,3,0,10,margin,margin,0.7,47,315,43,0,0,0.2,risk_ucb,0.3411079623187297,0.2,,,0.061021268059513314,25,7008dda980ae45bf04ff83439c9724d46e0b43882a83887319b94e0f2da91a93
cifar100_proser_fedavg__split00__seed0__d0.1,cifar100,d0.1,B,0.2,0.05,0.05,5,12,0,finite-sample-evidence-margin,1,1,1,1,1,0,12,12,5,5,1,0,10,margin,margin,0.7,47,315,43,0,0,0.2,risk_ucb,0.3692586540364779,0.2,,,0.056158036342589986,32,7008dda980ae45bf04ff83439c9724d46e0b43882a83887319b94e0f2da91a93
cifar100_proser_fedavg__split00__seed0__d0.5,cifar100,d0.5,H,0.2,0.05,0.05,5,12,0,finite-sample-evidence-margin,1,1,1,1,1,0,12,12,6,12,6,0,10,margin,margin,0.7,70,464,53,0,0,0.15841584158415842,holm_adjusted_pvalue,1.0,0.05,0.17957117064584094,5,0.09899686630197754,,2e2d75b2ee4c69e898029e19944c2115be4af9143e904d7f81d92ad99963d81f
cifar100_proser_fedavg__split00__seed0__d0.5,cifar100,d0.5,S,0.2,0.05,0.05,5,12,0,finite-sample-evidence-margin,1,1,1,1,1,0,12,12,6,9,4,0,10,margin,margin,0.7,70,464,53,0,0,0.15841584158415842,risk_ucb,0.2754364883456091,0.2,,,0.09899686630197754,25,2e2d75b2ee4c69e898029e19944c2115be4af9143e904d7f81d92ad99963d81f
cifar100_proser_fedavg__split00__seed0__d0.5,cifar100,d0.5,B,0.2,0.05,0.05,5,12,0,finite-sample-evidence-margin,1,1,1,1,1,0,12,12,6,8,4,0,10,margin,margin,0.7,70,464,53,0,0,0.15841584158415842,risk_ucb,0.2994208371439527,0.2,,,0.09278030767228086,32,2e2d75b2ee4c69e898029e19944c2115be4af9143e904d7f81d92ad99963d81f
cifar100_proser_fedavg__split00__seed0__d5.0,cifar100,d5,H,0.2,0.05,0.05,5,12,0,finite-sample-evidence-margin,1,1,1,1,1,0,12,12,8,12,8,0,10,margin,margin,0.7,95,564,65,0,0,0.192,holm_adjusted_pvalue,1.0,0.05,0.4643571936985226,8,0.1419334816916104,,3b9ff3d4e0782266b72dcaef1061be066efd2a8bf793f76fbdd864919af2ca7d
cifar100_proser_fedavg__split00__seed0__d5.0,cifar100,d5,S,0.2,0.05,0.05,5,12,0,finite-sample-evidence-margin,1,1,1,1,1,0,12,12,8,10,6,0,10,margin,margin,0.7,95,564,65,0,0,0.192,risk_ucb,0.3004662938770761,0.2,,,0.1419334816916104,25,3b9ff3d4e0782266b72dcaef1061be066efd2a8bf793f76fbdd864919af2ca7d
cifar100_proser_fedavg__split00__seed0__d5.0,cifar100,d5,B,0.2,0.05,0.05,5,12,0,finite-sample-evidence-margin,1,1,1,1,1,0,12,12,8,9,5,0,10,margin,margin,0.7,95,564,65,0,0,0.192,risk_ucb,0.322267745282255,0.2,,,0.13455268719285943,32,3b9ff3d4e0782266b72dcaef1061be066efd2a8bf793f76fbdd864919af2ca7d
cifar100_proser_fedavg__split00__seed1__d0.1,cifar100,d0.1,H,0.2,0.05,0.05,5,12,0,selector-tradeoff,1,1,1,1,0,0,11,11,6,1,0,0,,,,,,,,,,,holm_adjusted_pvalue,,0.05,,,,,feb2b1963213ac48bec516b9d90a9a45f9280cc75ffec236e531766208dd1790
cifar100_proser_fedavg__split00__seed1__d0.1,cifar100,d0.1,S,0.2,0.05,0.05,5,12,0,selector-tradeoff,1,1,1,1,0,0,11,11,6,1,0,0,,,,,,,,,,,risk_ucb,,0.2,,,,25,feb2b1963213ac48bec516b9d90a9a45f9280cc75ffec236e531766208dd1790
cifar100_proser_fedavg__split00__seed1__d0.1,cifar100,d0.1,B,0.2,0.05,0.05,5,12,0,selector-tradeoff,1,1,1,1,0,0,11,11,6,1,0,0,,,,,,,,,,,risk_ucb,,0.2,,,,32,feb2b1963213ac48bec516b9d90a9a45f9280cc75ffec236e531766208dd1790
cifar100_proser_fedavg__split00__seed1__d0.5,cifar100,d0.5,H,0.2,0.05,0.05,5,12,0,finite-sample-evidence-margin,1,1,1,1,1,0,12,12,9,9,6,0,10,margin,margin,0.7,75,446,52,0,0,0.16,holm_adjusted_pvalue,1.0,0.05,0.23968260047077578,5,0.1074685537775654,,5ebf159beac03f683d1e160ec7db82f62fd1adacc5d4c3729a2a2f973b448b3d
cifar100_proser_fedavg__split00__seed1__d0.5,cifar100,d0.5,S,0.2,0.05,0.05,5,12,0,finite-sample-evidence-margin,1,1,1,1,1,0,12,12,9,8,5,0,10,margin,margin,0.7,75,446,52,0,0,0.16,risk_ucb,0.29972328435416623,0.2,,,0.1074685537775654,25,5ebf159beac03f683d1e160ec7db82f62fd1adacc5d4c3729a2a2f973b448b3d
cifar100_proser_fedavg__split00__seed1__d0.5,cifar100,d0.5,B,0.2,0.05,0.05,5,12,0,finite-sample-evidence-margin,1,1,1,1,1,0,12,12,9,7,4,0,10,margin,margin,0.7,75,446,52,0,0,0.16,risk_ucb,0.32830254039865897,0.2,,,0.10099766497327697,32,5ebf159beac03f683d1e160ec7db82f62fd1adacc5d4c3729a2a2f973b448b3d
cifar100_proser_fedavg__split00__seed1__d5.0,cifar100,d5,H,0.2,0.05,0.05,5,12,1,certified,1,1,1,1,1,1,12,12,8,12,8,1,8,margin,margin,0.3,33,236,6,0,0,0.06153846153846154,holm_adjusted_pvalue,0.020937021754312935,0.05,0.0017447518128594112,1,0.03903700895926684,,a188cfae539720aaedb8cd87cb43905be1cda078f15227bb6a69d5b7278a4234
cifar100_proser_fedavg__split00__seed1__d5.0,cifar100,d5,S,0.2,0.05,0.05,5,12,1,certified,1,1,1,1,1,1,12,12,8,11,7,1,8,margin,margin,0.3,33,236,6,0,0,0.06153846153846154,risk_ucb,0.1846377041191403,0.2,,,0.03903700895926684,25,a188cfae539720aaedb8cd87cb43905be1cda078f15227bb6a69d5b7278a4234
cifar100_proser_fedavg__split00__seed1__d5.0,cifar100,d5,B,0.2,0.05,0.05,5,12,0,finite-sample-evidence-margin,1,1,1,1,1,0,12,12,8,11,7,0,10,margin,margin,0.7,93,547,72,0,0,0.17204301075268819,risk_ucb,0.3227019972849551,0.2,,,0.1311530874008629,32,a188cfae539720aaedb8cd87cb43905be1cda078f15227bb6a69d5b7278a4234
cifar100_proser_fedavg__split00__seed2__d0.1,cifar100,d0.1,H,0.2,0.05,0.05,5,12,0,finite-sample-evidence-margin,1,1,1,1,1,0,10,10,8,9,8,0,11,margin,margin,1.0,88,508,70,0,0,0.16666666666666666,holm_adjusted_pvalue,1.0,0.05,0.22271027678984598,6,0.12977465696205076,,b129f88ab0e09dc2ad74b801f4257f537e55fcfd00c223e33ed3baec10670a0b
cifar100_proser_fedavg__split00__seed2__d0.1,cifar100,d0.1,S,0.2,0.05,0.05,5,12,0,finite-sample-evidence-margin,1,1,1,1,1,0,10,10,8,9,8,0,11,margin,margin,1.0,88,508,70,0,0,0.16666666666666666,risk_ucb,0.277109680853807,0.2,,,0.12977465696205076,25,b129f88ab0e09dc2ad74b801f4257f537e55fcfd00c223e33ed3baec10670a0b
cifar100_proser_fedavg__split00__seed2__d0.1,cifar100,d0.1,B,0.2,0.05,0.05,5,12,0,finite-sample-evidence-margin,1,1,1,1,1,0,10,10,8,7,6,0,11,margin,margin,1.0,88,508,70,0,0,0.16666666666666666,risk_ucb,0.29962322312588724,0.2,,,0.12269444253531374,32,b129f88ab0e09dc2ad74b801f4257f537e55fcfd00c223e33ed3baec10670a0b
cifar100_proser_fedavg__split00__seed2__d0.5,cifar100,d0.5,H,0.2,0.05,0.05,5,12,0,finite-sample-evidence-margin,1,1,1,1,1,0,12,12,8,11,7,0,10,margin,margin,0.7,103,547,86,0,0,0.19444444444444445,holm_adjusted_pvalue,1.0,0.05,0.5000761693271087,5,0.15594128738219837,,b0a1d05516e0d9ced9728cb86e54c7545f8bbf827d436d0d082f4417b4fd4e73
cifar100_proser_fedavg__split00__seed2__d0.5,cifar100,d0.5,S,0.2,0.05,0.05,5,12,0,finite-sample-evidence-margin,1,1,1,1,1,0,12,12,8,10,6,0,10,margin,margin,0.7,103,547,86,0,0,0.19444444444444445,risk_ucb,0.3155605372532841,0.2,,,0.15594128738219837,25,b0a1d05516e0d9ced9728cb86e54c7545f8bbf827d436d0d082f4417b4fd4e73
cifar100_proser_fedavg__split00__seed2__d0.5,cifar100,d0.5,B,0.2,0.05,0.05,5,12,0,finite-sample-evidence-margin,1,1,1,1,1,0,12,12,8,9,5,0,10,margin,margin,0.7,103,547,86,0,0,0.19444444444444445,risk_ucb,0.3399196977115784,0.2,,,0.14823786811815853,32,b0a1d05516e0d9ced9728cb86e54c7545f8bbf827d436d0d082f4417b4fd4e73
cifar100_proser_fedavg__split00__seed2__d5.0,cifar100,d5,H,0.2,0.05,0.05,5,12,0,finite-sample-evidence-margin,1,1,1,1,1,0,12,12,9,11,8,0,10,margin,margin,0.7,115,631,102,0,0,0.1951219512195122,holm_adjusted_pvalue,1.0,0.05,0.500058390300196,9,0.17715528197822156,,51757795dbda26c68fc04fb1485eeb4f9c8636bdd37adbb5c17849a1bd683b87
cifar100_proser_fedavg__split00__seed2__d5.0,cifar100,d5,S,0.2,0.05,0.05,5,12,0,finite-sample-evidence-margin,1,1,1,1,1,0,12,12,9,9,6,0,10,margin,margin,0.7,115,631,102,0,0,0.1951219512195122,risk_ucb,0.3050040695964683,0.2,,,0.17715528197822156,25,51757795dbda26c68fc04fb1485eeb4f9c8636bdd37adbb5c17849a1bd683b87
cifar100_proser_fedavg__split00__seed2__d5.0,cifar100,d5,B,0.2,0.05,0.05,5,12,0,finite-sample-evidence-margin,1,1,1,1,1,0,12,12,9,9,6,0,10,margin,margin,0.7,115,631,102,0,0,0.1951219512195122,risk_ucb,0.327054997379206,0.2,,,0.1690057272253053,32,51757795dbda26c68fc04fb1485eeb4f9c8636bdd37adbb5c17849a1bd683b87
cifar100_proser_fedavg__split00__seed3__d0.1,cifar100,d0.1,H,0.2,0.05,0.05,5,12,0,finite-sample-evidence-margin,1,1,1,1,1,0,12,12,7,9,4,0,2,proser,native,0.7,49,328,52,0,0,0.1896551724137931,holm_adjusted_pvalue,1.0,0.05,0.5001799025489642,5,0.06424528064337826,,436a190f7a1b9fda7c6fdca0c249f10590c11af33b1f45c45034551d32476de8
cifar100_proser_fedavg__split00__seed3__d0.1,cifar100,d0.1,S,0.2,0.05,0.05,5,12,0,finite-sample-evidence-margin,1,1,1,1,1,0,12,12,7,7,2,0,2,proser,native,0.7,49,328,52,0,0,0.1896551724137931,risk_ucb,0.3681715808442262,0.2,,,0.06424528064337826,25,436a190f7a1b9fda7c6fdca0c249f10590c11af33b1f45c45034551d32476de8
cifar100_proser_fedavg__split00__seed3__d0.1,cifar100,d0.1,B,0.2,0.05,0.05,5,12,0,finite-sample-evidence-margin,1,1,1,1,1,0,12,12,7,6,1,0,2,proser,native,0.7,49,328,52,0,0,0.1896551724137931,risk_ucb,0.4048939073092815,0.2,,,0.059250014961671184,32,436a190f7a1b9fda7c6fdca0c249f10590c11af33b1f45c45034551d32476de8
cifar100_proser_fedavg__split00__seed3__d0.5,cifar100,d0.5,H,0.2,0.05,0.05,5,12,0,finite-sample-evidence-margin,1,1,1,1,1,0,12,12,9,11,8,0,10,margin,margin,0.7,84,482,72,0,0,0.1958762886597938,holm_adjusted_pvalue,1.0,0.05,0.5202962373174869,8,0.12287124747137855,,790660a37d9db72557a1b611965c40d5b05fba5ec7b16c0ebbb1bff806e3de9e
cifar100_proser_fedavg__split00__seed3__d0.5,cifar100,d0.5,S,0.2,0.05,0.05,5,12,0,finite-sample-evidence-margin,1,1,1,1,1,0,12,12,9,11,8,0,10,margin,margin,0.7,84,482,72,0,0,0.1958762886597938,risk_ucb,0.32172809416722914,0.2,,,0.12287124747137855,25,790660a37d9db72557a1b611965c40d5b05fba5ec7b16c0ebbb1bff806e3de9e
cifar100_proser_fedavg__split00__seed3__d0.5,cifar100,d0.5,B,0.2,0.05,0.05,5,12,0,finite-sample-evidence-margin,1,1,1,1,1,0,12,12,9,11,8,0,10,margin,margin,0.7,84,482,72,0,0,0.1958762886597938,risk_ucb,0.3469501772824408,0.2,,,0.11597108114813345,32,790660a37d9db72557a1b611965c40d5b05fba5ec7b16c0ebbb1bff806e3de9e
cifar100_proser_fedavg__split00__seed3__d5.0,cifar100,d5,H,0.2,0.05,0.05,5,12,0,finite-sample-evidence-margin,1,1,1,1,1,0,12,12,7,12,7,0,2,proser,native,0.7,90,575,88,0,0,0.18045112781954886,holm_adjusted_pvalue,1.0,0.05,0.33084549629212456,4,0.13323876309562074,,b284709a3d228c9561e73ee7925a88ee4559b8fa5b94a4e245a560f831f6d305
cifar100_proser_fedavg__split00__seed3__d5.0,cifar100,d5,S,0.2,0.05,0.05,5,12,0,finite-sample-evidence-margin,1,1,1,1,1,0,12,12,7,11,6,0,2,proser,native,0.7,90,575,88,0,0,0.18045112781954886,risk_ucb,0.2849818153572004,0.2,,,0.13323876309562074,25,b284709a3d228c9561e73ee7925a88ee4559b8fa5b94a4e245a560f831f6d305
cifar100_proser_fedavg__split00__seed3__d5.0,cifar100,d5,B,0.2,0.05,0.05,5,12,0,finite-sample-evidence-margin,1,1,1,1,1,0,12,12,7,9,4,0,2,proser,native,0.7,90,575,88,0,0,0.18045112781954886,risk_ucb,0.306280992425881,0.2,,,0.12607083394093965,32,b284709a3d228c9561e73ee7925a88ee4559b8fa5b94a4e245a560f831f6d305
cifar100_proser_fedavg__split00__seed4__d0.1,cifar100,d0.1,H,0.2,0.05,0.05,5,12,0,selector-tradeoff,1,1,1,1,0,0,9,9,1,2,0,0,,,,,,,,,,,holm_adjusted_pvalue,,0.05,,,,,fdba4100ba0149881381fb91214a4bb8736ffc10b94bd103d1ba5826fccc7dd3
cifar100_proser_fedavg__split00__seed4__d0.1,cifar100,d0.1,S,0.2,0.05,0.05,5,12,0,selector-tradeoff,1,1,1,1,0,0,9,9,1,2,0,0,,,,,,,,,,,risk_ucb,,0.2,,,,25,fdba4100ba0149881381fb91214a4bb8736ffc10b94bd103d1ba5826fccc7dd3
cifar100_proser_fedavg__split00__seed4__d0.1,cifar100,d0.1,B,0.2,0.05,0.05,5,12,0,selector-tradeoff,1,1,1,1,0,0,9,9,1,1,0,0,,,,,,,,,,,risk_ucb,,0.2,,,,32,fdba4100ba0149881381fb91214a4bb8736ffc10b94bd103d1ba5826fccc7dd3
cifar100_proser_fedavg__split00__seed4__d0.5,cifar100,d0.5,H,0.2,0.05,0.05,5,12,0,finite-sample-evidence-margin,1,1,1,1,1,0,12,12,9,11,8,0,10,margin,margin,0.7,88,467,63,0,0,0.17777777777777778,holm_adjusted_pvalue,1.0,0.05,0.35482540595003975,6,0.12977465696205076,,2327c0cde86776598efb535aa59fd5dc7110dd14061dd97e2d895e53796e3c8a
cifar100_proser_fedavg__split00__seed4__d0.5,cifar100,d0.5,S,0.2,0.05,0.05,5,12,0,finite-sample-evidence-margin,1,1,1,1,1,0,12,12,9,9,6,0,10,margin,margin,0.7,88,467,63,0,0,0.17777777777777778,risk_ucb,0.30635550024603914,0.2,,,0.12977465696205076,25,2327c0cde86776598efb535aa59fd5dc7110dd14061dd97e2d895e53796e3c8a
cifar100_proser_fedavg__split00__seed4__d0.5,cifar100,d0.5,B,0.2,0.05,0.05,5,12,0,finite-sample-evidence-margin,1,1,1,1,1,0,12,12,9,9,6,0,10,margin,margin,0.7,88,467,63,0,0,0.17777777777777778,risk_ucb,0.3323840944571487,0.2,,,0.12269444253531374,32,2327c0cde86776598efb535aa59fd5dc7110dd14061dd97e2d895e53796e3c8a
cifar100_proser_fedavg__split00__seed4__d5.0,cifar100,d5,H,0.2,0.05,0.05,5,12,0,finite-sample-evidence-margin,1,1,1,1,1,0,12,12,5,12,5,0,10,margin,margin,0.7,57,323,35,0,0,0.15789473684210525,holm_adjusted_pvalue,1.0,0.05,0.2715780014669223,4,0.07730550792030831,,a4d4926b5b92c96ebb7e7ad99489b0c65586628ddf0422f5bf835a88f1860f83
cifar100_proser_fedavg__split00__seed4__d5.0,cifar100,d5,S,0.2,0.05,0.05,5,12,0,finite-sample-evidence-margin,1,1,1,1,1,0,12,12,5,9,2,0,10,margin,margin,0.7,57,323,35,0,0,0.15789473684210525,risk_ucb,0.3219386040875576,0.2,,,0.07730550792030831,25,a4d4926b5b92c96ebb7e7ad99489b0c65586628ddf0422f5bf835a88f1860f83
cifar100_proser_fedavg__split00__seed4__d5.0,cifar100,d5,B,0.2,0.05,0.05,5,12,0,finite-sample-evidence-margin,1,1,1,1,1,0,12,12,5,8,2,0,10,margin,margin,0.7,57,323,35,0,0,0.15789473684210525,risk_ucb,0.3553985504606591,0.2,,,0.07181215142826854,32,a4d4926b5b92c96ebb7e7ad99489b0c65586628ddf0422f5bf835a88f1860f83
cifar100_proser_fedavg__split01__seed0__d0.1,cifar100,d0.1,H,0.2,0.05,0.05,5,12,0,finite-sample-evidence-margin,1,1,1,1,1,0,12,11,3,8,1,0,8,margin,margin,0.3,24,136,9,0,0,0.14814814814814814,holm_adjusted_pvalue,1.0,0.05,0.34803840978749334,2,0.025643986910727962,,5eaac11bb170c44ed5b5f2d760b3aede1ec90b3a6033bb999246ed949ed7a9af
cifar100_proser_fedavg__split01__seed0__d0.1,cifar100,d0.1,S,0.2,0.05,0.05,5,12,0,selector-tradeoff,1,1,1,1,0,0,12,11,3,7,0,0,,,,,,,,,,,risk_ucb,,0.2,,,,25,5eaac11bb170c44ed5b5f2d760b3aede1ec90b3a6033bb999246ed949ed7a9af
cifar100_proser_fedavg__split01__seed0__d0.1,cifar100,d0.1,B,0.2,0.05,0.05,5,12,0,selector-tradeoff,1,1,1,1,0,0,12,11,3,7,0,0,,,,,,,,,,,risk_ucb,,0.2,,,,32,5eaac11bb170c44ed5b5f2d760b3aede1ec90b3a6033bb999246ed949ed7a9af
cifar100_proser_fedavg__split01__seed0__d0.5,cifar100,d0.5,H,0.2,0.05,0.05,5,12,0,finite-sample-evidence-margin,1,1,1,1,1,0,12,12,8,12,8,0,10,margin,margin,0.7,111,579,84,0,0,0.19469026548672566,holm_adjusted_pvalue,1.0,0.05,0.5000662990684528,8,0.1700584629511604,,31328f4d2ef71a31a6db8308e3cd8db5a78ce6fbb1f557ba8db3e1005dc9255a
cifar100_proser_fedavg__split01__seed0__d0.5,cifar100,d0.5,S,0.2,0.05,0.05,5,12,0,finite-sample-evidence-margin,1,1,1,1,1,0,12,12,8,12,8,0,10,margin,margin,0.7,111,579,84,0,0,0.19469026548672566,risk_ucb,0.30991857917520016,0.2,,,0.1700584629511604,25,31328f4d2ef71a31a6db8308e3cd8db5a78ce6fbb1f557ba8db3e1005dc9255a
cifar100_proser_fedavg__split01__seed0__d0.5,cifar100,d0.5,B,0.2,0.05,0.05,5,12,0,finite-sample-evidence-margin,1,1,1,1,1,0,12,12,8,11,7,0,10,margin,margin,0.7,111,579,84,0,0,0.19469026548672566,risk_ucb,0.3330442102882879,0.2,,,0.16205285280090478,32,31328f4d2ef71a31a6db8308e3cd8db5a78ce6fbb1f557ba8db3e1005dc9255a
cifar100_proser_fedavg__split01__seed0__d5.0,cifar100,d5,H,0.2,0.05,0.05,5,12,0,finite-sample-evidence-margin,1,1,1,1,1,0,12,12,7,12,7,0,2,proser,native,0.7,120,623,79,0,0,0.15833333333333333,holm_adjusted_pvalue,1.0,0.05,0.15171351246334286,1,0.18606023656414653,,7f1d49b30e3de5dce6acbe8d38f7a5a2d593ade65fa7772c9d9c15357d1a5bde
cifar100_proser_fedavg__split01__seed0__d5.0,cifar100,d5,S,0.2,0.05,0.05,5,12,0,finite-sample-evidence-margin,1,1,1,1,1,0,12,12,7,12,7,0,2,proser,native,0.7,120,623,79,0,0,0.15833333333333333,risk_ucb,0.2641640979576656,0.2,,,0.18606023656414653,25,7f1d49b30e3de5dce6acbe8d38f7a5a2d593ade65fa7772c9d9c15357d1a5bde
cifar100_proser_fedavg__split01__seed0__d5.0,cifar100,d5,B,0.2,0.05,0.05,5,12,0,finite-sample-evidence-margin,1,1,1,1,1,0,12,12,7,11,6,0,2,proser,native,0.7,120,623,79,0,0,0.15833333333333333,risk_ucb,0.2858398263359495,0.2,,,0.17773710279592259,32,7f1d49b30e3de5dce6acbe8d38f7a5a2d593ade65fa7772c9d9c15357d1a5bde
cifar100_proser_fedavg__split01__seed1__d0.1,cifar100,d0.1,H,0.2,0.05,0.05,5,12,0,finite-sample-evidence-margin,1,1,1,1,1,0,12,12,3,9,1,0,5,energy,energy,0.5,29,215,22,0,0,0.17647058823529413,holm_adjusted_pvalue,1.0,0.05,0.463403934017406,2,0.03299367095597644,,5f37347997e069f24936d6e6d2d31de1b9b9ed9fb1c8c869cdf6f8736cbeb4c6
cifar100_proser_fedavg__split01__seed1__d0.1,cifar100,d0.1,S,0.2,0.05,0.05,5,12,0,finite-sample-evidence-margin,1,1,1,1,1,0,12,12,3,9,1,0,5,energy,energy,0.5,29,215,22,0,0,0.17647058823529413,risk_ucb,0.4216452086405806,0.2,,,0.03299367095597644,25,5f37347997e069f24936d6e6d2d31de1b9b9ed9fb1c8c869cdf6f8736cbeb4c6
cifar100_proser_fedavg__split01__seed1__d0.1,cifar100,d0.1,B,0.2,0.05,0.05,5,12,0,selector-tradeoff,1,1,1,1,0,0,12,12,3,7,0,0,,,,,,,,,,,risk_ucb,,0.2,,,,32,5f37347997e069f24936d6e6d2d31de1b9b9ed9fb1c8c869cdf6f8736cbeb4c6
cifar100_proser_fedavg__split01__seed1__d0.5,cifar100,d0.5,H,0.2,0.05,0.05,5,12,0,finite-sample-evidence-margin,1,1,1,1,1,0,12,12,9,12,9,0,10,margin,margin,0.7,115,622,76,0,0,0.16666666666666666,holm_adjusted_pvalue,1.0,0.05,0.20699384968276613,6,0.17715528197822156,,d30bfbca3c5ded905f729b70e41f1fee0cbf5432fe8d45f06e46ccb2a3bca229
cifar100_proser_fedavg__split01__seed1__d0.5,cifar100,d0.5,S,0.2,0.05,0.05,5,12,0,finite-sample-evidence-margin,1,1,1,1,1,0,12,12,9,12,9,0,10,margin,margin,0.7,115,622,76,0,0,0.16666666666666666,risk_ucb,0.27091657196906255,0.2,,,0.17715528197822156,25,d30bfbca3c5ded905f729b70e41f1fee0cbf5432fe8d45f06e46ccb2a3bca229
cifar100_proser_fedavg__split01__seed1__d0.5,cifar100,d0.5,B,0.2,0.05,0.05,5,12,0,finite-sample-evidence-margin,1,1,1,1,1,0,12,12,9,12,9,0,10,margin,margin,0.7,115,622,76,0,0,0.16666666666666666,risk_ucb,0.2921578205703419,0.2,,,0.1690057272253053,32,d30bfbca3c5ded905f729b70e41f1fee0cbf5432fe8d45f06e46ccb2a3bca229
cifar100_proser_fedavg__split01__seed1__d5.0,cifar100,d5,H,0.2,0.05,0.05,5,12,1,certified,1,1,1,1,1,1,12,12,9,12,9,1,9,margin,margin,0.5,91,550,42,0,0,0.08928571428571429,holm_adjusted_pvalue,0.014302271205324419,0.05,0.001191855933777035,1,0.13497382023620927,,844f09ab84eb046aa26c27a2486ae71a4a09122085a7150f2e621d2fe4b11c73
cifar100_proser_fedavg__split01__seed1__d5.0,cifar100,d5,S,0.2,0.05,0.05,5,12,1,certified,1,1,1,1,1,1,12,12,9,11,8,1,9,margin,margin,0.5,91,550,42,0,0,0.08928571428571429,risk_ucb,0.18390945330077627,0.2,,,0.13497382023620927,25,844f09ab84eb046aa26c27a2486ae71a4a09122085a7150f2e621d2fe4b11c73
cifar100_proser_fedavg__split01__seed1__d5.0,cifar100,d5,B,0.2,0.05,0.05,5,12,0,finite-sample-evidence-margin,1,1,1,1,1,0,12,12,9,11,8,0,10,margin,margin,0.7,118,682,83,0,0,0.15,risk_ucb,0.26502412647168205,0.2,,,0.1742392954988823,32,844f09ab84eb046aa26c27a2486ae71a4a09122085a7150f2e621d2fe4b11c73
cifar100_proser_fedavg__split01__seed2__d0.1,cifar100,d0.1,H,0.2,0.05,0.05,5,12,0,finite-sample-evidence-margin,1,1,1,1,1,0,12,12,9,10,8,0,11,margin,margin,1.0,76,445,65,0,0,0.18604651162790697,holm_adjusted_pvalue,1.0,0.05,0.4355870789366299,9,0.1091705258540498,,7c32a8c79eb59806b83b225fee9b5c2507606cf4fa85bdde99d3f76325918515
cifar100_proser_fedavg__split01__seed2__d0.1,cifar100,d0.1,S,0.2,0.05,0.05,5,12,0,finite-sample-evidence-margin,1,1,1,1,1,0,12,12,9,7,6,0,11,margin,margin,1.0,76,445,65,0,0,0.18604651162790697,risk_ucb,0.3193782925045471,0.2,,,0.1091705258540498,25,7c32a8c79eb59806b83b225fee9b5c2507606cf4fa85bdde99d3f76325918515
cifar100_proser_fedavg__split01__seed2__d0.1,cifar100,d0.1,B,0.2,0.05,0.05,5,12,0,finite-sample-evidence-margin,1,1,1,1,1,0,12,12,9,5,4,0,11,margin,margin,1.0,76,445,65,0,0,0.18604651162790697,risk_ucb,0.34622425417879965,0.2,,,0.10265018663106981,32,7c32a8c79eb59806b83b225fee9b5c2507606cf4fa85bdde99d3f76325918515
cifar100_proser_fedavg__split01__seed2__d0.5,cifar100,d0.5,H,0.2,0.05,0.05,5,12,0,finite-sample-evidence-margin,1,1,1,1,1,0,12,12,6,12,6,0,6,energy,energy,0.7,103,547,79,0,0,0.18867924528301888,holm_adjusted_pvalue,1.0,0.05,0.44196147089129995,5,0.15594128738219837,,aa1f5ea77e0dff340a4ecdefaa1f6913e4244aaa16fe95b5a0a39140a34359a3
cifar100_proser_fedavg__split01__seed2__d0.5,cifar100,d0.5,S,0.2,0.05,0.05,5,12,0,finite-sample-evidence-margin,1,1,1,1,1,0,12,12,6,11,5,0,6,energy,energy,0.7,103,547,79,0,0,0.18867924528301888,risk_ucb,0.3073155370377031,0.2,,,0.15594128738219837,25,aa1f5ea77e0dff340a4ecdefaa1f6913e4244aaa16fe95b5a0a39140a34359a3
cifar100_proser_fedavg__split01__seed2__d0.5,cifar100,d0.5,B,0.2,0.05,0.05,5,12,0,finite-sample-evidence-margin,1,1,1,1,1,0,12,12,6,11,5,0,6,energy,energy,0.7,103,547,79,0,0,0.18867924528301888,risk_ucb,0.33119772028493494,0.2,,,0.14823786811815853,32,aa1f5ea77e0dff340a4ecdefaa1f6913e4244aaa16fe95b5a0a39140a34359a3
cifar100_proser_fedavg__split01__seed2__d5.0,cifar100,d5,H,0.2,0.05,0.05,5,12,0,finite-sample-evidence-margin,1,1,1,1,1,0,12,12,7,12,7,0,10,margin,margin,0.7,112,669,79,0,0,0.18666666666666668,holm_adjusted_pvalue,1.0,0.05,0.3869310825882931,6,0.17183034880148162,,2026ec20da14bfce5a2de90303ed4a7cf0ecf7d87bd78057d2a35e7cc866e587
cifar100_proser_fedavg__split01__seed2__d5.0,cifar100,d5,S,0.2,0.05,0.05,5,12,0,finite-sample-evidence-margin,1,1,1,1,1,0,12,12,7,12,7,0,10,margin,margin,0.7,112,669,79,0,0,0.18666666666666668,risk_ucb,0.2838349049896116,0.2,,,0.17183034880148162,25,2026ec20da14bfce5a2de90303ed4a7cf0ecf7d87bd78057d2a35e7cc866e587
cifar100_proser_fedavg__split01__seed2__d5.0,cifar100,d5,B,0.2,0.05,0.05,5,12,0,finite-sample-evidence-margin,1,1,1,1,1,0,12,12,7,12,7,0,10,margin,margin,0.7,112,669,79,0,0,0.18666666666666668,risk_ucb,0.3034075621553391,0.2,,,0.16378831856751053,32,2026ec20da14bfce5a2de90303ed4a7cf0ecf7d87bd78057d2a35e7cc866e587
cifar100_proser_fedavg__split01__seed3__d0.1,cifar100,d0.1,H,0.2,0.05,0.05,5,12,0,selector-tradeoff,1,1,1,1,0,0,10,10,2,7,0,0,,,,,,,,,,,holm_adjusted_pvalue,,0.05,,,,,260612e72ac9c12da15bbcb6e5c11012a0876bb5db561df0641c9c7939a3947f
cifar100_proser_fedavg__split01__seed3__d0.1,cifar100,d0.1,S,0.2,0.05,0.05,5,12,0,selector-tradeoff,1,1,1,1,0,0,10,10,2,6,0,0,,,,,,,,,,,risk_ucb,,0.2,,,,25,260612e72ac9c12da15bbcb6e5c11012a0876bb5db561df0641c9c7939a3947f
cifar100_proser_fedavg__split01__seed3__d0.1,cifar100,d0.1,B,0.2,0.05,0.05,5,12,0,selector-tradeoff,1,1,1,1,0,0,10,10,2,5,0,0,,,,,,,,,,,risk_ucb,,0.2,,,,32,260612e72ac9c12da15bbcb6e5c11012a0876bb5db561df0641c9c7939a3947f
cifar100_proser_fedavg__split01__seed3__d0.5,cifar100,d0.5,H,0.2,0.05,0.05,5,12,0,finite-sample-evidence-margin,1,1,1,1,1,0,12,12,9,11,8,0,10,margin,margin,0.7,106,578,79,0,0,0.19811320754716982,holm_adjusted_pvalue,1.0,0.05,0.5386606800617235,9,0.1612229155774341,,318308b890f24a4d5de9ae8e142048c1f13dd93b395eb6d596b6039b424d595d
cifar100_proser_fedavg__split01__seed3__d0.5,cifar100,d0.5,S,0.2,0.05,0.05,5,12,0,finite-sample-evidence-margin,1,1,1,1,1,0,12,12,9,10,7,0,10,margin,margin,0.7,106,578,79,0,0,0.19811320754716982,risk_ucb,0.3180745506070358,0.2,,,0.1612229155774341,25,318308b890f24a4d5de9ae8e142048c1f13dd93b395eb6d596b6039b424d595d
cifar100_proser_fedavg__split01__seed3__d0.5,cifar100,d0.5,B,0.2,0.05,0.05,5,12,0,finite-sample-evidence-margin,1,1,1,1,1,0,12,12,9,10,7,0,10,margin,margin,0.7,106,578,79,0,0,0.19811320754716982,risk_ucb,0.3421004742169185,0.2,,,0.15340387281903292,32,318308b890f24a4d5de9ae8e142048c1f13dd93b395eb6d596b6039b424d595d
cifar100_proser_fedavg__split01__seed3__d5.0,cifar100,d5,H,0.2,0.05,0.05,5,12,0,finite-sample-evidence-margin,1,1,1,1,1,0,12,12,10,12,10,0,11,margin,margin,1.0,125,777,131,0,0,0.17419354838709677,holm_adjusted_pvalue,1.0,0.05,0.24433480505225863,9,0.19500134841768255,,56f70fb37c2d6ba717afe4b4432a5b1d6b5455731e514fd8a8e4cd30df5f8b15
cifar100_proser_fedavg__split01__seed3__d5.0,cifar100,d5,S,0.2,0.05,0.05,5,12,0,finite-sample-evidence-margin,1,1,1,1,1,0,12,12,10,12,10,0,11,margin,margin,1.0,125,777,131,0,0,0.17419354838709677,risk_ucb,0.2678778185387874,0.2,,,0.19500134841768255,25,56f70fb37c2d6ba717afe4b4432a5b1d6b5455731e514fd8a8e4cd30df5f8b15
cifar100_proser_fedavg__split01__seed3__d5.0,cifar100,d5,B,0.2,0.05,0.05,5,12,0,finite-sample-evidence-margin,1,1,1,1,1,0,12,12,10,11,9,0,11,margin,margin,1.0,125,777,131,0,0,0.17419354838709677,risk_ucb,0.2868617520879726,0.2,,,0.18651140825857176,32,56f70fb37c2d6ba717afe4b4432a5b1d6b5455731e514fd8a8e4cd30df5f8b15
cifar100_proser_fedavg__split01__seed4__d0.1,cifar100,d0.1,H,0.2,0.05,0.05,5,12,0,selector-tradeoff,1,1,1,1,0,0,9,9,1,4,0,0,,,,,,,,,,,holm_adjusted_pvalue,,0.05,,,,,6755f7a5650b7d0e7b63bad52e7cf474a259dbcae825a3d8f36d0ec53affb9be
cifar100_proser_fedavg__split01__seed4__d0.1,cifar100,d0.1,S,0.2,0.05,0.05,5,12,0,selector-tradeoff,1,1,1,1,0,0,9,9,1,4,0,0,,,,,,,,,,,risk_ucb,,0.2,,,,25,6755f7a5650b7d0e7b63bad52e7cf474a259dbcae825a3d8f36d0ec53affb9be
cifar100_proser_fedavg__split01__seed4__d0.1,cifar100,d0.1,B,0.2,0.05,0.05,5,12,0,selector-tradeoff,1,1,1,1,0,0,9,9,1,3,0,0,,,,,,,,,,,risk_ucb,,0.2,,,,32,6755f7a5650b7d0e7b63bad52e7cf474a259dbcae825a3d8f36d0ec53affb9be
cifar100_proser_fedavg__split01__seed4__d0.5,cifar100,d0.5,H,0.2,0.05,0.05,5,12,0,finite-sample-evidence-margin,1,1,1,1,1,0,12,12,8,12,8,0,2,proser,native,0.7,125,665,110,0,0,0.2,holm_adjusted_pvalue,1.0,0.05,0.5532517394536998,8,0.19500134841768255,,86f71377ca4ac7af023de72a261014675d2c09992ef53974911510a607113e34
cifar100_proser_fedavg__split01__seed4__d0.5,cifar100,d0.5,S,0.2,0.05,0.05,5,12,0,finite-sample-evidence-margin,1,1,1,1,1,0,12,12,8,11,7,0,2,proser,native,0.7,125,665,110,0,0,0.2,risk_ucb,0.3095216370881285,0.2,,,0.19500134841768255,25,86f71377ca4ac7af023de72a261014675d2c09992ef53974911510a607113e34
cifar100_proser_fedavg__split01__seed4__d0.5,cifar100,d0.5,B,0.2,0.05,0.05,5,12,0,finite-sample-evidence-margin,1,1,1,1,1,0,12,12,8,11,7,0,2,proser,native,0.7,125,665,110,0,0,0.2,risk_ucb,0.3314469687078123,0.2,,,0.18651140825857176,32,86f71377ca4ac7af023de72a261014675d2c09992ef53974911510a607113e34
cifar100_proser_fedavg__split01__seed4__d5.0,cifar100,d5,H,0.2,0.05,0.05,5,12,0,finite-sample-evidence-margin,1,1,1,1,1,0,12,12,6,12,6,0,2,proser,native,0.7,141,731,119,0,0,0.19727891156462585,holm_adjusted_pvalue,1.0,0.05,0.5164754060806405,6,0.22383943922301036,,a3b155622d38fa77f762726e4470061e1b543eb6c7eac2e027541aa5b0fceea6
cifar100_proser_fedavg__split01__seed4__d5.0,cifar100,d5,S,0.2,0.05,0.05,5,12,0,finite-sample-evidence-margin,1,1,1,1,1,0,12,12,6,12,6,0,2,proser,native,0.7,141,731,119,0,0,0.19727891156462585,risk_ucb,0.29693014774633614,0.2,,,0.22383943922301036,25,a3b155622d38fa77f762726e4470061e1b543eb6c7eac2e027541aa5b0fceea6
cifar100_proser_fedavg__split01__seed4__d5.0,cifar100,d5,B,0.2,0.05,0.05,5,12,0,finite-sample-evidence-margin,1,1,1,1,1,0,12,12,6,12,6,0,2,proser,native,0.7,141,731,119,0,0,0.19727891156462585,risk_ucb,0.3169032759887667,0.2,,,0.21485819143313847,32,a3b155622d38fa77f762726e4470061e1b543eb6c7eac2e027541aa5b0fceea6
cifar100_proser_fedavg__split02__seed0__d0.1,cifar100,d0.1,H,0.2,0.05,0.05,5,12,0,finite-sample-evidence-margin,1,1,1,1,1,0,12,12,5,12,5,0,10,margin,margin,0.7,62,349,43,0,0,0.1774193548387097,holm_adjusted_pvalue,1.0,0.05,0.3991328224784909,4,0.08558611885182407,,bd1c48c3458192e416b1424e28bc48f6b31fdc30615afe2fb44cd075c9651bd8
cifar100_proser_fedavg__split02__seed0__d0.1,cifar100,d0.1,S,0.2,0.05,0.05,5,12,0,finite-sample-evidence-margin,1,1,1,1,1,0,12,12,5,8,3,0,10,margin,margin,0.7,62,349,43,0,0,0.1774193548387097,risk_ucb,0.3371146649351587,0.2,,,0.08558611885182407,25,bd1c48c3458192e416b1424e28bc48f6b31fdc30615afe2fb44cd075c9651bd8
cifar100_proser_fedavg__split02__seed0__d0.1,cifar100,d0.1,B,0.2,0.05,0.05,5,12,0,finite-sample-evidence-margin,1,1,1,1,1,0,12,12,5,7,3,0,10,margin,margin,0.7,62,349,43,0,0,0.1774193548387097,risk_ucb,0.3692823691209028,0.2,,,0.07980312753011054,32,bd1c48c3458192e416b1424e28bc48f6b31fdc30615afe2fb44cd075c9651bd8
cifar100_proser_fedavg__split02__seed0__d0.5,cifar100,d0.5,H,0.2,0.05,0.05,5,12,0,finite-sample-evidence-margin,1,1,1,1,1,0,12,12,9,12,9,0,2,proser,native,0.7,116,605,83,0,0,0.15748031496062992,holm_adjusted_pvalue,0.9194481086477913,0.05,0.13736511988493266,7,0.17893330314151534,,97490edb3a989d0544f0f28427bae082eba038a17d04053769dd43686666e679
cifar100_proser_fedavg__split02__seed0__d0.5,cifar100,d0.5,S,0.2,0.05,0.05,5,12,0,finite-sample-evidence-margin,1,1,1,1,1,0,12,12,9,11,8,0,2,proser,native,0.7,116,605,83,0,0,0.15748031496062992,risk_ucb,0.25974740974657445,0.2,,,0.17893330314151534,25,97490edb3a989d0544f0f28427bae082eba038a17d04053769dd43686666e679
cifar100_proser_fedavg__split02__seed0__d0.5,cifar100,d0.5,B,0.2,0.05,0.05,5,12,0,finite-sample-evidence-margin,1,1,1,1,1,0,12,12,9,11,8,0,2,proser,native,0.7,116,605,83,0,0,0.15748031496062992,risk_ucb,0.28069542836288275,0.2,,,0.1707484765297704,32,97490edb3a989d0544f0f28427bae082eba038a17d04053769dd43686666e679
cifar100_proser_fedavg__split02__seed0__d5.0,cifar100,d5,H,0.2,0.05,0.05,5,12,1,certified,1,1,1,1,1,1,12,12,9,12,9,2,5,energy,energy,0.5,62,353,16,0,0,0.07462686567164178,holm_adjusted_pvalue,0.04712440222399606,0.05,0.004284036565817824,2,0.08558611885182407,,b3928aef2a9cedbd0b6060d6129b2209136be4d2cfde627b089b0533394cf046
cifar100_proser_fedavg__split02__seed0__d5.0,cifar100,d5,S,0.2,0.05,0.05,5,12,1,certified,1,1,1,1,1,1,12,12,9,11,8,1,0,proser,native,0.3,61,355,12,0,0,0.0641025641025641,risk_ucb,0.17396469642223483,0.2,,,0.08392338458148607,25,b3928aef2a9cedbd0b6060d6129b2209136be4d2cfde627b089b0533394cf046
cifar100_proser_fedavg__split02__seed0__d5.0,cifar100,d5,B,0.2,0.05,0.05,5,12,1,certified,1,1,1,1,1,1,12,12,9,11,8,1,0,proser,native,0.3,61,355,12,0,0,0.0641025641025641,risk_ucb,0.19867621575387862,0.2,,,0.07819710214775345,32,b3928aef2a9cedbd0b6060d6129b2209136be4d2cfde627b089b0533394cf046
cifar100_proser_fedavg__split02__seed1__d0.1,cifar100,d0.1,H,0.2,0.05,0.05,5,12,0,finite-sample-evidence-margin,1,1,1,1,1,0,12,12,9,12,9,0,10,margin,margin,0.7,75,430,51,0,0,0.2,holm_adjusted_pvalue,1.0,0.05,0.5685150684509267,9,0.1074685537775654,,9fef648ffafbf68d41a1255f4b4f1bff060e54acde58db13fda86398adc8da28
cifar100_proser_fedavg__split02__seed1__d0.1,cifar100,d0.1,S,0.2,0.05,0.05,5,12,0,finite-sample-evidence-margin,1,1,1,1,1,0,12,12,9,9,6,0,10,margin,margin,0.7,75,430,51,0,0,0.2,risk_ucb,0.34641921793272895,0.2,,,0.1074685537775654,25,9fef648ffafbf68d41a1255f4b4f1bff060e54acde58db13fda86398adc8da28
cifar100_proser_fedavg__split02__seed1__d0.1,cifar100,d0.1,B,0.2,0.05,0.05,5,12,0,finite-sample-evidence-margin,1,1,1,1,1,0,12,12,9,9,6,0,10,margin,margin,0.7,75,430,51,0,0,0.2,risk_ucb,0.37559714601051314,0.2,,,0.10099766497327697,32,9fef648ffafbf68d41a1255f4b4f1bff060e54acde58db13fda86398adc8da28
cifar100_proser_fedavg__split02__seed1__d0.5,cifar100,d0.5,H,0.2,0.05,0.05,5,12,0,finite-sample-evidence-margin,1,1,1,1,1,0,12,12,9,12,9,0,10,margin,margin,0.7,103,607,60,0,0,0.13385826771653545,holm_adjusted_pvalue,0.2469750235670644,0.05,0.03528214622386634,6,0.15594128738219837,,17d67581f927eb93f10706655d21faef380d9cb22596cce599dd7f70bd78deb5
cifar100_proser_fedavg__split02__seed1__d0.5,cifar100,d0.5,S,0.2,0.05,0.05,5,12,0,finite-sample-evidence-margin,1,1,1,1,1,0,12,12,9,12,9,0,10,margin,margin,0.7,103,607,60,0,0,0.13385826771653545,risk_ucb,0.23543640525682674,0.2,,,0.15594128738219837,25,17d67581f927eb93f10706655d21faef380d9cb22596cce599dd7f70bd78deb5
cifar100_proser_fedavg__split02__seed1__d0.5,cifar100,d0.5,B,0.2,0.05,0.05,5,12,0,finite-sample-evidence-margin,1,1,1,1,1,0,12,12,9,12,9,0,10,margin,margin,0.7,103,607,60,0,0,0.13385826771653545,risk_ucb,0.25833414190912934,0.2,,,0.14823786811815853,32,17d67581f927eb93f10706655d21faef380d9cb22596cce599dd7f70bd78deb5
cifar100_proser_fedavg__split02__seed1__d5.0,cifar100,d5,H,0.2,0.05,0.05,5,12,0,finite-sample-evidence-margin,1,1,1,1,1,0,12,12,9,12,9,0,10,margin,margin,0.7,121,670,97,0,0,0.18,holm_adjusted_pvalue,1.0,0.05,0.310365810180216,6,0.1878456164087678,,503c8e4ec5b06a7e0a1bcb4544f39923bb940c4a74848834d534d034caa72c40
cifar100_proser_fedavg__split02__seed1__d5.0,cifar100,d5,S,0.2,0.05,0.05,5,12,0,finite-sample-evidence-margin,1,1,1,1,1,0,12,12,9,11,8,0,10,margin,margin,0.7,121,670,97,0,0,0.18,risk_ucb,0.2762644650872468,0.2,,,0.1878456164087678,25,503c8e4ec5b06a7e0a1bcb4544f39923bb940c4a74848834d534d034caa72c40
cifar100_proser_fedavg__split02__seed1__d5.0,cifar100,d5,B,0.2,0.05,0.05,5,12,0,finite-sample-evidence-margin,1,1,1,1,1,0,12,12,9,11,8,0,10,margin,margin,0.7,121,670,97,0,0,0.18,risk_ucb,0.29571883987537406,0.2,,,0.17948858879506793,32,503c8e4ec5b06a7e0a1bcb4544f39923bb940c4a74848834d534d034caa72c40
cifar100_proser_fedavg__split02__seed2__d0.1,cifar100,d0.1,H,0.2,0.05,0.05,5,12,0,finite-sample-evidence-margin,1,1,1,1,1,0,12,12,8,11,7,0,10,margin,margin,0.7,67,392,59,0,0,0.19117647058823528,holm_adjusted_pvalue,1.0,0.05,0.5001418140620533,4,0.09394603756004245,,dd6e7735894bb00aad0059af48c192cc0d0492956ac90baf240cf1bae0c63457
cifar100_proser_fedavg__split02__seed2__d0.1,cifar100,d0.1,S,0.2,0.05,0.05,5,12,0,finite-sample-evidence-margin,1,1,1,1,1,0,12,12,8,10,6,0,10,margin,margin,0.7,67,392,59,0,0,0.19117647058823528,risk_ucb,0.3447285985378534,0.2,,,0.09394603756004245,25,dd6e7735894bb00aad0059af48c192cc0d0492956ac90baf240cf1bae0c63457
cifar100_proser_fedavg__split02__seed2__d0.1,cifar100,d0.1,B,0.2,0.05,0.05,5,12,0,finite-sample-evidence-margin,1,1,1,1,1,0,12,12,8,8,4,0,10,margin,margin,0.7,67,392,59,0,0,0.19117647058823528,risk_ucb,0.3754367930816341,0.2,,,0.08788803742934316,32,dd6e7735894bb00aad0059af48c192cc0d0492956ac90baf240cf1bae0c63457
cifar100_proser_fedavg__split02__seed2__d0.5,cifar100,d0.5,H,0.2,0.05,0.05,5,12,0,finite-sample-evidence-margin,1,1,1,1,1,0,12,12,8,12,8,0,10,margin,margin,0.7,105,602,89,0,0,0.18181818181818182,holm_adjusted_pvalue,1.0,0.05,0.32738946198631597,6,0.15946069672391044,,8faa0882d1934590845afd91594842c8e9d430f19fc2d3517f377fc762d499d3
cifar100_proser_fedavg__split02__seed2__d0.5,cifar100,d0.5,S,0.2,0.05,0.05,5,12,0,finite-sample-evidence-margin,1,1,1,1,1,0,12,12,8,12,8,0,10,margin,margin,0.7,105,602,89,0,0,0.18181818181818182,risk_ucb,0.2830524282070045,0.2,,,0.15946069672391044,25,8faa0882d1934590845afd91594842c8e9d430f19fc2d3517f377fc762d499d3
cifar100_proser_fedavg__split02__seed2__d0.5,cifar100,d0.5,B,0.2,0.05,0.05,5,12,0,finite-sample-evidence-margin,1,1,1,1,1,0,12,12,8,11,7,0,10,margin,margin,0.7,105,602,89,0,0,0.18181818181818182,risk_ucb,0.3064417774883764,0.2,,,0.15167988187265877,32,8faa0882d1934590845afd91594842c8e9d430f19fc2d3517f377fc762d499d3
cifar100_proser_fedavg__split02__seed2__d5.0,cifar100,d5,H,0.2,0.05,0.05,5,12,0,finite-sample-evidence-margin,1,1,1,1,1,0,12,12,10,12,10,0,7,energy,energy,1.0,131,745,127,0,0,0.1986754966887417,holm_adjusted_pvalue,1.0,0.05,0.5324139007696582,10,0.20577632071592863,,4e44e5f4adbf8e3109a85648492834ccd68e8b01fe8851644f92e2897c1c0280
cifar100_proser_fedavg__split02__seed2__d5.0,cifar100,d5,S,0.2,0.05,0.05,5,12,0,finite-sample-evidence-margin,1,1,1,1,1,0,12,12,10,11,9,0,7,energy,energy,1.0,131,745,127,0,0,0.1986754966887417,risk_ucb,0.29700958490800433,0.2,,,0.20577632071592863,25,4e44e5f4adbf8e3109a85648492834ccd68e8b01fe8851644f92e2897c1c0280
cifar100_proser_fedavg__split02__seed2__d5.0,cifar100,d5,B,0.2,0.05,0.05,5,12,0,finite-sample-evidence-margin,1,1,1,1,1,0,12,12,10,11,9,0,7,energy,energy,1.0,131,745,127,0,0,0.1986754966887417,risk_ucb,0.316704515433581,0.2,,,0.1970947667307111,32,4e44e5f4adbf8e3109a85648492834ccd68e8b01fe8851644f92e2897c1c0280
cifar100_proser_fedavg__split02__seed3__d0.1,cifar100,d0.1,H,0.2,0.05,0.05,5,12,0,finite-sample-evidence-margin,1,1,1,1,1,0,12,12,7,10,5,0,10,margin,margin,0.7,74,398,64,0,0,0.1891891891891892,holm_adjusted_pvalue,1.0,0.05,0.47691909025899876,5,0.1057690692233078,,e9e6b2006d3ab306dd0f54b1e24124ba7dad117306ea543a9b013293442f427c
cifar100_proser_fedavg__split02__seed3__d0.1,cifar100,d0.1,S,0.2,0.05,0.05,5,12,0,finite-sample-evidence-margin,1,1,1,1,1,0,12,12,7,9,4,0,10,margin,margin,0.7,74,398,64,0,0,0.1891891891891892,risk_ucb,0.3351120710141324,0.2,,,0.1057690692233078,25,e9e6b2006d3ab306dd0f54b1e24124ba7dad117306ea543a9b013293442f427c
cifar100_proser_fedavg__split02__seed3__d0.1,cifar100,d0.1,B,0.2,0.05,0.05,5,12,0,finite-sample-evidence-margin,1,1,1,1,1,0,12,12,7,7,2,0,10,margin,margin,0.7,74,398,64,0,0,0.1891891891891892,risk_ucb,0.36437866317117446,0.2,,,0.09934809231425043,32,e9e6b2006d3ab306dd0f54b1e24124ba7dad117306ea543a9b013293442f427c
cifar100_proser_fedavg__split02__seed3__d0.5,cifar100,d0.5,H,0.2,0.05,0.05,5,12,0,finite-sample-evidence-margin,1,1,1,1,1,0,12,12,5,12,5,0,9,margin,margin,0.5,71,414,45,0,0,0.14942528735632185,holm_adjusted_pvalue,1.0,0.05,0.15572365694917506,1,0.10068596701936972,,527e47cd1a1c46db2e75b13fccf85ddab0b8ddbf99a7c8e1e013b8996a7a6c62
cifar100_proser_fedavg__split02__seed3__d0.5,cifar100,d0.5,S,0.2,0.05,0.05,5,12,0,finite-sample-evidence-margin,1,1,1,1,1,0,12,12,5,11,4,0,9,margin,margin,0.5,71,414,45,0,0,0.14942528735632185,risk_ucb,0.283698572607953,0.2,,,0.10068596701936972,25,527e47cd1a1c46db2e75b13fccf85ddab0b8ddbf99a7c8e1e013b8996a7a6c62
cifar100_proser_fedavg__split02__seed3__d0.5,cifar100,d0.5,B,0.2,0.05,0.05,5,12,0,finite-sample-evidence-margin,1,1,1,1,1,0,12,12,5,11,4,0,9,margin,margin,0.5,71,414,45,0,0,0.14942528735632185,risk_ucb,0.31200262698576525,0.2,,,0.09441757196308956,32,527e47cd1a1c46db2e75b13fccf85ddab0b8ddbf99a7c8e1e013b8996a7a6c62
cifar100_proser_fedavg__split02__seed3__d5.0,cifar100,d5,H,0.2,0.05,0.05,5,12,0,finite-sample-evidence-margin,1,1,1,1,1,0,12,12,6,12,6,0,9,margin,margin,0.5,90,511,70,0,0,0.19607843137254902,holm_adjusted_pvalue,1.0,0.05,0.5197905360929834,5,0.13323876309562074,,9587e5f4aaf3bbab066e1b215ee1510e11cb8679fa7debe7ce67c41d16d62d30
cifar100_proser_fedavg__split02__seed3__d5.0,cifar100,d5,S,0.2,0.05,0.05,5,12,0,finite-sample-evidence-margin,1,1,1,1,1,0,12,12,6,12,6,0,9,margin,margin,0.5,90,511,70,0,0,0.19607843137254902,risk_ucb,0.3184072857179411,0.2,,,0.13323876309562074,25,9587e5f4aaf3bbab066e1b215ee1510e11cb8679fa7debe7ce67c41d16d62d30
cifar100_proser_fedavg__split02__seed3__d5.0,cifar100,d5,B,0.2,0.05,0.05,5,12,0,finite-sample-evidence-margin,1,1,1,1,1,0,12,12,6,11,5,0,9,margin,margin,0.5,90,511,70,0,0,0.19607843137254902,risk_ucb,0.3429289134727148,0.2,,,0.12607083394093965,32,9587e5f4aaf3bbab066e1b215ee1510e11cb8679fa7debe7ce67c41d16d62d30
cifar100_proser_fedavg__split02__seed4__d0.1,cifar100,d0.1,H,0.2,0.05,0.05,5,12,0,finite-sample-evidence-margin,1,1,1,1,1,0,12,10,7,3,1,0,10,margin,margin,0.7,27,234,27,0,0,0.18181818181818182,holm_adjusted_pvalue,1.0,0.05,0.44634444061056333,4,0.030023753461331276,,42b2bee1faf6bcb2514cc886df26e70f43f93ce65ed1b34bad9a22fd4365208b
cifar100_proser_fedavg__split02__seed4__d0.1,cifar100,d0.1,S,0.2,0.05,0.05,5,12,0,finite-sample-evidence-margin,1,1,1,1,1,0,12,10,7,3,1,0,10,margin,margin,0.7,27,234,27,0,0,0.18181818181818182,risk_ucb,0.35392584076977246,0.2,,,0.030023753461331276,25,42b2bee1faf6bcb2514cc886df26e70f43f93ce65ed1b34bad9a22fd4365208b
cifar100_proser_fedavg__split02__seed4__d0.1,cifar100,d0.1,B,0.2,0.05,0.05,5,12,0,selector-tradeoff,1,1,1,1,0,0,12,10,7,2,0,0,,,,,,,,,,,risk_ucb,,0.2,,,,32,42b2bee1faf6bcb2514cc886df26e70f43f93ce65ed1b34bad9a22fd4365208b
cifar100_proser_fedavg__split02__seed4__d0.5,cifar100,d0.5,H,0.2,0.05,0.05,5,12,0,finite-sample-evidence-margin,1,1,1,1,1,0,12,12,5,12,5,0,9,margin,margin,0.5,92,535,68,0,0,0.1864406779661017,holm_adjusted_pvalue,1.0,0.05,0.40858544200078506,5,0.1367108454380224,,d74742932ec8b70a16f07714729179bd22f53b7378a3c55d2d7488285adee8b7
cifar100_proser_fedavg__split02__seed4__d0.5,cifar100,d0.5,S,0.2,0.05,0.05,5,12,0,finite-sample-evidence-margin,1,1,1,1,1,0,12,12,5,11,5,0,9,margin,margin,0.5,92,535,68,0,0,0.1864406779661017,risk_ucb,0.30023150883374744,0.2,,,0.1367108454380224,25,d74742932ec8b70a16f07714729179bd22f53b7378a3c55d2d7488285adee8b7
cifar100_proser_fedavg__split02__seed4__d0.5,cifar100,d0.5,B,0.2,0.05,0.05,5,12,0,finite-sample-evidence-margin,1,1,1,1,1,0,12,12,5,11,5,0,9,margin,margin,0.5,92,535,68,0,0,0.1864406779661017,risk_ucb,0.3258667043422289,0.2,,,0.1294566878391349,32,d74742932ec8b70a16f07714729179bd22f53b7378a3c55d2d7488285adee8b7
cifar100_proser_fedavg__split02__seed4__d5.0,cifar100,d5,H,0.2,0.05,0.05,5,12,0,finite-sample-evidence-margin,1,1,1,1,1,0,12,12,7,12,7,0,1,proser,native,0.5,88,517,59,0,0,0.16981132075471697,holm_adjusted_pvalue,1.0,0.05,0.26066014688130773,5,0.12977465696205076,,bb3e629946c534b7321e9f39c8dce1f5adf589bb2236f50bc06f6973aeb143b6
cifar100_proser_fedavg__split02__seed4__d5.0,cifar100,d5,S,0.2,0.05,0.05,5,12,0,finite-sample-evidence-margin,1,1,1,1,1,0,12,12,7,12,7,0,1,proser,native,0.5,88,517,59,0,0,0.16981132075471697,risk_ucb,0.28552825512216246,0.2,,,0.12977465696205076,25,bb3e629946c534b7321e9f39c8dce1f5adf589bb2236f50bc06f6973aeb143b6
cifar100_proser_fedavg__split02__seed4__d5.0,cifar100,d5,B,0.2,0.05,0.05,5,12,0,finite-sample-evidence-margin,1,1,1,1,1,0,12,12,7,12,7,0,1,proser,native,0.5,88,517,59,0,0,0.16981132075471697,risk_ucb,0.3090764650532865,0.2,,,0.12269444253531374,32,bb3e629946c534b7321e9f39c8dce1f5adf589bb2236f50bc06f6973aeb143b6
cifar100_proser_fedavg__split03__seed0__d0.1,cifar100,d0.1,H,0.2,0.05,0.05,5,12,0,finite-sample-evidence-margin,1,1,1,1,1,0,12,12,8,9,5,0,10,margin,margin,0.7,66,372,31,0,0,0.13157894736842105,holm_adjusted_pvalue,0.9265232608543625,0.05,0.08422938735039659,2,0.09226809122691215,,60207884a97d6be63b72afa767e82645f2ae71b7402df34d6ec5b8f5cd25c4cf
cifar100_proser_fedavg__split03__seed0__d0.1,cifar100,d0.1,S,0.2,0.05,0.05,5,12,0,finite-sample-evidence-margin,1,1,1,1,1,0,12,12,8,7,3,0,10,margin,margin,0.7,66,372,31,0,0,0.13157894736842105,risk_ucb,0.2641701398665509,0.2,,,0.09226809122691215,25,60207884a97d6be63b72afa767e82645f2ae71b7402df34d6ec5b8f5cd25c4cf
cifar100_proser_fedavg__split03__seed0__d0.1,cifar100,d0.1,B,0.2,0.05,0.05,5,12,0,finite-sample-evidence-margin,1,1,1,1,1,0,12,12,8,6,2,0,10,margin,margin,0.7,66,372,31,0,0,0.13157894736842105,risk_ucb,0.29188676027992133,0.2,,,0.08626399141706638,32,60207884a97d6be63b72afa767e82645f2ae71b7402df34d6ec5b8f5cd25c4cf
cifar100_proser_fedavg__split03__seed0__d0.5,cifar100,d0.5,H,0.2,0.05,0.05,5,12,0,finite-sample-evidence-margin,1,1,1,1,1,0,12,12,6,12,6,0,2,proser,native,0.7,91,540,81,0,0,0.18269230769230768,holm_adjusted_pvalue,1.0,0.05,0.3835770427129284,6,0.13497382023620927,,9c57217a50172907d4e02845a6b9b6a1e19d19cf2269cd8e30e833bae4e44631
cifar100_proser_fedavg__split03__seed0__d0.5,cifar100,d0.5,S,0.2,0.05,0.05,5,12,0,finite-sample-evidence-margin,1,1,1,1,1,0,12,12,6,11,5,0,2,proser,native,0.7,91,540,81,0,0,0.18269230769230768,risk_ucb,0.3032628224234144,0.2,,,0.13497382023620927,25,9c57217a50172907d4e02845a6b9b6a1e19d19cf2269cd8e30e833bae4e44631
cifar100_proser_fedavg__split03__seed0__d0.5,cifar100,d0.5,B,0.2,0.05,0.05,5,12,0,finite-sample-evidence-margin,1,1,1,1,1,0,12,12,6,11,5,0,2,proser,native,0.7,91,540,81,0,0,0.18269230769230768,risk_ucb,0.3290934637108359,0.2,,,0.12776259345145724,32,9c57217a50172907d4e02845a6b9b6a1e19d19cf2269cd8e30e833bae4e44631
cifar100_proser_fedavg__split03__seed0__d5.0,cifar100,d5,H,0.2,0.05,0.05,5,12,0,finite-sample-evidence-margin,1,1,1,1,1,0,12,12,7,12,7,0,10,margin,margin,0.7,109,613,89,0,0,0.1732283464566929,holm_adjusted_pvalue,1.0,0.05,0.2643648714957572,5,0.16651941981501167,,bd9bbabdad5d4f09330545be9aaf9ae5f4239de60b2fb49501bafdda6a981e78
cifar100_proser_fedavg__split03__seed0__d5.0,cifar100,d5,S,0.2,0.05,0.05,5,12,0,finite-sample-evidence-margin,1,1,1,1,1,0,12,12,7,12,7,0,10,margin,margin,0.7,109,613,89,0,0,0.1732283464566929,risk_ucb,0.2782266478070745,0.2,,,0.16651941981501167,25,bd9bbabdad5d4f09330545be9aaf9ae5f4239de60b2fb49501bafdda6a981e78
cifar100_proser_fedavg__split03__seed0__d5.0,cifar100,d5,B,0.2,0.05,0.05,5,12,0,finite-sample-evidence-margin,1,1,1,1,1,0,12,12,7,12,7,0,10,margin,margin,0.7,109,613,89,0,0,0.1732283464566929,risk_ucb,0.30130385248052066,0.2,,,0.15858753442168752,32,bd9bbabdad5d4f09330545be9aaf9ae5f4239de60b2fb49501bafdda6a981e78
cifar100_proser_fedavg__split03__seed1__d0.1,cifar100,d0.1,H,0.2,0.05,0.05,5,12,0,finite-sample-evidence-margin,1,1,1,1,1,0,12,12,8,9,6,0,7,energy,energy,1.0,47,289,52,0,0,0.2,holm_adjusted_pvalue,1.0,0.05,0.5835594184660662,7,0.061021268059513314,,4a3b6ed81d97b02139ff319eb0b7846bf66c062c10224ee043df6697886d643c
cifar100_proser_fedavg__split03__seed1__d0.1,cifar100,d0.1,S,0.2,0.05,0.05,5,12,0,finite-sample-evidence-margin,1,1,1,1,1,0,12,12,8,7,5,0,7,energy,energy,1.0,47,289,52,0,0,0.2,risk_ucb,0.3849353471813214,0.2,,,0.061021268059513314,25,4a3b6ed81d97b02139ff319eb0b7846bf66c062c10224ee043df6697886d643c
cifar100_proser_fedavg__split03__seed1__d0.1,cifar100,d0.1,B,0.2,0.05,0.05,5,12,0,finite-sample-evidence-margin,1,1,1,1,1,0,12,12,8,7,5,0,7,energy,energy,1.0,47,289,52,0,0,0.2,risk_ucb,0.4213436981574045,0.2,,,0.056158036342589986,32,4a3b6ed81d97b02139ff319eb0b7846bf66c062c10224ee043df6697886d643c
cifar100_proser_fedavg__split03__seed1__d0.5,cifar100,d0.5,H,0.2,0.05,0.05,5,12,1,certified,1,1,1,1,1,1,12,12,9,10,7,1,8,margin,margin,0.3,28,177,2,0,0,0.02702702702702703,holm_adjusted_pvalue,0.03193262567998926,0.05,0.002661052139999105,1,0.03150404753784694,,2b213cfa9aef13f6d696234ed573d7ad24114c8ab9891f6934bf29fbac33b7d0
cifar100_proser_fedavg__split03__seed1__d0.5,cifar100,d0.5,S,0.2,0.05,0.05,5,12,1,certified,1,1,1,1,1,1,12,12,9,9,6,1,8,margin,margin,0.3,28,177,2,0,0,0.02702702702702703,risk_ucb,0.18884247802667384,0.2,,,0.03150404753784694,25,2b213cfa9aef13f6d696234ed573d7ad24114c8ab9891f6934bf29fbac33b7d0
cifar100_proser_fedavg__split03__seed1__d0.5,cifar100,d0.5,B,0.2,0.05,0.05,5,12,0,finite-sample-evidence-margin,1,1,1,1,1,0,12,12,9,8,5,0,10,margin,margin,0.7,80,460,45,0,0,0.16346153846153846,risk_ucb,0.30306842441944964,0.2,,,0.10928882773120824,32,2b213cfa9aef13f6d696234ed573d7ad24114c8ab9891f6934bf29fbac33b7d0
cifar100_proser_fedavg__split03__seed1__d5.0,cifar100,d5,H,0.2,0.05,0.05,5,12,0,finite-sample-evidence-margin,1,1,1,1,1,0,12,12,10,12,10,0,3,proser,native,1.0,108,688,105,0,0,0.18518518518518517,holm_adjusted_pvalue,1.0,0.05,0.40448529301809655,10,0.16475229402669117,,9c1880d5f68ce6507c00d96f2f2709a0fa68e89e145eed32e93962876406ddee
cifar100_proser_fedavg__split03__seed1__d5.0,cifar100,d5,S,0.2,0.05,0.05,5,12,0,finite-sample-evidence-margin,1,1,1,1,1,0,12,12,10,11,9,0,3,proser,native,1.0,108,688,105,0,0,0.18518518518518517,risk_ucb,0.30205247608266017,0.2,,,0.16475229402669117,25,9c1880d5f68ce6507c00d96f2f2709a0fa68e89e145eed32e93962876406ddee
cifar100_proser_fedavg__split03__seed1__d5.0,cifar100,d5,B,0.2,0.05,0.05,5,12,0,finite-sample-evidence-margin,1,1,1,1,1,0,12,12,10,11,9,0,3,proser,native,1.0,108,688,105,0,0,0.18518518518518517,risk_ucb,0.3256252261161583,0.2,,,0.15685771910815968,32,9c1880d5f68ce6507c00d96f2f2709a0fa68e89e145eed32e93962876406ddee
cifar100_proser_fedavg__split03__seed2__d0.1,cifar100,d0.1,H,0.2,0.05,0.05,5,12,0,selector-tradeoff,1,1,1,1,0,0,12,12,3,6,0,0,,,,,,,,,,,holm_adjusted_pvalue,,0.05,,,,,231b46e138fa9307f73aee6c8055e414bd8daffb11902ab5be01b120b0cc93a4
cifar100_proser_fedavg__split03__seed2__d0.1,cifar100,d0.1,S,0.2,0.05,0.05,5,12,0,selector-tradeoff,1,1,1,1,0,0,12,12,3,6,0,0,,,,,,,,,,,risk_ucb,,0.2,,,,25,231b46e138fa9307f73aee6c8055e414bd8daffb11902ab5be01b120b0cc93a4
cifar100_proser_fedavg__split03__seed2__d0.1,cifar100,d0.1,B,0.2,0.05,0.05,5,12,0,selector-tradeoff,1,1,1,1,0,0,12,12,3,4,0,0,,,,,,,,,,,risk_ucb,,0.2,,,,32,231b46e138fa9307f73aee6c8055e414bd8daffb11902ab5be01b120b0cc93a4
cifar100_proser_fedavg__split03__seed2__d0.5,cifar100,d0.5,H,0.2,0.05,0.05,5,12,0,finite-sample-evidence-margin,1,1,1,1,1,0,12,12,3,10,2,0,0,proser,native,0.3,37,221,17,0,0,0.17307692307692307,holm_adjusted_pvalue,1.0,0.05,0.3899563778518757,2,0.04519943425076474,,90d7728e43de17e5beac977bd9f8b0eccf47a446189e1fbe5a4af920ed690b2a
cifar100_proser_fedavg__split03__seed2__d0.5,cifar100,d0.5,S,0.2,0.05,0.05,5,12,0,finite-sample-evidence-margin,1,1,1,1,1,0,12,12,3,9,1,0,0,proser,native,0.3,37,221,17,0,0,0.17307692307692307,risk_ucb,0.34937619682531135,0.2,,,0.04519943425076474,25,90d7728e43de17e5beac977bd9f8b0eccf47a446189e1fbe5a4af920ed690b2a
cifar100_proser_fedavg__split03__seed2__d0.5,cifar100,d0.5,B,0.2,0.05,0.05,5,12,0,finite-sample-evidence-margin,1,1,1,1,1,0,12,12,3,9,1,0,0,proser,native,0.3,37,221,17,0,0,0.17307692307692307,risk_ucb,0.3848251489580112,0.2,,,0.041050566768592374,32,90d7728e43de17e5beac977bd9f8b0eccf47a446189e1fbe5a4af920ed690b2a
cifar100_proser_fedavg__split03__seed2__d5.0,cifar100,d5,H,0.2,0.05,0.05,5,12,0,finite-sample-evidence-margin,1,1,1,1,1,0,12,12,8,12,8,0,2,proser,native,0.7,89,495,50,0,0,0.16483516483516483,holm_adjusted_pvalue,1.0,0.05,0.2438215778803993,5,0.13150569982508795,,461d0fa7646f0572f808c91eb489c7fdb8b11eaf65e36bac51d3e1dd653b7221
cifar100_proser_fedavg__split03__seed2__d5.0,cifar100,d5,S,0.2,0.05,0.05,5,12,0,finite-sample-evidence-margin,1,1,1,1,1,0,12,12,8,12,8,0,2,proser,native,0.7,89,495,50,0,0,0.16483516483516483,risk_ucb,0.2903935020633246,0.2,,,0.13150569982508795,25,461d0fa7646f0572f808c91eb489c7fdb8b11eaf65e36bac51d3e1dd653b7221
cifar100_proser_fedavg__split03__seed2__d5.0,cifar100,d5,B,0.2,0.05,0.05,5,12,0,finite-sample-evidence-margin,1,1,1,1,1,0,12,12,8,11,7,0,2,proser,native,0.7,89,495,50,0,0,0.16483516483516483,risk_ucb,0.31602031303754513,0.2,,,0.12438143983861176,32,461d0fa7646f0572f808c91eb489c7fdb8b11eaf65e36bac51d3e1dd653b7221
cifar100_proser_fedavg__split03__seed3__d0.1,cifar100,d0.1,H,0.2,0.05,0.05,5,12,0,finite-sample-evidence-margin,1,1,1,1,1,0,12,12,8,9,5,0,10,margin,margin,0.7,51,377,46,0,0,0.1728395061728395,holm_adjusted_pvalue,1.0,0.05,0.3264279475764504,4,0.06748656987283631,,c637e4817f4faaa740c662141e043e6f01b24343fa9e4b6397a365f35f1b75ae
cifar100_proser_fedavg__split03__seed3__d0.1,cifar100,d0.1,S,0.2,0.05,0.05,5,12,0,finite-sample-evidence-margin,1,1,1,1,1,0,12,12,8,7,3,0,10,margin,margin,0.7,51,377,46,0,0,0.1728395061728395,risk_ucb,0.30867919482321693,0.2,,,0.06748656987283631,25,c637e4817f4faaa740c662141e043e6f01b24343fa9e4b6397a365f35f1b75ae
cifar100_proser_fedavg__split03__seed3__d0.1,cifar100,d0.1,B,0.2,0.05,0.05,5,12,0,finite-sample-evidence-margin,1,1,1,1,1,0,12,12,8,6,2,0,10,margin,margin,0.7,51,377,46,0,0,0.1728395061728395,risk_ucb,0.3432790210958228,0.2,,,0.0623624267160622,32,c637e4817f4faaa740c662141e043e6f01b24343fa9e4b6397a365f35f1b75ae
cifar100_proser_fedavg__split03__seed3__d0.5,cifar100,d0.5,H,0.2,0.05,0.05,5,12,0,finite-sample-evidence-margin,1,1,1,1,1,0,12,12,8,11,7,0,10,margin,margin,0.7,79,459,56,0,0,0.17721518987341772,holm_adjusted_pvalue,1.0,0.05,0.3667551073287457,6,0.11429096820363392,,22b06239db95a7afa08c4338e0babc04f9f038c51118ca4e7c78f98b5364d338
cifar100_proser_fedavg__split03__seed3__d0.5,cifar100,d0.5,S,0.2,0.05,0.05,5,12,0,finite-sample-evidence-margin,1,1,1,1,1,0,12,12,8,10,6,0,10,margin,margin,0.7,79,459,56,0,0,0.17721518987341772,risk_ucb,0.31579992308883653,0.2,,,0.11429096820363392,25,22b06239db95a7afa08c4338e0babc04f9f038c51118ca4e7c78f98b5364d338
cifar100_proser_fedavg__split03__seed3__d0.5,cifar100,d0.5,B,0.2,0.05,0.05,5,12,0,finite-sample-evidence-margin,1,1,1,1,1,0,12,12,8,10,6,0,10,margin,margin,0.7,79,459,56,0,0,0.17721518987341772,risk_ucb,0.3438331068593588,0.2,,,0.10762497413253753,32,22b06239db95a7afa08c4338e0babc04f9f038c51118ca4e7c78f98b5364d338
cifar100_proser_fedavg__split03__seed3__d5.0,cifar100,d5,H,0.2,0.05,0.05,5,12,0,finite-sample-evidence-margin,1,1,1,1,1,0,12,12,6,12,6,0,9,margin,margin,0.5,79,502,61,0,0,0.17721518987341772,holm_adjusted_pvalue,1.0,0.05,0.3667551073287457,6,0.11429096820363392,,e8058835c704e53c778b27a091a0e351a7cb3572a46a891a62ef15b9ac6e2b05
cifar100_proser_fedavg__split03__seed3__d5.0,cifar100,d5,S,0.2,0.05,0.05,5,12,0,finite-sample-evidence-margin,1,1,1,1,1,0,12,12,6,12,6,0,9,margin,margin,0.5,79,502,61,0,0,0.17721518987341772,risk_ucb,0.31579992308883653,0.2,,,0.11429096820363392,25,e8058835c704e53c778b27a091a0e351a7cb3572a46a891a62ef15b9ac6e2b05
cifar100_proser_fedavg__split03__seed3__d5.0,cifar100,d5,B,0.2,0.05,0.05,5,12,0,finite-sample-evidence-margin,1,1,1,1,1,0,12,12,6,11,5,0,9,margin,margin,0.5,79,502,61,0,0,0.17721518987341772,risk_ucb,0.3438331068593588,0.2,,,0.10762497413253753,32,e8058835c704e53c778b27a091a0e351a7cb3572a46a891a62ef15b9ac6e2b05
cifar100_proser_fedavg__split03__seed4__d0.1,cifar100,d0.1,H,0.2,0.05,0.05,5,12,0,selector-tradeoff,1,1,1,1,0,0,12,12,2,5,0,0,,,,,,,,,,,holm_adjusted_pvalue,,0.05,,,,,9aa634a7bd91fe31622709275d28566320ee18860fdf690f1c5efc5baeea4a90
cifar100_proser_fedavg__split03__seed4__d0.1,cifar100,d0.1,S,0.2,0.05,0.05,5,12,0,selector-tradeoff,1,1,1,1,0,0,12,12,2,4,0,0,,,,,,,,,,,risk_ucb,,0.2,,,,25,9aa634a7bd91fe31622709275d28566320ee18860fdf690f1c5efc5baeea4a90
cifar100_proser_fedavg__split03__seed4__d0.1,cifar100,d0.1,B,0.2,0.05,0.05,5,12,0,selector-tradeoff,1,1,1,1,0,0,12,12,2,2,0,0,,,,,,,,,,,risk_ucb,,0.2,,,,32,9aa634a7bd91fe31622709275d28566320ee18860fdf690f1c5efc5baeea4a90
cifar100_proser_fedavg__split03__seed4__d0.5,cifar100,d0.5,H,0.2,0.05,0.05,5,12,0,finite-sample-evidence-margin,1,1,1,1,1,0,12,12,2,12,2,0,8,margin,margin,0.3,40,258,20,0,0,0.175,holm_adjusted_pvalue,1.0,0.05,0.43714589798741055,2,0.0498886833833274,,b05be22e95f5dd31bd0ae2c4994022a13ace3081e704826366a443a1a756ae38
cifar100_proser_fedavg__split03__seed4__d0.5,cifar100,d0.5,S,0.2,0.05,0.05,5,12,0,finite-sample-evidence-margin,1,1,1,1,1,0,12,12,2,12,2,0,8,margin,margin,0.3,40,258,20,0,0,0.175,risk_ucb,0.38132840219877423,0.2,,,0.0498886833833274,25,b05be22e95f5dd31bd0ae2c4994022a13ace3081e704826366a443a1a756ae38
cifar100_proser_fedavg__split03__seed4__d0.5,cifar100,d0.5,B,0.2,0.05,0.05,5,12,0,finite-sample-evidence-margin,1,1,1,1,1,0,12,12,2,11,1,0,8,margin,margin,0.3,40,258,20,0,0,0.175,risk_ucb,0.4222732342993278,0.2,,,0.04551513251144455,32,b05be22e95f5dd31bd0ae2c4994022a13ace3081e704826366a443a1a756ae38
cifar100_proser_fedavg__split03__seed4__d5.0,cifar100,d5,H,0.2,0.05,0.05,5,12,0,finite-sample-evidence-margin,1,1,1,1,1,0,12,12,6,12,6,0,1,proser,native,0.5,68,474,56,0,0,0.15463917525773196,holm_adjusted_pvalue,1.0,0.05,0.16101842101984037,3,0.09562685087665634,,518bee4a7b3484e3ba71a9ef21906318c3bcb0708484ba6a6ba8e73ad3d87daf
cifar100_proser_fedavg__split03__seed4__d5.0,cifar100,d5,S,0.2,0.05,0.05,5,12,0,finite-sample-evidence-margin,1,1,1,1,1,0,12,12,6,11,5,0,1,proser,native,0.5,68,474,56,0,0,0.15463917525773196,risk_ucb,0.2737613540782511,0.2,,,0.09562685087665634,25,518bee4a7b3484e3ba71a9ef21906318c3bcb0708484ba6a6ba8e73ad3d87daf
cifar100_proser_fedavg__split03__seed4__d5.0,cifar100,d5,B,0.2,0.05,0.05,5,12,0,finite-sample-evidence-margin,1,1,1,1,1,0,12,12,6,11,5,0,1,proser,native,0.5,68,474,56,0,0,0.15463917525773196,risk_ucb,0.2982387989682028,0.2,,,0.08951548055078719,32,518bee4a7b3484e3ba71a9ef21906318c3bcb0708484ba6a6ba8e73ad3d87daf
cifar100_proser_fedavg__split04__seed0__d0.1,cifar100,d0.1,H,0.2,0.05,0.05,5,12,0,selector-tradeoff,1,1,1,1,0,0,10,10,2,6,0,0,,,,,,,,,,,holm_adjusted_pvalue,,0.05,,,,,7a6693bce600fa8cef7d8f11abbc61040b4cc242b1338a25eec5c0a11ceaae05
cifar100_proser_fedavg__split04__seed0__d0.1,cifar100,d0.1,S,0.2,0.05,0.05,5,12,0,selector-tradeoff,1,1,1,1,0,0,10,10,2,6,0,0,,,,,,,,,,,risk_ucb,,0.2,,,,25,7a6693bce600fa8cef7d8f11abbc61040b4cc242b1338a25eec5c0a11ceaae05
cifar100_proser_fedavg__split04__seed0__d0.1,cifar100,d0.1,B,0.2,0.05,0.05,5,12,0,selector-tradeoff,1,1,1,1,0,0,10,10,2,3,0,0,,,,,,,,,,,risk_ucb,,0.2,,,,32,7a6693bce600fa8cef7d8f11abbc61040b4cc242b1338a25eec5c0a11ceaae05
cifar100_proser_fedavg__split04__seed0__d0.5,cifar100,d0.5,H,0.2,0.05,0.05,5,12,0,finite-sample-evidence-margin,1,1,1,1,1,0,12,12,8,12,8,0,10,margin,margin,0.7,96,520,65,0,0,0.1836734693877551,holm_adjusted_pvalue,1.0,0.05,0.39977881520102704,7,0.14367813470053795,,4f2251801c837e716865e5ca29724d3a29288597a66dcbf65882f5182493c3ac
cifar100_proser_fedavg__split04__seed0__d0.5,cifar100,d0.5,S,0.2,0.05,0.05,5,12,0,finite-sample-evidence-margin,1,1,1,1,1,0,12,12,8,12,8,0,10,margin,margin,0.7,96,520,65,0,0,0.1836734693877551,risk_ucb,0.3069992606535331,0.2,,,0.14367813470053795,25,4f2251801c837e716865e5ca29724d3a29288597a66dcbf65882f5182493c3ac
cifar100_proser_fedavg__split04__seed0__d0.5,cifar100,d0.5,B,0.2,0.05,0.05,5,12,0,finite-sample-evidence-margin,1,1,1,1,1,0,12,12,8,12,8,0,10,margin,margin,0.7,96,520,65,0,0,0.1836734693877551,risk_ucb,0.3318882678345866,0.2,,,0.13625583189029453,32,4f2251801c837e716865e5ca29724d3a29288597a66dcbf65882f5182493c3ac
cifar100_proser_fedavg__split04__seed0__d5.0,cifar100,d5,H,0.2,0.05,0.05,5,12,1,certified,1,1,1,1,1,1,12,12,10,12,10,3,9,margin,margin,0.5,87,500,31,0,0,0.08247422680412371,holm_adjusted_pvalue,0.0144843630005081,0.05,0.0013167602727734637,2,0.1280456618010333,,04216a3fca52beda3b685a7e910195b478f7419f19a918ead36e9b8aeebb1389
cifar100_proser_fedavg__split04__seed0__d5.0,cifar100,d5,S,0.2,0.05,0.05,5,12,1,certified,1,1,1,1,1,1,12,12,10,11,9,3,9,margin,margin,0.5,87,500,31,0,0,0.08247422680412371,risk_ucb,0.1839150524217331,0.2,,,0.1280456618010333,25,04216a3fca52beda3b685a7e910195b478f7419f19a918ead36e9b8aeebb1389
cifar100_proser_fedavg__split04__seed0__d5.0,cifar100,d5,B,0.2,0.05,0.05,5,12,1,certified,1,1,1,1,1,1,12,12,10,11,9,1,0,proser,native,0.3,61,348,10,0,0,0.0410958904109589,risk_ucb,0.1737336772930003,0.2,,,0.07819710214775345,32,04216a3fca52beda3b685a7e910195b478f7419f19a918ead36e9b8aeebb1389
cifar100_proser_fedavg__split04__seed1__d0.1,cifar100,d0.1,H,0.2,0.05,0.05,5,12,0,selector-tradeoff,1,1,1,1,0,0,12,12,3,4,0,0,,,,,,,,,,,holm_adjusted_pvalue,,0.05,,,,,56c951db94ed7e99958265fd3989a78f4e1728ea3bda1c82dc570fe884d0cdb9
cifar100_proser_fedavg__split04__seed1__d0.1,cifar100,d0.1,S,0.2,0.05,0.05,5,12,0,selector-tradeoff,1,1,1,1,0,0,12,12,3,3,0,0,,,,,,,,,,,risk_ucb,,0.2,,,,25,56c951db94ed7e99958265fd3989a78f4e1728ea3bda1c82dc570fe884d0cdb9
cifar100_proser_fedavg__split04__seed1__d0.1,cifar100,d0.1,B,0.2,0.05,0.05,5,12,0,selector-tradeoff,1,1,1,1,0,0,12,12,3,2,0,0,,,,,,,,,,,risk_ucb,,0.2,,,,32,56c951db94ed7e99958265fd3989a78f4e1728ea3bda1c82dc570fe884d0cdb9
cifar100_proser_fedavg__split04__seed1__d0.5,cifar100,d0.5,H,0.2,0.05,0.05,5,12,1,certified,1,1,1,1,1,1,12,12,8,12,8,1,0,proser,native,0.3,29,221,3,0,0,0.05084745762711865,holm_adjusted_pvalue,0.018569100589280695,0.05,0.0015474250491067246,1,0.03299367095597644,,abe8995c2854fe925198fc2a679c1f5f1d4916424694c35959898ec16bb64916
cifar100_proser_fedavg__split04__seed1__d0.5,cifar100,d0.5,S,0.2,0.05,0.05,5,12,1,certified,1,1,1,1,1,1,12,12,8,11,8,1,0,proser,native,0.3,29,221,3,0,0,0.05084745762711865,risk_ucb,0.17735353056283543,0.2,,,0.03299367095597644,25,abe8995c2854fe925198fc2a679c1f5f1d4916424694c35959898ec16bb64916
cifar100_proser_fedavg__split04__seed1__d0.5,cifar100,d0.5,B,0.2,0.05,0.05,5,12,0,finite-sample-evidence-margin,1,1,1,1,1,0,12,12,8,9,6,0,10,margin,margin,0.7,84,521,53,0,0,0.17,risk_ucb,0.3140793229869209,0.2,,,0.11597108114813345,32,abe8995c2854fe925198fc2a679c1f5f1d4916424694c35959898ec16bb64916
cifar100_proser_fedavg__split04__seed1__d5.0,cifar100,d5,H,0.2,0.05,0.05,5,12,1,certified,1,1,1,1,1,1,12,12,9,11,8,2,0,proser,native,0.3,56,332,12,0,0,0.0641025641025641,holm_adjusted_pvalue,0.008376970094865615,0.05,0.0007615427358968741,2,0.07565967752991612,,7370664d0eed5aa556be5a5fb882ebff0496a0c71343f6bb71eb0415f3404929
cifar100_proser_fedavg__split04__seed1__d5.0,cifar100,d5,S,0.2,0.05,0.05,5,12,1,certified,1,1,1,1,1,1,12,12,9,11,8,2,0,proser,native,0.3,56,332,12,0,0,0.0641025641025641,risk_ucb,0.17396469642223483,0.2,,,0.07565967752991612,25,7370664d0eed5aa556be5a5fb882ebff0496a0c71343f6bb71eb0415f3404929
cifar100_proser_fedavg__split04__seed1__d5.0,cifar100,d5,B,0.2,0.05,0.05,5,12,1,certified,1,1,1,1,1,1,12,12,9,11,8,2,0,proser,native,0.3,56,332,12,0,0,0.0641025641025641,risk_ucb,0.19867621575387862,0.2,,,0.07022614197905919,32,7370664d0eed5aa556be5a5fb882ebff0496a0c71343f6bb71eb0415f3404929
cifar100_proser_fedavg__split04__seed2__d0.1,cifar100,d0.1,H,0.2,0.05,0.05,5,12,0,selector-tradeoff,1,1,1,1,0,0,12,12,2,10,0,0,,,,,,,,,,,holm_adjusted_pvalue,,0.05,,,,,e687695d2fbad29f2992b8d1e95f9c6827a1d0b0dde5dcbad6b22280c8746b91
cifar100_proser_fedavg__split04__seed2__d0.1,cifar100,d0.1,S,0.2,0.05,0.05,5,12,0,selector-tradeoff,1,1,1,1,0,0,12,12,2,7,0,0,,,,,,,,,,,risk_ucb,,0.2,,,,25,e687695d2fbad29f2992b8d1e95f9c6827a1d0b0dde5dcbad6b22280c8746b91
cifar100_proser_fedavg__split04__seed2__d0.1,cifar100,d0.1,B,0.2,0.05,0.05,5,12,0,selector-tradeoff,1,1,1,1,0,0,12,12,2,7,0,0,,,,,,,,,,,risk_ucb,,0.2,,,,32,e687695d2fbad29f2992b8d1e95f9c6827a1d0b0dde5dcbad6b22280c8746b91
cifar100_proser_fedavg__split04__seed2__d0.5,cifar100,d0.5,H,0.2,0.05,0.05,5,12,0,finite-sample-evidence-margin,1,1,1,1,1,0,12,12,9,12,9,0,2,proser,native,0.7,102,570,77,0,0,0.18487394957983194,holm_adjusted_pvalue,1.0,0.05,0.39105240906276517,8,0.1541841332424806,,56386072d6d9c923b1bff6630cea37052a681bd363ad2f16160e941cb4593473
cifar100_proser_fedavg__split04__seed2__d0.5,cifar100,d0.5,S,0.2,0.05,0.05,5,12,0,finite-sample-evidence-margin,1,1,1,1,1,0,12,12,9,11,8,0,2,proser,native,0.7,102,570,77,0,0,0.18487394957983194,risk_ucb,0.295403282089574,0.2,,,0.1541841332424806,25,56386072d6d9c923b1bff6630cea37052a681bd363ad2f16160e941cb4593473
cifar100_proser_fedavg__split04__seed2__d0.5,cifar100,d0.5,B,0.2,0.05,0.05,5,12,0,finite-sample-evidence-margin,1,1,1,1,1,0,12,12,9,11,8,0,2,proser,native,0.7,102,570,77,0,0,0.18487394957983194,risk_ucb,0.31770281751817603,0.2,,,0.1465198883419557,32,56386072d6d9c923b1bff6630cea37052a681bd363ad2f16160e941cb4593473
cifar100_proser_fedavg__split04__seed2__d5.0,cifar100,d5,H,0.2,0.05,0.05,5,12,0,finite-sample-evidence-margin,1,1,1,1,1,0,12,12,9,12,9,0,10,margin,margin,0.7,85,558,87,0,0,0.1834862385321101,holm_adjusted_pvalue,1.0,0.05,0.3862371223027177,9,0.1245939277297803,,f08ddcf6e756eb406d37c23d18436667f616734612898dca652d7cf89d451213
cifar100_proser_fedavg__split04__seed2__d5.0,cifar100,d5,S,0.2,0.05,0.05,5,12,0,finite-sample-evidence-margin,1,1,1,1,1,0,12,12,9,12,9,0,10,margin,margin,0.7,85,558,87,0,0,0.1834862385321101,risk_ucb,0.29948751348478003,0.2,,,0.1245939277297803,25,f08ddcf6e756eb406d37c23d18436667f616734612898dca652d7cf89d451213
cifar100_proser_fedavg__split04__seed2__d5.0,cifar100,d5,B,0.2,0.05,0.05,5,12,0,finite-sample-evidence-margin,1,1,1,1,1,0,12,12,9,12,9,0,10,margin,margin,0.7,85,558,87,0,0,0.1834862385321101,risk_ucb,0.3229080679629224,0.2,,,0.1176481589409964,32,f08ddcf6e756eb406d37c23d18436667f616734612898dca652d7cf89d451213
cifar100_proser_fedavg__split04__seed3__d0.1,cifar100,d0.1,H,0.2,0.05,0.05,5,12,0,finite-sample-evidence-margin,1,1,1,1,1,0,12,12,4,9,2,0,9,margin,margin,0.5,49,274,23,0,0,0.1836734693877551,holm_adjusted_pvalue,1.0,0.05,0.471704214326615,2,0.06424528064337826,,5ff889198fa795fbe5defa9abc61702d842a66a589c37f8c5faa495510febfac
cifar100_proser_fedavg__split04__seed3__d0.1,cifar100,d0.1,S,0.2,0.05,0.05,5,12,0,finite-sample-evidence-margin,1,1,1,1,1,0,12,12,4,9,2,0,9,margin,margin,0.5,49,274,23,0,0,0.1836734693877551,risk_ucb,0.3681715808442262,0.2,,,0.06424528064337826,25,5ff889198fa795fbe5defa9abc61702d842a66a589c37f8c5faa495510febfac
cifar100_proser_fedavg__split04__seed3__d0.1,cifar100,d0.1,B,0.2,0.05,0.05,5,12,0,finite-sample-evidence-margin,1,1,1,1,1,0,12,12,4,7,1,0,9,margin,margin,0.5,49,274,23,0,0,0.1836734693877551,risk_ucb,0.4048939073092815,0.2,,,0.059250014961671184,32,5ff889198fa795fbe5defa9abc61702d842a66a589c37f8c5faa495510febfac
cifar100_proser_fedavg__split04__seed3__d0.5,cifar100,d0.5,H,0.2,0.05,0.05,5,12,0,finite-sample-evidence-margin,1,1,1,1,1,0,12,12,8,12,8,0,2,proser,native,0.7,92,510,79,0,0,0.1956521739130435,holm_adjusted_pvalue,1.0,0.05,0.5208427887233597,7,0.1367108454380224,,57b690c7ecb002798ee9ef4d4d93bd00f73ea5cdda02af270ef6b516a053013b
cifar100_proser_fedavg__split04__seed3__d0.5,cifar100,d0.5,S,0.2,0.05,0.05,5,12,0,finite-sample-evidence-margin,1,1,1,1,1,0,12,12,8,12,8,0,2,proser,native,0.7,92,510,79,0,0,0.1956521739130435,risk_ucb,0.3253294795028962,0.2,,,0.1367108454380224,25,57b690c7ecb002798ee9ef4d4d93bd00f73ea5cdda02af270ef6b516a053013b
cifar100_proser_fedavg__split04__seed3__d0.5,cifar100,d0.5,B,0.2,0.05,0.05,5,12,0,finite-sample-evidence-margin,1,1,1,1,1,0,12,12,8,12,8,0,2,proser,native,0.7,92,510,79,0,0,0.1956521739130435,risk_ucb,0.3513099455250866,0.2,,,0.1294566878391349,32,57b690c7ecb002798ee9ef4d4d93bd00f73ea5cdda02af270ef6b516a053013b
cifar100_proser_fedavg__split04__seed3__d5.0,cifar100,d5,H,0.2,0.05,0.05,5,12,0,finite-sample-evidence-margin,1,1,1,1,1,0,12,12,9,12,9,0,10,margin,margin,0.7,124,674,99,0,0,0.17647058823529413,holm_adjusted_pvalue,1.0,0.05,0.2863301443982213,7,0.19321030734982822,,412bf170db37caa10ec5560f56c09271d3df2588a73fcf7fe4bb749f71a1df25
cifar100_proser_fedavg__split04__seed3__d5.0,cifar100,d5,S,0.2,0.05,0.05,5,12,0,finite-sample-evidence-margin,1,1,1,1,1,0,12,12,9,12,9,0,10,margin,margin,0.7,124,674,99,0,0,0.17647058823529413,risk_ucb,0.2777272747518304,0.2,,,0.19321030734982822,25,412bf170db37caa10ec5560f56c09271d3df2588a73fcf7fe4bb749f71a1df25
cifar100_proser_fedavg__split04__seed3__d5.0,cifar100,d5,B,0.2,0.05,0.05,5,12,0,finite-sample-evidence-margin,1,1,1,1,1,0,12,12,9,12,9,0,10,margin,margin,0.7,124,674,99,0,0,0.17647058823529413,risk_ucb,0.2982393256417638,0.2,,,0.184753200303743,32,412bf170db37caa10ec5560f56c09271d3df2588a73fcf7fe4bb749f71a1df25
cifar100_proser_fedavg__split04__seed4__d0.1,cifar100,d0.1,H,0.2,0.05,0.05,5,12,0,finite-sample-evidence-margin,1,1,1,1,1,0,10,10,7,5,3,0,7,energy,energy,1.0,49,289,48,0,0,0.1891891891891892,holm_adjusted_pvalue,1.0,0.05,0.47691909025899876,4,0.06424528064337826,,034bbc3ebe8576ec78f1f5f4593a79d4b0f54b8028cc65619e90a33a5f485eae
cifar100_proser_fedavg__split04__seed4__d0.1,cifar100,d0.1,S,0.2,0.05,0.05,5,12,0,finite-sample-evidence-margin,1,1,1,1,1,0,10,10,7,5,3,0,7,energy,energy,1.0,49,289,48,0,0,0.1891891891891892,risk_ucb,0.35972704262548927,0.2,,,0.06424528064337826,25,034bbc3ebe8576ec78f1f5f4593a79d4b0f54b8028cc65619e90a33a5f485eae
cifar100_proser_fedavg__split04__seed4__d0.1,cifar100,d0.1,B,0.2,0.05,0.05,5,12,0,finite-sample-evidence-margin,1,1,1,1,1,0,10,10,7,3,1,0,7,energy,energy,1.0,49,289,48,0,0,0.1891891891891892,risk_ucb,0.39455517018416375,0.2,,,0.059250014961671184,32,034bbc3ebe8576ec78f1f5f4593a79d4b0f54b8028cc65619e90a33a5f485eae
cifar100_proser_fedavg__split04__seed4__d0.5,cifar100,d0.5,H,0.2,0.05,0.05,5,12,0,finite-sample-evidence-margin,1,1,1,1,1,0,12,12,7,12,7,0,9,margin,margin,0.5,90,488,62,0,0,0.1595744680851064,holm_adjusted_pvalue,1.0,0.05,0.19937016262033688,4,0.13323876309562074,,b138e9aa335a92db54187b8d2e2a3ced62e4594759b97bb8eb8f670a5305806e
cifar100_proser_fedavg__split04__seed4__d0.5,cifar100,d0.5,S,0.2,0.05,0.05,5,12,0,finite-sample-evidence-margin,1,1,1,1,1,0,12,12,7,12,7,0,9,margin,margin,0.5,90,488,62,0,0,0.1595744680851064,risk_ucb,0.2818337991529284,0.2,,,0.13323876309562074,25,b138e9aa335a92db54187b8d2e2a3ced62e4594759b97bb8eb8f670a5305806e
cifar100_proser_fedavg__split04__seed4__d0.5,cifar100,d0.5,B,0.2,0.05,0.05,5,12,0,finite-sample-evidence-margin,1,1,1,1,1,0,12,12,7,11,6,0,9,margin,margin,0.5,90,488,62,0,0,0.1595744680851064,risk_ucb,0.3068743967756274,0.2,,,0.12607083394093965,32,b138e9aa335a92db54187b8d2e2a3ced62e4594759b97bb8eb8f670a5305806e
cifar100_proser_fedavg__split04__seed4__d5.0,cifar100,d5,H,0.2,0.05,0.05,5,12,0,finite-sample-evidence-margin,1,1,1,1,1,0,12,12,3,12,3,0,8,margin,margin,0.3,68,373,34,0,0,0.11764705882352941,holm_adjusted_pvalue,0.6571416876103666,0.05,0.054761807300863885,1,0.09562685087665634,,987928c2af5b41c39fb70e5922015113d49b5024e34627e7639ec57e26641876
cifar100_proser_fedavg__split04__seed4__d5.0,cifar100,d5,S,0.2,0.05,0.05,5,12,0,finite-sample-evidence-margin,1,1,1,1,1,0,12,12,3,12,3,0,8,margin,margin,0.3,68,373,34,0,0,0.11764705882352941,risk_ucb,0.25598601398395443,0.2,,,0.09562685087665634,25,987928c2af5b41c39fb70e5922015113d49b5024e34627e7639ec57e26641876
cifar100_proser_fedavg__split04__seed4__d5.0,cifar100,d5,B,0.2,0.05,0.05,5,12,0,finite-sample-evidence-margin,1,1,1,1,1,0,12,12,3,11,2,0,8,margin,margin,0.3,68,373,34,0,0,0.11764705882352941,risk_ucb,0.28525102522577994,0.2,,,0.08951548055078719,32,987928c2af5b41c39fb70e5922015113d49b5024e34627e7639ec57e26641876
cifar100_proser_fedavg__split05__seed0__d0.1,cifar100,d0.1,H,0.2,0.05,0.05,5,12,0,finite-sample-evidence-margin,1,1,1,1,1,0,12,12,2,8,1,0,9,margin,margin,0.5,33,238,24,0,0,0.18181818181818182,holm_adjusted_pvalue,1.0,0.05,0.5004174538404857,1,0.03903700895926684,,8c6a66aa77cb61d76317dd67efbc0ea8e4374f95a5be3ae08e9580826e5f6666
cifar100_proser_fedavg__split05__seed0__d0.1,cifar100,d0.1,S,0.2,0.05,0.05,5,12,0,finite-sample-evidence-margin,1,1,1,1,1,0,12,12,2,7,1,0,9,margin,margin,0.5,33,238,24,0,0,0.18181818181818182,risk_ucb,0.4142710000798006,0.2,,,0.03903700895926684,25,8c6a66aa77cb61d76317dd67efbc0ea8e4374f95a5be3ae08e9580826e5f6666
cifar100_proser_fedavg__split05__seed0__d0.1,cifar100,d0.1,B,0.2,0.05,0.05,5,12,0,finite-sample-evidence-margin,1,1,1,1,1,0,12,12,2,6,1,0,9,margin,margin,0.5,33,238,24,0,0,0.18181818181818182,risk_ucb,0.4595448491144717,0.2,,,0.035203877544300675,32,8c6a66aa77cb61d76317dd67efbc0ea8e4374f95a5be3ae08e9580826e5f6666
cifar100_proser_fedavg__split05__seed0__d0.5,cifar100,d0.5,H,0.2,0.05,0.05,5,12,0,finite-sample-evidence-margin,1,1,1,1,1,0,12,12,5,12,5,0,10,margin,margin,0.7,91,530,78,0,0,0.18421052631578946,holm_adjusted_pvalue,1.0,0.05,0.388722826292528,3,0.13497382023620927,,671b998f098e8ca16f40e58ed713fcbc844a32c27255c24dcc369d9dd0b0c927
cifar100_proser_fedavg__split05__seed0__d0.5,cifar100,d0.5,S,0.2,0.05,0.05,5,12,0,finite-sample-evidence-margin,1,1,1,1,1,0,12,12,5,11,5,0,10,margin,margin,0.7,91,530,78,0,0,0.18421052631578946,risk_ucb,0.3032628224234144,0.2,,,0.13497382023620927,25,671b998f098e8ca16f40e58ed713fcbc844a32c27255c24dcc369d9dd0b0c927
cifar100_proser_fedavg__split05__seed0__d0.5,cifar100,d0.5,B,0.2,0.05,0.05,5,12,0,finite-sample-evidence-margin,1,1,1,1,1,0,12,12,5,11,5,0,10,margin,margin,0.7,91,530,78,0,0,0.18421052631578946,risk_ucb,0.3290934637108359,0.2,,,0.12776259345145724,32,671b998f098e8ca16f40e58ed713fcbc844a32c27255c24dcc369d9dd0b0c927
cifar100_proser_fedavg__split05__seed0__d5.0,cifar100,d5,H,0.2,0.05,0.05,5,12,0,finite-sample-evidence-margin,1,1,1,1,1,0,12,12,7,12,7,0,2,proser,native,0.7,103,639,103,0,0,0.2,holm_adjusted_pvalue,1.0,0.05,0.5494777201259335,7,0.15594128738219837,,6a55e606398da78cbed86cf251e2c51105bd6cce5ff106c98dc84195cb7a9fba
cifar100_proser_fedavg__split05__seed0__d5.0,cifar100,d5,S,0.2,0.05,0.05,5,12,0,finite-sample-evidence-margin,1,1,1,1,1,0,12,12,7,11,7,0,2,proser,native,0.7,103,639,103,0,0,0.2,risk_ucb,0.3007576540024888,0.2,,,0.15594128738219837,25,6a55e606398da78cbed86cf251e2c51105bd6cce5ff106c98dc84195cb7a9fba
cifar100_proser_fedavg__split05__seed0__d5.0,cifar100,d5,B,0.2,0.05,0.05,5,12,0,finite-sample-evidence-margin,1,1,1,1,1,0,12,12,7,11,7,0,2,proser,native,0.7,103,639,103,0,0,0.2,risk_ucb,0.32092752369328775,0.2,,,0.14823786811815853,32,6a55e606398da78cbed86cf251e2c51105bd6cce5ff106c98dc84195cb7a9fba
cifar100_proser_fedavg__split05__seed1__d0.1,cifar100,d0.1,H,0.2,0.05,0.05,5,12,0,finite-sample-evidence-margin,1,1,1,1,1,0,12,12,7,12,7,0,10,margin,margin,0.7,67,359,50,0,0,0.2,holm_adjusted_pvalue,1.0,0.05,0.5708769645178051,7,0.09394603756004245,,de50aa60f7737ee0742dbdd7c5f959524d8e241b23f655e9ee192de20746e90a
cifar100_proser_fedavg__split05__seed1__d0.1,cifar100,d0.1,S,0.2,0.05,0.05,5,12,0,finite-sample-evidence-margin,1,1,1,1,1,0,12,12,7,10,5,0,10,margin,margin,0.7,67,359,50,0,0,0.2,risk_ucb,0.352329917793381,0.2,,,0.09394603756004245,25,de50aa60f7737ee0742dbdd7c5f959524d8e241b23f655e9ee192de20746e90a
cifar100_proser_fedavg__split05__seed1__d0.1,cifar100,d0.1,B,0.2,0.05,0.05,5,12,0,finite-sample-evidence-margin,1,1,1,1,1,0,12,12,7,8,3,0,10,margin,margin,0.7,67,359,50,0,0,0.2,risk_ucb,0.382643230342307,0.2,,,0.08788803742934316,32,de50aa60f7737ee0742dbdd7c5f959524d8e241b23f655e9ee192de20746e90a
cifar100_proser_fedavg__split05__seed1__d0.5,cifar100,d0.5,H,0.2,0.05,0.05,5,12,0,finite-sample-evidence-margin,1,1,1,1,1,0,12,11,9,11,9,0,3,proser,native,1.0,126,673,104,0,0,0.1984126984126984,holm_adjusted_pvalue,1.0,0.05,0.5354728303026653,9,0.1967937756316498,,9bc271bb39502ac89d95bb2361ce63ed3edd381305cff223542337222f189db4
cifar100_proser_fedavg__split05__seed1__d0.5,cifar100,d0.5,S,0.2,0.05,0.05,5,12,0,finite-sample-evidence-margin,1,1,1,1,1,0,12,11,9,10,8,0,3,proser,native,1.0,126,673,104,0,0,0.1984126984126984,risk_ucb,0.3072393433023629,0.2,,,0.1967937756316498,25,9bc271bb39502ac89d95bb2361ce63ed3edd381305cff223542337222f189db4
cifar100_proser_fedavg__split05__seed1__d0.5,cifar100,d0.5,B,0.2,0.05,0.05,5,12,0,finite-sample-evidence-margin,1,1,1,1,1,0,12,11,9,10,8,0,3,proser,native,1.0,126,673,104,0,0,0.1984126984126984,risk_ucb,0.32904284837161024,0.2,,,0.18827126215458143,32,9bc271bb39502ac89d95bb2361ce63ed3edd381305cff223542337222f189db4
cifar100_proser_fedavg__split05__seed1__d5.0,cifar100,d5,H,0.2,0.05,0.05,5,12,1,certified,1,1,1,1,1,1,12,12,9,12,9,1,0,proser,native,0.3,46,309,8,0,0,0.05194805194805195,holm_adjusted_pvalue,0.03227510193771725,0.05,0.0026895918281431043,1,0.05941604726528244,,3cc858d6cefe2f4186640abd0939f724339d6c2330c5d6361b6443f43b91fdeb
cifar100_proser_fedavg__split05__seed1__d5.0,cifar100,d5,S,0.2,0.05,0.05,5,12,1,certified,1,1,1,1,1,1,12,12,9,12,9,1,0,proser,native,0.3,46,309,8,0,0,0.05194805194805195,risk_ucb,0.190394746428224,0.2,,,0.05941604726528244,25,3cc858d6cefe2f4186640abd0939f724339d6c2330c5d6361b6443f43b91fdeb
cifar100_proser_fedavg__split05__seed1__d5.0,cifar100,d5,B,0.2,0.05,0.05,5,12,0,finite-sample-evidence-margin,1,1,1,1,1,0,12,12,9,11,8,0,2,proser,native,0.7,99,550,50,0,0,0.16,risk_ucb,0.3021471264155083,0.2,,,0.14137832700924485,32,3cc858d6cefe2f4186640abd0939f724339d6c2330c5d6361b6443f43b91fdeb
cifar100_proser_fedavg__split05__seed2__d0.1,cifar100,d0.1,H,0.2,0.05,0.05,5,12,0,finite-sample-evidence-margin,1,1,1,1,1,0,12,12,4,7,3,0,2,proser,native,0.7,42,238,21,0,0,0.13333333333333333,holm_adjusted_pvalue,1.0,0.05,0.17681701307590808,1,0.053043625630647316,,b4830f9371cfaa3cd8d6cadecddebd1f3be44b8ded86c784487fed5ca2901923
cifar100_proser_fedavg__split05__seed2__d0.1,cifar100,d0.1,S,0.2,0.05,0.05,5,12,0,finite-sample-evidence-margin,1,1,1,1,1,0,12,12,4,6,2,0,2,proser,native,0.7,42,238,21,0,0,0.13333333333333333,risk_ucb,0.3166959284679604,0.2,,,0.053043625630647316,25,b4830f9371cfaa3cd8d6cadecddebd1f3be44b8ded86c784487fed5ca2901923
cifar100_proser_fedavg__split05__seed2__d0.1,cifar100,d0.1,B,0.2,0.05,0.05,5,12,0,finite-sample-evidence-margin,1,1,1,1,1,0,12,12,4,5,1,0,2,proser,native,0.7,42,238,21,0,0,0.13333333333333333,risk_ucb,0.3546380055118975,0.2,,,0.04852548434241367,32,b4830f9371cfaa3cd8d6cadecddebd1f3be44b8ded86c784487fed5ca2901923
cifar100_proser_fedavg__split05__seed2__d0.5,cifar100,d0.5,H,0.2,0.05,0.05,5,12,0,finite-sample-evidence-margin,1,1,1,1,1,0,12,12,8,11,8,0,2,proser,native,0.7,94,500,66,0,0,0.15966386554621848,holm_adjusted_pvalue,1.0,0.05,0.19937016262033688,4,0.14019070027176003,,900d65716d5139bef59ac17c8aa5f2aaada8a2f8641580b8a3902100e783eee5
cifar100_proser_fedavg__split05__seed2__d0.5,cifar100,d0.5,S,0.2,0.05,0.05,5,12,0,finite-sample-evidence-margin,1,1,1,1,1,0,12,12,8,10,7,0,2,proser,native,0.7,94,500,66,0,0,0.15966386554621848,risk_ucb,0.2818337991529284,0.2,,,0.14019070027176003,25,900d65716d5139bef59ac17c8aa5f2aaada8a2f8641580b8a3902100e783eee5
cifar100_proser_fedavg__split05__seed2__d0.5,cifar100,d0.5,B,0.2,0.05,0.05,5,12,0,finite-sample-evidence-margin,1,1,1,1,1,0,12,12,8,8,5,0,2,proser,native,0.7,94,500,66,0,0,0.15966386554621848,risk_ucb,0.3068743967756274,0.2,,,0.13285176323108355,32,900d65716d5139bef59ac17c8aa5f2aaada8a2f8641580b8a3902100e783eee5
cifar100_proser_fedavg__split05__seed2__d5.0,cifar100,d5,H,0.2,0.05,0.05,5,12,0,finite-sample-evidence-margin,1,1,1,1,1,0,12,12,7,12,7,0,10,margin,margin,0.7,89,556,66,0,0,0.16216216216216217,holm_adjusted_pvalue,1.0,0.05,0.19141019583358906,3,0.13150569982508795,,a2894ab6b0db12ee59b9e460f105403fd9ae7973854b2f962962e8efcbf7c2e4
cifar100_proser_fedavg__split05__seed2__d5.0,cifar100,d5,S,0.2,0.05,0.05,5,12,0,finite-sample-evidence-margin,1,1,1,1,1,0,12,12,7,11,7,0,10,margin,margin,0.7,89,556,66,0,0,0.16216216216216217,risk_ucb,0.2735617538379983,0.2,,,0.13150569982508795,25,a2894ab6b0db12ee59b9e460f105403fd9ae7973854b2f962962e8efcbf7c2e4
cifar100_proser_fedavg__split05__seed2__d5.0,cifar100,d5,B,0.2,0.05,0.05,5,12,0,finite-sample-evidence-margin,1,1,1,1,1,0,12,12,7,11,7,0,10,margin,margin,0.7,89,556,66,0,0,0.16216216216216217,risk_ucb,0.29633409350230044,0.2,,,0.12438143983861176,32,a2894ab6b0db12ee59b9e460f105403fd9ae7973854b2f962962e8efcbf7c2e4
cifar100_proser_fedavg__split05__seed3__d0.1,cifar100,d0.1,H,0.2,0.05,0.05,5,12,0,finite-sample-evidence-margin,1,1,1,1,1,0,11,11,8,8,5,0,10,margin,margin,0.7,70,376,34,0,0,0.14864864864864866,holm_adjusted_pvalue,1.0,0.05,0.16915708791263115,2,0.09899686630197754,,cc2fad7346ba86a5d9961259f609927ab46440f23efbb84594a9456f1cd2634c
cifar100_proser_fedavg__split05__seed3__d0.1,cifar100,d0.1,S,0.2,0.05,0.05,5,12,0,finite-sample-evidence-margin,1,1,1,1,1,0,11,11,8,7,4,0,10,margin,margin,0.7,70,376,34,0,0,0.14864864864864866,risk_ucb,0.2872035988841429,0.2,,,0.09899686630197754,25,cc2fad7346ba86a5d9961259f609927ab46440f23efbb84594a9456f1cd2634c
cifar100_proser_fedavg__split05__seed3__d0.1,cifar100,d0.1,B,0.2,0.05,0.05,5,12,0,finite-sample-evidence-margin,1,1,1,1,1,0,11,11,8,6,3,0,10,margin,margin,0.7,70,376,34,0,0,0.14864864864864866,risk_ucb,0.31577686232723706,0.2,,,0.09278030767228086,32,cc2fad7346ba86a5d9961259f609927ab46440f23efbb84594a9456f1cd2634c
cifar100_proser_fedavg__split05__seed3__d0.5,cifar100,d0.5,H,0.2,0.05,0.05,5,12,0,finite-sample-evidence-margin,1,1,1,1,1,0,12,12,6,11,5,0,9,margin,margin,0.5,66,400,35,0,0,0.14084507042253522,holm_adjusted_pvalue,1.0,0.05,0.1343384887436086,2,0.09226809122691215,,1e94805e8157619b06291616bec52da85f6678c0cc93b0905e3c178fc7264d4c
cifar100_proser_fedavg__split05__seed3__d0.5,cifar100,d0.5,S,0.2,0.05,0.05,5,12,0,finite-sample-evidence-margin,1,1,1,1,1,0,12,12,6,9,3,0,9,margin,margin,0.5,66,400,35,0,0,0.14084507042253522,risk_ucb,0.28117768109513286,0.2,,,0.09226809122691215,25,1e94805e8157619b06291616bec52da85f6678c0cc93b0905e3c178fc7264d4c
cifar100_proser_fedavg__split05__seed3__d0.5,cifar100,d0.5,B,0.2,0.05,0.05,5,12,0,finite-sample-evidence-margin,1,1,1,1,1,0,12,12,6,9,3,0,9,margin,margin,0.5,66,400,35,0,0,0.14084507042253522,risk_ucb,0.3102845260652394,0.2,,,0.08626399141706638,32,1e94805e8157619b06291616bec52da85f6678c0cc93b0905e3c178fc7264d4c
cifar100_proser_fedavg__split05__seed3__d5.0,cifar100,d5,H,0.2,0.05,0.05,5,12,0,finite-sample-evidence-margin,1,1,1,1,1,0,11,11,7,11,7,0,10,margin,margin,0.7,118,634,82,0,0,0.1694915254237288,holm_adjusted_pvalue,1.0,0.05,0.24138899388049329,6,0.18249382681484075,,a6c6c91984ef67a43de4aa1a44ebb4a0fded2da8b692d69cb23a167550eae3d1
cifar100_proser_fedavg__split05__seed3__d5.0,cifar100,d5,S,0.2,0.05,0.05,5,12,0,finite-sample-evidence-margin,1,1,1,1,1,0,11,11,7,11,7,0,10,margin,margin,0.7,118,634,82,0,0,0.1694915254237288,risk_ucb,0.2782134107259352,0.2,,,0.18249382681484075,25,a6c6c91984ef67a43de4aa1a44ebb4a0fded2da8b692d69cb23a167550eae3d1
cifar100_proser_fedavg__split05__seed3__d5.0,cifar100,d5,B,0.2,0.05,0.05,5,12,0,finite-sample-evidence-margin,1,1,1,1,1,0,11,11,7,11,7,0,10,margin,margin,0.7,118,634,82,0,0,0.1694915254237288,risk_ucb,0.30033685431228624,0.2,,,0.1742392954988823,32,a6c6c91984ef67a43de4aa1a44ebb4a0fded2da8b692d69cb23a167550eae3d1
cifar100_proser_fedavg__split05__seed4__d0.1,cifar100,d0.1,H,0.2,0.05,0.05,5,12,0,finite-sample-evidence-margin,1,1,1,1,1,0,9,9,4,4,1,0,10,margin,margin,0.7,31,196,17,0,0,0.17647058823529413,holm_adjusted_pvalue,1.0,0.05,0.41645865618456834,2,0.03599914767344479,,b6c6536cbca7c80337981660bf847d5a31759f8cfa830a29fec1029f6ec9ed41
cifar100_proser_fedavg__split05__seed4__d0.1,cifar100,d0.1,S,0.2,0.05,0.05,5,12,0,finite-sample-evidence-margin,1,1,1,1,1,0,9,9,4,4,1,0,10,margin,margin,0.7,31,196,17,0,0,0.17647058823529413,risk_ucb,0.35542730492219965,0.2,,,0.03599914767344479,25,b6c6536cbca7c80337981660bf847d5a31759f8cfa830a29fec1029f6ec9ed41
cifar100_proser_fedavg__split05__seed4__d0.1,cifar100,d0.1,B,0.2,0.05,0.05,5,12,0,selector-tradeoff,1,1,1,1,0,0,9,9,4,3,0,0,,,,,,,,,,,risk_ucb,,0.2,,,,32,b6c6536cbca7c80337981660bf847d5a31759f8cfa830a29fec1029f6ec9ed41
cifar100_proser_fedavg__split05__seed4__d0.5,cifar100,d0.5,H,0.2,0.05,0.05,5,12,0,finite-sample-evidence-margin,1,1,1,1,1,0,12,12,5,12,5,0,2,proser,native,0.7,87,497,74,0,0,0.19791666666666666,holm_adjusted_pvalue,1.0,0.05,0.5406146089298051,4,0.1280456618010333,,c54b682e7d288df3c7140a1e56ba89656d495a9037980fc9450eb49a762c1b06
cifar100_proser_fedavg__split05__seed4__d0.5,cifar100,d0.5,S,0.2,0.05,0.05,5,12,0,finite-sample-evidence-margin,1,1,1,1,1,0,12,12,5,10,3,0,2,proser,native,0.7,87,497,74,0,0,0.19791666666666666,risk_ucb,0.3248007114286119,0.2,,,0.1280456618010333,25,c54b682e7d288df3c7140a1e56ba89656d495a9037980fc9450eb49a762c1b06
cifar100_proser_fedavg__split05__seed4__d0.5,cifar100,d0.5,B,0.2,0.05,0.05,5,12,0,finite-sample-evidence-margin,1,1,1,1,1,0,12,12,5,8,2,0,2,proser,native,0.7,87,497,74,0,0,0.19791666666666666,risk_ucb,0.35019885623709296,0.2,,,0.12100987431520538,32,c54b682e7d288df3c7140a1e56ba89656d495a9037980fc9450eb49a762c1b06
cifar100_proser_fedavg__split05__seed4__d5.0,cifar100,d5,H,0.2,0.05,0.05,5,12,0,finite-sample-evidence-margin,1,1,1,1,1,0,12,12,6,12,6,0,10,margin,margin,0.7,91,535,51,0,0,0.1650485436893204,holm_adjusted_pvalue,1.0,0.05,0.22568646170170725,6,0.13497382023620927,,83205b1f5c8d0f9250eb6260b46a5d4024d26e9f96efd2200f17c3d91e711394
cifar100_proser_fedavg__split05__seed4__d5.0,cifar100,d5,S,0.2,0.05,0.05,5,12,0,finite-sample-evidence-margin,1,1,1,1,1,0,12,12,6,12,6,0,10,margin,margin,0.7,91,535,51,0,0,0.1650485436893204,risk_ucb,0.2818999439590859,0.2,,,0.13497382023620927,25,83205b1f5c8d0f9250eb6260b46a5d4024d26e9f96efd2200f17c3d91e711394
cifar100_proser_fedavg__split05__seed4__d5.0,cifar100,d5,B,0.2,0.05,0.05,5,12,0,finite-sample-evidence-margin,1,1,1,1,1,0,12,12,6,12,6,0,10,margin,margin,0.7,91,535,51,0,0,0.1650485436893204,risk_ucb,0.305748735365296,0.2,,,0.12776259345145724,32,83205b1f5c8d0f9250eb6260b46a5d4024d26e9f96efd2200f17c3d91e711394
cifar100_proser_fedavg__split06__seed0__d0.1,cifar100,d0.1,H,0.2,0.05,0.05,5,12,0,selector-tradeoff,1,1,1,1,0,0,12,11,1,8,0,0,,,,,,,,,,,holm_adjusted_pvalue,,0.05,,,,,e071f924e25d29f227465a72102a75623ee1df11cffb5f30ae409b8c462fb767
cifar100_proser_fedavg__split06__seed0__d0.1,cifar100,d0.1,S,0.2,0.05,0.05,5,12,0,selector-tradeoff,1,1,1,1,0,0,12,11,1,6,0,0,,,,,,,,,,,risk_ucb,,0.2,,,,25,e071f924e25d29f227465a72102a75623ee1df11cffb5f30ae409b8c462fb767
cifar100_proser_fedavg__split06__seed0__d0.1,cifar100,d0.1,B,0.2,0.05,0.05,5,12,0,selector-tradeoff,1,1,1,1,0,0,12,11,1,6,0,0,,,,,,,,,,,risk_ucb,,0.2,,,,32,e071f924e25d29f227465a72102a75623ee1df11cffb5f30ae409b8c462fb767
cifar100_proser_fedavg__split06__seed0__d0.5,cifar100,d0.5,H,0.2,0.05,0.05,5,12,0,finite-sample-evidence-margin,1,1,1,1,1,0,12,12,5,12,5,0,10,margin,margin,0.7,74,460,57,0,0,0.16842105263157894,holm_adjusted_pvalue,1.0,0.05,0.2657956082759975,1,0.1057690692233078,,abf9e25827966ee6d84b029acec2fc60e9a7784e38741820818eb80c8c8a3b14
cifar100_proser_fedavg__split06__seed0__d0.5,cifar100,d0.5,S,0.2,0.05,0.05,5,12,0,finite-sample-evidence-margin,1,1,1,1,1,0,12,12,5,10,4,0,10,margin,margin,0.7,74,460,57,0,0,0.16842105263157894,risk_ucb,0.29148816718090426,0.2,,,0.1057690692233078,25,abf9e25827966ee6d84b029acec2fc60e9a7784e38741820818eb80c8c8a3b14
cifar100_proser_fedavg__split06__seed0__d0.5,cifar100,d0.5,B,0.2,0.05,0.05,5,12,0,finite-sample-evidence-margin,1,1,1,1,1,0,12,12,5,8,4,0,10,margin,margin,0.7,74,460,57,0,0,0.16842105263157894,risk_ucb,0.31655179762705127,0.2,,,0.09934809231425043,32,abf9e25827966ee6d84b029acec2fc60e9a7784e38741820818eb80c8c8a3b14
cifar100_proser_fedavg__split06__seed0__d5.0,cifar100,d5,H,0.2,0.05,0.05,5,12,0,finite-sample-evidence-margin,1,1,1,1,1,0,12,12,7,12,7,0,2,proser,native,0.7,104,627,85,0,0,0.17307692307692307,holm_adjusted_pvalue,1.0,0.05,0.2923513736842229,3,0.15770014800815235,,5b537cceb7609f37abf47b3c061321e0406b956f02451fae167bf34d2d3a170a
cifar100_proser_fedavg__split06__seed0__d5.0,cifar100,d5,S,0.2,0.05,0.05,5,12,0,finite-sample-evidence-margin,1,1,1,1,1,0,12,12,7,12,7,0,2,proser,native,0.7,104,627,85,0,0,0.17307692307692307,risk_ucb,0.2906113082796238,0.2,,,0.15770014800815235,25,5b537cceb7609f37abf47b3c061321e0406b956f02451fae167bf34d2d3a170a
cifar100_proser_fedavg__split06__seed0__d5.0,cifar100,d5,B,0.2,0.05,0.05,5,12,0,finite-sample-evidence-margin,1,1,1,1,1,0,12,12,7,12,7,0,2,proser,native,0.7,104,627,85,0,0,0.17307692307692307,risk_ucb,0.3144829318684308,0.2,,,0.14995787322122514,32,5b537cceb7609f37abf47b3c061321e0406b956f02451fae167bf34d2d3a170a
cifar100_proser_fedavg__split06__seed1__d0.1,cifar100,d0.1,H,0.2,0.05,0.05,5,12,0,finite-sample-evidence-margin,1,1,1,1,1,0,9,9,4,6,2,0,9,margin,margin,0.5,24,143,13,0,0,0.16666666666666666,holm_adjusted_pvalue,1.0,0.05,0.4598773297575799,2,0.025643986910727962,,11b1f8921f2b00fee2887ee4a01e703d67022a1734b7a555eae4cc1f86c519f3
cifar100_proser_fedavg__split06__seed1__d0.1,cifar100,d0.1,S,0.2,0.05,0.05,5,12,0,selector-tradeoff,1,1,1,1,0,0,9,9,4,4,0,0,,,,,,,,,,,risk_ucb,,0.2,,,,25,11b1f8921f2b00fee2887ee4a01e703d67022a1734b7a555eae4cc1f86c519f3
cifar100_proser_fedavg__split06__seed1__d0.1,cifar100,d0.1,B,0.2,0.05,0.05,5,12,0,selector-tradeoff,1,1,1,1,0,0,9,9,4,4,0,0,,,,,,,,,,,risk_ucb,,0.2,,,,32,11b1f8921f2b00fee2887ee4a01e703d67022a1734b7a555eae4cc1f86c519f3
cifar100_proser_fedavg__split06__seed1__d0.5,cifar100,d0.5,H,0.2,0.05,0.05,5,12,0,finite-sample-evidence-margin,1,1,1,1,1,0,12,12,6,12,6,0,9,margin,margin,0.5,67,414,42,0,0,0.16470588235294117,holm_adjusted_pvalue,1.0,0.05,0.2537641926398777,3,0.09394603756004245,,6c1087170932fde36ec23eaf8f361b47096edc6f284823996ff744209678ca74
cifar100_proser_fedavg__split06__seed1__d0.5,cifar100,d0.5,S,0.2,0.05,0.05,5,12,0,finite-sample-evidence-margin,1,1,1,1,1,0,12,12,6,12,6,0,9,margin,margin,0.5,67,414,42,0,0,0.16470588235294117,risk_ucb,0.2953526993892888,0.2,,,0.09394603756004245,25,6c1087170932fde36ec23eaf8f361b47096edc6f284823996ff744209678ca74
cifar100_proser_fedavg__split06__seed1__d0.5,cifar100,d0.5,B,0.2,0.05,0.05,5,12,0,finite-sample-evidence-margin,1,1,1,1,1,0,12,12,6,12,6,0,9,margin,margin,0.5,67,414,42,0,0,0.16470588235294117,risk_ucb,0.32201312643891167,0.2,,,0.08788803742934316,32,6c1087170932fde36ec23eaf8f361b47096edc6f284823996ff744209678ca74
cifar100_proser_fedavg__split06__seed1__d5.0,cifar100,d5,H,0.2,0.05,0.05,5,12,0,finite-sample-evidence-margin,1,1,1,1,1,0,12,12,9,12,9,0,10,margin,margin,0.7,95,634,60,0,0,0.14634146341463414,holm_adjusted_pvalue,0.7281616986392682,0.05,0.08090685540436313,4,0.1419334816916104,,5e3882101ed9c0b781b252e3e142ae3cec2b3af78dc0433e007f7460bfcfebba
cifar100_proser_fedavg__split06__seed1__d5.0,cifar100,d5,S,0.2,0.05,0.05,5,12,0,finite-sample-evidence-margin,1,1,1,1,1,0,12,12,9,12,9,0,10,margin,margin,0.7,95,634,60,0,0,0.14634146341463414,risk_ucb,0.24854364241136725,0.2,,,0.1419334816916104,25,5e3882101ed9c0b781b252e3e142ae3cec2b3af78dc0433e007f7460bfcfebba
cifar100_proser_fedavg__split06__seed1__d5.0,cifar100,d5,B,0.2,0.05,0.05,5,12,0,finite-sample-evidence-margin,1,1,1,1,1,0,12,12,9,11,8,0,10,margin,margin,0.7,95,634,60,0,0,0.14634146341463414,risk_ucb,0.26962918826179905,0.2,,,0.13455268719285943,32,5e3882101ed9c0b781b252e3e142ae3cec2b3af78dc0433e007f7460bfcfebba
cifar100_proser_fedavg__split06__seed2__d0.1,cifar100,d0.1,H,0.2,0.05,0.05,5,12,0,selector-tradeoff,1,1,1,1,0,0,12,11,5,2,0,0,,,,,,,,,,,holm_adjusted_pvalue,,0.05,,,,,d50fbd06d72bdbe6801a793fb5049d916f48d1744ac830b2e089232f0ca23b16
cifar100_proser_fedavg__split06__seed2__d0.1,cifar100,d0.1,S,0.2,0.05,0.05,5,12,0,selector-tradeoff,1,1,1,1,0,0,12,11,5,2,0,0,,,,,,,,,,,risk_ucb,,0.2,,,,25,d50fbd06d72bdbe6801a793fb5049d916f48d1744ac830b2e089232f0ca23b16
cifar100_proser_fedavg__split06__seed2__d0.1,cifar100,d0.1,B,0.2,0.05,0.05,5,12,0,selector-tradeoff,1,1,1,1,0,0,12,11,5,1,0,0,,,,,,,,,,,risk_ucb,,0.2,,,,32,d50fbd06d72bdbe6801a793fb5049d916f48d1744ac830b2e089232f0ca23b16
cifar100_proser_fedavg__split06__seed2__d0.5,cifar100,d0.5,H,0.2,0.05,0.05,5,12,1,certified,1,1,1,1,1,1,12,12,10,11,9,2,8,margin,margin,0.3,55,294,8,0,0,0.06060606060606061,holm_adjusted_pvalue,0.017749635035118276,0.05,0.0014791362529265229,1,0.07401746360520257,,beb9e80abde606fbbad577238fbbdc2f829b442bba5d34e73bcbf3fbb413257b
cifar100_proser_fedavg__split06__seed2__d0.5,cifar100,d0.5,S,0.2,0.05,0.05,5,12,1,certified,1,1,1,1,1,1,12,12,10,11,9,2,8,margin,margin,0.3,55,294,8,0,0,0.06060606060606061,risk_ucb,0.18202898266367668,0.2,,,0.07401746360520257,25,beb9e80abde606fbbad577238fbbdc2f829b442bba5d34e73bcbf3fbb413257b
cifar100_proser_fedavg__split06__seed2__d0.5,cifar100,d0.5,B,0.2,0.05,0.05,5,12,0,finite-sample-evidence-margin,1,1,1,1,1,0,12,12,10,11,9,0,7,energy,energy,1.0,104,554,87,0,0,0.19230769230769232,risk_ucb,0.3369622927667777,0.2,,,0.14995787322122514,32,beb9e80abde606fbbad577238fbbdc2f829b442bba5d34e73bcbf3fbb413257b
cifar100_proser_fedavg__split06__seed2__d5.0,cifar100,d5,H,0.2,0.05,0.05,5,12,0,finite-sample-evidence-margin,1,1,1,1,1,0,12,12,7,12,7,0,6,energy,energy,0.7,106,577,60,0,0,0.11320754716981132,holm_adjusted_pvalue,0.15826920627183377,0.05,0.013189100522652816,1,0.1612229155774341,,20c912441308d4249a0139c57f688d3a5c2a61dbec6c6a256ddf9c773000982e
cifar100_proser_fedavg__split06__seed2__d5.0,cifar100,d5,S,0.2,0.05,0.05,5,12,0,finite-sample-evidence-margin,1,1,1,1,1,0,12,12,7,11,6,0,6,energy,energy,0.7,106,577,60,0,0,0.11320754716981132,risk_ucb,0.21753775250359236,0.2,,,0.1612229155774341,25,20c912441308d4249a0139c57f688d3a5c2a61dbec6c6a256ddf9c773000982e
cifar100_proser_fedavg__split06__seed2__d5.0,cifar100,d5,B,0.2,0.05,0.05,5,12,0,finite-sample-evidence-margin,1,1,1,1,1,0,12,12,7,11,6,0,6,energy,energy,0.7,106,577,60,0,0,0.11320754716981132,risk_ucb,0.23963411362786166,0.2,,,0.15340387281903292,32,20c912441308d4249a0139c57f688d3a5c2a61dbec6c6a256ddf9c773000982e
cifar100_proser_fedavg__split06__seed3__d0.1,cifar100,d0.1,H,0.2,0.05,0.05,5,12,0,finite-sample-evidence-margin,1,1,1,1,1,0,12,11,4,10,3,0,10,margin,margin,0.7,55,323,36,0,0,0.14545454545454545,holm_adjusted_pvalue,1.0,0.05,0.20245342175315517,1,0.07401746360520257,,1d63ae17cd26f20defd57efa335eee7f285cfee9aafffb05962e2dae98bd9a8c
cifar100_proser_fedavg__split06__seed3__d0.1,cifar100,d0.1,S,0.2,0.05,0.05,5,12,0,finite-sample-evidence-margin,1,1,1,1,1,0,12,11,4,10,3,0,10,margin,margin,0.7,55,323,36,0,0,0.14545454545454545,risk_ucb,0.31035173508207126,0.2,,,0.07401746360520257,25,1d63ae17cd26f20defd57efa335eee7f285cfee9aafffb05962e2dae98bd9a8c
cifar100_proser_fedavg__split06__seed3__d0.1,cifar100,d0.1,B,0.2,0.05,0.05,5,12,0,finite-sample-evidence-margin,1,1,1,1,1,0,12,11,4,7,2,0,10,margin,margin,0.7,55,323,36,0,0,0.14545454545454545,risk_ucb,0.3442989105482853,0.2,,,0.0686444135169195,32,1d63ae17cd26f20defd57efa335eee7f285cfee9aafffb05962e2dae98bd9a8c
cifar100_proser_fedavg__split06__seed3__d0.5,cifar100,d0.5,H,0.2,0.05,0.05,5,12,0,finite-sample-evidence-margin,1,1,1,1,1,0,12,12,6,12,6,0,2,proser,native,0.7,75,477,67,0,0,0.2,holm_adjusted_pvalue,1.0,0.05,0.5685150684509267,6,0.1074685537775654,,5c09b0407be63da758c41b88b13b29d77ac4445681188c48a119757096dd78b2
cifar100_proser_fedavg__split06__seed3__d0.5,cifar100,d0.5,S,0.2,0.05,0.05,5,12,0,finite-sample-evidence-margin,1,1,1,1,1,0,12,12,6,10,6,0,2,proser,native,0.7,75,477,67,0,0,0.2,risk_ucb,0.34641921793272895,0.2,,,0.1074685537775654,25,5c09b0407be63da758c41b88b13b29d77ac4445681188c48a119757096dd78b2
cifar100_proser_fedavg__split06__seed3__d0.5,cifar100,d0.5,B,0.2,0.05,0.05,5,12,0,finite-sample-evidence-margin,1,1,1,1,1,0,12,12,6,10,6,0,2,proser,native,0.7,75,477,67,0,0,0.2,risk_ucb,0.37559714601051314,0.2,,,0.10099766497327697,32,5c09b0407be63da758c41b88b13b29d77ac4445681188c48a119757096dd78b2
cifar100_proser_fedavg__split06__seed3__d5.0,cifar100,d5,H,0.2,0.05,0.05,5,12,0,finite-sample-evidence-margin,1,1,1,1,1,0,12,12,8,12,8,0,10,margin,margin,0.7,97,609,68,0,0,0.16071428571428573,holm_adjusted_pvalue,0.8964387359338633,0.05,0.17928774718677265,8,0.1454246367511659,,b65925c71b8e79e75980ad271219d01fb8a29c1739c4a06285681b7e6f84e419
cifar100_proser_fedavg__split06__seed3__d5.0,cifar100,d5,S,0.2,0.05,0.05,5,12,0,finite-sample-evidence-margin,1,1,1,1,1,0,12,12,8,11,7,0,10,margin,margin,0.7,97,609,68,0,0,0.16071428571428573,risk_ucb,0.271287162181985,0.2,,,0.1454246367511659,25,b65925c71b8e79e75980ad271219d01fb8a29c1739c4a06285681b7e6f84e419
cifar100_proser_fedavg__split06__seed3__d5.0,cifar100,d5,B,0.2,0.05,0.05,5,12,0,finite-sample-evidence-margin,1,1,1,1,1,0,12,12,8,11,7,0,10,margin,margin,0.7,97,609,68,0,0,0.16071428571428573,risk_ucb,0.29390974041755663,0.2,,,0.13796117064223237,32,b65925c71b8e79e75980ad271219d01fb8a29c1739c4a06285681b7e6f84e419
cifar100_proser_fedavg__split06__seed4__d0.1,cifar100,d0.1,H,0.2,0.05,0.05,5,12,0,finite-sample-evidence-margin,1,1,1,1,1,0,12,12,9,9,7,0,2,proser,native,0.7,58,368,49,0,0,0.17857142857142858,holm_adjusted_pvalue,1.0,0.05,0.3707012646111222,8,0.07895487171953285,,c89125e03e170e0584e24f1afb63b4dee496c5ffd987427a8cb8c74c0ee1fc37
cifar100_proser_fedavg__split06__seed4__d0.1,cifar100,d0.1,S,0.2,0.05,0.05,5,12,0,finite-sample-evidence-margin,1,1,1,1,1,0,12,12,9,8,6,0,2,proser,native,0.7,58,368,49,0,0,0.17857142857142858,risk_ucb,0.31252508610703444,0.2,,,0.07895487171953285,25,c89125e03e170e0584e24f1afb63b4dee496c5ffd987427a8cb8c74c0ee1fc37
cifar100_proser_fedavg__split06__seed4__d0.1,cifar100,d0.1,B,0.2,0.05,0.05,5,12,0,finite-sample-evidence-margin,1,1,1,1,1,0,12,12,9,7,5,0,2,proser,native,0.7,58,368,49,0,0,0.17857142857142858,risk_ucb,0.3396146489179145,0.2,,,0.07340234399074841,32,c89125e03e170e0584e24f1afb63b4dee496c5ffd987427a8cb8c74c0ee1fc37
cifar100_proser_fedavg__split06__seed4__d0.5,cifar100,d0.5,H,0.2,0.05,0.05,5,12,0,finite-sample-evidence-margin,1,1,1,1,1,0,12,12,6,10,5,0,10,margin,margin,0.7,102,545,64,0,0,0.17142857142857143,holm_adjusted_pvalue,1.0,0.05,0.2762277670651957,4,0.1541841332424806,,a2d7478a80586e9dccf4d2546661526b5c10d3dfbdf0bcd6ce73b4467f5f11ff
cifar100_proser_fedavg__split06__seed4__d0.5,cifar100,d0.5,S,0.2,0.05,0.05,5,12,0,finite-sample-evidence-margin,1,1,1,1,1,0,12,12,6,10,5,0,10,margin,margin,0.7,102,545,64,0,0,0.17142857142857143,risk_ucb,0.28804750071427776,0.2,,,0.1541841332424806,25,a2d7478a80586e9dccf4d2546661526b5c10d3dfbdf0bcd6ce73b4467f5f11ff
cifar100_proser_fedavg__split06__seed4__d0.5,cifar100,d0.5,B,0.2,0.05,0.05,5,12,0,finite-sample-evidence-margin,1,1,1,1,1,0,12,12,6,9,4,0,10,margin,margin,0.7,102,545,64,0,0,0.17142857142857143,risk_ucb,0.311756461109092,0.2,,,0.1465198883419557,32,a2d7478a80586e9dccf4d2546661526b5c10d3dfbdf0bcd6ce73b4467f5f11ff
cifar100_proser_fedavg__split06__seed4__d5.0,cifar100,d5,H,0.2,0.05,0.05,5,12,0,finite-sample-evidence-margin,1,1,1,1,1,0,12,12,8,12,8,0,2,proser,native,0.7,136,738,109,0,0,0.19727891156462585,holm_adjusted_pvalue,1.0,0.05,0.5164754060806405,8,0.21479193734703367,,90f16343b3c27bba1051f9a79f403e22514d35be83047f6f0ab0b5d28120e909
cifar100_proser_fedavg__split06__seed4__d5.0,cifar100,d5,S,0.2,0.05,0.05,5,12,0,finite-sample-evidence-margin,1,1,1,1,1,0,12,12,8,12,8,0,2,proser,native,0.7,136,738,109,0,0,0.19727891156462585,risk_ucb,0.29693014774633614,0.2,,,0.21479193734703367,25,90f16343b3c27bba1051f9a79f403e22514d35be83047f6f0ab0b5d28120e909
cifar100_proser_fedavg__split06__seed4__d5.0,cifar100,d5,B,0.2,0.05,0.05,5,12,0,finite-sample-evidence-margin,1,1,1,1,1,0,12,12,8,12,8,0,2,proser,native,0.7,136,738,109,0,0,0.19727891156462585,risk_ucb,0.3169032759887667,0.2,,,0.20595754512471323,32,90f16343b3c27bba1051f9a79f403e22514d35be83047f6f0ab0b5d28120e909
cifar100_proser_fedavg__split07__seed0__d0.1,cifar100,d0.1,H,0.2,0.05,0.05,5,12,0,selector-tradeoff,1,1,1,1,0,0,10,10,1,7,0,0,,,,,,,,,,,holm_adjusted_pvalue,,0.05,,,,,bd25715ade1800efcbf2e5128c9ccdf8782846fc7b089f0d5dca8b528eb7e4cb
cifar100_proser_fedavg__split07__seed0__d0.1,cifar100,d0.1,S,0.2,0.05,0.05,5,12,0,selector-tradeoff,1,1,1,1,0,0,10,10,1,7,0,0,,,,,,,,,,,risk_ucb,,0.2,,,,25,bd25715ade1800efcbf2e5128c9ccdf8782846fc7b089f0d5dca8b528eb7e4cb
cifar100_proser_fedavg__split07__seed0__d0.1,cifar100,d0.1,B,0.2,0.05,0.05,5,12,0,selector-tradeoff,1,1,1,1,0,0,10,10,1,5,0,0,,,,,,,,,,,risk_ucb,,0.2,,,,32,bd25715ade1800efcbf2e5128c9ccdf8782846fc7b089f0d5dca8b528eb7e4cb
cifar100_proser_fedavg__split07__seed0__d0.5,cifar100,d0.5,H,0.2,0.05,0.05,5,12,0,finite-sample-evidence-margin,1,1,1,1,1,0,9,9,4,7,2,0,10,margin,margin,0.7,48,315,43,0,0,0.1694915254237288,holm_adjusted_pvalue,1.0,0.05,0.3463592115921268,2,0.06263105499269668,,af44b00b43f5ffc1faa25f0963923199d0a709392d971ccee6afea13c8dbc409
cifar100_proser_fedavg__split07__seed0__d0.5,cifar100,d0.5,S,0.2,0.05,0.05,5,12,0,finite-sample-evidence-margin,1,1,1,1,1,0,9,9,4,7,2,0,10,margin,margin,0.7,48,315,43,0,0,0.1694915254237288,risk_ucb,0.3324590648884879,0.2,,,0.06263105499269668,25,af44b00b43f5ffc1faa25f0963923199d0a709392d971ccee6afea13c8dbc409
cifar100_proser_fedavg__split07__seed0__d0.5,cifar100,d0.5,B,0.2,0.05,0.05,5,12,0,finite-sample-evidence-margin,1,1,1,1,1,0,9,9,4,5,1,0,10,margin,margin,0.7,48,315,43,0,0,0.1694915254237288,risk_ucb,0.36543491373557213,0.2,,,0.05770140119270668,32,af44b00b43f5ffc1faa25f0963923199d0a709392d971ccee6afea13c8dbc409
cifar100_proser_fedavg__split07__seed0__d5.0,cifar100,d5,H,0.2,0.05,0.05,5,12,0,finite-sample-evidence-margin,1,1,1,1,1,0,12,12,9,11,8,0,10,margin,margin,0.7,106,682,70,0,0,0.1504424778761062,holm_adjusted_pvalue,0.9020415025836814,0.05,0.11275518782296018,5,0.1612229155774341,,2b000cad9acdb767b4dfd6e163a4cebe8e4122b5461d927b62394ffd45e641e0
cifar100_proser_fedavg__split07__seed0__d5.0,cifar100,d5,S,0.2,0.05,0.05,5,12,0,finite-sample-evidence-margin,1,1,1,1,1,0,12,12,9,9,6,0,10,margin,margin,0.7,106,682,70,0,0,0.1504424778761062,risk_ucb,0.2586176866907126,0.2,,,0.1612229155774341,25,2b000cad9acdb767b4dfd6e163a4cebe8e4122b5461d927b62394ffd45e641e0
cifar100_proser_fedavg__split07__seed0__d5.0,cifar100,d5,B,0.2,0.05,0.05,5,12,0,finite-sample-evidence-margin,1,1,1,1,1,0,12,12,9,8,5,0,10,margin,margin,0.7,106,682,70,0,0,0.1504424778761062,risk_ucb,0.2808922906212575,0.2,,,0.15340387281903292,32,2b000cad9acdb767b4dfd6e163a4cebe8e4122b5461d927b62394ffd45e641e0
cifar100_proser_fedavg__split07__seed1__d0.1,cifar100,d0.1,H,0.2,0.05,0.05,5,12,0,selector-tradeoff,1,1,1,1,0,0,12,12,4,5,0,0,,,,,,,,,,,holm_adjusted_pvalue,,0.05,,,,,b3cff4e466c4381a22ad3fa5545db19d89c2cdc9912fb46d4b73e286acba032a
cifar100_proser_fedavg__split07__seed1__d0.1,cifar100,d0.1,S,0.2,0.05,0.05,5,12,0,selector-tradeoff,1,1,1,1,0,0,12,12,4,5,0,0,,,,,,,,,,,risk_ucb,,0.2,,,,25,b3cff4e466c4381a22ad3fa5545db19d89c2cdc9912fb46d4b73e286acba032a
cifar100_proser_fedavg__split07__seed1__d0.1,cifar100,d0.1,B,0.2,0.05,0.05,5,12,0,selector-tradeoff,1,1,1,1,0,0,12,12,4,3,0,0,,,,,,,,,,,risk_ucb,,0.2,,,,32,b3cff4e466c4381a22ad3fa5545db19d89c2cdc9912fb46d4b73e286acba032a
cifar100_proser_fedavg__split07__seed1__d0.5,cifar100,d0.5,H,0.2,0.05,0.05,5,12,0,finite-sample-evidence-margin,1,1,1,1,1,0,11,11,5,8,4,0,10,margin,margin,0.7,73,541,85,0,0,0.1864406779661017,holm_adjusted_pvalue,1.0,0.05,0.40858544200078506,3,0.10407211410259809,,5c835f75f2eca4673dc3c14857a021fcb6dd6a043ab5345131a3dd87e5fc867d
cifar100_proser_fedavg__split07__seed1__d0.5,cifar100,d0.5,S,0.2,0.05,0.05,5,12,0,finite-sample-evidence-margin,1,1,1,1,1,0,11,11,5,8,4,0,10,margin,margin,0.7,73,541,85,0,0,0.1864406779661017,risk_ucb,0.29772795797989837,0.2,,,0.10407211410259809,25,5c835f75f2eca4673dc3c14857a021fcb6dd6a043ab5345131a3dd87e5fc867d
cifar100_proser_fedavg__split07__seed1__d0.5,cifar100,d0.5,B,0.2,0.05,0.05,5,12,0,finite-sample-evidence-margin,1,1,1,1,1,0,11,11,5,7,4,0,10,margin,margin,0.7,73,541,85,0,0,0.1864406779661017,risk_ucb,0.32016167527366113,0.2,,,0.097701518168006,32,5c835f75f2eca4673dc3c14857a021fcb6dd6a043ab5345131a3dd87e5fc867d
cifar100_proser_fedavg__split07__seed1__d5.0,cifar100,d5,H,0.2,0.05,0.05,5,12,0,finite-sample-evidence-margin,1,1,1,1,1,0,12,12,8,12,8,0,10,margin,margin,0.7,118,702,99,0,0,0.1728395061728395,holm_adjusted_pvalue,1.0,0.05,0.2242849660355105,6,0.18249382681484075,,6fdfced4fbd946f740128d57a021edf63f9d806a030f5c185c94d6332cd1941a
cifar100_proser_fedavg__split07__seed1__d5.0,cifar100,d5,S,0.2,0.05,0.05,5,12,0,finite-sample-evidence-margin,1,1,1,1,1,0,12,12,8,12,8,0,10,margin,margin,0.7,118,702,99,0,0,0.1728395061728395,risk_ucb,0.2683434841864786,0.2,,,0.18249382681484075,25,6fdfced4fbd946f740128d57a021edf63f9d806a030f5c185c94d6332cd1941a
cifar100_proser_fedavg__split07__seed1__d5.0,cifar100,d5,B,0.2,0.05,0.05,5,12,0,finite-sample-evidence-margin,1,1,1,1,1,0,12,12,8,11,7,0,10,margin,margin,0.7,118,702,99,0,0,0.1728395061728395,risk_ucb,0.2902921977172698,0.2,,,0.1742392954988823,32,6fdfced4fbd946f740128d57a021edf63f9d806a030f5c185c94d6332cd1941a
cifar100_proser_fedavg__split07__seed2__d0.1,cifar100,d0.1,H,0.2,0.05,0.05,5,12,0,finite-sample-evidence-margin,1,1,1,1,1,0,10,10,8,6,4,0,10,margin,margin,0.7,52,302,40,0,0,0.18032786885245902,holm_adjusted_pvalue,1.0,0.05,0.4235746340373763,4,0.0691134087895594,,d8a956e48f47ab961664a56b9e7e766e40491098850912ec0c6492c547755c29
cifar100_proser_fedavg__split07__seed2__d0.1,cifar100,d0.1,S,0.2,0.05,0.05,5,12,0,finite-sample-evidence-margin,1,1,1,1,1,0,10,10,8,5,3,0,10,margin,margin,0.7,52,302,40,0,0,0.18032786885245902,risk_ucb,0.34205980871374286,0.2,,,0.0691134087895594,25,d8a956e48f47ab961664a56b9e7e766e40491098850912ec0c6492c547755c29
cifar100_proser_fedavg__split07__seed2__d0.1,cifar100,d0.1,B,0.2,0.05,0.05,5,12,0,finite-sample-evidence-margin,1,1,1,1,1,0,10,10,8,5,3,0,10,margin,margin,0.7,52,302,40,0,0,0.18032786885245902,risk_ucb,0.37455875532141314,0.2,,,0.06392596034304578,32,d8a956e48f47ab961664a56b9e7e766e40491098850912ec0c6492c547755c29
cifar100_proser_fedavg__split07__seed2__d0.5,cifar100,d0.5,H,0.2,0.05,0.05,5,12,0,finite-sample-evidence-margin,1,1,1,1,1,0,12,12,6,12,6,0,10,margin,margin,0.7,79,482,64,0,0,0.2,holm_adjusted_pvalue,1.0,0.05,0.5609858929681986,6,0.11429096820363392,,23d2b012f8f76a1ccd62b0683cfb19736d50af8e9a911b9fe80a3affe1f488db
cifar100_proser_fedavg__split07__seed2__d0.5,cifar100,d0.5,S,0.2,0.05,0.05,5,12,0,finite-sample-evidence-margin,1,1,1,1,1,0,12,12,6,9,4,0,10,margin,margin,0.7,79,482,64,0,0,0.2,risk_ucb,0.32793206626897825,0.2,,,0.11429096820363392,25,23d2b012f8f76a1ccd62b0683cfb19736d50af8e9a911b9fe80a3affe1f488db
cifar100_proser_fedavg__split07__seed2__d0.5,cifar100,d0.5,B,0.2,0.05,0.05,5,12,0,finite-sample-evidence-margin,1,1,1,1,1,0,12,12,6,9,4,0,10,margin,margin,0.7,79,482,64,0,0,0.2,risk_ucb,0.3535082234167456,0.2,,,0.10762497413253753,32,23d2b012f8f76a1ccd62b0683cfb19736d50af8e9a911b9fe80a3affe1f488db
cifar100_proser_fedavg__split07__seed2__d5.0,cifar100,d5,H,0.2,0.05,0.05,5,12,0,finite-sample-evidence-margin,1,1,1,1,1,0,10,10,6,9,5,0,10,margin,margin,0.7,102,593,92,0,0,0.192,holm_adjusted_pvalue,1.0,0.05,0.4643571936985226,5,0.1541841332424806,,ac4bbe622ac54ade53b37bb739ebae4c17a5093c470ee09f1bb6bde1826505ed
cifar100_proser_fedavg__split07__seed2__d5.0,cifar100,d5,S,0.2,0.05,0.05,5,12,0,finite-sample-evidence-margin,1,1,1,1,1,0,10,10,6,8,4,0,10,margin,margin,0.7,102,593,92,0,0,0.192,risk_ucb,0.3004662938770761,0.2,,,0.1541841332424806,25,ac4bbe622ac54ade53b37bb739ebae4c17a5093c470ee09f1bb6bde1826505ed
cifar100_proser_fedavg__split07__seed2__d5.0,cifar100,d5,B,0.2,0.05,0.05,5,12,0,finite-sample-evidence-margin,1,1,1,1,1,0,10,10,6,8,4,0,10,margin,margin,0.7,102,593,92,0,0,0.192,risk_ucb,0.322267745282255,0.2,,,0.1465198883419557,32,ac4bbe622ac54ade53b37bb739ebae4c17a5093c470ee09f1bb6bde1826505ed
cifar100_proser_fedavg__split07__seed3__d0.1,cifar100,d0.1,H,0.2,0.05,0.05,5,12,0,finite-sample-evidence-margin,1,1,1,1,1,0,10,10,4,9,4,0,2,proser,native,0.7,64,379,38,0,0,0.16091954022988506,holm_adjusted_pvalue,1.0,0.05,0.2217132851086316,1,0.08892102375525943,,b1688ad9f5f0214cadb9cd185f7cf03c52bdfd2982340534da4a3a9d1e814ba5
cifar100_proser_fedavg__split07__seed3__d0.1,cifar100,d0.1,S,0.2,0.05,0.05,5,12,0,finite-sample-evidence-margin,1,1,1,1,1,0,10,10,4,8,4,0,2,proser,native,0.7,64,379,38,0,0,0.16091954022988506,risk_ucb,0.2891088971244883,0.2,,,0.08892102375525943,25,b1688ad9f5f0214cadb9cd185f7cf03c52bdfd2982340534da4a3a9d1e814ba5
cifar100_proser_fedavg__split07__seed3__d0.1,cifar100,d0.1,B,0.2,0.05,0.05,5,12,0,finite-sample-evidence-margin,1,1,1,1,1,0,10,10,4,7,3,0,2,proser,native,0.7,64,379,38,0,0,0.16091954022988506,risk_ucb,0.3153366785194625,0.2,,,0.08302635538378712,32,b1688ad9f5f0214cadb9cd185f7cf03c52bdfd2982340534da4a3a9d1e814ba5
cifar100_proser_fedavg__split07__seed3__d0.5,cifar100,d0.5,H,0.2,0.05,0.05,5,12,0,finite-sample-evidence-margin,1,1,1,1,1,0,12,12,7,12,7,0,10,margin,margin,0.7,105,589,63,0,0,0.1693548387096774,holm_adjusted_pvalue,1.0,0.05,0.23253761415664553,7,0.15946069672391044,,520a3f31ac63c81b725f2d3e7f88db9d3a8df88030bddf0514858dd530c2f4e6
cifar100_proser_fedavg__split07__seed3__d0.5,cifar100,d0.5,S,0.2,0.05,0.05,5,12,0,finite-sample-evidence-margin,1,1,1,1,1,0,12,12,7,12,7,0,10,margin,margin,0.7,105,589,63,0,0,0.1693548387096774,risk_ucb,0.2749971777952473,0.2,,,0.15946069672391044,25,520a3f31ac63c81b725f2d3e7f88db9d3a8df88030bddf0514858dd530c2f4e6
cifar100_proser_fedavg__split07__seed3__d0.5,cifar100,d0.5,B,0.2,0.05,0.05,5,12,0,finite-sample-evidence-margin,1,1,1,1,1,0,12,12,7,12,7,0,10,margin,margin,0.7,105,589,63,0,0,0.1693548387096774,risk_ucb,0.2964911134927162,0.2,,,0.15167988187265877,32,520a3f31ac63c81b725f2d3e7f88db9d3a8df88030bddf0514858dd530c2f4e6
cifar100_proser_fedavg__split07__seed3__d5.0,cifar100,d5,H,0.2,0.05,0.05,5,12,0,finite-sample-evidence-margin,1,1,1,1,1,0,12,12,6,12,6,0,1,proser,native,0.5,83,485,59,0,0,0.18072289156626506,holm_adjusted_pvalue,1.0,0.05,0.3912009037524228,5,0.12115073228675065,,1b7c298b3683bc3892e6f65eab555996cced6e041b49f1f1d08f0971d793591e
cifar100_proser_fedavg__split07__seed3__d5.0,cifar100,d5,S,0.2,0.05,0.05,5,12,0,finite-sample-evidence-margin,1,1,1,1,1,0,12,12,6,11,5,0,1,proser,native,0.5,83,485,59,0,0,0.18072289156626506,risk_ucb,0.31596283807380726,0.2,,,0.12115073228675065,25,1b7c298b3683bc3892e6f65eab555996cced6e041b49f1f1d08f0971d793591e
cifar100_proser_fedavg__split07__seed3__d5.0,cifar100,d5,B,0.2,0.05,0.05,5,12,0,finite-sample-evidence-margin,1,1,1,1,1,0,12,12,6,11,5,0,1,proser,native,0.5,83,485,59,0,0,0.18072289156626506,risk_ucb,0.34327267185256927,0.2,,,0.11429657124101669,32,1b7c298b3683bc3892e6f65eab555996cced6e041b49f1f1d08f0971d793591e
cifar100_proser_fedavg__split07__seed4__d0.1,cifar100,d0.1,H,0.2,0.05,0.05,5,12,0,finite-sample-evidence-margin,1,1,1,1,1,0,11,11,3,5,1,0,2,proser,native,0.7,33,190,30,0,0,0.18421052631578946,holm_adjusted_pvalue,1.0,0.05,0.5004174538404857,2,0.03903700895926684,,d7a2f2701789f26c1f0052570fda0a9d20591a0fa41c2ae7231d5cb54138c529
cifar100_proser_fedavg__split07__seed4__d0.1,cifar100,d0.1,S,0.2,0.05,0.05,5,12,0,finite-sample-evidence-margin,1,1,1,1,1,0,11,11,3,5,1,0,2,proser,native,0.7,33,190,30,0,0,0.18421052631578946,risk_ucb,0.4142710000798006,0.2,,,0.03903700895926684,25,d7a2f2701789f26c1f0052570fda0a9d20591a0fa41c2ae7231d5cb54138c529
cifar100_proser_fedavg__split07__seed4__d0.1,cifar100,d0.1,B,0.2,0.05,0.05,5,12,0,finite-sample-evidence-margin,1,1,1,1,1,0,11,11,3,4,1,0,2,proser,native,0.7,33,190,30,0,0,0.18421052631578946,risk_ucb,0.4595448491144717,0.2,,,0.035203877544300675,32,d7a2f2701789f26c1f0052570fda0a9d20591a0fa41c2ae7231d5cb54138c529
cifar100_proser_fedavg__split07__seed4__d0.5,cifar100,d0.5,H,0.2,0.05,0.05,5,12,0,finite-sample-evidence-margin,1,1,1,1,1,0,12,12,9,8,6,0,3,proser,native,1.0,113,647,110,0,0,0.19863013698630136,holm_adjusted_pvalue,1.0,0.05,0.5329624474856447,6,0.17360379044258428,,23198f9145c4485a7fb8fe3ba06fc4b653b8ed0092d9f2d590d0f229853eabf1
cifar100_proser_fedavg__split07__seed4__d0.5,cifar100,d0.5,S,0.2,0.05,0.05,5,12,0,finite-sample-evidence-margin,1,1,1,1,1,0,12,12,9,8,6,0,3,proser,native,1.0,113,647,110,0,0,0.19863013698630136,risk_ucb,0.298831719597118,0.2,,,0.17360379044258428,25,23198f9145c4485a7fb8fe3ba06fc4b653b8ed0092d9f2d590d0f229853eabf1
cifar100_proser_fedavg__split07__seed4__d0.5,cifar100,d0.5,B,0.2,0.05,0.05,5,12,0,finite-sample-evidence-margin,1,1,1,1,1,0,12,12,9,8,6,0,3,proser,native,1.0,113,647,110,0,0,0.19863013698630136,risk_ucb,0.3189028062662785,0.2,,,0.1655256312297801,32,23198f9145c4485a7fb8fe3ba06fc4b653b8ed0092d9f2d590d0f229853eabf1
cifar100_proser_fedavg__split07__seed4__d5.0,cifar100,d5,H,0.2,0.05,0.05,5,12,0,finite-sample-evidence-margin,1,1,1,1,1,0,11,11,8,9,7,0,3,proser,native,1.0,135,731,113,0,0,0.19858156028368795,holm_adjusted_pvalue,1.0,0.05,0.533539819144146,7,0.21298622695495215,,6bd45abe7b47e5f316a2ff9689c7c0f6d0feeee98025090f469fa2e3ccdf1c5a
cifar100_proser_fedavg__split07__seed4__d5.0,cifar100,d5,S,0.2,0.05,0.05,5,12,0,finite-sample-evidence-margin,1,1,1,1,1,0,11,11,8,9,7,0,3,proser,native,1.0,135,731,113,0,0,0.19858156028368795,risk_ucb,0.3007554678587094,0.2,,,0.21298622695495215,25,6bd45abe7b47e5f316a2ff9689c7c0f6d0feeee98025090f469fa2e3ccdf1c5a
cifar100_proser_fedavg__split07__seed4__d5.0,cifar100,d5,B,0.2,0.05,0.05,5,12,0,finite-sample-evidence-margin,1,1,1,1,1,0,11,11,8,9,7,0,3,proser,native,1.0,135,731,113,0,0,0.19858156028368795,risk_ucb,0.32122344320526336,0.2,,,0.2041819170541893,32,6bd45abe7b47e5f316a2ff9689c7c0f6d0feeee98025090f469fa2e3ccdf1c5a
cifar100_proser_fedavg__split08__seed0__d0.1,cifar100,d0.1,H,0.2,0.05,0.05,5,12,0,finite-sample-evidence-margin,1,1,1,1,1,0,7,7,2,4,1,0,10,margin,margin,0.7,31,193,20,0,0,0.12903225806451613,holm_adjusted_pvalue,1.0,0.05,0.22872876507108822,1,0.03599914767344479,,90c332b7ccac5afbbce284acff08fea3bfc790ef10c607f10735acc09abd5b86
cifar100_proser_fedavg__split08__seed0__d0.1,cifar100,d0.1,S,0.2,0.05,0.05,5,12,0,finite-sample-evidence-margin,1,1,1,1,1,0,7,7,2,4,1,0,10,margin,margin,0.7,31,193,20,0,0,0.12903225806451613,risk_ucb,0.3590165080368963,0.2,,,0.03599914767344479,25,90c332b7ccac5afbbce284acff08fea3bfc790ef10c607f10735acc09abd5b86
cifar100_proser_fedavg__split08__seed0__d0.1,cifar100,d0.1,B,0.2,0.05,0.05,5,12,0,selector-tradeoff,1,1,1,1,0,0,7,7,2,3,0,0,,,,,,,,,,,risk_ucb,,0.2,,,,32,90c332b7ccac5afbbce284acff08fea3bfc790ef10c607f10735acc09abd5b86
cifar100_proser_fedavg__split08__seed0__d0.5,cifar100,d0.5,H,0.2,0.05,0.05,5,12,0,finite-sample-evidence-margin,1,1,1,1,1,0,11,11,7,8,5,0,10,margin,margin,0.7,65,394,44,0,0,0.1566265060240964,holm_adjusted_pvalue,1.0,0.05,0.19957384221417893,3,0.09059306740818866,,f55e01ccf103d5afa5cbe7b6e1faa1a75ddf1ddd4200ce4e3965d5216a0f18fa
cifar100_proser_fedavg__split08__seed0__d0.5,cifar100,d0.5,S,0.2,0.05,0.05,5,12,0,finite-sample-evidence-margin,1,1,1,1,1,0,11,11,7,6,3,0,10,margin,margin,0.7,65,394,44,0,0,0.1566265060240964,risk_ucb,0.2875975981914796,0.2,,,0.09059306740818866,25,f55e01ccf103d5afa5cbe7b6e1faa1a75ddf1ddd4200ce4e3965d5216a0f18fa
cifar100_proser_fedavg__split08__seed0__d0.5,cifar100,d0.5,B,0.2,0.05,0.05,5,12,0,finite-sample-evidence-margin,1,1,1,1,1,0,11,11,7,6,3,0,10,margin,margin,0.7,65,394,44,0,0,0.1566265060240964,risk_ucb,0.31446844278133024,0.2,,,0.08464340805652038,32,f55e01ccf103d5afa5cbe7b6e1faa1a75ddf1ddd4200ce4e3965d5216a0f18fa
cifar100_proser_fedavg__split08__seed0__d5.0,cifar100,d5,H,0.2,0.05,0.05,5,12,0,finite-sample-evidence-margin,1,1,1,1,1,0,10,10,6,8,4,0,2,proser,native,0.7,83,481,56,0,0,0.1595744680851064,holm_adjusted_pvalue,1.0,0.05,0.19957384221417893,3,0.12115073228675065,,d743ab901423747a5bebdd05289098f519393bfe24d324b3de1f6eb316e8763c
cifar100_proser_fedavg__split08__seed0__d5.0,cifar100,d5,S,0.2,0.05,0.05,5,12,0,finite-sample-evidence-margin,1,1,1,1,1,0,10,10,6,8,4,0,2,proser,native,0.7,83,481,56,0,0,0.1595744680851064,risk_ucb,0.2875975981914796,0.2,,,0.12115073228675065,25,d743ab901423747a5bebdd05289098f519393bfe24d324b3de1f6eb316e8763c
cifar100_proser_fedavg__split08__seed0__d5.0,cifar100,d5,B,0.2,0.05,0.05,5,12,0,finite-sample-evidence-margin,1,1,1,1,1,0,10,10,6,8,4,0,2,proser,native,0.7,83,481,56,0,0,0.1595744680851064,risk_ucb,0.31446844278133024,0.2,,,0.11429657124101669,32,d743ab901423747a5bebdd05289098f519393bfe24d324b3de1f6eb316e8763c
cifar100_proser_fedavg__split08__seed1__d0.1,cifar100,d0.1,H,0.2,0.05,0.05,5,12,0,finite-sample-evidence-margin,1,1,1,1,1,0,8,8,3,2,1,0,3,proser,native,1.0,29,192,19,0,0,0.1935483870967742,holm_adjusted_pvalue,1.0,0.05,0.5710784232986559,2,0.03299367095597644,,021791a537979c681f29c27d6018407165b1b1d53ca22b0f02c294836a78606b
cifar100_proser_fedavg__split08__seed1__d0.1,cifar100,d0.1,S,0.2,0.05,0.05,5,12,0,finite-sample-evidence-margin,1,1,1,1,1,0,8,8,3,2,1,0,3,proser,native,1.0,29,192,19,0,0,0.1935483870967742,risk_ucb,0.4365502993213967,0.2,,,0.03299367095597644,25,021791a537979c681f29c27d6018407165b1b1d53ca22b0f02c294836a78606b
cifar100_proser_fedavg__split08__seed1__d0.1,cifar100,d0.1,B,0.2,0.05,0.05,5,12,0,selector-tradeoff,1,1,1,1,0,0,8,8,3,1,0,0,,,,,,,,,,,risk_ucb,,0.2,,,,32,021791a537979c681f29c27d6018407165b1b1d53ca22b0f02c294836a78606b
cifar100_proser_fedavg__split08__seed1__d0.5,cifar100,d0.5,H,0.2,0.05,0.05,5,12,0,finite-sample-evidence-margin,1,1,1,1,1,0,11,11,8,9,6,0,7,energy,energy,1.0,108,586,96,0,0,0.19834710743801653,holm_adjusted_pvalue,1.0,0.05,0.536195429558368,5,0.16475229402669117,,834869fbc9d11da260fe7418320a5a58005b382f2722d8a5ebcddb6576c1cffd
cifar100_proser_fedavg__split08__seed1__d0.5,cifar100,d0.5,S,0.2,0.05,0.05,5,12,0,finite-sample-evidence-margin,1,1,1,1,1,0,11,11,8,9,6,0,7,energy,energy,1.0,108,586,96,0,0,0.19834710743801653,risk_ucb,0.3096800397190424,0.2,,,0.16475229402669117,25,834869fbc9d11da260fe7418320a5a58005b382f2722d8a5ebcddb6576c1cffd
cifar100_proser_fedavg__split08__seed1__d0.5,cifar100,d0.5,B,0.2,0.05,0.05,5,12,0,finite-sample-evidence-margin,1,1,1,1,1,0,11,11,8,8,6,0,7,energy,energy,1.0,108,586,96,0,0,0.19834710743801653,risk_ucb,0.3319852801631072,0.2,,,0.15685771910815968,32,834869fbc9d11da260fe7418320a5a58005b382f2722d8a5ebcddb6576c1cffd
cifar100_proser_fedavg__split08__seed1__d5.0,cifar100,d5,H,0.2,0.05,0.05,5,12,0,finite-sample-evidence-margin,1,1,1,1,1,0,11,11,9,10,8,0,7,energy,energy,1.0,124,648,113,0,0,0.1984732824427481,holm_adjusted_pvalue,1.0,0.05,0.5347918466670449,9,0.19321030734982822,,e6dfb46b733464ddfd244a2d3f8e4a8bd19df8c3b0460bd3bef6550574985da0
cifar100_proser_fedavg__split08__seed1__d5.0,cifar100,d5,S,0.2,0.05,0.05,5,12,0,finite-sample-evidence-margin,1,1,1,1,1,0,11,11,9,9,7,0,7,energy,energy,1.0,124,648,113,0,0,0.1984732824427481,risk_ucb,0.3049475812409476,0.2,,,0.19321030734982822,25,e6dfb46b733464ddfd244a2d3f8e4a8bd19df8c3b0460bd3bef6550574985da0
cifar100_proser_fedavg__split08__seed1__d5.0,cifar100,d5,B,0.2,0.05,0.05,5,12,0,finite-sample-evidence-margin,1,1,1,1,1,0,11,11,9,9,7,0,7,energy,energy,1.0,124,648,113,0,0,0.1984732824427481,risk_ucb,0.3262794487873108,0.2,,,0.184753200303743,32,e6dfb46b733464ddfd244a2d3f8e4a8bd19df8c3b0460bd3bef6550574985da0
cifar100_proser_fedavg__split08__seed2__d0.1,cifar100,d0.1,H,0.2,0.05,0.05,5,12,0,finite-sample-evidence-margin,1,1,1,1,1,0,12,12,10,5,3,0,3,proser,native,1.0,50,341,41,0,0,0.17333333333333334,holm_adjusted_pvalue,1.0,0.05,0.3414020897373305,9,0.06586382397031201,,28bfc969c32372c11307fb9f00d8ced5da35c52cea4ebbccd5ccc21b8eda3c1d
cifar100_proser_fedavg__split08__seed2__d0.1,cifar100,d0.1,S,0.2,0.05,0.05,5,12,0,finite-sample-evidence-margin,1,1,1,1,1,0,12,12,10,4,2,0,3,proser,native,1.0,50,341,41,0,0,0.17333333333333334,risk_ucb,0.3155051734867202,0.2,,,0.06586382397031201,25,28bfc969c32372c11307fb9f00d8ced5da35c52cea4ebbccd5ccc21b8eda3c1d
cifar100_proser_fedavg__split08__seed2__d0.1,cifar100,d0.1,B,0.2,0.05,0.05,5,12,0,finite-sample-evidence-margin,1,1,1,1,1,0,12,12,10,3,1,0,3,proser,native,1.0,50,341,41,0,0,0.17333333333333334,risk_ucb,0.34431976668920306,0.2,,,0.06080373527659942,32,28bfc969c32372c11307fb9f00d8ced5da35c52cea4ebbccd5ccc21b8eda3c1d
cifar100_proser_fedavg__split08__seed2__d0.5,cifar100,d0.5,H,0.2,0.05,0.05,5,12,0,selector-tradeoff,1,1,1,1,0,0,8,7,4,3,0,0,,,,,,,,,,,holm_adjusted_pvalue,,0.05,,,,,735d62e3aede51a221ec9dee2040bbbeb3e616db1ba0cc3591ed178d599bf3da
cifar100_proser_fedavg__split08__seed2__d0.5,cifar100,d0.5,S,0.2,0.05,0.05,5,12,0,selector-tradeoff,1,1,1,1,0,0,8,7,4,3,0,0,,,,,,,,,,,risk_ucb,,0.2,,,,25,735d62e3aede51a221ec9dee2040bbbeb3e616db1ba0cc3591ed178d599bf3da
cifar100_proser_fedavg__split08__seed2__d0.5,cifar100,d0.5,B,0.2,0.05,0.05,5,12,0,selector-tradeoff,1,1,1,1,0,0,8,7,4,3,0,0,,,,,,,,,,,risk_ucb,,0.2,,,,32,735d62e3aede51a221ec9dee2040bbbeb3e616db1ba0cc3591ed178d599bf3da
cifar100_proser_fedavg__split08__seed2__d5.0,cifar100,d5,H,0.2,0.05,0.05,5,12,0,finite-sample-evidence-margin,1,1,1,1,1,0,12,12,9,9,6,0,10,margin,margin,0.7,89,544,70,0,0,0.1926605504587156,holm_adjusted_pvalue,1.0,0.05,0.48095381792063807,9,0.13150569982508795,,7870d3855dc0a2d06641d0207b648a3db294feb964cbab062259315409c8ad96
cifar100_proser_fedavg__split08__seed2__d5.0,cifar100,d5,S,0.2,0.05,0.05,5,12,0,finite-sample-evidence-margin,1,1,1,1,1,0,12,12,9,9,6,0,10,margin,margin,0.7,89,544,70,0,0,0.1926605504587156,risk_ucb,0.30998820472546057,0.2,,,0.13150569982508795,25,7870d3855dc0a2d06641d0207b648a3db294feb964cbab062259315409c8ad96
cifar100_proser_fedavg__split08__seed2__d5.0,cifar100,d5,B,0.2,0.05,0.05,5,12,0,finite-sample-evidence-margin,1,1,1,1,1,0,12,12,9,9,6,0,10,margin,margin,0.7,89,544,70,0,0,0.1926605504587156,risk_ucb,0.3335579959997299,0.2,,,0.12438143983861176,32,7870d3855dc0a2d06641d0207b648a3db294feb964cbab062259315409c8ad96
cifar100_proser_fedavg__split08__seed3__d0.1,cifar100,d0.1,H,0.2,0.05,0.05,5,12,0,empirical-error-only,1,1,0,1,0,0,12,12,0,5,0,0,,,,,,,,,,,holm_adjusted_pvalue,,0.05,,,,,8cbedc9edc4cac7a5f6a7007d2d906147422243e2cf12e2a81ada313c4034ade
cifar100_proser_fedavg__split08__seed3__d0.1,cifar100,d0.1,S,0.2,0.05,0.05,5,12,0,empirical-error-only,1,1,0,1,0,0,12,12,0,5,0,0,,,,,,,,,,,risk_ucb,,0.2,,,,25,8cbedc9edc4cac7a5f6a7007d2d906147422243e2cf12e2a81ada313c4034ade
cifar100_proser_fedavg__split08__seed3__d0.1,cifar100,d0.1,B,0.2,0.05,0.05,5,12,0,empirical-error-only,1,1,0,1,0,0,12,12,0,3,0,0,,,,,,,,,,,risk_ucb,,0.2,,,,32,8cbedc9edc4cac7a5f6a7007d2d906147422243e2cf12e2a81ada313c4034ade
cifar100_proser_fedavg__split08__seed3__d0.5,cifar100,d0.5,H,0.2,0.05,0.05,5,12,0,finite-sample-evidence-margin,1,1,1,1,1,0,9,9,2,8,2,0,9,margin,margin,0.5,60,342,42,0,0,0.15873015873015872,holm_adjusted_pvalue,1.0,0.05,0.26016471862875507,1,0.08226388471076322,,2a68f59ba008d2e8c816fb1e7cf892314c17a4604e7b705ea1b89cf295311f97
cifar100_proser_fedavg__split08__seed3__d0.5,cifar100,d0.5,S,0.2,0.05,0.05,5,12,0,finite-sample-evidence-margin,1,1,1,1,1,0,9,9,2,8,2,0,9,margin,margin,0.5,60,342,42,0,0,0.15873015873015872,risk_ucb,0.3134238397286572,0.2,,,0.08226388471076322,25,2a68f59ba008d2e8c816fb1e7cf892314c17a4604e7b705ea1b89cf295311f97
cifar100_proser_fedavg__split08__seed3__d0.5,cifar100,d0.5,B,0.2,0.05,0.05,5,12,0,finite-sample-evidence-margin,1,1,1,1,1,0,9,9,2,8,2,0,9,margin,margin,0.5,60,342,42,0,0,0.15873015873015872,risk_ucb,0.3450212075188318,0.2,,,0.07659490737042672,32,2a68f59ba008d2e8c816fb1e7cf892314c17a4604e7b705ea1b89cf295311f97
cifar100_proser_fedavg__split08__seed3__d5.0,cifar100,d5,H,0.2,0.05,0.05,5,12,0,selector-tradeoff,1,1,1,1,0,0,12,12,1,9,0,0,,,,,,,,,,,holm_adjusted_pvalue,,0.05,,,,,b158cfb6a3dce3d57121548b6acf683c9c4bbddc2cee4ddbc0eab5f2d9303308
cifar100_proser_fedavg__split08__seed3__d5.0,cifar100,d5,S,0.2,0.05,0.05,5,12,0,selector-tradeoff,1,1,1,1,0,0,12,12,1,9,0,0,,,,,,,,,,,risk_ucb,,0.2,,,,25,b158cfb6a3dce3d57121548b6acf683c9c4bbddc2cee4ddbc0eab5f2d9303308
cifar100_proser_fedavg__split08__seed3__d5.0,cifar100,d5,B,0.2,0.05,0.05,5,12,0,selector-tradeoff,1,1,1,1,0,0,12,12,1,8,0,0,,,,,,,,,,,risk_ucb,,0.2,,,,32,b158cfb6a3dce3d57121548b6acf683c9c4bbddc2cee4ddbc0eab5f2d9303308
cifar100_proser_fedavg__split08__seed4__d0.1,cifar100,d0.1,H,0.2,0.05,0.05,5,12,0,count-only,1,1,1,0,0,0,4,4,1,0,0,0,,,,,,,,,,,holm_adjusted_pvalue,,0.05,,,,,20a5f72001d915f8b1579a2b76bc9af28617c3dda9f7f6e6076e44259d26260d
cifar100_proser_fedavg__split08__seed4__d0.1,cifar100,d0.1,S,0.2,0.05,0.05,5,12,0,count-only,1,1,1,0,0,0,4,4,1,0,0,0,,,,,,,,,,,risk_ucb,,0.2,,,,25,20a5f72001d915f8b1579a2b76bc9af28617c3dda9f7f6e6076e44259d26260d
cifar100_proser_fedavg__split08__seed4__d0.1,cifar100,d0.1,B,0.2,0.05,0.05,5,12,0,count-only,1,1,1,0,0,0,4,4,1,0,0,0,,,,,,,,,,,risk_ucb,,0.2,,,,32,20a5f72001d915f8b1579a2b76bc9af28617c3dda9f7f6e6076e44259d26260d
cifar100_proser_fedavg__split08__seed4__d0.5,cifar100,d0.5,H,0.2,0.05,0.05,5,12,0,finite-sample-evidence-margin,1,1,1,1,1,0,11,11,5,8,2,0,2,proser,native,0.7,57,380,52,0,0,0.1744186046511628,holm_adjusted_pvalue,1.0,0.05,0.33134195745982525,2,0.07730550792030831,,4e87f689be32d209a83255e9ef73163b0567cc50adce98533198f253056f5859
cifar100_proser_fedavg__split08__seed4__d0.5,cifar100,d0.5,S,0.2,0.05,0.05,5,12,0,finite-sample-evidence-margin,1,1,1,1,1,0,11,11,5,8,2,0,2,proser,native,0.7,57,380,52,0,0,0.1744186046511628,risk_ucb,0.3186726571555027,0.2,,,0.07730550792030831,25,4e87f689be32d209a83255e9ef73163b0567cc50adce98533198f253056f5859
cifar100_proser_fedavg__split08__seed4__d0.5,cifar100,d0.5,B,0.2,0.05,0.05,5,12,0,finite-sample-evidence-margin,1,1,1,1,1,0,11,11,5,7,1,0,2,proser,native,0.7,57,380,52,0,0,0.1744186046511628,risk_ucb,0.34956497844390355,0.2,,,0.07181215142826854,32,4e87f689be32d209a83255e9ef73163b0567cc50adce98533198f253056f5859
cifar100_proser_fedavg__split08__seed4__d5.0,cifar100,d5,H,0.2,0.05,0.05,5,12,0,finite-sample-evidence-margin,1,1,1,1,1,0,11,11,7,10,6,0,2,proser,native,0.7,82,488,67,0,0,0.16037735849056603,holm_adjusted_pvalue,1.0,0.05,0.18565252235893753,2,0.11943241373769062,,bf4b229bc8b6bce6a4ee248285bc242369bfa63a733f5384ef55391744019f8f
cifar100_proser_fedavg__split08__seed4__d5.0,cifar100,d5,S,0.2,0.05,0.05,5,12,0,finite-sample-evidence-margin,1,1,1,1,1,0,11,11,7,10,6,0,2,proser,native,0.7,82,488,67,0,0,0.16037735849056603,risk_ucb,0.27448910079969485,0.2,,,0.11943241373769062,25,bf4b229bc8b6bce6a4ee248285bc242369bfa63a733f5384ef55391744019f8f
cifar100_proser_fedavg__split08__seed4__d5.0,cifar100,d5,B,0.2,0.05,0.05,5,12,0,finite-sample-evidence-margin,1,1,1,1,1,0,11,11,7,9,5,0,2,proser,native,0.7,82,488,67,0,0,0.16037735849056603,risk_ucb,0.29784527708611197,0.2,,,0.112624666537229,32,bf4b229bc8b6bce6a4ee248285bc242369bfa63a733f5384ef55391744019f8f
cifar100_proser_fedavg__split09__seed0__d0.1,cifar100,d0.1,H,0.2,0.05,0.05,5,12,0,finite-sample-evidence-margin,1,1,1,1,1,0,12,12,3,8,1,0,1,proser,native,0.5,31,178,21,0,0,0.1875,holm_adjusted_pvalue,1.0,0.05,0.5354740588429887,2,0.03599914767344479,,a2f3033fa1aed4705082a9104d50e0527999f4d11bdf6bcd8b7502ac55aebafa
cifar100_proser_fedavg__split09__seed0__d0.1,cifar100,d0.1,S,0.2,0.05,0.05,5,12,0,finite-sample-evidence-margin,1,1,1,1,1,0,12,12,3,8,1,0,1,proser,native,0.5,31,178,21,0,0,0.1875,risk_ucb,0.42512608627928583,0.2,,,0.03599914767344479,25,a2f3033fa1aed4705082a9104d50e0527999f4d11bdf6bcd8b7502ac55aebafa
cifar100_proser_fedavg__split09__seed0__d0.1,cifar100,d0.1,B,0.2,0.05,0.05,5,12,0,selector-tradeoff,1,1,1,1,0,0,12,12,3,5,0,0,,,,,,,,,,,risk_ucb,,0.2,,,,32,a2f3033fa1aed4705082a9104d50e0527999f4d11bdf6bcd8b7502ac55aebafa
cifar100_proser_fedavg__split09__seed0__d0.5,cifar100,d0.5,H,0.2,0.05,0.05,5,12,0,finite-sample-evidence-margin,1,1,1,1,1,0,12,12,7,12,7,0,2,proser,native,0.7,97,514,65,0,0,0.17592592592592593,holm_adjusted_pvalue,1.0,0.05,0.3132444394412008,5,0.1454246367511659,,3fd43d54a3b289cab12c359c296b8b723b4b4f1ac0a15cf7c9637a948343ea2b
cifar100_proser_fedavg__split09__seed0__d0.5,cifar100,d0.5,S,0.2,0.05,0.05,5,12,0,finite-sample-evidence-margin,1,1,1,1,1,0,12,12,7,12,7,0,2,proser,native,0.7,97,514,65,0,0,0.17592592592592593,risk_ucb,0.2913811416668872,0.2,,,0.1454246367511659,25,3fd43d54a3b289cab12c359c296b8b723b4b4f1ac0a15cf7c9637a948343ea2b
cifar100_proser_fedavg__split09__seed0__d0.5,cifar100,d0.5,B,0.2,0.05,0.05,5,12,0,finite-sample-evidence-margin,1,1,1,1,1,0,12,12,7,11,7,0,2,proser,native,0.7,97,514,65,0,0,0.17592592592592593,risk_ucb,0.31479153839182844,0.2,,,0.13796117064223237,32,3fd43d54a3b289cab12c359c296b8b723b4b4f1ac0a15cf7c9637a948343ea2b
cifar100_proser_fedavg__split09__seed0__d5.0,cifar100,d5,H,0.2,0.05,0.05,5,12,0,finite-sample-evidence-margin,1,1,1,1,1,0,12,12,10,12,10,0,7,energy,energy,1.0,142,735,130,0,0,0.19014084507042253,holm_adjusted_pvalue,1.0,0.05,0.4331778631415378,10,0.22565266954182683,,fac88598187efcbb0bf526abab9afc129f91c3303beb96bd4ad19b7ddb11b77e
cifar100_proser_fedavg__split09__seed0__d5.0,cifar100,d5,S,0.2,0.05,0.05,5,12,0,finite-sample-evidence-margin,1,1,1,1,1,0,12,12,10,12,10,0,7,energy,energy,1.0,142,735,130,0,0,0.19014084507042253,risk_ucb,0.2908265263488629,0.2,,,0.22565266954182683,25,fac88598187efcbb0bf526abab9afc129f91c3303beb96bd4ad19b7ddb11b77e
cifar100_proser_fedavg__split09__seed0__d5.0,cifar100,d5,B,0.2,0.05,0.05,5,12,0,finite-sample-evidence-margin,1,1,1,1,1,0,12,12,10,12,10,0,7,energy,energy,1.0,142,735,130,0,0,0.19014084507042253,risk_ucb,0.3110780578801678,0.2,,,0.21664275072322936,32,fac88598187efcbb0bf526abab9afc129f91c3303beb96bd4ad19b7ddb11b77e
cifar100_proser_fedavg__split09__seed1__d0.1,cifar100,d0.1,H,0.2,0.05,0.05,5,12,0,selector-tradeoff,1,1,1,1,0,0,12,12,3,7,0,0,,,,,,,,,,,holm_adjusted_pvalue,,0.05,,,,,e467f1c11f7c050abfdc1a70a059036cb15c1534084b188340243e3c34587fd5
cifar100_proser_fedavg__split09__seed1__d0.1,cifar100,d0.1,S,0.2,0.05,0.05,5,12,0,selector-tradeoff,1,1,1,1,0,0,12,12,3,6,0,0,,,,,,,,,,,risk_ucb,,0.2,,,,25,e467f1c11f7c050abfdc1a70a059036cb15c1534084b188340243e3c34587fd5
cifar100_proser_fedavg__split09__seed1__d0.1,cifar100,d0.1,B,0.2,0.05,0.05,5,12,0,selector-tradeoff,1,1,1,1,0,0,12,12,3,6,0,0,,,,,,,,,,,risk_ucb,,0.2,,,,32,e467f1c11f7c050abfdc1a70a059036cb15c1534084b188340243e3c34587fd5
cifar100_proser_fedavg__split09__seed1__d0.5,cifar100,d0.5,H,0.2,0.05,0.05,5,12,0,finite-sample-evidence-margin,1,1,1,1,1,0,12,12,7,11,6,0,2,proser,native,0.7,108,607,89,0,0,0.18518518518518517,holm_adjusted_pvalue,1.0,0.05,0.40448529301809655,5,0.16475229402669117,,08c2a135954e15decf2d0be31258fd3eb6c2bc2f33954b2fcbcd13f3d556fdbb
cifar100_proser_fedavg__split09__seed1__d0.5,cifar100,d0.5,S,0.2,0.05,0.05,5,12,0,finite-sample-evidence-margin,1,1,1,1,1,0,12,12,7,11,6,0,2,proser,native,0.7,108,607,89,0,0,0.18518518518518517,risk_ucb,0.30205247608266017,0.2,,,0.16475229402669117,25,08c2a135954e15decf2d0be31258fd3eb6c2bc2f33954b2fcbcd13f3d556fdbb
cifar100_proser_fedavg__split09__seed1__d0.5,cifar100,d0.5,B,0.2,0.05,0.05,5,12,0,finite-sample-evidence-margin,1,1,1,1,1,0,12,12,7,11,6,0,2,proser,native,0.7,108,607,89,0,0,0.18518518518518517,risk_ucb,0.3256252261161583,0.2,,,0.15685771910815968,32,08c2a135954e15decf2d0be31258fd3eb6c2bc2f33954b2fcbcd13f3d556fdbb
cifar100_proser_fedavg__split09__seed1__d5.0,cifar100,d5,H,0.2,0.05,0.05,5,12,0,finite-sample-evidence-margin,1,1,1,1,1,0,12,12,5,12,5,0,2,proser,native,0.7,125,676,101,0,0,0.2,holm_adjusted_pvalue,1.0,0.05,0.5532517394536998,5,0.19500134841768255,,d864949a68a2d0abe38820bfdcb5838bdce7c9a5ce61676740697ae080f28910
cifar100_proser_fedavg__split09__seed1__d5.0,cifar100,d5,S,0.2,0.05,0.05,5,12,0,finite-sample-evidence-margin,1,1,1,1,1,0,12,12,5,12,5,0,2,proser,native,0.7,125,676,101,0,0,0.2,risk_ucb,0.3095216370881285,0.2,,,0.19500134841768255,25,d864949a68a2d0abe38820bfdcb5838bdce7c9a5ce61676740697ae080f28910
cifar100_proser_fedavg__split09__seed1__d5.0,cifar100,d5,B,0.2,0.05,0.05,5,12,0,finite-sample-evidence-margin,1,1,1,1,1,0,12,12,5,12,5,0,2,proser,native,0.7,125,676,101,0,0,0.2,risk_ucb,0.3314469687078123,0.2,,,0.18651140825857176,32,d864949a68a2d0abe38820bfdcb5838bdce7c9a5ce61676740697ae080f28910
cifar100_proser_fedavg__split09__seed2__d0.1,cifar100,d0.1,H,0.2,0.05,0.05,5,12,0,finite-sample-evidence-margin,1,1,1,1,1,0,11,10,6,6,2,0,10,margin,margin,0.7,55,353,51,0,0,0.18181818181818182,holm_adjusted_pvalue,1.0,0.05,0.44634444061056333,3,0.07401746360520257,,28e58f88181527f3b46249480e9cbf6e4db59661f1641aad58bae1170bd68215
cifar100_proser_fedavg__split09__seed2__d0.1,cifar100,d0.1,S,0.2,0.05,0.05,5,12,0,finite-sample-evidence-margin,1,1,1,1,1,0,11,10,6,6,2,0,10,margin,margin,0.7,55,353,51,0,0,0.18181818181818182,risk_ucb,0.35392584076977246,0.2,,,0.07401746360520257,25,28e58f88181527f3b46249480e9cbf6e4db59661f1641aad58bae1170bd68215
cifar100_proser_fedavg__split09__seed2__d0.1,cifar100,d0.1,B,0.2,0.05,0.05,5,12,0,finite-sample-evidence-margin,1,1,1,1,1,0,11,10,6,6,2,0,10,margin,margin,0.7,55,353,51,0,0,0.18181818181818182,risk_ucb,0.3883721758063196,0.2,,,0.0686444135169195,32,28e58f88181527f3b46249480e9cbf6e4db59661f1641aad58bae1170bd68215
cifar100_proser_fedavg__split09__seed2__d0.5,cifar100,d0.5,H,0.2,0.05,0.05,5,12,0,finite-sample-evidence-margin,1,1,1,1,1,0,12,12,7,11,7,0,10,margin,margin,0.7,103,565,70,0,0,0.1984126984126984,holm_adjusted_pvalue,1.0,0.05,0.5354728303026653,7,0.15594128738219837,,dfc60a201605fe0b3ea6275441b2ef21dc9c362b47a8fe8368e19240227d24e6
cifar100_proser_fedavg__split09__seed2__d0.5,cifar100,d0.5,S,0.2,0.05,0.05,5,12,0,finite-sample-evidence-margin,1,1,1,1,1,0,12,12,7,11,7,0,10,margin,margin,0.7,103,565,70,0,0,0.1984126984126984,risk_ucb,0.3072393433023629,0.2,,,0.15594128738219837,25,dfc60a201605fe0b3ea6275441b2ef21dc9c362b47a8fe8368e19240227d24e6
cifar100_proser_fedavg__split09__seed2__d0.5,cifar100,d0.5,B,0.2,0.05,0.05,5,12,0,finite-sample-evidence-margin,1,1,1,1,1,0,12,12,7,11,7,0,10,margin,margin,0.7,103,565,70,0,0,0.1984126984126984,risk_ucb,0.32904284837161024,0.2,,,0.14823786811815853,32,dfc60a201605fe0b3ea6275441b2ef21dc9c362b47a8fe8368e19240227d24e6
cifar100_proser_fedavg__split09__seed2__d5.0,cifar100,d5,H,0.2,0.05,0.05,5,12,0,finite-sample-evidence-margin,1,1,1,1,1,0,12,12,11,11,10,0,11,margin,margin,1.0,156,866,130,0,0,0.19230769230769232,holm_adjusted_pvalue,1.0,0.05,0.4521359234425405,11,0.2511630151052387,,4be1a9604b7040f60c5eb28e96bf2d0b43453f67e9ec7ae2163b01211710fbdf
cifar100_proser_fedavg__split09__seed2__d5.0,cifar100,d5,S,0.2,0.05,0.05,5,12,0,finite-sample-evidence-margin,1,1,1,1,1,0,12,12,11,11,10,0,11,margin,margin,1.0,156,866,130,0,0,0.19230769230769232,risk_ucb,0.28807739795500437,0.2,,,0.2511630151052387,25,4be1a9604b7040f60c5eb28e96bf2d0b43453f67e9ec7ae2163b01211710fbdf
cifar100_proser_fedavg__split09__seed2__d5.0,cifar100,d5,B,0.2,0.05,0.05,5,12,0,finite-sample-evidence-margin,1,1,1,1,1,0,12,12,11,11,10,0,11,margin,margin,1.0,156,866,130,0,0,0.19230769230769232,risk_ucb,0.3073130597112298,0.2,,,0.24177519870414718,32,4be1a9604b7040f60c5eb28e96bf2d0b43453f67e9ec7ae2163b01211710fbdf
cifar100_proser_fedavg__split09__seed3__d0.1,cifar100,d0.1,H,0.2,0.05,0.05,5,12,0,finite-sample-evidence-margin,1,1,1,1,1,0,12,11,3,10,3,0,1,proser,native,0.5,45,286,35,0,0,0.15555555555555556,holm_adjusted_pvalue,1.0,0.05,0.29745673576007053,1,0.05781552689417219,,7b4ee5141ee707f3ce768109c03f62f5f72c086fe2ded2750594dd44b765de3e
cifar100_proser_fedavg__split09__seed3__d0.1,cifar100,d0.1,S,0.2,0.05,0.05,5,12,0,finite-sample-evidence-margin,1,1,1,1,1,0,12,11,3,10,3,0,1,proser,native,0.5,45,286,35,0,0,0.15555555555555556,risk_ucb,0.3441144009845856,0.2,,,0.05781552689417219,25,7b4ee5141ee707f3ce768109c03f62f5f72c086fe2ded2750594dd44b765de3e
cifar100_proser_fedavg__split09__seed3__d0.1,cifar100,d0.1,B,0.2,0.05,0.05,5,12,0,finite-sample-evidence-margin,1,1,1,1,1,0,12,11,3,10,3,0,1,proser,native,0.5,45,286,35,0,0,0.15555555555555556,risk_ucb,0.38236218808093725,0.2,,,0.05308766076529252,32,7b4ee5141ee707f3ce768109c03f62f5f72c086fe2ded2750594dd44b765de3e
cifar100_proser_fedavg__split09__seed3__d0.5,cifar100,d0.5,H,0.2,0.05,0.05,5,12,0,finite-sample-evidence-margin,1,1,1,1,1,0,12,12,5,12,5,0,1,proser,native,0.5,74,434,34,0,0,0.1891891891891892,holm_adjusted_pvalue,1.0,0.05,0.47691909025899876,5,0.1057690692233078,,f9eb099afb61886019d044e3a23b3bfca4ea67b7c5ca6288fe12d32e934050cc
cifar100_proser_fedavg__split09__seed3__d0.5,cifar100,d0.5,S,0.2,0.05,0.05,5,12,0,finite-sample-evidence-margin,1,1,1,1,1,0,12,12,5,11,4,0,1,proser,native,0.5,74,434,34,0,0,0.1891891891891892,risk_ucb,0.3351120710141324,0.2,,,0.1057690692233078,25,f9eb099afb61886019d044e3a23b3bfca4ea67b7c5ca6288fe12d32e934050cc
cifar100_proser_fedavg__split09__seed3__d0.5,cifar100,d0.5,B,0.2,0.05,0.05,5,12,0,finite-sample-evidence-margin,1,1,1,1,1,0,12,12,5,9,2,0,1,proser,native,0.5,74,434,34,0,0,0.1891891891891892,risk_ucb,0.36437866317117446,0.2,,,0.09934809231425043,32,f9eb099afb61886019d044e3a23b3bfca4ea67b7c5ca6288fe12d32e934050cc
cifar100_proser_fedavg__split09__seed3__d5.0,cifar100,d5,H,0.2,0.05,0.05,5,12,0,finite-sample-evidence-margin,1,1,1,1,1,0,12,12,6,12,6,0,9,margin,margin,0.5,100,581,63,0,0,0.17272727272727273,holm_adjusted_pvalue,1.0,0.05,0.2809490501701379,5,0.150675020319364,,3370616a8358da6e608069a5e91f7dd868f27b564aa06fc0b91f23f7a6f13fe9
cifar100_proser_fedavg__split09__seed3__d5.0,cifar100,d5,S,0.2,0.05,0.05,5,12,0,finite-sample-evidence-margin,1,1,1,1,1,0,12,12,6,12,6,0,9,margin,margin,0.5,100,581,63,0,0,0.17272727272727273,risk_ucb,0.2864643957534829,0.2,,,0.150675020319364,25,3370616a8358da6e608069a5e91f7dd868f27b564aa06fc0b91f23f7a6f13fe9
cifar100_proser_fedavg__split09__seed3__d5.0,cifar100,d5,B,0.2,0.05,0.05,5,12,0,finite-sample-evidence-margin,1,1,1,1,1,0,12,12,6,11,5,0,9,margin,margin,0.5,100,581,63,0,0,0.17272727272727273,risk_ucb,0.30956900816802546,0.2,,,0.14309009461546196,32,3370616a8358da6e608069a5e91f7dd868f27b564aa06fc0b91f23f7a6f13fe9
cifar100_proser_fedavg__split09__seed4__d0.1,cifar100,d0.1,H,0.2,0.05,0.05,5,12,0,selector-tradeoff,1,1,1,1,0,0,11,11,2,8,0,0,,,,,,,,,,,holm_adjusted_pvalue,,0.05,,,,,c8e50a74488d7d2099d4cabc9fc39e433375fe64c2e72a94c296fe18febff579
cifar100_proser_fedavg__split09__seed4__d0.1,cifar100,d0.1,S,0.2,0.05,0.05,5,12,0,selector-tradeoff,1,1,1,1,0,0,11,11,2,8,0,0,,,,,,,,,,,risk_ucb,,0.2,,,,25,c8e50a74488d7d2099d4cabc9fc39e433375fe64c2e72a94c296fe18febff579
cifar100_proser_fedavg__split09__seed4__d0.1,cifar100,d0.1,B,0.2,0.05,0.05,5,12,0,selector-tradeoff,1,1,1,1,0,0,11,11,2,7,0,0,,,,,,,,,,,risk_ucb,,0.2,,,,32,c8e50a74488d7d2099d4cabc9fc39e433375fe64c2e72a94c296fe18febff579
cifar100_proser_fedavg__split09__seed4__d0.5,cifar100,d0.5,H,0.2,0.05,0.05,5,12,0,finite-sample-evidence-margin,1,1,1,1,1,0,12,12,6,12,6,0,10,margin,margin,0.7,103,598,88,0,0,0.1810344827586207,holm_adjusted_pvalue,1.0,0.05,0.35402806875601245,6,0.15594128738219837,,f5e1e82f993f1a740ce321dfde126266a65f1f4c7de640d5cfdcc04abbb1a104
cifar100_proser_fedavg__split09__seed4__d0.5,cifar100,d0.5,S,0.2,0.05,0.05,5,12,0,finite-sample-evidence-margin,1,1,1,1,1,0,12,12,6,12,6,0,10,margin,margin,0.7,103,598,88,0,0,0.1810344827586207,risk_ucb,0.2926196410208435,0.2,,,0.15594128738219837,25,f5e1e82f993f1a740ce321dfde126266a65f1f4c7de640d5cfdcc04abbb1a104
cifar100_proser_fedavg__split09__seed4__d0.5,cifar100,d0.5,B,0.2,0.05,0.05,5,12,0,finite-sample-evidence-margin,1,1,1,1,1,0,12,12,6,11,5,0,10,margin,margin,0.7,103,598,88,0,0,0.1810344827586207,risk_ucb,0.3151795613379683,0.2,,,0.14823786811815853,32,f5e1e82f993f1a740ce321dfde126266a65f1f4c7de640d5cfdcc04abbb1a104
cifar100_proser_fedavg__split09__seed4__d5.0,cifar100,d5,H,0.2,0.05,0.05,5,12,0,finite-sample-evidence-margin,1,1,1,1,1,0,12,12,8,12,8,0,10,margin,margin,0.7,138,715,114,0,0,0.18840579710144928,holm_adjusted_pvalue,1.0,0.05,0.4154156679320074,7,0.21840717435638365,,c94792a0750d447a5e8b025475feef344e9e700cfb8a19d585777f33093ca1de
cifar100_proser_fedavg__split09__seed4__d5.0,cifar100,d5,S,0.2,0.05,0.05,5,12,0,finite-sample-evidence-margin,1,1,1,1,1,0,12,12,8,12,8,0,10,margin,margin,0.7,138,715,114,0,0,0.18840579710144928,risk_ucb,0.29049584426787534,0.2,,,0.21840717435638365,25,c94792a0750d447a5e8b025475feef344e9e700cfb8a19d585777f33093ca1de
cifar100_proser_fedavg__split09__seed4__d5.0,cifar100,d5,B,0.2,0.05,0.05,5,12,0,finite-sample-evidence-margin,1,1,1,1,1,0,12,12,8,12,8,0,10,margin,margin,0.7,138,715,114,0,0,0.18840579710144928,risk_ucb,0.31104932193696105,0.2,,,0.20951333356002763,32,c94792a0750d447a5e8b025475feef344e9e700cfb8a19d585777f33093ca1de
cifar10_proser_fedavg__split00__seed0__d0.1,cifar10,d0.1,H,0.2,0.05,0.05,5,12,0,joint-count-and-empirical,1,1,0,0,0,0,3,3,0,0,0,0,,,,,,,,,,,holm_adjusted_pvalue,,0.05,,,,,2e48beba369813e6c7a4f3cb2ed77fbb2ff7acebeb6334033619221e6608c2b8
cifar10_proser_fedavg__split00__seed0__d0.1,cifar10,d0.1,S,0.2,0.05,0.05,5,12,0,joint-count-and-empirical,1,1,0,0,0,0,3,3,0,0,0,0,,,,,,,,,,,risk_ucb,,0.2,,,,25,2e48beba369813e6c7a4f3cb2ed77fbb2ff7acebeb6334033619221e6608c2b8
cifar10_proser_fedavg__split00__seed0__d0.1,cifar10,d0.1,B,0.2,0.05,0.05,5,12,0,joint-count-and-empirical,1,1,0,0,0,0,3,3,0,0,0,0,,,,,,,,,,,risk_ucb,,0.2,,,,32,2e48beba369813e6c7a4f3cb2ed77fbb2ff7acebeb6334033619221e6608c2b8
cifar10_proser_fedavg__split00__seed0__d0.5,cifar10,d0.5,H,0.2,0.05,0.05,5,12,0,finite-sample-evidence-margin,1,1,1,1,1,0,12,12,6,12,6,0,9,margin,margin,0.5,52,302,23,0,0,0.1346153846153846,holm_adjusted_pvalue,1.0,0.05,0.15687080097238035,3,0.0691134087895594,,8db37f4545dbc22748381509d4d777919b9269349c602ce0b850735b0613d7e8
cifar10_proser_fedavg__split00__seed0__d0.5,cifar10,d0.5,S,0.2,0.05,0.05,5,12,0,finite-sample-evidence-margin,1,1,1,1,1,0,12,12,6,9,3,0,9,margin,margin,0.5,52,302,23,0,0,0.1346153846153846,risk_ucb,0.30264406152525575,0.2,,,0.0691134087895594,25,8db37f4545dbc22748381509d4d777919b9269349c602ce0b850735b0613d7e8
cifar10_proser_fedavg__split00__seed0__d0.5,cifar10,d0.5,B,0.2,0.05,0.05,5,12,0,finite-sample-evidence-margin,1,1,1,1,1,0,12,12,6,9,3,0,9,margin,margin,0.5,52,302,23,0,0,0.1346153846153846,risk_ucb,0.3375185996348416,0.2,,,0.06392596034304578,32,8db37f4545dbc22748381509d4d777919b9269349c602ce0b850735b0613d7e8
cifar10_proser_fedavg__split00__seed0__d5.0,cifar10,d5,H,0.2,0.05,0.05,5,12,0,finite-sample-evidence-margin,1,1,1,1,1,0,11,11,8,11,8,0,10,margin,margin,0.7,211,1155,162,0,0,0.2,holm_adjusted_pvalue,1.0,0.05,0.5397814197336206,8,0.35339710447454004,,c067715c94f0aa77a5fbd71148a802d89296249bc1edf6cb2ce4f326737031bc
cifar10_proser_fedavg__split00__seed0__d5.0,cifar10,d5,S,0.2,0.05,0.05,5,12,0,finite-sample-evidence-margin,1,1,1,1,1,0,11,11,8,11,8,0,10,margin,margin,0.7,211,1155,162,0,0,0.2,risk_ucb,0.2789198502098929,0.2,,,0.35339710447454004,25,c067715c94f0aa77a5fbd71148a802d89296249bc1edf6cb2ce4f326737031bc
cifar10_proser_fedavg__split00__seed0__d5.0,cifar10,d5,B,0.2,0.05,0.05,5,12,0,finite-sample-evidence-margin,1,1,1,1,1,0,11,11,8,11,8,0,10,margin,margin,0.7,211,1155,162,0,0,0.2,risk_ucb,0.2946826262327032,0.2,,,0.34290357774870084,32,c067715c94f0aa77a5fbd71148a802d89296249bc1edf6cb2ce4f326737031bc
cifar10_proser_fedavg__split00__seed1__d0.1,cifar10,d0.1,H,0.2,0.05,0.05,5,12,0,finite-sample-evidence-margin,1,1,1,1,1,0,12,12,11,11,10,0,3,proser,native,1.0,135,842,138,0,0,0.1925925925925926,holm_adjusted_pvalue,1.0,0.05,0.4656998374712232,11,0.21298622695495215,,2799c1d8a633e63c3beaefffc771274ee042a569eb9596183a3c9f04549ad9be
cifar10_proser_fedavg__split00__seed1__d0.1,cifar10,d0.1,S,0.2,0.05,0.05,5,12,0,finite-sample-evidence-margin,1,1,1,1,1,0,12,12,11,8,7,0,3,proser,native,1.0,135,842,138,0,0,0.1925925925925926,risk_ucb,0.2965192939564963,0.2,,,0.21298622695495215,25,2799c1d8a633e63c3beaefffc771274ee042a569eb9596183a3c9f04549ad9be
cifar10_proser_fedavg__split00__seed1__d0.1,cifar10,d0.1,B,0.2,0.05,0.05,5,12,0,finite-sample-evidence-margin,1,1,1,1,1,0,12,12,11,8,7,0,3,proser,native,1.0,135,842,138,0,0,0.1925925925925926,risk_ucb,0.3174003125551791,0.2,,,0.2041819170541893,32,2799c1d8a633e63c3beaefffc771274ee042a569eb9596183a3c9f04549ad9be
cifar10_proser_fedavg__split00__seed1__d0.5,cifar10,d0.5,H,0.2,0.05,0.05,5,12,1,certified,1,1,1,1,1,1,12,12,12,12,12,3,1,proser,native,0.5,157,834,70,0,0,0.1206896551724138,holm_adjusted_pvalue,0.04331892654156557,0.05,0.004052849173907023,3,0.2529938396411717,,b63215329d069a3596b982c3c2ce143536619dbf6dcc27bf28989020d6c2d200
cifar10_proser_fedavg__split00__seed1__d0.5,cifar10,d0.5,S,0.2,0.05,0.05,5,12,1,certified,1,1,1,1,1,1,12,12,12,12,12,3,1,proser,native,0.5,157,834,70,0,0,0.1206896551724138,risk_ucb,0.199699732677872,0.2,,,0.2529938396411717,25,b63215329d069a3596b982c3c2ce143536619dbf6dcc27bf28989020d6c2d200
cifar10_proser_fedavg__split00__seed1__d0.5,cifar10,d0.5,B,0.2,0.05,0.05,5,12,0,finite-sample-evidence-margin,1,1,1,1,1,0,12,12,12,12,12,0,11,margin,margin,1.0,299,1590,261,0,0,0.190625,risk_ucb,0.2676083612529188,0.2,,,0.5115874617482102,32,b63215329d069a3596b982c3c2ce143536619dbf6dcc27bf28989020d6c2d200
cifar10_proser_fedavg__split00__seed1__d5.0,cifar10,d5,H,0.2,0.05,0.05,5,12,1,certified,1,1,1,1,1,1,12,12,11,12,11,5,9,margin,margin,0.5,160,848,66,0,0,0.09146341463414634,holm_adjusted_pvalue,0.0015288657003575184,0.05,0.0001274054750297932,1,0.25849300856548196,,b6521e75005ebaf5586de88adc6e3ab8e19c400f7f79e0b5916448224cb635c7
cifar10_proser_fedavg__split00__seed1__d5.0,cifar10,d5,S,0.2,0.05,0.05,5,12,1,certified,1,1,1,1,1,1,12,12,11,12,11,4,9,margin,margin,0.5,160,848,66,0,0,0.09146341463414634,risk_ucb,0.16680996089156705,0.2,,,0.25849300856548196,25,b6521e75005ebaf5586de88adc6e3ab8e19c400f7f79e0b5916448224cb635c7
cifar10_proser_fedavg__split00__seed1__d5.0,cifar10,d5,B,0.2,0.05,0.05,5,12,1,certified,1,1,1,1,1,1,12,12,11,12,11,2,9,margin,margin,0.5,160,848,66,0,0,0.09146341463414634,risk_ucb,0.18292239678444103,0.2,,,0.24900498518432881,32,b6521e75005ebaf5586de88adc6e3ab8e19c400f7f79e0b5916448224cb635c7
cifar10_proser_fedavg__split00__seed2__d0.1,cifar10,d0.1,H,0.2,0.05,0.05,5,12,0,finite-sample-evidence-margin,1,1,1,1,1,0,12,12,7,11,7,0,11,margin,margin,1.0,111,583,91,0,0,0.18487394957983194,holm_adjusted_pvalue,1.0,0.05,0.39105240906276517,4,0.1700584629511604,,3ddfc6288fa7c2b0ba7c474a9bac2c67ab4f0cc188dfb72454b5599d43f49a9c
cifar10_proser_fedavg__split00__seed2__d0.1,cifar10,d0.1,S,0.2,0.05,0.05,5,12,0,finite-sample-evidence-margin,1,1,1,1,1,0,12,12,7,10,6,0,11,margin,margin,1.0,111,583,91,0,0,0.18487394957983194,risk_ucb,0.295403282089574,0.2,,,0.1700584629511604,25,3ddfc6288fa7c2b0ba7c474a9bac2c67ab4f0cc188dfb72454b5599d43f49a9c
cifar10_proser_fedavg__split00__seed2__d0.1,cifar10,d0.1,B,0.2,0.05,0.05,5,12,0,finite-sample-evidence-margin,1,1,1,1,1,0,12,12,7,9,5,0,11,margin,margin,1.0,111,583,91,0,0,0.18487394957983194,risk_ucb,0.31770281751817603,0.2,,,0.16205285280090478,32,3ddfc6288fa7c2b0ba7c474a9bac2c67ab4f0cc188dfb72454b5599d43f49a9c
cifar10_proser_fedavg__split00__seed2__d0.5,cifar10,d0.5,H,0.2,0.05,0.05,5,12,1,certified,1,1,1,1,1,1,12,12,9,12,9,4,5,energy,energy,0.5,173,925,90,0,0,0.11891891891891893,holm_adjusted_pvalue,0.022557605451332594,0.05,0.0025064006057036216,4,0.2824355370849913,,cf040f3d732dfe4180b581e905c4103019a6b47ef1e605f219275fb75f801100
cifar10_proser_fedavg__split00__seed2__d0.5,cifar10,d0.5,S,0.2,0.05,0.05,5,12,1,certified,1,1,1,1,1,1,12,12,9,12,9,4,5,energy,energy,0.5,173,925,90,0,0,0.11891891891891893,risk_ucb,0.1948049070269773,0.2,,,0.2824355370849913,25,cf040f3d732dfe4180b581e905c4103019a6b47ef1e605f219275fb75f801100
cifar10_proser_fedavg__split00__seed2__d0.5,cifar10,d0.5,B,0.2,0.05,0.05,5,12,1,certified,1,1,1,1,1,1,12,12,9,12,9,3,0,proser,native,0.3,105,610,26,0,0,0.06293706293706294,risk_ucb,0.15277930289607508,0.2,,,0.15167988187265877,32,cf040f3d732dfe4180b581e905c4103019a6b47ef1e605f219275fb75f801100
cifar10_proser_fedavg__split00__seed2__d5.0,cifar10,d5,H,0.2,0.05,0.05,5,12,1,certified,1,1,1,1,1,1,11,11,8,11,8,4,9,margin,margin,0.5,136,722,54,0,0,0.09420289855072464,holm_adjusted_pvalue,0.0073431225265267845,0.05,0.0006119268772105654,1,0.21479193734703367,,5110234a79b143b8e488d72c0f34d83bb09ae7868497e6ce84e60e43f39ba228
cifar10_proser_fedavg__split00__seed2__d5.0,cifar10,d5,S,0.2,0.05,0.05,5,12,1,certified,1,1,1,1,1,1,11,11,8,11,8,4,9,margin,margin,0.5,136,722,54,0,0,0.09420289855072464,risk_ucb,0.17863093490136828,0.2,,,0.21479193734703367,25,5110234a79b143b8e488d72c0f34d83bb09ae7868497e6ce84e60e43f39ba228
cifar10_proser_fedavg__split00__seed2__d5.0,cifar10,d5,B,0.2,0.05,0.05,5,12,1,certified,1,1,1,1,1,1,11,11,8,11,8,1,9,margin,margin,0.5,136,722,54,0,0,0.09420289855072464,risk_ucb,0.1967219302601794,0.2,,,0.20595754512471323,32,5110234a79b143b8e488d72c0f34d83bb09ae7868497e6ce84e60e43f39ba228
cifar10_proser_fedavg__split00__seed3__d0.1,cifar10,d0.1,H,0.2,0.05,0.05,5,12,0,finite-sample-evidence-margin,1,1,1,1,1,0,12,12,5,12,5,0,6,energy,energy,0.7,113,618,82,0,0,0.1953125,holm_adjusted_pvalue,1.0,0.05,0.5000550066725328,3,0.17360379044258428,,f74144f90499fa40b03b14b6b368e314db18937ce6b7d862551f73ad70564b40
cifar10_proser_fedavg__split00__seed3__d0.1,cifar10,d0.1,S,0.2,0.05,0.05,5,12,0,finite-sample-evidence-margin,1,1,1,1,1,0,12,12,5,11,5,0,6,energy,energy,0.7,113,618,82,0,0,0.1953125,risk_ucb,0.30277360347992155,0.2,,,0.17360379044258428,25,f74144f90499fa40b03b14b6b368e314db18937ce6b7d862551f73ad70564b40
cifar10_proser_fedavg__split00__seed3__d0.1,cifar10,d0.1,B,0.2,0.05,0.05,5,12,0,finite-sample-evidence-margin,1,1,1,1,1,0,12,12,5,8,4,0,6,energy,energy,0.7,113,618,82,0,0,0.1953125,risk_ucb,0.3243368323647155,0.2,,,0.1655256312297801,32,f74144f90499fa40b03b14b6b368e314db18937ce6b7d862551f73ad70564b40
cifar10_proser_fedavg__split00__seed3__d0.5,cifar10,d0.5,H,0.2,0.05,0.05,5,12,0,finite-sample-evidence-margin,1,1,1,1,1,0,12,12,9,12,9,0,10,margin,margin,0.7,211,1107,150,0,0,0.1729957805907173,holm_adjusted_pvalue,1.0,0.05,0.1692686050034552,7,0.35339710447454004,,7b2cc6e234e8f3d1c2e62c00d5d601d5098d2774a16e37cda8b639fc2ae2b508
cifar10_proser_fedavg__split00__seed3__d0.5,cifar10,d0.5,S,0.2,0.05,0.05,5,12,0,finite-sample-evidence-margin,1,1,1,1,1,0,12,12,9,12,9,0,10,margin,margin,0.7,211,1107,150,0,0,0.1729957805907173,risk_ucb,0.24663018313101814,0.2,,,0.35339710447454004,25,7b2cc6e234e8f3d1c2e62c00d5d601d5098d2774a16e37cda8b639fc2ae2b508
cifar10_proser_fedavg__split00__seed3__d0.5,cifar10,d0.5,B,0.2,0.05,0.05,5,12,0,finite-sample-evidence-margin,1,1,1,1,1,0,12,12,9,12,9,0,10,margin,margin,0.7,211,1107,150,0,0,0.1729957805907173,risk_ucb,0.2614922571026343,0.2,,,0.34290357774870084,32,7b2cc6e234e8f3d1c2e62c00d5d601d5098d2774a16e37cda8b639fc2ae2b508
cifar10_proser_fedavg__split00__seed3__d5.0,cifar10,d5,H,0.2,0.05,0.05,5,12,0,finite-sample-evidence-margin,1,1,1,1,1,0,10,10,5,7,3,0,2,proser,native,0.7,145,766,106,0,0,0.17901234567901234,holm_adjusted_pvalue,1.0,0.05,0.2891045786583267,2,0.23109967341549031,,bd40f724b8f36ae2ebb9dc51d4111e8ba31ad53e3ef0ef9767f5e0e5dea9ae36
cifar10_proser_fedavg__split00__seed3__d5.0,cifar10,d5,S,0.2,0.05,0.05,5,12,0,finite-sample-evidence-margin,1,1,1,1,1,0,10,10,5,7,3,0,2,proser,native,0.7,145,766,106,0,0,0.17901234567901234,risk_ucb,0.2710446853785076,0.2,,,0.23109967341549031,25,bd40f724b8f36ae2ebb9dc51d4111e8ba31ad53e3ef0ef9767f5e0e5dea9ae36
cifar10_proser_fedavg__split00__seed3__d5.0,cifar10,d5,B,0.2,0.05,0.05,5,12,0,finite-sample-evidence-margin,1,1,1,1,1,0,10,10,5,7,3,0,2,proser,native,0.7,145,766,106,0,0,0.17901234567901234,risk_ucb,0.2896428173482072,0.2,,,0.22200511444174184,32,bd40f724b8f36ae2ebb9dc51d4111e8ba31ad53e3ef0ef9767f5e0e5dea9ae36
cifar10_proser_fedavg__split00__seed4__d0.1,cifar10,d0.1,H,0.2,0.05,0.05,5,12,0,finite-sample-evidence-margin,1,1,1,1,1,0,12,12,6,12,6,0,9,margin,margin,0.5,91,594,70,0,0,0.15748031496062992,holm_adjusted_pvalue,1.0,0.05,0.13736511988493266,2,0.13497382023620927,,285f4cbf8c7810000682fba50dcb20749c5862f690ce9bd146de20ca2654e34d
cifar10_proser_fedavg__split00__seed4__d0.1,cifar10,d0.1,S,0.2,0.05,0.05,5,12,0,finite-sample-evidence-margin,1,1,1,1,1,0,12,12,6,12,6,0,9,margin,margin,0.5,91,594,70,0,0,0.15748031496062992,risk_ucb,0.2604562271301701,0.2,,,0.13497382023620927,25,285f4cbf8c7810000682fba50dcb20749c5862f690ce9bd146de20ca2654e34d
cifar10_proser_fedavg__split00__seed4__d0.1,cifar10,d0.1,B,0.2,0.05,0.05,5,12,0,finite-sample-evidence-margin,1,1,1,1,1,0,12,12,6,12,6,0,9,margin,margin,0.5,91,594,70,0,0,0.15748031496062992,risk_ucb,0.28235576974532917,0.2,,,0.12776259345145724,32,285f4cbf8c7810000682fba50dcb20749c5862f690ce9bd146de20ca2654e34d
cifar10_proser_fedavg__split00__seed4__d0.5,cifar10,d0.5,H,0.2,0.05,0.05,5,12,0,finite-sample-evidence-margin,1,1,1,1,1,0,9,9,5,8,5,0,10,margin,margin,0.7,160,847,109,0,0,0.1657754010695187,holm_adjusted_pvalue,1.0,0.05,0.13953953387362575,3,0.25849300856548196,,fa905be37d2373a6349920e1cbedaabb13ab0bcbc9bd2ec9d15c853ab03c4c82
cifar10_proser_fedavg__split00__seed4__d0.5,cifar10,d0.5,S,0.2,0.05,0.05,5,12,0,finite-sample-evidence-margin,1,1,1,1,1,0,9,9,5,8,5,0,10,margin,margin,0.7,160,847,109,0,0,0.1657754010695187,risk_ucb,0.24887861860295035,0.2,,,0.25849300856548196,25,fa905be37d2373a6349920e1cbedaabb13ab0bcbc9bd2ec9d15c853ab03c4c82
cifar10_proser_fedavg__split00__seed4__d0.5,cifar10,d0.5,B,0.2,0.05,0.05,5,12,0,finite-sample-evidence-margin,1,1,1,1,1,0,9,9,5,7,4,0,10,margin,margin,0.7,160,847,109,0,0,0.1657754010695187,risk_ucb,0.26575740813952736,0.2,,,0.24900498518432881,32,fa905be37d2373a6349920e1cbedaabb13ab0bcbc9bd2ec9d15c853ab03c4c82
cifar10_proser_fedavg__split00__seed4__d5.0,cifar10,d5,H,0.2,0.05,0.05,5,12,0,finite-sample-evidence-margin,1,1,1,1,1,0,11,11,6,11,6,0,6,energy,energy,0.7,153,820,134,0,0,0.18716577540106952,holm_adjusted_pvalue,1.0,0.05,0.37032897113850477,4,0.24567732167974182,,40673bd9c1b9fb564a9f0a8b7c21485513e442f2a585cb439f14daaa8620a709
cifar10_proser_fedavg__split00__seed4__d5.0,cifar10,d5,S,0.2,0.05,0.05,5,12,0,finite-sample-evidence-margin,1,1,1,1,1,0,11,11,6,11,6,0,6,energy,energy,0.7,153,820,134,0,0,0.18716577540106952,risk_ucb,0.27308054020969436,0.2,,,0.24567732167974182,25,40673bd9c1b9fb564a9f0a8b7c21485513e442f2a585cb439f14daaa8620a709
cifar10_proser_fedavg__split00__seed4__d5.0,cifar10,d5,B,0.2,0.05,0.05,5,12,0,finite-sample-evidence-margin,1,1,1,1,1,0,11,11,6,10,5,0,6,energy,energy,0.7,153,820,134,0,0,0.18716577540106952,risk_ucb,0.2903572027955743,0.2,,,0.2363668783624944,32,40673bd9c1b9fb564a9f0a8b7c21485513e442f2a585cb439f14daaa8620a709
cifar10_proser_fedavg__split01__seed0__d0.1,cifar10,d0.1,H,0.2,0.05,0.05,5,12,0,proposal-infeasible,0,0,0,0,0,0,0,0,0,0,0,0,,,,,,,,,,,holm_adjusted_pvalue,,0.05,,,,,43d2677b55bd5fe9fe9468abe02d5dd8e0ae1e476841b1b3e683e9d5c66b09a1
cifar10_proser_fedavg__split01__seed0__d0.1,cifar10,d0.1,S,0.2,0.05,0.05,5,12,0,proposal-infeasible,0,0,0,0,0,0,0,0,0,0,0,0,,,,,,,,,,,risk_ucb,,0.2,,,,25,43d2677b55bd5fe9fe9468abe02d5dd8e0ae1e476841b1b3e683e9d5c66b09a1
cifar10_proser_fedavg__split01__seed0__d0.1,cifar10,d0.1,B,0.2,0.05,0.05,5,12,0,proposal-infeasible,0,0,0,0,0,0,0,0,0,0,0,0,,,,,,,,,,,risk_ucb,,0.2,,,,32,43d2677b55bd5fe9fe9468abe02d5dd8e0ae1e476841b1b3e683e9d5c66b09a1
cifar10_proser_fedavg__split01__seed0__d0.5,cifar10,d0.5,H,0.2,0.05,0.05,5,12,0,finite-sample-evidence-margin,1,1,1,1,1,0,12,12,3,12,3,0,4,energy,energy,0.3,36,195,14,0,0,0.13513513513513514,holm_adjusted_pvalue,1.0,0.05,0.22247699035209545,2,0.04364870567321217,,6041ccbc25eb7aa200c1584be5b7b1381e55a126c5129c48f0de7ef3f94a5dcc
cifar10_proser_fedavg__split01__seed0__d0.5,cifar10,d0.5,S,0.2,0.05,0.05,5,12,0,finite-sample-evidence-margin,1,1,1,1,1,0,12,12,3,10,1,0,4,energy,energy,0.3,36,195,14,0,0,0.13513513513513514,risk_ucb,0.34261858410899415,0.2,,,0.04364870567321217,25,6041ccbc25eb7aa200c1584be5b7b1381e55a126c5129c48f0de7ef3f94a5dcc
cifar10_proser_fedavg__split01__seed0__d0.5,cifar10,d0.5,B,0.2,0.05,0.05,5,12,0,finite-sample-evidence-margin,1,1,1,1,1,0,12,12,3,10,1,0,4,energy,energy,0.3,36,195,14,0,0,0.13513513513513514,risk_ucb,0.38510961589695514,0.2,,,0.03957695735867132,32,6041ccbc25eb7aa200c1584be5b7b1381e55a126c5129c48f0de7ef3f94a5dcc
cifar10_proser_fedavg__split01__seed0__d5.0,cifar10,d5,H,0.2,0.05,0.05,5,12,1,certified,1,1,1,1,1,1,12,12,10,12,10,5,5,energy,energy,0.5,202,1133,111,0,0,0.12376237623762376,holm_adjusted_pvalue,0.023927570646002722,0.05,0.0029909463307503403,5,0.3364653401500663,,42c0f8c1184559044e1cf3d75d2128a2b7cd05bf4640601a06dbd8e804523fed
cifar10_proser_fedavg__split01__seed0__d5.0,cifar10,d5,S,0.2,0.05,0.05,5,12,1,certified,1,1,1,1,1,1,12,12,10,12,10,5,5,energy,energy,0.5,202,1133,111,0,0,0.12376237623762376,risk_ucb,0.19673399840597927,0.2,,,0.3364653401500663,25,42c0f8c1184559044e1cf3d75d2128a2b7cd05bf4640601a06dbd8e804523fed
cifar10_proser_fedavg__split01__seed0__d5.0,cifar10,d5,B,0.2,0.05,0.05,5,12,1,certified,1,1,1,1,1,1,12,12,10,12,10,4,1,proser,native,0.5,192,1069,96,0,0,0.1076923076923077,risk_ucb,0.19407596865213733,0.2,,,0.30756633905421304,32,42c0f8c1184559044e1cf3d75d2128a2b7cd05bf4640601a06dbd8e804523fed
cifar10_proser_fedavg__split01__seed1__d0.1,cifar10,d0.1,H,0.2,0.05,0.05,5,12,1,certified,1,1,1,1,1,1,12,12,9,12,9,1,4,energy,energy,0.3,110,644,43,0,0,0.09859154929577464,holm_adjusted_pvalue,0.018714273088435575,0.05,0.0015595227573696312,1,0.16828814810062487,,98f29bfd1651b17e2fc853cc816f943c8ad211a7430719319161b748ecae7a3d
cifar10_proser_fedavg__split01__seed1__d0.1,cifar10,d0.1,S,0.2,0.05,0.05,5,12,1,certified,1,1,1,1,1,1,12,12,9,12,9,1,4,energy,energy,0.3,110,644,43,0,0,0.09859154929577464,risk_ucb,0.18707043851654115,0.2,,,0.16828814810062487,25,98f29bfd1651b17e2fc853cc816f943c8ad211a7430719319161b748ecae7a3d
cifar10_proser_fedavg__split01__seed1__d0.1,cifar10,d0.1,B,0.2,0.05,0.05,5,12,0,finite-sample-evidence-margin,1,1,1,1,1,0,12,12,9,12,9,0,2,proser,native,0.7,167,958,149,0,0,0.19760479041916168,risk_ucb,0.30902175735986864,0.2,,,0.26170728358430156,32,98f29bfd1651b17e2fc853cc816f943c8ad211a7430719319161b748ecae7a3d
cifar10_proser_fedavg__split01__seed1__d0.5,cifar10,d0.5,H,0.2,0.05,0.05,5,12,1,certified,1,1,1,1,1,1,12,12,9,12,9,7,2,proser,native,0.7,240,1331,157,0,0,0.14429530201342283,holm_adjusted_pvalue,0.04831391357583062,0.05,0.008052318929305103,7,0.4084552946345665,,5b154e39ae77032d1cd02c06e877f41110089420d12fd514334a0182a191ec4b
cifar10_proser_fedavg__split01__seed1__d0.5,cifar10,d0.5,S,0.2,0.05,0.05,5,12,1,certified,1,1,1,1,1,1,12,12,9,12,9,6,5,energy,energy,0.5,209,1168,87,0,0,0.10588235294117647,risk_ucb,0.16656590116118528,0.2,,,0.3496280054403166,25,5b154e39ae77032d1cd02c06e877f41110089420d12fd514334a0182a191ec4b
cifar10_proser_fedavg__split01__seed1__d0.5,cifar10,d0.5,B,0.2,0.05,0.05,5,12,1,certified,1,1,1,1,1,1,12,12,9,12,9,6,5,energy,energy,0.5,209,1168,87,0,0,0.10588235294117647,risk_ucb,0.1792405466417095,0.2,,,0.3391649928973496,32,5b154e39ae77032d1cd02c06e877f41110089420d12fd514334a0182a191ec4b
cifar10_proser_fedavg__split01__seed1__d5.0,cifar10,d5,H,0.2,0.05,0.05,5,12,1,certified,1,1,1,1,1,1,12,12,8,12,8,2,4,energy,energy,0.3,192,1092,88,0,0,0.13135593220338984,holm_adjusted_pvalue,0.0424907660018185,0.05,0.0038627969092562275,2,0.3177415632790531,,408b1d1e5fd47cb2ab608a79454258351b84592a821e502bd0403d2d23d7eae1
cifar10_proser_fedavg__split01__seed1__d5.0,cifar10,d5,S,0.2,0.05,0.05,5,12,1,certified,1,1,1,1,1,1,12,12,8,12,8,2,4,energy,energy,0.3,192,1092,88,0,0,0.13135593220338984,risk_ucb,0.19930279316881436,0.2,,,0.3177415632790531,25,408b1d1e5fd47cb2ab608a79454258351b84592a821e502bd0403d2d23d7eae1
cifar10_proser_fedavg__split01__seed1__d5.0,cifar10,d5,B,0.2,0.05,0.05,5,12,1,certified,1,1,1,1,1,1,12,12,8,12,8,1,8,margin,margin,0.3,189,1066,79,0,0,0.10138248847926268,risk_ucb,0.18100430007437443,0.2,,,0.3020240876977838,32,408b1d1e5fd47cb2ab608a79454258351b84592a821e502bd0403d2d23d7eae1
cifar10_proser_fedavg__split01__seed2__d0.1,cifar10,d0.1,H,0.2,0.05,0.05,5,12,0,selector-tradeoff,1,1,1,1,0,0,12,12,5,1,0,0,,,,,,,,,,,holm_adjusted_pvalue,,0.05,,,,,a6d78ab3ad55368544352572082b398ea49d76d625e547b67446687c361082d6
cifar10_proser_fedavg__split01__seed2__d0.1,cifar10,d0.1,S,0.2,0.05,0.05,5,12,0,selector-tradeoff,1,1,1,1,0,0,12,12,5,1,0,0,,,,,,,,,,,risk_ucb,,0.2,,,,25,a6d78ab3ad55368544352572082b398ea49d76d625e547b67446687c361082d6
cifar10_proser_fedavg__split01__seed2__d0.1,cifar10,d0.1,B,0.2,0.05,0.05,5,12,0,count-only,1,1,1,0,0,0,12,12,5,0,0,0,,,,,,,,,,,risk_ucb,,0.2,,,,32,a6d78ab3ad55368544352572082b398ea49d76d625e547b67446687c361082d6
cifar10_proser_fedavg__split01__seed2__d0.5,cifar10,d0.5,H,0.2,0.05,0.05,5,12,1,certified,1,1,1,1,1,1,12,12,9,12,9,6,9,margin,margin,0.5,232,1235,133,0,0,0.13580246913580246,holm_adjusted_pvalue,0.04167385646755184,0.05,0.00595340806679312,6,0.39319183232033583,,b81694f8499f6690d0ea1a5969f08e8ab21fac99aea4e863c43fa197014fa200
cifar10_proser_fedavg__split01__seed2__d0.5,cifar10,d0.5,S,0.2,0.05,0.05,5,12,1,certified,1,1,1,1,1,1,12,12,9,12,9,5,5,energy,energy,0.5,231,1260,130,0,0,0.12156862745098039,risk_ucb,0.185003091462574,0.2,,,0.3912878815946737,25,b81694f8499f6690d0ea1a5969f08e8ab21fac99aea4e863c43fa197014fa200
cifar10_proser_fedavg__split01__seed2__d0.5,cifar10,d0.5,B,0.2,0.05,0.05,5,12,1,certified,1,1,1,1,1,1,12,12,9,12,9,4,5,energy,energy,0.5,231,1260,130,0,0,0.12156862745098039,risk_ucb,0.19812182236404347,0.2,,,0.3805268495458099,32,b81694f8499f6690d0ea1a5969f08e8ab21fac99aea4e863c43fa197014fa200
cifar10_proser_fedavg__split01__seed2__d5.0,cifar10,d5,H,0.2,0.05,0.05,5,12,1,certified,1,1,1,1,1,1,12,12,9,12,9,3,4,energy,energy,0.3,190,1063,75,0,0,0.1187214611872146,holm_adjusted_pvalue,0.010255524910166514,0.05,0.0010255524910166513,3,0.31400831056191886,,9c1cf19ca341fa262c489b0b8813075d32dbb609b2706906e5324aef2ab2a742
cifar10_proser_fedavg__split01__seed2__d5.0,cifar10,d5,S,0.2,0.05,0.05,5,12,1,certified,1,1,1,1,1,1,12,12,9,12,9,3,4,energy,energy,0.3,190,1063,75,0,0,0.1187214611872146,risk_ucb,0.1874653953397383,0.2,,,0.31400831056191886,25,9c1cf19ca341fa262c489b0b8813075d32dbb609b2706906e5324aef2ab2a742
cifar10_proser_fedavg__split01__seed2__d5.0,cifar10,d5,B,0.2,0.05,0.05,5,12,1,certified,1,1,1,1,1,1,12,12,9,12,9,2,8,margin,margin,0.3,182,991,51,0,0,0.09359605911330049,risk_ucb,0.17449191871516267,0.2,,,0.28913293610773355,32,9c1cf19ca341fa262c489b0b8813075d32dbb609b2706906e5324aef2ab2a742
cifar10_proser_fedavg__split01__seed3__d0.1,cifar10,d0.1,H,0.2,0.05,0.05,5,12,0,joint-count-and-empirical,1,1,0,0,0,0,5,4,0,0,0,0,,,,,,,,,,,holm_adjusted_pvalue,,0.05,,,,,11e10249184c876426c4f0d08617a5cb19d0e0d9ca24de984f66efd4792eb32e
cifar10_proser_fedavg__split01__seed3__d0.1,cifar10,d0.1,S,0.2,0.05,0.05,5,12,0,joint-count-and-empirical,1,1,0,0,0,0,5,4,0,0,0,0,,,,,,,,,,,risk_ucb,,0.2,,,,25,11e10249184c876426c4f0d08617a5cb19d0e0d9ca24de984f66efd4792eb32e
cifar10_proser_fedavg__split01__seed3__d0.1,cifar10,d0.1,B,0.2,0.05,0.05,5,12,0,joint-count-and-empirical,1,1,0,0,0,0,5,4,0,0,0,0,,,,,,,,,,,risk_ucb,,0.2,,,,32,11e10249184c876426c4f0d08617a5cb19d0e0d9ca24de984f66efd4792eb32e
cifar10_proser_fedavg__split01__seed3__d0.5,cifar10,d0.5,H,0.2,0.05,0.05,5,12,1,certified,1,1,1,1,1,1,12,12,9,12,9,2,8,margin,margin,0.3,102,575,26,0,0,0.06862745098039216,holm_adjusted_pvalue,0.002435606060751569,0.05,0.00020296717172929742,1,0.1541841332424806,,bf385e3de588fd3a83dae4aea30b7547f32a6250564e2d14e10ce1c7a349bb27
cifar10_proser_fedavg__split01__seed3__d0.5,cifar10,d0.5,S,0.2,0.05,0.05,5,12,1,certified,1,1,1,1,1,1,12,12,9,12,9,2,8,margin,margin,0.3,102,575,26,0,0,0.06862745098039216,risk_ucb,0.16225643182373312,0.2,,,0.1541841332424806,25,bf385e3de588fd3a83dae4aea30b7547f32a6250564e2d14e10ce1c7a349bb27
cifar10_proser_fedavg__split01__seed3__d0.5,cifar10,d0.5,B,0.2,0.05,0.05,5,12,1,certified,1,1,1,1,1,1,12,12,9,11,8,1,8,margin,margin,0.3,102,575,26,0,0,0.06862745098039216,risk_ucb,0.18306373799600487,0.2,,,0.1465198883419557,32,bf385e3de588fd3a83dae4aea30b7547f32a6250564e2d14e10ce1c7a349bb27
cifar10_proser_fedavg__split01__seed3__d5.0,cifar10,d5,H,0.2,0.05,0.05,5,12,1,certified,1,1,1,1,1,1,12,12,12,12,12,8,6,energy,energy,0.7,234,1281,138,0,0,0.1282051282051282,holm_adjusted_pvalue,0.016028387673069813,0.05,0.002671397945511636,7,0.397002394105794,,8d214c696ca2c91253457b81d08c5b7a2f7318c1d5bc0fe156c0c3fb10ad8513
cifar10_proser_fedavg__split01__seed3__d5.0,cifar10,d5,S,0.2,0.05,0.05,5,12,1,certified,1,1,1,1,1,1,12,12,12,12,12,7,6,energy,energy,0.7,234,1281,138,0,0,0.1282051282051282,risk_ucb,0.19597130687887904,0.2,,,0.397002394105794,25,8d214c696ca2c91253457b81d08c5b7a2f7318c1d5bc0fe156c0c3fb10ad8513
cifar10_proser_fedavg__split01__seed3__d5.0,cifar10,d5,B,0.2,0.05,0.05,5,12,1,certified,1,1,1,1,1,1,12,12,12,12,12,6,9,margin,margin,0.5,209,1131,102,0,0,0.11004784688995216,risk_ucb,0.19348804086285717,0.2,,,0.3391649928973496,32,8d214c696ca2c91253457b81d08c5b7a2f7318c1d5bc0fe156c0c3fb10ad8513
cifar10_proser_fedavg__split01__seed4__d0.1,cifar10,d0.1,H,0.2,0.05,0.05,5,12,1,certified,1,1,1,1,1,1,12,12,10,12,10,3,8,margin,margin,0.3,64,406,14,0,0,0.058823529411764705,holm_adjusted_pvalue,0.0028992512479585108,0.05,0.00024160427066320924,1,0.08892102375525943,,96163e0e17acdf6211b85f0e35bbf82fa0684808f79d17278118ffa9a8418c6c
cifar10_proser_fedavg__split01__seed4__d0.1,cifar10,d0.1,S,0.2,0.05,0.05,5,12,1,certified,1,1,1,1,1,1,12,12,10,12,10,3,8,margin,margin,0.3,64,406,14,0,0,0.058823529411764705,risk_ucb,0.16044176557957182,0.2,,,0.08892102375525943,25,96163e0e17acdf6211b85f0e35bbf82fa0684808f79d17278118ffa9a8418c6c
cifar10_proser_fedavg__split01__seed4__d0.1,cifar10,d0.1,B,0.2,0.05,0.05,5,12,1,certified,1,1,1,1,1,1,12,12,10,12,10,2,8,margin,margin,0.3,64,406,14,0,0,0.058823529411764705,risk_ucb,0.18345112154043877,0.2,,,0.08302635538378712,32,96163e0e17acdf6211b85f0e35bbf82fa0684808f79d17278118ffa9a8418c6c
cifar10_proser_fedavg__split01__seed4__d0.5,cifar10,d0.5,H,0.2,0.05,0.05,5,12,1,certified,1,1,1,1,1,1,12,12,9,12,9,2,0,proser,native,0.3,102,575,39,0,0,0.10344827586206896,holm_adjusted_pvalue,0.04526645456060324,0.05,0.004115132232782113,2,0.1541841332424806,,e068888cd8dafffc4a9c2bedbe6794734e04c1e02c29e4f85932ca91a27ef00f
cifar10_proser_fedavg__split01__seed4__d0.5,cifar10,d0.5,S,0.2,0.05,0.05,5,12,1,certified,1,1,1,1,1,1,12,12,9,12,9,2,0,proser,native,0.3,102,575,39,0,0,0.10344827586206896,risk_ucb,0.19983232594343556,0.2,,,0.1541841332424806,25,e068888cd8dafffc4a9c2bedbe6794734e04c1e02c29e4f85932ca91a27ef00f
cifar10_proser_fedavg__split01__seed4__d0.5,cifar10,d0.5,B,0.2,0.05,0.05,5,12,0,finite-sample-evidence-margin,1,1,1,1,1,0,12,12,9,12,9,0,2,proser,native,0.7,172,943,103,0,0,0.13989637305699482,risk_ucb,0.2336153936270693,0.2,,,0.2708184445899803,32,e068888cd8dafffc4a9c2bedbe6794734e04c1e02c29e4f85932ca91a27ef00f
cifar10_proser_fedavg__split01__seed4__d5.0,cifar10,d5,H,0.2,0.05,0.05,5,12,1,certified,1,1,1,1,1,1,12,12,11,12,11,9,2,proser,native,0.7,269,1383,144,0,0,0.12903225806451613,holm_adjusted_pvalue,0.006791487906300839,0.05,0.0013582975812601677,8,0.4642561573344981,,2f29edf0c608054738d8b941e76f5e650be66cca162cefd5c6ce49b101665b48
cifar10_proser_fedavg__split01__seed4__d5.0,cifar10,d5,S,0.2,0.05,0.05,5,12,1,certified,1,1,1,1,1,1,12,12,11,12,11,9,2,proser,native,0.7,269,1383,144,0,0,0.12903225806451613,risk_ucb,0.1909293641696308,0.2,,,0.4642561573344981,25,2f29edf0c608054738d8b941e76f5e650be66cca162cefd5c6ce49b101665b48
cifar10_proser_fedavg__split01__seed4__d5.0,cifar10,d5,B,0.2,0.05,0.05,5,12,1,certified,1,1,1,1,1,1,12,12,11,12,11,7,6,energy,energy,0.7,267,1420,148,0,0,0.11870503597122302,risk_ucb,0.19099967474698865,0.2,,,0.4493099186348321,32,2f29edf0c608054738d8b941e76f5e650be66cca162cefd5c6ce49b101665b48
cifar10_proser_fedavg__split02__seed0__d0.1,cifar10,d0.1,H,0.2,0.05,0.05,5,12,0,proposal-infeasible,0,0,0,0,0,0,0,0,0,0,0,0,,,,,,,,,,,holm_adjusted_pvalue,,0.05,,,,,409f4034bcc800f322a2d3cfbb3e37498b062f44efa4c6d9bafe84fdf52d331f
cifar10_proser_fedavg__split02__seed0__d0.1,cifar10,d0.1,S,0.2,0.05,0.05,5,12,0,proposal-infeasible,0,0,0,0,0,0,0,0,0,0,0,0,,,,,,,,,,,risk_ucb,,0.2,,,,25,409f4034bcc800f322a2d3cfbb3e37498b062f44efa4c6d9bafe84fdf52d331f
cifar10_proser_fedavg__split02__seed0__d0.1,cifar10,d0.1,B,0.2,0.05,0.05,5,12,0,proposal-infeasible,0,0,0,0,0,0,0,0,0,0,0,0,,,,,,,,,,,risk_ucb,,0.2,,,,32,409f4034bcc800f322a2d3cfbb3e37498b062f44efa4c6d9bafe84fdf52d331f
cifar10_proser_fedavg__split02__seed0__d0.5,cifar10,d0.5,H,0.2,0.05,0.05,5,12,0,finite-sample-evidence-margin,1,1,1,1,1,0,12,12,9,9,6,0,10,margin,margin,0.7,47,290,41,0,0,0.1702127659574468,holm_adjusted_pvalue,1.0,0.05,0.3843173360926675,7,0.061021268059513314,,306736809fd3819c09d73ac52c2977ccd376511829c38ace414bcaf8077ff372
cifar10_proser_fedavg__split02__seed0__d0.5,cifar10,d0.5,S,0.2,0.05,0.05,5,12,0,finite-sample-evidence-margin,1,1,1,1,1,0,12,12,9,9,6,0,10,margin,margin,0.7,47,290,41,0,0,0.1702127659574468,risk_ucb,0.3568476280119661,0.2,,,0.061021268059513314,25,306736809fd3819c09d73ac52c2977ccd376511829c38ace414bcaf8077ff372
cifar10_proser_fedavg__split02__seed0__d0.5,cifar10,d0.5,B,0.2,0.05,0.05,5,12,0,finite-sample-evidence-margin,1,1,1,1,1,0,12,12,9,7,4,0,10,margin,margin,0.7,47,290,41,0,0,0.1702127659574468,risk_ucb,0.394317893977156,0.2,,,0.056158036342589986,32,306736809fd3819c09d73ac52c2977ccd376511829c38ace414bcaf8077ff372
cifar10_proser_fedavg__split02__seed0__d5.0,cifar10,d5,H,0.2,0.05,0.05,5,12,0,finite-sample-evidence-margin,1,1,1,1,1,0,11,11,7,11,7,0,10,margin,margin,0.7,223,1189,146,0,0,0.1484375,holm_adjusted_pvalue,0.20802878480711354,0.05,0.020802878480711353,3,0.37608834742585184,,94d3228ebd5c273ff42bfb8d9fd727314c029c0f07dfbec24a97bd62540f7a2d
cifar10_proser_fedavg__split02__seed0__d5.0,cifar10,d5,S,0.2,0.05,0.05,5,12,0,finite-sample-evidence-margin,1,1,1,1,1,0,11,11,7,10,6,0,10,margin,margin,0.7,223,1189,146,0,0,0.1484375,risk_ucb,0.2158100688984805,0.2,,,0.37608834742585184,25,94d3228ebd5c273ff42bfb8d9fd727314c029c0f07dfbec24a97bd62540f7a2d
cifar10_proser_fedavg__split02__seed0__d5.0,cifar10,d5,B,0.2,0.05,0.05,5,12,0,finite-sample-evidence-margin,1,1,1,1,1,0,11,11,7,10,6,0,10,margin,margin,0.7,223,1189,146,0,0,0.1484375,risk_ucb,0.2303744519371502,0.2,,,0.36542617414517764,32,94d3228ebd5c273ff42bfb8d9fd727314c029c0f07dfbec24a97bd62540f7a2d
cifar10_proser_fedavg__split02__seed1__d0.1,cifar10,d0.1,H,0.2,0.05,0.05,5,12,0,finite-sample-evidence-margin,1,1,1,1,1,0,12,12,8,12,8,0,10,margin,margin,0.7,170,941,137,0,0,0.19138755980861244,holm_adjusted_pvalue,1.0,0.05,0.4175438284120107,8,0.27689440563375817,,2d8a561c185129e48da2a26d44d9ee807d7fca3d6db9fd149d41ba22405581c8
cifar10_proser_fedavg__split02__seed1__d0.1,cifar10,d0.1,S,0.2,0.05,0.05,5,12,0,finite-sample-evidence-margin,1,1,1,1,1,0,12,12,8,12,8,0,10,margin,margin,0.7,170,941,137,0,0,0.19138755980861244,risk_ucb,0.2726259368670019,0.2,,,0.27689440563375817,25,2d8a561c185129e48da2a26d44d9ee807d7fca3d6db9fd149d41ba22405581c8
cifar10_proser_fedavg__split02__seed1__d0.1,cifar10,d0.1,B,0.2,0.05,0.05,5,12,0,finite-sample-evidence-margin,1,1,1,1,1,0,12,12,8,12,8,0,10,margin,margin,0.7,170,941,137,0,0,0.19138755980861244,risk_ucb,0.28891768115927347,0.2,,,0.2671702298538959,32,2d8a561c185129e48da2a26d44d9ee807d7fca3d6db9fd149d41ba22405581c8
cifar10_proser_fedavg__split02__seed1__d0.5,cifar10,d0.5,H,0.2,0.05,0.05,5,12,0,finite-sample-evidence-margin,1,1,1,1,1,0,12,12,11,9,8,0,7,energy,energy,1.0,288,1493,268,0,0,0.1875,holm_adjusted_pvalue,1.0,0.05,0.3282249399536501,8,0.5012154383630121,,5ce460e62e81d79ac4efb3a850c2dd00674615961e6d1dff7bf3408a9f342e6d
cifar10_proser_fedavg__split02__seed1__d0.5,cifar10,d0.5,S,0.2,0.05,0.05,5,12,0,finite-sample-evidence-margin,1,1,1,1,1,0,12,12,11,9,8,0,7,energy,energy,1.0,288,1493,268,0,0,0.1875,risk_ucb,0.2551579813426364,0.2,,,0.5012154383630121,25,5ce460e62e81d79ac4efb3a850c2dd00674615961e6d1dff7bf3408a9f342e6d
cifar10_proser_fedavg__split02__seed1__d0.5,cifar10,d0.5,B,0.2,0.05,0.05,5,12,0,finite-sample-evidence-margin,1,1,1,1,1,0,12,12,11,9,8,0,7,energy,energy,1.0,288,1493,268,0,0,0.1875,risk_ucb,0.2687031988028701,0.2,,,0.49005739927650993,32,5ce460e62e81d79ac4efb3a850c2dd00674615961e6d1dff7bf3408a9f342e6d
cifar10_proser_fedavg__split02__seed1__d5.0,cifar10,d5,H,0.2,0.05,0.05,5,12,0,finite-sample-evidence-margin,1,1,1,1,1,0,11,11,8,11,8,0,10,margin,margin,0.7,235,1249,166,0,0,0.1574468085106383,holm_adjusted_pvalue,0.46077534039352097,0.05,0.05759691754919012,5,0.3989090031855907,,849a084b52109451cf8e291e7e121f9b3eeb5f531af5adfb907b0ee1b275a312
cifar10_proser_fedavg__split02__seed1__d5.0,cifar10,d5,S,0.2,0.05,0.05,5,12,0,finite-sample-evidence-margin,1,1,1,1,1,0,11,11,8,11,8,0,10,margin,margin,0.7,235,1249,166,0,0,0.1574468085106383,risk_ucb,0.22941648655347213,0.2,,,0.3989090031855907,25,849a084b52109451cf8e291e7e121f9b3eeb5f531af5adfb907b0ee1b275a312
cifar10_proser_fedavg__split02__seed1__d5.0,cifar10,d5,B,0.2,0.05,0.05,5,12,0,finite-sample-evidence-margin,1,1,1,1,1,0,11,11,8,11,8,0,10,margin,margin,0.7,235,1249,166,0,0,0.1574468085106383,risk_ucb,0.24404631302578997,0.2,,,0.3881025655729665,32,849a084b52109451cf8e291e7e121f9b3eeb5f531af5adfb907b0ee1b275a312
cifar10_proser_fedavg__split02__seed2__d0.1,cifar10,d0.1,H,0.2,0.05,0.05,5,12,0,finite-sample-evidence-margin,1,1,1,1,1,0,12,12,7,7,2,0,2,proser,native,0.7,33,194,20,0,0,0.18604651162790697,holm_adjusted_pvalue,1.0,0.05,0.5002813175048026,6,0.03903700895926684,,1ef8c00ffc8aeea14d128e61fcfe0e28c0909339c257ff710b080a8a0ee6481f
cifar10_proser_fedavg__split02__seed2__d0.1,cifar10,d0.1,S,0.2,0.05,0.05,5,12,0,finite-sample-evidence-margin,1,1,1,1,1,0,12,12,7,6,2,0,2,proser,native,0.7,33,194,20,0,0,0.18604651162790697,risk_ucb,0.3856533946014045,0.2,,,0.03903700895926684,25,1ef8c00ffc8aeea14d128e61fcfe0e28c0909339c257ff710b080a8a0ee6481f
cifar10_proser_fedavg__split02__seed2__d0.1,cifar10,d0.1,B,0.2,0.05,0.05,5,12,0,finite-sample-evidence-margin,1,1,1,1,1,0,12,12,7,6,2,0,2,proser,native,0.7,33,194,20,0,0,0.18604651162790697,risk_ucb,0.4250718145979495,0.2,,,0.035203877544300675,32,1ef8c00ffc8aeea14d128e61fcfe0e28c0909339c257ff710b080a8a0ee6481f
cifar10_proser_fedavg__split02__seed2__d0.5,cifar10,d0.5,H,0.2,0.05,0.05,5,12,1,certified,1,1,1,1,1,1,12,12,9,12,9,6,5,energy,energy,0.5,165,882,74,0,0,0.11979166666666667,holm_adjusted_pvalue,0.01866846220249845,0.05,0.002333557775312306,5,0.2676802640594055,,a44bdbd5c3a0aedd79ad0be345db690e2f8212e7bc2aa5ebb3d3d65563244c99
cifar10_proser_fedavg__split02__seed2__d0.5,cifar10,d0.5,S,0.2,0.05,0.05,5,12,1,certified,1,1,1,1,1,1,12,12,9,12,9,6,5,energy,energy,0.5,165,882,74,0,0,0.11979166666666667,risk_ucb,0.19421157257317198,0.2,,,0.2676802640594055,25,a44bdbd5c3a0aedd79ad0be345db690e2f8212e7bc2aa5ebb3d3d65563244c99
cifar10_proser_fedavg__split02__seed2__d0.5,cifar10,d0.5,B,0.2,0.05,0.05,5,12,1,certified,1,1,1,1,1,1,12,12,9,12,9,1,0,proser,native,0.3,109,644,31,0,0,0.08571428571428572,risk_ucb,0.18474688095646577,0.2,,,0.15858753442168752,32,a44bdbd5c3a0aedd79ad0be345db690e2f8212e7bc2aa5ebb3d3d65563244c99
cifar10_proser_fedavg__split02__seed2__d5.0,cifar10,d5,H,0.2,0.05,0.05,5,12,1,certified,1,1,1,1,1,1,11,11,8,11,8,3,9,margin,margin,0.5,161,849,64,0,0,0.11042944785276074,holm_adjusted_pvalue,0.018729137226882842,0.05,0.001702648838807531,2,0.26032827718976853,,6ff8c4a3286f13effb42ed1a9d279115653e7d575f1a290e02906ed17a279738
cifar10_proser_fedavg__split02__seed2__d5.0,cifar10,d5,S,0.2,0.05,0.05,5,12,1,certified,1,1,1,1,1,1,11,11,8,11,8,3,9,margin,margin,0.5,161,849,64,0,0,0.11042944785276074,risk_ucb,0.19041418027510812,0.2,,,0.26032827718976853,25,6ff8c4a3286f13effb42ed1a9d279115653e7d575f1a290e02906ed17a279738
cifar10_proser_fedavg__split02__seed2__d5.0,cifar10,d5,B,0.2,0.05,0.05,5,12,1,certified,1,1,1,1,1,1,11,11,8,11,8,1,0,proser,native,0.3,93,517,23,0,0,0.06796116504854369,risk_ucb,0.1813991003706887,0.2,,,0.1311530874008629,32,6ff8c4a3286f13effb42ed1a9d279115653e7d575f1a290e02906ed17a279738
cifar10_proser_fedavg__split02__seed3__d0.1,cifar10,d0.1,H,0.2,0.05,0.05,5,12,0,selector-tradeoff,1,1,1,1,0,0,6,6,1,3,0,0,,,,,,,,,,,holm_adjusted_pvalue,,0.05,,,,,30fe5f7c6990a72bb729abfebe5adc8c576bc51df2c2f23687131c67a116bc27
cifar10_proser_fedavg__split02__seed3__d0.1,cifar10,d0.1,S,0.2,0.05,0.05,5,12,0,selector-tradeoff,1,1,1,1,0,0,6,6,1,3,0,0,,,,,,,,,,,risk_ucb,,0.2,,,,25,30fe5f7c6990a72bb729abfebe5adc8c576bc51df2c2f23687131c67a116bc27
cifar10_proser_fedavg__split02__seed3__d0.1,cifar10,d0.1,B,0.2,0.05,0.05,5,12,0,selector-tradeoff,1,1,1,1,0,0,6,6,1,3,0,0,,,,,,,,,,,risk_ucb,,0.2,,,,32,30fe5f7c6990a72bb729abfebe5adc8c576bc51df2c2f23687131c67a116bc27
cifar10_proser_fedavg__split02__seed3__d0.5,cifar10,d0.5,H,0.2,0.05,0.05,5,12,1,certified,1,1,1,1,1,1,12,12,10,9,7,1,9,margin,margin,0.5,55,327,11,0,0,0.05714285714285714,holm_adjusted_pvalue,0.009095765552973986,0.05,0.0007579804627478322,1,0.07401746360520257,,c4cd343e845bb66ccf6bf25d5135c9d6bd24931feac2d774da8858a2fb7e2ed0
cifar10_proser_fedavg__split02__seed3__d0.5,cifar10,d0.5,S,0.2,0.05,0.05,5,12,1,certified,1,1,1,1,1,1,12,12,10,9,7,1,9,margin,margin,0.5,55,327,11,0,0,0.05714285714285714,risk_ucb,0.17229004002976459,0.2,,,0.07401746360520257,25,c4cd343e845bb66ccf6bf25d5135c9d6bd24931feac2d774da8858a2fb7e2ed0
cifar10_proser_fedavg__split02__seed3__d0.5,cifar10,d0.5,B,0.2,0.05,0.05,5,12,1,certified,1,1,1,1,1,1,12,12,10,8,6,1,9,margin,margin,0.5,55,327,11,0,0,0.05714285714285714,risk_ucb,0.1985193317193367,0.2,,,0.0686444135169195,32,c4cd343e845bb66ccf6bf25d5135c9d6bd24931feac2d774da8858a2fb7e2ed0
cifar10_proser_fedavg__split02__seed3__d5.0,cifar10,d5,H,0.2,0.05,0.05,5,12,1,certified,1,1,1,1,1,1,11,11,11,11,11,2,1,proser,native,0.5,109,650,50,0,0,0.10493827160493827,holm_adjusted_pvalue,0.009875517662171434,0.05,0.0008977743329246758,2,0.16651941981501167,,153e8ea4fad029e326da071b0ffc249a07b4703c6f27eb540decf049694a2e02
cifar10_proser_fedavg__split02__seed3__d5.0,cifar10,d5,S,0.2,0.05,0.05,5,12,1,certified,1,1,1,1,1,1,11,11,11,10,10,2,1,proser,native,0.5,109,650,50,0,0,0.10493827160493827,risk_ucb,0.1840147821306372,0.2,,,0.16651941981501167,25,153e8ea4fad029e326da071b0ffc249a07b4703c6f27eb540decf049694a2e02
cifar10_proser_fedavg__split02__seed3__d5.0,cifar10,d5,B,0.2,0.05,0.05,5,12,1,certified,1,1,1,1,1,1,11,11,11,10,10,1,0,proser,native,0.3,44,269,2,0,0,0.022727272727272728,risk_ucb,0.19503952892918133,0.2,,,0.05156097439694989,32,153e8ea4fad029e326da071b0ffc249a07b4703c6f27eb540decf049694a2e02
cifar10_proser_fedavg__split02__seed4__d0.1,cifar10,d0.1,H,0.2,0.05,0.05,5,12,0,finite-sample-evidence-margin,1,1,1,1,1,0,12,12,7,12,7,0,2,proser,native,0.7,39,241,29,0,0,0.2,holm_adjusted_pvalue,1.0,0.05,0.5931271301483895,7,0.04831964412734805,,4c58a29ac35d7e52d9b22aca48a25b4fe1f14952e43d7740e5d32810f0852292
cifar10_proser_fedavg__split02__seed4__d0.1,cifar10,d0.1,S,0.2,0.05,0.05,5,12,0,finite-sample-evidence-margin,1,1,1,1,1,0,12,12,7,11,6,0,2,proser,native,0.7,39,241,29,0,0,0.2,risk_ucb,0.4104432758846092,0.2,,,0.04831964412734805,25,4c58a29ac35d7e52d9b22aca48a25b4fe1f14952e43d7740e5d32810f0852292
cifar10_proser_fedavg__split02__seed4__d0.1,cifar10,d0.1,B,0.2,0.05,0.05,5,12,0,finite-sample-evidence-margin,1,1,1,1,1,0,12,12,7,9,4,0,2,proser,native,0.7,39,241,29,0,0,0.2,risk_ucb,0.4513882829744928,0.2,,,0.04401991333308124,32,4c58a29ac35d7e52d9b22aca48a25b4fe1f14952e43d7740e5d32810f0852292
cifar10_proser_fedavg__split02__seed4__d0.5,cifar10,d0.5,H,0.2,0.05,0.05,5,12,0,finite-sample-evidence-margin,1,1,1,1,1,0,12,12,5,12,5,0,6,energy,energy,0.7,105,551,66,0,0,0.13636363636363635,holm_adjusted_pvalue,0.6711618707560809,0.05,0.05593015589634008,1,0.15946069672391044,,4e0f0ceecdd5953a3879fd6aaa17076511f907e5d60f095b9e42e511023f8a6e
cifar10_proser_fedavg__split02__seed4__d0.5,cifar10,d0.5,S,0.2,0.05,0.05,5,12,0,finite-sample-evidence-margin,1,1,1,1,1,0,12,12,5,12,5,0,6,energy,energy,0.7,105,551,66,0,0,0.13636363636363635,risk_ucb,0.24351275374660394,0.2,,,0.15946069672391044,25,4e0f0ceecdd5953a3879fd6aaa17076511f907e5d60f095b9e42e511023f8a6e
cifar10_proser_fedavg__split02__seed4__d0.5,cifar10,d0.5,B,0.2,0.05,0.05,5,12,0,finite-sample-evidence-margin,1,1,1,1,1,0,12,12,5,10,5,0,6,energy,energy,0.7,105,551,66,0,0,0.13636363636363635,risk_ucb,0.26579251107253005,0.2,,,0.15167988187265877,32,4e0f0ceecdd5953a3879fd6aaa17076511f907e5d60f095b9e42e511023f8a6e
cifar10_proser_fedavg__split02__seed4__d5.0,cifar10,d5,H,0.2,0.05,0.05,5,12,1,certified,1,1,1,1,1,1,12,12,9,12,9,2,5,energy,energy,0.5,168,886,77,0,0,0.10497237569060773,holm_adjusted_pvalue,0.005055837492439091,0.05,0.00045962159022173554,2,0.27320556342554475,,4cc77aa31af96f7133dadbd4fa41bcc1e7d3eaf96f231b79f503920bfcf61d89
cifar10_proser_fedavg__split02__seed4__d5.0,cifar10,d5,S,0.2,0.05,0.05,5,12,1,certified,1,1,1,1,1,1,12,12,9,12,9,2,5,energy,energy,0.5,168,886,77,0,0,0.10497237569060773,risk_ucb,0.1789981523034109,0.2,,,0.27320556342554475,25,4cc77aa31af96f7133dadbd4fa41bcc1e7d3eaf96f231b79f503920bfcf61d89
cifar10_proser_fedavg__split02__seed4__d5.0,cifar10,d5,B,0.2,0.05,0.05,5,12,1,certified,1,1,1,1,1,1,12,12,9,12,9,2,5,energy,energy,0.5,168,886,77,0,0,0.10497237569060773,risk_ucb,0.19460903028573215,0.2,,,0.26352700802517254,32,4cc77aa31af96f7133dadbd4fa41bcc1e7d3eaf96f231b79f503920bfcf61d89
cifar10_proser_fedavg__split03__seed0__d0.1,cifar10,d0.1,H,0.2,0.05,0.05,5,12,0,selector-tradeoff,1,1,1,1,0,0,12,12,8,1,0,0,,,,,,,,,,,holm_adjusted_pvalue,,0.05,,,,,e75f71a8fd3fbb61ae7423c677d53e1974817f680b2f0e17e7822bb254827802
cifar10_proser_fedavg__split03__seed0__d0.1,cifar10,d0.1,S,0.2,0.05,0.05,5,12,0,selector-tradeoff,1,1,1,1,0,0,12,12,8,1,0,0,,,,,,,,,,,risk_ucb,,0.2,,,,25,e75f71a8fd3fbb61ae7423c677d53e1974817f680b2f0e17e7822bb254827802
cifar10_proser_fedavg__split03__seed0__d0.1,cifar10,d0.1,B,0.2,0.05,0.05,5,12,0,selector-tradeoff,1,1,1,1,0,0,12,12,8,1,0,0,,,,,,,,,,,risk_ucb,,0.2,,,,32,e75f71a8fd3fbb61ae7423c677d53e1974817f680b2f0e17e7822bb254827802
cifar10_proser_fedavg__split03__seed0__d0.5,cifar10,d0.5,H,0.2,0.05,0.05,5,12,0,finite-sample-evidence-margin,1,1,1,1,1,0,12,12,9,12,9,0,10,margin,margin,0.7,130,749,98,0,0,0.15757575757575756,holm_adjusted_pvalue,0.5528402528174826,0.05,0.10049808503305849,8,0.20397712586410088,,0f92bfa759bc7cd95202ddadc6e648a863d897e5a22f111270113e643f287922
cifar10_proser_fedavg__split03__seed0__d0.5,cifar10,d0.5,S,0.2,0.05,0.05,5,12,0,finite-sample-evidence-margin,1,1,1,1,1,0,12,12,9,12,9,0,10,margin,margin,0.7,130,749,98,0,0,0.15757575757575756,risk_ucb,0.24555732149355777,0.2,,,0.20397712586410088,25,0f92bfa759bc7cd95202ddadc6e648a863d897e5a22f111270113e643f287922
cifar10_proser_fedavg__split03__seed0__d0.5,cifar10,d0.5,B,0.2,0.05,0.05,5,12,0,finite-sample-evidence-margin,1,1,1,1,1,0,12,12,9,12,9,0,10,margin,margin,0.7,130,749,98,0,0,0.15757575757575756,risk_ucb,0.26352998958923224,0.2,,,0.19532687637703544,32,0f92bfa759bc7cd95202ddadc6e648a863d897e5a22f111270113e643f287922
cifar10_proser_fedavg__split03__seed0__d5.0,cifar10,d5,H,0.2,0.05,0.05,5,12,1,certified,1,1,1,1,1,1,12,12,8,12,8,4,1,proser,native,0.5,210,1088,128,0,0,0.12857142857142856,holm_adjusted_pvalue,0.04047883468095155,0.05,0.004497648297883506,4,0.35151209462827254,,809fe7c7175697d7edf5a8d223da38ca622cf2ee255ef19146c694bc3e18a0e8
cifar10_proser_fedavg__split03__seed0__d5.0,cifar10,d5,S,0.2,0.05,0.05,5,12,1,certified,1,1,1,1,1,1,12,12,8,12,8,3,8,margin,margin,0.3,160,814,60,0,0,0.09259259259259259,risk_ucb,0.16878060975122525,0.2,,,0.25849300856548196,25,809fe7c7175697d7edf5a8d223da38ca622cf2ee255ef19146c694bc3e18a0e8
cifar10_proser_fedavg__split03__seed0__d5.0,cifar10,d5,B,0.2,0.05,0.05,5,12,1,certified,1,1,1,1,1,1,12,12,8,12,8,3,8,margin,margin,0.3,160,814,60,0,0,0.09259259259259259,risk_ucb,0.18506179643681536,0.2,,,0.24900498518432881,32,809fe7c7175697d7edf5a8d223da38ca622cf2ee255ef19146c694bc3e18a0e8
cifar10_proser_fedavg__split03__seed1__d0.1,cifar10,d0.1,H,0.2,0.05,0.05,5,12,0,finite-sample-evidence-margin,1,1,1,1,1,0,12,12,9,7,4,0,11,margin,margin,1.0,84,503,89,0,0,0.19626168224299065,holm_adjusted_pvalue,1.0,0.05,0.5193208382276383,8,0.12287124747137855,,9ede4c2a19b9442ffe8e53a0ccdd48af47d97761e25fd33d625619ed5ca1b87a
cifar10_proser_fedavg__split03__seed1__d0.1,cifar10,d0.1,S,0.2,0.05,0.05,5,12,0,finite-sample-evidence-margin,1,1,1,1,1,0,12,12,9,7,4,0,11,margin,margin,1.0,84,503,89,0,0,0.19626168224299065,risk_ucb,0.3153329870742586,0.2,,,0.12287124747137855,25,9ede4c2a19b9442ffe8e53a0ccdd48af47d97761e25fd33d625619ed5ca1b87a
cifar10_proser_fedavg__split03__seed1__d0.1,cifar10,d0.1,B,0.2,0.05,0.05,5,12,0,finite-sample-evidence-margin,1,1,1,1,1,0,12,12,9,6,3,0,11,margin,margin,1.0,84,503,89,0,0,0.19626168224299065,risk_ucb,0.3396146489179145,0.2,,,0.11597108114813345,32,9ede4c2a19b9442ffe8e53a0ccdd48af47d97761e25fd33d625619ed5ca1b87a
cifar10_proser_fedavg__split03__seed1__d0.5,cifar10,d0.5,H,0.2,0.05,0.05,5,12,1,certified,1,1,1,1,1,1,12,12,9,12,9,6,9,margin,margin,0.5,176,1012,108,0,0,0.125,holm_adjusted_pvalue,0.04921585351187731,0.05,0.0061519816889846635,5,0.28798600115420964,,46ab0580d4860dddd2fd5bd18d012e98e7bc59bcc69fe5e46a802340b1c657f0
cifar10_proser_fedavg__split03__seed1__d0.5,cifar10,d0.5,S,0.2,0.05,0.05,5,12,1,certified,1,1,1,1,1,1,12,12,9,12,9,4,1,proser,native,0.5,170,993,95,0,0,0.1099476439790576,risk_ucb,0.18267355582910227,0.2,,,0.27689440563375817,25,46ab0580d4860dddd2fd5bd18d012e98e7bc59bcc69fe5e46a802340b1c657f0
cifar10_proser_fedavg__split03__seed1__d0.5,cifar10,d0.5,B,0.2,0.05,0.05,5,12,1,certified,1,1,1,1,1,1,12,12,9,12,9,3,1,proser,native,0.5,170,993,95,0,0,0.1099476439790576,risk_ucb,0.19793314041684507,0.2,,,0.2671702298538959,32,46ab0580d4860dddd2fd5bd18d012e98e7bc59bcc69fe5e46a802340b1c657f0
cifar10_proser_fedavg__split03__seed1__d5.0,cifar10,d5,H,0.2,0.05,0.05,5,12,1,certified,1,1,1,1,1,1,12,12,9,12,9,6,9,margin,margin,0.5,191,1037,99,0,0,0.11650485436893204,holm_adjusted_pvalue,0.00952662698016822,0.05,0.0010580731850658,5,0.31587445222940064,,4c7f86e7571a7b0896b3bde9eb5debb775c8be45678b762a67a797881c284bf6
cifar10_proser_fedavg__split03__seed1__d5.0,cifar10,d5,S,0.2,0.05,0.05,5,12,1,certified,1,1,1,1,1,1,12,12,9,12,9,6,9,margin,margin,0.5,191,1037,99,0,0,0.11650485436893204,risk_ucb,0.18732568515518766,0.2,,,0.31587445222940064,25,4c7f86e7571a7b0896b3bde9eb5debb775c8be45678b762a67a797881c284bf6
cifar10_proser_fedavg__split03__seed1__d5.0,cifar10,d5,B,0.2,0.05,0.05,5,12,1,certified,1,1,1,1,1,1,12,12,9,12,9,2,4,energy,energy,0.3,135,708,42,0,0,0.08053691275167785,risk_ucb,0.1741766624737598,0.2,,,0.2041819170541893,32,4c7f86e7571a7b0896b3bde9eb5debb775c8be45678b762a67a797881c284bf6
cifar10_proser_fedavg__split03__seed2__d0.1,cifar10,d0.1,H,0.2,0.05,0.05,5,12,0,selector-tradeoff,1,1,1,1,0,0,11,11,1,5,0,0,,,,,,,,,,,holm_adjusted_pvalue,,0.05,,,,,02b6496ef6873a26e55501b75b9cb09ca5ca4e661bf279c19372f63c6705784a
cifar10_proser_fedavg__split03__seed2__d0.1,cifar10,d0.1,S,0.2,0.05,0.05,5,12,0,selector-tradeoff,1,1,1,1,0,0,11,11,1,5,0,0,,,,,,,,,,,risk_ucb,,0.2,,,,25,02b6496ef6873a26e55501b75b9cb09ca5ca4e661bf279c19372f63c6705784a
cifar10_proser_fedavg__split03__seed2__d0.1,cifar10,d0.1,B,0.2,0.05,0.05,5,12,0,selector-tradeoff,1,1,1,1,0,0,11,11,1,4,0,0,,,,,,,,,,,risk_ucb,,0.2,,,,32,02b6496ef6873a26e55501b75b9cb09ca5ca4e661bf279c19372f63c6705784a
cifar10_proser_fedavg__split03__seed2__d0.5,cifar10,d0.5,H,0.2,0.05,0.05,5,12,1,certified,1,1,1,1,1,1,12,12,9,12,9,5,5,energy,energy,0.5,206,1123,104,0,0,0.11587982832618025,holm_adjusted_pvalue,0.00579150524130609,0.05,0.0007239381551632613,5,0.3439812828054374,,904dcc2d4826d5e12c331e64be25063dff44fac672c2bb3d41d4a77eaf828631
cifar10_proser_fedavg__split03__seed2__d0.5,cifar10,d0.5,S,0.2,0.05,0.05,5,12,1,certified,1,1,1,1,1,1,12,12,9,12,9,5,5,energy,energy,0.5,206,1123,104,0,0,0.11587982832618025,risk_ucb,0.18449214257651927,0.2,,,0.3439812828054374,25,904dcc2d4826d5e12c331e64be25063dff44fac672c2bb3d41d4a77eaf828631
cifar10_proser_fedavg__split03__seed2__d0.5,cifar10,d0.5,B,0.2,0.05,0.05,5,12,1,certified,1,1,1,1,1,1,12,12,9,12,9,5,5,energy,energy,0.5,206,1123,104,0,0,0.11587982832618025,risk_ucb,0.19881778658685437,0.2,,,0.33356534601372806,32,904dcc2d4826d5e12c331e64be25063dff44fac672c2bb3d41d4a77eaf828631
cifar10_proser_fedavg__split03__seed2__d5.0,cifar10,d5,H,0.2,0.05,0.05,5,12,1,certified,1,1,1,1,1,1,12,12,10,12,10,3,4,energy,energy,0.3,146,801,47,0,0,0.09090909090909091,holm_adjusted_pvalue,0.001228555246794353,0.05,0.00011168684061766847,2,0.23291775310082755,,e975a388f79875461938283d7ef469b239d80c6b2798b70afcbe023658aa46eb
cifar10_proser_fedavg__split03__seed2__d5.0,cifar10,d5,S,0.2,0.05,0.05,5,12,1,certified,1,1,1,1,1,1,12,12,10,12,10,3,4,energy,energy,0.3,146,801,47,0,0,0.09090909090909091,risk_ucb,0.16584176299255893,0.2,,,0.23291775310082755,25,e975a388f79875461938283d7ef469b239d80c6b2798b70afcbe023658aa46eb
cifar10_proser_fedavg__split03__seed2__d5.0,cifar10,d5,B,0.2,0.05,0.05,5,12,1,certified,1,1,1,1,1,1,12,12,10,12,10,3,4,energy,energy,0.3,146,801,47,0,0,0.09090909090909091,risk_ucb,0.1818710960537668,0.2,,,0.22379543358168588,32,e975a388f79875461938283d7ef469b239d80c6b2798b70afcbe023658aa46eb
cifar10_proser_fedavg__split03__seed3__d0.1,cifar10,d0.1,H,0.2,0.05,0.05,5,12,0,finite-sample-evidence-margin,1,1,1,1,1,0,12,12,6,12,6,0,1,proser,native,0.5,101,536,68,0,0,0.17272727272727273,holm_adjusted_pvalue,1.0,0.05,0.2809490501701379,5,0.15242870444470064,,9cdbac5f95119c15950f9d30021d461504bb13c35d8e06b0c666b782e65af65e
cifar10_proser_fedavg__split03__seed3__d0.1,cifar10,d0.1,S,0.2,0.05,0.05,5,12,0,finite-sample-evidence-margin,1,1,1,1,1,0,12,12,6,12,6,0,1,proser,native,0.5,101,536,68,0,0,0.17272727272727273,risk_ucb,0.28706547038652896,0.2,,,0.15242870444470064,25,9cdbac5f95119c15950f9d30021d461504bb13c35d8e06b0c666b782e65af65e
cifar10_proser_fedavg__split03__seed3__d0.1,cifar10,d0.1,B,0.2,0.05,0.05,5,12,0,finite-sample-evidence-margin,1,1,1,1,1,0,12,12,6,12,6,0,1,proser,native,0.5,101,536,68,0,0,0.17272727272727273,risk_ucb,0.3112529057594478,0.2,,,0.1448039562137183,32,9cdbac5f95119c15950f9d30021d461504bb13c35d8e06b0c666b782e65af65e
cifar10_proser_fedavg__split03__seed3__d0.5,cifar10,d0.5,H,0.2,0.05,0.05,5,12,1,certified,1,1,1,1,1,1,12,12,9,12,9,2,0,proser,native,0.3,112,595,30,0,0,0.09565217391304348,holm_adjusted_pvalue,0.024092087337329333,0.05,0.0020076739447774444,1,0.17183034880148162,,c72aef6c8a8ecfdd65307917838ce7954ebe737521f69b7ced783211a0901488
cifar10_proser_fedavg__split03__seed3__d0.5,cifar10,d0.5,S,0.2,0.05,0.05,5,12,1,certified,1,1,1,1,1,1,12,12,9,12,9,2,0,proser,native,0.3,112,595,30,0,0,0.09565217391304348,risk_ucb,0.19049819011993485,0.2,,,0.17183034880148162,25,c72aef6c8a8ecfdd65307917838ce7954ebe737521f69b7ced783211a0901488
cifar10_proser_fedavg__split03__seed3__d0.5,cifar10,d0.5,B,0.2,0.05,0.05,5,12,0,finite-sample-evidence-margin,1,1,1,1,1,0,12,12,9,12,9,0,2,proser,native,0.7,238,1218,175,0,0,0.17857142857142858,risk_ucb,0.26524375732148253,0.2,,,0.39379539062143576,32,c72aef6c8a8ecfdd65307917838ce7954ebe737521f69b7ced783211a0901488
cifar10_proser_fedavg__split03__seed3__d5.0,cifar10,d5,H,0.2,0.05,0.05,5,12,1,certified,1,1,1,1,1,1,12,12,8,12,8,2,4,energy,energy,0.3,125,655,20,0,0,0.05555555555555555,holm_adjusted_pvalue,4.904746997360165e-05,0.05,4.087289164466804e-06,1,0.19500134841768255,,1f494cef568a6e5908e6bd7fcee477ba7763097ea0d01e7b42892bc4db78c2dc
cifar10_proser_fedavg__split03__seed3__d5.0,cifar10,d5,S,0.2,0.05,0.05,5,12,1,certified,1,1,1,1,1,1,12,12,8,12,8,2,4,energy,energy,0.3,125,655,20,0,0,0.05555555555555555,risk_ucb,0.1326539020656014,0.2,,,0.19500134841768255,25,1f494cef568a6e5908e6bd7fcee477ba7763097ea0d01e7b42892bc4db78c2dc
cifar10_proser_fedavg__split03__seed3__d5.0,cifar10,d5,B,0.2,0.05,0.05,5,12,1,certified,1,1,1,1,1,1,12,12,8,12,8,2,4,energy,energy,0.3,125,655,20,0,0,0.05555555555555555,risk_ucb,0.1500099721387159,0.2,,,0.18651140825857176,32,1f494cef568a6e5908e6bd7fcee477ba7763097ea0d01e7b42892bc4db78c2dc
cifar10_proser_fedavg__split03__seed4__d0.1,cifar10,d0.1,H,0.2,0.05,0.05,5,12,0,finite-sample-evidence-margin,1,1,1,1,1,0,12,12,8,5,1,0,6,energy,energy,0.7,25,140,10,0,0,0.19230769230769232,holm_adjusted_pvalue,1.0,0.05,0.5774863912739212,6,0.027093159795190155,,d3e7c1d2357fe3aee3c34010a86bbe296b5ce5223d3c4ab548bef95cf84d7a4f
cifar10_proser_fedavg__split03__seed4__d0.1,cifar10,d0.1,S,0.2,0.05,0.05,5,12,0,finite-sample-evidence-margin,1,1,1,1,1,0,12,12,8,4,1,0,6,energy,energy,0.7,25,140,10,0,0,0.19230769230769232,risk_ucb,0.4612755927612407,0.2,,,0.027093159795190155,25,d3e7c1d2357fe3aee3c34010a86bbe296b5ce5223d3c4ab548bef95cf84d7a4f
cifar10_proser_fedavg__split03__seed4__d0.1,cifar10,d0.1,B,0.2,0.05,0.05,5,12,0,selector-tradeoff,1,1,1,1,0,0,12,12,8,3,0,0,,,,,,,,,,,risk_ucb,,0.2,,,,32,d3e7c1d2357fe3aee3c34010a86bbe296b5ce5223d3c4ab548bef95cf84d7a4f
cifar10_proser_fedavg__split03__seed4__d0.5,cifar10,d0.5,H,0.2,0.05,0.05,5,12,1,certified,1,1,1,1,1,1,12,12,9,12,9,5,9,margin,margin,0.5,146,766,55,0,0,0.1095890410958904,holm_adjusted_pvalue,0.0213450236005192,0.05,0.0026681279500649,5,0.23291775310082755,,12137c0b31db2fdb3557eeab9c67527e319f730459b6399bb82c37b2a7c6a3ea
cifar10_proser_fedavg__split03__seed4__d0.5,cifar10,d0.5,S,0.2,0.05,0.05,5,12,1,certified,1,1,1,1,1,1,12,12,9,12,9,5,9,margin,margin,0.5,146,766,55,0,0,0.1095890410958904,risk_ucb,0.19481714750259152,0.2,,,0.23291775310082755,25,12137c0b31db2fdb3557eeab9c67527e319f730459b6399bb82c37b2a7c6a3ea
cifar10_proser_fedavg__split03__seed4__d0.5,cifar10,d0.5,B,0.2,0.05,0.05,5,12,1,certified,1,1,1,1,1,1,12,12,9,12,9,4,1,proser,native,0.5,144,756,55,0,0,0.09933774834437085,risk_ucb,0.1977818176007875,0.2,,,0.22021622153156947,32,12137c0b31db2fdb3557eeab9c67527e319f730459b6399bb82c37b2a7c6a3ea
cifar10_proser_fedavg__split03__seed4__d5.0,cifar10,d5,H,0.2,0.05,0.05,5,12,1,certified,1,1,1,1,1,1,12,12,9,12,9,6,5,energy,energy,0.5,192,1002,90,0,0,0.109375,holm_adjusted_pvalue,0.004729289887852763,0.05,0.0005911612359815954,5,0.3177415632790531,,137949a929ae9fd165435f1f525bd32edfe323fa4f1ee167c583ab9c505eb5c3
cifar10_proser_fedavg__split03__seed4__d5.0,cifar10,d5,S,0.2,0.05,0.05,5,12,1,certified,1,1,1,1,1,1,12,12,9,12,9,6,5,energy,energy,0.5,192,1002,90,0,0,0.109375,risk_ucb,0.18176179932794573,0.2,,,0.3177415632790531,25,137949a929ae9fd165435f1f525bd32edfe323fa4f1ee167c583ab9c505eb5c3
cifar10_proser_fedavg__split03__seed4__d5.0,cifar10,d5,B,0.2,0.05,0.05,5,12,1,certified,1,1,1,1,1,1,12,12,9,12,9,5,5,energy,energy,0.5,192,1002,90,0,0,0.109375,risk_ucb,0.19695458221274154,0.2,,,0.30756633905421304,32,137949a929ae9fd165435f1f525bd32edfe323fa4f1ee167c583ab9c505eb5c3
cifar10_proser_fedavg__split04__seed0__d0.1,cifar10,d0.1,H,0.2,0.05,0.05,5,12,0,finite-sample-evidence-margin,1,1,1,1,1,0,12,12,7,12,7,0,9,margin,margin,0.5,43,258,26,0,0,0.18604651162790697,holm_adjusted_pvalue,1.0,0.05,0.5002813175048026,5,0.05462916210937893,,648ca8a476e82c831e0314233358065066ed9de4d448f5d97fcf1eee1f7b1f6e
cifar10_proser_fedavg__split04__seed0__d0.1,cifar10,d0.1,S,0.2,0.05,0.05,5,12,0,finite-sample-evidence-margin,1,1,1,1,1,0,12,12,7,11,6,0,9,margin,margin,0.5,43,258,26,0,0,0.18604651162790697,risk_ucb,0.3856533946014045,0.2,,,0.05462916210937893,25,648ca8a476e82c831e0314233358065066ed9de4d448f5d97fcf1eee1f7b1f6e
cifar10_proser_fedavg__split04__seed0__d0.1,cifar10,d0.1,B,0.2,0.05,0.05,5,12,0,finite-sample-evidence-margin,1,1,1,1,1,0,12,12,7,9,4,0,9,margin,margin,0.5,43,258,26,0,0,0.18604651162790697,risk_ucb,0.4250718145979495,0.2,,,0.05004018696043712,32,648ca8a476e82c831e0314233358065066ed9de4d448f5d97fcf1eee1f7b1f6e
cifar10_proser_fedavg__split04__seed0__d0.5,cifar10,d0.5,H,0.2,0.05,0.05,5,12,0,finite-sample-evidence-margin,1,1,1,1,1,0,12,12,6,12,6,0,5,energy,energy,0.5,155,859,102,0,0,0.17419354838709677,holm_adjusted_pvalue,1.0,0.05,0.24433480505225863,6,0.24933331646241896,,53cc40acd638b71c1f0216350d8f47d119dc80f98a91ff0ec2cab85961f7466b
cifar10_proser_fedavg__split04__seed0__d0.5,cifar10,d0.5,S,0.2,0.05,0.05,5,12,0,finite-sample-evidence-margin,1,1,1,1,1,0,12,12,6,12,6,0,5,energy,energy,0.5,155,859,102,0,0,0.17419354838709677,risk_ucb,0.2678778185387874,0.2,,,0.24933331646241896,25,53cc40acd638b71c1f0216350d8f47d119dc80f98a91ff0ec2cab85961f7466b
cifar10_proser_fedavg__split04__seed0__d0.5,cifar10,d0.5,B,0.2,0.05,0.05,5,12,0,finite-sample-evidence-margin,1,1,1,1,1,0,12,12,6,12,6,0,5,energy,energy,0.5,155,859,102,0,0,0.17419354838709677,risk_ucb,0.2868617520879726,0.2,,,0.23997107797179376,32,53cc40acd638b71c1f0216350d8f47d119dc80f98a91ff0ec2cab85961f7466b
cifar10_proser_fedavg__split04__seed0__d5.0,cifar10,d5,H,0.2,0.05,0.05,5,12,1,certified,1,1,1,1,1,1,12,12,9,12,9,3,8,margin,margin,0.3,172,925,61,0,0,0.10695187165775401,holm_adjusted_pvalue,0.004943755787858669,0.05,0.0004943755787858669,3,0.2805874503612453,,00b14ef9b97d1a8c8816b26cedf2f3da39a7080deb96833f4c7ffec5f7d815e9
cifar10_proser_fedavg__split04__seed0__d5.0,cifar10,d5,S,0.2,0.05,0.05,5,12,1,certified,1,1,1,1,1,1,12,12,9,12,9,3,8,margin,margin,0.3,172,925,61,0,0,0.10695187165775401,risk_ucb,0.17997399375064793,0.2,,,0.2805874503612453,25,00b14ef9b97d1a8c8816b26cedf2f3da39a7080deb96833f4c7ffec5f7d815e9
cifar10_proser_fedavg__split04__seed0__d5.0,cifar10,d5,B,0.2,0.05,0.05,5,12,1,certified,1,1,1,1,1,1,12,12,9,12,9,3,8,margin,margin,0.3,172,925,61,0,0,0.10695187165775401,risk_ucb,0.19533752295259924,0.2,,,0.2708184445899803,32,00b14ef9b97d1a8c8816b26cedf2f3da39a7080deb96833f4c7ffec5f7d815e9
cifar10_proser_fedavg__split04__seed1__d0.1,cifar10,d0.1,H,0.2,0.05,0.05,5,12,0,finite-sample-evidence-margin,1,1,1,1,1,0,12,12,6,12,6,0,1,proser,native,0.5,51,340,31,0,0,0.1568627450980392,holm_adjusted_pvalue,1.0,0.05,0.28394726452110525,6,0.06748656987283631,,5c0e3b0db9d9249852cd9dd738875b08d68aef625a5dbc3d4d37b3827b05c512
cifar10_proser_fedavg__split04__seed1__d0.1,cifar10,d0.1,S,0.2,0.05,0.05,5,12,0,finite-sample-evidence-margin,1,1,1,1,1,0,12,12,6,11,5,0,1,proser,native,0.5,51,340,31,0,0,0.1568627450980392,risk_ucb,0.33199791884235635,0.2,,,0.06748656987283631,25,5c0e3b0db9d9249852cd9dd738875b08d68aef625a5dbc3d4d37b3827b05c512
cifar10_proser_fedavg__split04__seed1__d0.1,cifar10,d0.1,B,0.2,0.05,0.05,5,12,0,finite-sample-evidence-margin,1,1,1,1,1,0,12,12,6,8,2,0,1,proser,native,0.5,51,340,31,0,0,0.1568627450980392,risk_ucb,0.3676421367045168,0.2,,,0.0623624267160622,32,5c0e3b0db9d9249852cd9dd738875b08d68aef625a5dbc3d4d37b3827b05c512
cifar10_proser_fedavg__split04__seed1__d0.5,cifar10,d0.5,H,0.2,0.05,0.05,5,12,1,certified,1,1,1,1,1,1,12,12,9,12,9,1,0,proser,native,0.3,50,303,12,0,0,0.08139534883720931,holm_adjusted_pvalue,0.04846933164429453,0.05,0.004039110970357878,1,0.06586382397031201,,0901f3008ec2427fa2ff1f3087831631be5889379258a2fae23f12afddb685fc
cifar10_proser_fedavg__split04__seed1__d0.5,cifar10,d0.5,S,0.2,0.05,0.05,5,12,1,certified,1,1,1,1,1,1,12,12,9,12,9,1,0,proser,native,0.3,50,303,12,0,0,0.08139534883720931,risk_ucb,0.1993493707898387,0.2,,,0.06586382397031201,25,0901f3008ec2427fa2ff1f3087831631be5889379258a2fae23f12afddb685fc
cifar10_proser_fedavg__split04__seed1__d0.5,cifar10,d0.5,B,0.2,0.05,0.05,5,12,0,finite-sample-evidence-margin,1,1,1,1,1,0,12,12,9,12,9,0,10,margin,margin,0.7,175,972,127,0,0,0.1657142857142857,risk_ucb,0.2695284808739066,0.2,,,0.2763000331196905,32,0901f3008ec2427fa2ff1f3087831631be5889379258a2fae23f12afddb685fc
cifar10_proser_fedavg__split04__seed1__d5.0,cifar10,d5,H,0.2,0.05,0.05,5,12,1,certified,1,1,1,1,1,1,12,12,9,12,9,4,1,proser,native,0.5,181,967,93,0,0,0.12169312169312169,holm_adjusted_pvalue,0.031563949546012146,0.05,0.0031563949546012143,3,0.2972572001337767,,e84c56123eae8cbc2bd9cd25988e2a09fbf63c43653635cb78a305d58283753e
cifar10_proser_fedavg__split04__seed1__d5.0,cifar10,d5,S,0.2,0.05,0.05,5,12,1,certified,1,1,1,1,1,1,12,12,9,12,9,3,1,proser,native,0.5,181,967,93,0,0,0.12169312169312169,risk_ucb,0.19715835688718134,0.2,,,0.2972572001337767,25,e84c56123eae8cbc2bd9cd25988e2a09fbf63c43653635cb78a305d58283753e
cifar10_proser_fedavg__split04__seed1__d5.0,cifar10,d5,B,0.2,0.05,0.05,5,12,1,certified,1,1,1,1,1,1,12,12,9,12,9,1,0,proser,native,0.3,120,698,42,0,0,0.08333333333333333,risk_ucb,0.19159730645321768,0.2,,,0.17773710279592259,32,e84c56123eae8cbc2bd9cd25988e2a09fbf63c43653635cb78a305d58283753e
cifar10_proser_fedavg__split04__seed2__d0.1,cifar10,d0.1,H,0.2,0.05,0.05,5,12,0,finite-sample-evidence-margin,1,1,1,1,1,0,12,12,8,10,6,0,2,proser,native,0.7,59,326,27,0,0,0.15254237288135594,holm_adjusted_pvalue,1.0,0.05,0.2315795295789178,5,0.08060768939057704,,5bd79567f380cb7aab7c66fc37031abd5f5250d0d29c6d06b01921e8ec49c83a
cifar10_proser_fedavg__split04__seed2__d0.1,cifar10,d0.1,S,0.2,0.05,0.05,5,12,0,finite-sample-evidence-margin,1,1,1,1,1,0,12,12,8,9,5,0,2,proser,native,0.7,59,326,27,0,0,0.15254237288135594,risk_ucb,0.3121221951250623,0.2,,,0.08060768939057704,25,5bd79567f380cb7aab7c66fc37031abd5f5250d0d29c6d06b01921e8ec49c83a
cifar10_proser_fedavg__split04__seed2__d0.1,cifar10,d0.1,B,0.2,0.05,0.05,5,12,0,finite-sample-evidence-margin,1,1,1,1,1,0,12,12,8,8,4,0,2,proser,native,0.7,59,326,27,0,0,0.15254237288135594,risk_ucb,0.34483387120578696,0.2,,,0.07499662592272632,32,5bd79567f380cb7aab7c66fc37031abd5f5250d0d29c6d06b01921e8ec49c83a
cifar10_proser_fedavg__split04__seed2__d0.5,cifar10,d0.5,H,0.2,0.05,0.05,5,12,0,finite-sample-evidence-margin,1,1,1,1,1,0,12,12,6,12,6,0,5,energy,energy,0.5,216,1123,148,0,0,0.1926605504587156,holm_adjusted_pvalue,1.0,0.05,0.4326102128275859,6,0.3628358945728068,,9541380ca68b81e8796e87a573cd6071448b1cecd43bb99063aaf90d612a55ec
cifar10_proser_fedavg__split04__seed2__d0.5,cifar10,d0.5,S,0.2,0.05,0.05,5,12,0,finite-sample-evidence-margin,1,1,1,1,1,0,12,12,6,12,6,0,5,energy,energy,0.5,216,1123,148,0,0,0.1926605504587156,risk_ucb,0.27216375472560966,0.2,,,0.3628358945728068,25,9541380ca68b81e8796e87a573cd6071448b1cecd43bb99063aaf90d612a55ec
cifar10_proser_fedavg__split04__seed2__d0.5,cifar10,d0.5,B,0.2,0.05,0.05,5,12,0,finite-sample-evidence-margin,1,1,1,1,1,0,12,12,6,12,6,0,5,energy,energy,0.5,216,1123,148,0,0,0.1926605504587156,risk_ucb,0.28809344399526554,0.2,,,0.3522691042031967,32,9541380ca68b81e8796e87a573cd6071448b1cecd43bb99063aaf90d612a55ec
cifar10_proser_fedavg__split04__seed2__d5.0,cifar10,d5,H,0.2,0.05,0.05,5,12,1,certified,1,1,1,1,1,1,12,12,6,12,6,3,4,energy,energy,0.3,173,923,50,0,0,0.08205128205128205,holm_adjusted_pvalue,5.982836705618075e-05,0.05,4.985697254681729e-06,1,0.2824355370849913,,3fe63bba293bca82e2d2e0e9bccdd7ce25fa5ac7a1265fe0432e3a09d6e48b83
cifar10_proser_fedavg__split04__seed2__d5.0,cifar10,d5,S,0.2,0.05,0.05,5,12,1,certified,1,1,1,1,1,1,12,12,6,12,6,3,4,energy,energy,0.3,173,923,50,0,0,0.08205128205128205,risk_ucb,0.1476729186540651,0.2,,,0.2824355370849913,25,3fe63bba293bca82e2d2e0e9bccdd7ce25fa5ac7a1265fe0432e3a09d6e48b83
cifar10_proser_fedavg__split04__seed2__d5.0,cifar10,d5,B,0.2,0.05,0.05,5,12,1,certified,1,1,1,1,1,1,12,12,6,12,6,2,4,energy,energy,0.3,173,923,50,0,0,0.08205128205128205,risk_ucb,0.16175695309327617,0.2,,,0.27264441055958094,32,3fe63bba293bca82e2d2e0e9bccdd7ce25fa5ac7a1265fe0432e3a09d6e48b83
cifar10_proser_fedavg__split04__seed3__d0.1,cifar10,d0.1,H,0.2,0.05,0.05,5,12,0,finite-sample-evidence-margin,1,1,1,1,1,0,12,12,9,12,9,0,6,energy,energy,0.7,54,380,57,0,0,0.1891891891891892,holm_adjusted_pvalue,1.0,0.05,0.47691909025899876,9,0.07237895294510197,,53715837729c567425974775afc47f9dd52c2ecd5697af63e6f275afb09ff902
cifar10_proser_fedavg__split04__seed3__d0.1,cifar10,d0.1,S,0.2,0.05,0.05,5,12,0,finite-sample-evidence-margin,1,1,1,1,1,0,12,12,9,12,9,0,6,energy,energy,0.7,54,380,57,0,0,0.1891891891891892,risk_ucb,0.3351120710141324,0.2,,,0.07237895294510197,25,53715837729c567425974775afc47f9dd52c2ecd5697af63e6f275afb09ff902
cifar10_proser_fedavg__split04__seed3__d0.1,cifar10,d0.1,B,0.2,0.05,0.05,5,12,0,finite-sample-evidence-margin,1,1,1,1,1,0,12,12,9,12,9,0,6,energy,energy,0.7,54,380,57,0,0,0.1891891891891892,risk_ucb,0.36437866317117446,0.2,,,0.06706706830517363,32,53715837729c567425974775afc47f9dd52c2ecd5697af63e6f275afb09ff902
cifar10_proser_fedavg__split04__seed3__d0.5,cifar10,d0.5,H,0.2,0.05,0.05,5,12,0,finite-sample-evidence-margin,1,1,1,1,1,0,12,12,9,12,9,0,6,energy,energy,0.7,222,1140,155,0,0,0.1891891891891892,holm_adjusted_pvalue,1.0,0.05,0.38075787080736284,9,0.37419243334226243,,d5a3449cc828ac80dd96e093c654bd5413bb55c564a00a18b001d979fd880240
cifar10_proser_fedavg__split04__seed3__d0.5,cifar10,d0.5,S,0.2,0.05,0.05,5,12,0,finite-sample-evidence-margin,1,1,1,1,1,0,12,12,9,12,9,0,6,energy,energy,0.7,222,1140,155,0,0,0.1891891891891892,risk_ucb,0.2675042593342606,0.2,,,0.37419243334226243,25,d5a3449cc828ac80dd96e093c654bd5413bb55c564a00a18b001d979fd880240
cifar10_proser_fedavg__split04__seed3__d0.5,cifar10,d0.5,B,0.2,0.05,0.05,5,12,0,finite-sample-evidence-margin,1,1,1,1,1,0,12,12,9,12,9,0,6,energy,energy,0.7,222,1140,155,0,0,0.1891891891891892,risk_ucb,0.2832154997094108,0.2,,,0.3635433762870912,32,d5a3449cc828ac80dd96e093c654bd5413bb55c564a00a18b001d979fd880240
cifar10_proser_fedavg__split04__seed3__d5.0,cifar10,d5,H,0.2,0.05,0.05,5,12,1,certified,1,1,1,1,1,1,12,12,9,12,9,4,1,proser,native,0.5,177,992,95,0,0,0.12037037037037036,holm_adjusted_pvalue,0.013896021607558498,0.05,0.0013896021607558498,3,0.28983820942369654,,dc0a83dbfc80ef9bc44fa23a207ead9b30806269216a64399b05a009b9459350
cifar10_proser_fedavg__split04__seed3__d5.0,cifar10,d5,S,0.2,0.05,0.05,5,12,1,certified,1,1,1,1,1,1,12,12,9,12,9,4,1,proser,native,0.5,177,992,95,0,0,0.12037037037037036,risk_ucb,0.18996358568677815,0.2,,,0.28983820942369654,25,dc0a83dbfc80ef9bc44fa23a207ead9b30806269216a64399b05a009b9459350
cifar10_proser_fedavg__split04__seed3__d5.0,cifar10,d5,B,0.2,0.05,0.05,5,12,1,certified,1,1,1,1,1,1,12,12,9,12,9,2,4,energy,energy,0.3,153,894,56,0,0,0.0784313725490196,risk_ucb,0.16985659534354444,0.2,,,0.2363668783624944,32,dc0a83dbfc80ef9bc44fa23a207ead9b30806269216a64399b05a009b9459350
cifar10_proser_fedavg__split04__seed4__d0.1,cifar10,d0.1,H,0.2,0.05,0.05,5,12,0,selector-tradeoff,1,1,1,1,0,0,10,10,4,3,0,0,,,,,,,,,,,holm_adjusted_pvalue,,0.05,,,,,2e5955408c27302e557748a64c0e55e92f0ee63060b82ea5f31d604df70597d1
cifar10_proser_fedavg__split04__seed4__d0.1,cifar10,d0.1,S,0.2,0.05,0.05,5,12,0,selector-tradeoff,1,1,1,1,0,0,10,10,4,3,0,0,,,,,,,,,,,risk_ucb,,0.2,,,,25,2e5955408c27302e557748a64c0e55e92f0ee63060b82ea5f31d604df70597d1
cifar10_proser_fedavg__split04__seed4__d0.1,cifar10,d0.1,B,0.2,0.05,0.05,5,12,0,selector-tradeoff,1,1,1,1,0,0,10,10,4,3,0,0,,,,,,,,,,,risk_ucb,,0.2,,,,32,2e5955408c27302e557748a64c0e55e92f0ee63060b82ea5f31d604df70597d1
cifar10_proser_fedavg__split04__seed4__d0.5,cifar10,d0.5,H,0.2,0.05,0.05,5,12,1,certified,1,1,1,1,1,1,12,12,7,12,7,2,4,energy,energy,0.3,68,444,19,0,0,0.06140350877192982,holm_adjusted_pvalue,0.011665320669910155,0.05,0.0010604836972645595,2,0.09562685087665634,,6192e4fc5a985988c4f264b2ab26752aea745224d6f26ea9a39e67422ec1d320
cifar10_proser_fedavg__split04__seed4__d0.5,cifar10,d0.5,S,0.2,0.05,0.05,5,12,1,certified,1,1,1,1,1,1,12,12,7,12,7,2,4,energy,energy,0.3,68,444,19,0,0,0.06140350877192982,risk_ucb,0.17702602796764116,0.2,,,0.09562685087665634,25,6192e4fc5a985988c4f264b2ab26752aea745224d6f26ea9a39e67422ec1d320
cifar10_proser_fedavg__split04__seed4__d0.5,cifar10,d0.5,B,0.2,0.05,0.05,5,12,1,certified,1,1,1,1,1,1,12,12,7,12,7,1,8,margin,margin,0.3,68,418,16,0,0,0.05813953488372093,risk_ucb,0.18146397801684908,0.2,,,0.08951548055078719,32,6192e4fc5a985988c4f264b2ab26752aea745224d6f26ea9a39e67422ec1d320
cifar10_proser_fedavg__split04__seed4__d5.0,cifar10,d5,H,0.2,0.05,0.05,5,12,1,certified,1,1,1,1,1,1,12,12,9,12,9,3,4,energy,energy,0.3,143,825,36,0,0,0.05851063829787234,holm_adjusted_pvalue,4.3824122109935185e-07,0.05,3.652010175827932e-08,1,0.22746712393830126,,2b57571afee290272f4e73f6fb06d3f06fd7c5ac4d5d1326ddc86565ae767ada
cifar10_proser_fedavg__split04__seed4__d5.0,cifar10,d5,S,0.2,0.05,0.05,5,12,1,certified,1,1,1,1,1,1,12,12,9,12,9,3,4,energy,energy,0.3,143,825,36,0,0,0.05851063829787234,risk_ucb,0.11899287613502123,0.2,,,0.22746712393830126,25,2b57571afee290272f4e73f6fb06d3f06fd7c5ac4d5d1326ddc86565ae767ada
cifar10_proser_fedavg__split04__seed4__d5.0,cifar10,d5,B,0.2,0.05,0.05,5,12,1,certified,1,1,1,1,1,1,12,12,9,12,9,3,4,energy,energy,0.3,143,825,36,0,0,0.05851063829787234,risk_ucb,0.1323487353648425,0.2,,,0.21842876388757324,32,2b57571afee290272f4e73f6fb06d3f06fd7c5ac4d5d1326ddc86565ae767ada
cifar10_proser_fedavg__split05__seed0__d0.1,cifar10,d0.1,H,0.2,0.05,0.05,5,12,0,joint-count-and-empirical,1,1,0,0,0,0,8,8,0,0,0,0,,,,,,,,,,,holm_adjusted_pvalue,,0.05,,,,,be1f2d4c28bd78e9d607745616b94733e7079c712589e8fb9c05462af3514f9e
cifar10_proser_fedavg__split05__seed0__d0.1,cifar10,d0.1,S,0.2,0.05,0.05,5,12,0,joint-count-and-empirical,1,1,0,0,0,0,8,8,0,0,0,0,,,,,,,,,,,risk_ucb,,0.2,,,,25,be1f2d4c28bd78e9d607745616b94733e7079c712589e8fb9c05462af3514f9e
cifar10_proser_fedavg__split05__seed0__d0.1,cifar10,d0.1,B,0.2,0.05,0.05,5,12,0,joint-count-and-empirical,1,1,0,0,0,0,8,8,0,0,0,0,,,,,,,,,,,risk_ucb,,0.2,,,,32,be1f2d4c28bd78e9d607745616b94733e7079c712589e8fb9c05462af3514f9e
cifar10_proser_fedavg__split05__seed0__d0.5,cifar10,d0.5,H,0.2,0.05,0.05,5,12,0,finite-sample-evidence-margin,1,1,1,1,1,0,12,12,3,9,3,0,6,energy,energy,0.7,54,367,58,0,0,0.18055555555555555,holm_adjusted_pvalue,1.0,0.05,0.40633999747412064,2,0.07237895294510197,,452dbbb027bbfcc838f09f4ad8a14d3ae77a3896adbddf939590a0051afed815
cifar10_proser_fedavg__split05__seed0__d0.5,cifar10,d0.5,S,0.2,0.05,0.05,5,12,0,finite-sample-evidence-margin,1,1,1,1,1,0,12,12,3,8,3,0,6,energy,energy,0.7,54,367,58,0,0,0.18055555555555555,risk_ucb,0.3274060611598364,0.2,,,0.07237895294510197,25,452dbbb027bbfcc838f09f4ad8a14d3ae77a3896adbddf939590a0051afed815
cifar10_proser_fedavg__split05__seed0__d0.5,cifar10,d0.5,B,0.2,0.05,0.05,5,12,0,finite-sample-evidence-margin,1,1,1,1,1,0,12,12,3,8,3,0,6,energy,energy,0.7,54,367,58,0,0,0.18055555555555555,risk_ucb,0.35700958945542216,0.2,,,0.06706706830517363,32,452dbbb027bbfcc838f09f4ad8a14d3ae77a3896adbddf939590a0051afed815
cifar10_proser_fedavg__split05__seed0__d5.0,cifar10,d5,H,0.2,0.05,0.05,5,12,1,certified,1,1,1,1,1,1,12,12,9,12,9,4,1,proser,native,0.5,235,1287,136,0,0,0.137546468401487,holm_adjusted_pvalue,0.04468258592842288,0.05,0.004964731769824764,4,0.3989090031855907,,9a7d4c34d60063b3ddacefeeb1826173ab5e9533c6972b3a94188b5b66795024
cifar10_proser_fedavg__split05__seed0__d5.0,cifar10,d5,S,0.2,0.05,0.05,5,12,1,certified,1,1,1,1,1,1,12,12,9,12,9,3,8,margin,margin,0.3,207,1116,90,0,0,0.11214953271028037,risk_ucb,0.18059982690557927,0.2,,,0.3458625973795435,25,9a7d4c34d60063b3ddacefeeb1826173ab5e9533c6972b3a94188b5b66795024
cifar10_proser_fedavg__split05__seed0__d5.0,cifar10,d5,B,0.2,0.05,0.05,5,12,1,certified,1,1,1,1,1,1,12,12,9,12,9,3,8,margin,margin,0.3,207,1116,90,0,0,0.11214953271028037,risk_ucb,0.19490023335473275,0.2,,,0.33543079421001026,32,9a7d4c34d60063b3ddacefeeb1826173ab5e9533c6972b3a94188b5b66795024
cifar10_proser_fedavg__split05__seed1__d0.1,cifar10,d0.1,H,0.2,0.05,0.05,5,12,0,finite-sample-evidence-margin,1,1,1,1,1,0,12,12,10,12,10,0,3,proser,native,1.0,217,1150,199,0,0,0.19823788546255505,holm_adjusted_pvalue,1.0,0.05,0.5132515968492253,10,0.36472638765608667,,775712ac025ed38759f26db49163c50711015d31d17cba1e27f05f1da6a857c7
cifar10_proser_fedavg__split05__seed1__d0.1,cifar10,d0.1,S,0.2,0.05,0.05,5,12,0,finite-sample-evidence-margin,1,1,1,1,1,0,12,12,10,12,10,0,3,proser,native,1.0,217,1150,199,0,0,0.19823788546255505,risk_ucb,0.27658625279984,0.2,,,0.36472638765608667,25,775712ac025ed38759f26db49163c50711015d31d17cba1e27f05f1da6a857c7
cifar10_proser_fedavg__split05__seed1__d0.1,cifar10,d0.1,B,0.2,0.05,0.05,5,12,0,finite-sample-evidence-margin,1,1,1,1,1,0,12,12,10,12,10,0,3,proser,native,1.0,217,1150,199,0,0,0.19823788546255505,risk_ucb,0.292244507945992,0.2,,,0.35414545977452894,32,775712ac025ed38759f26db49163c50711015d31d17cba1e27f05f1da6a857c7
cifar10_proser_fedavg__split05__seed1__d0.5,cifar10,d0.5,H,0.2,0.05,0.05,5,12,1,certified,1,1,1,1,1,1,12,12,6,12,6,3,0,proser,native,0.3,177,996,58,0,0,0.10160427807486631,holm_adjusted_pvalue,0.0024782432053530286,0.05,0.00022529483685027534,2,0.28983820942369654,,2047ab621f4f33d542e265dd1cd48d0bc7f11866f8e5a57f59fb4c6d99ccd2d0
cifar10_proser_fedavg__split05__seed1__d0.5,cifar10,d0.5,S,0.2,0.05,0.05,5,12,1,certified,1,1,1,1,1,1,12,12,6,12,6,3,0,proser,native,0.3,177,996,58,0,0,0.10160427807486631,risk_ucb,0.17349082326585885,0.2,,,0.28983820942369654,25,2047ab621f4f33d542e265dd1cd48d0bc7f11866f8e5a57f59fb4c6d99ccd2d0
cifar10_proser_fedavg__split05__seed1__d0.5,cifar10,d0.5,B,0.2,0.05,0.05,5,12,1,certified,1,1,1,1,1,1,12,12,6,12,6,3,0,proser,native,0.3,177,996,58,0,0,0.10160427807486631,risk_ucb,0.18867761944364617,0.2,,,0.27996054222198524,32,2047ab621f4f33d542e265dd1cd48d0bc7f11866f8e5a57f59fb4c6d99ccd2d0
cifar10_proser_fedavg__split05__seed1__d5.0,cifar10,d5,H,0.2,0.05,0.05,5,12,1,certified,1,1,1,1,1,1,12,12,9,12,9,6,9,margin,margin,0.5,217,1154,108,0,0,0.11304347826086956,holm_adjusted_pvalue,0.003555029154033443,0.05,0.00032318446854849483,2,0.36472638765608667,,38c4d18b1cf0bdc24ded3ea7a4793b2ee0934a59c512cb2ed37cd7c4b48bf086
cifar10_proser_fedavg__split05__seed1__d5.0,cifar10,d5,S,0.2,0.05,0.05,5,12,1,certified,1,1,1,1,1,1,12,12,9,12,9,6,9,margin,margin,0.5,217,1154,108,0,0,0.11304347826086956,risk_ucb,0.17884069990525442,0.2,,,0.36472638765608667,25,38c4d18b1cf0bdc24ded3ea7a4793b2ee0934a59c512cb2ed37cd7c4b48bf086
cifar10_proser_fedavg__split05__seed1__d5.0,cifar10,d5,B,0.2,0.05,0.05,5,12,1,certified,1,1,1,1,1,1,12,12,9,12,9,3,9,margin,margin,0.5,217,1154,108,0,0,0.11304347826086956,risk_ucb,0.19255422068954003,0.2,,,0.35414545977452894,32,38c4d18b1cf0bdc24ded3ea7a4793b2ee0934a59c512cb2ed37cd7c4b48bf086
cifar10_proser_fedavg__split05__seed2__d0.1,cifar10,d0.1,H,0.2,0.05,0.05,5,12,0,finite-sample-evidence-margin,1,1,1,1,1,0,12,12,5,11,4,0,10,margin,margin,0.7,86,502,58,0,0,0.1956521739130435,holm_adjusted_pvalue,1.0,0.05,0.5208427887233597,5,0.12631874242358496,,92dee2c5994d3eafad49ae00d6be32b9d225fd4e9c4933d67e0bb5dfcab766c4
cifar10_proser_fedavg__split05__seed2__d0.1,cifar10,d0.1,S,0.2,0.05,0.05,5,12,0,finite-sample-evidence-margin,1,1,1,1,1,0,12,12,5,11,4,0,10,margin,margin,0.7,86,502,58,0,0,0.1956521739130435,risk_ucb,0.3253294795028962,0.2,,,0.12631874242358496,25,92dee2c5994d3eafad49ae00d6be32b9d225fd4e9c4933d67e0bb5dfcab766c4
cifar10_proser_fedavg__split05__seed2__d0.1,cifar10,d0.1,B,0.2,0.05,0.05,5,12,0,finite-sample-evidence-margin,1,1,1,1,1,0,12,12,5,10,3,0,10,margin,margin,0.7,86,502,58,0,0,0.1956521739130435,risk_ucb,0.3513099455250866,0.2,,,0.1193277683909949,32,92dee2c5994d3eafad49ae00d6be32b9d225fd4e9c4933d67e0bb5dfcab766c4
cifar10_proser_fedavg__split05__seed2__d0.5,cifar10,d0.5,H,0.2,0.05,0.05,5,12,1,certified,1,1,1,1,1,1,12,12,9,12,9,6,1,proser,native,0.5,218,1129,105,0,0,0.11538461538461539,holm_adjusted_pvalue,0.003770509748164124,0.05,0.00041894552757379156,4,0.3666177882839961,,c70d9159fcf769251bf887a52ce169759d8f8ea298f8e2fa34affb277788a04d
cifar10_proser_fedavg__split05__seed2__d0.5,cifar10,d0.5,S,0.2,0.05,0.05,5,12,1,certified,1,1,1,1,1,1,12,12,9,12,9,5,1,proser,native,0.5,218,1129,105,0,0,0.11538461538461539,risk_ucb,0.1809493275401414,0.2,,,0.3666177882839961,25,c70d9159fcf769251bf887a52ce169759d8f8ea298f8e2fa34affb277788a04d
cifar10_proser_fedavg__split05__seed2__d0.5,cifar10,d0.5,B,0.2,0.05,0.05,5,12,1,certified,1,1,1,1,1,1,12,12,9,12,9,4,1,proser,native,0.5,218,1129,105,0,0,0.11538461538461539,risk_ucb,0.19458788654056952,0.2,,,0.3560228938579358,32,c70d9159fcf769251bf887a52ce169759d8f8ea298f8e2fa34affb277788a04d
cifar10_proser_fedavg__split05__seed2__d5.0,cifar10,d5,H,0.2,0.05,0.05,5,12,1,certified,1,1,1,1,1,1,12,12,9,12,9,7,10,margin,margin,0.7,259,1381,170,0,0,0.13533834586466165,holm_adjusted_pvalue,0.02332857464226259,0.05,0.003888095773710432,7,0.44493136655352433,,12344124e966f180294c3f7fd61ab9d210d75fa8a51b42c9209cc890a8abe6fc
cifar10_proser_fedavg__split05__seed2__d5.0,cifar10,d5,S,0.2,0.05,0.05,5,12,1,certified,1,1,1,1,1,1,12,12,9,12,9,7,10,margin,margin,0.7,259,1381,170,0,0,0.13533834586466165,risk_ucb,0.1994013982669589,0.2,,,0.44493136655352433,25,12344124e966f180294c3f7fd61ab9d210d75fa8a51b42c9209cc890a8abe6fc
cifar10_proser_fedavg__split05__seed2__d5.0,cifar10,d5,B,0.2,0.05,0.05,5,12,1,certified,1,1,1,1,1,1,12,12,9,12,9,6,1,proser,native,0.5,226,1195,106,0,0,0.10204081632653061,risk_ucb,0.1762890494191137,0.2,,,0.3710809654035832,32,12344124e966f180294c3f7fd61ab9d210d75fa8a51b42c9209cc890a8abe6fc
cifar10_proser_fedavg__split05__seed3__d0.1,cifar10,d0.1,H,0.2,0.05,0.05,5,12,1,certified,1,1,1,1,1,1,12,12,8,12,8,3,4,energy,energy,0.3,114,630,36,0,0,0.08208955223880597,holm_adjusted_pvalue,0.0018356570876182018,0.05,0.0001529714239681835,1,0.175378773010934,,502edda633b0ba833126d98095be810b9e319c8a453edfc97763bd09215b863c
cifar10_proser_fedavg__split05__seed3__d0.1,cifar10,d0.1,S,0.2,0.05,0.05,5,12,1,certified,1,1,1,1,1,1,12,12,8,12,8,3,4,energy,energy,0.3,114,630,36,0,0,0.08208955223880597,risk_ucb,0.16474638317035306,0.2,,,0.175378773010934,25,502edda633b0ba833126d98095be810b9e319c8a453edfc97763bd09215b863c
cifar10_proser_fedavg__split05__seed3__d0.1,cifar10,d0.1,B,0.2,0.05,0.05,5,12,1,certified,1,1,1,1,1,1,12,12,8,12,8,3,4,energy,energy,0.3,114,630,36,0,0,0.08208955223880597,risk_ucb,0.18268769987380207,0.2,,,0.167264773184629,32,502edda633b0ba833126d98095be810b9e319c8a453edfc97763bd09215b863c
cifar10_proser_fedavg__split05__seed3__d0.5,cifar10,d0.5,H,0.2,0.05,0.05,5,12,1,certified,1,1,1,1,1,1,12,12,11,12,11,6,9,margin,margin,0.5,194,1107,79,0,0,0.11392405063291139,holm_adjusted_pvalue,0.0024385081353480867,0.05,0.00030481351691851084,5,0.32147868122190865,,230e6302ce224df9c06a8c236d8a181f338a5d9a781790b159916fb716a14830
cifar10_proser_fedavg__split05__seed3__d0.5,cifar10,d0.5,S,0.2,0.05,0.05,5,12,1,certified,1,1,1,1,1,1,12,12,11,12,11,6,9,margin,margin,0.5,194,1107,79,0,0,0.11392405063291139,risk_ucb,0.17874457946379424,0.2,,,0.32147868122190865,25,230e6302ce224df9c06a8c236d8a181f338a5d9a781790b159916fb716a14830
cifar10_proser_fedavg__split05__seed3__d0.5,cifar10,d0.5,B,0.2,0.05,0.05,5,12,1,certified,1,1,1,1,1,1,12,12,11,12,11,6,9,margin,margin,0.5,194,1107,79,0,0,0.11392405063291139,risk_ucb,0.19223680693802758,0.2,,,0.3112669205123635,32,230e6302ce224df9c06a8c236d8a181f338a5d9a781790b159916fb716a14830
cifar10_proser_fedavg__split05__seed3__d5.0,cifar10,d5,H,0.2,0.05,0.05,5,12,1,certified,1,1,1,1,1,1,12,12,11,12,11,5,2,proser,native,0.7,243,1256,141,0,0,0.13793103448275862,holm_adjusted_pvalue,0.0469959039274969,0.05,0.005874487990937112,5,0.4141936382146332,,b67f2fc80c4f52d19be493c5837f2eaf104d3fb32c2593838265f03d4aee190e
cifar10_proser_fedavg__split05__seed3__d5.0,cifar10,d5,S,0.2,0.05,0.05,5,12,1,certified,1,1,1,1,1,1,12,12,11,12,11,4,9,margin,margin,0.5,202,1054,80,0,0,0.11059907834101383,risk_ucb,0.17820027084178025,0.2,,,0.3364653401500663,25,b67f2fc80c4f52d19be493c5837f2eaf104d3fb32c2593838265f03d4aee190e
cifar10_proser_fedavg__split05__seed3__d5.0,cifar10,d5,B,0.2,0.05,0.05,5,12,1,certified,1,1,1,1,1,1,12,12,11,12,11,3,9,margin,margin,0.5,202,1054,80,0,0,0.11059907834101383,risk_ucb,0.19233338246268414,0.2,,,0.32611462327198376,32,b67f2fc80c4f52d19be493c5837f2eaf104d3fb32c2593838265f03d4aee190e
cifar10_proser_fedavg__split05__seed4__d0.1,cifar10,d0.1,H,0.2,0.05,0.05,5,12,0,selector-tradeoff,1,1,1,1,0,0,12,12,2,9,0,0,,,,,,,,,,,holm_adjusted_pvalue,,0.05,,,,,87f385d7bbcedc74c669fe93f536f7b38ab15000615a3557d2bc33955613b761
cifar10_proser_fedavg__split05__seed4__d0.1,cifar10,d0.1,S,0.2,0.05,0.05,5,12,0,selector-tradeoff,1,1,1,1,0,0,12,12,2,9,0,0,,,,,,,,,,,risk_ucb,,0.2,,,,25,87f385d7bbcedc74c669fe93f536f7b38ab15000615a3557d2bc33955613b761
cifar10_proser_fedavg__split05__seed4__d0.1,cifar10,d0.1,B,0.2,0.05,0.05,5,12,0,selector-tradeoff,1,1,1,1,0,0,12,12,2,5,0,0,,,,,,,,,,,risk_ucb,,0.2,,,,32,87f385d7bbcedc74c669fe93f536f7b38ab15000615a3557d2bc33955613b761
cifar10_proser_fedavg__split05__seed4__d0.5,cifar10,d0.5,H,0.2,0.05,0.05,5,12,1,certified,1,1,1,1,1,1,12,12,6,12,6,2,8,margin,margin,0.3,154,838,45,0,0,0.09090909090909091,holm_adjusted_pvalue,0.0020706815712761414,0.05,0.00018824377920692193,2,0.2475047498890996,,f01aba5044f164720500cc66e33638f99ec3ba12ff6c54e5540674e451ba80fa
cifar10_proser_fedavg__split05__seed4__d0.5,cifar10,d0.5,S,0.2,0.05,0.05,5,12,1,certified,1,1,1,1,1,1,12,12,6,12,6,2,8,margin,margin,0.3,154,838,45,0,0,0.09090909090909091,risk_ucb,0.16905352591345132,0.2,,,0.2475047498890996,25,f01aba5044f164720500cc66e33638f99ec3ba12ff6c54e5540674e451ba80fa
cifar10_proser_fedavg__split05__seed4__d0.5,cifar10,d0.5,B,0.2,0.05,0.05,5,12,1,certified,1,1,1,1,1,1,12,12,6,12,6,2,8,margin,margin,0.3,154,838,45,0,0,0.09090909090909091,risk_ucb,0.18580182631553296,0.2,,,0.23816830203689632,32,f01aba5044f164720500cc66e33638f99ec3ba12ff6c54e5540674e451ba80fa
cifar10_proser_fedavg__split05__seed4__d5.0,cifar10,d5,H,0.2,0.05,0.05,5,12,1,certified,1,1,1,1,1,1,12,12,9,12,9,2,8,margin,margin,0.3,127,712,34,0,0,0.07086614173228346,holm_adjusted_pvalue,0.0005618793401210276,0.05,4.682327834341897e-05,1,0.19858757781503508,,5e3b6f0926f23bc85f97589df441ae31afe5fa1eeb2ba7b78e305b29e939cdb8
cifar10_proser_fedavg__split05__seed4__d5.0,cifar10,d5,S,0.2,0.05,0.05,5,12,1,certified,1,1,1,1,1,1,12,12,9,12,9,2,8,margin,margin,0.3,127,712,34,0,0,0.07086614173228346,risk_ucb,0.15289139038528984,0.2,,,0.19858757781503508,25,5e3b6f0926f23bc85f97589df441ae31afe5fa1eeb2ba7b78e305b29e939cdb8
cifar10_proser_fedavg__split05__seed4__d5.0,cifar10,d5,B,0.2,0.05,0.05,5,12,1,certified,1,1,1,1,1,1,12,12,9,12,9,1,8,margin,margin,0.3,127,712,34,0,0,0.07086614173228346,risk_ucb,0.17095717205392413,0.2,,,0.19003274874904091,32,5e3b6f0926f23bc85f97589df441ae31afe5fa1eeb2ba7b78e305b29e939cdb8
cifar10_proser_fedavg__split06__seed0__d0.1,cifar10,d0.1,H,0.2,0.05,0.05,5,12,0,proposal-infeasible,0,0,0,0,0,0,0,0,0,0,0,0,,,,,,,,,,,holm_adjusted_pvalue,,0.05,,,,,20ab18bf01a40eaa6020c3ce87435928f7b6eaccf6ed9fb0f03e4efc0c535fe6
cifar10_proser_fedavg__split06__seed0__d0.1,cifar10,d0.1,S,0.2,0.05,0.05,5,12,0,proposal-infeasible,0,0,0,0,0,0,0,0,0,0,0,0,,,,,,,,,,,risk_ucb,,0.2,,,,25,20ab18bf01a40eaa6020c3ce87435928f7b6eaccf6ed9fb0f03e4efc0c535fe6
cifar10_proser_fedavg__split06__seed0__d0.1,cifar10,d0.1,B,0.2,0.05,0.05,5,12,0,proposal-infeasible,0,0,0,0,0,0,0,0,0,0,0,0,,,,,,,,,,,risk_ucb,,0.2,,,,32,20ab18bf01a40eaa6020c3ce87435928f7b6eaccf6ed9fb0f03e4efc0c535fe6
cifar10_proser_fedavg__split06__seed0__d0.5,cifar10,d0.5,H,0.2,0.05,0.05,5,12,1,certified,1,1,1,1,1,1,12,12,9,12,9,1,0,proser,native,0.3,64,382,21,0,0,0.08791208791208792,holm_adjusted_pvalue,0.03663599616537838,0.05,0.0030529996804481985,1,0.08892102375525943,,f9e7e5ac104e7406ef6c48dc2c5b87ed4d592724cfd4c14322403f0d0919533b
cifar10_proser_fedavg__split06__seed0__d0.5,cifar10,d0.5,S,0.2,0.05,0.05,5,12,1,certified,1,1,1,1,1,1,12,12,9,12,9,1,0,proser,native,0.3,64,382,21,0,0,0.08791208791208792,risk_ucb,0.19530161721324155,0.2,,,0.08892102375525943,25,f9e7e5ac104e7406ef6c48dc2c5b87ed4d592724cfd4c14322403f0d0919533b
cifar10_proser_fedavg__split06__seed0__d0.5,cifar10,d0.5,B,0.2,0.05,0.05,5,12,0,finite-sample-evidence-margin,1,1,1,1,1,0,12,12,9,12,9,0,6,energy,energy,0.7,212,1153,162,0,0,0.18309859154929578,risk_ucb,0.2784949350095091,0.2,,,0.34477450887789174,32,f9e7e5ac104e7406ef6c48dc2c5b87ed4d592724cfd4c14322403f0d0919533b
cifar10_proser_fedavg__split06__seed0__d5.0,cifar10,d5,H,0.2,0.05,0.05,5,12,1,certified,1,1,1,1,1,1,11,11,7,10,6,3,1,proser,native,0.5,221,1136,100,0,0,0.10964912280701754,holm_adjusted_pvalue,0.0021696754348685308,0.05,0.00019724322135168462,2,0.3722974188689161,,c60b48d0018a4a8cde2d49ac4ecf869f3a98c00ad1a6f3c884b56efffbe8906b
cifar10_proser_fedavg__split06__seed0__d5.0,cifar10,d5,S,0.2,0.05,0.05,5,12,1,certified,1,1,1,1,1,1,11,11,7,9,6,3,1,proser,native,0.5,221,1136,100,0,0,0.10964912280701754,risk_ucb,0.17514830645853888,0.2,,,0.3722974188689161,25,c60b48d0018a4a8cde2d49ac4ecf869f3a98c00ad1a6f3c884b56efffbe8906b
cifar10_proser_fedavg__split06__seed0__d5.0,cifar10,d5,B,0.2,0.05,0.05,5,12,1,certified,1,1,1,1,1,1,11,11,7,9,6,2,1,proser,native,0.5,221,1136,100,0,0,0.10964912280701754,risk_ucb,0.18883375545924655,0.2,,,0.36166164752947516,32,c60b48d0018a4a8cde2d49ac4ecf869f3a98c00ad1a6f3c884b56efffbe8906b
cifar10_proser_fedavg__split06__seed1__d0.1,cifar10,d0.1,H,0.2,0.05,0.05,5,12,1,certified,1,1,1,1,1,1,12,12,9,12,9,1,8,margin,margin,0.3,123,652,48,0,0,0.09558823529411764,holm_adjusted_pvalue,0.014164342258264892,0.05,0.0011803618548554076,1,0.1914206638434222,,ee1f4e6d5b3c71d25aecb596ce6a45d2d31c69cff41c7e63d95ad561d3a409eb
cifar10_proser_fedavg__split06__seed1__d0.1,cifar10,d0.1,S,0.2,0.05,0.05,5,12,1,certified,1,1,1,1,1,1,12,12,9,12,9,1,8,margin,margin,0.3,123,652,48,0,0,0.09558823529411764,risk_ucb,0.18478555890555598,0.2,,,0.1914206638434222,25,ee1f4e6d5b3c71d25aecb596ce6a45d2d31c69cff41c7e63d95ad561d3a409eb
cifar10_proser_fedavg__split06__seed1__d0.1,cifar10,d0.1,B,0.2,0.05,0.05,5,12,0,finite-sample-evidence-margin,1,1,1,1,1,0,12,12,9,12,9,0,10,margin,margin,0.7,186,1032,149,0,0,0.17307692307692307,risk_ucb,0.26831374370400185,0.2,,,0.2964922716375284,32,ee1f4e6d5b3c71d25aecb596ce6a45d2d31c69cff41c7e63d95ad561d3a409eb
cifar10_proser_fedavg__split06__seed1__d0.5,cifar10,d0.5,H,0.2,0.05,0.05,5,12,1,certified,1,1,1,1,1,1,12,12,9,12,9,6,5,energy,energy,0.5,216,1111,91,0,0,0.1050228310502283,holm_adjusted_pvalue,0.001342967760961991,0.05,0.0001220879782692719,2,0.3628358945728068,,30a0d1f77806cd019cb392bd379a3076360e96d1610c5d1b3c3c37681265fe29
cifar10_proser_fedavg__split06__seed1__d0.5,cifar10,d0.5,S,0.2,0.05,0.05,5,12,1,certified,1,1,1,1,1,1,12,12,9,12,9,6,5,energy,energy,0.5,216,1111,91,0,0,0.1050228310502283,risk_ucb,0.17117844916335273,0.2,,,0.3628358945728068,25,30a0d1f77806cd019cb392bd379a3076360e96d1610c5d1b3c3c37681265fe29
cifar10_proser_fedavg__split06__seed1__d0.5,cifar10,d0.5,B,0.2,0.05,0.05,5,12,1,certified,1,1,1,1,1,1,12,12,9,12,9,5,5,energy,energy,0.5,216,1111,91,0,0,0.1050228310502283,risk_ucb,0.18506046066618245,0.2,,,0.3522691042031967,32,30a0d1f77806cd019cb392bd379a3076360e96d1610c5d1b3c3c37681265fe29
cifar10_proser_fedavg__split06__seed1__d5.0,cifar10,d5,H,0.2,0.05,0.05,5,12,1,certified,1,1,1,1,1,1,12,12,9,12,9,6,5,energy,energy,0.5,241,1281,108,0,0,0.0995850622406639,holm_adjusted_pvalue,0.00017866241375826688,0.05,1.9851379306474098e-05,4,0.4103671965206592,,e560b508a4f58c2f761d7ada0034f9ec102f19b594ea72cf1160c21c954f86a5
cifar10_proser_fedavg__split06__seed1__d5.0,cifar10,d5,S,0.2,0.05,0.05,5,12,1,certified,1,1,1,1,1,1,12,12,9,12,9,6,5,energy,energy,0.5,241,1281,108,0,0,0.0995850622406639,risk_ucb,0.161075740414476,0.2,,,0.4103671965206592,25,e560b508a4f58c2f761d7ada0034f9ec102f19b594ea72cf1160c21c954f86a5
cifar10_proser_fedavg__split06__seed1__d5.0,cifar10,d5,B,0.2,0.05,0.05,5,12,1,certified,1,1,1,1,1,1,12,12,9,12,9,6,5,energy,energy,0.5,241,1281,108,0,0,0.0995850622406639,risk_ucb,0.1739963197675335,0.2,,,0.3994976464593972,32,e560b508a4f58c2f761d7ada0034f9ec102f19b594ea72cf1160c21c954f86a5
cifar10_proser_fedavg__split06__seed2__d0.1,cifar10,d0.1,H,0.2,0.05,0.05,5,12,0,finite-sample-evidence-margin,1,1,1,1,1,0,10,10,4,5,2,0,10,margin,margin,0.7,50,276,26,0,0,0.15384615384615385,holm_adjusted_pvalue,1.0,0.05,0.22290231451010573,2,0.06586382397031201,,cd848fe3abcf9b81a2923a7a0fe76e9731c2aaadbb5ddd31bd38d8eb9fe36e04
cifar10_proser_fedavg__split06__seed2__d0.1,cifar10,d0.1,S,0.2,0.05,0.05,5,12,0,finite-sample-evidence-margin,1,1,1,1,1,0,10,10,4,5,2,0,10,margin,margin,0.7,50,276,26,0,0,0.15384615384615385,risk_ucb,0.3046939257221296,0.2,,,0.06586382397031201,25,cd848fe3abcf9b81a2923a7a0fe76e9731c2aaadbb5ddd31bd38d8eb9fe36e04
cifar10_proser_fedavg__split06__seed2__d0.1,cifar10,d0.1,B,0.2,0.05,0.05,5,12,0,finite-sample-evidence-margin,1,1,1,1,1,0,10,10,4,5,2,0,10,margin,margin,0.7,50,276,26,0,0,0.15384615384615385,risk_ucb,0.3356361172561946,0.2,,,0.06080373527659942,32,cd848fe3abcf9b81a2923a7a0fe76e9731c2aaadbb5ddd31bd38d8eb9fe36e04
cifar10_proser_fedavg__split06__seed2__d0.5,cifar10,d0.5,H,0.2,0.05,0.05,5,12,1,certified,1,1,1,1,1,1,12,12,9,12,9,6,2,proser,native,0.7,236,1273,160,0,0,0.13559322033898305,holm_adjusted_pvalue,0.04545219403776036,0.05,0.006493170576822908,6,0.4008164964737044,,5d565f832a17f9e771f0732bd4e3563793a17fa3ed9cb32fa842203f8a4e4add
cifar10_proser_fedavg__split06__seed2__d0.5,cifar10,d0.5,S,0.2,0.05,0.05,5,12,1,certified,1,1,1,1,1,1,12,12,9,12,9,4,1,proser,native,0.5,165,935,84,0,0,0.10101010101010101,risk_ucb,0.170371502950641,0.2,,,0.2676802640594055,25,5d565f832a17f9e771f0732bd4e3563793a17fa3ed9cb32fa842203f8a4e4add
cifar10_proser_fedavg__split06__seed2__d0.5,cifar10,d0.5,B,0.2,0.05,0.05,5,12,1,certified,1,1,1,1,1,1,12,12,9,12,9,2,1,proser,native,0.5,165,935,84,0,0,0.10101010101010101,risk_ucb,0.18500935564002813,0.2,,,0.2580716368631449,32,5d565f832a17f9e771f0732bd4e3563793a17fa3ed9cb32fa842203f8a4e4add
cifar10_proser_fedavg__split06__seed2__d5.0,cifar10,d5,H,0.2,0.05,0.05,5,12,1,certified,1,1,1,1,1,1,12,12,12,12,12,6,5,energy,energy,0.5,220,1233,107,0,0,0.0996309963099631,holm_adjusted_pvalue,0.00025867218340107904,0.05,2.5867218340107904e-05,3,0.37040330550021183,,f5d3aa1cc47cbf75426d6fae31de0ca63b61b9484740cebf97e83ae19d15bcc2
cifar10_proser_fedavg__split06__seed2__d5.0,cifar10,d5,S,0.2,0.05,0.05,5,12,1,certified,1,1,1,1,1,1,12,12,12,12,12,6,5,energy,energy,0.5,220,1233,107,0,0,0.0996309963099631,risk_ucb,0.16192893128609376,0.2,,,0.37040330550021183,25,f5d3aa1cc47cbf75426d6fae31de0ca63b61b9484740cebf97e83ae19d15bcc2
cifar10_proser_fedavg__split06__seed2__d5.0,cifar10,d5,B,0.2,0.05,0.05,5,12,1,certified,1,1,1,1,1,1,12,12,12,12,12,6,5,energy,energy,0.5,220,1233,107,0,0,0.0996309963099631,risk_ucb,0.17514128836663967,0.2,,,0.3597809896449281,32,f5d3aa1cc47cbf75426d6fae31de0ca63b61b9484740cebf97e83ae19d15bcc2
cifar10_proser_fedavg__split06__seed3__d0.1,cifar10,d0.1,H,0.2,0.05,0.05,5,12,0,finite-sample-evidence-margin,1,1,1,1,1,0,10,10,7,4,2,0,3,proser,native,1.0,179,994,180,0,0,0.19704433497536947,holm_adjusted_pvalue,1.0,0.05,0.5000275591359313,2,0.29354568128666375,,9e5cc4fe44291c236fa10ad7a45308c6f77807165dd416469000d6429b4f51bd
cifar10_proser_fedavg__split06__seed3__d0.1,cifar10,d0.1,S,0.2,0.05,0.05,5,12,0,finite-sample-evidence-margin,1,1,1,1,1,0,10,10,7,4,2,0,3,proser,native,1.0,179,994,180,0,0,0.19704433497536947,risk_ucb,0.280253599584456,0.2,,,0.29354568128666375,25,9e5cc4fe44291c236fa10ad7a45308c6f77807165dd416469000d6429b4f51bd
cifar10_proser_fedavg__split06__seed3__d0.1,cifar10,d0.1,B,0.2,0.05,0.05,5,12,0,finite-sample-evidence-margin,1,1,1,1,1,0,10,10,7,4,2,0,3,proser,native,1.0,179,994,180,0,0,0.19704433497536947,risk_ucb,0.29690550474059824,0.2,,,0.28362589807087996,32,9e5cc4fe44291c236fa10ad7a45308c6f77807165dd416469000d6429b4f51bd
cifar10_proser_fedavg__split06__seed3__d0.5,cifar10,d0.5,H,0.2,0.05,0.05,5,12,1,certified,1,1,1,1,1,1,12,12,9,12,9,1,8,margin,margin,0.3,115,618,25,0,0,0.05217391304347826,holm_adjusted_pvalue,7.466432533106104e-05,0.05,6.222027110921753e-06,1,0.17715528197822156,,86e88f56ff50c7f460acd51d177958bed4f86196d712abe447066e525cb2605a
cifar10_proser_fedavg__split06__seed3__d0.5,cifar10,d0.5,S,0.2,0.05,0.05,5,12,1,certified,1,1,1,1,1,1,12,12,9,12,9,1,8,margin,margin,0.3,115,618,25,0,0,0.05217391304347826,risk_ucb,0.13271565483764955,0.2,,,0.17715528197822156,25,86e88f56ff50c7f460acd51d177958bed4f86196d712abe447066e525cb2605a
cifar10_proser_fedavg__split06__seed3__d0.5,cifar10,d0.5,B,0.2,0.05,0.05,5,12,1,certified,1,1,1,1,1,1,12,12,9,12,9,1,8,margin,margin,0.3,115,618,25,0,0,0.05217391304347826,risk_ucb,0.15100434959092873,0.2,,,0.1690057272253053,32,86e88f56ff50c7f460acd51d177958bed4f86196d712abe447066e525cb2605a
cifar10_proser_fedavg__split06__seed3__d5.0,cifar10,d5,H,0.2,0.05,0.05,5,12,0,finite-sample-evidence-margin,1,1,1,1,1,0,11,11,6,11,6,0,10,margin,margin,0.7,227,1216,161,0,0,0.15546218487394958,holm_adjusted_pvalue,0.5721809185058029,0.05,0.04768174320881691,1,0.3836809715599003,,5b4781868302ac6ffd05c7ec41882ffd16ca41183f5f823a5cd8f073e7a8e5a1
cifar10_proser_fedavg__split06__seed3__d5.0,cifar10,d5,S,0.2,0.05,0.05,5,12,0,finite-sample-evidence-margin,1,1,1,1,1,0,11,11,6,10,6,0,10,margin,margin,0.7,227,1216,161,0,0,0.15546218487394958,risk_ucb,0.22664987405360493,0.2,,,0.3836809715599003,25,5b4781868302ac6ffd05c7ec41882ffd16ca41183f5f823a5cd8f073e7a8e5a1
cifar10_proser_fedavg__split06__seed3__d5.0,cifar10,d5,B,0.2,0.05,0.05,5,12,0,finite-sample-evidence-margin,1,1,1,1,1,0,11,11,6,10,6,0,10,margin,margin,0.7,227,1216,161,0,0,0.15546218487394958,risk_ucb,0.24113143640179438,0.2,,,0.37296802301115606,32,5b4781868302ac6ffd05c7ec41882ffd16ca41183f5f823a5cd8f073e7a8e5a1
cifar10_proser_fedavg__split06__seed4__d0.1,cifar10,d0.1,H,0.2,0.05,0.05,5,12,0,selector-tradeoff,1,1,1,1,0,0,12,12,5,6,0,0,,,,,,,,,,,holm_adjusted_pvalue,,0.05,,,,,68a7422c1282c8f34df720070e4364b01bc41010d85bf794e41273def13f0c29
cifar10_proser_fedavg__split06__seed4__d0.1,cifar10,d0.1,S,0.2,0.05,0.05,5,12,0,selector-tradeoff,1,1,1,1,0,0,12,12,5,6,0,0,,,,,,,,,,,risk_ucb,,0.2,,,,25,68a7422c1282c8f34df720070e4364b01bc41010d85bf794e41273def13f0c29
cifar10_proser_fedavg__split06__seed4__d0.1,cifar10,d0.1,B,0.2,0.05,0.05,5,12,0,selector-tradeoff,1,1,1,1,0,0,12,12,5,3,0,0,,,,,,,,,,,risk_ucb,,0.2,,,,32,68a7422c1282c8f34df720070e4364b01bc41010d85bf794e41273def13f0c29
cifar10_proser_fedavg__split06__seed4__d0.5,cifar10,d0.5,H,0.2,0.05,0.05,5,12,0,finite-sample-evidence-margin,1,1,1,1,1,0,12,12,6,12,6,0,1,proser,native,0.5,48,275,28,0,0,0.16981132075471697,holm_adjusted_pvalue,1.0,0.05,0.36431696439513134,2,0.06263105499269668,,65439d7b2d419a0e54886b8203d3a16261394541040dbe482b06fb8cf7b5ebfc
cifar10_proser_fedavg__split06__seed4__d0.5,cifar10,d0.5,S,0.2,0.05,0.05,5,12,0,finite-sample-evidence-margin,1,1,1,1,1,0,12,12,6,11,5,0,1,proser,native,0.5,48,275,28,0,0,0.16981132075471697,risk_ucb,0.3435251969084893,0.2,,,0.06263105499269668,25,65439d7b2d419a0e54886b8203d3a16261394541040dbe482b06fb8cf7b5ebfc
cifar10_proser_fedavg__split06__seed4__d0.5,cifar10,d0.5,B,0.2,0.05,0.05,5,12,0,finite-sample-evidence-margin,1,1,1,1,1,0,12,12,6,9,3,0,1,proser,native,0.5,48,275,28,0,0,0.16981132075471697,risk_ucb,0.37856282190223295,0.2,,,0.05770140119270668,32,65439d7b2d419a0e54886b8203d3a16261394541040dbe482b06fb8cf7b5ebfc
cifar10_proser_fedavg__split06__seed4__d5.0,cifar10,d5,H,0.2,0.05,0.05,5,12,0,finite-sample-evidence-margin,1,1,1,1,1,0,11,11,8,11,8,0,10,margin,margin,0.7,248,1306,205,0,0,0.19117647058823528,holm_adjusted_pvalue,1.0,0.05,0.3920680466941102,7,0.42377510340272617,,c0ebd709b1c778625a6f437f2ca5643d3d000363ac2d96279b5841b19ed47991
cifar10_proser_fedavg__split06__seed4__d5.0,cifar10,d5,S,0.2,0.05,0.05,5,12,0,finite-sample-evidence-margin,1,1,1,1,1,0,11,11,8,11,8,0,10,margin,margin,0.7,248,1306,205,0,0,0.19117647058823528,risk_ucb,0.26138454698885377,0.2,,,0.42377510340272617,25,c0ebd709b1c778625a6f437f2ca5643d3d000363ac2d96279b5841b19ed47991
cifar10_proser_fedavg__split06__seed4__d5.0,cifar10,d5,B,0.2,0.05,0.05,5,12,0,finite-sample-evidence-margin,1,1,1,1,1,0,11,11,8,11,8,0,10,margin,margin,0.7,248,1306,205,0,0,0.19117647058823528,risk_ucb,0.27542993773131297,0.2,,,0.412839463309373,32,c0ebd709b1c778625a6f437f2ca5643d3d000363ac2d96279b5841b19ed47991
cifar10_proser_fedavg__split07__seed0__d0.1,cifar10,d0.1,H,0.2,0.05,0.05,5,12,0,joint-count-and-empirical,1,1,0,0,0,0,4,4,0,0,0,0,,,,,,,,,,,holm_adjusted_pvalue,,0.05,,,,,86a5a5360f19fecb5cd3c68ec54073ee674cb1126c3360223b09fe92cd483282
cifar10_proser_fedavg__split07__seed0__d0.1,cifar10,d0.1,S,0.2,0.05,0.05,5,12,0,joint-count-and-empirical,1,1,0,0,0,0,4,4,0,0,0,0,,,,,,,,,,,risk_ucb,,0.2,,,,25,86a5a5360f19fecb5cd3c68ec54073ee674cb1126c3360223b09fe92cd483282
cifar10_proser_fedavg__split07__seed0__d0.1,cifar10,d0.1,B,0.2,0.05,0.05,5,12,0,joint-count-and-empirical,1,1,0,0,0,0,4,4,0,0,0,0,,,,,,,,,,,risk_ucb,,0.2,,,,32,86a5a5360f19fecb5cd3c68ec54073ee674cb1126c3360223b09fe92cd483282
cifar10_proser_fedavg__split07__seed0__d0.5,cifar10,d0.5,H,0.2,0.05,0.05,5,12,0,finite-sample-evidence-margin,1,1,1,1,1,0,12,12,7,12,7,0,10,margin,margin,0.7,115,694,106,0,0,0.19745222929936307,holm_adjusted_pvalue,1.0,0.05,0.515940670941456,7,0.17715528197822156,,e70b0eb7574a0bb30c71c8e73bd0a71ea5869aa7b70147b4f46e01bd7ad6b1a4
cifar10_proser_fedavg__split07__seed0__d0.5,cifar10,d0.5,S,0.2,0.05,0.05,5,12,0,finite-sample-evidence-margin,1,1,1,1,1,0,12,12,7,12,7,0,10,margin,margin,0.7,115,694,106,0,0,0.19745222929936307,risk_ucb,0.2935167383048699,0.2,,,0.17715528197822156,25,e70b0eb7574a0bb30c71c8e73bd0a71ea5869aa7b70147b4f46e01bd7ad6b1a4
cifar10_proser_fedavg__split07__seed0__d0.5,cifar10,d0.5,B,0.2,0.05,0.05,5,12,0,finite-sample-evidence-margin,1,1,1,1,1,0,12,12,7,12,7,0,10,margin,margin,0.7,115,694,106,0,0,0.19745222929936307,risk_ucb,0.3127654336532553,0.2,,,0.1690057272253053,32,e70b0eb7574a0bb30c71c8e73bd0a71ea5869aa7b70147b4f46e01bd7ad6b1a4
cifar10_proser_fedavg__split07__seed0__d5.0,cifar10,d5,H,0.2,0.05,0.05,5,12,0,finite-sample-evidence-margin,1,1,1,1,1,0,10,10,3,9,2,0,1,proser,native,0.5,73,453,39,0,0,0.1095890410958904,holm_adjusted_pvalue,0.3702209659867425,0.05,0.030851747165561876,1,0.10407211410259809,,4198dff55fe3e7d125d04777b776bbecaf6f988b19bb1ecb99436134ef5d1ea4
cifar10_proser_fedavg__split07__seed0__d5.0,cifar10,d5,S,0.2,0.05,0.05,5,12,0,finite-sample-evidence-margin,1,1,1,1,1,0,10,10,3,9,2,0,1,proser,native,0.5,73,453,39,0,0,0.1095890410958904,risk_ucb,0.23980310650265285,0.2,,,0.10407211410259809,25,4198dff55fe3e7d125d04777b776bbecaf6f988b19bb1ecb99436134ef5d1ea4
cifar10_proser_fedavg__split07__seed0__d5.0,cifar10,d5,B,0.2,0.05,0.05,5,12,0,finite-sample-evidence-margin,1,1,1,1,1,0,10,10,3,9,2,0,1,proser,native,0.5,73,453,39,0,0,0.1095890410958904,risk_ucb,0.2675623099634135,0.2,,,0.097701518168006,32,4198dff55fe3e7d125d04777b776bbecaf6f988b19bb1ecb99436134ef5d1ea4
cifar10_proser_fedavg__split07__seed1__d0.1,cifar10,d0.1,H,0.2,0.05,0.05,5,12,0,finite-sample-evidence-margin,1,1,1,1,1,0,12,12,5,12,5,0,11,margin,margin,1.0,117,637,107,0,0,0.19047619047619047,holm_adjusted_pvalue,1.0,0.05,0.43431964043536875,3,0.18071282261379443,,679f316f939bced4b74d8ba237bb6eb2a4b84a2f8e64235ad90deaef790940ea
cifar10_proser_fedavg__split07__seed1__d0.1,cifar10,d0.1,S,0.2,0.05,0.05,5,12,0,finite-sample-evidence-margin,1,1,1,1,1,0,12,12,5,12,5,0,11,margin,margin,1.0,117,637,107,0,0,0.19047619047619047,risk_ucb,0.3000892681499264,0.2,,,0.18071282261379443,25,679f316f939bced4b74d8ba237bb6eb2a4b84a2f8e64235ad90deaef790940ea
cifar10_proser_fedavg__split07__seed1__d0.1,cifar10,d0.1,B,0.2,0.05,0.05,5,12,0,finite-sample-evidence-margin,1,1,1,1,1,0,12,12,5,9,5,0,11,margin,margin,1.0,117,637,107,0,0,0.19047619047619047,risk_ucb,0.32265855074294864,0.2,,,0.17249300464952882,32,679f316f939bced4b74d8ba237bb6eb2a4b84a2f8e64235ad90deaef790940ea
cifar10_proser_fedavg__split07__seed1__d0.5,cifar10,d0.5,H,0.2,0.05,0.05,5,12,1,certified,1,1,1,1,1,1,12,12,9,12,9,1,9,margin,margin,0.5,52,310,13,0,0,0.06666666666666667,holm_adjusted_pvalue,0.04719111694483933,0.05,0.003932593078736611,1,0.0691134087895594,,9dcec5a42c552173c5a45fe64d68c52291d5894d2e208aa9f8767162462095ce
cifar10_proser_fedavg__split07__seed1__d0.5,cifar10,d0.5,S,0.2,0.05,0.05,5,12,1,certified,1,1,1,1,1,1,12,12,9,11,8,1,9,margin,margin,0.5,52,310,13,0,0,0.06666666666666667,risk_ucb,0.1988852858875567,0.2,,,0.0691134087895594,25,9dcec5a42c552173c5a45fe64d68c52291d5894d2e208aa9f8767162462095ce
cifar10_proser_fedavg__split07__seed1__d0.5,cifar10,d0.5,B,0.2,0.05,0.05,5,12,0,finite-sample-evidence-margin,1,1,1,1,1,0,12,12,9,9,6,0,10,margin,margin,0.7,113,659,78,0,0,0.1565217391304348,risk_ucb,0.2868673711497623,0.2,,,0.1655256312297801,32,9dcec5a42c552173c5a45fe64d68c52291d5894d2e208aa9f8767162462095ce
cifar10_proser_fedavg__split07__seed1__d5.0,cifar10,d5,H,0.2,0.05,0.05,5,12,0,finite-sample-evidence-margin,1,1,1,1,1,0,9,9,6,8,5,0,10,margin,margin,0.7,128,710,79,0,0,0.15217391304347827,holm_adjusted_pvalue,0.9418455816998467,0.05,0.09418455816998467,3,0.20038274402350834,,fd51c1e48b85455bd1cc80c9897b4aad4859710c685feeecf74a3b950572058a
cifar10_proser_fedavg__split07__seed1__d5.0,cifar10,d5,S,0.2,0.05,0.05,5,12,0,finite-sample-evidence-margin,1,1,1,1,1,0,9,9,6,8,5,0,10,margin,margin,0.7,128,710,79,0,0,0.15217391304347827,risk_ucb,0.24875809804636484,0.2,,,0.20038274402350834,25,fd51c1e48b85455bd1cc80c9897b4aad4859710c685feeecf74a3b950572058a
cifar10_proser_fedavg__split07__seed1__d5.0,cifar10,d5,B,0.2,0.05,0.05,5,12,0,finite-sample-evidence-margin,1,1,1,1,1,0,9,9,6,7,4,0,10,margin,margin,0.7,128,710,79,0,0,0.15217391304347827,risk_ucb,0.26858941777488926,0.2,,,0.19179585507414482,32,fd51c1e48b85455bd1cc80c9897b4aad4859710c685feeecf74a3b950572058a
cifar10_proser_fedavg__split07__seed2__d0.1,cifar10,d0.1,H,0.2,0.05,0.05,5,12,0,joint-count-and-empirical,1,1,0,0,0,0,2,2,0,0,0,0,,,,,,,,,,,holm_adjusted_pvalue,,0.05,,,,,ce3190b2bc966469466e0766d4b0cca36dc23b3f1f5b603d8f041bac657448e5
cifar10_proser_fedavg__split07__seed2__d0.1,cifar10,d0.1,S,0.2,0.05,0.05,5,12,0,joint-count-and-empirical,1,1,0,0,0,0,2,2,0,0,0,0,,,,,,,,,,,risk_ucb,,0.2,,,,25,ce3190b2bc966469466e0766d4b0cca36dc23b3f1f5b603d8f041bac657448e5
cifar10_proser_fedavg__split07__seed2__d0.1,cifar10,d0.1,B,0.2,0.05,0.05,5,12,0,joint-count-and-empirical,1,1,0,0,0,0,2,2,0,0,0,0,,,,,,,,,,,risk_ucb,,0.2,,,,32,ce3190b2bc966469466e0766d4b0cca36dc23b3f1f5b603d8f041bac657448e5
cifar10_proser_fedavg__split07__seed2__d0.5,cifar10,d0.5,H,0.2,0.05,0.05,5,12,0,finite-sample-evidence-margin,1,1,1,1,1,0,12,12,6,12,6,0,9,margin,margin,0.5,96,573,64,0,0,0.1693548387096774,holm_adjusted_pvalue,1.0,0.05,0.23253761415664553,3,0.14367813470053795,,014de517280bd28fc8071d3e9c393671ff993a4ebe64afb3f7950e14f60200f5
cifar10_proser_fedavg__split07__seed2__d0.5,cifar10,d0.5,S,0.2,0.05,0.05,5,12,0,finite-sample-evidence-margin,1,1,1,1,1,0,12,12,6,12,6,0,9,margin,margin,0.5,96,573,64,0,0,0.1693548387096774,risk_ucb,0.2749971777952473,0.2,,,0.14367813470053795,25,014de517280bd28fc8071d3e9c393671ff993a4ebe64afb3f7950e14f60200f5
cifar10_proser_fedavg__split07__seed2__d0.5,cifar10,d0.5,B,0.2,0.05,0.05,5,12,0,finite-sample-evidence-margin,1,1,1,1,1,0,12,12,6,12,6,0,9,margin,margin,0.5,96,573,64,0,0,0.1693548387096774,risk_ucb,0.2964911134927162,0.2,,,0.13625583189029453,32,014de517280bd28fc8071d3e9c393671ff993a4ebe64afb3f7950e14f60200f5
cifar10_proser_fedavg__split07__seed2__d5.0,cifar10,d5,H,0.2,0.05,0.05,5,12,0,finite-sample-evidence-margin,1,1,1,1,1,0,10,10,3,9,3,0,1,proser,native,0.5,107,571,65,0,0,0.19444444444444445,holm_adjusted_pvalue,1.0,0.05,0.5000709491462705,3,0.1629867870468295,,8fd0cfa2266d8b1cedbe921b27f6a71f4f295f035b3ad86aa403c74ddba4d476
cifar10_proser_fedavg__split07__seed2__d5.0,cifar10,d5,S,0.2,0.05,0.05,5,12,0,finite-sample-evidence-margin,1,1,1,1,1,0,10,10,3,9,3,0,1,proser,native,0.5,107,571,65,0,0,0.19444444444444445,risk_ucb,0.3126379259196532,0.2,,,0.1629867870468295,25,8fd0cfa2266d8b1cedbe921b27f6a71f4f295f035b3ad86aa403c74ddba4d476
cifar10_proser_fedavg__split07__seed2__d5.0,cifar10,d5,B,0.2,0.05,0.05,5,12,0,finite-sample-evidence-margin,1,1,1,1,1,0,10,10,3,9,3,0,1,proser,native,0.5,107,571,65,0,0,0.19444444444444445,risk_ucb,0.33635817211133295,0.2,,,0.15512982531519362,32,8fd0cfa2266d8b1cedbe921b27f6a71f4f295f035b3ad86aa403c74ddba4d476
cifar10_proser_fedavg__split07__seed3__d0.1,cifar10,d0.1,H,0.2,0.05,0.05,5,12,0,joint-count-and-empirical,1,1,0,0,0,0,1,1,0,0,0,0,,,,,,,,,,,holm_adjusted_pvalue,,0.05,,,,,dc1e3280f353abae5a50edf8b5662956f3756aa8f4b165814c119f533a6e3eb6
cifar10_proser_fedavg__split07__seed3__d0.1,cifar10,d0.1,S,0.2,0.05,0.05,5,12,0,joint-count-and-empirical,1,1,0,0,0,0,1,1,0,0,0,0,,,,,,,,,,,risk_ucb,,0.2,,,,25,dc1e3280f353abae5a50edf8b5662956f3756aa8f4b165814c119f533a6e3eb6
cifar10_proser_fedavg__split07__seed3__d0.1,cifar10,d0.1,B,0.2,0.05,0.05,5,12,0,joint-count-and-empirical,1,1,0,0,0,0,1,1,0,0,0,0,,,,,,,,,,,risk_ucb,,0.2,,,,32,dc1e3280f353abae5a50edf8b5662956f3756aa8f4b165814c119f533a6e3eb6
cifar10_proser_fedavg__split07__seed3__d0.5,cifar10,d0.5,H,0.2,0.05,0.05,5,12,0,finite-sample-evidence-margin,1,1,1,1,1,0,11,11,7,8,4,0,10,margin,margin,0.7,87,519,76,0,0,0.1951219512195122,holm_adjusted_pvalue,1.0,0.05,0.500058390300196,3,0.1280456618010333,,a9578d59c0ba828ebb189cab836cf425716ee37a7632295e25e96340c09985c7
cifar10_proser_fedavg__split07__seed3__d0.5,cifar10,d0.5,S,0.2,0.05,0.05,5,12,0,finite-sample-evidence-margin,1,1,1,1,1,0,11,11,7,7,3,0,10,margin,margin,0.7,87,519,76,0,0,0.1951219512195122,risk_ucb,0.31284675222574837,0.2,,,0.1280456618010333,25,a9578d59c0ba828ebb189cab836cf425716ee37a7632295e25e96340c09985c7
cifar10_proser_fedavg__split07__seed3__d0.5,cifar10,d0.5,B,0.2,0.05,0.05,5,12,0,finite-sample-evidence-margin,1,1,1,1,1,0,11,11,7,5,2,0,10,margin,margin,0.7,87,519,76,0,0,0.1951219512195122,risk_ucb,0.33755224634471037,0.2,,,0.12100987431520538,32,a9578d59c0ba828ebb189cab836cf425716ee37a7632295e25e96340c09985c7
cifar10_proser_fedavg__split07__seed3__d5.0,cifar10,d5,H,0.2,0.05,0.05,5,12,0,finite-sample-evidence-margin,1,1,1,1,1,0,10,10,6,8,4,0,10,margin,margin,0.7,74,409,44,0,0,0.13978494623655913,holm_adjusted_pvalue,0.9808476580325504,0.05,0.08916796891205003,2,0.1057690692233078,,aa94bc36a5ff4d98ada12a245f18b885484fc03efb9e9dc94e1ca7fa0fc27f11
cifar10_proser_fedavg__split07__seed3__d5.0,cifar10,d5,S,0.2,0.05,0.05,5,12,0,finite-sample-evidence-margin,1,1,1,1,1,0,10,10,6,7,3,0,10,margin,margin,0.7,74,409,44,0,0,0.13978494623655913,risk_ucb,0.25892976100623416,0.2,,,0.1057690692233078,25,aa94bc36a5ff4d98ada12a245f18b885484fc03efb9e9dc94e1ca7fa0fc27f11
cifar10_proser_fedavg__split07__seed3__d5.0,cifar10,d5,B,0.2,0.05,0.05,5,12,0,finite-sample-evidence-margin,1,1,1,1,1,0,10,10,6,6,2,0,10,margin,margin,0.7,74,409,44,0,0,0.13978494623655913,risk_ucb,0.2836706814103468,0.2,,,0.09934809231425043,32,aa94bc36a5ff4d98ada12a245f18b885484fc03efb9e9dc94e1ca7fa0fc27f11
cifar10_proser_fedavg__split07__seed4__d0.1,cifar10,d0.1,H,0.2,0.05,0.05,5,12,0,selector-tradeoff,1,1,1,1,0,0,8,8,2,3,0,0,,,,,,,,,,,holm_adjusted_pvalue,,0.05,,,,,9b5a9c74216126f1498e84ee71f37a38480926c7d32a680edc07e03bad246d0a
cifar10_proser_fedavg__split07__seed4__d0.1,cifar10,d0.1,S,0.2,0.05,0.05,5,12,0,selector-tradeoff,1,1,1,1,0,0,8,8,2,3,0,0,,,,,,,,,,,risk_ucb,,0.2,,,,25,9b5a9c74216126f1498e84ee71f37a38480926c7d32a680edc07e03bad246d0a
cifar10_proser_fedavg__split07__seed4__d0.1,cifar10,d0.1,B,0.2,0.05,0.05,5,12,0,selector-tradeoff,1,1,1,1,0,0,8,8,2,2,0,0,,,,,,,,,,,risk_ucb,,0.2,,,,32,9b5a9c74216126f1498e84ee71f37a38480926c7d32a680edc07e03bad246d0a
cifar10_proser_fedavg__split07__seed4__d0.5,cifar10,d0.5,H,0.2,0.05,0.05,5,12,0,finite-sample-evidence-margin,1,1,1,1,1,0,11,11,6,11,6,0,3,proser,native,1.0,113,618,94,0,0,0.18584070796460178,holm_adjusted_pvalue,1.0,0.05,0.4066028000229691,5,0.17360379044258428,,77caa60e2ddf232dc1cb824b6d47bb825c000d492d7bb8670a291de188ffcbaa
cifar10_proser_fedavg__split07__seed4__d0.5,cifar10,d0.5,S,0.2,0.05,0.05,5,12,0,finite-sample-evidence-margin,1,1,1,1,1,0,11,11,6,11,6,0,3,proser,native,1.0,113,618,94,0,0,0.18584070796460178,risk_ucb,0.2998207692777601,0.2,,,0.17360379044258428,25,77caa60e2ddf232dc1cb824b6d47bb825c000d492d7bb8670a291de188ffcbaa
cifar10_proser_fedavg__split07__seed4__d0.5,cifar10,d0.5,B,0.2,0.05,0.05,5,12,0,finite-sample-evidence-margin,1,1,1,1,1,0,11,11,6,9,4,0,3,proser,native,1.0,113,618,94,0,0,0.18584070796460178,risk_ucb,0.32280434634041105,0.2,,,0.1655256312297801,32,77caa60e2ddf232dc1cb824b6d47bb825c000d492d7bb8670a291de188ffcbaa
cifar10_proser_fedavg__split07__seed4__d5.0,cifar10,d5,H,0.2,0.05,0.05,5,12,0,finite-sample-evidence-margin,1,1,1,1,1,0,11,11,8,11,8,0,10,margin,margin,0.7,140,765,100,0,0,0.1592356687898089,holm_adjusted_pvalue,1.0,0.05,0.1177419130958561,1,0.2220274410637826,,925eec8f923c0057e39dcd27692b1e6b4c63f4e6aaf4bb3f41126109de4dada5
cifar10_proser_fedavg__split07__seed4__d5.0,cifar10,d5,S,0.2,0.05,0.05,5,12,0,finite-sample-evidence-margin,1,1,1,1,1,0,11,11,8,10,7,0,10,margin,margin,0.7,140,765,100,0,0,0.1592356687898089,risk_ucb,0.2500172406961084,0.2,,,0.2220274410637826,25,925eec8f923c0057e39dcd27692b1e6b4c63f4e6aaf4bb3f41126109de4dada5
cifar10_proser_fedavg__split07__seed4__d5.0,cifar10,d5,B,0.2,0.05,0.05,5,12,0,finite-sample-evidence-margin,1,1,1,1,1,0,11,11,8,9,6,0,10,margin,margin,0.7,140,765,100,0,0,0.1592356687898089,risk_ucb,0.2685559682611631,0.2,,,0.21307509559720697,32,925eec8f923c0057e39dcd27692b1e6b4c63f4e6aaf4bb3f41126109de4dada5
cifar10_proser_fedavg__split08__seed0__d0.1,cifar10,d0.1,H,0.2,0.05,0.05,5,12,0,empirical-error-only,1,1,0,1,0,0,8,8,0,1,0,0,,,,,,,,,,,holm_adjusted_pvalue,,0.05,,,,,94c432219de3147cd10726b7818e53be9c06be8ece211a6ef17af0da4c8ca9a4
cifar10_proser_fedavg__split08__seed0__d0.1,cifar10,d0.1,S,0.2,0.05,0.05,5,12,0,empirical-error-only,1,1,0,1,0,0,8,8,0,1,0,0,,,,,,,,,,,risk_ucb,,0.2,,,,25,94c432219de3147cd10726b7818e53be9c06be8ece211a6ef17af0da4c8ca9a4
cifar10_proser_fedavg__split08__seed0__d0.1,cifar10,d0.1,B,0.2,0.05,0.05,5,12,0,joint-count-and-empirical,1,1,0,0,0,0,8,8,0,0,0,0,,,,,,,,,,,risk_ucb,,0.2,,,,32,94c432219de3147cd10726b7818e53be9c06be8ece211a6ef17af0da4c8ca9a4
cifar10_proser_fedavg__split08__seed0__d0.5,cifar10,d0.5,H,0.2,0.05,0.05,5,12,0,finite-sample-evidence-margin,1,1,1,1,1,0,12,12,6,10,4,0,1,proser,native,0.5,99,534,60,0,0,0.17475728155339806,holm_adjusted_pvalue,1.0,0.05,0.30901760167985165,5,0.1489231006880117,,b66da9678b04b67fd5fda94922688ef46e3732f5d4f1769501de2989c8163fdd
cifar10_proser_fedavg__split08__seed0__d0.5,cifar10,d0.5,S,0.2,0.05,0.05,5,12,0,finite-sample-evidence-margin,1,1,1,1,1,0,12,12,6,9,3,0,1,proser,native,0.5,99,534,60,0,0,0.17475728155339806,risk_ucb,0.29322086121341495,0.2,,,0.1489231006880117,25,b66da9678b04b67fd5fda94922688ef46e3732f5d4f1769501de2989c8163fdd
cifar10_proser_fedavg__split08__seed0__d0.5,cifar10,d0.5,B,0.2,0.05,0.05,5,12,0,finite-sample-evidence-margin,1,1,1,1,1,0,12,12,6,9,3,0,1,proser,native,0.5,99,534,60,0,0,0.17475728155339806,risk_ucb,0.3172570833511401,0.2,,,0.14137832700924485,32,b66da9678b04b67fd5fda94922688ef46e3732f5d4f1769501de2989c8163fdd
cifar10_proser_fedavg__split08__seed0__d5.0,cifar10,d5,H,0.2,0.05,0.05,5,12,0,finite-sample-evidence-margin,1,1,1,1,1,0,9,9,5,9,5,0,2,proser,native,0.7,127,670,108,0,0,0.18791946308724833,holm_adjusted_pvalue,1.0,0.05,0.4024993546446019,4,0.19858757781503508,,3061112f73e2aa4c7eced1afb274bbe4c3ead1e8e7a4701779d806bb25d57ffe
cifar10_proser_fedavg__split08__seed0__d5.0,cifar10,d5,S,0.2,0.05,0.05,5,12,0,finite-sample-evidence-margin,1,1,1,1,1,0,9,9,5,9,5,0,2,proser,native,0.7,127,670,108,0,0,0.18791946308724833,risk_ucb,0.2856208749239285,0.2,,,0.19858757781503508,25,3061112f73e2aa4c7eced1afb274bbe4c3ead1e8e7a4701779d806bb25d57ffe
cifar10_proser_fedavg__split08__seed0__d5.0,cifar10,d5,B,0.2,0.05,0.05,5,12,0,finite-sample-evidence-margin,1,1,1,1,1,0,9,9,5,8,5,0,2,proser,native,0.7,127,670,108,0,0,0.18791946308724833,risk_ucb,0.306280992425881,0.2,,,0.19003274874904091,32,3061112f73e2aa4c7eced1afb274bbe4c3ead1e8e7a4701779d806bb25d57ffe
cifar10_proser_fedavg__split08__seed1__d0.1,cifar10,d0.1,H,0.2,0.05,0.05,5,12,0,finite-sample-evidence-margin,1,1,1,1,1,0,12,12,9,12,9,0,10,margin,margin,0.7,92,488,62,0,0,0.2,holm_adjusted_pvalue,1.0,0.05,0.5580461347303236,8,0.1367108454380224,,903d457e1910a4e59b7109acd27596d225315f74adda7b8b7042ac64f1eb1967
cifar10_proser_fedavg__split08__seed1__d0.1,cifar10,d0.1,S,0.2,0.05,0.05,5,12,0,finite-sample-evidence-margin,1,1,1,1,1,0,12,12,9,11,8,0,10,margin,margin,0.7,92,488,62,0,0,0.2,risk_ucb,0.320863818510954,0.2,,,0.1367108454380224,25,903d457e1910a4e59b7109acd27596d225315f74adda7b8b7042ac64f1eb1967
cifar10_proser_fedavg__split08__seed1__d0.1,cifar10,d0.1,B,0.2,0.05,0.05,5,12,0,finite-sample-evidence-margin,1,1,1,1,1,0,12,12,9,10,7,0,10,margin,margin,0.7,92,488,62,0,0,0.2,risk_ucb,0.34504498634771313,0.2,,,0.1294566878391349,32,903d457e1910a4e59b7109acd27596d225315f74adda7b8b7042ac64f1eb1967
cifar10_proser_fedavg__split08__seed1__d0.5,cifar10,d0.5,H,0.2,0.05,0.05,5,12,0,finite-sample-evidence-margin,1,1,1,1,1,0,11,11,7,9,5,0,10,margin,margin,0.7,77,437,52,0,0,0.16,holm_adjusted_pvalue,1.0,0.05,0.19233758459760175,4,0.11087494490555676,,77597de5e3827a31e5277b4e7114395a81c16ed9341edd606f5c0841aa8656fa
cifar10_proser_fedavg__split08__seed1__d0.5,cifar10,d0.5,S,0.2,0.05,0.05,5,12,0,finite-sample-evidence-margin,1,1,1,1,1,0,11,11,7,8,4,0,10,margin,margin,0.7,77,437,52,0,0,0.16,risk_ucb,0.2779886068747411,0.2,,,0.11087494490555676,25,77597de5e3827a31e5277b4e7114395a81c16ed9341edd606f5c0841aa8656fa
cifar10_proser_fedavg__split08__seed1__d0.5,cifar10,d0.5,B,0.2,0.05,0.05,5,12,0,finite-sample-evidence-margin,1,1,1,1,1,0,11,11,7,7,3,0,10,margin,margin,0.7,77,437,52,0,0,0.16,risk_ucb,0.3021471264155083,0.2,,,0.10430560938030488,32,77597de5e3827a31e5277b4e7114395a81c16ed9341edd606f5c0841aa8656fa
cifar10_proser_fedavg__split08__seed1__d5.0,cifar10,d5,H,0.2,0.05,0.05,5,12,0,finite-sample-evidence-margin,1,1,1,1,1,0,9,9,4,7,3,0,2,proser,native,0.7,114,613,76,0,0,0.15789473684210525,holm_adjusted_pvalue,1.0,0.05,0.1567372234097145,3,0.175378773010934,,2c55a0d7f8a8313f42707be42e45d9d6de00288713bcaa6ceda1bde81f2ae77a
cifar10_proser_fedavg__split08__seed1__d5.0,cifar10,d5,S,0.2,0.05,0.05,5,12,0,finite-sample-evidence-margin,1,1,1,1,1,0,9,9,4,7,3,0,2,proser,native,0.7,114,613,76,0,0,0.15789473684210525,risk_ucb,0.26684901336739636,0.2,,,0.175378773010934,25,2c55a0d7f8a8313f42707be42e45d9d6de00288713bcaa6ceda1bde81f2ae77a
cifar10_proser_fedavg__split08__seed1__d5.0,cifar10,d5,B,0.2,0.05,0.05,5,12,0,finite-sample-evidence-margin,1,1,1,1,1,0,9,9,4,7,3,0,2,proser,native,0.7,114,613,76,0,0,0.15789473684210525,risk_ucb,0.2891772932732374,0.2,,,0.167264773184629,32,2c55a0d7f8a8313f42707be42e45d9d6de00288713bcaa6ceda1bde81f2ae77a
cifar10_proser_fedavg__split08__seed2__d0.1,cifar10,d0.1,H,0.2,0.05,0.05,5,12,0,finite-sample-evidence-margin,1,1,1,1,1,0,9,9,6,9,6,0,6,energy,energy,0.7,66,419,59,0,0,0.16,holm_adjusted_pvalue,1.0,0.05,0.19233758459760175,1,0.09226809122691215,,f956fb8d6d8baadff99d18c9a4f06d564cbf6c8fba7fd18ba22594c2c67ae452
cifar10_proser_fedavg__split08__seed2__d0.1,cifar10,d0.1,S,0.2,0.05,0.05,5,12,0,finite-sample-evidence-margin,1,1,1,1,1,0,9,9,6,9,6,0,6,energy,energy,0.7,66,419,59,0,0,0.16,risk_ucb,0.28199244784149813,0.2,,,0.09226809122691215,25,f956fb8d6d8baadff99d18c9a4f06d564cbf6c8fba7fd18ba22594c2c67ae452
cifar10_proser_fedavg__split08__seed2__d0.1,cifar10,d0.1,B,0.2,0.05,0.05,5,12,0,finite-sample-evidence-margin,1,1,1,1,1,0,9,9,6,9,6,0,6,energy,energy,0.7,66,419,59,0,0,0.16,risk_ucb,0.31228996358377464,0.2,,,0.08626399141706638,32,f956fb8d6d8baadff99d18c9a4f06d564cbf6c8fba7fd18ba22594c2c67ae452
cifar10_proser_fedavg__split08__seed2__d0.5,cifar10,d0.5,H,0.2,0.05,0.05,5,12,0,finite-sample-evidence-margin,1,1,1,1,1,0,12,12,7,12,7,0,6,energy,energy,0.7,122,691,80,0,0,0.19753086419753085,holm_adjusted_pvalue,1.0,0.05,0.5156921145971103,6,0.18963242955894508,,e096523803f80bfee00496080f90c73a60e1a691ba78e1381333b260b15dbf9b
cifar10_proser_fedavg__split08__seed2__d0.5,cifar10,d0.5,S,0.2,0.05,0.05,5,12,0,finite-sample-evidence-margin,1,1,1,1,1,0,12,12,7,10,5,0,6,energy,energy,0.7,122,691,80,0,0,0.19753086419753085,risk_ucb,0.2919352175583318,0.2,,,0.18963242955894508,25,e096523803f80bfee00496080f90c73a60e1a691ba78e1381333b260b15dbf9b
cifar10_proser_fedavg__split08__seed2__d0.5,cifar10,d0.5,B,0.2,0.05,0.05,5,12,0,finite-sample-evidence-margin,1,1,1,1,1,0,12,12,7,10,5,0,6,energy,energy,0.7,122,691,80,0,0,0.19753086419753085,risk_ucb,0.3108482491326434,0.2,,,0.18124177660791624,32,e096523803f80bfee00496080f90c73a60e1a691ba78e1381333b260b15dbf9b
cifar10_proser_fedavg__split08__seed2__d5.0,cifar10,d5,H,0.2,0.05,0.05,5,12,0,finite-sample-evidence-margin,1,1,1,1,1,0,9,9,5,8,4,0,6,energy,energy,0.7,65,369,45,0,0,0.14666666666666667,holm_adjusted_pvalue,1.0,0.05,0.15572365694917506,2,0.09059306740818866,,87ffebaf32838fc09495f08dc35031daf4932dde2341b98764f6c3f64b518a20
cifar10_proser_fedavg__split08__seed2__d5.0,cifar10,d5,S,0.2,0.05,0.05,5,12,0,finite-sample-evidence-margin,1,1,1,1,1,0,9,9,5,8,4,0,6,energy,energy,0.7,65,369,45,0,0,0.14666666666666667,risk_ucb,0.283698572607953,0.2,,,0.09059306740818866,25,87ffebaf32838fc09495f08dc35031daf4932dde2341b98764f6c3f64b518a20
cifar10_proser_fedavg__split08__seed2__d5.0,cifar10,d5,B,0.2,0.05,0.05,5,12,0,finite-sample-evidence-margin,1,1,1,1,1,0,9,9,5,7,3,0,6,energy,energy,0.7,65,369,45,0,0,0.14666666666666667,risk_ucb,0.31200262698576525,0.2,,,0.08464340805652038,32,87ffebaf32838fc09495f08dc35031daf4932dde2341b98764f6c3f64b518a20
cifar10_proser_fedavg__split08__seed3__d0.1,cifar10,d0.1,H,0.2,0.05,0.05,5,12,0,finite-sample-evidence-margin,1,1,1,1,1,0,12,12,5,8,2,0,10,margin,margin,0.7,77,447,57,0,0,0.19047619047619047,holm_adjusted_pvalue,1.0,0.05,0.4783243701029498,4,0.11087494490555676,,fa50a2eba88a74125b4c44e02497ee7affe7f5891debd76ff8ffff6b731519bd
cifar10_proser_fedavg__split08__seed3__d0.1,cifar10,d0.1,S,0.2,0.05,0.05,5,12,0,finite-sample-evidence-margin,1,1,1,1,1,0,12,12,5,8,2,0,10,margin,margin,0.7,77,447,57,0,0,0.19047619047619047,risk_ucb,0.3263101078562934,0.2,,,0.11087494490555676,25,fa50a2eba88a74125b4c44e02497ee7affe7f5891debd76ff8ffff6b731519bd
cifar10_proser_fedavg__split08__seed3__d0.1,cifar10,d0.1,B,0.2,0.05,0.05,5,12,0,finite-sample-evidence-margin,1,1,1,1,1,0,12,12,5,7,2,0,10,margin,margin,0.7,77,447,57,0,0,0.19047619047619047,risk_ucb,0.35358037684117805,0.2,,,0.10430560938030488,32,fa50a2eba88a74125b4c44e02497ee7affe7f5891debd76ff8ffff6b731519bd
cifar10_proser_fedavg__split08__seed3__d0.5,cifar10,d0.5,H,0.2,0.05,0.05,5,12,0,finite-sample-evidence-margin,1,1,1,1,1,0,11,11,6,9,4,0,2,proser,native,0.7,101,586,84,0,0,0.16923076923076924,holm_adjusted_pvalue,1.0,0.05,0.2554186888298316,3,0.15242870444470064,,ecd4544a0d56bfbc0348653de819bd0e0950a1f903f588d18c27f194ffc47285
cifar10_proser_fedavg__split08__seed3__d0.5,cifar10,d0.5,S,0.2,0.05,0.05,5,12,0,finite-sample-evidence-margin,1,1,1,1,1,0,11,11,6,9,4,0,2,proser,native,0.7,101,586,84,0,0,0.16923076923076924,risk_ucb,0.28706547038652896,0.2,,,0.15242870444470064,25,ecd4544a0d56bfbc0348653de819bd0e0950a1f903f588d18c27f194ffc47285
cifar10_proser_fedavg__split08__seed3__d0.5,cifar10,d0.5,B,0.2,0.05,0.05,5,12,0,finite-sample-evidence-margin,1,1,1,1,1,0,11,11,6,9,4,0,2,proser,native,0.7,101,586,84,0,0,0.16923076923076924,risk_ucb,0.3112529057594478,0.2,,,0.1448039562137183,32,ecd4544a0d56bfbc0348653de819bd0e0950a1f903f588d18c27f194ffc47285
cifar10_proser_fedavg__split08__seed3__d5.0,cifar10,d5,H,0.2,0.05,0.05,5,12,0,finite-sample-evidence-margin,1,1,1,1,1,0,9,9,5,7,5,0,11,margin,margin,1.0,100,583,102,0,0,0.2,holm_adjusted_pvalue,1.0,0.05,0.5532517394536998,5,0.150675020319364,,dc33c344f3f8d73c8096cca0af8e647d965a99c721d42b01165ca82bc41e19f7
cifar10_proser_fedavg__split08__seed3__d5.0,cifar10,d5,S,0.2,0.05,0.05,5,12,0,finite-sample-evidence-margin,1,1,1,1,1,0,9,9,5,7,5,0,11,margin,margin,1.0,100,583,102,0,0,0.2,risk_ucb,0.3095216370881285,0.2,,,0.150675020319364,25,dc33c344f3f8d73c8096cca0af8e647d965a99c721d42b01165ca82bc41e19f7
cifar10_proser_fedavg__split08__seed3__d5.0,cifar10,d5,B,0.2,0.05,0.05,5,12,0,finite-sample-evidence-margin,1,1,1,1,1,0,9,9,5,7,5,0,11,margin,margin,1.0,100,583,102,0,0,0.2,risk_ucb,0.3314469687078123,0.2,,,0.14309009461546196,32,dc33c344f3f8d73c8096cca0af8e647d965a99c721d42b01165ca82bc41e19f7
cifar10_proser_fedavg__split08__seed4__d0.1,cifar10,d0.1,H,0.2,0.05,0.05,5,12,0,selector-tradeoff,1,1,1,1,0,0,12,12,4,3,0,0,,,,,,,,,,,holm_adjusted_pvalue,,0.05,,,,,e078f69b0a7818c43c5cbafad638a73eea2bfe744262cbf614c91d9a30d2fe78
cifar10_proser_fedavg__split08__seed4__d0.1,cifar10,d0.1,S,0.2,0.05,0.05,5,12,0,selector-tradeoff,1,1,1,1,0,0,12,12,4,2,0,0,,,,,,,,,,,risk_ucb,,0.2,,,,25,e078f69b0a7818c43c5cbafad638a73eea2bfe744262cbf614c91d9a30d2fe78
cifar10_proser_fedavg__split08__seed4__d0.1,cifar10,d0.1,B,0.2,0.05,0.05,5,12,0,selector-tradeoff,1,1,1,1,0,0,12,12,4,1,0,0,,,,,,,,,,,risk_ucb,,0.2,,,,32,e078f69b0a7818c43c5cbafad638a73eea2bfe744262cbf614c91d9a30d2fe78
cifar10_proser_fedavg__split08__seed4__d0.5,cifar10,d0.5,H,0.2,0.05,0.05,5,12,0,finite-sample-evidence-margin,1,1,1,1,1,0,12,12,9,12,9,0,10,margin,margin,0.7,73,416,57,0,0,0.18604651162790697,holm_adjusted_pvalue,1.0,0.05,0.4355870789366299,8,0.10407211410259809,,7fa8a7c7126c5fca3e4c40b2af416d12aad9f8cf7989ffec8c0082ab98221328
cifar10_proser_fedavg__split08__seed4__d0.5,cifar10,d0.5,S,0.2,0.05,0.05,5,12,0,finite-sample-evidence-margin,1,1,1,1,1,0,12,12,9,10,7,0,10,margin,margin,0.7,73,416,57,0,0,0.18604651162790697,risk_ucb,0.3193782925045471,0.2,,,0.10407211410259809,25,7fa8a7c7126c5fca3e4c40b2af416d12aad9f8cf7989ffec8c0082ab98221328
cifar10_proser_fedavg__split08__seed4__d0.5,cifar10,d0.5,B,0.2,0.05,0.05,5,12,0,finite-sample-evidence-margin,1,1,1,1,1,0,12,12,9,9,6,0,10,margin,margin,0.7,73,416,57,0,0,0.18604651162790697,risk_ucb,0.34622425417879965,0.2,,,0.097701518168006,32,7fa8a7c7126c5fca3e4c40b2af416d12aad9f8cf7989ffec8c0082ab98221328
cifar10_proser_fedavg__split08__seed4__d5.0,cifar10,d5,H,0.2,0.05,0.05,5,12,0,finite-sample-evidence-margin,1,1,1,1,1,0,10,10,7,8,5,0,2,proser,native,0.7,94,528,65,0,0,0.16071428571428573,holm_adjusted_pvalue,1.0,0.05,0.1859169078040006,6,0.14019070027176003,,09b9bda8207329d13e1d027f96dfa2e1b2bd8bca7ed8b1787ce4cf5952fa562a
cifar10_proser_fedavg__split08__seed4__d5.0,cifar10,d5,S,0.2,0.05,0.05,5,12,0,finite-sample-evidence-margin,1,1,1,1,1,0,10,10,7,8,5,0,2,proser,native,0.7,94,528,65,0,0,0.16071428571428573,risk_ucb,0.27909092315304523,0.2,,,0.14019070027176003,25,09b9bda8207329d13e1d027f96dfa2e1b2bd8bca7ed8b1787ce4cf5952fa562a
cifar10_proser_fedavg__split08__seed4__d5.0,cifar10,d5,B,0.2,0.05,0.05,5,12,0,finite-sample-evidence-margin,1,1,1,1,1,0,10,10,7,8,5,0,2,proser,native,0.7,94,528,65,0,0,0.16071428571428573,risk_ucb,0.30394128900277345,0.2,,,0.13285176323108355,32,09b9bda8207329d13e1d027f96dfa2e1b2bd8bca7ed8b1787ce4cf5952fa562a
cifar10_proser_fedavg__split09__seed0__d0.1,cifar10,d0.1,H,0.2,0.05,0.05,5,12,0,finite-sample-evidence-margin,1,1,1,1,1,0,9,9,2,6,1,0,2,proser,native,0.7,47,287,41,0,0,0.19642857142857142,holm_adjusted_pvalue,1.0,0.05,0.5530789879752194,2,0.061021268059513314,,a2739a2ceca91ab1bedcfc130d6c9a571a0fb3666f0fb34b063b74ac081101f8
cifar10_proser_fedavg__split09__seed0__d0.1,cifar10,d0.1,S,0.2,0.05,0.05,5,12,0,finite-sample-evidence-margin,1,1,1,1,1,0,9,9,2,6,1,0,2,proser,native,0.7,47,287,41,0,0,0.19642857142857142,risk_ucb,0.3691023508545645,0.2,,,0.061021268059513314,25,a2739a2ceca91ab1bedcfc130d6c9a571a0fb3666f0fb34b063b74ac081101f8
cifar10_proser_fedavg__split09__seed0__d0.1,cifar10,d0.1,B,0.2,0.05,0.05,5,12,0,finite-sample-evidence-margin,1,1,1,1,1,0,9,9,2,6,1,0,2,proser,native,0.7,47,287,41,0,0,0.19642857142857142,risk_ucb,0.4033306190051422,0.2,,,0.056158036342589986,32,a2739a2ceca91ab1bedcfc130d6c9a571a0fb3666f0fb34b063b74ac081101f8
cifar10_proser_fedavg__split09__seed0__d0.5,cifar10,d0.5,H,0.2,0.05,0.05,5,12,0,empirical-error-only,1,1,0,1,0,0,11,11,0,9,0,0,,,,,,,,,,,holm_adjusted_pvalue,,0.05,,,,,1fa7ba816e15348df56afbdcc5fbd552f44f742a4a369e2d772ca65c8057c421
cifar10_proser_fedavg__split09__seed0__d0.5,cifar10,d0.5,S,0.2,0.05,0.05,5,12,0,empirical-error-only,1,1,0,1,0,0,11,11,0,9,0,0,,,,,,,,,,,risk_ucb,,0.2,,,,25,1fa7ba816e15348df56afbdcc5fbd552f44f742a4a369e2d772ca65c8057c421
cifar10_proser_fedavg__split09__seed0__d0.5,cifar10,d0.5,B,0.2,0.05,0.05,5,12,0,empirical-error-only,1,1,0,1,0,0,11,11,0,8,0,0,,,,,,,,,,,risk_ucb,,0.2,,,,32,1fa7ba816e15348df56afbdcc5fbd552f44f742a4a369e2d772ca65c8057c421
cifar10_proser_fedavg__split09__seed0__d5.0,cifar10,d5,H,0.2,0.05,0.05,5,12,1,certified,1,1,1,1,1,1,12,12,9,12,9,7,6,energy,energy,0.7,236,1302,163,0,0,0.13846153846153847,holm_adjusted_pvalue,0.03895902346093745,0.05,0.006493170576822908,7,0.4008164964737044,,fc0c6fd1a2fda4fc95eb1028441f364f65f0d398ad92bba6d7cd841e6793cdd5
cifar10_proser_fedavg__split09__seed0__d5.0,cifar10,d5,S,0.2,0.05,0.05,5,12,1,certified,1,1,1,1,1,1,12,12,9,12,9,6,5,energy,energy,0.5,189,997,84,0,0,0.09523809523809523,risk_ucb,0.1652646123634397,0.2,,,0.31214314143182365,25,fc0c6fd1a2fda4fc95eb1028441f364f65f0d398ad92bba6d7cd841e6793cdd5
cifar10_proser_fedavg__split09__seed0__d5.0,cifar10,d5,B,0.2,0.05,0.05,5,12,1,certified,1,1,1,1,1,1,12,12,9,12,9,4,5,energy,energy,0.5,189,997,84,0,0,0.09523809523809523,risk_ucb,0.18013083828618442,0.2,,,0.3020240876977838,32,fc0c6fd1a2fda4fc95eb1028441f364f65f0d398ad92bba6d7cd841e6793cdd5
cifar10_proser_fedavg__split09__seed1__d0.1,cifar10,d0.1,H,0.2,0.05,0.05,5,12,0,finite-sample-evidence-margin,1,1,1,1,1,0,12,12,8,12,8,0,6,energy,energy,0.7,98,517,61,0,0,0.14705882352941177,holm_adjusted_pvalue,0.8788960779795064,0.05,0.1098620097474383,5,0.14717296588018486,,d2c61e5e8384041ff1b664a2546a7dbb5466cd3c973d76167a2677552ac76dcd
cifar10_proser_fedavg__split09__seed1__d0.1,cifar10,d0.1,S,0.2,0.05,0.05,5,12,0,finite-sample-evidence-margin,1,1,1,1,1,0,12,12,8,10,7,0,6,energy,energy,0.7,98,517,61,0,0,0.14705882352941177,risk_ucb,0.2612828831568758,0.2,,,0.14717296588018486,25,d2c61e5e8384041ff1b664a2546a7dbb5466cd3c973d76167a2677552ac76dcd
cifar10_proser_fedavg__split09__seed1__d0.1,cifar10,d0.1,B,0.2,0.05,0.05,5,12,0,finite-sample-evidence-margin,1,1,1,1,1,0,12,12,8,9,6,0,6,energy,energy,0.7,98,517,61,0,0,0.14705882352941177,risk_ucb,0.2848703225070686,0.2,,,0.139668677457159,32,d2c61e5e8384041ff1b664a2546a7dbb5466cd3c973d76167a2677552ac76dcd
cifar10_proser_fedavg__split09__seed1__d0.5,cifar10,d0.5,H,0.2,0.05,0.05,5,12,1,certified,1,1,1,1,1,1,12,12,9,12,9,5,1,proser,native,0.5,223,1163,121,0,0,0.13215859030837004,holm_adjusted_pvalue,0.04011453164122833,0.05,0.005014316455153541,5,0.37608834742585184,,094d152c326802df7588bb835328cae9d3fa1143d3aefba7a4bece4a6aba01ae
cifar10_proser_fedavg__split09__seed1__d0.5,cifar10,d0.5,S,0.2,0.05,0.05,5,12,1,certified,1,1,1,1,1,1,12,12,9,12,9,4,5,energy,energy,0.5,186,1045,98,0,0,0.11711711711711711,risk_ucb,0.18503193390488348,0.2,,,0.3065535017932921,25,094d152c326802df7588bb835328cae9d3fa1143d3aefba7a4bece4a6aba01ae
cifar10_proser_fedavg__split09__seed1__d0.5,cifar10,d0.5,B,0.2,0.05,0.05,5,12,1,certified,1,1,1,1,1,1,12,12,9,12,9,4,5,energy,energy,0.5,186,1045,98,0,0,0.11711711711711711,risk_ucb,0.19916143553557336,0.2,,,0.2964922716375284,32,094d152c326802df7588bb835328cae9d3fa1143d3aefba7a4bece4a6aba01ae
cifar10_proser_fedavg__split09__seed1__d5.0,cifar10,d5,H,0.2,0.05,0.05,5,12,1,certified,1,1,1,1,1,1,12,12,9,12,9,5,9,margin,margin,0.5,214,1125,110,0,0,0.11214953271028037,holm_adjusted_pvalue,0.00450018276892926,0.05,0.00045001827689292596,3,0.3590576379982162,,9f739da7e9959bc0838fd35a3f297ff660679588c53a0ff14f0f7863fa2cce23
cifar10_proser_fedavg__split09__seed1__d5.0,cifar10,d5,S,0.2,0.05,0.05,5,12,1,certified,1,1,1,1,1,1,12,12,9,12,9,4,9,margin,margin,0.5,214,1125,110,0,0,0.11214953271028037,risk_ucb,0.18059982690557927,0.2,,,0.3590576379982162,25,9f739da7e9959bc0838fd35a3f297ff660679588c53a0ff14f0f7863fa2cce23
cifar10_proser_fedavg__split09__seed1__d5.0,cifar10,d5,B,0.2,0.05,0.05,5,12,1,certified,1,1,1,1,1,1,12,12,9,12,9,3,9,margin,margin,0.5,214,1125,110,0,0,0.11214953271028037,risk_ucb,0.19490023335473275,0.2,,,0.348519636850438,32,9f739da7e9959bc0838fd35a3f297ff660679588c53a0ff14f0f7863fa2cce23
cifar10_proser_fedavg__split09__seed2__d0.1,cifar10,d0.1,H,0.2,0.05,0.05,5,12,0,finite-sample-evidence-margin,1,1,1,1,1,0,12,12,5,12,5,0,1,proser,native,0.5,87,494,43,0,0,0.14705882352941177,holm_adjusted_pvalue,1.0,0.05,0.1098620097474383,1,0.1280456618010333,,c384c4c974a98c10f3193ba4491ec7a3158a52d39e559cdc147e78607965b5bf
cifar10_proser_fedavg__split09__seed2__d0.1,cifar10,d0.1,S,0.2,0.05,0.05,5,12,0,finite-sample-evidence-margin,1,1,1,1,1,0,12,12,5,12,5,0,1,proser,native,0.5,87,494,43,0,0,0.14705882352941177,risk_ucb,0.2612828831568758,0.2,,,0.1280456618010333,25,c384c4c974a98c10f3193ba4491ec7a3158a52d39e559cdc147e78607965b5bf
cifar10_proser_fedavg__split09__seed2__d0.1,cifar10,d0.1,B,0.2,0.05,0.05,5,12,0,finite-sample-evidence-margin,1,1,1,1,1,0,12,12,5,12,5,0,1,proser,native,0.5,87,494,43,0,0,0.14705882352941177,risk_ucb,0.2848703225070686,0.2,,,0.12100987431520538,32,c384c4c974a98c10f3193ba4491ec7a3158a52d39e559cdc147e78607965b5bf
cifar10_proser_fedavg__split09__seed2__d0.5,cifar10,d0.5,H,0.2,0.05,0.05,5,12,0,finite-sample-evidence-margin,1,1,1,1,1,0,9,7,5,6,4,0,7,energy,energy,1.0,212,1165,212,0,0,0.2,holm_adjusted_pvalue,1.0,0.05,0.5377506510045316,5,0.35528303295757424,,c84fb89358dce7407df69999767f4f247a5a2033253a3e56dcdcb8264704da93
cifar10_proser_fedavg__split09__seed2__d0.5,cifar10,d0.5,S,0.2,0.05,0.05,5,12,0,finite-sample-evidence-margin,1,1,1,1,1,0,9,7,5,6,4,0,7,energy,energy,1.0,212,1165,212,0,0,0.2,risk_ucb,0.2744720517394413,0.2,,,0.35528303295757424,25,c84fb89358dce7407df69999767f4f247a5a2033253a3e56dcdcb8264704da93
cifar10_proser_fedavg__split09__seed2__d0.5,cifar10,d0.5,B,0.2,0.05,0.05,5,12,0,finite-sample-evidence-margin,1,1,1,1,1,0,9,7,5,6,4,0,7,energy,energy,1.0,212,1165,212,0,0,0.2,risk_ucb,0.2893336972843455,0.2,,,0.34477450887789174,32,c84fb89358dce7407df69999767f4f247a5a2033253a3e56dcdcb8264704da93
cifar10_proser_fedavg__split09__seed2__d5.0,cifar10,d5,H,0.2,0.05,0.05,5,12,1,certified,1,1,1,1,1,1,12,12,12,12,12,5,5,energy,energy,0.5,233,1209,111,0,0,0.12601626016260162,holm_adjusted_pvalue,0.013951564530906919,0.05,0.0015501738367674355,4,0.3950966701610922,,7b28fac3cd1b00688f0d60ae5c298ba49814f0348f4f21fca29a5a547a0ebe8e
cifar10_proser_fedavg__split09__seed2__d5.0,cifar10,d5,S,0.2,0.05,0.05,5,12,1,certified,1,1,1,1,1,1,12,12,12,12,12,5,5,energy,energy,0.5,233,1209,111,0,0,0.12601626016260162,risk_ucb,0.19151237185140826,0.2,,,0.3950966701610922,25,7b28fac3cd1b00688f0d60ae5c298ba49814f0348f4f21fca29a5a547a0ebe8e
cifar10_proser_fedavg__split09__seed2__d5.0,cifar10,d5,B,0.2,0.05,0.05,5,12,1,certified,1,1,1,1,1,1,12,12,12,12,12,2,1,proser,native,0.5,232,1194,111,0,0,0.1115702479338843,risk_ucb,0.18844182646031118,0.2,,,0.3824191983189874,32,7b28fac3cd1b00688f0d60ae5c298ba49814f0348f4f21fca29a5a547a0ebe8e
cifar10_proser_fedavg__split09__seed3__d0.1,cifar10,d0.1,H,0.2,0.05,0.05,5,12,1,certified,1,1,1,1,1,1,12,12,9,12,9,1,8,margin,margin,0.3,87,527,34,0,0,0.08620689655172414,holm_adjusted_pvalue,0.008279202512608603,0.05,0.0006899335427173835,1,0.1280456618010333,,7304e93535a0b75d704b58f5cff338798e78ab390714aeb66dc675b6cdf1501b
cifar10_proser_fedavg__split09__seed3__d0.1,cifar10,d0.1,S,0.2,0.05,0.05,5,12,1,certified,1,1,1,1,1,1,12,12,9,12,9,1,8,margin,margin,0.3,87,527,34,0,0,0.08620689655172414,risk_ucb,0.17789676911151175,0.2,,,0.1280456618010333,25,7304e93535a0b75d704b58f5cff338798e78ab390714aeb66dc675b6cdf1501b
cifar10_proser_fedavg__split09__seed3__d0.1,cifar10,d0.1,B,0.2,0.05,0.05,5,12,1,certified,1,1,1,1,1,1,12,12,9,12,9,1,8,margin,margin,0.3,87,527,34,0,0,0.08620689655172414,risk_ucb,0.19778469647699762,0.2,,,0.12100987431520538,32,7304e93535a0b75d704b58f5cff338798e78ab390714aeb66dc675b6cdf1501b
cifar10_proser_fedavg__split09__seed3__d0.5,cifar10,d0.5,H,0.2,0.05,0.05,5,12,1,certified,1,1,1,1,1,1,11,11,8,9,6,1,9,margin,margin,0.5,110,599,53,0,0,0.1048951048951049,holm_adjusted_pvalue,0.03531961287055596,0.05,0.00294330107254633,1,0.16828814810062487,,b778276940dc1b8a77f5c83ebcf0998294a84a3a56f9058560d77f592e84a118
cifar10_proser_fedavg__split09__seed3__d0.5,cifar10,d0.5,S,0.2,0.05,0.05,5,12,1,certified,1,1,1,1,1,1,11,11,8,9,6,1,9,margin,margin,0.5,110,599,53,0,0,0.1048951048951049,risk_ucb,0.19531677902251904,0.2,,,0.16828814810062487,25,b778276940dc1b8a77f5c83ebcf0998294a84a3a56f9058560d77f592e84a118
cifar10_proser_fedavg__split09__seed3__d0.5,cifar10,d0.5,B,0.2,0.05,0.05,5,12,0,finite-sample-evidence-margin,1,1,1,1,1,0,11,11,8,8,5,0,10,margin,margin,0.7,195,1055,124,0,0,0.15418502202643172,risk_ucb,0.2419758492868246,0.2,,,0.31311892462922636,32,b778276940dc1b8a77f5c83ebcf0998294a84a3a56f9058560d77f592e84a118
cifar10_proser_fedavg__split09__seed3__d5.0,cifar10,d5,H,0.2,0.05,0.05,5,12,1,certified,1,1,1,1,1,1,11,11,8,11,8,2,4,energy,energy,0.3,101,581,27,0,0,0.07920792079207921,holm_adjusted_pvalue,0.008312508645341055,0.05,0.0007397160699059861,2,0.15242870444470064,,9f4a0df8e23dc0809b6311c2e6e958bfeb2db1e4d14f050194d47fe4611d5f64
cifar10_proser_fedavg__split09__seed3__d5.0,cifar10,d5,S,0.2,0.05,0.05,5,12,1,certified,1,1,1,1,1,1,11,11,8,11,8,2,4,energy,energy,0.3,101,581,27,0,0,0.07920792079207921,risk_ucb,0.1770323368128978,0.2,,,0.15242870444470064,25,9f4a0df8e23dc0809b6311c2e6e958bfeb2db1e4d14f050194d47fe4611d5f64
cifar10_proser_fedavg__split09__seed3__d5.0,cifar10,d5,B,0.2,0.05,0.05,5,12,1,certified,1,1,1,1,1,1,11,11,8,11,8,2,4,energy,energy,0.3,101,581,27,0,0,0.07920792079207921,risk_ucb,0.19848652665615393,0.2,,,0.1448039562137183,32,9f4a0df8e23dc0809b6311c2e6e958bfeb2db1e4d14f050194d47fe4611d5f64
cifar10_proser_fedavg__split09__seed4__d0.1,cifar10,d0.1,H,0.2,0.05,0.05,5,12,0,empirical-error-only,1,1,0,1,0,0,12,12,0,12,0,0,,,,,,,,,,,holm_adjusted_pvalue,,0.05,,,,,87df5db4a464f6c3e4d701ffd94facb2b12cdaed5b818a44af7d929ef2c593f7
cifar10_proser_fedavg__split09__seed4__d0.1,cifar10,d0.1,S,0.2,0.05,0.05,5,12,0,empirical-error-only,1,1,0,1,0,0,12,12,0,12,0,0,,,,,,,,,,,risk_ucb,,0.2,,,,25,87df5db4a464f6c3e4d701ffd94facb2b12cdaed5b818a44af7d929ef2c593f7
cifar10_proser_fedavg__split09__seed4__d0.1,cifar10,d0.1,B,0.2,0.05,0.05,5,12,0,empirical-error-only,1,1,0,1,0,0,12,12,0,9,0,0,,,,,,,,,,,risk_ucb,,0.2,,,,32,87df5db4a464f6c3e4d701ffd94facb2b12cdaed5b818a44af7d929ef2c593f7
cifar10_proser_fedavg__split09__seed4__d0.5,cifar10,d0.5,H,0.2,0.05,0.05,5,12,0,finite-sample-evidence-margin,1,1,1,1,1,0,10,10,3,7,2,0,10,margin,margin,0.7,94,544,64,0,0,0.1702127659574468,holm_adjusted_pvalue,1.0,0.05,0.28240196968991255,1,0.14019070027176003,,8962922979efbfb632fbef249ba94ecf18cf68ae579cbcd4ff7fe91abe0bcf94
cifar10_proser_fedavg__split09__seed4__d0.5,cifar10,d0.5,S,0.2,0.05,0.05,5,12,0,finite-sample-evidence-margin,1,1,1,1,1,0,10,10,3,7,2,0,10,margin,margin,0.7,94,544,64,0,0,0.1702127659574468,risk_ucb,0.29434587271789875,0.2,,,0.14019070027176003,25,8962922979efbfb632fbef249ba94ecf18cf68ae579cbcd4ff7fe91abe0bcf94
cifar10_proser_fedavg__split09__seed4__d0.5,cifar10,d0.5,B,0.2,0.05,0.05,5,12,0,finite-sample-evidence-margin,1,1,1,1,1,0,10,10,3,6,2,0,10,margin,margin,0.7,94,544,64,0,0,0.1702127659574468,risk_ucb,0.31959759083568695,0.2,,,0.13285176323108355,32,8962922979efbfb632fbef249ba94ecf18cf68ae579cbcd4ff7fe91abe0bcf94
cifar10_proser_fedavg__split09__seed4__d5.0,cifar10,d5,H,0.2,0.05,0.05,5,12,1,certified,1,1,1,1,1,1,12,12,7,12,7,1,4,energy,energy,0.3,61,396,18,0,0,0.07894736842105263,holm_adjusted_pvalue,0.04023223826406739,0.05,0.003352686522005616,1,0.08392338458148607,,7abfc8eaec81815ef1a7009472518426fd18349acacb7db418aaa8b5d37f984c
cifar10_proser_fedavg__split09__seed4__d5.0,cifar10,d5,S,0.2,0.05,0.05,5,12,1,certified,1,1,1,1,1,1,12,12,7,12,7,1,4,energy,energy,0.3,61,396,18,0,0,0.07894736842105263,risk_ucb,0.1963571205397454,0.2,,,0.08392338458148607,25,7abfc8eaec81815ef1a7009472518426fd18349acacb7db418aaa8b5d37f984c
cifar10_proser_fedavg__split09__seed4__d5.0,cifar10,d5,B,0.2,0.05,0.05,5,12,0,finite-sample-evidence-margin,1,1,1,1,1,0,12,12,7,12,7,0,6,energy,energy,0.7,234,1310,186,0,0,0.19318181818181818,risk_ucb,0.27907698038573464,0.2,,,0.3862070575066493,32,7abfc8eaec81815ef1a7009472518426fd18349acacb7db418aaa8b5d37f984c
officehome_convnext_frozen__split00__seed0,officehome,frozen,H,0.2,0.05,0.05,4,12,1,certified,1,1,1,1,1,1,12,12,9,12,9,3,1,msp,native,0.5,114,907,79,0,0,0.1056338028169014,holm_adjusted_pvalue,0.019847143595408036,0.05,0.0019847143595408036,3,0.11683703493951522,,64e79cc75a2877acb17d2c8d94a067321cf7743a7ee203cb66fd95b74ab1c8bc
officehome_convnext_frozen__split00__seed0,officehome,frozen,S,0.2,0.05,0.05,4,12,1,certified,1,1,1,1,1,1,12,12,9,12,9,3,1,msp,native,0.5,114,907,79,0,0,0.1056338028169014,risk_ucb,0.191384180322955,0.2,,,0.11683703493951522,25,64e79cc75a2877acb17d2c8d94a067321cf7743a7ee203cb66fd95b74ab1c8bc
officehome_convnext_frozen__split00__seed0,officehome,frozen,B,0.2,0.05,0.05,4,12,1,certified,1,1,1,1,1,1,12,12,9,12,9,2,0,msp,native,0.3,43,460,24,0,0,0.0880503144654088,risk_ucb,0.17809847971658557,0.2,,,0.03940992127830405,31,64e79cc75a2877acb17d2c8d94a067321cf7743a7ee203cb66fd95b74ab1c8bc
officehome_convnext_frozen__split00__seed1,officehome,frozen,H,0.2,0.05,0.05,4,12,1,certified,1,1,1,1,1,1,12,12,9,12,9,4,1,msp,native,0.5,131,963,97,0,0,0.1307901907356948,holm_adjusted_pvalue,0.003365506026195667,0.05,0.0003365506026195667,3,0.13460520508981236,,e1fde57477854fc24b148d2f1c05ef5fb2f2fcc3cd330538b930eec96cac4fac
officehome_convnext_frozen__split00__seed1,officehome,frozen,S,0.2,0.05,0.05,4,12,1,certified,1,1,1,1,1,1,12,12,9,12,9,4,1,msp,native,0.5,131,963,97,0,0,0.1307901907356948,risk_ucb,0.18363262228510316,0.2,,,0.13460520508981236,25,e1fde57477854fc24b148d2f1c05ef5fb2f2fcc3cd330538b930eec96cac4fac
officehome_convnext_frozen__split00__seed1,officehome,frozen,B,0.2,0.05,0.05,4,12,1,certified,1,1,1,1,1,1,12,12,9,12,9,4,1,msp,native,0.5,131,963,97,0,0,0.1307901907356948,risk_ucb,0.1929970290912506,0.2,,,0.12998912889435224,31,e1fde57477854fc24b148d2f1c05ef5fb2f2fcc3cd330538b930eec96cac4fac
officehome_convnext_frozen__split00__seed2,officehome,frozen,H,0.2,0.05,0.05,4,12,1,certified,1,1,1,1,1,1,12,12,9,12,9,6,1,msp,native,0.5,140,937,79,0,0,0.1,holm_adjusted_pvalue,0.01128483008855513,0.05,0.001128483008855513,3,0.11497677431256077,,6920074d24a2b2fd0ff21bc399c7fde2bffd87e5908c6ad5c50c810ad0eefc0f
officehome_convnext_frozen__split00__seed2,officehome,frozen,S,0.2,0.05,0.05,4,12,1,certified,1,1,1,1,1,1,12,12,9,12,9,5,1,msp,native,0.5,140,937,79,0,0,0.1,risk_ucb,0.18513809173249063,0.2,,,0.11497677431256077,25,6920074d24a2b2fd0ff21bc399c7fde2bffd87e5908c6ad5c50c810ad0eefc0f
officehome_convnext_frozen__split00__seed2,officehome,frozen,B,0.2,0.05,0.05,4,12,1,certified,1,1,1,1,1,1,12,12,9,12,9,2,9,margin,margin,0.5,136,904,76,0,0,0.09352517985611511,risk_ucb,0.1930001095092789,0.2,,,0.1097703069324052,31,6920074d24a2b2fd0ff21bc399c7fde2bffd87e5908c6ad5c50c810ad0eefc0f
officehome_convnext_frozen__split00__seed3,officehome,frozen,H,0.2,0.05,0.05,4,12,1,certified,1,1,1,1,1,1,12,12,8,12,8,6,10,margin,margin,0.7,149,1105,128,0,0,0.12857142857142856,holm_adjusted_pvalue,0.020051204845628973,0.05,0.0025064006057036216,5,0.15726984974511007,,248836d9305d9e1a1212472f18f141d48955c1f68a2129e6e7b6633ce0d748ba
officehome_convnext_frozen__split00__seed3,officehome,frozen,S,0.2,0.05,0.05,4,12,1,certified,1,1,1,1,1,1,12,12,8,12,8,6,10,margin,margin,0.7,149,1105,128,0,0,0.12857142857142856,risk_ucb,0.1948049070269773,0.2,,,0.15726984974511007,25,248836d9305d9e1a1212472f18f141d48955c1f68a2129e6e7b6633ce0d748ba
officehome_convnext_frozen__split00__seed3,officehome,frozen,B,0.2,0.05,0.05,4,12,1,certified,1,1,1,1,1,1,12,12,8,12,8,3,8,margin,margin,0.3,45,444,9,0,0,0.025806451612903226,risk_ucb,0.18659687736739172,0.2,,,0.040241557763374756,31,248836d9305d9e1a1212472f18f141d48955c1f68a2129e6e7b6633ce0d748ba
officehome_convnext_frozen__split00__seed4,officehome,frozen,H,0.2,0.05,0.05,4,12,1,certified,1,1,1,1,1,1,12,12,9,12,9,4,1,msp,native,0.5,112,884,69,0,0,0.10670731707317073,holm_adjusted_pvalue,0.003926975218183113,0.05,0.00043633057979812365,4,0.12991330551161961,,a7de5b4ea69cdd750ff8b324fc752e3a4738123fda714a9d6929770f34f58b60
officehome_convnext_frozen__split00__seed4,officehome,frozen,S,0.2,0.05,0.05,4,12,1,certified,1,1,1,1,1,1,12,12,9,12,9,4,1,msp,native,0.5,112,884,69,0,0,0.10670731707317073,risk_ucb,0.17231541670268177,0.2,,,0.12991330551161961,25,a7de5b4ea69cdd750ff8b324fc752e3a4738123fda714a9d6929770f34f58b60
officehome_convnext_frozen__split00__seed4,officehome,frozen,B,0.2,0.05,0.05,4,12,1,certified,1,1,1,1,1,1,12,12,9,12,9,4,1,msp,native,0.5,112,884,69,0,0,0.10670731707317073,risk_ucb,0.1897313713119705,0.2,,,0.12537103852495585,31,a7de5b4ea69cdd750ff8b324fc752e3a4738123fda714a9d6929770f34f58b60
officehome_convnext_frozen__split01__seed0,officehome,frozen,H,0.2,0.05,0.05,4,12,1,certified,1,1,1,1,1,1,12,12,9,12,9,4,0,msp,native,0.3,85,764,66,0,0,0.10600706713780919,holm_adjusted_pvalue,0.00592401518767089,0.05,0.0005385468352428082,2,0.10623341423079381,,93f4a5b37d57a4c7fd72809df1167289d7615eb4fe515f17ce03187731218630
officehome_convnext_frozen__split01__seed0,officehome,frozen,S,0.2,0.05,0.05,4,12,1,certified,1,1,1,1,1,1,12,12,9,12,9,4,0,msp,native,0.3,85,764,66,0,0,0.10600706713780919,risk_ucb,0.17679587039575448,0.2,,,0.10623341423079381,25,93f4a5b37d57a4c7fd72809df1167289d7615eb4fe515f17ce03187731218630
officehome_convnext_frozen__split01__seed0,officehome,frozen,B,0.2,0.05,0.05,4,12,1,certified,1,1,1,1,1,1,12,12,9,12,9,3,0,msp,native,0.3,85,764,66,0,0,0.10600706713780919,risk_ucb,0.19282099957562052,0.2,,,0.1021206987832873,31,93f4a5b37d57a4c7fd72809df1167289d7615eb4fe515f17ce03187731218630
officehome_convnext_frozen__split01__seed1,officehome,frozen,H,0.2,0.05,0.05,4,12,1,certified,1,1,1,1,1,1,12,12,9,12,9,4,1,msp,native,0.5,115,945,101,0,0,0.12612612612612611,holm_adjusted_pvalue,0.0023585107185327245,0.05,0.0002620567465036361,4,0.14131279362267232,,2279900e68f5e829a914effe23ec3758a062ec954b34b581b53b22584d54ce9a
officehome_convnext_frozen__split01__seed1,officehome,frozen,S,0.2,0.05,0.05,4,12,1,certified,1,1,1,1,1,1,12,12,9,12,9,4,1,msp,native,0.5,115,945,101,0,0,0.12612612612612611,risk_ucb,0.18127250710795495,0.2,,,0.14131279362267232,25,2279900e68f5e829a914effe23ec3758a062ec954b34b581b53b22584d54ce9a
officehome_convnext_frozen__split01__seed1,officehome,frozen,B,0.2,0.05,0.05,4,12,1,certified,1,1,1,1,1,1,12,12,9,12,9,4,1,msp,native,0.5,115,945,101,0,0,0.12612612612612611,risk_ucb,0.1910875036715185,0.2,,,0.1366221734903989,31,2279900e68f5e829a914effe23ec3758a062ec954b34b581b53b22584d54ce9a
officehome_convnext_frozen__split01__seed2,officehome,frozen,H,0.2,0.05,0.05,4,12,1,certified,1,1,1,1,1,1,12,12,8,12,8,1,4,energy,energy,0.3,43,579,43,0,0,0.10628019323671498,holm_adjusted_pvalue,0.002722626888876427,0.05,0.00022688557407303558,1,0.02816656485859556,,5a32636f7186439ae8a944442f93ab486abd22a138e86252a7c17da5389740af
officehome_convnext_frozen__split01__seed2,officehome,frozen,S,0.2,0.05,0.05,4,12,1,certified,1,1,1,1,1,1,12,12,8,12,8,1,4,energy,energy,0.3,43,579,43,0,0,0.10628019323671498,risk_ucb,0.17491937321479076,0.2,,,0.02816656485859556,25,5a32636f7186439ae8a944442f93ab486abd22a138e86252a7c17da5389740af
officehome_convnext_frozen__split01__seed2,officehome,frozen,B,0.2,0.05,0.05,4,12,1,certified,1,1,1,1,1,1,12,12,8,12,8,1,4,energy,energy,0.3,43,579,43,0,0,0.10628019323671498,risk_ucb,0.18742177472663066,0.2,,,0.026074613825720912,31,5a32636f7186439ae8a944442f93ab486abd22a138e86252a7c17da5389740af
officehome_convnext_frozen__split01__seed3,officehome,frozen,H,0.2,0.05,0.05,4,12,1,certified,1,1,1,1,1,1,12,12,9,12,9,4,9,margin,margin,0.5,119,921,101,0,0,0.12427745664739884,holm_adjusted_pvalue,0.046849567250648344,0.05,0.005205507472294261,4,0.1310912684891721,,0e4a5109c28ace08d3a031f888493d017b10f965f06d7bfe7e190c5207384413
officehome_convnext_frozen__split01__seed3,officehome,frozen,S,0.2,0.05,0.05,4,12,1,certified,1,1,1,1,1,1,12,12,9,12,9,3,8,margin,margin,0.3,86,780,54,0,0,0.1044776119402985,risk_ucb,0.1930058437760407,0.2,,,0.10806228711368106,25,0e4a5109c28ace08d3a031f888493d017b10f965f06d7bfe7e190c5207384413
officehome_convnext_frozen__split01__seed3,officehome,frozen,B,0.2,0.05,0.05,4,12,1,certified,1,1,1,1,1,1,12,12,9,12,9,1,4,energy,energy,0.3,51,551,36,0,0,0.0782608695652174,risk_ucb,0.19952314480802422,0.2,,,0.03242723663744963,31,0e4a5109c28ace08d3a031f888493d017b10f965f06d7bfe7e190c5207384413
officehome_convnext_frozen__split01__seed4,officehome,frozen,H,0.2,0.05,0.05,4,12,1,certified,1,1,1,1,1,1,12,12,9,12,9,1,4,energy,energy,0.3,34,501,44,0,0,0.11235955056179775,holm_adjusted_pvalue,0.016305186915504487,0.05,0.0013587655762920406,1,0.020936709003740374,,4a54b604d2f8183734aa8f1fa37499924a3933cc21d384bf2996e729c7fb2267
officehome_convnext_frozen__split01__seed4,officehome,frozen,S,0.2,0.05,0.05,4,12,1,certified,1,1,1,1,1,1,12,12,9,12,9,1,4,energy,energy,0.3,34,501,44,0,0,0.11235955056179775,risk_ucb,0.18867281139991057,0.2,,,0.020936709003740374,25,4a54b604d2f8183734aa8f1fa37499924a3933cc21d384bf2996e729c7fb2267
officehome_convnext_frozen__split01__seed4,officehome,frozen,B,0.2,0.05,0.05,4,12,0,finite-sample-evidence-margin,1,1,1,1,1,0,12,12,9,12,9,0,2,msp,native,0.7,164,1107,173,0,0,0.17346938775510204,risk_ucb,0.251183224970851,0.2,,,0.13845836506553097,31,4a54b604d2f8183734aa8f1fa37499924a3933cc21d384bf2996e729c7fb2267
officehome_convnext_frozen__split02__seed0,officehome,frozen,H,0.2,0.05,0.05,4,12,1,certified,1,1,1,1,1,1,12,12,9,12,9,3,8,margin,margin,0.3,128,921,76,0,0,0.1038961038961039,holm_adjusted_pvalue,4.73656417507891e-05,0.05,4.305967431889918e-06,2,0.1336659499514453,,adeb5e2b66d4200f62022bc09c184b17f01417c6e29759c5cf39eabac855152a
officehome_convnext_frozen__split02__seed0,officehome,frozen,S,0.2,0.05,0.05,4,12,1,certified,1,1,1,1,1,1,12,12,9,12,9,3,8,margin,margin,0.3,128,921,76,0,0,0.1038961038961039,risk_ucb,0.15795728028963132,0.2,,,0.1336659499514453,25,adeb5e2b66d4200f62022bc09c184b17f01417c6e29759c5cf39eabac855152a
officehome_convnext_frozen__split02__seed0,officehome,frozen,B,0.2,0.05,0.05,4,12,1,certified,1,1,1,1,1,1,12,12,9,12,9,2,8,margin,margin,0.3,128,921,76,0,0,0.1038961038961039,risk_ucb,0.16771809976234184,0.2,,,0.12906449181161997,31,adeb5e2b66d4200f62022bc09c184b17f01417c6e29759c5cf39eabac855152a
officehome_convnext_frozen__split02__seed1,officehome,frozen,H,0.2,0.05,0.05,4,12,1,certified,1,1,1,1,1,1,12,12,6,12,6,5,1,msp,native,0.5,135,1095,136,0,0,0.13959390862944163,holm_adjusted_pvalue,0.011533553717353179,0.05,0.0011533553717353179,3,0.15821902190767972,,9a32ebfd965fe5d079622b4f2a8a0263e20e9ca216182ebc6cf42b0a8849f2e2
officehome_convnext_frozen__split02__seed1,officehome,frozen,S,0.2,0.05,0.05,4,12,1,certified,1,1,1,1,1,1,12,12,6,12,6,4,1,msp,native,0.5,135,1095,136,0,0,0.13959390862944163,risk_ucb,0.19149214749699006,0.2,,,0.15821902190767972,25,9a32ebfd965fe5d079622b4f2a8a0263e20e9ca216182ebc6cf42b0a8849f2e2
officehome_convnext_frozen__split02__seed1,officehome,frozen,B,0.2,0.05,0.05,4,12,1,certified,1,1,1,1,1,1,12,12,6,12,6,2,0,msp,native,0.3,106,906,82,0,0,0.11006289308176101,risk_ucb,0.19976984367180964,0.2,,,0.12998912889435224,31,9a32ebfd965fe5d079622b4f2a8a0263e20e9ca216182ebc6cf42b0a8849f2e2
officehome_convnext_frozen__split02__seed2,officehome,frozen,H,0.2,0.05,0.05,4,12,1,certified,1,1,1,1,1,1,12,12,9,12,9,3,0,msp,native,0.3,114,888,69,0,0,0.09337349397590361,holm_adjusted_pvalue,0.010897565881995768,0.05,0.0009081304901663139,1,0.11219023283825895,,e884959d66fa553f7879584153d2d92a8e82ffb2c9b6d250601abed959c64158
officehome_convnext_frozen__split02__seed2,officehome,frozen,S,0.2,0.05,0.05,4,12,1,certified,1,1,1,1,1,1,12,12,9,12,9,3,0,msp,native,0.3,114,888,69,0,0,0.09337349397590361,risk_ucb,0.18085326808938737,0.2,,,0.11219023283825895,25,e884959d66fa553f7879584153d2d92a8e82ffb2c9b6d250601abed959c64158
officehome_convnext_frozen__split02__seed2,officehome,frozen,B,0.2,0.05,0.05,4,12,1,certified,1,1,1,1,1,1,12,12,9,12,9,1,0,msp,native,0.3,114,888,69,0,0,0.09337349397590361,risk_ucb,0.19834574419071688,0.2,,,0.10794586871583872,31,e884959d66fa553f7879584153d2d92a8e82ffb2c9b6d250601abed959c64158
officehome_convnext_frozen__split02__seed3,officehome,frozen,H,0.2,0.05,0.05,4,12,1,certified,1,1,1,1,1,1,12,12,8,12,8,4,1,msp,native,0.5,150,1074,126,0,0,0.12903225806451613,holm_adjusted_pvalue,0.0075764720063138166,0.05,0.0007576472006313817,3,0.14307752402478602,,122666cc63392b3ddf782af92e0a9b6de726b845b9d7cc605a52baee0a4b79fd
officehome_convnext_frozen__split02__seed3,officehome,frozen,S,0.2,0.05,0.05,4,12,1,certified,1,1,1,1,1,1,12,12,8,12,8,4,1,msp,native,0.5,150,1074,126,0,0,0.12903225806451613,risk_ucb,0.18165466149170773,0.2,,,0.14307752402478602,25,122666cc63392b3ddf782af92e0a9b6de726b845b9d7cc605a52baee0a4b79fd
officehome_convnext_frozen__split02__seed3,officehome,frozen,B,0.2,0.05,0.05,4,12,1,certified,1,1,1,1,1,1,12,12,8,12,8,3,1,msp,native,0.5,150,1074,126,0,0,0.12903225806451613,risk_ucb,0.1967199208683356,0.2,,,0.1383330114404073,31,122666cc63392b3ddf782af92e0a9b6de726b845b9d7cc605a52baee0a4b79fd
officehome_convnext_frozen__split02__seed4,officehome,frozen,H,0.2,0.05,0.05,4,12,1,certified,1,1,1,1,1,1,12,12,8,12,8,2,8,margin,margin,0.3,109,844,72,0,0,0.11333333333333333,holm_adjusted_pvalue,0.03864177346236724,0.05,0.00351288849657884,2,0.12429784657716739,,57b9218a5edf607296e383a3e9fdbcb4c6d07c93fd8375fb35ce248ddcb2b969
officehome_convnext_frozen__split02__seed4,officehome,frozen,S,0.2,0.05,0.05,4,12,1,certified,1,1,1,1,1,1,12,12,8,12,8,2,8,margin,margin,0.3,109,844,72,0,0,0.11333333333333333,risk_ucb,0.19801396892413087,0.2,,,0.12429784657716739,25,57b9218a5edf607296e383a3e9fdbcb4c6d07c93fd8375fb35ce248ddcb2b969
officehome_convnext_frozen__split02__seed4,officehome,frozen,B,0.2,0.05,0.05,4,12,1,certified,1,1,1,1,1,1,12,12,8,12,8,1,0,msp,native,0.3,111,842,61,0,0,0.07958477508650519,risk_ucb,0.1718203336612774,0.2,,,0.11159714921112097,31,57b9218a5edf607296e383a3e9fdbcb4c6d07c93fd8375fb35ce248ddcb2b969
officehome_convnext_frozen__split03__seed0,officehome,frozen,H,0.2,0.05,0.05,4,12,1,certified,1,1,1,1,1,1,12,12,10,12,10,1,1,msp,native,0.5,83,895,76,0,0,0.09235668789808917,holm_adjusted_pvalue,0.04155112658969725,0.05,0.0034625938824747707,1,0.10793176555089702,,57f02285fc6b93db793d2bf1dc4e28b77043d637d49ab6fbac63b8d02013753e
officehome_convnext_frozen__split03__seed0,officehome,frozen,S,0.2,0.05,0.05,4,12,1,certified,1,1,1,1,1,1,12,12,10,12,10,1,1,msp,native,0.5,83,895,76,0,0,0.09235668789808917,risk_ucb,0.19703881315341343,0.2,,,0.10793176555089702,25,57f02285fc6b93db793d2bf1dc4e28b77043d637d49ab6fbac63b8d02013753e
officehome_convnext_frozen__split03__seed0,officehome,frozen,B,0.2,0.05,0.05,4,12,0,finite-sample-evidence-margin,1,1,1,1,1,0,12,12,10,11,9,0,11,margin,margin,1.0,165,1352,229,0,0,0.19461697722567287,risk_ucb,0.3031520699136967,0.2,,,0.2020681507640487,31,57f02285fc6b93db793d2bf1dc4e28b77043d637d49ab6fbac63b8d02013753e
officehome_convnext_frozen__split03__seed1,officehome,frozen,H,0.2,0.05,0.05,4,12,0,finite-sample-evidence-margin,1,1,1,1,1,0,12,12,8,12,8,0,2,msp,native,0.7,133,1085,172,0,0,0.1945945945945946,holm_adjusted_pvalue,1.0,0.05,0.42765330567897475,7,0.14763437031877674,,95d64332dd55a703de7a2abf05618cedeb2cd55863abcc0e8539f6dc71babfe9
officehome_convnext_frozen__split03__seed1,officehome,frozen,S,0.2,0.05,0.05,4,12,0,finite-sample-evidence-margin,1,1,1,1,1,0,12,12,8,11,8,0,2,msp,native,0.7,133,1085,172,0,0,0.1945945945945946,risk_ucb,0.2749572973318809,0.2,,,0.14763437031877674,25,95d64332dd55a703de7a2abf05618cedeb2cd55863abcc0e8539f6dc71babfe9
officehome_convnext_frozen__split03__seed1,officehome,frozen,B,0.2,0.05,0.05,4,12,0,finite-sample-evidence-margin,1,1,1,1,1,0,12,12,8,11,8,0,2,msp,native,0.7,133,1085,172,0,0,0.1945945945945946,risk_ucb,0.29293780817759096,0.2,,,0.1429108918058513,31,95d64332dd55a703de7a2abf05618cedeb2cd55863abcc0e8539f6dc71babfe9
officehome_convnext_frozen__split03__seed2,officehome,frozen,H,0.2,0.05,0.05,4,12,0,finite-sample-evidence-margin,1,1,1,1,1,0,12,12,9,11,8,0,10,margin,margin,0.7,142,1183,186,0,0,0.17560975609756097,holm_adjusted_pvalue,1.0,0.05,0.15151800419784062,6,0.16225557455995857,,d5a4cd5dbce440fedca6f5e1cac16472ef48447995a6cb943e45411fa171433f
officehome_convnext_frozen__split03__seed2,officehome,frozen,S,0.2,0.05,0.05,4,12,0,finite-sample-evidence-margin,1,1,1,1,1,0,12,12,9,11,8,0,10,margin,margin,0.7,142,1183,186,0,0,0.17560975609756097,risk_ucb,0.2585768514060128,0.2,,,0.16225557455995857,25,d5a4cd5dbce440fedca6f5e1cac16472ef48447995a6cb943e45411fa171433f
officehome_convnext_frozen__split03__seed2,officehome,frozen,B,0.2,0.05,0.05,4,12,0,finite-sample-evidence-margin,1,1,1,1,1,0,12,12,9,11,8,0,10,margin,margin,0.7,142,1183,186,0,0,0.17560975609756097,risk_ucb,0.27569465845551655,0.2,,,0.1573329243390538,31,d5a4cd5dbce440fedca6f5e1cac16472ef48447995a6cb943e45411fa171433f
officehome_convnext_frozen__split03__seed3,officehome,frozen,H,0.2,0.05,0.05,4,12,0,finite-sample-evidence-margin,1,1,1,1,1,0,12,12,9,11,8,0,2,msp,native,0.7,134,1175,186,0,0,0.2,holm_adjusted_pvalue,1.0,0.05,0.5291553113655671,9,0.15402043568126342,,984a5add3b59f6c541794c46379382905bf7a7deff9e19ff3098eef8a9bdbb34
officehome_convnext_frozen__split03__seed3,officehome,frozen,S,0.2,0.05,0.05,4,12,0,finite-sample-evidence-margin,1,1,1,1,1,0,12,12,9,11,8,0,2,msp,native,0.7,134,1175,186,0,0,0.2,risk_ucb,0.2730359959573652,0.2,,,0.15402043568126342,25,984a5add3b59f6c541794c46379382905bf7a7deff9e19ff3098eef8a9bdbb34
officehome_convnext_frozen__split03__seed3,officehome,frozen,B,0.2,0.05,0.05,4,12,0,finite-sample-evidence-margin,1,1,1,1,1,0,12,12,9,11,8,0,2,msp,native,0.7,134,1175,186,0,0,0.2,risk_ucb,0.2909168158390868,0.2,,,0.14920805652661628,31,984a5add3b59f6c541794c46379382905bf7a7deff9e19ff3098eef8a9bdbb34
officehome_convnext_frozen__split03__seed4,officehome,frozen,H,0.2,0.05,0.05,4,12,1,certified,1,1,1,1,1,1,12,12,9,12,9,1,5,energy,energy,0.5,64,755,72,0,0,0.11182108626198083,holm_adjusted_pvalue,0.03174006629930931,0.05,0.0026450055249424426,1,0.044573596306284324,,45da2c717754b429bcf125bd6a2668f34b3d619d2e0615f09e2e29e9a3198e13
officehome_convnext_frozen__split03__seed4,officehome,frozen,S,0.2,0.05,0.05,4,12,1,certified,1,1,1,1,1,1,12,12,9,11,8,1,5,energy,energy,0.5,64,755,72,0,0,0.11182108626198083,risk_ucb,0.19372906865057607,0.2,,,0.044573596306284324,25,45da2c717754b429bcf125bd6a2668f34b3d619d2e0615f09e2e29e9a3198e13
officehome_convnext_frozen__split03__seed4,officehome,frozen,B,0.2,0.05,0.05,4,12,0,finite-sample-evidence-margin,1,1,1,1,1,0,12,12,9,11,8,0,2,msp,native,0.7,141,1146,181,0,0,0.1751269035532995,risk_ucb,0.26893509924493403,0.2,,,0.14470804387912464,31,45da2c717754b429bcf125bd6a2668f34b3d619d2e0615f09e2e29e9a3198e13
officehome_convnext_frozen__split04__seed0,officehome,frozen,H,0.2,0.05,0.05,4,12,1,certified,1,1,1,1,1,1,12,12,11,12,11,1,4,energy,energy,0.3,27,521,22,0,0,0.06741573033707865,holm_adjusted_pvalue,0.029014219670751087,0.05,0.002417851639229257,1,0.015978847341746212,,02af458795f7b5250c20c4cacb55b7f20c98eb7921dbb46cc2e6bcc8b6136466
officehome_convnext_frozen__split04__seed0,officehome,frozen,S,0.2,0.05,0.05,4,12,1,certified,1,1,1,1,1,1,12,12,11,12,11,1,4,energy,energy,0.3,27,521,22,0,0,0.06741573033707865,risk_ucb,0.18371084224141854,0.2,,,0.015978847341746212,25,02af458795f7b5250c20c4cacb55b7f20c98eb7921dbb46cc2e6bcc8b6136466
officehome_convnext_frozen__split04__seed0,officehome,frozen,B,0.2,0.05,0.05,4,12,0,finite-sample-evidence-margin,1,1,1,1,1,0,12,12,11,11,10,0,3,msp,native,1.0,184,1329,250,0,0,0.2,risk_ucb,0.298631589931844,0.2,,,0.17518520798792514,31,02af458795f7b5250c20c4cacb55b7f20c98eb7921dbb46cc2e6bcc8b6136466
officehome_convnext_frozen__split04__seed1,officehome,frozen,H,0.2,0.05,0.05,4,12,1,certified,1,1,1,1,1,1,12,12,11,12,11,8,2,msp,native,0.7,153,1093,142,0,0,0.145679012345679,holm_adjusted_pvalue,0.017384421376056898,0.05,0.00289740356267615,7,0.12939001004056055,,4655c9db2535ae36f23e939b697345aa42d0cd2cbed9bde8e164103a55c0d3a6
officehome_convnext_frozen__split04__seed1,officehome,frozen,S,0.2,0.05,0.05,4,12,1,certified,1,1,1,1,1,1,12,12,11,12,11,7,2,msp,native,0.7,153,1093,142,0,0,0.145679012345679,risk_ucb,0.19751505081823648,0.2,,,0.12939001004056055,25,4655c9db2535ae36f23e939b697345aa42d0cd2cbed9bde8e164103a55c0d3a6
officehome_convnext_frozen__split04__seed1,officehome,frozen,B,0.2,0.05,0.05,4,12,1,certified,1,1,1,1,1,1,12,12,11,12,11,5,1,msp,native,0.5,119,907,78,0,0,0.09365558912386707,risk_ucb,0.18287785826710187,0.2,,,0.09329006529975528,31,4655c9db2535ae36f23e939b697345aa42d0cd2cbed9bde8e164103a55c0d3a6
officehome_convnext_frozen__split04__seed2,officehome,frozen,H,0.2,0.05,0.05,4,12,1,certified,1,1,1,1,1,1,12,12,9,12,9,4,1,msp,native,0.5,126,928,85,0,0,0.10979228486646884,holm_adjusted_pvalue,0.0025572797120980424,0.05,0.00021310664267483687,1,0.1038460361188914,,bad509db6195cffbf648baf4efd9671299f2770d634edb8ec8a5a95d1e429f8b
officehome_convnext_frozen__split04__seed2,officehome,frozen,S,0.2,0.05,0.05,4,12,1,certified,1,1,1,1,1,1,12,12,9,12,9,4,1,msp,native,0.5,126,928,85,0,0,0.10979228486646884,risk_ucb,0.1692872392951874,0.2,,,0.1038460361188914,25,bad509db6195cffbf648baf4efd9671299f2770d634edb8ec8a5a95d1e429f8b
officehome_convnext_frozen__split04__seed2,officehome,frozen,B,0.2,0.05,0.05,4,12,1,certified,1,1,1,1,1,1,12,12,9,12,9,4,1,msp,native,0.5,126,928,85,0,0,0.10979228486646884,risk_ucb,0.1842480814945008,0.2,,,0.09971923762186334,31,bad509db6195cffbf648baf4efd9671299f2770d634edb8ec8a5a95d1e429f8b
officehome_convnext_frozen__split04__seed3,officehome,frozen,H,0.2,0.05,0.05,4,12,1,certified,1,1,1,1,1,1,12,12,7,12,7,3,9,margin,margin,0.5,110,851,78,0,0,0.10543130990415335,holm_adjusted_pvalue,0.015595227573696312,0.05,0.0015595227573696312,3,0.10290767670838195,,9a3782446f3496dac53a8ca883f0cdd83f187a61b6401e0ccf245c6f5257e79c
officehome_convnext_frozen__split04__seed3,officehome,frozen,S,0.2,0.05,0.05,4,12,1,certified,1,1,1,1,1,1,12,12,7,12,7,3,9,margin,margin,0.5,110,851,78,0,0,0.10543130990415335,risk_ucb,0.18707043851654115,0.2,,,0.10290767670838195,25,9a3782446f3496dac53a8ca883f0cdd83f187a61b6401e0ccf245c6f5257e79c
officehome_convnext_frozen__split04__seed3,officehome,frozen,B,0.2,0.05,0.05,4,12,1,certified,1,1,1,1,1,1,12,12,7,11,6,2,0,msp,native,0.3,86,661,37,0,0,0.06130268199233716,risk_ucb,0.17841414412410098,0.2,,,0.06353116660406033,31,9a3782446f3496dac53a8ca883f0cdd83f187a61b6401e0ccf245c6f5257e79c
officehome_convnext_frozen__split04__seed4,officehome,frozen,H,0.2,0.05,0.05,4,12,1,certified,1,1,1,1,1,1,12,12,9,12,9,5,9,margin,margin,0.5,134,924,89,0,0,0.14006514657980457,holm_adjusted_pvalue,0.03655194960728649,0.05,0.0040613277341429435,4,0.11137392380418706,,03dd2a6df26ec30957372a41cd9769868dab48988ae0c9a59e1ce9cea74f225c
officehome_convnext_frozen__split04__seed4,officehome,frozen,S,0.2,0.05,0.05,4,12,1,certified,1,1,1,1,1,1,12,12,9,11,8,4,9,margin,margin,0.5,134,924,89,0,0,0.14006514657980457,risk_ucb,0.19979396037136513,0.2,,,0.11137392380418706,25,03dd2a6df26ec30957372a41cd9769868dab48988ae0c9a59e1ce9cea74f225c
officehome_convnext_frozen__split04__seed4,officehome,frozen,B,0.2,0.05,0.05,4,12,1,certified,1,1,1,1,1,1,12,12,9,11,8,2,0,msp,native,0.3,79,628,31,0,0,0.08333333333333333,risk_ucb,0.1836618969694621,0.2,,,0.0573618414087576,31,03dd2a6df26ec30957372a41cd9769868dab48988ae0c9a59e1ce9cea74f225c
officehome_convnext_frozen__split05__seed0,officehome,frozen,H,0.2,0.05,0.05,4,12,1,certified,1,1,1,1,1,1,12,12,7,12,7,2,0,msp,native,0.3,112,858,70,0,0,0.09821428571428571,holm_adjusted_pvalue,0.03237631179800963,0.05,0.00294330107254633,2,0.10914256697982908,,2e6c5034b3acae55d836684365d6556f2c6eedb8309cf4c35ab755963cfb2c98
officehome_convnext_frozen__split05__seed0,officehome,frozen,S,0.2,0.05,0.05,4,12,1,certified,1,1,1,1,1,1,12,12,7,12,7,2,0,msp,native,0.3,112,858,70,0,0,0.09821428571428571,risk_ucb,0.19531677902251904,0.2,,,0.10914256697982908,25,2e6c5034b3acae55d836684365d6556f2c6eedb8309cf4c35ab755963cfb2c98
officehome_convnext_frozen__split05__seed0,officehome,frozen,B,0.2,0.05,0.05,4,12,0,finite-sample-evidence-margin,1,1,1,1,1,0,12,12,7,12,7,0,2,msp,native,0.7,170,1196,184,0,0,0.19411764705882353,risk_ucb,0.30154366005652905,0.2,,,0.20258167763956023,31,2e6c5034b3acae55d836684365d6556f2c6eedb8309cf4c35ab755963cfb2c98
officehome_convnext_frozen__split05__seed1,officehome,frozen,H,0.2,0.05,0.05,4,12,1,certified,1,1,1,1,1,1,12,12,8,12,8,1,8,margin,margin,0.3,123,862,54,0,0,0.0975609756097561,holm_adjusted_pvalue,0.020769169880094487,0.05,0.0017307641566745406,1,0.10071374220167874,,a887c1fe3476fdbb6c409058f4a9046a3a6678f96c05d6f21b5be96bc5afc814
officehome_convnext_frozen__split05__seed1,officehome,frozen,S,0.2,0.05,0.05,4,12,1,certified,1,1,1,1,1,1,12,12,8,12,8,1,8,margin,margin,0.3,123,862,54,0,0,0.0975609756097561,risk_ucb,0.1890567771707678,0.2,,,0.10071374220167874,25,a887c1fe3476fdbb6c409058f4a9046a3a6678f96c05d6f21b5be96bc5afc814
officehome_convnext_frozen__split05__seed1,officehome,frozen,B,0.2,0.05,0.05,4,12,0,finite-sample-evidence-margin,1,1,1,1,1,0,12,12,8,12,8,0,2,msp,native,0.7,175,1169,153,0,0,0.17714285714285713,risk_ucb,0.28042814836431496,0.2,,,0.16315185063177826,31,a887c1fe3476fdbb6c409058f4a9046a3a6678f96c05d6f21b5be96bc5afc814
officehome_convnext_frozen__split05__seed2,officehome,frozen,H,0.2,0.05,0.05,4,12,1,certified,1,1,1,1,1,1,12,12,8,12,8,3,0,msp,native,0.3,128,830,67,0,0,0.09375,holm_adjusted_pvalue,0.010023451840198351,0.05,0.0009112228945634864,2,0.11196247385927684,,e14693a4dd6ac78172a1bb3071a63bd5fc90d99db104894e746bc768d2a9299c
officehome_convnext_frozen__split05__seed2,officehome,frozen,S,0.2,0.05,0.05,4,12,1,certified,1,1,1,1,1,1,12,12,8,12,8,3,0,msp,native,0.3,128,830,67,0,0,0.09375,risk_ucb,0.18204346392636664,0.2,,,0.11196247385927684,25,e14693a4dd6ac78172a1bb3071a63bd5fc90d99db104894e746bc768d2a9299c
officehome_convnext_frozen__split05__seed2,officehome,frozen,B,0.2,0.05,0.05,4,12,1,certified,1,1,1,1,1,1,12,12,8,12,8,2,0,msp,native,0.3,128,830,67,0,0,0.09375,risk_ucb,0.19848546494117106,0.2,,,0.10769281719700521,31,e14693a4dd6ac78172a1bb3071a63bd5fc90d99db104894e746bc768d2a9299c
officehome_convnext_frozen__split05__seed3,officehome,frozen,H,0.2,0.05,0.05,4,12,1,certified,1,1,1,1,1,1,12,12,8,12,8,3,0,msp,native,0.3,136,914,88,0,0,0.11029411764705882,holm_adjusted_pvalue,0.03966438098311818,0.05,0.003966438098311818,3,0.11667315855446346,,d36f01058b384506ad9bfac440b5661c1e856ca0ac7f59313baf88b90e95ca96
officehome_convnext_frozen__split05__seed3,officehome,frozen,S,0.2,0.05,0.05,4,12,1,certified,1,1,1,1,1,1,12,12,8,12,8,3,0,msp,native,0.3,136,914,88,0,0,0.11029411764705882,risk_ucb,0.19939203319748228,0.2,,,0.11667315855446346,25,d36f01058b384506ad9bfac440b5661c1e856ca0ac7f59313baf88b90e95ca96
officehome_convnext_frozen__split05__seed3,officehome,frozen,B,0.2,0.05,0.05,4,12,0,finite-sample-evidence-margin,1,1,1,1,1,0,12,12,8,12,8,0,2,msp,native,0.7,172,1169,180,0,0,0.18023255813953487,risk_ucb,0.2849939607659137,0.2,,,0.16601524275330332,31,d36f01058b384506ad9bfac440b5661c1e856ca0ac7f59313baf88b90e95ca96
officehome_convnext_frozen__split05__seed4,officehome,frozen,H,0.2,0.05,0.05,4,12,1,certified,1,1,1,1,1,1,12,12,8,12,8,3,8,margin,margin,0.3,131,858,78,0,0,0.11188811188811189,holm_adjusted_pvalue,0.044851497594760696,0.05,0.0037376247995633913,1,0.10820371272937512,,8afab07069e70ac19fdc35e705cfe0f73688552e62699f60b6897b7061ff892f
officehome_convnext_frozen__split05__seed4,officehome,frozen,S,0.2,0.05,0.05,4,12,1,certified,1,1,1,1,1,1,12,12,8,12,8,2,8,margin,margin,0.3,131,858,78,0,0,0.11188811188811189,risk_ucb,0.19869839169358444,0.2,,,0.10820371272937512,25,8afab07069e70ac19fdc35e705cfe0f73688552e62699f60b6897b7061ff892f
officehome_convnext_frozen__split05__seed4,officehome,frozen,B,0.2,0.05,0.05,4,12,0,finite-sample-evidence-margin,1,1,1,1,1,0,12,12,8,12,8,0,2,msp,native,0.7,178,1132,171,0,0,0.18333333333333332,risk_ucb,0.2858918426669531,0.2,,,0.14794467443446016,31,8afab07069e70ac19fdc35e705cfe0f73688552e62699f60b6897b7061ff892f
officehome_convnext_frozen__split06__seed0,officehome,frozen,H,0.2,0.05,0.05,4,12,0,finite-sample-evidence-margin,1,1,1,1,1,0,12,12,7,12,7,0,9,margin,margin,0.5,130,1149,166,0,0,0.17613636363636365,holm_adjusted_pvalue,1.0,0.05,0.24592799851847236,5,0.14082714221471396,,2ba8ad42cf9afbe8a49536386a9171b97950fe88f22d1be593602b116d4fd08e
officehome_convnext_frozen__split06__seed0,officehome,frozen,S,0.2,0.05,0.05,4,12,0,finite-sample-evidence-margin,1,1,1,1,1,0,12,12,7,12,7,0,9,margin,margin,0.5,130,1149,166,0,0,0.17613636363636365,risk_ucb,0.26358360204871367,0.2,,,0.14082714221471396,25,2ba8ad42cf9afbe8a49536386a9171b97950fe88f22d1be593602b116d4fd08e
officehome_convnext_frozen__split06__seed0,officehome,frozen,B,0.2,0.05,0.05,4,12,0,finite-sample-evidence-margin,1,1,1,1,1,0,12,12,7,12,7,0,9,margin,margin,0.5,130,1149,166,0,0,0.17613636363636365,risk_ucb,0.2789383712793008,0.2,,,0.1362365859032485,31,2ba8ad42cf9afbe8a49536386a9171b97950fe88f22d1be593602b116d4fd08e
officehome_convnext_frozen__split06__seed1,officehome,frozen,H,0.2,0.05,0.05,4,12,1,certified,1,1,1,1,1,1,12,12,9,12,9,1,8,margin,margin,0.3,84,762,60,0,0,0.08490566037735849,holm_adjusted_pvalue,0.01227404476507478,0.05,0.0010228370637562316,1,0.07926654228065015,,bd1b7807357ea7ea469a3a8c8d23794ee0deb6354da71140e5bfbc347fda8048
officehome_convnext_frozen__split06__seed1,officehome,frozen,S,0.2,0.05,0.05,4,12,1,certified,1,1,1,1,1,1,12,12,9,12,9,1,8,margin,margin,0.3,84,762,60,0,0,0.08490566037735849,risk_ucb,0.18153746624513423,0.2,,,0.07926654228065015,25,bd1b7807357ea7ea469a3a8c8d23794ee0deb6354da71140e5bfbc347fda8048
officehome_convnext_frozen__split06__seed1,officehome,frozen,B,0.2,0.05,0.05,4,12,1,certified,1,1,1,1,1,1,12,12,9,12,9,1,8,margin,margin,0.3,84,762,60,0,0,0.08490566037735849,risk_ucb,0.19976984367180964,0.2,,,0.07576559914176952,31,bd1b7807357ea7ea469a3a8c8d23794ee0deb6354da71140e5bfbc347fda8048
officehome_convnext_frozen__split06__seed2,officehome,frozen,H,0.2,0.05,0.05,4,12,1,certified,1,1,1,1,1,1,12,12,7,12,7,2,8,margin,margin,0.3,58,708,52,0,0,0.08737864077669903,holm_adjusted_pvalue,0.018216122050043144,0.05,0.0015504706473112525,2,0.07623761387275071,,7f52d9b1c1d147b2dc271c76daf855c95408dcb8930260aca9cf0b6321e1522d
officehome_convnext_frozen__split06__seed2,officehome,frozen,S,0.2,0.05,0.05,4,12,1,certified,1,1,1,1,1,1,12,12,7,12,7,2,8,margin,margin,0.3,58,708,52,0,0,0.08737864077669903,risk_ucb,0.1865278544857659,0.2,,,0.07623761387275071,25,7f52d9b1c1d147b2dc271c76daf855c95408dcb8930260aca9cf0b6321e1522d
officehome_convnext_frozen__split06__seed2,officehome,frozen,B,0.2,0.05,0.05,4,12,0,finite-sample-evidence-margin,1,1,1,1,1,0,12,12,7,12,7,0,1,msp,native,0.5,128,1126,179,0,0,0.18232044198895028,risk_ucb,0.28441505924016414,0.2,,,0.14065040117987318,31,7f52d9b1c1d147b2dc271c76daf855c95408dcb8930260aca9cf0b6321e1522d
officehome_convnext_frozen__split06__seed3,officehome,frozen,H,0.2,0.05,0.05,4,12,1,certified,1,1,1,1,1,1,12,12,8,12,8,3,8,margin,margin,0.3,84,853,91,0,0,0.13029315960912052,holm_adjusted_pvalue,0.009086236357152071,0.05,0.0009086236357152072,3,0.10272437081401442,,e3cfc727eb9e2929e19736f883b6f5c6a81b48411de2292df5440eabf9c4fbd5
officehome_convnext_frozen__split06__seed3,officehome,frozen,S,0.2,0.05,0.05,4,12,1,certified,1,1,1,1,1,1,12,12,8,12,8,3,8,margin,margin,0.3,84,853,91,0,0,0.13029315960912052,risk_ucb,0.18864818029455224,0.2,,,0.10272437081401442,25,e3cfc727eb9e2929e19736f883b6f5c6a81b48411de2292df5440eabf9c4fbd5
officehome_convnext_frozen__split06__seed3,officehome,frozen,B,0.2,0.05,0.05,4,12,1,certified,1,1,1,1,1,1,12,12,8,12,8,3,8,margin,margin,0.3,84,853,91,0,0,0.13029315960912052,risk_ucb,0.19903079927868844,0.2,,,0.09875608639801647,31,e3cfc727eb9e2929e19736f883b6f5c6a81b48411de2292df5440eabf9c4fbd5
officehome_convnext_frozen__split06__seed4,officehome,frozen,H,0.2,0.05,0.05,4,12,1,certified,1,1,1,1,1,1,12,12,8,12,8,2,5,energy,energy,0.5,62,718,72,0,0,0.12542372881355932,holm_adjusted_pvalue,0.008540291150137453,0.05,0.0007116909291781211,1,0.04223860774650356,,bfffeb7509d898fae7583990c8929be2314e8d999e8274062817a46395865a80
officehome_convnext_frozen__split06__seed4,officehome,frozen,S,0.2,0.05,0.05,4,12,1,certified,1,1,1,1,1,1,12,12,8,12,8,2,5,energy,energy,0.5,62,718,72,0,0,0.12542372881355932,risk_ucb,0.18438044200016374,0.2,,,0.04223860774650356,25,bfffeb7509d898fae7583990c8929be2314e8d999e8274062817a46395865a80
officehome_convnext_frozen__split06__seed4,officehome,frozen,B,0.2,0.05,0.05,4,12,1,certified,1,1,1,1,1,1,12,12,8,12,8,1,5,energy,energy,0.5,62,718,72,0,0,0.12542372881355932,risk_ucb,0.1949053158880613,0.2,,,0.0396948333839116,31,bfffeb7509d898fae7583990c8929be2314e8d999e8274062817a46395865a80
officehome_convnext_frozen__split07__seed0,officehome,frozen,H,0.2,0.05,0.05,4,12,1,certified,1,1,1,1,1,1,12,12,7,12,7,2,0,msp,native,0.3,99,776,57,0,0,0.09701492537313433,holm_adjusted_pvalue,0.0038791178109740553,0.05,0.0003232598175811713,1,0.09894006931643638,,a050d275623047b702c7c6e7f5cf1dcc192b2d1dce78fdecb2755222a3647d73
officehome_convnext_frozen__split07__seed0,officehome,frozen,S,0.2,0.05,0.05,4,12,1,certified,1,1,1,1,1,1,12,12,7,12,7,2,0,msp,native,0.3,99,776,57,0,0,0.09701492537313433,risk_ucb,0.16691039171582855,0.2,,,0.09894006931643638,25,a050d275623047b702c7c6e7f5cf1dcc192b2d1dce78fdecb2755222a3647d73
officehome_convnext_frozen__split07__seed0,officehome,frozen,B,0.2,0.05,0.05,4,12,1,certified,1,1,1,1,1,1,12,12,7,12,7,2,0,msp,native,0.3,99,776,57,0,0,0.09701492537313433,risk_ucb,0.18539783276346863,0.2,,,0.09496407598213562,31,a050d275623047b702c7c6e7f5cf1dcc192b2d1dce78fdecb2755222a3647d73
officehome_convnext_frozen__split07__seed1,officehome,frozen,H,0.2,0.05,0.05,4,12,1,certified,1,1,1,1,1,1,12,12,6,12,6,2,0,msp,native,0.3,86,677,41,0,0,0.1037344398340249,holm_adjusted_pvalue,0.02480649302553532,0.05,0.00225513572959412,2,0.06752490112655932,,a3b655f7f6a7d5ab62e67b21dc8718c070c23a5af020f3aa446f52985dc2d822
officehome_convnext_frozen__split07__seed1,officehome,frozen,S,0.2,0.05,0.05,4,12,1,certified,1,1,1,1,1,1,12,12,6,12,6,2,0,msp,native,0.3,86,677,41,0,0,0.1037344398340249,risk_ucb,0.19059064167231585,0.2,,,0.06752490112655932,25,a3b655f7f6a7d5ab62e67b21dc8718c070c23a5af020f3aa446f52985dc2d822
officehome_convnext_frozen__split07__seed1,officehome,frozen,B,0.2,0.05,0.05,4,12,1,certified,1,1,1,1,1,1,12,12,6,12,6,1,8,margin,margin,0.3,78,643,35,0,0,0.1016949152542373,risk_ucb,0.17639114387794333,0.2,,,0.05736469617641893,31,a3b655f7f6a7d5ab62e67b21dc8718c070c23a5af020f3aa446f52985dc2d822
officehome_convnext_frozen__split07__seed2,officehome,frozen,H,0.2,0.05,0.05,4,12,1,certified,1,1,1,1,1,1,12,12,8,12,8,3,8,margin,margin,0.3,75,675,37,0,0,0.09961685823754789,holm_adjusted_pvalue,0.00031750541735442976,0.05,2.6458784779535813e-05,1,0.07551547916445954,,736e4bc7d1c9a59188d0a8c6ed6d26d8110e3784d92728dbc113efdab0504770
officehome_convnext_frozen__split07__seed2,officehome,frozen,S,0.2,0.05,0.05,4,12,1,certified,1,1,1,1,1,1,12,12,8,12,8,3,8,margin,margin,0.3,75,675,37,0,0,0.09961685823754789,risk_ucb,0.15830912462331329,0.2,,,0.07551547916445954,25,736e4bc7d1c9a59188d0a8c6ed6d26d8110e3784d92728dbc113efdab0504770
officehome_convnext_frozen__split07__seed2,officehome,frozen,B,0.2,0.05,0.05,4,12,1,certified,1,1,1,1,1,1,12,12,8,11,7,2,8,margin,margin,0.3,75,675,37,0,0,0.09961685823754789,risk_ucb,0.16898422258544912,0.2,,,0.07202944793760203,31,736e4bc7d1c9a59188d0a8c6ed6d26d8110e3784d92728dbc113efdab0504770
officehome_convnext_frozen__split07__seed3,officehome,frozen,H,0.2,0.05,0.05,4,12,1,certified,1,1,1,1,1,1,12,12,6,12,6,2,8,margin,margin,0.3,77,704,46,0,0,0.09022556390977443,holm_adjusted_pvalue,0.002926616768312111,0.05,0.00024388473069267592,1,0.0916843913130165,,2404e720c7a7b29532e8ba0d253878d3186c28090d11f85acce609453094526a
officehome_convnext_frozen__split07__seed3,officehome,frozen,S,0.2,0.05,0.05,4,12,1,certified,1,1,1,1,1,1,12,12,6,12,6,2,8,margin,margin,0.3,77,704,46,0,0,0.09022556390977443,risk_ucb,0.16666984307010801,0.2,,,0.0916843913130165,25,2404e720c7a7b29532e8ba0d253878d3186c28090d11f85acce609453094526a
officehome_convnext_frozen__split07__seed3,officehome,frozen,B,0.2,0.05,0.05,4,12,1,certified,1,1,1,1,1,1,12,12,6,12,6,2,8,margin,margin,0.3,77,704,46,0,0,0.09022556390977443,risk_ucb,0.18357990154636683,0.2,,,0.08785128873274375,31,2404e720c7a7b29532e8ba0d253878d3186c28090d11f85acce609453094526a
officehome_convnext_frozen__split07__seed4,officehome,frozen,H,0.2,0.05,0.05,4,12,1,certified,1,1,1,1,1,1,12,12,9,12,9,5,1,msp,native,0.5,126,1021,100,0,0,0.12566844919786097,holm_adjusted_pvalue,0.012956979667943463,0.05,0.0014396644075492736,4,0.14224446625096115,,e7b158395cf9a2f94837e65df3f71d7df07a95a0efa57ac280478db55aaa9c4c
officehome_convnext_frozen__split07__seed4,officehome,frozen,S,0.2,0.05,0.05,4,12,1,certified,1,1,1,1,1,1,12,12,9,11,8,4,1,msp,native,0.5,126,1021,100,0,0,0.12566844919786097,risk_ucb,0.18899565572337682,0.2,,,0.14224446625096115,25,e7b158395cf9a2f94837e65df3f71d7df07a95a0efa57ac280478db55aaa9c4c
officehome_convnext_frozen__split07__seed4,officehome,frozen,B,0.2,0.05,0.05,4,12,1,certified,1,1,1,1,1,1,12,12,9,11,8,3,9,margin,margin,0.5,119,983,90,0,0,0.12602739726027398,risk_ucb,0.19074875241400482,0.2,,,0.12929618918726657,31,e7b158395cf9a2f94837e65df3f71d7df07a95a0efa57ac280478db55aaa9c4c
officehome_convnext_frozen__split08__seed0,officehome,frozen,H,0.2,0.05,0.05,4,12,0,finite-sample-evidence-margin,1,1,1,1,1,0,12,12,9,12,9,0,10,margin,margin,0.7,153,1053,171,0,0,0.19197707736389685,holm_adjusted_pvalue,1.0,0.05,0.38379170096358384,9,0.1536904098155946,,0d3e88071de369ba483b689b281344c8c0e5a692f766bc4a67db26e5d0c545a5
officehome_convnext_frozen__split08__seed0,officehome,frozen,S,0.2,0.05,0.05,4,12,0,finite-sample-evidence-margin,1,1,1,1,1,0,12,12,9,12,9,0,10,margin,margin,0.7,153,1053,171,0,0,0.19197707736389685,risk_ucb,0.253302121788489,0.2,,,0.1536904098155946,25,0d3e88071de369ba483b689b281344c8c0e5a692f766bc4a67db26e5d0c545a5
officehome_convnext_frozen__split08__seed0,officehome,frozen,B,0.2,0.05,0.05,4,12,0,finite-sample-evidence-margin,1,1,1,1,1,0,12,12,9,12,9,0,10,margin,margin,0.7,153,1053,171,0,0,0.19197707736389685,risk_ucb,0.2639264306850917,0.2,,,0.14873160650121192,31,0d3e88071de369ba483b689b281344c8c0e5a692f766bc4a67db26e5d0c545a5
officehome_convnext_frozen__split08__seed1,officehome,frozen,H,0.2,0.05,0.05,4,12,0,finite-sample-evidence-margin,1,1,1,1,1,0,12,12,6,12,6,0,1,msp,native,0.5,117,854,142,0,0,0.18214285714285713,holm_adjusted_pvalue,1.0,0.05,0.25334622798196804,3,0.12090781246954865,,a296a2ff56789b7fd132affdacc2ab96e213ed16170f8037b9d0f8affd767882
officehome_convnext_frozen__split08__seed1,officehome,frozen,S,0.2,0.05,0.05,4,12,0,finite-sample-evidence-margin,1,1,1,1,1,0,12,12,6,12,6,0,1,msp,native,0.5,117,854,142,0,0,0.18214285714285713,risk_ucb,0.270482901341935,0.2,,,0.12090781246954865,25,a296a2ff56789b7fd132affdacc2ab96e213ed16170f8037b9d0f8affd767882
officehome_convnext_frozen__split08__seed1,officehome,frozen,B,0.2,0.05,0.05,4,12,0,finite-sample-evidence-margin,1,1,1,1,1,0,12,12,6,12,6,0,1,msp,native,0.5,117,854,142,0,0,0.18214285714285713,risk_ucb,0.2896572033659951,0.2,,,0.11645808377524812,31,a296a2ff56789b7fd132affdacc2ab96e213ed16170f8037b9d0f8affd767882
officehome_convnext_frozen__split08__seed2,officehome,frozen,H,0.2,0.05,0.05,4,12,0,finite-sample-evidence-margin,1,1,1,1,1,0,12,12,8,12,8,0,2,msp,native,0.7,134,1000,153,0,0,0.1838006230529595,holm_adjusted_pvalue,1.0,0.05,0.2585742885309764,7,0.14980744774962934,,8e35ee758c2231582e09609a4224780888de0c2311b6e41fd3b1cbcc3a7c8895
officehome_convnext_frozen__split08__seed2,officehome,frozen,S,0.2,0.05,0.05,4,12,0,finite-sample-evidence-margin,1,1,1,1,1,0,12,12,8,12,8,0,2,msp,native,0.7,134,1000,153,0,0,0.1838006230529595,risk_ucb,0.2730359959573652,0.2,,,0.14980744774962934,25,8e35ee758c2231582e09609a4224780888de0c2311b6e41fd3b1cbcc3a7c8895
officehome_convnext_frozen__split08__seed2,officehome,frozen,B,0.2,0.05,0.05,4,12,0,finite-sample-evidence-margin,1,1,1,1,1,0,12,12,8,12,8,0,2,msp,native,0.7,134,1000,153,0,0,0.1838006230529595,risk_ucb,0.2909168158390868,0.2,,,0.14490423280749332,31,8e35ee758c2231582e09609a4224780888de0c2311b6e41fd3b1cbcc3a7c8895
officehome_convnext_frozen__split08__seed3,officehome,frozen,H,0.2,0.05,0.05,4,12,0,finite-sample-evidence-margin,1,1,1,1,1,0,12,12,9,12,9,0,10,margin,margin,0.7,166,1023,171,0,0,0.18354430379746836,holm_adjusted_pvalue,1.0,0.05,0.25689465425462416,9,0.16537693751966243,,2dc05860a8227f30c52df1da0ee0fef15efd92a06b6e5c88b903b76c96705128
officehome_convnext_frozen__split08__seed3,officehome,frozen,S,0.2,0.05,0.05,4,12,0,finite-sample-evidence-margin,1,1,1,1,1,0,12,12,9,12,9,0,10,margin,margin,0.7,166,1023,171,0,0,0.18354430379746836,risk_ucb,0.2524064200258129,0.2,,,0.16537693751966243,25,2dc05860a8227f30c52df1da0ee0fef15efd92a06b6e5c88b903b76c96705128
officehome_convnext_frozen__split08__seed3,officehome,frozen,B,0.2,0.05,0.05,4,12,0,finite-sample-evidence-margin,1,1,1,1,1,0,12,12,9,12,9,0,10,margin,margin,0.7,166,1023,171,0,0,0.18354430379746836,risk_ucb,0.26703293565483566,0.2,,,0.16025755998180824,31,2dc05860a8227f30c52df1da0ee0fef15efd92a06b6e5c88b903b76c96705128
officehome_convnext_frozen__split08__seed4,officehome,frozen,H,0.2,0.05,0.05,4,12,1,certified,1,1,1,1,1,1,12,12,9,12,9,1,4,energy,energy,0.3,39,495,26,0,0,0.08450704225352113,holm_adjusted_pvalue,0.021433801432031815,0.05,0.0017861501193359847,1,0.025898605330860705,,eca1dccd07c5e732353e942e390e84334589ff63b16ebd2625425fd4841e06a9
officehome_convnext_frozen__split08__seed4,officehome,frozen,S,0.2,0.05,0.05,4,12,1,certified,1,1,1,1,1,1,12,12,9,12,9,1,4,energy,energy,0.3,39,495,26,0,0,0.08450704225352113,risk_ucb,0.17996968393833715,0.2,,,0.025898605330860705,25,eca1dccd07c5e732353e942e390e84334589ff63b16ebd2625425fd4841e06a9
officehome_convnext_frozen__split08__seed4,officehome,frozen,B,0.2,0.05,0.05,4,12,0,finite-sample-evidence-margin,1,1,1,1,1,0,12,12,9,12,9,0,2,msp,native,0.7,140,1039,147,0,0,0.18181818181818182,risk_ucb,0.2854619111896309,0.2,,,0.14777405894103057,31,eca1dccd07c5e732353e942e390e84334589ff63b16ebd2625425fd4841e06a9
officehome_convnext_frozen__split09__seed0,officehome,frozen,H,0.2,0.05,0.05,4,12,1,certified,1,1,1,1,1,1,12,12,9,12,9,3,0,msp,native,0.3,105,843,57,0,0,0.10606060606060606,holm_adjusted_pvalue,0.032554959592404904,0.05,0.0029595417811277185,2,0.10462456687332722,,77d32edad153ccbadc5939606289fa2bde8d7785dbf78398d27ee57b8ecde735
officehome_convnext_frozen__split09__seed0,officehome,frozen,S,0.2,0.05,0.05,4,12,1,certified,1,1,1,1,1,1,12,12,9,12,9,3,0,msp,native,0.3,105,843,57,0,0,0.10606060606060606,risk_ucb,0.19577877390945944,0.2,,,0.10462456687332722,25,77d32edad153ccbadc5939606289fa2bde8d7785dbf78398d27ee57b8ecde735
officehome_convnext_frozen__split09__seed0,officehome,frozen,B,0.2,0.05,0.05,4,12,1,certified,1,1,1,1,1,1,12,12,9,12,9,1,4,energy,energy,0.3,65,731,45,0,0,0.07420494699646643,risk_ucb,0.18535578200818892,0.2,,,0.04322008415830328,31,77d32edad153ccbadc5939606289fa2bde8d7785dbf78398d27ee57b8ecde735
officehome_convnext_frozen__split09__seed1,officehome,frozen,H,0.2,0.05,0.05,4,12,1,certified,1,1,1,1,1,1,12,12,9,12,9,1,1,msp,native,0.5,154,1013,105,0,0,0.12912087912087913,holm_adjusted_pvalue,0.04863419008688428,0.05,0.004052849173907023,1,0.14283907013537375,,cfc1b21ac1272f04d73da978e52558b66b30d58a7ec6ab7abe8da5f70cded84a
officehome_convnext_frozen__split09__seed1,officehome,frozen,S,0.2,0.05,0.05,4,12,1,certified,1,1,1,1,1,1,12,12,9,12,9,1,1,msp,native,0.5,154,1013,105,0,0,0.12912087912087913,risk_ucb,0.199699732677872,0.2,,,0.14283907013537375,25,cfc1b21ac1272f04d73da978e52558b66b30d58a7ec6ab7abe8da5f70cded84a
officehome_convnext_frozen__split09__seed1,officehome,frozen,B,0.2,0.05,0.05,4,12,0,finite-sample-evidence-margin,1,1,1,1,1,0,12,12,9,12,9,0,10,margin,margin,0.7,178,1154,186,0,0,0.18840579710144928,risk_ucb,0.2839150219558324,0.2,,,0.16825902047549843,31,cfc1b21ac1272f04d73da978e52558b66b30d58a7ec6ab7abe8da5f70cded84a
officehome_convnext_frozen__split09__seed2,officehome,frozen,H,0.2,0.05,0.05,4,12,1,certified,1,1,1,1,1,1,12,12,9,12,9,4,1,msp,native,0.5,123,1074,124,0,0,0.12634408602150538,holm_adjusted_pvalue,0.022610605380739352,0.05,0.0022610605380739353,3,0.15389040374827606,,cfb3b3186ec86e02b811d0aedef96c2afb54184725ac614859b090fe7e6210b5
officehome_convnext_frozen__split09__seed2,officehome,frozen,S,0.2,0.05,0.05,4,12,1,certified,1,1,1,1,1,1,12,12,9,12,9,4,1,msp,native,0.5,123,1074,124,0,0,0.12634408602150538,risk_ucb,0.1938036537530694,0.2,,,0.15389040374827606,25,cfb3b3186ec86e02b811d0aedef96c2afb54184725ac614859b090fe7e6210b5
officehome_convnext_frozen__split09__seed2,officehome,frozen,B,0.2,0.05,0.05,4,12,1,certified,1,1,1,1,1,1,12,12,9,12,9,2,0,msp,native,0.3,104,813,50,0,0,0.0847457627118644,risk_ucb,0.1920323807376031,0.2,,,0.08826635632670841,31,cfb3b3186ec86e02b811d0aedef96c2afb54184725ac614859b090fe7e6210b5
officehome_convnext_frozen__split09__seed3,officehome,frozen,H,0.2,0.05,0.05,4,12,0,finite-sample-evidence-margin,1,1,1,1,1,0,12,12,5,12,5,0,1,msp,native,0.5,124,1077,116,0,0,0.1864406779661017,holm_adjusted_pvalue,1.0,0.05,0.36680882507814,4,0.14559695191721858,,854cb9a6119503e83b2f0aaa206713a21bcd65ee41fe504a1450fa47530d3ca3
officehome_convnext_frozen__split09__seed3,officehome,frozen,S,0.2,0.05,0.05,4,12,0,finite-sample-evidence-margin,1,1,1,1,1,0,12,12,5,12,5,0,1,msp,native,0.5,124,1077,116,0,0,0.1864406779661017,risk_ucb,0.2749476776857664,0.2,,,0.14559695191721858,25,854cb9a6119503e83b2f0aaa206713a21bcd65ee41fe504a1450fa47530d3ca3
officehome_convnext_frozen__split09__seed3,officehome,frozen,B,0.2,0.05,0.05,4,12,0,finite-sample-evidence-margin,1,1,1,1,1,0,12,12,5,12,5,0,1,msp,native,0.5,124,1077,116,0,0,0.1864406779661017,risk_ucb,0.29041511437631345,0.2,,,0.14087777278981328,31,854cb9a6119503e83b2f0aaa206713a21bcd65ee41fe504a1450fa47530d3ca3
officehome_convnext_frozen__split09__seed4,officehome,frozen,H,0.2,0.05,0.05,4,12,0,finite-sample-evidence-margin,1,1,1,1,1,0,12,12,7,12,7,0,9,margin,margin,0.5,136,1058,132,0,0,0.19101123595505617,holm_adjusted_pvalue,1.0,0.05,0.4254612238474689,5,0.14651699230623427,,f03630d0e41aa6d1c679eca709996e2ca5294455459e31a8d73220ea812c8635
officehome_convnext_frozen__split09__seed4,officehome,frozen,S,0.2,0.05,0.05,4,12,0,finite-sample-evidence-margin,1,1,1,1,1,0,12,12,7,12,7,0,9,margin,margin,0.5,136,1058,132,0,0,0.19101123595505617,risk_ucb,0.2798044280328977,0.2,,,0.14651699230623427,25,f03630d0e41aa6d1c679eca709996e2ca5294455459e31a8d73220ea812c8635
officehome_convnext_frozen__split09__seed4,officehome,frozen,B,0.2,0.05,0.05,4,12,0,finite-sample-evidence-margin,1,1,1,1,1,0,12,12,7,12,7,0,9,margin,margin,0.5,136,1058,132,0,0,0.19101123595505617,risk_ucb,0.2952901866870281,0.2,,,0.14178459755808653,31,f03630d0e41aa6d1c679eca709996e2ca5294455459e31a8d73220ea812c8635
officehome_convnext_full__split00__seed0,officehome,full,H,0.2,0.05,0.05,4,12,1,certified,1,1,1,1,1,1,12,12,8,12,8,2,5,energy,energy,0.5,95,1012,109,0,0,0.12051282051282051,holm_adjusted_pvalue,0.011281077401183164,0.05,0.0010255524910166513,2,0.1430744369425821,,f4dcabbaa6d9a4cb49e3812315d5191a73e8ac2d61fa652453dec0d6e1debc29
officehome_convnext_full__split00__seed0,officehome,full,S,0.2,0.05,0.05,4,12,1,certified,1,1,1,1,1,1,12,12,8,12,8,2,5,energy,energy,0.5,95,1012,109,0,0,0.12051282051282051,risk_ucb,0.1874653953397383,0.2,,,0.1430744369425821,25,f4dcabbaa6d9a4cb49e3812315d5191a73e8ac2d61fa652453dec0d6e1debc29
officehome_convnext_full__split00__seed0,officehome,full,B,0.2,0.05,0.05,4,12,1,certified,1,1,1,1,1,1,12,12,8,12,8,2,5,energy,energy,0.5,95,1012,109,0,0,0.12051282051282051,risk_ucb,0.19986708626971672,0.2,,,0.13659472577441825,31,f4dcabbaa6d9a4cb49e3812315d5191a73e8ac2d61fa652453dec0d6e1debc29
officehome_convnext_full__split00__seed1,officehome,full,H,0.2,0.05,0.05,4,12,1,certified,1,1,1,1,1,1,12,12,9,12,9,5,1,msp,native,0.5,149,1101,112,0,0,0.13466334164588528,holm_adjusted_pvalue,0.004489567602041515,0.05,0.00040814250927650135,2,0.20417137204846875,,dc73aba70102adf6607033c09d9414bfb897ce1d7e50ef91d17f9d5f94514a8a
officehome_convnext_full__split00__seed1,officehome,full,S,0.2,0.05,0.05,4,12,1,certified,1,1,1,1,1,1,12,12,9,12,9,5,1,msp,native,0.5,149,1101,112,0,0,0.13466334164588528,risk_ucb,0.18544490422165283,0.2,,,0.20417137204846875,25,dc73aba70102adf6607033c09d9414bfb897ce1d7e50ef91d17f9d5f94514a8a
officehome_convnext_full__split00__seed1,officehome,full,B,0.2,0.05,0.05,4,12,1,certified,1,1,1,1,1,1,12,12,9,12,9,4,1,msp,native,0.5,149,1101,112,0,0,0.13466334164588528,risk_ucb,0.19441222775916597,0.2,,,0.19865277408716847,31,dc73aba70102adf6607033c09d9414bfb897ce1d7e50ef91d17f9d5f94514a8a
officehome_convnext_full__split00__seed2,officehome,full,H,0.2,0.05,0.05,4,12,1,certified,1,1,1,1,1,1,12,12,9,12,9,6,1,msp,native,0.5,139,1108,110,0,0,0.11384615384615385,holm_adjusted_pvalue,0.0006731123118927417,0.05,7.47902568769713e-05,4,0.2186728464758448,,f24c24e921d4a1b0780f18159a87c45cb7b2a9a9051dc5e23118c57b18f624ea
officehome_convnext_full__split00__seed2,officehome,full,S,0.2,0.05,0.05,4,12,1,certified,1,1,1,1,1,1,12,12,9,12,9,6,1,msp,native,0.5,139,1108,110,0,0,0.11384615384615385,risk_ucb,0.1678917557402427,0.2,,,0.2186728464758448,25,f24c24e921d4a1b0780f18159a87c45cb7b2a9a9051dc5e23118c57b18f624ea
officehome_convnext_full__split00__seed2,officehome,full,B,0.2,0.05,0.05,4,12,1,certified,1,1,1,1,1,1,12,12,9,12,9,6,1,msp,native,0.5,139,1108,110,0,0,0.11384615384615385,risk_ucb,0.17757892031616485,0.2,,,0.21300290408381384,31,f24c24e921d4a1b0780f18159a87c45cb7b2a9a9051dc5e23118c57b18f624ea
officehome_convnext_full__split00__seed3,officehome,full,H,0.2,0.05,0.05,4,12,1,certified,1,1,1,1,1,1,12,12,9,12,9,2,8,margin,margin,0.3,95,834,52,0,0,0.08759124087591241,holm_adjusted_pvalue,0.020983308148415782,0.05,0.0017486090123679818,2,0.1430744369425821,,287ddbd66cf573a8233e9f987dc011156e561bf576b37b2185706659e8367893
officehome_convnext_full__split00__seed3,officehome,full,S,0.2,0.05,0.05,4,12,1,certified,1,1,1,1,1,1,12,12,9,12,9,2,8,margin,margin,0.3,95,834,52,0,0,0.08759124087591241,risk_ucb,0.18756053203950726,0.2,,,0.1430744369425821,25,287ddbd66cf573a8233e9f987dc011156e561bf576b37b2185706659e8367893
officehome_convnext_full__split00__seed3,officehome,full,B,0.2,0.05,0.05,4,12,0,finite-sample-evidence-margin,1,1,1,1,1,0,12,12,9,12,9,0,10,margin,margin,0.7,155,1319,193,0,0,0.15920398009950248,risk_ucb,0.23862286657527332,0.2,,,0.24315075389737772,31,287ddbd66cf573a8233e9f987dc011156e561bf576b37b2185706659e8367893
officehome_convnext_full__split00__seed4,officehome,full,H,0.2,0.05,0.05,4,12,1,certified,1,1,1,1,1,1,12,12,9,12,9,5,9,margin,margin,0.5,129,1140,133,0,0,0.14392059553349876,holm_adjusted_pvalue,0.017622640716956427,0.05,0.0022028300896195533,5,0.20381404435430084,,e8b8b09f2f23a028d8e134790f201a37761ea206464ee6f28cc6e4bb9a2da965
officehome_convnext_full__split00__seed4,officehome,full,S,0.2,0.05,0.05,4,12,1,certified,1,1,1,1,1,1,12,12,9,12,9,5,9,margin,margin,0.5,129,1140,133,0,0,0.14392059553349876,risk_ucb,0.19569155776388086,0.2,,,0.20381404435430084,25,e8b8b09f2f23a028d8e134790f201a37761ea206464ee6f28cc6e4bb9a2da965
officehome_convnext_full__split00__seed4,officehome,full,B,0.2,0.05,0.05,4,12,1,certified,1,1,1,1,1,1,12,12,9,12,9,3,8,margin,margin,0.3,91,855,58,0,0,0.0946372239747634,risk_ucb,0.15551769470822296,0.2,,,0.12972652047724584,31,e8b8b09f2f23a028d8e134790f201a37761ea206464ee6f28cc6e4bb9a2da965
officehome_convnext_full__split01__seed0,officehome,full,H,0.2,0.05,0.05,4,12,1,certified,1,1,1,1,1,1,12,12,8,12,8,1,4,energy,energy,0.3,66,853,83,0,0,0.13544668587896252,holm_adjusted_pvalue,0.013214371344029774,0.05,0.0011011976120024812,1,0.08424854590934602,,633c4c2e6ad01cf124a5cfa3b92a718842c9560c88112672fff6599ea5f179df
officehome_convnext_full__split01__seed0,officehome,full,S,0.2,0.05,0.05,4,12,1,certified,1,1,1,1,1,1,12,12,8,12,8,1,4,energy,energy,0.3,66,853,83,0,0,0.13544668587896252,risk_ucb,0.19060724805265328,0.2,,,0.08424854590934602,25,633c4c2e6ad01cf124a5cfa3b92a718842c9560c88112672fff6599ea5f179df
officehome_convnext_full__split01__seed0,officehome,full,B,0.2,0.05,0.05,4,12,0,finite-sample-evidence-margin,1,1,1,1,1,0,12,12,8,12,8,0,2,msp,native,0.7,119,1190,184,0,0,0.18518518518518517,risk_ucb,0.24855785231130073,0.2,,,0.16147490107463303,31,633c4c2e6ad01cf124a5cfa3b92a718842c9560c88112672fff6599ea5f179df
officehome_convnext_full__split01__seed1,officehome,full,H,0.2,0.05,0.05,4,12,1,certified,1,1,1,1,1,1,12,12,9,12,9,1,8,margin,margin,0.3,68,707,59,0,0,0.12903225806451613,holm_adjusted_pvalue,0.04969955687319138,0.05,0.004141629739432615,1,0.08731253060325739,,0dc8ffec57681a9e0e590bead65f42d860783705a5fd5bede3f57ba6fce0dc18
officehome_convnext_full__split01__seed1,officehome,full,S,0.2,0.05,0.05,4,12,1,certified,1,1,1,1,1,1,12,12,9,12,9,1,8,margin,margin,0.3,68,707,59,0,0,0.12903225806451613,risk_ucb,0.19994177745159214,0.2,,,0.08731253060325739,25,0dc8ffec57681a9e0e590bead65f42d860783705a5fd5bede3f57ba6fce0dc18
officehome_convnext_full__split01__seed1,officehome,full,B,0.2,0.05,0.05,4,12,0,finite-sample-evidence-margin,1,1,1,1,1,0,12,12,9,12,9,0,2,msp,native,0.7,131,1166,154,0,0,0.16304347826086957,risk_ucb,0.22962441627699762,0.2,,,0.18073541331390205,31,0dc8ffec57681a9e0e590bead65f42d860783705a5fd5bede3f57ba6fce0dc18
officehome_convnext_full__split01__seed2,officehome,full,H,0.2,0.05,0.05,4,12,1,certified,1,1,1,1,1,1,12,12,8,12,8,3,0,msp,native,0.3,80,786,72,0,0,0.11974110032362459,holm_adjusted_pvalue,0.0014380050109088923,0.05,0.00013072772826444476,2,0.10589643735940987,,ddc0f9ee8b2a7031ad597c5e6ae6ce5af64fbb5fd8cb65e7e9e8a3cfb7a56c5d
officehome_convnext_full__split01__seed2,officehome,full,S,0.2,0.05,0.05,4,12,1,certified,1,1,1,1,1,1,12,12,8,12,8,3,0,msp,native,0.3,80,786,72,0,0,0.11974110032362459,risk_ucb,0.1763009347816085,0.2,,,0.10589643735940987,25,ddc0f9ee8b2a7031ad597c5e6ae6ce5af64fbb5fd8cb65e7e9e8a3cfb7a56c5d
officehome_convnext_full__split01__seed2,officehome,full,B,0.2,0.05,0.05,4,12,1,certified,1,1,1,1,1,1,12,12,8,12,8,3,0,msp,native,0.3,80,786,72,0,0,0.11974110032362459,risk_ucb,0.1864180078088168,0.2,,,0.10052506056719586,31,ddc0f9ee8b2a7031ad597c5e6ae6ce5af64fbb5fd8cb65e7e9e8a3cfb7a56c5d
officehome_convnext_full__split01__seed3,officehome,full,H,0.2,0.05,0.05,4,12,1,certified,1,1,1,1,1,1,12,12,8,12,8,3,8,margin,margin,0.3,77,853,75,0,0,0.11834319526627218,holm_adjusted_pvalue,0.00048066384456979885,0.05,4.8066384456979886e-05,3,0.10122033878276185,,4a6bc786b515168ba7f08a7ebf15e6ab818234d2817d9a991e36b069b65355fa
officehome_convnext_full__split01__seed3,officehome,full,S,0.2,0.05,0.05,4,12,1,certified,1,1,1,1,1,1,12,12,8,12,8,3,8,margin,margin,0.3,77,853,75,0,0,0.11834319526627218,risk_ucb,0.17188366703976174,0.2,,,0.10122033878276185,25,4a6bc786b515168ba7f08a7ebf15e6ab818234d2817d9a991e36b069b65355fa
officehome_convnext_full__split01__seed3,officehome,full,B,0.2,0.05,0.05,4,12,1,certified,1,1,1,1,1,1,12,12,8,12,8,3,8,margin,margin,0.3,77,853,75,0,0,0.11834319526627218,risk_ucb,0.18144781898907286,0.2,,,0.09596522775583208,31,4a6bc786b515168ba7f08a7ebf15e6ab818234d2817d9a991e36b069b65355fa
officehome_convnext_full__split01__seed4,officehome,full,H,0.2,0.05,0.05,4,12,1,certified,1,1,1,1,1,1,12,12,9,12,9,6,1,msp,native,0.5,108,903,97,0,0,0.13213213213213212,holm_adjusted_pvalue,0.009437596734256358,0.05,0.0008579633394778508,2,0.15033573793590033,,9b54529eeebfde60f5f5d96e36e777587f6ff92f141d15534fdab9ad466228de
officehome_convnext_full__split01__seed4,officehome,full,S,0.2,0.05,0.05,4,12,1,certified,1,1,1,1,1,1,12,12,9,12,9,6,1,msp,native,0.5,108,903,97,0,0,0.13213213213213212,risk_ucb,0.18812718762046543,0.2,,,0.15033573793590033,25,9b54529eeebfde60f5f5d96e36e777587f6ff92f141d15534fdab9ad466228de
officehome_convnext_full__split01__seed4,officehome,full,B,0.2,0.05,0.05,4,12,1,certified,1,1,1,1,1,1,12,12,9,12,9,2,1,msp,native,0.5,108,903,97,0,0,0.13213213213213212,risk_ucb,0.19855095372729487,0.2,,,0.14400829076755964,31,9b54529eeebfde60f5f5d96e36e777587f6ff92f141d15534fdab9ad466228de
officehome_convnext_full__split02__seed0,officehome,full,H,0.2,0.05,0.05,4,12,1,certified,1,1,1,1,1,1,12,12,10,12,10,4,5,energy,energy,0.5,108,1035,112,0,0,0.1268882175226586,holm_adjusted_pvalue,0.008494101516414972,0.05,0.0007721910469468157,2,0.15781548974938803,,541ea8641705c5786bf13311dd188009e066b1dd928da0fceef98a72a27a158f
officehome_convnext_full__split02__seed0,officehome,full,S,0.2,0.05,0.05,4,12,1,certified,1,1,1,1,1,1,12,12,10,12,10,4,5,energy,energy,0.5,108,1035,112,0,0,0.1268882175226586,risk_ucb,0.18233235934534206,0.2,,,0.15781548974938803,25,541ea8641705c5786bf13311dd188009e066b1dd928da0fceef98a72a27a158f
officehome_convnext_full__split02__seed0,officehome,full,B,0.2,0.05,0.05,4,12,1,certified,1,1,1,1,1,1,12,12,10,12,10,3,5,energy,energy,0.5,108,1035,112,0,0,0.1268882175226586,risk_ucb,0.19630806646921453,0.2,,,0.15120099929529446,31,541ea8641705c5786bf13311dd188009e066b1dd928da0fceef98a72a27a158f
officehome_convnext_full__split02__seed1,officehome,full,H,0.2,0.05,0.05,4,12,1,certified,1,1,1,1,1,1,12,12,9,12,9,5,9,margin,margin,0.5,131,1124,127,0,0,0.12928759894459102,holm_adjusted_pvalue,0.014878703079625267,0.05,0.0014878703079625267,3,0.197080128176376,,e6789adfb434151689c98821de7afb5937424138619269ea7aa089397b0f896c
officehome_convnext_full__split02__seed1,officehome,full,S,0.2,0.05,0.05,4,12,1,certified,1,1,1,1,1,1,12,12,9,12,9,5,9,margin,margin,0.5,131,1124,127,0,0,0.12928759894459102,risk_ucb,0.18769359766969065,0.2,,,0.197080128176376,25,e6789adfb434151689c98821de7afb5937424138619269ea7aa089397b0f896c
officehome_convnext_full__split02__seed1,officehome,full,B,0.2,0.05,0.05,4,12,1,certified,1,1,1,1,1,1,12,12,9,12,9,1,4,energy,energy,0.3,85,945,73,0,0,0.10263929618768329,risk_ucb,0.1803716540142642,0.2,,,0.1135513175368612,31,e6789adfb434151689c98821de7afb5937424138619269ea7aa089397b0f896c
officehome_convnext_full__split02__seed2,officehome,full,H,0.2,0.05,0.05,4,12,1,certified,1,1,1,1,1,1,12,12,9,12,9,6,9,margin,margin,0.5,134,1081,104,0,0,0.11363636363636363,holm_adjusted_pvalue,0.008167505185548232,0.05,0.001020938148193529,5,0.2022528908032444,,7a1f15ec0df3819d22a0d5aee3483b04a3d7aa400fa4a281b70e9f399ca5befb
officehome_convnext_full__split02__seed2,officehome,full,S,0.2,0.05,0.05,4,12,1,certified,1,1,1,1,1,1,12,12,9,12,9,6,9,margin,margin,0.5,134,1081,104,0,0,0.11363636363636363,risk_ucb,0.18369964767059635,0.2,,,0.2022528908032444,25,7a1f15ec0df3819d22a0d5aee3483b04a3d7aa400fa4a281b70e9f399ca5befb
officehome_convnext_full__split02__seed2,officehome,full,B,0.2,0.05,0.05,4,12,1,certified,1,1,1,1,1,1,12,12,9,12,9,5,9,margin,margin,0.5,134,1081,104,0,0,0.11363636363636363,risk_ucb,0.19977693199153634,0.2,,,0.19489511584014932,31,7a1f15ec0df3819d22a0d5aee3483b04a3d7aa400fa4a281b70e9f399ca5befb
officehome_convnext_full__split02__seed3,officehome,full,H,0.2,0.05,0.05,4,12,1,certified,1,1,1,1,1,1,12,12,9,12,9,6,1,msp,native,0.5,161,1203,130,0,0,0.12814070351758794,holm_adjusted_pvalue,0.007066937211192175,0.05,0.0010095624587417393,6,0.2283739701716799,,648971a0e1b8d013686a5e48af11645f5a0f102e73f487c3665c3b95e3f55333
officehome_convnext_full__split02__seed3,officehome,full,S,0.2,0.05,0.05,4,12,1,certified,1,1,1,1,1,1,12,12,9,12,9,6,1,msp,native,0.5,161,1203,130,0,0,0.12814070351758794,risk_ucb,0.18510549637873455,0.2,,,0.2283739701716799,25,648971a0e1b8d013686a5e48af11645f5a0f102e73f487c3665c3b95e3f55333
officehome_convnext_full__split02__seed3,officehome,full,B,0.2,0.05,0.05,4,12,1,certified,1,1,1,1,1,1,12,12,9,12,9,6,1,msp,native,0.5,161,1203,130,0,0,0.12814070351758794,risk_ucb,0.19968557875651305,0.2,,,0.22260865136759572,31,648971a0e1b8d013686a5e48af11645f5a0f102e73f487c3665c3b95e3f55333
officehome_convnext_full__split02__seed4,officehome,full,H,0.2,0.05,0.05,4,12,1,certified,1,1,1,1,1,1,12,12,9,12,9,7,6,energy,energy,0.7,146,1240,164,0,0,0.14285714285714285,holm_adjusted_pvalue,0.03247097298066791,0.05,0.005411828830111319,7,0.2230509236460652,,45f3407b12a91a2720324a469d830c4b3bc3e4dffacca5363f4b79d60f9949b1
officehome_convnext_full__split02__seed4,officehome,full,S,0.2,0.05,0.05,4,12,1,certified,1,1,1,1,1,1,12,12,9,12,9,6,1,msp,native,0.5,140,1107,101,0,0,0.10451977401129943,risk_ucb,0.1761998278228957,0.2,,,0.21263096621315702,25,45f3407b12a91a2720324a469d830c4b3bc3e4dffacca5363f4b79d60f9949b1
officehome_convnext_full__split02__seed4,officehome,full,B,0.2,0.05,0.05,4,12,1,certified,1,1,1,1,1,1,12,12,9,12,9,6,1,msp,native,0.5,140,1107,101,0,0,0.10451977401129943,risk_ucb,0.19169939450178952,0.2,,,0.20512178627168212,31,45f3407b12a91a2720324a469d830c4b3bc3e4dffacca5363f4b79d60f9949b1
officehome_convnext_full__split03__seed0,officehome,full,H,0.2,0.05,0.05,4,12,1,certified,1,1,1,1,1,1,12,12,9,12,9,3,5,energy,energy,0.5,103,1057,106,0,0,0.115,holm_adjusted_pvalue,0.015801123273281564,0.05,0.0015504706473112525,3,0.1425659097793796,,17d10ef15292f46a55924a0cdfb85c55a48b1348323008d795d233ed5a0c9be7
officehome_convnext_full__split03__seed0,officehome,full,S,0.2,0.05,0.05,4,12,1,certified,1,1,1,1,1,1,12,12,9,12,9,3,5,energy,energy,0.5,103,1057,106,0,0,0.115,risk_ucb,0.1865278544857659,0.2,,,0.1425659097793796,25,17d10ef15292f46a55924a0cdfb85c55a48b1348323008d795d233ed5a0c9be7
officehome_convnext_full__split03__seed0,officehome,full,B,0.2,0.05,0.05,4,12,0,finite-sample-evidence-margin,1,1,1,1,1,0,12,12,9,12,9,0,10,margin,margin,0.7,127,1250,178,0,0,0.17543859649122806,risk_ucb,0.2359690256940927,0.2,,,0.1746132037345825,31,17d10ef15292f46a55924a0cdfb85c55a48b1348323008d795d233ed5a0c9be7
officehome_convnext_full__split03__seed1,officehome,full,H,0.2,0.05,0.05,4,12,1,certified,1,1,1,1,1,1,12,12,8,12,8,1,9,margin,margin,0.5,96,996,118,0,0,0.12714776632302405,holm_adjusted_pvalue,0.025834864577231303,0.05,0.002152905381435942,1,0.13136802707097375,,3021c2a1b7cf0768fd70ad3c902aa64540cbc4fc07dbadca12419e4c3ac66b5e
officehome_convnext_full__split03__seed1,officehome,full,S,0.2,0.05,0.05,4,12,1,certified,1,1,1,1,1,1,12,12,8,12,8,1,9,margin,margin,0.5,96,996,118,0,0,0.12714776632302405,risk_ucb,0.19394624750485187,0.2,,,0.13136802707097375,25,3021c2a1b7cf0768fd70ad3c902aa64540cbc4fc07dbadca12419e4c3ac66b5e
officehome_convnext_full__split03__seed1,officehome,full,B,0.2,0.05,0.05,4,12,0,finite-sample-evidence-margin,1,1,1,1,1,0,12,12,8,12,8,0,10,margin,margin,0.7,123,1159,180,0,0,0.17313432835820897,risk_ucb,0.25699215627213623,0.2,,,0.16818075402340696,31,3021c2a1b7cf0768fd70ad3c902aa64540cbc4fc07dbadca12419e4c3ac66b5e
officehome_convnext_full__split03__seed2,officehome,full,H,0.2,0.05,0.05,4,12,1,certified,1,1,1,1,1,1,12,12,9,12,9,1,5,energy,energy,0.5,71,923,106,0,0,0.13402061855670103,holm_adjusted_pvalue,0.027766607453901266,0.05,0.002313883954491772,1,0.0920942232572229,,304ed739dd207ef9e51d71c1f29e9ff475ee01f564123e93491efe056cfbd3f0
officehome_convnext_full__split03__seed2,officehome,full,S,0.2,0.05,0.05,4,12,1,certified,1,1,1,1,1,1,12,12,9,12,9,1,5,energy,energy,0.5,71,923,106,0,0,0.13402061855670103,risk_ucb,0.18996962469318568,0.2,,,0.0920942232572229,25,304ed739dd207ef9e51d71c1f29e9ff475ee01f564123e93491efe056cfbd3f0
officehome_convnext_full__split03__seed2,officehome,full,B,0.2,0.05,0.05,4,12,0,finite-sample-evidence-margin,1,1,1,1,1,0,12,12,9,12,9,0,2,msp,native,0.7,123,1206,175,0,0,0.16043956043956045,risk_ucb,0.2369869259635135,0.2,,,0.16818075402340696,31,304ed739dd207ef9e51d71c1f29e9ff475ee01f564123e93491efe056cfbd3f0
officehome_convnext_full__split03__seed3,officehome,full,H,0.2,0.05,0.05,4,12,1,certified,1,1,1,1,1,1,12,12,9,12,9,4,5,energy,energy,0.5,88,1063,134,0,0,0.14320388349514562,holm_adjusted_pvalue,0.020971048598098795,0.05,0.0017475873831748997,1,0.11866983991716763,,2c3add965b22e575534f544117149667481e1ae52eef76c524980e4ae89499b2
officehome_convnext_full__split03__seed3,officehome,full,S,0.2,0.05,0.05,4,12,1,certified,1,1,1,1,1,1,12,12,9,12,9,3,5,energy,energy,0.5,88,1063,134,0,0,0.14320388349514562,risk_ucb,0.19426111824628692,0.2,,,0.11866983991716763,25,2c3add965b22e575534f544117149667481e1ae52eef76c524980e4ae89499b2
officehome_convnext_full__split03__seed3,officehome,full,B,0.2,0.05,0.05,4,12,0,finite-sample-evidence-margin,1,1,1,1,1,0,12,12,9,12,9,0,2,msp,native,0.7,117,1256,213,0,0,0.19843342036553524,risk_ucb,0.2674757330907859,0.2,,,0.15857570729025652,31,2c3add965b22e575534f544117149667481e1ae52eef76c524980e4ae89499b2
officehome_convnext_full__split03__seed4,officehome,full,H,0.2,0.05,0.05,4,12,1,certified,1,1,1,1,1,1,12,12,9,12,9,3,5,energy,energy,0.5,85,992,102,0,0,0.125,holm_adjusted_pvalue,0.0286436834593313,0.05,0.0026039712235755726,2,0.11393755161558802,,9f81a5d4a0277cd5a74f2f0fa3044f0e32efd49504254affd83bf51958810d00
officehome_convnext_full__split03__seed4,officehome,full,S,0.2,0.05,0.05,4,12,1,certified,1,1,1,1,1,1,12,12,9,12,9,3,5,energy,energy,0.5,85,992,102,0,0,0.125,risk_ucb,0.192692762449492,0.2,,,0.11393755161558802,25,9f81a5d4a0277cd5a74f2f0fa3044f0e32efd49504254affd83bf51958810d00
officehome_convnext_full__split03__seed4,officehome,full,B,0.2,0.05,0.05,4,12,0,finite-sample-evidence-margin,1,1,1,1,1,0,12,12,9,12,9,0,10,margin,margin,0.7,133,1183,168,0,0,0.17293233082706766,risk_ucb,0.29293780817759096,0.2,,,0.18430356017331892,31,9f81a5d4a0277cd5a74f2f0fa3044f0e32efd49504254affd83bf51958810d00
officehome_convnext_full__split04__seed0,officehome,full,H,0.2,0.05,0.05,4,12,1,certified,1,1,1,1,1,1,12,12,9,12,9,6,5,energy,energy,0.5,114,1015,102,0,0,0.11722488038277512,holm_adjusted_pvalue,0.020543038275872047,0.05,0.0022825598084302273,4,0.1697865555346092,,36efe9b5b23010c9cdd440bb9de4cdc6c7178c1fddef52ae4ecf06106a8ce107
officehome_convnext_full__split04__seed0,officehome,full,S,0.2,0.05,0.05,4,12,1,certified,1,1,1,1,1,1,12,12,9,12,9,6,5,energy,energy,0.5,114,1015,102,0,0,0.11722488038277512,risk_ucb,0.1920778208943659,0.2,,,0.1697865555346092,25,36efe9b5b23010c9cdd440bb9de4cdc6c7178c1fddef52ae4ecf06106a8ce107
officehome_convnext_full__split04__seed0,officehome,full,B,0.2,0.05,0.05,4,12,1,certified,1,1,1,1,1,1,12,12,9,12,9,3,0,msp,native,0.3,91,840,47,0,0,0.07905138339920949,risk_ucb,0.15268851334446723,0.2,,,0.12567384344599636,31,36efe9b5b23010c9cdd440bb9de4cdc6c7178c1fddef52ae4ecf06106a8ce107
officehome_convnext_full__split04__seed1,officehome,full,H,0.2,0.05,0.05,4,12,1,certified,1,1,1,1,1,1,12,12,9,12,9,3,8,margin,margin,0.3,79,678,40,0,0,0.11059907834101383,holm_adjusted_pvalue,0.0033528183537580953,0.05,0.0003237265497066351,3,0.1116280458255125,,bb9d7832030278020862a8aeeb83e02dacc6ff02e1b7bc0ee2240cdb9b15f929
officehome_convnext_full__split04__seed1,officehome,full,S,0.2,0.05,0.05,4,12,1,certified,1,1,1,1,1,1,12,12,9,12,9,3,8,margin,margin,0.3,79,678,40,0,0,0.11059907834101383,risk_ucb,0.17820027084178025,0.2,,,0.1116280458255125,25,bb9d7832030278020862a8aeeb83e02dacc6ff02e1b7bc0ee2240cdb9b15f929
officehome_convnext_full__split04__seed1,officehome,full,B,0.2,0.05,0.05,4,12,1,certified,1,1,1,1,1,1,12,12,9,12,9,3,4,energy,energy,0.3,82,702,44,0,0,0.091324200913242,risk_ucb,0.16835183589034283,0.2,,,0.10618249436377564,31,bb9d7832030278020862a8aeeb83e02dacc6ff02e1b7bc0ee2240cdb9b15f929
officehome_convnext_full__split04__seed2,officehome,full,H,0.2,0.05,0.05,4,12,1,certified,1,1,1,1,1,1,12,12,9,12,9,7,6,energy,energy,0.7,125,1030,111,0,0,0.14473684210526316,holm_adjusted_pvalue,0.023042350092458648,0.05,0.003291764298922664,6,0.17755710911728248,,f9eb51e0ae18ecb2a6cd37e05cae14533216dce96466e21249af80fa9b35dbd1
officehome_convnext_full__split04__seed2,officehome,full,S,0.2,0.05,0.05,4,12,1,certified,1,1,1,1,1,1,12,12,9,12,9,6,6,energy,energy,0.7,125,1030,111,0,0,0.14473684210526316,risk_ucb,0.19832226506741069,0.2,,,0.17755710911728248,25,f9eb51e0ae18ecb2a6cd37e05cae14533216dce96466e21249af80fa9b35dbd1
officehome_convnext_full__split04__seed2,officehome,full,B,0.2,0.05,0.05,4,12,1,certified,1,1,1,1,1,1,12,12,9,12,9,2,9,margin,margin,0.5,100,816,62,0,0,0.12110726643598616,risk_ucb,0.19064176379494063,0.2,,,0.13045264708751755,31,f9eb51e0ae18ecb2a6cd37e05cae14533216dce96466e21249af80fa9b35dbd1
officehome_convnext_full__split04__seed3,officehome,full,H,0.2,0.05,0.05,4,12,0,finite-sample-evidence-margin,1,1,1,1,1,0,12,12,6,12,6,0,1,msp,native,0.5,88,822,94,0,0,0.1590909090909091,holm_adjusted_pvalue,1.0,0.05,0.2067814737668644,5,0.12674623588914077,,f9714456ff2806ea5196a081db06387e1433edf3b9ad0ca54433c7e251862082
officehome_convnext_full__split04__seed3,officehome,full,S,0.2,0.05,0.05,4,12,0,finite-sample-evidence-margin,1,1,1,1,1,0,12,12,6,12,6,0,1,msp,native,0.5,88,822,94,0,0,0.1590909090909091,risk_ucb,0.2860842993013078,0.2,,,0.12674623588914077,25,f9714456ff2806ea5196a081db06387e1433edf3b9ad0ca54433c7e251862082
officehome_convnext_full__split04__seed3,officehome,full,B,0.2,0.05,0.05,4,12,0,finite-sample-evidence-margin,1,1,1,1,1,0,12,12,6,12,6,0,1,msp,native,0.5,88,822,94,0,0,0.1590909090909091,risk_ucb,0.3086683045302802,0.2,,,0.12070935166757155,31,f9714456ff2806ea5196a081db06387e1433edf3b9ad0ca54433c7e251862082
officehome_convnext_full__split04__seed4,officehome,full,H,0.2,0.05,0.05,4,12,0,finite-sample-evidence-margin,1,1,1,1,1,0,12,12,8,12,8,0,10,margin,margin,0.7,143,1141,155,0,0,0.17482517482517482,holm_adjusted_pvalue,1.0,0.05,0.26250721347889766,5,0.22211033061997038,,bee22efb6e3f02fe24f8bc6aea10910b732ea9e2f0ffe838a040eb8499e261bf
officehome_convnext_full__split04__seed4,officehome,full,S,0.2,0.05,0.05,4,12,0,finite-sample-evidence-margin,1,1,1,1,1,0,12,12,8,12,8,0,10,margin,margin,0.7,143,1141,155,0,0,0.17482517482517482,risk_ucb,0.2729922480550676,0.2,,,0.22211033061997038,25,bee22efb6e3f02fe24f8bc6aea10910b732ea9e2f0ffe838a040eb8499e261bf
officehome_convnext_full__split04__seed4,officehome,full,B,0.2,0.05,0.05,4,12,0,finite-sample-evidence-margin,1,1,1,1,1,0,12,12,8,12,8,0,10,margin,margin,0.7,143,1141,155,0,0,0.17482517482517482,risk_ucb,0.29026843308822703,0.2,,,0.21439938736425684,31,bee22efb6e3f02fe24f8bc6aea10910b732ea9e2f0ffe838a040eb8499e261bf
officehome_convnext_full__split05__seed0,officehome,full,H,0.2,0.05,0.05,4,12,1,certified,1,1,1,1,1,1,12,12,8,12,8,3,4,energy,energy,0.3,100,982,81,0,0,0.11764705882352941,holm_adjusted_pvalue,0.0014418195808011624,0.05,0.00014418195808011623,3,0.14163232913274687,,a0bc98304f6d86ee23107b8416b55a4e36e9bfc85acf591c9dc0bc6969ba7bc5
officehome_convnext_full__split05__seed0,officehome,full,S,0.2,0.05,0.05,4,12,1,certified,1,1,1,1,1,1,12,12,8,12,8,3,4,energy,energy,0.3,100,982,81,0,0,0.11764705882352941,risk_ucb,0.17607003301167262,0.2,,,0.14163232913274687,25,a0bc98304f6d86ee23107b8416b55a4e36e9bfc85acf591c9dc0bc6969ba7bc5
officehome_convnext_full__split05__seed0,officehome,full,B,0.2,0.05,0.05,4,12,1,certified,1,1,1,1,1,1,12,12,8,12,8,3,4,energy,energy,0.3,100,982,81,0,0,0.11764705882352941,risk_ucb,0.18654889160146337,0.2,,,0.13538843719768232,31,a0bc98304f6d86ee23107b8416b55a4e36e9bfc85acf591c9dc0bc6969ba7bc5
officehome_convnext_full__split05__seed1,officehome,full,H,0.2,0.05,0.05,4,12,1,certified,1,1,1,1,1,1,12,12,9,12,9,5,9,margin,margin,0.5,148,1096,112,0,0,0.12401055408970976,holm_adjusted_pvalue,0.016987375719179576,0.05,0.002123421964897447,5,0.21014199156621516,,56a82ab4dcfc6728be357a6c4b1a4c60e38060f7452198d7d02cf915d7b0a6f6
officehome_convnext_full__split05__seed1,officehome,full,S,0.2,0.05,0.05,4,12,1,certified,1,1,1,1,1,1,12,12,9,12,9,5,9,margin,margin,0.5,148,1096,112,0,0,0.12401055408970976,risk_ucb,0.1923126037778565,0.2,,,0.21014199156621516,25,56a82ab4dcfc6728be357a6c4b1a4c60e38060f7452198d7d02cf915d7b0a6f6
officehome_convnext_full__split05__seed1,officehome,full,B,0.2,0.05,0.05,4,12,1,certified,1,1,1,1,1,1,12,12,9,12,9,3,4,energy,energy,0.3,103,918,68,0,0,0.09428571428571429,risk_ucb,0.15167963794573866,0.2,,,0.14023579333512332,31,56a82ab4dcfc6728be357a6c4b1a4c60e38060f7452198d7d02cf915d7b0a6f6
officehome_convnext_full__split05__seed2,officehome,full,H,0.2,0.05,0.05,4,12,1,certified,1,1,1,1,1,1,12,12,10,12,10,4,1,msp,native,0.5,141,1082,123,0,0,0.1342281879194631,holm_adjusted_pvalue,0.02231603153910182,0.05,0.002231603153910182,3,0.2103188289596426,,d2f43f97e4d494f52e156468036b6e25e80258be32f8dec272f47a899036f226
officehome_convnext_full__split05__seed2,officehome,full,S,0.2,0.05,0.05,4,12,1,certified,1,1,1,1,1,1,12,12,10,12,10,4,1,msp,native,0.5,141,1082,123,0,0,0.1342281879194631,risk_ucb,0.1941445159129865,0.2,,,0.2103188289596426,25,d2f43f97e4d494f52e156468036b6e25e80258be32f8dec272f47a899036f226
officehome_convnext_full__split05__seed2,officehome,full,B,0.2,0.05,0.05,4,12,1,certified,1,1,1,1,1,1,12,12,10,12,10,1,4,energy,energy,0.3,86,852,57,0,0,0.09606986899563319,risk_ucb,0.17017717992085216,0.2,,,0.11300310358576489,31,d2f43f97e4d494f52e156468036b6e25e80258be32f8dec272f47a899036f226
officehome_convnext_full__split05__seed3,officehome,full,H,0.2,0.05,0.05,4,12,1,certified,1,1,1,1,1,1,12,12,9,12,9,5,1,msp,native,0.5,134,1068,123,0,0,0.13063063063063063,holm_adjusted_pvalue,0.03654166688370679,0.05,0.004567708360463349,5,0.1954737182487682,,0fefa48575456488e147ae50c32f71af5537811174065a244239a6fb548410d8
officehome_convnext_full__split05__seed3,officehome,full,S,0.2,0.05,0.05,4,12,1,certified,1,1,1,1,1,1,12,12,9,12,9,4,5,energy,energy,0.5,124,1125,136,0,0,0.1431980906921241,risk_ucb,0.1937807020564052,0.2,,,0.18157075276394413,25,0fefa48575456488e147ae50c32f71af5537811174065a244239a6fb548410d8
officehome_convnext_full__split05__seed3,officehome,full,B,0.2,0.05,0.05,4,12,1,certified,1,1,1,1,1,1,12,12,9,12,9,3,4,energy,energy,0.3,103,906,77,0,0,0.11614730878186968,risk_ucb,0.17733340066390024,0.2,,,0.14023579333512332,31,0fefa48575456488e147ae50c32f71af5537811174065a244239a6fb548410d8
officehome_convnext_full__split05__seed4,officehome,full,H,0.2,0.05,0.05,4,12,1,certified,1,1,1,1,1,1,12,12,7,12,7,2,0,msp,native,0.3,111,882,75,0,0,0.125,holm_adjusted_pvalue,0.016366474404588233,0.05,0.0013638728670490195,1,0.15983457613948088,,0add9122d44391024929a6b2674de0c87ba10c6a726df6d07f4c01f8cc513441
officehome_convnext_full__split05__seed4,officehome,full,S,0.2,0.05,0.05,4,12,1,certified,1,1,1,1,1,1,12,12,7,12,7,2,0,msp,native,0.3,111,882,75,0,0,0.125,risk_ucb,0.18885429385117744,0.2,,,0.15983457613948088,25,0add9122d44391024929a6b2674de0c87ba10c6a726df6d07f4c01f8cc513441
officehome_convnext_full__split05__seed4,officehome,full,B,0.2,0.05,0.05,4,12,0,finite-sample-evidence-margin,1,1,1,1,1,0,12,12,7,12,7,0,2,msp,native,0.7,179,1289,202,0,0,0.17571059431524547,risk_ucb,0.2419578894795109,0.2,,,0.26325743936445184,31,0add9122d44391024929a6b2674de0c87ba10c6a726df6d07f4c01f8cc513441
officehome_convnext_full__split06__seed0,officehome,full,H,0.2,0.05,0.05,4,12,0,finite-sample-evidence-margin,1,1,1,1,1,0,12,12,7,12,7,0,6,energy,energy,0.7,125,1255,208,0,0,0.2,holm_adjusted_pvalue,1.0,0.05,0.5377506510045316,7,0.18821310803456348,,fd4319be6ababc40b4b498c5e2c57a57890e675090f6f4805e3711188b6c0d2c
officehome_convnext_full__split06__seed0,officehome,full,S,0.2,0.05,0.05,4,12,0,finite-sample-evidence-margin,1,1,1,1,1,0,12,12,7,12,7,0,6,energy,energy,0.7,125,1255,208,0,0,0.2,risk_ucb,0.2744720517394413,0.2,,,0.18821310803456348,25,fd4319be6ababc40b4b498c5e2c57a57890e675090f6f4805e3711188b6c0d2c
officehome_convnext_full__split06__seed0,officehome,full,B,0.2,0.05,0.05,4,12,0,finite-sample-evidence-margin,1,1,1,1,1,0,12,12,7,12,7,0,6,energy,energy,0.7,125,1255,208,0,0,0.2,risk_ucb,0.2873806825556733,0.2,,,0.18104693897625831,31,fd4319be6ababc40b4b498c5e2c57a57890e675090f6f4805e3711188b6c0d2c
officehome_convnext_full__split06__seed1,officehome,full,H,0.2,0.05,0.05,4,12,0,finite-sample-evidence-margin,1,1,1,1,1,0,12,12,9,12,9,0,10,margin,margin,0.7,164,1330,222,0,0,0.19205298013245034,holm_adjusted_pvalue,1.0,0.05,0.39748282884543334,9,0.2558680332645025,,08982eb5e34460ecaba8ae868b29fa58b3df1b1cf22debd9c3f78e728be392f8
officehome_convnext_full__split06__seed1,officehome,full,S,0.2,0.05,0.05,4,12,0,finite-sample-evidence-margin,1,1,1,1,1,0,12,12,9,12,9,0,10,margin,margin,0.7,164,1330,222,0,0,0.19205298013245034,risk_ucb,0.2584293564448098,0.2,,,0.2558680332645025,25,08982eb5e34460ecaba8ae868b29fa58b3df1b1cf22debd9c3f78e728be392f8
officehome_convnext_full__split06__seed1,officehome,full,B,0.2,0.05,0.05,4,12,0,finite-sample-evidence-margin,1,1,1,1,1,0,12,12,9,12,9,0,10,margin,margin,0.7,164,1330,222,0,0,0.19205298013245034,risk_ucb,0.2699464859512925,0.2,,,0.24842654926603652,31,08982eb5e34460ecaba8ae868b29fa58b3df1b1cf22debd9c3f78e728be392f8
officehome_convnext_full__split06__seed2,officehome,full,H,0.2,0.05,0.05,4,12,0,finite-sample-evidence-margin,1,1,1,1,1,0,12,12,6,12,6,0,9,margin,margin,0.5,117,1198,202,0,0,0.1875,holm_adjusted_pvalue,1.0,0.05,0.3346313783920091,6,0.17443012810199798,,f9e8491acb200364ea1665e7e0a9030cc2315ae383600321dea8f1b6c995fb3e
officehome_convnext_full__split06__seed2,officehome,full,S,0.2,0.05,0.05,4,12,0,finite-sample-evidence-margin,1,1,1,1,1,0,12,12,6,12,6,0,9,margin,margin,0.5,117,1198,202,0,0,0.1875,risk_ucb,0.25732031311492304,0.2,,,0.17443012810199798,25,f9e8491acb200364ea1665e7e0a9030cc2315ae383600321dea8f1b6c995fb3e
officehome_convnext_full__split06__seed2,officehome,full,B,0.2,0.05,0.05,4,12,0,finite-sample-evidence-margin,1,1,1,1,1,0,12,12,6,12,6,0,9,margin,margin,0.5,117,1198,202,0,0,0.1875,risk_ucb,0.26946827228755554,0.2,,,0.16749337859139582,31,f9e8491acb200364ea1665e7e0a9030cc2315ae383600321dea8f1b6c995fb3e
officehome_convnext_full__split06__seed3,officehome,full,H,0.2,0.05,0.05,4,12,0,finite-sample-evidence-margin,1,1,1,1,1,0,12,12,8,12,8,0,2,msp,native,0.7,150,1396,256,0,0,0.1991701244813278,holm_adjusted_pvalue,1.0,0.05,0.5090896425515582,8,0.2318063869630399,,05cb03cb1ec7a55b5996c7dec1f6e73d046cfdc68100d509dda53618a7946309
officehome_convnext_full__split06__seed3,officehome,full,S,0.2,0.05,0.05,4,12,0,finite-sample-evidence-margin,1,1,1,1,1,0,12,12,8,12,8,0,2,msp,native,0.7,150,1396,256,0,0,0.1991701244813278,risk_ucb,0.2512273489168409,0.2,,,0.2318063869630399,25,05cb03cb1ec7a55b5996c7dec1f6e73d046cfdc68100d509dda53618a7946309
officehome_convnext_full__split06__seed3,officehome,full,B,0.2,0.05,0.05,4,12,0,finite-sample-evidence-margin,1,1,1,1,1,0,12,12,8,12,8,0,2,msp,native,0.7,150,1396,256,0,0,0.1991701244813278,risk_ucb,0.26197840550678564,0.2,,,0.22400841464967008,31,05cb03cb1ec7a55b5996c7dec1f6e73d046cfdc68100d509dda53618a7946309
officehome_convnext_full__split06__seed4,officehome,full,H,0.2,0.05,0.05,4,12,1,certified,1,1,1,1,1,1,12,12,8,12,8,3,8,margin,margin,0.3,78,855,72,0,0,0.0955223880597015,holm_adjusted_pvalue,0.0008999604660727992,0.05,7.49967055060666e-05,1,0.10869314463638123,,62dae4f5c7c53d965e56af2dd8339c20cce6b677dfd80de7ffb11078d0d345ab
officehome_convnext_full__split06__seed4,officehome,full,S,0.2,0.05,0.05,4,12,1,certified,1,1,1,1,1,1,12,12,8,12,8,2,8,margin,margin,0.3,78,855,72,0,0,0.0955223880597015,risk_ucb,0.16300333895981386,0.2,,,0.10869314463638123,25,62dae4f5c7c53d965e56af2dd8339c20cce6b677dfd80de7ffb11078d0d345ab
officehome_convnext_full__split06__seed4,officehome,full,B,0.2,0.05,0.05,4,12,1,certified,1,1,1,1,1,1,12,12,8,12,8,2,8,margin,margin,0.3,78,855,72,0,0,0.0955223880597015,risk_ucb,0.17669130107750605,0.2,,,0.10311157148774132,31,62dae4f5c7c53d965e56af2dd8339c20cce6b677dfd80de7ffb11078d0d345ab
officehome_convnext_full__split07__seed0,officehome,full,H,0.2,0.05,0.05,4,12,1,certified,1,1,1,1,1,1,12,12,9,12,9,7,6,energy,energy,0.7,134,1219,153,0,0,0.14824797843665768,holm_adjusted_pvalue,0.04156005666851678,0.05,0.006205051725245739,7,0.19227757899607414,,f46aeaffb5715bd04dc1e3c5bc2868da3055981bf56571f0b72536eab3b63637
officehome_convnext_full__split07__seed0,officehome,full,S,0.2,0.05,0.05,4,12,1,certified,1,1,1,1,1,1,12,12,9,12,9,5,1,msp,native,0.5,125,1101,104,0,0,0.13392857142857142,risk_ucb,0.1898884325695768,0.2,,,0.177569176764481,25,f46aeaffb5715bd04dc1e3c5bc2868da3055981bf56571f0b72536eab3b63637
officehome_convnext_full__split07__seed0,officehome,full,B,0.2,0.05,0.05,4,12,1,certified,1,1,1,1,1,1,12,12,9,12,9,5,1,msp,native,0.5,125,1101,104,0,0,0.13392857142857142,risk_ucb,0.19980889500586738,0.2,,,0.17076629835629806,31,f46aeaffb5715bd04dc1e3c5bc2868da3055981bf56571f0b72536eab3b63637
officehome_convnext_full__split07__seed1,officehome,full,H,0.2,0.05,0.05,4,12,1,certified,1,1,1,1,1,1,12,12,9,12,9,3,8,margin,margin,0.3,114,1008,95,0,0,0.1346153846153846,holm_adjusted_pvalue,0.025108157892732498,0.05,0.0022825598084302273,2,0.15972685237987527,,af2b430d523ca20b56b45396c511be11a893d173b63b05727c59942bf14004d5
officehome_convnext_full__split07__seed1,officehome,full,S,0.2,0.05,0.05,4,12,1,certified,1,1,1,1,1,1,12,12,9,12,9,3,8,margin,margin,0.3,114,1008,95,0,0,0.1346153846153846,risk_ucb,0.19305425313740346,0.2,,,0.15972685237987527,25,af2b430d523ca20b56b45396c511be11a893d173b63b05727c59942bf14004d5
officehome_convnext_full__split07__seed1,officehome,full,B,0.2,0.05,0.05,4,12,0,finite-sample-evidence-margin,1,1,1,1,1,0,12,12,9,12,9,0,10,margin,margin,0.7,171,1366,207,0,0,0.1783625730994152,risk_ucb,0.27982310436610097,0.2,,,0.2458002833792247,31,af2b430d523ca20b56b45396c511be11a893d173b63b05727c59942bf14004d5
officehome_convnext_full__split07__seed2,officehome,full,H,0.2,0.05,0.05,4,12,0,finite-sample-evidence-margin,1,1,1,1,1,0,12,12,9,12,9,0,2,msp,native,0.7,143,1342,200,0,0,0.17688679245283018,holm_adjusted_pvalue,0.5145180804702936,0.05,0.1286295201175734,9,0.20707753815887978,,2628c4c3b9c16140b7b7f230034970b8eb366a6f4ddd6663a6674b994cf6f938
officehome_convnext_full__split07__seed2,officehome,full,S,0.2,0.05,0.05,4,12,0,finite-sample-evidence-margin,1,1,1,1,1,0,12,12,9,12,9,0,2,msp,native,0.7,143,1342,200,0,0,0.17688679245283018,risk_ucb,0.23231243554070577,0.2,,,0.20707753815887978,25,2628c4c3b9c16140b7b7f230034970b8eb366a6f4ddd6663a6674b994cf6f938
officehome_convnext_full__split07__seed2,officehome,full,B,0.2,0.05,0.05,4,12,0,finite-sample-evidence-margin,1,1,1,1,1,0,12,12,9,12,9,0,2,msp,native,0.7,143,1342,200,0,0,0.17688679245283018,risk_ucb,0.2489048190507441,0.2,,,0.19982266798120055,31,2628c4c3b9c16140b7b7f230034970b8eb366a6f4ddd6663a6674b994cf6f938
officehome_convnext_full__split07__seed3,officehome,full,H,0.2,0.05,0.05,4,12,1,certified,1,1,1,1,1,1,12,12,9,12,9,2,8,margin,margin,0.3,90,914,75,0,0,0.0935483870967742,holm_adjusted_pvalue,0.04202140667054559,0.05,0.0035017838892121324,1,0.1213917649232067,,be81282f2b2bff8bb29e23088aa334c0616c11262848fe6333c6a26ea6778d20
officehome_convnext_full__split07__seed3,officehome,full,S,0.2,0.05,0.05,4,12,1,certified,1,1,1,1,1,1,12,12,9,12,9,2,8,margin,margin,0.3,90,914,75,0,0,0.0935483870967742,risk_ucb,0.19733746637016641,0.2,,,0.1213917649232067,25,be81282f2b2bff8bb29e23088aa334c0616c11262848fe6333c6a26ea6778d20
officehome_convnext_full__split07__seed3,officehome,full,B,0.2,0.05,0.05,4,12,0,finite-sample-evidence-margin,1,1,1,1,1,0,12,12,9,12,9,0,2,msp,native,0.7,132,1267,192,0,0,0.1724137931034483,risk_ucb,0.24990443001016385,0.2,,,0.18201510683475317,31,be81282f2b2bff8bb29e23088aa334c0616c11262848fe6333c6a26ea6778d20
officehome_convnext_full__split07__seed4,officehome,full,H,0.2,0.05,0.05,4,12,1,certified,1,1,1,1,1,1,12,12,10,12,10,7,6,energy,energy,0.7,112,1266,153,0,0,0.14615384615384616,holm_adjusted_pvalue,0.02213932822607135,0.05,0.003689888037678558,7,0.1564997815387721,,1e03bdf0e0c0e5dcae8321ddb9692af998f27cfb82831b1f4517e59e104cdb45
officehome_convnext_full__split07__seed4,officehome,full,S,0.2,0.05,0.05,4,12,1,certified,1,1,1,1,1,1,12,12,10,12,10,7,6,energy,energy,0.7,112,1266,153,0,0,0.14615384615384616,risk_ucb,0.1991411982080101,0.2,,,0.1564997815387721,25,1e03bdf0e0c0e5dcae8321ddb9692af998f27cfb82831b1f4517e59e104cdb45
officehome_convnext_full__split07__seed4,officehome,full,B,0.2,0.05,0.05,4,12,1,certified,1,1,1,1,1,1,12,12,10,12,10,6,9,margin,margin,0.5,99,1059,87,0,0,0.13196480938416422,risk_ucb,0.19699160513352082,0.2,,,0.12962979863596294,31,1e03bdf0e0c0e5dcae8321ddb9692af998f27cfb82831b1f4517e59e104cdb45
officehome_convnext_full__split08__seed0,officehome,full,H,0.2,0.05,0.05,4,12,0,finite-sample-evidence-margin,1,1,1,1,1,0,12,12,7,12,7,0,6,energy,energy,0.7,135,1169,197,0,0,0.19718309859154928,holm_adjusted_pvalue,1.0,0.05,0.4788345745120439,7,0.20595886476247732,,adc69306c414ecf5a19bb69c804fa8b179aea22a6e6f72dc7f4950313c8cf8d4
officehome_convnext_full__split08__seed0,officehome,full,S,0.2,0.05,0.05,4,12,0,finite-sample-evidence-margin,1,1,1,1,1,0,12,12,7,12,7,0,6,energy,energy,0.7,135,1169,197,0,0,0.19718309859154928,risk_ucb,0.27965203527527377,0.2,,,0.20595886476247732,25,adc69306c414ecf5a19bb69c804fa8b179aea22a6e6f72dc7f4950313c8cf8d4
officehome_convnext_full__split08__seed0,officehome,full,B,0.2,0.05,0.05,4,12,0,finite-sample-evidence-margin,1,1,1,1,1,0,12,12,7,11,6,0,6,energy,energy,0.7,135,1169,197,0,0,0.19718309859154928,risk_ucb,0.2975592978694841,0.2,,,0.19851254583499797,31,adc69306c414ecf5a19bb69c804fa8b179aea22a6e6f72dc7f4950313c8cf8d4
officehome_convnext_full__split08__seed1,officehome,full,H,0.2,0.05,0.05,4,12,0,finite-sample-evidence-margin,1,1,1,1,1,0,12,12,8,12,8,0,2,msp,native,0.7,133,1063,170,0,0,0.18269230769230768,holm_adjusted_pvalue,1.0,0.05,0.24633429316311065,5,0.20247256831395993,,ccdd62cc18af89b972752446ed1deccb7f9b63353b1a57f78f405c7ae3900eed
officehome_convnext_full__split08__seed1,officehome,full,S,0.2,0.05,0.05,4,12,0,finite-sample-evidence-margin,1,1,1,1,1,0,12,12,8,12,8,0,2,msp,native,0.7,133,1063,170,0,0,0.18269230769230768,risk_ucb,0.2662764518847055,0.2,,,0.20247256831395993,25,ccdd62cc18af89b972752446ed1deccb7f9b63353b1a57f78f405c7ae3900eed
officehome_convnext_full__split08__seed1,officehome,full,B,0.2,0.05,0.05,4,12,0,finite-sample-evidence-margin,1,1,1,1,1,0,12,12,8,12,8,0,2,msp,native,0.7,133,1063,170,0,0,0.18269230769230768,risk_ucb,0.28412436513870465,0.2,,,0.19507816290486388,31,ccdd62cc18af89b972752446ed1deccb7f9b63353b1a57f78f405c7ae3900eed
officehome_convnext_full__split08__seed2,officehome,full,H,0.2,0.05,0.05,4,12,0,finite-sample-evidence-margin,1,1,1,1,1,0,12,12,9,12,9,0,10,margin,margin,0.7,127,1094,169,0,0,0.18238993710691823,holm_adjusted_pvalue,1.0,0.05,0.2394583034322877,8,0.19204376271819024,,7a389732fa46112106f235f340ff6c3130fb042f9d6b9faeaba061f3b4f2cee1
officehome_convnext_full__split08__seed2,officehome,full,S,0.2,0.05,0.05,4,12,0,finite-sample-evidence-margin,1,1,1,1,1,0,12,12,9,12,9,0,10,margin,margin,0.7,127,1094,169,0,0,0.18238993710691823,risk_ucb,0.250504123428905,0.2,,,0.19204376271819024,25,7a389732fa46112106f235f340ff6c3130fb042f9d6b9faeaba061f3b4f2cee1
officehome_convnext_full__split08__seed2,officehome,full,B,0.2,0.05,0.05,4,12,0,finite-sample-evidence-margin,1,1,1,1,1,0,12,12,9,12,9,0,10,margin,margin,0.7,127,1094,169,0,0,0.18238993710691823,risk_ucb,0.26852900497428056,0.2,,,0.18481000999880934,31,7a389732fa46112106f235f340ff6c3130fb042f9d6b9faeaba061f3b4f2cee1
officehome_convnext_full__split08__seed3,officehome,full,H,0.2,0.05,0.05,4,12,0,finite-sample-evidence-margin,1,1,1,1,1,0,12,12,3,12,3,0,4,energy,energy,0.3,81,713,86,0,0,0.16049382716049382,holm_adjusted_pvalue,1.0,0.05,0.23042060146581955,1,0.11386683742579673,,7f02964d4e1c7aea72add1d919064d8a7c9d15dd20b60991a4682bc7ef49af5a
officehome_convnext_full__split08__seed3,officehome,full,S,0.2,0.05,0.05,4,12,0,finite-sample-evidence-margin,1,1,1,1,1,0,12,12,3,12,3,0,4,energy,energy,0.3,81,713,86,0,0,0.16049382716049382,risk_ucb,0.2941046633065258,0.2,,,0.11386683742579673,25,7f02964d4e1c7aea72add1d919064d8a7c9d15dd20b60991a4682bc7ef49af5a
officehome_convnext_full__split08__seed3,officehome,full,B,0.2,0.05,0.05,4,12,0,finite-sample-evidence-margin,1,1,1,1,1,0,12,12,3,12,3,0,4,energy,energy,0.3,81,713,86,0,0,0.16049382716049382,risk_ucb,0.31783530360611983,0.2,,,0.10815422695737377,31,7f02964d4e1c7aea72add1d919064d8a7c9d15dd20b60991a4682bc7ef49af5a
officehome_convnext_full__split08__seed4,officehome,full,H,0.2,0.05,0.05,4,12,1,certified,1,1,1,1,1,1,12,12,9,12,9,4,1,msp,native,0.5,112,896,103,0,0,0.1254355400696864,holm_adjusted_pvalue,0.013110415271547386,0.05,0.001191855933777035,2,0.16440097084372304,,94e19a346bf7a58f5155099f92845275390eb546c4028cc0f10206474cdd47a5
officehome_convnext_full__split08__seed4,officehome,full,S,0.2,0.05,0.05,4,12,1,certified,1,1,1,1,1,1,12,12,9,12,9,3,1,msp,native,0.5,112,896,103,0,0,0.1254355400696864,risk_ucb,0.18532311573853164,0.2,,,0.16440097084372304,25,94e19a346bf7a58f5155099f92845275390eb546c4028cc0f10206474cdd47a5
officehome_convnext_full__split08__seed4,officehome,full,B,0.2,0.05,0.05,4,12,1,certified,1,1,1,1,1,1,12,12,9,12,9,1,9,margin,margin,0.5,115,872,96,0,0,0.12186379928315412,risk_ucb,0.19672892138406772,0.2,,,0.14968961835660555,31,94e19a346bf7a58f5155099f92845275390eb546c4028cc0f10206474cdd47a5
officehome_convnext_full__split09__seed0,officehome,full,H,0.2,0.05,0.05,4,12,1,certified,1,1,1,1,1,1,12,12,9,12,9,3,0,msp,native,0.3,91,914,58,0,0,0.12077294685990338,holm_adjusted_pvalue,0.020080076838606003,0.05,0.001825461530782364,2,0.12980212023674217,,20811a15bf8dfd411b9443c3c27e8d9a79e21abef0efe97bdb204f17a343874d
officehome_convnext_full__split09__seed0,officehome,full,S,0.2,0.05,0.05,4,12,1,certified,1,1,1,1,1,1,12,12,9,12,9,3,0,msp,native,0.3,91,914,58,0,0,0.12077294685990338,risk_ucb,0.1921801128783125,0.2,,,0.12980212023674217,25,20811a15bf8dfd411b9443c3c27e8d9a79e21abef0efe97bdb204f17a343874d
officehome_convnext_full__split09__seed0,officehome,full,B,0.2,0.05,0.05,4,12,1,certified,1,1,1,1,1,1,12,12,9,12,9,1,4,energy,energy,0.3,75,891,60,0,0,0.10416666666666667,risk_ucb,0.18851258859299377,0.2,,,0.09792421238945279,31,20811a15bf8dfd411b9443c3c27e8d9a79e21abef0efe97bdb204f17a343874d
officehome_convnext_full__split09__seed1,officehome,full,H,0.2,0.05,0.05,4,12,1,certified,1,1,1,1,1,1,12,12,9,12,9,5,9,margin,margin,0.5,164,1135,134,0,0,0.14463840399002495,holm_adjusted_pvalue,0.03685178156434127,0.05,0.0046064726955426585,5,0.19856854966248408,,5d278086687f7d49f8b204cbe16151623b1dbebd7eab34a878e0285fc7891c96
officehome_convnext_full__split09__seed1,officehome,full,S,0.2,0.05,0.05,4,12,1,certified,1,1,1,1,1,1,12,12,9,12,9,4,1,msp,native,0.5,165,1134,129,0,0,0.1385390428211587,risk_ucb,0.19677875420769264,0.2,,,0.19763082332869758,25,5d278086687f7d49f8b204cbe16151623b1dbebd7eab34a878e0285fc7891c96
officehome_convnext_full__split09__seed1,officehome,full,B,0.2,0.05,0.05,4,12,0,finite-sample-evidence-margin,1,1,1,1,1,0,12,12,9,12,9,0,10,margin,margin,0.7,181,1260,187,0,0,0.17328519855595667,risk_ucb,0.25265008832919095,0.2,,,0.23334545895651665,31,5d278086687f7d49f8b204cbe16151623b1dbebd7eab34a878e0285fc7891c96
officehome_convnext_full__split09__seed2,officehome,full,H,0.2,0.05,0.05,4,12,1,certified,1,1,1,1,1,1,12,12,9,12,9,6,9,margin,margin,0.5,128,1153,126,0,0,0.13653136531365315,holm_adjusted_pvalue,0.0337112911454059,0.05,0.0042139113931757375,5,0.19265830053055166,,d3e85796bc2401e59ea4492bd046e0cdb2f5ede22eb5511566b802e72bc04890
officehome_convnext_full__split09__seed2,officehome,full,S,0.2,0.05,0.05,4,12,1,certified,1,1,1,1,1,1,12,12,9,12,9,4,1,msp,native,0.5,123,1121,112,0,0,0.12692307692307692,risk_ucb,0.1905207548931832,0.2,,,0.18404762618846238,25,d3e85796bc2401e59ea4492bd046e0cdb2f5ede22eb5511566b802e72bc04890
officehome_convnext_full__split09__seed2,officehome,full,B,0.2,0.05,0.05,4,12,1,certified,1,1,1,1,1,1,12,12,9,12,9,3,0,msp,native,0.3,96,982,75,0,0,0.08968609865470852,risk_ucb,0.17611196794923284,0.2,,,0.1319293597358093,31,d3e85796bc2401e59ea4492bd046e0cdb2f5ede22eb5511566b802e72bc04890
officehome_convnext_full__split09__seed3,officehome,full,H,0.2,0.05,0.05,4,12,1,certified,1,1,1,1,1,1,12,12,8,12,8,2,0,msp,native,0.3,97,971,77,0,0,0.11518324607329843,holm_adjusted_pvalue,0.016061125418496875,0.05,0.001338427118208073,1,0.13984692328957848,,eeb309bf6e7acfe575c5d1b3caa6bc9e3b0394d66a9b70ed75271a3a3d425613
officehome_convnext_full__split09__seed3,officehome,full,S,0.2,0.05,0.05,4,12,1,certified,1,1,1,1,1,1,12,12,8,12,8,2,0,msp,native,0.3,97,971,77,0,0,0.11518324607329843,risk_ucb,0.18894758452172092,0.2,,,0.13984692328957848,25,eeb309bf6e7acfe575c5d1b3caa6bc9e3b0394d66a9b70ed75271a3a3d425613
officehome_convnext_full__split09__seed3,officehome,full,B,0.2,0.05,0.05,4,12,0,finite-sample-evidence-margin,1,1,1,1,1,0,12,12,8,12,8,0,10,margin,margin,0.7,144,1256,160,0,0,0.17472118959107807,risk_ucb,0.2555806577313368,0.2,,,0.21278982423316747,31,eeb309bf6e7acfe575c5d1b3caa6bc9e3b0394d66a9b70ed75271a3a3d425613
officehome_convnext_full__split09__seed4,officehome,full,H,0.2,0.05,0.05,4,12,1,certified,1,1,1,1,1,1,12,12,9,12,9,6,9,margin,margin,0.5,138,1133,127,0,0,0.11885245901639344,holm_adjusted_pvalue,0.004895415017684523,0.05,0.0006119268772105654,5,0.20796057949158991,,8fb943795ea59e5c6301a1f6e6b695427a8097bb49ffad192fd32185c5711b2d
officehome_convnext_full__split09__seed4,officehome,full,S,0.2,0.05,0.05,4,12,1,certified,1,1,1,1,1,1,12,12,9,12,9,6,9,margin,margin,0.5,138,1133,127,0,0,0.11885245901639344,risk_ucb,0.18345199779816138,0.2,,,0.20796057949158991,25,8fb943795ea59e5c6301a1f6e6b695427a8097bb49ffad192fd32185c5711b2d
officehome_convnext_full__split09__seed4,officehome,full,B,0.2,0.05,0.05,4,12,1,certified,1,1,1,1,1,1,12,12,9,12,9,6,9,margin,margin,0.5,138,1133,127,0,0,0.11885245901639344,risk_ucb,0.19507638543156045,0.2,,,0.2024746514354908,31,8fb943795ea59e5c6301a1f6e6b695427a8097bb49ffad192fd32185c5711b2d
resnext29_8x64d__pathmnist_split_00__seed0__d0.5,pathmnist,d0.5,H,0.2,0.05,0.05,5,12,1,certified,1,1,1,1,1,1,12,12,9,12,9,2,5,energy,energy,0.5,168,893,94,0,0,0.11731843575418995,holm_adjusted_pvalue,0.02665382167020163,0.05,0.0024230746972910572,2,0.3458953402330113,,4dd3a180adf4d2d44d47c875479bbb161b1700fabe29639cf144f191a04543ac
resnext29_8x64d__pathmnist_split_00__seed0__d0.5,pathmnist,d0.5,S,0.2,0.05,0.05,5,12,1,certified,1,1,1,1,1,1,12,12,9,12,9,2,5,energy,energy,0.5,168,893,94,0,0,0.11731843575418995,risk_ucb,0.1943720909877345,0.2,,,0.3458953402330113,25,4dd3a180adf4d2d44d47c875479bbb161b1700fabe29639cf144f191a04543ac
resnext29_8x64d__pathmnist_split_00__seed0__d0.5,pathmnist,d0.5,B,0.2,0.05,0.05,5,12,1,certified,1,1,1,1,1,1,12,12,9,12,9,1,4,energy,energy,0.3,138,726,54,0,0,0.09352517985611511,risk_ucb,0.19538920365541726,0.2,,,0.26527108610350386,32,4dd3a180adf4d2d44d47c875479bbb161b1700fabe29639cf144f191a04543ac
resnext29_8x64d__pathmnist_split_00__seed0__d5.0,pathmnist,d5,H,0.2,0.05,0.05,5,12,1,certified,1,1,1,1,1,1,12,12,9,12,9,5,1,msp,native,0.5,190,1037,105,0,0,0.11894273127753303,holm_adjusted_pvalue,0.01339395954830052,0.05,0.0014882177275889466,4,0.39800318064251605,,31175a3ad5f60d6da106a60aff24bce36bf3a454c286607b94c633c5407eb74b
resnext29_8x64d__pathmnist_split_00__seed0__d5.0,pathmnist,d5,S,0.2,0.05,0.05,5,12,1,certified,1,1,1,1,1,1,12,12,9,12,9,5,1,msp,native,0.5,190,1037,105,0,0,0.11894273127753303,risk_ucb,0.1898992740715264,0.2,,,0.39800318064251605,25,31175a3ad5f60d6da106a60aff24bce36bf3a454c286607b94c633c5407eb74b
resnext29_8x64d__pathmnist_split_00__seed0__d5.0,pathmnist,d5,B,0.2,0.05,0.05,5,12,1,certified,1,1,1,1,1,1,12,12,9,12,9,3,4,energy,energy,0.3,187,996,73,0,0,0.10952380952380952,risk_ucb,0.19261098130777063,0.2,,,0.3788232585559223,32,31175a3ad5f60d6da106a60aff24bce36bf3a454c286607b94c633c5407eb74b
resnext29_8x64d__pathmnist_split_00__seed1__d0.5,pathmnist,d0.5,H,0.2,0.05,0.05,5,12,1,certified,1,1,1,1,1,1,10,10,7,10,7,4,5,energy,energy,0.5,244,1250,108,0,0,0.11507936507936507,holm_adjusted_pvalue,0.0021875377071897454,0.05,0.00024305974524330506,4,0.5290861373723031,,56e6dc3632920d961117387844e82f488b47b19d0b47c6bcccfeb99da873cb08
resnext29_8x64d__pathmnist_split_00__seed1__d0.5,pathmnist,d0.5,S,0.2,0.05,0.05,5,12,1,certified,1,1,1,1,1,1,10,10,7,10,7,4,5,energy,energy,0.5,244,1250,108,0,0,0.11507936507936507,risk_ucb,0.1778395258203803,0.2,,,0.5290861373723031,25,56e6dc3632920d961117387844e82f488b47b19d0b47c6bcccfeb99da873cb08
resnext29_8x64d__pathmnist_split_00__seed1__d0.5,pathmnist,d0.5,B,0.2,0.05,0.05,5,12,1,certified,1,1,1,1,1,1,10,10,7,10,7,4,5,energy,energy,0.5,244,1250,108,0,0,0.11507936507936507,risk_ucb,0.19087363473198213,0.2,,,0.5165707501552367,32,56e6dc3632920d961117387844e82f488b47b19d0b47c6bcccfeb99da873cb08
resnext29_8x64d__pathmnist_split_00__seed1__d5.0,pathmnist,d5,H,0.2,0.05,0.05,5,12,1,certified,1,1,1,1,1,1,12,12,8,12,8,2,0,msp,native,0.3,122,675,29,0,0,0.09836065573770492,holm_adjusted_pvalue,0.023560133644828538,0.05,0.001963344470402378,1,0.23955688380876308,,ae4963bdafc296fb085dbdd15f5a3630cfb6b4a22da8cc0d011982a8aaa52c44
resnext29_8x64d__pathmnist_split_00__seed1__d5.0,pathmnist,d5,S,0.2,0.05,0.05,5,12,1,certified,1,1,1,1,1,1,12,12,8,12,8,2,0,msp,native,0.3,122,675,29,0,0,0.09836065573770492,risk_ucb,0.19052462370242834,0.2,,,0.23955688380876308,25,ae4963bdafc296fb085dbdd15f5a3630cfb6b4a22da8cc0d011982a8aaa52c44
resnext29_8x64d__pathmnist_split_00__seed1__d5.0,pathmnist,d5,B,0.2,0.05,0.05,5,12,0,finite-sample-evidence-margin,1,1,1,1,1,0,12,12,8,12,8,0,6,energy,energy,0.7,199,1039,136,0,0,0.18592964824120603,risk_ucb,0.2854206600065463,0.2,,,0.4073273964117878,32,ae4963bdafc296fb085dbdd15f5a3630cfb6b4a22da8cc0d011982a8aaa52c44
resnext29_8x64d__pathmnist_split_00__seed2__d0.5,pathmnist,d0.5,H,0.2,0.05,0.05,5,12,1,certified,1,1,1,1,1,1,12,12,10,12,10,6,5,energy,energy,0.5,200,1060,89,0,0,0.12442396313364056,holm_adjusted_pvalue,0.01628523829149941,0.05,0.002326462613071344,6,0.42193795961847,,8c31f5e77857a37f586616668b2ceba22471b03d489aa479b611e95b3d09c1da
resnext29_8x64d__pathmnist_split_00__seed2__d0.5,pathmnist,d0.5,S,0.2,0.05,0.05,5,12,1,certified,1,1,1,1,1,1,12,12,10,12,10,6,5,energy,energy,0.5,200,1060,89,0,0,0.12442396313364056,risk_ucb,0.19454514663161027,0.2,,,0.42193795961847,25,8c31f5e77857a37f586616668b2ceba22471b03d489aa479b611e95b3d09c1da
resnext29_8x64d__pathmnist_split_00__seed2__d0.5,pathmnist,d0.5,B,0.2,0.05,0.05,5,12,1,certified,1,1,1,1,1,1,12,12,10,12,10,5,1,msp,native,0.5,186,1028,82,0,0,0.11574074074074074,risk_ucb,0.19881778658685437,0.2,,,0.3764598615307416,32,8c31f5e77857a37f586616668b2ceba22471b03d489aa479b611e95b3d09c1da
resnext29_8x64d__pathmnist_split_00__seed2__d5.0,pathmnist,d5,H,0.2,0.05,0.05,5,12,1,certified,1,1,1,1,1,1,12,12,12,12,12,6,9,margin,margin,0.5,172,877,76,0,0,0.11931818181818182,holm_adjusted_pvalue,0.02644560250086563,0.05,0.0033057003126082036,6,0.35531250487904215,,f216855c487c193f2ebd2c7a80a1a1ef772f0838807acf38abbeace3aeaa5385
resnext29_8x64d__pathmnist_split_00__seed2__d5.0,pathmnist,d5,S,0.2,0.05,0.05,5,12,1,certified,1,1,1,1,1,1,12,12,12,12,12,6,9,margin,margin,0.5,172,877,76,0,0,0.11931818181818182,risk_ucb,0.19753409202438518,0.2,,,0.35531250487904215,25,f216855c487c193f2ebd2c7a80a1a1ef772f0838807acf38abbeace3aeaa5385
resnext29_8x64d__pathmnist_split_00__seed2__d5.0,pathmnist,d5,B,0.2,0.05,0.05,5,12,1,certified,1,1,1,1,1,1,12,12,12,12,12,3,8,margin,margin,0.3,139,728,34,0,0,0.06474820143884892,risk_ucb,0.1569521677109176,0.2,,,0.26754008147247504,32,f216855c487c193f2ebd2c7a80a1a1ef772f0838807acf38abbeace3aeaa5385
resnext29_8x64d__pathmnist_split_00__seed3__d0.5,pathmnist,d0.5,H,0.2,0.05,0.05,5,12,1,certified,1,1,1,1,1,1,12,12,10,12,10,9,6,energy,energy,0.7,251,1324,142,0,0,0.12941176470588237,holm_adjusted_pvalue,0.012564066818870036,0.05,0.0020940111364783393,7,0.5464146803369061,,76966f2055abd30b05b952289e10e82f9767362655c525b74373cf964a9e6a44
resnext29_8x64d__pathmnist_split_00__seed3__d0.5,pathmnist,d0.5,S,0.2,0.05,0.05,5,12,1,certified,1,1,1,1,1,1,12,12,10,12,10,8,6,energy,energy,0.7,251,1324,142,0,0,0.12941176470588237,risk_ucb,0.19411454438742662,0.2,,,0.5464146803369061,25,76966f2055abd30b05b952289e10e82f9767362655c525b74373cf964a9e6a44
resnext29_8x64d__pathmnist_split_00__seed3__d0.5,pathmnist,d0.5,B,0.2,0.05,0.05,5,12,1,certified,1,1,1,1,1,1,12,12,10,12,10,6,5,energy,energy,0.5,230,1240,106,0,0,0.1169811320754717,risk_ucb,0.19096786520198816,0.2,,,0.4821818886748961,32,76966f2055abd30b05b952289e10e82f9767362655c525b74373cf964a9e6a44
resnext29_8x64d__pathmnist_split_00__seed3__d5.0,pathmnist,d5,H,0.2,0.05,0.05,5,12,1,certified,1,1,1,1,1,1,12,12,9,12,9,6,5,energy,energy,0.5,219,1132,88,0,0,0.0958904109589041,holm_adjusted_pvalue,0.00021188138291093001,0.05,2.3542375878992224e-05,4,0.4678376257871641,,d87f44f437e10f7f36f3efe87fb0b1e6d0b2ff882d9d49bcfc696ad35a5db346
resnext29_8x64d__pathmnist_split_00__seed3__d5.0,pathmnist,d5,S,0.2,0.05,0.05,5,12,1,certified,1,1,1,1,1,1,12,12,9,12,9,6,5,energy,energy,0.5,219,1132,88,0,0,0.0958904109589041,risk_ucb,0.16017159868947914,0.2,,,0.4678376257871641,25,d87f44f437e10f7f36f3efe87fb0b1e6d0b2ff882d9d49bcfc696ad35a5db346
resnext29_8x64d__pathmnist_split_00__seed3__d5.0,pathmnist,d5,B,0.2,0.05,0.05,5,12,1,certified,1,1,1,1,1,1,12,12,9,12,9,6,5,energy,energy,0.5,219,1132,88,0,0,0.0958904109589041,risk_ucb,0.1737537499797314,0.2,,,0.45541895780370545,32,d87f44f437e10f7f36f3efe87fb0b1e6d0b2ff882d9d49bcfc696ad35a5db346
resnext29_8x64d__pathmnist_split_00__seed4__d0.5,pathmnist,d0.5,H,0.2,0.05,0.05,5,12,1,certified,1,1,1,1,1,1,12,12,9,12,9,2,8,margin,margin,0.3,102,652,46,0,0,0.11320754716981132,holm_adjusted_pvalue,0.03181252462885607,0.05,0.0026510437190713394,2,0.1945938741021935,,294b895b9d8dfe1a8b7930cb49613c79094079b98c5c6c246d02a68eb6705711
resnext29_8x64d__pathmnist_split_00__seed4__d0.5,pathmnist,d0.5,S,0.2,0.05,0.05,5,12,1,certified,1,1,1,1,1,1,12,12,9,12,9,2,8,margin,margin,0.3,102,652,46,0,0,0.11320754716981132,risk_ucb,0.19497736935737708,0.2,,,0.1945938741021935,25,294b895b9d8dfe1a8b7930cb49613c79094079b98c5c6c246d02a68eb6705711
resnext29_8x64d__pathmnist_split_00__seed4__d0.5,pathmnist,d0.5,B,0.2,0.05,0.05,5,12,0,finite-sample-evidence-margin,1,1,1,1,1,0,12,12,9,12,9,0,6,energy,energy,0.7,257,1365,217,0,0,0.18439716312056736,risk_ucb,0.26616989111601247,0.2,,,0.5488410260431491,32,294b895b9d8dfe1a8b7930cb49613c79094079b98c5c6c246d02a68eb6705711
resnext29_8x64d__pathmnist_split_00__seed4__d5.0,pathmnist,d5,H,0.2,0.05,0.05,5,12,1,certified,1,1,1,1,1,1,12,12,9,12,9,3,4,energy,energy,0.3,174,903,68,0,0,0.10614525139664804,holm_adjusted_pvalue,0.006383270273137847,0.05,0.0005802972975579861,2,0.3600306938144899,,14c9325943f3f35bd88114fb23310234519efa74a1f71826729650416661cf83
resnext29_8x64d__pathmnist_split_00__seed4__d5.0,pathmnist,d5,S,0.2,0.05,0.05,5,12,1,certified,1,1,1,1,1,1,12,12,9,12,9,3,4,energy,energy,0.3,174,903,68,0,0,0.10614525139664804,risk_ucb,0.18091230396599486,0.2,,,0.3600306938144899,25,14c9325943f3f35bd88114fb23310234519efa74a1f71826729650416661cf83
resnext29_8x64d__pathmnist_split_00__seed4__d5.0,pathmnist,d5,B,0.2,0.05,0.05,5,12,1,certified,1,1,1,1,1,1,12,12,9,12,9,3,4,energy,energy,0.3,174,903,68,0,0,0.10614525139664804,risk_ucb,0.1966696953379302,0.2,,,0.34824410206160583,32,14c9325943f3f35bd88114fb23310234519efa74a1f71826729650416661cf83
resnext29_8x64d__pathmnist_split_01__seed0__d0.5,pathmnist,d0.5,H,0.2,0.05,0.05,5,12,0,empirical-error-only,1,1,0,1,0,0,5,5,0,5,0,0,,,,,,,,,,,holm_adjusted_pvalue,,0.05,,,,,46efe976ffb871839ff039263336bef1253327f25dbb57e4613cfdea0e232e3b
resnext29_8x64d__pathmnist_split_01__seed0__d0.5,pathmnist,d0.5,S,0.2,0.05,0.05,5,12,0,empirical-error-only,1,1,0,1,0,0,5,5,0,5,0,0,,,,,,,,,,,risk_ucb,,0.2,,,,25,46efe976ffb871839ff039263336bef1253327f25dbb57e4613cfdea0e232e3b
resnext29_8x64d__pathmnist_split_01__seed0__d0.5,pathmnist,d0.5,B,0.2,0.05,0.05,5,12,0,empirical-error-only,1,1,0,1,0,0,5,5,0,5,0,0,,,,,,,,,,,risk_ucb,,0.2,,,,32,46efe976ffb871839ff039263336bef1253327f25dbb57e4613cfdea0e232e3b
resnext29_8x64d__pathmnist_split_01__seed0__d5.0,pathmnist,d5,H,0.2,0.05,0.05,5,12,1,certified,1,1,1,1,1,1,9,9,4,9,4,1,5,energy,energy,0.5,231,1213,116,0,0,0.12554112554112554,holm_adjusted_pvalue,0.02389821633793754,0.05,0.0019915180281614617,1,0.511815009682084,,9c8e0bccf14ae1aebfa604e74750d494d7fe37b4774463dcb48d114b0161fd54
resnext29_8x64d__pathmnist_split_01__seed0__d5.0,pathmnist,d5,S,0.2,0.05,0.05,5,12,1,certified,1,1,1,1,1,1,9,9,4,9,4,1,5,energy,energy,0.5,231,1213,116,0,0,0.12554112554112554,risk_ucb,0.1933670425223782,0.2,,,0.511815009682084,25,9c8e0bccf14ae1aebfa604e74750d494d7fe37b4774463dcb48d114b0161fd54
resnext29_8x64d__pathmnist_split_01__seed0__d5.0,pathmnist,d5,B,0.2,0.05,0.05,5,12,0,finite-sample-evidence-margin,1,1,1,1,1,0,9,9,4,9,4,0,6,energy,energy,0.7,276,1424,183,0,0,0.15217391304347827,risk_ucb,0.23047854436926402,0.2,,,0.6148893607849408,32,9c8e0bccf14ae1aebfa604e74750d494d7fe37b4774463dcb48d114b0161fd54
resnext29_8x64d__pathmnist_split_01__seed1__d0.5,pathmnist,d0.5,H,0.2,0.05,0.05,5,12,0,empirical-error-only,1,1,0,1,0,0,6,6,0,6,0,0,,,,,,,,,,,holm_adjusted_pvalue,,0.05,,,,,58c4158204f657a829b1aa9f15603fa17b90d84b50fee2c4f7c36c5036ae7b52
resnext29_8x64d__pathmnist_split_01__seed1__d0.5,pathmnist,d0.5,S,0.2,0.05,0.05,5,12,0,empirical-error-only,1,1,0,1,0,0,6,6,0,6,0,0,,,,,,,,,,,risk_ucb,,0.2,,,,25,58c4158204f657a829b1aa9f15603fa17b90d84b50fee2c4f7c36c5036ae7b52
resnext29_8x64d__pathmnist_split_01__seed1__d0.5,pathmnist,d0.5,B,0.2,0.05,0.05,5,12,0,empirical-error-only,1,1,0,1,0,0,6,6,0,6,0,0,,,,,,,,,,,risk_ucb,,0.2,,,,32,58c4158204f657a829b1aa9f15603fa17b90d84b50fee2c4f7c36c5036ae7b52
resnext29_8x64d__pathmnist_split_01__seed1__d5.0,pathmnist,d5,H,0.2,0.05,0.05,5,12,0,finite-sample-evidence-margin,1,1,1,1,1,0,11,11,6,11,6,0,6,energy,energy,0.7,281,1444,206,0,0,0.16498316498316498,holm_adjusted_pvalue,0.8036419277445342,0.05,0.07305835706768493,2,0.6404129229609884,,2758a099821753caa5d19c437230c658a2c7c6e1904b6cd90f6015672010099b
resnext29_8x64d__pathmnist_split_01__seed1__d5.0,pathmnist,d5,S,0.2,0.05,0.05,5,12,0,finite-sample-evidence-margin,1,1,1,1,1,0,11,11,6,11,6,0,6,energy,energy,0.7,281,1444,206,0,0,0.16498316498316498,risk_ucb,0.22901974624557975,0.2,,,0.6404129229609884,25,2758a099821753caa5d19c437230c658a2c7c6e1904b6cd90f6015672010099b
resnext29_8x64d__pathmnist_split_01__seed1__d5.0,pathmnist,d5,B,0.2,0.05,0.05,5,12,0,finite-sample-evidence-margin,1,1,1,1,1,0,11,11,6,10,5,0,6,energy,energy,0.7,281,1444,206,0,0,0.16498316498316498,risk_ucb,0.2419472973934713,0.2,,,0.6280378044278966,32,2758a099821753caa5d19c437230c658a2c7c6e1904b6cd90f6015672010099b
resnext29_8x64d__pathmnist_split_01__seed2__d0.5,pathmnist,d0.5,H,0.2,0.05,0.05,5,12,1,certified,1,1,1,1,1,1,12,12,6,12,6,1,4,energy,energy,0.3,64,344,15,0,0,0.07246376811594203,holm_adjusted_pvalue,0.03785219615931288,0.05,0.00315434967994274,1,0.11518550402919615,,2578a3a213bff476a761cd4979ceeb392b3eca05302eeadaa45ff81ffa332bf4
resnext29_8x64d__pathmnist_split_01__seed2__d0.5,pathmnist,d0.5,S,0.2,0.05,0.05,5,12,1,certified,1,1,1,1,1,1,12,12,6,12,6,1,4,energy,energy,0.3,64,344,15,0,0,0.07246376811594203,risk_ucb,0.19509619217089558,0.2,,,0.11518550402919615,25,2578a3a213bff476a761cd4979ceeb392b3eca05302eeadaa45ff81ffa332bf4
resnext29_8x64d__pathmnist_split_01__seed2__d0.5,pathmnist,d0.5,B,0.2,0.05,0.05,5,12,0,finite-sample-evidence-margin,1,1,1,1,1,0,12,12,6,12,6,0,5,energy,energy,0.5,71,382,34,0,0,0.13793103448275862,risk_ucb,0.2872220688381762,0.2,,,0.12248064027784351,32,2578a3a213bff476a761cd4979ceeb392b3eca05302eeadaa45ff81ffa332bf4
resnext29_8x64d__pathmnist_split_01__seed2__d5.0,pathmnist,d5,H,0.2,0.05,0.05,5,12,0,finite-sample-evidence-margin,1,1,1,1,1,0,9,9,3,9,3,0,1,msp,native,0.5,217,1144,117,0,0,0.17131474103585656,holm_adjusted_pvalue,1.0,0.05,0.14465790775300574,3,0.47660548094590055,,7dbf74d972a20093f4a451511cf16afbd5dbc524283d0d7221343e169ad36046
resnext29_8x64d__pathmnist_split_01__seed2__d5.0,pathmnist,d5,S,0.2,0.05,0.05,5,12,0,finite-sample-evidence-margin,1,1,1,1,1,0,9,9,3,9,3,0,1,msp,native,0.5,217,1144,117,0,0,0.17131474103585656,risk_ucb,0.242428310045881,0.2,,,0.47660548094590055,25,7dbf74d972a20093f4a451511cf16afbd5dbc524283d0d7221343e169ad36046
resnext29_8x64d__pathmnist_split_01__seed2__d5.0,pathmnist,d5,B,0.2,0.05,0.05,5,12,0,finite-sample-evidence-margin,1,1,1,1,1,0,9,9,3,9,3,0,1,msp,native,0.5,217,1144,117,0,0,0.17131474103585656,risk_ucb,0.2567811668815049,0.2,,,0.463991524910481,32,7dbf74d972a20093f4a451511cf16afbd5dbc524283d0d7221343e169ad36046
resnext29_8x64d__pathmnist_split_01__seed3__d0.5,pathmnist,d0.5,H,0.2,0.05,0.05,5,12,0,finite-sample-evidence-margin,1,1,1,1,1,0,9,9,6,9,6,0,6,energy,energy,0.7,224,1156,187,0,0,0.19555555555555557,holm_adjusted_pvalue,1.0,0.05,0.4734201988646913,6,0.4941690958072394,,642cf35641f9ffd69f85edadbd6541d51ebcc0667b46c51963661ae92c2d33e0
resnext29_8x64d__pathmnist_split_01__seed3__d0.5,pathmnist,d0.5,S,0.2,0.05,0.05,5,12,0,finite-sample-evidence-margin,1,1,1,1,1,0,9,9,6,9,6,0,6,energy,energy,0.7,224,1156,187,0,0,0.19555555555555557,risk_ucb,0.2739976370922356,0.2,,,0.4941690958072394,25,642cf35641f9ffd69f85edadbd6541d51ebcc0667b46c51963661ae92c2d33e0
resnext29_8x64d__pathmnist_split_01__seed3__d0.5,pathmnist,d0.5,B,0.2,0.05,0.05,5,12,0,finite-sample-evidence-margin,1,1,1,1,1,0,9,9,6,9,6,0,6,energy,energy,0.7,224,1156,187,0,0,0.19555555555555557,risk_ucb,0.2896922684991473,0.2,,,0.4815151096813906,32,642cf35641f9ffd69f85edadbd6541d51ebcc0667b46c51963661ae92c2d33e0
resnext29_8x64d__pathmnist_split_01__seed3__d5.0,pathmnist,d5,H,0.2,0.05,0.05,5,12,0,finite-sample-evidence-margin,1,1,1,1,1,0,11,9,5,8,5,0,6,energy,energy,0.7,243,1249,203,0,0,0.1862348178137652,holm_adjusted_pvalue,1.0,0.05,0.32687670197250657,5,0.5422603249908012,,95fcab2bb259a45a97bf7e338bc2b1dc429028bf0cc18408459c74ea5c991fd4
resnext29_8x64d__pathmnist_split_01__seed3__d5.0,pathmnist,d5,S,0.2,0.05,0.05,5,12,0,finite-sample-evidence-margin,1,1,1,1,1,0,11,9,5,8,5,0,6,energy,energy,0.7,243,1249,203,0,0,0.1862348178137652,risk_ucb,0.2597307910535307,0.2,,,0.5422603249908012,25,95fcab2bb259a45a97bf7e338bc2b1dc429028bf0cc18408459c74ea5c991fd4
resnext29_8x64d__pathmnist_split_01__seed3__d5.0,pathmnist,d5,B,0.2,0.05,0.05,5,12,0,finite-sample-evidence-margin,1,1,1,1,1,0,11,9,5,8,5,0,6,energy,energy,0.7,243,1249,203,0,0,0.1862348178137652,risk_ucb,0.2744769272696769,0.2,,,0.5295761889631414,32,95fcab2bb259a45a97bf7e338bc2b1dc429028bf0cc18408459c74ea5c991fd4
resnext29_8x64d__pathmnist_split_01__seed4__d0.5,pathmnist,d0.5,H,0.2,0.05,0.05,5,12,1,certified,1,1,1,1,1,1,9,9,6,9,6,2,1,msp,native,0.5,211,1120,114,0,0,0.12,holm_adjusted_pvalue,0.011642884499198152,0.05,0.0010584440453816502,2,0.46161577160753914,,81774e4db2a67c71fa8ddd78a28c7eb6c1723e6c9e843539743fd48ec36481aa
resnext29_8x64d__pathmnist_split_01__seed4__d0.5,pathmnist,d0.5,S,0.2,0.05,0.05,5,12,1,certified,1,1,1,1,1,1,9,9,6,9,6,2,1,msp,native,0.5,211,1120,114,0,0,0.12,risk_ucb,0.187901788511806,0.2,,,0.46161577160753914,25,81774e4db2a67c71fa8ddd78a28c7eb6c1723e6c9e843539743fd48ec36481aa
resnext29_8x64d__pathmnist_split_01__seed4__d0.5,pathmnist,d0.5,B,0.2,0.05,0.05,5,12,1,certified,1,1,1,1,1,1,9,9,6,9,6,1,9,margin,margin,0.5,206,1105,109,0,0,0.11312217194570136,risk_ucb,0.1945325395771613,0.2,,,0.4366495068721531,32,81774e4db2a67c71fa8ddd78a28c7eb6c1723e6c9e843539743fd48ec36481aa
resnext29_8x64d__pathmnist_split_01__seed4__d5.0,pathmnist,d5,H,0.2,0.05,0.05,5,12,0,finite-sample-evidence-margin,1,1,1,1,1,0,9,9,6,9,6,0,2,msp,native,0.7,258,1353,199,0,0,0.17437722419928825,holm_adjusted_pvalue,1.0,0.05,0.1587716231365438,5,0.5806759172385751,,0f3357ed7d89e1b396d062188707a05bf6b09f7adc731d5dc0b9734cf20cf71e
resnext29_8x64d__pathmnist_split_01__seed4__d5.0,pathmnist,d5,S,0.2,0.05,0.05,5,12,0,finite-sample-evidence-margin,1,1,1,1,1,0,9,9,6,9,6,0,2,msp,native,0.7,258,1353,199,0,0,0.17437722419928825,risk_ucb,0.2421287375196182,0.2,,,0.5806759172385751,25,0f3357ed7d89e1b396d062188707a05bf6b09f7adc731d5dc0b9734cf20cf71e
resnext29_8x64d__pathmnist_split_01__seed4__d5.0,pathmnist,d5,B,0.2,0.05,0.05,5,12,0,finite-sample-evidence-margin,1,1,1,1,1,0,9,9,6,9,6,0,2,msp,native,0.7,258,1353,199,0,0,0.17437722419928825,risk_ucb,0.2561854868664826,0.2,,,0.5680521383542163,32,0f3357ed7d89e1b396d062188707a05bf6b09f7adc731d5dc0b9734cf20cf71e
resnext29_8x64d__pathmnist_split_02__seed0__d0.5,pathmnist,d0.5,H,0.2,0.05,0.05,5,12,1,certified,1,1,1,1,1,1,12,12,10,12,10,5,6,energy,energy,0.7,138,780,77,0,0,0.10869565217391304,holm_adjusted_pvalue,0.027476997124033786,0.05,0.0031583927182243223,5,0.26860274350919294,,f9521e2cad7552cfbbd83c56e478f88d329b54ff456d060da121176064fda037
resnext29_8x64d__pathmnist_split_02__seed0__d0.5,pathmnist,d0.5,S,0.2,0.05,0.05,5,12,1,certified,1,1,1,1,1,1,12,12,10,12,10,5,6,energy,energy,0.7,138,780,77,0,0,0.10869565217391304,risk_ucb,0.1966495048307131,0.2,,,0.26860274350919294,25,f9521e2cad7552cfbbd83c56e478f88d329b54ff456d060da121176064fda037
resnext29_8x64d__pathmnist_split_02__seed0__d0.5,pathmnist,d0.5,B,0.2,0.05,0.05,5,12,1,certified,1,1,1,1,1,1,12,12,10,12,10,3,8,margin,margin,0.3,127,683,25,0,0,0.058394160583941604,risk_ucb,0.14894718394948975,0.2,,,0.23388854864291617,32,f9521e2cad7552cfbbd83c56e478f88d329b54ff456d060da121176064fda037
resnext29_8x64d__pathmnist_split_02__seed0__d5.0,pathmnist,d5,H,0.2,0.05,0.05,5,12,1,certified,1,1,1,1,1,1,12,12,9,12,9,6,2,msp,native,0.7,280,1450,184,0,0,0.14084507042253522,holm_adjusted_pvalue,0.043135480834639535,0.05,0.006162211547805648,6,0.6015015587265418,,9c54d388991a3151194dc1e37cb3e5fec3be6757204f6683070fe4c9682fee9f
resnext29_8x64d__pathmnist_split_02__seed0__d5.0,pathmnist,d5,S,0.2,0.05,0.05,5,12,1,certified,1,1,1,1,1,1,12,12,9,12,9,5,1,msp,native,0.5,260,1351,108,0,0,0.09363295880149813,risk_ucb,0.15038647537543004,0.2,,,0.5527845284861648,25,9c54d388991a3151194dc1e37cb3e5fec3be6757204f6683070fe4c9682fee9f
resnext29_8x64d__pathmnist_split_02__seed0__d5.0,pathmnist,d5,B,0.2,0.05,0.05,5,12,1,certified,1,1,1,1,1,1,12,12,9,12,9,5,1,msp,native,0.5,260,1351,108,0,0,0.09363295880149813,risk_ucb,0.16232931829813807,0.2,,,0.5404474032457043,32,9c54d388991a3151194dc1e37cb3e5fec3be6757204f6683070fe4c9682fee9f
resnext29_8x64d__pathmnist_split_02__seed1__d0.5,pathmnist,d0.5,H,0.2,0.05,0.05,5,12,1,certified,1,1,1,1,1,1,12,12,9,12,9,6,10,margin,margin,0.7,247,1277,163,0,0,0.13765182186234817,holm_adjusted_pvalue,0.048969508975842485,0.05,0.006995644139406069,6,0.5214570776739867,,e66c0c15188fced0a9d188cf89af2c55ff9821994b34686b5b7b383b091f9057
resnext29_8x64d__pathmnist_split_02__seed1__d0.5,pathmnist,d0.5,S,0.2,0.05,0.05,5,12,1,certified,1,1,1,1,1,1,12,12,9,12,9,5,9,margin,margin,0.5,214,1163,111,0,0,0.11904761904761904,risk_ucb,0.1824905320047851,0.2,,,0.4430608574813388,25,e66c0c15188fced0a9d188cf89af2c55ff9821994b34686b5b7b383b091f9057
resnext29_8x64d__pathmnist_split_02__seed1__d0.5,pathmnist,d0.5,B,0.2,0.05,0.05,5,12,1,certified,1,1,1,1,1,1,12,12,9,12,9,5,9,margin,margin,0.5,214,1163,111,0,0,0.11904761904761904,risk_ucb,0.19563436734400846,0.2,,,0.4308955309024955,32,e66c0c15188fced0a9d188cf89af2c55ff9821994b34686b5b7b383b091f9057
resnext29_8x64d__pathmnist_split_02__seed1__d5.0,pathmnist,d5,H,0.2,0.05,0.05,5,12,1,certified,1,1,1,1,1,1,12,12,9,11,8,2,0,msp,native,0.3,84,481,19,0,0,0.05747126436781609,holm_adjusted_pvalue,0.002076097607477047,0.05,0.00017300813395642055,1,0.15077839394179918,,9c8e77cda2cab03c8ed199d64afeceb3e8455774259d4f8983ee7afbb9bdccb4
resnext29_8x64d__pathmnist_split_02__seed1__d5.0,pathmnist,d5,S,0.2,0.05,0.05,5,12,1,certified,1,1,1,1,1,1,12,12,9,11,8,2,0,msp,native,0.3,84,481,19,0,0,0.05747126436781609,risk_ucb,0.15695507993374527,0.2,,,0.15077839394179918,25,9c8e77cda2cab03c8ed199d64afeceb3e8455774259d4f8983ee7afbb9bdccb4
resnext29_8x64d__pathmnist_split_02__seed1__d5.0,pathmnist,d5,B,0.2,0.05,0.05,5,12,1,certified,1,1,1,1,1,1,12,12,9,11,8,2,0,msp,native,0.3,84,481,19,0,0,0.05747126436781609,risk_ucb,0.17951930125032933,0.2,,,0.14243785859425354,32,9c8e77cda2cab03c8ed199d64afeceb3e8455774259d4f8983ee7afbb9bdccb4
resnext29_8x64d__pathmnist_split_02__seed2__d0.5,pathmnist,d0.5,H,0.2,0.05,0.05,5,12,0,finite-sample-evidence-margin,1,1,1,1,1,0,10,10,7,10,7,0,6,energy,energy,0.7,164,876,113,0,0,0.16939890710382513,holm_adjusted_pvalue,1.0,0.05,0.17341720908327513,2,0.32729159182589257,,30b67318e8e237e4c31bb6fc51dc1aaffe61ea1b5a8334fdf6a1050d1d587831
resnext29_8x64d__pathmnist_split_02__seed2__d0.5,pathmnist,d0.5,S,0.2,0.05,0.05,5,12,0,finite-sample-evidence-margin,1,1,1,1,1,0,10,10,7,10,7,0,6,energy,energy,0.7,164,876,113,0,0,0.16939890710382513,risk_ucb,0.25403287521193535,0.2,,,0.32729159182589257,25,30b67318e8e237e4c31bb6fc51dc1aaffe61ea1b5a8334fdf6a1050d1d587831
resnext29_8x64d__pathmnist_split_02__seed2__d0.5,pathmnist,d0.5,B,0.2,0.05,0.05,5,12,0,finite-sample-evidence-margin,1,1,1,1,1,0,10,10,7,10,7,0,6,energy,energy,0.7,164,876,113,0,0,0.16939890710382513,risk_ucb,0.2711964090572674,0.2,,,0.31596931938390616,32,30b67318e8e237e4c31bb6fc51dc1aaffe61ea1b5a8334fdf6a1050d1d587831
resnext29_8x64d__pathmnist_split_02__seed2__d5.0,pathmnist,d5,H,0.2,0.05,0.05,5,12,1,certified,1,1,1,1,1,1,12,12,9,12,9,5,9,margin,margin,0.5,229,1191,124,0,0,0.124,holm_adjusted_pvalue,0.011940059339247149,0.05,0.00132667325991635,4,0.4784987646373191,,95a4dd85ec74d2fc64d29af7b064ff517203c5c2f4ec577d2c2a0391715dc4f6
resnext29_8x64d__pathmnist_split_02__seed2__d5.0,pathmnist,d5,S,0.2,0.05,0.05,5,12,1,certified,1,1,1,1,1,1,12,12,9,12,9,5,9,margin,margin,0.5,229,1191,124,0,0,0.124,risk_ucb,0.18987882032731404,0.2,,,0.4784987646373191,25,95a4dd85ec74d2fc64d29af7b064ff517203c5c2f4ec577d2c2a0391715dc4f6
resnext29_8x64d__pathmnist_split_02__seed2__d5.0,pathmnist,d5,B,0.2,0.05,0.05,5,12,1,certified,1,1,1,1,1,1,12,12,9,12,9,3,8,margin,margin,0.3,196,1041,74,0,0,0.11009174311926606,risk_ucb,0.1914926891637809,0.2,,,0.38902209903782264,32,95a4dd85ec74d2fc64d29af7b064ff517203c5c2f4ec577d2c2a0391715dc4f6
resnext29_8x64d__pathmnist_split_02__seed3__d0.5,pathmnist,d0.5,H,0.2,0.05,0.05,5,12,1,certified,1,1,1,1,1,1,12,12,8,12,8,2,8,margin,margin,0.3,193,1023,76,0,0,0.12,holm_adjusted_pvalue,0.023547269383835858,0.05,0.001962272448652988,2,0.3939920881474064,,6b02991ec439b65ab320efaab459f3b00e25a829a6c8b0a4210c67fdc5a12e1c
resnext29_8x64d__pathmnist_split_02__seed3__d0.5,pathmnist,d0.5,S,0.2,0.05,0.05,5,12,1,certified,1,1,1,1,1,1,12,12,8,12,8,2,8,margin,margin,0.3,193,1023,76,0,0,0.12,risk_ucb,0.1927075603290089,0.2,,,0.3939920881474064,25,6b02991ec439b65ab320efaab459f3b00e25a829a6c8b0a4210c67fdc5a12e1c
resnext29_8x64d__pathmnist_split_02__seed3__d0.5,pathmnist,d0.5,B,0.2,0.05,0.05,5,12,0,finite-sample-evidence-margin,1,1,1,1,1,0,12,12,8,12,8,0,2,msp,native,0.7,259,1335,203,0,0,0.1947565543071161,risk_ucb,0.2803047026781624,0.2,,,0.5380257672426282,32,6b02991ec439b65ab320efaab459f3b00e25a829a6c8b0a4210c67fdc5a12e1c
resnext29_8x64d__pathmnist_split_02__seed3__d5.0,pathmnist,d5,H,0.2,0.05,0.05,5,12,1,certified,1,1,1,1,1,1,9,9,6,9,6,2,9,margin,margin,0.5,187,1043,96,0,0,0.10476190476190476,holm_adjusted_pvalue,0.0019223769958421183,0.05,0.0001601980829868432,2,0.3800896544692832,,978eac95b972f3de929ce26794e9c70b2f8a890e100f143af4be6fc72a40ea03
resnext29_8x64d__pathmnist_split_02__seed3__d5.0,pathmnist,d5,S,0.2,0.05,0.05,5,12,1,certified,1,1,1,1,1,1,9,9,6,9,6,2,9,margin,margin,0.5,187,1043,96,0,0,0.10476190476190476,risk_ucb,0.17251740148956374,0.2,,,0.3800896544692832,25,978eac95b972f3de929ce26794e9c70b2f8a890e100f143af4be6fc72a40ea03
resnext29_8x64d__pathmnist_split_02__seed3__d5.0,pathmnist,d5,B,0.2,0.05,0.05,5,12,1,certified,1,1,1,1,1,1,9,9,6,9,6,2,9,margin,margin,0.5,187,1043,96,0,0,0.10476190476190476,risk_ucb,0.18675357610241214,0.2,,,0.3682940243879321,32,978eac95b972f3de929ce26794e9c70b2f8a890e100f143af4be6fc72a40ea03
resnext29_8x64d__pathmnist_split_02__seed4__d0.5,pathmnist,d0.5,H,0.2,0.05,0.05,5,12,1,certified,1,1,1,1,1,1,12,12,9,12,9,5,1,msp,native,0.5,243,1295,133,0,0,0.12857142857142856,holm_adjusted_pvalue,0.0091619219889909,0.05,0.0011452402486238624,5,0.5118693767258353,,1d122ff56bfe9042ba4d69eb5a5c8db5af384f2a845ed4bc12d085f5b0e7a15f
resnext29_8x64d__pathmnist_split_02__seed4__d0.5,pathmnist,d0.5,S,0.2,0.05,0.05,5,12,1,certified,1,1,1,1,1,1,12,12,9,12,9,5,1,msp,native,0.5,243,1295,133,0,0,0.12857142857142856,risk_ucb,0.18979008882646978,0.2,,,0.5118693767258353,25,1d122ff56bfe9042ba4d69eb5a5c8db5af384f2a845ed4bc12d085f5b0e7a15f
resnext29_8x64d__pathmnist_split_02__seed4__d0.5,pathmnist,d0.5,B,0.2,0.05,0.05,5,12,1,certified,1,1,1,1,1,1,12,12,9,12,9,3,8,margin,margin,0.3,228,1195,77,0,0,0.08333333333333333,risk_ucb,0.15187626109454458,0.2,,,0.46384674473835596,32,1d122ff56bfe9042ba4d69eb5a5c8db5af384f2a845ed4bc12d085f5b0e7a15f
resnext29_8x64d__pathmnist_split_02__seed4__d5.0,pathmnist,d5,H,0.2,0.05,0.05,5,12,1,certified,1,1,1,1,1,1,12,12,9,12,9,6,9,margin,margin,0.5,233,1230,129,0,0,0.11673151750972763,holm_adjusted_pvalue,0.0025319962722077046,0.05,0.0002813329191341894,5,0.48800390241981517,,1c5f6c3fd58a901b975d82f5c03dfb1abdb495b7a12a6d0b11aa8b277f05b9ea
resnext29_8x64d__pathmnist_split_02__seed4__d5.0,pathmnist,d5,S,0.2,0.05,0.05,5,12,1,certified,1,1,1,1,1,1,12,12,9,12,9,6,9,margin,margin,0.5,233,1230,129,0,0,0.11673151750972763,risk_ucb,0.17906829167121469,0.2,,,0.48800390241981517,25,1c5f6c3fd58a901b975d82f5c03dfb1abdb495b7a12a6d0b11aa8b277f05b9ea
resnext29_8x64d__pathmnist_split_02__seed4__d5.0,pathmnist,d5,B,0.2,0.05,0.05,5,12,1,certified,1,1,1,1,1,1,12,12,9,12,9,6,9,margin,margin,0.5,233,1230,129,0,0,0.11673151750972763,risk_ucb,0.19199506637011704,0.2,,,0.47569671139686115,32,1c5f6c3fd58a901b975d82f5c03dfb1abdb495b7a12a6d0b11aa8b277f05b9ea
resnext29_8x64d__pathmnist_split_03__seed0__d0.5,pathmnist,d0.5,H,0.2,0.05,0.05,5,12,0,finite-sample-evidence-margin,1,1,1,1,1,0,11,11,8,11,8,0,6,energy,energy,0.7,147,848,113,0,0,0.16292134831460675,holm_adjusted_pvalue,1.0,0.05,0.12509290967573697,4,0.29168406668972147,,1e1e7d2a6ea47431f8b73d573b36806e555d5701ceb3d7e27204985da7aec54e
resnext29_8x64d__pathmnist_split_03__seed0__d0.5,pathmnist,d0.5,S,0.2,0.05,0.05,5,12,0,finite-sample-evidence-margin,1,1,1,1,1,0,11,11,8,11,8,0,6,energy,energy,0.7,147,848,113,0,0,0.16292134831460675,risk_ucb,0.24796693242392376,0.2,,,0.29168406668972147,25,1e1e7d2a6ea47431f8b73d573b36806e555d5701ceb3d7e27204985da7aec54e
resnext29_8x64d__pathmnist_split_03__seed0__d0.5,pathmnist,d0.5,B,0.2,0.05,0.05,5,12,0,finite-sample-evidence-margin,1,1,1,1,1,0,11,11,8,11,8,0,6,energy,energy,0.7,147,848,113,0,0,0.16292134831460675,risk_ucb,0.2652752209383251,0.2,,,0.2807224398192345,32,1e1e7d2a6ea47431f8b73d573b36806e555d5701ceb3d7e27204985da7aec54e
resnext29_8x64d__pathmnist_split_03__seed0__d5.0,pathmnist,d5,H,0.2,0.05,0.05,5,12,0,finite-sample-evidence-margin,1,1,1,1,1,0,11,11,8,11,8,0,2,msp,native,0.7,200,1028,138,0,0,0.17560975609756097,holm_adjusted_pvalue,1.0,0.05,0.21798953551682837,7,0.4123490410893624,,be47f37ef101291b9056fbdb2f982a6803f3dfb1131cdb68b79950e1f5193ae3
resnext29_8x64d__pathmnist_split_03__seed0__d5.0,pathmnist,d5,S,0.2,0.05,0.05,5,12,0,finite-sample-evidence-margin,1,1,1,1,1,0,11,11,8,11,8,0,2,msp,native,0.7,200,1028,138,0,0,0.17560975609756097,risk_ucb,0.2558061940258134,0.2,,,0.4123490410893624,25,be47f37ef101291b9056fbdb2f982a6803f3dfb1131cdb68b79950e1f5193ae3
resnext29_8x64d__pathmnist_split_03__seed0__d5.0,pathmnist,d5,B,0.2,0.05,0.05,5,12,0,finite-sample-evidence-margin,1,1,1,1,1,0,11,11,8,11,8,0,2,msp,native,0.7,200,1028,138,0,0,0.17560975609756097,risk_ucb,0.2720021045705029,0.2,,,0.40031021304446884,32,be47f37ef101291b9056fbdb2f982a6803f3dfb1131cdb68b79950e1f5193ae3
resnext29_8x64d__pathmnist_split_03__seed1__d0.5,pathmnist,d0.5,H,0.2,0.05,0.05,5,12,0,finite-sample-evidence-margin,1,1,1,1,1,0,11,11,8,11,8,0,10,margin,margin,0.7,202,1100,148,0,0,0.18316831683168316,holm_adjusted_pvalue,1.0,0.05,0.3096610239903193,6,0.41703979663549656,,acd6f9b6565f44b9685cec8b7d763aeb6e38c0239fe51f342b493b8442a287d9
resnext29_8x64d__pathmnist_split_03__seed1__d0.5,pathmnist,d0.5,S,0.2,0.05,0.05,5,12,0,finite-sample-evidence-margin,1,1,1,1,1,0,11,11,8,11,8,0,10,margin,margin,0.7,202,1100,148,0,0,0.18316831683168316,risk_ucb,0.2649782488238805,0.2,,,0.41703979663549656,25,acd6f9b6565f44b9685cec8b7d763aeb6e38c0239fe51f342b493b8442a287d9
resnext29_8x64d__pathmnist_split_03__seed1__d0.5,pathmnist,d0.5,B,0.2,0.05,0.05,5,12,0,finite-sample-evidence-margin,1,1,1,1,1,0,11,11,8,9,6,0,10,margin,margin,0.7,202,1100,148,0,0,0.18316831683168316,risk_ucb,0.28144720393670536,0.2,,,0.4049741433827374,32,acd6f9b6565f44b9685cec8b7d763aeb6e38c0239fe51f342b493b8442a287d9
resnext29_8x64d__pathmnist_split_03__seed1__d5.0,pathmnist,d5,H,0.2,0.05,0.05,5,12,0,finite-sample-evidence-margin,1,1,1,1,1,0,11,11,6,11,6,0,1,msp,native,0.5,151,889,79,0,0,0.1390728476821192,holm_adjusted_pvalue,0.3081950373701652,0.05,0.034243893041129465,4,0.299294070394481,,45a2ccc21781e67436668498a70d8a2d796814ccd2146667c2351e856636768a
resnext29_8x64d__pathmnist_split_03__seed1__d5.0,pathmnist,d5,S,0.2,0.05,0.05,5,12,0,finite-sample-evidence-margin,1,1,1,1,1,0,11,11,6,11,6,0,1,msp,native,0.5,151,889,79,0,0,0.1390728476821192,risk_ucb,0.2284972844062555,0.2,,,0.299294070394481,25,45a2ccc21781e67436668498a70d8a2d796814ccd2146667c2351e856636768a
resnext29_8x64d__pathmnist_split_03__seed1__d5.0,pathmnist,d5,B,0.2,0.05,0.05,5,12,0,finite-sample-evidence-margin,1,1,1,1,1,0,11,11,6,11,6,0,1,msp,native,0.5,151,889,79,0,0,0.1390728476821192,risk_ucb,0.24698449494348598,0.2,,,0.2882631089597166,32,45a2ccc21781e67436668498a70d8a2d796814ccd2146667c2351e856636768a
resnext29_8x64d__pathmnist_split_03__seed2__d0.5,pathmnist,d0.5,H,0.2,0.05,0.05,5,12,1,certified,1,1,1,1,1,1,12,12,8,12,8,2,8,margin,margin,0.3,92,503,25,0,0,0.07608695652173914,holm_adjusted_pvalue,0.011218588833360368,0.05,0.0009348824027800306,1,0.16947585374707916,,aaa7e11bbaf92973be1ae8bb5107410d0c61cba8066afe371fc1e3d51d144fb5
resnext29_8x64d__pathmnist_split_03__seed2__d0.5,pathmnist,d0.5,S,0.2,0.05,0.05,5,12,1,certified,1,1,1,1,1,1,12,12,8,12,8,2,8,margin,margin,0.3,92,503,25,0,0,0.07608695652173914,risk_ucb,0.17887962333291774,0.2,,,0.16947585374707916,25,aaa7e11bbaf92973be1ae8bb5107410d0c61cba8066afe371fc1e3d51d144fb5
resnext29_8x64d__pathmnist_split_03__seed2__d0.5,pathmnist,d0.5,B,0.2,0.05,0.05,5,12,0,finite-sample-evidence-margin,1,1,1,1,1,0,12,12,8,11,7,0,10,margin,margin,0.7,183,939,117,0,0,0.15425531914893617,risk_ucb,0.2520146348722332,0.2,,,0.36094810117912873,32,aaa7e11bbaf92973be1ae8bb5107410d0c61cba8066afe371fc1e3d51d144fb5
resnext29_8x64d__pathmnist_split_03__seed2__d5.0,pathmnist,d5,H,0.2,0.05,0.05,5,12,0,finite-sample-evidence-margin,1,1,1,1,1,0,11,11,8,11,8,0,2,msp,native,0.7,136,740,97,0,0,0.15441176470588236,holm_adjusted_pvalue,0.759492746859162,0.05,0.10849896383702315,6,0.26544742363624296,,ce42922ba7adf9a3b079f9e19ac293497e6b40c8f043ceae2d2f86a59a110fc5
resnext29_8x64d__pathmnist_split_03__seed2__d5.0,pathmnist,d5,S,0.2,0.05,0.05,5,12,0,finite-sample-evidence-margin,1,1,1,1,1,0,11,11,8,11,8,0,2,msp,native,0.7,136,740,97,0,0,0.15441176470588236,risk_ucb,0.2521970951302653,0.2,,,0.26544742363624296,25,ce42922ba7adf9a3b079f9e19ac293497e6b40c8f043ceae2d2f86a59a110fc5
resnext29_8x64d__pathmnist_split_03__seed2__d5.0,pathmnist,d5,B,0.2,0.05,0.05,5,12,0,finite-sample-evidence-margin,1,1,1,1,1,0,11,11,8,11,8,0,2,msp,native,0.7,136,740,97,0,0,0.15441176470588236,risk_ucb,0.2722513852760533,0.2,,,0.254867866088894,32,ce42922ba7adf9a3b079f9e19ac293497e6b40c8f043ceae2d2f86a59a110fc5
resnext29_8x64d__pathmnist_split_03__seed3__d0.5,pathmnist,d0.5,H,0.2,0.05,0.05,5,12,0,finite-sample-evidence-margin,1,1,1,1,1,0,10,10,7,10,7,0,2,msp,native,0.7,114,595,80,0,0,0.175,holm_adjusted_pvalue,1.0,0.05,0.28956222841535295,6,0.21761644318874543,,b98f7de4c4657bf354b702fb2d923ab396ece80de9d77ef925ef27aa5cdb8090
resnext29_8x64d__pathmnist_split_03__seed3__d0.5,pathmnist,d0.5,S,0.2,0.05,0.05,5,12,0,finite-sample-evidence-margin,1,1,1,1,1,0,10,10,7,10,7,0,2,msp,native,0.7,114,595,80,0,0,0.175,risk_ucb,0.2835364433933126,0.2,,,0.21761644318874543,25,b98f7de4c4657bf354b702fb2d923ab396ece80de9d77ef925ef27aa5cdb8090
resnext29_8x64d__pathmnist_split_03__seed3__d0.5,pathmnist,d0.5,B,0.2,0.05,0.05,5,12,0,finite-sample-evidence-margin,1,1,1,1,1,0,10,10,7,8,5,0,2,msp,native,0.7,114,595,80,0,0,0.175,risk_ucb,0.30555206886230263,0.2,,,0.2077942396762954,32,b98f7de4c4657bf354b702fb2d923ab396ece80de9d77ef925ef27aa5cdb8090
resnext29_8x64d__pathmnist_split_03__seed3__d5.0,pathmnist,d5,H,0.2,0.05,0.05,5,12,0,finite-sample-evidence-margin,1,1,1,1,1,0,12,12,9,12,9,0,2,msp,native,0.7,106,611,75,0,0,0.15454545454545454,holm_adjusted_pvalue,1.0,0.05,0.14062696501584476,6,0.1999829890036498,,fc9829a2519e28c739085065fc2a04abde3abe902a1d30df5e5227e2e079093a
resnext29_8x64d__pathmnist_split_03__seed3__d5.0,pathmnist,d5,S,0.2,0.05,0.05,5,12,0,finite-sample-evidence-margin,1,1,1,1,1,0,12,12,9,12,9,0,2,msp,native,0.7,106,611,75,0,0,0.15454545454545454,risk_ucb,0.26519046570998955,0.2,,,0.1999829890036498,25,fc9829a2519e28c739085065fc2a04abde3abe902a1d30df5e5227e2e079093a
resnext29_8x64d__pathmnist_split_03__seed3__d5.0,pathmnist,d5,B,0.2,0.05,0.05,5,12,0,finite-sample-evidence-margin,1,1,1,1,1,0,12,12,9,12,9,0,2,msp,native,0.7,106,611,75,0,0,0.15454545454545454,risk_ucb,0.28791734434622407,0.2,,,0.1904972575106888,32,fc9829a2519e28c739085065fc2a04abde3abe902a1d30df5e5227e2e079093a
resnext29_8x64d__pathmnist_split_03__seed4__d0.5,pathmnist,d0.5,H,0.2,0.05,0.05,5,12,1,certified,1,1,1,1,1,1,12,12,9,12,9,2,0,msp,native,0.3,115,678,50,0,0,0.10714285714285714,holm_adjusted_pvalue,0.0300885982820862,0.05,0.00250738319017385,1,0.21874316308583414,,b8007eefe2f1f5730fc8f82fbe150440ff3e3edd06892a3a0c7effcc017bed8f
resnext29_8x64d__pathmnist_split_03__seed4__d0.5,pathmnist,d0.5,S,0.2,0.05,0.05,5,12,1,certified,1,1,1,1,1,1,12,12,9,12,9,2,0,msp,native,0.3,115,678,50,0,0,0.10714285714285714,risk_ucb,0.19398120902577812,0.2,,,0.21874316308583414,25,b8007eefe2f1f5730fc8f82fbe150440ff3e3edd06892a3a0c7effcc017bed8f
resnext29_8x64d__pathmnist_split_03__seed4__d0.5,pathmnist,d0.5,B,0.2,0.05,0.05,5,12,0,finite-sample-evidence-margin,1,1,1,1,1,0,12,12,9,12,9,0,6,energy,energy,0.7,143,826,110,0,0,0.15306122448979592,risk_ucb,0.2514312146343497,0.2,,,0.27039558925162716,32,b8007eefe2f1f5730fc8f82fbe150440ff3e3edd06892a3a0c7effcc017bed8f
resnext29_8x64d__pathmnist_split_03__seed4__d5.0,pathmnist,d5,H,0.2,0.05,0.05,5,12,1,certified,1,1,1,1,1,1,12,12,9,12,9,5,1,msp,native,0.5,151,857,82,0,0,0.12429378531073447,holm_adjusted_pvalue,0.04466180330967494,0.05,0.005582725413709367,5,0.299294070394481,,0df344e82742e5cc0a6bac733f3d13431a6e2bcab7508e45c1d480e39ff2889b
resnext29_8x64d__pathmnist_split_03__seed4__d5.0,pathmnist,d5,S,0.2,0.05,0.05,5,12,1,certified,1,1,1,1,1,1,12,12,9,12,9,4,9,margin,margin,0.5,148,857,80,0,0,0.12222222222222222,risk_ucb,0.19997008917794665,0.2,,,0.292494279738149,25,0df344e82742e5cc0a6bac733f3d13431a6e2bcab7508e45c1d480e39ff2889b
resnext29_8x64d__pathmnist_split_03__seed4__d5.0,pathmnist,d5,B,0.2,0.05,0.05,5,12,1,certified,1,1,1,1,1,1,12,12,9,12,9,2,4,energy,energy,0.3,99,591,38,0,0,0.07751937984496124,risk_ucb,0.1789946744741529,0.2,,,0.1746318091530029,32,0df344e82742e5cc0a6bac733f3d13431a6e2bcab7508e45c1d480e39ff2889b
resnext29_8x64d__pathmnist_split_04__seed0__d0.5,pathmnist,d0.5,H,0.2,0.05,0.05,5,12,0,proposal-infeasible,0,0,0,0,0,0,0,0,0,0,0,0,,,,,,,,,,,holm_adjusted_pvalue,,0.05,,,,,573fcdd38cf28b854f466c73c6de6b1ac3a71c2026daaf38fdc2beb78b015190
resnext29_8x64d__pathmnist_split_04__seed0__d0.5,pathmnist,d0.5,S,0.2,0.05,0.05,5,12,0,proposal-infeasible,0,0,0,0,0,0,0,0,0,0,0,0,,,,,,,,,,,risk_ucb,,0.2,,,,25,573fcdd38cf28b854f466c73c6de6b1ac3a71c2026daaf38fdc2beb78b015190
resnext29_8x64d__pathmnist_split_04__seed0__d0.5,pathmnist,d0.5,B,0.2,0.05,0.05,5,12,0,proposal-infeasible,0,0,0,0,0,0,0,0,0,0,0,0,,,,,,,,,,,risk_ucb,,0.2,,,,32,573fcdd38cf28b854f466c73c6de6b1ac3a71c2026daaf38fdc2beb78b015190
resnext29_8x64d__pathmnist_split_04__seed0__d5.0,pathmnist,d5,H,0.2,0.05,0.05,5,12,0,finite-sample-evidence-margin,1,1,1,1,1,0,2,2,2,2,2,0,11,margin,margin,1.0,205,1074,188,0,0,0.2,holm_adjusted_pvalue,1.0,0.05,0.5416653186099244,2,0.41261645582976375,,fcb487750462a52f91e027bc2fae632195cd5a070ac477a1c3dc5d855d4da323
resnext29_8x64d__pathmnist_split_04__seed0__d5.0,pathmnist,d5,S,0.2,0.05,0.05,5,12,0,finite-sample-evidence-margin,1,1,1,1,1,0,2,2,2,2,2,0,11,margin,margin,1.0,205,1074,188,0,0,0.2,risk_ucb,0.28308524769557186,0.2,,,0.41261645582976375,25,fcb487750462a52f91e027bc2fae632195cd5a070ac477a1c3dc5d855d4da323
resnext29_8x64d__pathmnist_split_04__seed0__d5.0,pathmnist,d5,B,0.2,0.05,0.05,5,12,0,finite-sample-evidence-margin,1,1,1,1,1,0,2,2,2,2,2,0,11,margin,margin,1.0,205,1074,188,0,0,0.2,risk_ucb,0.2996912216461798,0.2,,,0.4007295829765923,32,fcb487750462a52f91e027bc2fae632195cd5a070ac477a1c3dc5d855d4da323
resnext29_8x64d__pathmnist_split_04__seed1__d0.5,pathmnist,d0.5,H,0.2,0.05,0.05,5,12,1,certified,1,1,1,1,1,1,12,12,9,12,9,3,8,margin,margin,0.3,94,532,30,0,0,0.07446808510638298,holm_adjusted_pvalue,0.008312508645341055,0.05,0.0006927090537784213,2,0.16839194775927233,,1b1db53681517d17e06f50b4e80bb531d484af2431962aaa66d73eba367643b2
resnext29_8x64d__pathmnist_split_04__seed1__d0.5,pathmnist,d0.5,S,0.2,0.05,0.05,5,12,1,certified,1,1,1,1,1,1,12,12,9,12,9,3,8,margin,margin,0.3,94,532,30,0,0,0.07446808510638298,risk_ucb,0.17528859868442367,0.2,,,0.16839194775927233,25,1b1db53681517d17e06f50b4e80bb531d484af2431962aaa66d73eba367643b2
resnext29_8x64d__pathmnist_split_04__seed1__d0.5,pathmnist,d0.5,B,0.2,0.05,0.05,5,12,1,certified,1,1,1,1,1,1,12,12,9,12,9,2,8,margin,margin,0.3,94,532,30,0,0,0.07446808510638298,risk_ucb,0.19756392406436962,0.2,,,0.15971328093191056,32,1b1db53681517d17e06f50b4e80bb531d484af2431962aaa66d73eba367643b2
resnext29_8x64d__pathmnist_split_04__seed1__d5.0,pathmnist,d5,H,0.2,0.05,0.05,5,12,0,empirical-error-only,1,1,0,1,0,0,1,1,0,1,0,0,,,,,,,,,,,holm_adjusted_pvalue,,0.05,,,,,4673a7e0029ff5bbe85832db06defec925a146982b7f279893e8c38028a05d09
resnext29_8x64d__pathmnist_split_04__seed1__d5.0,pathmnist,d5,S,0.2,0.05,0.05,5,12,0,empirical-error-only,1,1,0,1,0,0,1,1,0,1,0,0,,,,,,,,,,,risk_ucb,,0.2,,,,25,4673a7e0029ff5bbe85832db06defec925a146982b7f279893e8c38028a05d09
resnext29_8x64d__pathmnist_split_04__seed1__d5.0,pathmnist,d5,B,0.2,0.05,0.05,5,12,0,empirical-error-only,1,1,0,1,0,0,1,1,0,1,0,0,,,,,,,,,,,risk_ucb,,0.2,,,,32,4673a7e0029ff5bbe85832db06defec925a146982b7f279893e8c38028a05d09
resnext29_8x64d__pathmnist_split_04__seed2__d0.5,pathmnist,d0.5,H,0.2,0.05,0.05,5,12,0,joint-count-and-empirical,1,1,0,0,0,0,4,4,0,0,0,0,,,,,,,,,,,holm_adjusted_pvalue,,0.05,,,,,c764386d48e38b65b89015990d22d18fc27cefed6272077c42c974854ec0fa6c
resnext29_8x64d__pathmnist_split_04__seed2__d0.5,pathmnist,d0.5,S,0.2,0.05,0.05,5,12,0,joint-count-and-empirical,1,1,0,0,0,0,4,4,0,0,0,0,,,,,,,,,,,risk_ucb,,0.2,,,,25,c764386d48e38b65b89015990d22d18fc27cefed6272077c42c974854ec0fa6c
resnext29_8x64d__pathmnist_split_04__seed2__d0.5,pathmnist,d0.5,B,0.2,0.05,0.05,5,12,0,joint-count-and-empirical,1,1,0,0,0,0,4,4,0,0,0,0,,,,,,,,,,,risk_ucb,,0.2,,,,32,c764386d48e38b65b89015990d22d18fc27cefed6272077c42c974854ec0fa6c
resnext29_8x64d__pathmnist_split_04__seed2__d5.0,pathmnist,d5,H,0.2,0.05,0.05,5,12,0,empirical-error-only,1,1,0,1,0,0,1,1,0,1,0,0,,,,,,,,,,,holm_adjusted_pvalue,,0.05,,,,,21a622eaf5b1e94136da61eea3791a50ce987d3246b2c7e6bbecbdc54ebf0e00
resnext29_8x64d__pathmnist_split_04__seed2__d5.0,pathmnist,d5,S,0.2,0.05,0.05,5,12,0,empirical-error-only,1,1,0,1,0,0,1,1,0,1,0,0,,,,,,,,,,,risk_ucb,,0.2,,,,25,21a622eaf5b1e94136da61eea3791a50ce987d3246b2c7e6bbecbdc54ebf0e00
resnext29_8x64d__pathmnist_split_04__seed2__d5.0,pathmnist,d5,B,0.2,0.05,0.05,5,12,0,empirical-error-only,1,1,0,1,0,0,1,1,0,1,0,0,,,,,,,,,,,risk_ucb,,0.2,,,,32,21a622eaf5b1e94136da61eea3791a50ce987d3246b2c7e6bbecbdc54ebf0e00
resnext29_8x64d__pathmnist_split_04__seed3__d0.5,pathmnist,d0.5,H,0.2,0.05,0.05,5,12,0,empirical-error-only,1,1,0,1,0,0,3,3,0,3,0,0,,,,,,,,,,,holm_adjusted_pvalue,,0.05,,,,,b0d6dfaa22f67db253e131702995a733e4b37e912057de5ddeb57879b1bbc149
resnext29_8x64d__pathmnist_split_04__seed3__d0.5,pathmnist,d0.5,S,0.2,0.05,0.05,5,12,0,empirical-error-only,1,1,0,1,0,0,3,3,0,3,0,0,,,,,,,,,,,risk_ucb,,0.2,,,,25,b0d6dfaa22f67db253e131702995a733e4b37e912057de5ddeb57879b1bbc149
resnext29_8x64d__pathmnist_split_04__seed3__d0.5,pathmnist,d0.5,B,0.2,0.05,0.05,5,12,0,empirical-error-only,1,1,0,1,0,0,3,3,0,3,0,0,,,,,,,,,,,risk_ucb,,0.2,,,,32,b0d6dfaa22f67db253e131702995a733e4b37e912057de5ddeb57879b1bbc149
resnext29_8x64d__pathmnist_split_04__seed3__d5.0,pathmnist,d5,H,0.2,0.05,0.05,5,12,0,proposal-infeasible,0,0,0,0,0,0,0,0,0,0,0,0,,,,,,,,,,,holm_adjusted_pvalue,,0.05,,,,,573fcdd38cf28b854f466c73c6de6b1ac3a71c2026daaf38fdc2beb78b015190
resnext29_8x64d__pathmnist_split_04__seed3__d5.0,pathmnist,d5,S,0.2,0.05,0.05,5,12,0,proposal-infeasible,0,0,0,0,0,0,0,0,0,0,0,0,,,,,,,,,,,risk_ucb,,0.2,,,,25,573fcdd38cf28b854f466c73c6de6b1ac3a71c2026daaf38fdc2beb78b015190
resnext29_8x64d__pathmnist_split_04__seed3__d5.0,pathmnist,d5,B,0.2,0.05,0.05,5,12,0,proposal-infeasible,0,0,0,0,0,0,0,0,0,0,0,0,,,,,,,,,,,risk_ucb,,0.2,,,,32,573fcdd38cf28b854f466c73c6de6b1ac3a71c2026daaf38fdc2beb78b015190
resnext29_8x64d__pathmnist_split_04__seed4__d0.5,pathmnist,d0.5,H,0.2,0.05,0.05,5,12,0,proposal-infeasible,0,0,0,0,0,0,0,0,0,0,0,0,,,,,,,,,,,holm_adjusted_pvalue,,0.05,,,,,573fcdd38cf28b854f466c73c6de6b1ac3a71c2026daaf38fdc2beb78b015190
resnext29_8x64d__pathmnist_split_04__seed4__d0.5,pathmnist,d0.5,S,0.2,0.05,0.05,5,12,0,proposal-infeasible,0,0,0,0,0,0,0,0,0,0,0,0,,,,,,,,,,,risk_ucb,,0.2,,,,25,573fcdd38cf28b854f466c73c6de6b1ac3a71c2026daaf38fdc2beb78b015190
resnext29_8x64d__pathmnist_split_04__seed4__d0.5,pathmnist,d0.5,B,0.2,0.05,0.05,5,12,0,proposal-infeasible,0,0,0,0,0,0,0,0,0,0,0,0,,,,,,,,,,,risk_ucb,,0.2,,,,32,573fcdd38cf28b854f466c73c6de6b1ac3a71c2026daaf38fdc2beb78b015190
resnext29_8x64d__pathmnist_split_04__seed4__d5.0,pathmnist,d5,H,0.2,0.05,0.05,5,12,0,proposal-infeasible,0,0,0,0,0,0,0,0,0,0,0,0,,,,,,,,,,,holm_adjusted_pvalue,,0.05,,,,,573fcdd38cf28b854f466c73c6de6b1ac3a71c2026daaf38fdc2beb78b015190
resnext29_8x64d__pathmnist_split_04__seed4__d5.0,pathmnist,d5,S,0.2,0.05,0.05,5,12,0,proposal-infeasible,0,0,0,0,0,0,0,0,0,0,0,0,,,,,,,,,,,risk_ucb,,0.2,,,,25,573fcdd38cf28b854f466c73c6de6b1ac3a71c2026daaf38fdc2beb78b015190
resnext29_8x64d__pathmnist_split_04__seed4__d5.0,pathmnist,d5,B,0.2,0.05,0.05,5,12,0,proposal-infeasible,0,0,0,0,0,0,0,0,0,0,0,0,,,,,,,,,,,risk_ucb,,0.2,,,,32,573fcdd38cf28b854f466c73c6de6b1ac3a71c2026daaf38fdc2beb78b015190
