semantic_id,dataset,condition,alpha,J,traffic_counts,simplex_certified,simplex_selected,simplex_risk_bound,simplex_coverage_lcb,bounded_certified,bounded_selected,bounded_risk_bound,bounded_coverage_lcb,gain
cifar100_proser_fedavg__split00__seed0__d0.1,cifar100,d0.1,0.05,5,191|203|203|217|186,0,,,0.0,0,,,0.0,0
cifar100_proser_fedavg__split00__seed0__d0.1,cifar100,d0.1,0.1,5,191|203|203|217|186,0,,,0.0,0,,,0.0,0
cifar100_proser_fedavg__split00__seed0__d0.1,cifar100,d0.1,0.15,5,191|203|203|217|186,0,,,0.0,0,,,0.0,0
cifar100_proser_fedavg__split00__seed0__d0.1,cifar100,d0.1,0.2,5,191|203|203|217|186,0,,,0.0,0,,,0.0,0
cifar100_proser_fedavg__split00__seed0__d0.1,cifar100,d0.1,0.25,5,191|203|203|217|186,0,,,0.0,0,,,0.0,0
cifar100_proser_fedavg__split00__seed0__d0.1,cifar100,d0.1,0.3,5,191|203|203|217|186,1,0,0.2850158707206777,0.027093159795190155,0,,,0.0,-1
cifar100_proser_fedavg__split00__seed0__d0.5,cifar100,d0.5,0.05,5,195|206|218|188|193,0,,,0.0,0,,,0.0,0
cifar100_proser_fedavg__split00__seed0__d0.5,cifar100,d0.5,0.1,5,195|206|218|188|193,0,,,0.0,0,,,0.0,0
cifar100_proser_fedavg__split00__seed0__d0.5,cifar100,d0.5,0.15,5,195|206|218|188|193,0,,,0.0,0,,,0.0,0
cifar100_proser_fedavg__split00__seed0__d0.5,cifar100,d0.5,0.2,5,195|206|218|188|193,0,,,0.0,0,,,0.0,0
cifar100_proser_fedavg__split00__seed0__d0.5,cifar100,d0.5,0.25,5,195|206|218|188|193,0,,,0.0,0,,,0.0,0
cifar100_proser_fedavg__split00__seed0__d0.5,cifar100,d0.5,0.3,5,195|206|218|188|193,1,9,0.26976011107398834,0.1091705258540498,1,9,0.2611315086704781,0.13641565358566748,0
cifar100_proser_fedavg__split00__seed0__d5.0,cifar100,d5,0.05,5,204|197|190|217|192,0,,,0.0,0,,,0.0,0
cifar100_proser_fedavg__split00__seed0__d5.0,cifar100,d5,0.1,5,204|197|190|217|192,0,,,0.0,0,,,0.0,0
cifar100_proser_fedavg__split00__seed0__d5.0,cifar100,d5,0.15,5,204|197|190|217|192,0,,,0.0,0,,,0.0,0
cifar100_proser_fedavg__split00__seed0__d5.0,cifar100,d5,0.2,5,204|197|190|217|192,0,,,0.0,0,,,0.0,0
cifar100_proser_fedavg__split00__seed0__d5.0,cifar100,d5,0.25,5,204|197|190|217|192,0,,,0.0,1,9,0.24509207139686814,0.1322239485409932,1
cifar100_proser_fedavg__split00__seed0__d5.0,cifar100,d5,0.3,5,204|197|190|217|192,1,0,0.26450904705992195,0.053043625630647316,1,9,0.25957701294882735,0.16547772327775268,0
cifar100_proser_fedavg__split00__seed1__d0.1,cifar100,d0.1,0.05,5,204|201|200|202|193,0,,,0.0,0,,,0.0,0
cifar100_proser_fedavg__split00__seed1__d0.1,cifar100,d0.1,0.1,5,204|201|200|202|193,0,,,0.0,0,,,0.0,0
cifar100_proser_fedavg__split00__seed1__d0.1,cifar100,d0.1,0.15,5,204|201|200|202|193,0,,,0.0,0,,,0.0,0
cifar100_proser_fedavg__split00__seed1__d0.1,cifar100,d0.1,0.2,5,204|201|200|202|193,0,,,0.0,0,,,0.0,0
cifar100_proser_fedavg__split00__seed1__d0.1,cifar100,d0.1,0.25,5,204|201|200|202|193,0,,,0.0,0,,,0.0,0
cifar100_proser_fedavg__split00__seed1__d0.1,cifar100,d0.1,0.3,5,204|201|200|202|193,0,,,0.0,0,,,0.0,0
cifar100_proser_fedavg__split00__seed1__d0.5,cifar100,d0.5,0.05,5,194|189|209|200|208,0,,,0.0,0,,,0.0,0
cifar100_proser_fedavg__split00__seed1__d0.5,cifar100,d0.5,0.1,5,194|189|209|200|208,0,,,0.0,0,,,0.0,0
cifar100_proser_fedavg__split00__seed1__d0.5,cifar100,d0.5,0.15,5,194|189|209|200|208,0,,,0.0,0,,,0.0,0
cifar100_proser_fedavg__split00__seed1__d0.5,cifar100,d0.5,0.2,5,194|189|209|200|208,0,,,0.0,0,,,0.0,0
cifar100_proser_fedavg__split00__seed1__d0.5,cifar100,d0.5,0.25,5,194|189|209|200|208,0,,,0.0,1,8,0.24671070160791092,0.04385468089460768,1
cifar100_proser_fedavg__split00__seed1__d0.5,cifar100,d0.5,0.3,5,194|189|209|200|208,1,1,0.28484353669828716,0.09899686630197754,1,9,0.28756371293704985,0.12555896217599735,0
cifar100_proser_fedavg__split00__seed1__d5.0,cifar100,d5,0.05,5,206|185|199|200|210,0,,,0.0,0,,,0.0,0
cifar100_proser_fedavg__split00__seed1__d5.0,cifar100,d5,0.1,5,206|185|199|200|210,0,,,0.0,0,,,0.0,0
cifar100_proser_fedavg__split00__seed1__d5.0,cifar100,d5,0.15,5,206|185|199|200|210,0,,,0.0,0,,,0.0,0
cifar100_proser_fedavg__split00__seed1__d5.0,cifar100,d5,0.2,5,206|185|199|200|210,1,8,0.1846377041191403,0.03903700895926684,0,,,0.0,-1
cifar100_proser_fedavg__split00__seed1__d5.0,cifar100,d5,0.25,5,206|185|199|200|210,1,8,0.17583781310553506,0.0498886833833274,1,1,0.2479505403755455,0.1270380968192274,0
cifar100_proser_fedavg__split00__seed1__d5.0,cifar100,d5,0.3,5,206|185|199|200|210,1,1,0.2860842993013078,0.12977465696205076,1,9,0.2869166104480491,0.16762812015391176,0
cifar100_proser_fedavg__split00__seed2__d0.1,cifar100,d0.1,0.05,5,223|205|197|191|184,0,,,0.0,0,,,0.0,0
cifar100_proser_fedavg__split00__seed2__d0.1,cifar100,d0.1,0.1,5,223|205|197|191|184,0,,,0.0,0,,,0.0,0
cifar100_proser_fedavg__split00__seed2__d0.1,cifar100,d0.1,0.15,5,223|205|197|191|184,0,,,0.0,0,,,0.0,0
cifar100_proser_fedavg__split00__seed2__d0.1,cifar100,d0.1,0.2,5,223|205|197|191|184,0,,,0.0,0,,,0.0,0
cifar100_proser_fedavg__split00__seed2__d0.1,cifar100,d0.1,0.25,5,223|205|197|191|184,1,9,0.22092271386438567,0.1023777317554839,1,9,0.22780603127847446,0.106254199676874,0
cifar100_proser_fedavg__split00__seed2__d0.1,cifar100,d0.1,0.3,5,223|205|197|191|184,1,10,0.2926196410208435,0.13497382023620927,1,10,0.29358912815359506,0.1453985533613506,0
cifar100_proser_fedavg__split00__seed2__d0.5,cifar100,d0.5,0.05,5,226|171|185|195|223,0,,,0.0,0,,,0.0,0
cifar100_proser_fedavg__split00__seed2__d0.5,cifar100,d0.5,0.1,5,226|171|185|195|223,0,,,0.0,0,,,0.0,0
cifar100_proser_fedavg__split00__seed2__d0.5,cifar100,d0.5,0.15,5,226|171|185|195|223,0,,,0.0,0,,,0.0,0
cifar100_proser_fedavg__split00__seed2__d0.5,cifar100,d0.5,0.2,5,226|171|185|195|223,0,,,0.0,0,,,0.0,0
cifar100_proser_fedavg__split00__seed2__d0.5,cifar100,d0.5,0.25,5,226|171|185|195|223,0,,,0.0,0,,,0.0,0
cifar100_proser_fedavg__split00__seed2__d0.5,cifar100,d0.5,0.3,5,226|171|185|195|223,1,8,0.2667816338363875,0.08725202015480932,1,1,0.2908478241270359,0.17044524154307591,0
cifar100_proser_fedavg__split00__seed2__d5.0,cifar100,d5,0.05,5,205|191|187|202|215,0,,,0.0,0,,,0.0,0
cifar100_proser_fedavg__split00__seed2__d5.0,cifar100,d5,0.1,5,205|191|187|202|215,0,,,0.0,0,,,0.0,0
cifar100_proser_fedavg__split00__seed2__d5.0,cifar100,d5,0.15,5,205|191|187|202|215,0,,,0.0,0,,,0.0,0
cifar100_proser_fedavg__split00__seed2__d5.0,cifar100,d5,0.2,5,205|191|187|202|215,0,,,0.0,0,,,0.0,0
cifar100_proser_fedavg__split00__seed2__d5.0,cifar100,d5,0.25,5,205|191|187|202|215,1,9,0.2486666799984284,0.1454246367511659,1,8,0.20876790065036085,0.0516655374876786,0
cifar100_proser_fedavg__split00__seed2__d5.0,cifar100,d5,0.3,5,205|191|187|202|215,1,1,0.27202652100247515,0.1700584629511604,1,9,0.2966116168401667,0.1855439730858742,0
cifar100_proser_fedavg__split00__seed3__d0.1,cifar100,d0.1,0.05,5,197|212|201|196|194,0,,,0.0,0,,,0.0,0
cifar100_proser_fedavg__split00__seed3__d0.1,cifar100,d0.1,0.1,5,197|212|201|196|194,0,,,0.0,0,,,0.0,0
cifar100_proser_fedavg__split00__seed3__d0.1,cifar100,d0.1,0.15,5,197|212|201|196|194,0,,,0.0,0,,,0.0,0
cifar100_proser_fedavg__split00__seed3__d0.1,cifar100,d0.1,0.2,5,197|212|201|196|194,0,,,0.0,0,,,0.0,0
cifar100_proser_fedavg__split00__seed3__d0.1,cifar100,d0.1,0.25,5,197|212|201|196|194,0,,,0.0,0,,,0.0,0
cifar100_proser_fedavg__split00__seed3__d0.1,cifar100,d0.1,0.3,5,197|212|201|196|194,0,,,0.0,0,,,0.0,0
cifar100_proser_fedavg__split00__seed3__d0.5,cifar100,d0.5,0.05,5,187|220|187|214|192,0,,,0.0,0,,,0.0,0
cifar100_proser_fedavg__split00__seed3__d0.5,cifar100,d0.5,0.1,5,187|220|187|214|192,0,,,0.0,0,,,0.0,0
cifar100_proser_fedavg__split00__seed3__d0.5,cifar100,d0.5,0.15,5,187|220|187|214|192,0,,,0.0,0,,,0.0,0
cifar100_proser_fedavg__split00__seed3__d0.5,cifar100,d0.5,0.2,5,187|220|187|214|192,0,,,0.0,0,,,0.0,0
cifar100_proser_fedavg__split00__seed3__d0.5,cifar100,d0.5,0.25,5,187|220|187|214|192,0,,,0.0,0,,,0.0,0
cifar100_proser_fedavg__split00__seed3__d0.5,cifar100,d0.5,0.3,5,187|220|187|214|192,1,8,0.2858135898026206,0.08226388471076322,1,8,0.29106848808685204,0.09686711799013696,0
cifar100_proser_fedavg__split00__seed3__d5.0,cifar100,d5,0.05,5,203|193|195|213|196,0,,,0.0,0,,,0.0,0
cifar100_proser_fedavg__split00__seed3__d5.0,cifar100,d5,0.1,5,203|193|195|213|196,0,,,0.0,0,,,0.0,0
cifar100_proser_fedavg__split00__seed3__d5.0,cifar100,d5,0.15,5,203|193|195|213|196,0,,,0.0,0,,,0.0,0
cifar100_proser_fedavg__split00__seed3__d5.0,cifar100,d5,0.2,5,203|193|195|213|196,0,,,0.0,0,,,0.0,0
cifar100_proser_fedavg__split00__seed3__d5.0,cifar100,d5,0.25,5,203|193|195|213|196,0,,,0.0,0,,,0.0,0
cifar100_proser_fedavg__split00__seed3__d5.0,cifar100,d5,0.3,5,203|193|195|213|196,1,0,0.29846180669299294,0.061021268059513314,1,0,0.2737365863863858,0.08557918504925921,0
cifar100_proser_fedavg__split00__seed4__d0.1,cifar100,d0.1,0.05,5,207|211|181|214|187,0,,,0.0,0,,,0.0,0
cifar100_proser_fedavg__split00__seed4__d0.1,cifar100,d0.1,0.1,5,207|211|181|214|187,0,,,0.0,0,,,0.0,0
cifar100_proser_fedavg__split00__seed4__d0.1,cifar100,d0.1,0.15,5,207|211|181|214|187,0,,,0.0,0,,,0.0,0
cifar100_proser_fedavg__split00__seed4__d0.1,cifar100,d0.1,0.2,5,207|211|181|214|187,0,,,0.0,0,,,0.0,0
cifar100_proser_fedavg__split00__seed4__d0.1,cifar100,d0.1,0.25,5,207|211|181|214|187,0,,,0.0,0,,,0.0,0
cifar100_proser_fedavg__split00__seed4__d0.1,cifar100,d0.1,0.3,5,207|211|181|214|187,0,,,0.0,0,,,0.0,0
cifar100_proser_fedavg__split00__seed4__d0.5,cifar100,d0.5,0.05,5,178|222|201|199|200,0,,,0.0,0,,,0.0,0
cifar100_proser_fedavg__split00__seed4__d0.5,cifar100,d0.5,0.1,5,178|222|201|199|200,0,,,0.0,0,,,0.0,0
cifar100_proser_fedavg__split00__seed4__d0.5,cifar100,d0.5,0.15,5,178|222|201|199|200,0,,,0.0,0,,,0.0,0
cifar100_proser_fedavg__split00__seed4__d0.5,cifar100,d0.5,0.2,5,178|222|201|199|200,0,,,0.0,0,,,0.0,0
cifar100_proser_fedavg__split00__seed4__d0.5,cifar100,d0.5,0.25,5,178|222|201|199|200,0,,,0.0,0,,,0.0,0
cifar100_proser_fedavg__split00__seed4__d0.5,cifar100,d0.5,0.3,5,178|222|201|199|200,0,,,0.0,1,8,0.2940575057507192,0.05900784897133475,1
cifar100_proser_fedavg__split00__seed4__d5.0,cifar100,d5,0.05,5,194|205|194|200|207,0,,,0.0,0,,,0.0,0
cifar100_proser_fedavg__split00__seed4__d5.0,cifar100,d5,0.1,5,194|205|194|200|207,0,,,0.0,0,,,0.0,0
cifar100_proser_fedavg__split00__seed4__d5.0,cifar100,d5,0.15,5,194|205|194|200|207,0,,,0.0,0,,,0.0,0
cifar100_proser_fedavg__split00__seed4__d5.0,cifar100,d5,0.2,5,194|205|194|200|207,0,,,0.0,0,,,0.0,0
cifar100_proser_fedavg__split00__seed4__d5.0,cifar100,d5,0.25,5,194|205|194|200|207,0,,,0.0,0,,,0.0,0
cifar100_proser_fedavg__split00__seed4__d5.0,cifar100,d5,0.3,5,194|205|194|200|207,0,,,0.0,0,,,0.0,0
cifar100_proser_fedavg__split01__seed0__d0.1,cifar100,d0.1,0.05,5,207|181|185|217|210,0,,,0.0,0,,,0.0,0
cifar100_proser_fedavg__split01__seed0__d0.1,cifar100,d0.1,0.1,5,207|181|185|217|210,0,,,0.0,0,,,0.0,0
cifar100_proser_fedavg__split01__seed0__d0.1,cifar100,d0.1,0.15,5,207|181|185|217|210,0,,,0.0,0,,,0.0,0
cifar100_proser_fedavg__split01__seed0__d0.1,cifar100,d0.1,0.2,5,207|181|185|217|210,0,,,0.0,0,,,0.0,0
cifar100_proser_fedavg__split01__seed0__d0.1,cifar100,d0.1,0.25,5,207|181|185|217|210,0,,,0.0,0,,,0.0,0
cifar100_proser_fedavg__split01__seed0__d0.1,cifar100,d0.1,0.3,5,207|181|185|217|210,0,,,0.0,0,,,0.0,0
cifar100_proser_fedavg__split01__seed0__d0.5,cifar100,d0.5,0.05,5,199|221|190|195|195,0,,,0.0,0,,,0.0,0
cifar100_proser_fedavg__split01__seed0__d0.5,cifar100,d0.5,0.1,5,199|221|190|195|195,0,,,0.0,0,,,0.0,0
cifar100_proser_fedavg__split01__seed0__d0.5,cifar100,d0.5,0.15,5,199|221|190|195|195,0,,,0.0,0,,,0.0,0
cifar100_proser_fedavg__split01__seed0__d0.5,cifar100,d0.5,0.2,5,199|221|190|195|195,0,,,0.0,0,,,0.0,0
cifar100_proser_fedavg__split01__seed0__d0.5,cifar100,d0.5,0.25,5,199|221|190|195|195,1,8,0.23905712862960837,0.1074685537775654,1,8,0.22122193276324453,0.10464611072578325,0
cifar100_proser_fedavg__split01__seed0__d0.5,cifar100,d0.5,0.3,5,199|221|190|195|195,1,9,0.28645450464814437,0.175378773010934,1,9,0.28453148384742644,0.17183201480393562,0
cifar100_proser_fedavg__split01__seed0__d5.0,cifar100,d5,0.05,5,205|205|205|205|180,0,,,0.0,0,,,0.0,0
cifar100_proser_fedavg__split01__seed0__d5.0,cifar100,d5,0.1,5,205|205|205|205|180,0,,,0.0,0,,,0.0,0
cifar100_proser_fedavg__split01__seed0__d5.0,cifar100,d5,0.15,5,205|205|205|205|180,0,,,0.0,0,,,0.0,0
cifar100_proser_fedavg__split01__seed0__d5.0,cifar100,d5,0.2,5,205|205|205|205|180,0,,,0.0,0,,,0.0,0
cifar100_proser_fedavg__split01__seed0__d5.0,cifar100,d5,0.25,5,205|205|205|205|180,0,,,0.0,1,1,0.24440809006729922,0.15587259273099557,1
cifar100_proser_fedavg__split01__seed0__d5.0,cifar100,d5,0.3,5,205|205|205|205|180,1,1,0.2780290421614293,0.19500134841768255,1,1,0.26940553008916657,0.191111091263806,0
cifar100_proser_fedavg__split01__seed1__d0.1,cifar100,d0.1,0.05,5,200|192|193|217|198,0,,,0.0,0,,,0.0,0
cifar100_proser_fedavg__split01__seed1__d0.1,cifar100,d0.1,0.1,5,200|192|193|217|198,0,,,0.0,0,,,0.0,0
cifar100_proser_fedavg__split01__seed1__d0.1,cifar100,d0.1,0.15,5,200|192|193|217|198,0,,,0.0,0,,,0.0,0
cifar100_proser_fedavg__split01__seed1__d0.1,cifar100,d0.1,0.2,5,200|192|193|217|198,0,,,0.0,0,,,0.0,0
cifar100_proser_fedavg__split01__seed1__d0.1,cifar100,d0.1,0.25,5,200|192|193|217|198,0,,,0.0,0,,,0.0,0
cifar100_proser_fedavg__split01__seed1__d0.1,cifar100,d0.1,0.3,5,200|192|193|217|198,0,,,0.0,1,0,0.2807990141856086,0.0416901689424854,1
cifar100_proser_fedavg__split01__seed1__d0.5,cifar100,d0.5,0.05,5,207|211|183|206|193,0,,,0.0,0,,,0.0,0
cifar100_proser_fedavg__split01__seed1__d0.5,cifar100,d0.5,0.1,5,207|211|183|206|193,0,,,0.0,0,,,0.0,0
cifar100_proser_fedavg__split01__seed1__d0.5,cifar100,d0.5,0.15,5,207|211|183|206|193,0,,,0.0,0,,,0.0,0
cifar100_proser_fedavg__split01__seed1__d0.5,cifar100,d0.5,0.2,5,207|211|183|206|193,0,,,0.0,1,8,0.19556771742938384,0.10545183801164147,1
cifar100_proser_fedavg__split01__seed1__d0.5,cifar100,d0.5,0.25,5,207|211|183|206|193,1,8,0.21528515954267655,0.11943241373769062,1,8,0.20989252858415824,0.12045142084425124,0
cifar100_proser_fedavg__split01__seed1__d0.5,cifar100,d0.5,0.3,5,207|211|183|206|193,1,9,0.2855888659644213,0.19500134841768255,1,2,0.2987308815899694,0.257694444414582,0
cifar100_proser_fedavg__split01__seed1__d5.0,cifar100,d5,0.05,5,203|199|207|191|200,0,,,0.0,0,,,0.0,0
cifar100_proser_fedavg__split01__seed1__d5.0,cifar100,d5,0.1,5,203|199|207|191|200,0,,,0.0,0,,,0.0,0
cifar100_proser_fedavg__split01__seed1__d5.0,cifar100,d5,0.15,5,203|199|207|191|200,0,,,0.0,0,,,0.0,0
cifar100_proser_fedavg__split01__seed1__d5.0,cifar100,d5,0.2,5,203|199|207|191|200,1,9,0.18390945330077627,0.13497382023620927,1,9,0.19637493266218792,0.15452844627173615,0
cifar100_proser_fedavg__split01__seed1__d5.0,cifar100,d5,0.25,5,203|199|207|191|200,1,9,0.2080972337257192,0.15594128738219837,1,9,0.21277766146835497,0.18455610133677544,0
cifar100_proser_fedavg__split01__seed1__d5.0,cifar100,d5,0.3,5,203|199|207|191|200,1,9,0.238872975432746,0.1914206638434222,1,6,0.2959449331371695,0.25593011217246886,0
cifar100_proser_fedavg__split01__seed2__d0.1,cifar100,d0.1,0.05,5,207|211|194|193|195,0,,,0.0,0,,,0.0,0
cifar100_proser_fedavg__split01__seed2__d0.1,cifar100,d0.1,0.1,5,207|211|194|193|195,0,,,0.0,0,,,0.0,0
cifar100_proser_fedavg__split01__seed2__d0.1,cifar100,d0.1,0.15,5,207|211|194|193|195,0,,,0.0,0,,,0.0,0
cifar100_proser_fedavg__split01__seed2__d0.1,cifar100,d0.1,0.2,5,207|211|194|193|195,0,,,0.0,0,,,0.0,0
cifar100_proser_fedavg__split01__seed2__d0.1,cifar100,d0.1,0.25,5,207|211|194|193|195,1,0,0.23516794992788095,0.02136901710538746,0,,,0.0,-1
cifar100_proser_fedavg__split01__seed2__d0.1,cifar100,d0.1,0.3,5,207|211|194|193|195,1,9,0.26450904705992195,0.0707442363313486,1,9,0.2581886995369274,0.07440417275250634,0
cifar100_proser_fedavg__split01__seed2__d0.5,cifar100,d0.5,0.05,5,206|201|195|221|177,0,,,0.0,0,,,0.0,0
cifar100_proser_fedavg__split01__seed2__d0.5,cifar100,d0.5,0.1,5,206|201|195|221|177,0,,,0.0,0,,,0.0,0
cifar100_proser_fedavg__split01__seed2__d0.5,cifar100,d0.5,0.15,5,206|201|195|221|177,0,,,0.0,0,,,0.0,0
cifar100_proser_fedavg__split01__seed2__d0.5,cifar100,d0.5,0.2,5,206|201|195|221|177,0,,,0.0,0,,,0.0,0
cifar100_proser_fedavg__split01__seed2__d0.5,cifar100,d0.5,0.25,5,206|201|195|221|177,1,8,0.24066779914612707,0.08392338458148607,1,8,0.21955383866518638,0.08196245241690234,0
cifar100_proser_fedavg__split01__seed2__d0.5,cifar100,d0.5,0.3,5,206|201|195|221|177,1,8,0.2875975981914796,0.12115073228675065,1,8,0.2807449827937536,0.11680581548091154,0
cifar100_proser_fedavg__split01__seed2__d5.0,cifar100,d5,0.05,5,208|202|208|173|209,0,,,0.0,0,,,0.0,0
cifar100_proser_fedavg__split01__seed2__d5.0,cifar100,d5,0.1,5,208|202|208|173|209,0,,,0.0,0,,,0.0,0
cifar100_proser_fedavg__split01__seed2__d5.0,cifar100,d5,0.15,5,208|202|208|173|209,0,,,0.0,0,,,0.0,0
cifar100_proser_fedavg__split01__seed2__d5.0,cifar100,d5,0.2,5,208|202|208|173|209,0,,,0.0,0,,,0.0,0
cifar100_proser_fedavg__split01__seed2__d5.0,cifar100,d5,0.25,5,208|202|208|173|209,1,8,0.23412356184406316,0.09562685087665634,1,9,0.23830890592288484,0.1816108572042198,0
cifar100_proser_fedavg__split01__seed2__d5.0,cifar100,d5,0.3,5,208|202|208|173|209,1,9,0.27356892912935865,0.20038274402350834,1,9,0.26051797090316176,0.21009632719236918,0
cifar100_proser_fedavg__split01__seed3__d0.1,cifar100,d0.1,0.05,5,182|213|200|211|194,0,,,0.0,0,,,0.0,0
cifar100_proser_fedavg__split01__seed3__d0.1,cifar100,d0.1,0.1,5,182|213|200|211|194,0,,,0.0,0,,,0.0,0
cifar100_proser_fedavg__split01__seed3__d0.1,cifar100,d0.1,0.15,5,182|213|200|211|194,0,,,0.0,0,,,0.0,0
cifar100_proser_fedavg__split01__seed3__d0.1,cifar100,d0.1,0.2,5,182|213|200|211|194,0,,,0.0,0,,,0.0,0
cifar100_proser_fedavg__split01__seed3__d0.1,cifar100,d0.1,0.25,5,182|213|200|211|194,0,,,0.0,0,,,0.0,0
cifar100_proser_fedavg__split01__seed3__d0.1,cifar100,d0.1,0.3,5,182|213|200|211|194,0,,,0.0,0,,,0.0,0
cifar100_proser_fedavg__split01__seed3__d0.5,cifar100,d0.5,0.05,5,188|214|207|190|201,0,,,0.0,0,,,0.0,0
cifar100_proser_fedavg__split01__seed3__d0.5,cifar100,d0.5,0.1,5,188|214|207|190|201,0,,,0.0,0,,,0.0,0
cifar100_proser_fedavg__split01__seed3__d0.5,cifar100,d0.5,0.15,5,188|214|207|190|201,0,,,0.0,0,,,0.0,0
cifar100_proser_fedavg__split01__seed3__d0.5,cifar100,d0.5,0.2,5,188|214|207|190|201,0,,,0.0,0,,,0.0,0
cifar100_proser_fedavg__split01__seed3__d0.5,cifar100,d0.5,0.25,5,188|214|207|190|201,1,0,0.24602567819674584,0.07237895294510197,1,8,0.24417461373362015,0.08026176142665317,0
cifar100_proser_fedavg__split01__seed3__d0.5,cifar100,d0.5,0.3,5,188|214|207|190|201,1,1,0.29204586258339726,0.13844981359374134,1,9,0.29366457366682186,0.17136260139925008,0
cifar100_proser_fedavg__split01__seed3__d5.0,cifar100,d5,0.05,5,198|196|222|177|207,0,,,0.0,0,,,0.0,0
cifar100_proser_fedavg__split01__seed3__d5.0,cifar100,d5,0.1,5,198|196|222|177|207,0,,,0.0,0,,,0.0,0
cifar100_proser_fedavg__split01__seed3__d5.0,cifar100,d5,0.15,5,198|196|222|177|207,0,,,0.0,0,,,0.0,0
cifar100_proser_fedavg__split01__seed3__d5.0,cifar100,d5,0.2,5,198|196|222|177|207,0,,,0.0,0,,,0.0,0
cifar100_proser_fedavg__split01__seed3__d5.0,cifar100,d5,0.25,5,198|196|222|177|207,1,8,0.19776430412017384,0.08392338458148607,1,8,0.2136576644067642,0.08714543711759558,0
cifar100_proser_fedavg__split01__seed3__d5.0,cifar100,d5,0.3,5,198|196|222|177|207,1,9,0.26671044680340666,0.17360379044258428,1,9,0.28055582880289964,0.1955696816808571,0
cifar100_proser_fedavg__split01__seed4__d0.1,cifar100,d0.1,0.05,5,215|202|200|182|201,0,,,0.0,0,,,0.0,0
cifar100_proser_fedavg__split01__seed4__d0.1,cifar100,d0.1,0.1,5,215|202|200|182|201,0,,,0.0,0,,,0.0,0
cifar100_proser_fedavg__split01__seed4__d0.1,cifar100,d0.1,0.15,5,215|202|200|182|201,0,,,0.0,0,,,0.0,0
cifar100_proser_fedavg__split01__seed4__d0.1,cifar100,d0.1,0.2,5,215|202|200|182|201,0,,,0.0,0,,,0.0,0
cifar100_proser_fedavg__split01__seed4__d0.1,cifar100,d0.1,0.25,5,215|202|200|182|201,0,,,0.0,0,,,0.0,0
cifar100_proser_fedavg__split01__seed4__d0.1,cifar100,d0.1,0.3,5,215|202|200|182|201,0,,,0.0,0,,,0.0,0
cifar100_proser_fedavg__split01__seed4__d0.5,cifar100,d0.5,0.05,5,209|212|188|197|194,0,,,0.0,0,,,0.0,0
cifar100_proser_fedavg__split01__seed4__d0.5,cifar100,d0.5,0.1,5,209|212|188|197|194,0,,,0.0,0,,,0.0,0
cifar100_proser_fedavg__split01__seed4__d0.5,cifar100,d0.5,0.15,5,209|212|188|197|194,0,,,0.0,0,,,0.0,0
cifar100_proser_fedavg__split01__seed4__d0.5,cifar100,d0.5,0.2,5,209|212|188|197|194,0,,,0.0,0,,,0.0,0
cifar100_proser_fedavg__split01__seed4__d0.5,cifar100,d0.5,0.25,5,209|212|188|197|194,1,8,0.23820998164217452,0.10068596701936972,1,8,0.24342549570608601,0.1012548339439545,0
cifar100_proser_fedavg__split01__seed4__d0.5,cifar100,d0.5,0.3,5,209|212|188|197|194,1,1,0.2984350083588447,0.20038274402350834,1,1,0.29931213090146724,0.2020088068580312,0
cifar100_proser_fedavg__split01__seed4__d5.0,cifar100,d5,0.05,5,199|191|191|210|209,0,,,0.0,0,,,0.0,0
cifar100_proser_fedavg__split01__seed4__d5.0,cifar100,d5,0.1,5,199|191|191|210|209,0,,,0.0,0,,,0.0,0
cifar100_proser_fedavg__split01__seed4__d5.0,cifar100,d5,0.15,5,199|191|191|210|209,0,,,0.0,0,,,0.0,0
cifar100_proser_fedavg__split01__seed4__d5.0,cifar100,d5,0.2,5,199|191|191|210|209,0,,,0.0,0,,,0.0,0
cifar100_proser_fedavg__split01__seed4__d5.0,cifar100,d5,0.25,5,199|191|191|210|209,1,8,0.22919447697492876,0.1367108454380224,1,8,0.22136347795173728,0.14209972349757616,0
cifar100_proser_fedavg__split01__seed4__d5.0,cifar100,d5,0.3,5,199|191|191|210|209,1,9,0.2988625090876875,0.23473702606631888,1,9,0.2887297128644759,0.23466398824359472,0
cifar100_proser_fedavg__split02__seed0__d0.1,cifar100,d0.1,0.05,5,227|183|188|195|207,0,,,0.0,0,,,0.0,0
cifar100_proser_fedavg__split02__seed0__d0.1,cifar100,d0.1,0.1,5,227|183|188|195|207,0,,,0.0,0,,,0.0,0
cifar100_proser_fedavg__split02__seed0__d0.1,cifar100,d0.1,0.15,5,227|183|188|195|207,0,,,0.0,0,,,0.0,0
cifar100_proser_fedavg__split02__seed0__d0.1,cifar100,d0.1,0.2,5,227|183|188|195|207,0,,,0.0,0,,,0.0,0
cifar100_proser_fedavg__split02__seed0__d0.1,cifar100,d0.1,0.25,5,227|183|188|195|207,0,,,0.0,0,,,0.0,0
cifar100_proser_fedavg__split02__seed0__d0.1,cifar100,d0.1,0.3,5,227|183|188|195|207,1,8,0.29413225373927565,0.040567222317772204,0,,,0.0,-1
cifar100_proser_fedavg__split02__seed0__d0.5,cifar100,d0.5,0.05,5,227|180|210|189|194,0,,,0.0,0,,,0.0,0
cifar100_proser_fedavg__split02__seed0__d0.5,cifar100,d0.5,0.1,5,227|180|210|189|194,0,,,0.0,0,,,0.0,0
cifar100_proser_fedavg__split02__seed0__d0.5,cifar100,d0.5,0.15,5,227|180|210|189|194,0,,,0.0,0,,,0.0,0
cifar100_proser_fedavg__split02__seed0__d0.5,cifar100,d0.5,0.2,5,227|180|210|189|194,0,,,0.0,0,,,0.0,0
cifar100_proser_fedavg__split02__seed0__d0.5,cifar100,d0.5,0.25,5,227|180|210|189|194,0,,,0.0,1,9,0.22366176575850819,0.15039671884773104,1
cifar100_proser_fedavg__split02__seed0__d0.5,cifar100,d0.5,0.3,5,227|180|210|189|194,1,1,0.26764428114778904,0.18427630246247986,1,10,0.29528708796494463,0.25215224107203926,0
cifar100_proser_fedavg__split02__seed0__d5.0,cifar100,d5,0.05,5,191|188|195|197|229,0,,,0.0,0,,,0.0,0
cifar100_proser_fedavg__split02__seed0__d5.0,cifar100,d5,0.1,5,191|188|195|197|229,0,,,0.0,0,,,0.0,0
cifar100_proser_fedavg__split02__seed0__d5.0,cifar100,d5,0.15,5,191|188|195|197|229,0,,,0.0,0,,,0.0,0
cifar100_proser_fedavg__split02__seed0__d5.0,cifar100,d5,0.2,5,191|188|195|197|229,1,0,0.17396469642223483,0.08392338458148607,1,0,0.17534545795859935,0.0900974001972957,0
cifar100_proser_fedavg__split02__seed0__d5.0,cifar100,d5,0.25,5,191|188|195|197|229,1,0,0.15307949658474732,0.09899686630197754,1,9,0.23456252708968212,0.17455020613595637,0
cifar100_proser_fedavg__split02__seed0__d5.0,cifar100,d5,0.3,5,191|188|195|197|229,1,9,0.27734495557878086,0.20397712586410088,1,6,0.2920828924418676,0.24344458446341588,0
cifar100_proser_fedavg__split02__seed1__d0.1,cifar100,d0.1,0.05,5,215|191|205|197|192,0,,,0.0,0,,,0.0,0
cifar100_proser_fedavg__split02__seed1__d0.1,cifar100,d0.1,0.1,5,215|191|205|197|192,0,,,0.0,0,,,0.0,0
cifar100_proser_fedavg__split02__seed1__d0.1,cifar100,d0.1,0.15,5,215|191|205|197|192,0,,,0.0,0,,,0.0,0
cifar100_proser_fedavg__split02__seed1__d0.1,cifar100,d0.1,0.2,5,215|191|205|197|192,0,,,0.0,0,,,0.0,0
cifar100_proser_fedavg__split02__seed1__d0.1,cifar100,d0.1,0.25,5,215|191|205|197|192,0,,,0.0,0,,,0.0,0
cifar100_proser_fedavg__split02__seed1__d0.1,cifar100,d0.1,0.3,5,215|191|205|197|192,1,0,0.2882939297288263,0.04364870567321217,1,0,0.2913612364813861,0.0577829057747383,0
cifar100_proser_fedavg__split02__seed1__d0.5,cifar100,d0.5,0.05,5,184|200|215|199|202,0,,,0.0,0,,,0.0,0
cifar100_proser_fedavg__split02__seed1__d0.5,cifar100,d0.5,0.1,5,184|200|215|199|202,0,,,0.0,0,,,0.0,0
cifar100_proser_fedavg__split02__seed1__d0.5,cifar100,d0.5,0.15,5,184|200|215|199|202,0,,,0.0,0,,,0.0,0
cifar100_proser_fedavg__split02__seed1__d0.5,cifar100,d0.5,0.2,5,184|200|215|199|202,0,,,0.0,0,,,0.0,0
cifar100_proser_fedavg__split02__seed1__d0.5,cifar100,d0.5,0.25,5,184|200|215|199|202,1,1,0.2279765145229676,0.1419334816916104,1,9,0.22409614570866038,0.16288691024470162,0
cifar100_proser_fedavg__split02__seed1__d0.5,cifar100,d0.5,0.3,5,184|200|215|199|202,1,9,0.23594799274193892,0.16828814810062487,1,6,0.2921595835086047,0.22172655470586783,0
cifar100_proser_fedavg__split02__seed1__d5.0,cifar100,d5,0.05,5,219|193|184|196|208,0,,,0.0,0,,,0.0,0
cifar100_proser_fedavg__split02__seed1__d5.0,cifar100,d5,0.1,5,219|193|184|196|208,0,,,0.0,0,,,0.0,0
cifar100_proser_fedavg__split02__seed1__d5.0,cifar100,d5,0.15,5,219|193|184|196|208,0,,,0.0,0,,,0.0,0
cifar100_proser_fedavg__split02__seed1__d5.0,cifar100,d5,0.2,5,219|193|184|196|208,0,,,0.0,0,,,0.0,0
cifar100_proser_fedavg__split02__seed1__d5.0,cifar100,d5,0.25,5,219|193|184|196|208,1,0,0.24084090871941016,0.08226388471076322,1,0,0.2373982708591167,0.0945945154550004,0
cifar100_proser_fedavg__split02__seed1__d5.0,cifar100,d5,0.3,5,219|193|184|196|208,1,1,0.2965192939564963,0.19321030734982822,1,9,0.2865905267128969,0.20834107940725935,0
cifar100_proser_fedavg__split02__seed2__d0.1,cifar100,d0.1,0.05,5,196|192|205|209|198,0,,,0.0,0,,,0.0,0
cifar100_proser_fedavg__split02__seed2__d0.1,cifar100,d0.1,0.1,5,196|192|205|209|198,0,,,0.0,0,,,0.0,0
cifar100_proser_fedavg__split02__seed2__d0.1,cifar100,d0.1,0.15,5,196|192|205|209|198,0,,,0.0,0,,,0.0,0
cifar100_proser_fedavg__split02__seed2__d0.1,cifar100,d0.1,0.2,5,196|192|205|209|198,0,,,0.0,0,,,0.0,0
cifar100_proser_fedavg__split02__seed2__d0.1,cifar100,d0.1,0.25,5,196|192|205|209|198,0,,,0.0,0,,,0.0,0
cifar100_proser_fedavg__split02__seed2__d0.1,cifar100,d0.1,0.3,5,196|192|205|209|198,0,,,0.0,0,,,0.0,0
cifar100_proser_fedavg__split02__seed2__d0.5,cifar100,d0.5,0.05,5,187|190|205|204|214,0,,,0.0,0,,,0.0,0
cifar100_proser_fedavg__split02__seed2__d0.5,cifar100,d0.5,0.1,5,187|190|205|204|214,0,,,0.0,0,,,0.0,0
cifar100_proser_fedavg__split02__seed2__d0.5,cifar100,d0.5,0.15,5,187|190|205|204|214,0,,,0.0,0,,,0.0,0
cifar100_proser_fedavg__split02__seed2__d0.5,cifar100,d0.5,0.2,5,187|190|205|204|214,0,,,0.0,0,,,0.0,0
cifar100_proser_fedavg__split02__seed2__d0.5,cifar100,d0.5,0.25,5,187|190|205|204|214,0,,,0.0,0,,,0.0,0
cifar100_proser_fedavg__split02__seed2__d0.5,cifar100,d0.5,0.3,5,187|190|205|204|214,1,9,0.2806189151062664,0.1612229155774341,1,1,0.2847445800123911,0.17659168600689223,0
cifar100_proser_fedavg__split02__seed2__d5.0,cifar100,d5,0.05,5,177|208|225|191|199,0,,,0.0,0,,,0.0,0
cifar100_proser_fedavg__split02__seed2__d5.0,cifar100,d5,0.1,5,177|208|225|191|199,0,,,0.0,0,,,0.0,0
cifar100_proser_fedavg__split02__seed2__d5.0,cifar100,d5,0.15,5,177|208|225|191|199,0,,,0.0,0,,,0.0,0
cifar100_proser_fedavg__split02__seed2__d5.0,cifar100,d5,0.2,5,177|208|225|191|199,0,,,0.0,0,,,0.0,0
cifar100_proser_fedavg__split02__seed2__d5.0,cifar100,d5,0.25,5,177|208|225|191|199,1,0,0.23449606813516444,0.09562685087665634,1,9,0.2469252288781177,0.18051368161754383,0
cifar100_proser_fedavg__split02__seed2__d5.0,cifar100,d5,0.3,5,177|208|225|191|199,1,9,0.29711740099056866,0.18249382681484075,1,6,0.29841962938241384,0.2253951772988397,0
cifar100_proser_fedavg__split02__seed3__d0.1,cifar100,d0.1,0.05,5,196|215|198|195|196,0,,,0.0,0,,,0.0,0
cifar100_proser_fedavg__split02__seed3__d0.1,cifar100,d0.1,0.1,5,196|215|198|195|196,0,,,0.0,0,,,0.0,0
cifar100_proser_fedavg__split02__seed3__d0.1,cifar100,d0.1,0.15,5,196|215|198|195|196,0,,,0.0,0,,,0.0,0
cifar100_proser_fedavg__split02__seed3__d0.1,cifar100,d0.1,0.2,5,196|215|198|195|196,0,,,0.0,0,,,0.0,0
cifar100_proser_fedavg__split02__seed3__d0.1,cifar100,d0.1,0.25,5,196|215|198|195|196,0,,,0.0,0,,,0.0,0
cifar100_proser_fedavg__split02__seed3__d0.1,cifar100,d0.1,0.3,5,196|215|198|195|196,0,,,0.0,0,,,0.0,0
cifar100_proser_fedavg__split02__seed3__d0.5,cifar100,d0.5,0.05,5,213|184|213|202|188,0,,,0.0,0,,,0.0,0
cifar100_proser_fedavg__split02__seed3__d0.5,cifar100,d0.5,0.1,5,213|184|213|202|188,0,,,0.0,0,,,0.0,0
cifar100_proser_fedavg__split02__seed3__d0.5,cifar100,d0.5,0.15,5,213|184|213|202|188,0,,,0.0,0,,,0.0,0
cifar100_proser_fedavg__split02__seed3__d0.5,cifar100,d0.5,0.2,5,213|184|213|202|188,0,,,0.0,0,,,0.0,0
cifar100_proser_fedavg__split02__seed3__d0.5,cifar100,d0.5,0.25,5,213|184|213|202|188,0,,,0.0,0,,,0.0,0
cifar100_proser_fedavg__split02__seed3__d0.5,cifar100,d0.5,0.3,5,213|184|213|202|188,1,0,0.29846180669299294,0.08558611885182407,1,8,0.2850249416196562,0.09899842061900938,0
cifar100_proser_fedavg__split02__seed3__d5.0,cifar100,d5,0.05,5,206|201|183|208|202,0,,,0.0,0,,,0.0,0
cifar100_proser_fedavg__split02__seed3__d5.0,cifar100,d5,0.1,5,206|201|183|208|202,0,,,0.0,0,,,0.0,0
cifar100_proser_fedavg__split02__seed3__d5.0,cifar100,d5,0.15,5,206|201|183|208|202,0,,,0.0,0,,,0.0,0
cifar100_proser_fedavg__split02__seed3__d5.0,cifar100,d5,0.2,5,206|201|183|208|202,0,,,0.0,0,,,0.0,0
cifar100_proser_fedavg__split02__seed3__d5.0,cifar100,d5,0.25,5,206|201|183|208|202,0,,,0.0,0,,,0.0,0
cifar100_proser_fedavg__split02__seed3__d5.0,cifar100,d5,0.3,5,206|201|183|208|202,1,0,0.2741201276327759,0.10407211410259809,1,0,0.25973333989502567,0.10870792240938874,0
cifar100_proser_fedavg__split02__seed4__d0.1,cifar100,d0.1,0.05,5,192|180|215|201|212,0,,,0.0,0,,,0.0,0
cifar100_proser_fedavg__split02__seed4__d0.1,cifar100,d0.1,0.1,5,192|180|215|201|212,0,,,0.0,0,,,0.0,0
cifar100_proser_fedavg__split02__seed4__d0.1,cifar100,d0.1,0.15,5,192|180|215|201|212,0,,,0.0,0,,,0.0,0
cifar100_proser_fedavg__split02__seed4__d0.1,cifar100,d0.1,0.2,5,192|180|215|201|212,0,,,0.0,0,,,0.0,0
cifar100_proser_fedavg__split02__seed4__d0.1,cifar100,d0.1,0.25,5,192|180|215|201|212,0,,,0.0,0,,,0.0,0
cifar100_proser_fedavg__split02__seed4__d0.1,cifar100,d0.1,0.3,5,192|180|215|201|212,0,,,0.0,0,,,0.0,0
cifar100_proser_fedavg__split02__seed4__d0.5,cifar100,d0.5,0.05,5,222|181|180|189|228,0,,,0.0,0,,,0.0,0
cifar100_proser_fedavg__split02__seed4__d0.5,cifar100,d0.5,0.1,5,222|181|180|189|228,0,,,0.0,0,,,0.0,0
cifar100_proser_fedavg__split02__seed4__d0.5,cifar100,d0.5,0.15,5,222|181|180|189|228,0,,,0.0,0,,,0.0,0
cifar100_proser_fedavg__split02__seed4__d0.5,cifar100,d0.5,0.2,5,222|181|180|189|228,0,,,0.0,0,,,0.0,0
cifar100_proser_fedavg__split02__seed4__d0.5,cifar100,d0.5,0.25,5,222|181|180|189|228,1,8,0.23064971503233178,0.08892102375525943,1,5,0.24253962031237125,0.1311498241990142,0
cifar100_proser_fedavg__split02__seed4__d0.5,cifar100,d0.5,0.3,5,222|181|180|189|228,1,8,0.26737552692611793,0.11600249764564316,1,5,0.2802497306351748,0.15439179356091137,0
cifar100_proser_fedavg__split02__seed4__d5.0,cifar100,d5,0.05,5,197|195|215|182|211,0,,,0.0,0,,,0.0,0
cifar100_proser_fedavg__split02__seed4__d5.0,cifar100,d5,0.1,5,197|195|215|182|211,0,,,0.0,0,,,0.0,0
cifar100_proser_fedavg__split02__seed4__d5.0,cifar100,d5,0.15,5,197|195|215|182|211,0,,,0.0,0,,,0.0,0
cifar100_proser_fedavg__split02__seed4__d5.0,cifar100,d5,0.2,5,197|195|215|182|211,0,,,0.0,0,,,0.0,0
cifar100_proser_fedavg__split02__seed4__d5.0,cifar100,d5,0.25,5,197|195|215|182|211,1,0,0.21173988962216386,0.1057690692233078,1,8,0.24663275153593964,0.12089031910356024,0
cifar100_proser_fedavg__split02__seed4__d5.0,cifar100,d5,0.3,5,197|195|215|182|211,1,0,0.2450283246703804,0.12115073228675065,1,8,0.24738980967844287,0.13875854169115517,0
cifar100_proser_fedavg__split03__seed0__d0.1,cifar100,d0.1,0.05,5,201|197|210|209|183,0,,,0.0,0,,,0.0,0
cifar100_proser_fedavg__split03__seed0__d0.1,cifar100,d0.1,0.1,5,201|197|210|209|183,0,,,0.0,0,,,0.0,0
cifar100_proser_fedavg__split03__seed0__d0.1,cifar100,d0.1,0.15,5,201|197|210|209|183,0,,,0.0,0,,,0.0,0
cifar100_proser_fedavg__split03__seed0__d0.1,cifar100,d0.1,0.2,5,201|197|210|209|183,0,,,0.0,0,,,0.0,0
cifar100_proser_fedavg__split03__seed0__d0.1,cifar100,d0.1,0.25,5,201|197|210|209|183,0,,,0.0,0,,,0.0,0
cifar100_proser_fedavg__split03__seed0__d0.1,cifar100,d0.1,0.3,5,201|197|210|209|183,1,9,0.2907956741713639,0.09899686630197754,1,9,0.2641988545911733,0.10248920016906327,0
cifar100_proser_fedavg__split03__seed0__d0.5,cifar100,d0.5,0.05,5,198|195|200|209|198,0,,,0.0,0,,,0.0,0
cifar100_proser_fedavg__split03__seed0__d0.5,cifar100,d0.5,0.1,5,198|195|200|209|198,0,,,0.0,0,,,0.0,0
cifar100_proser_fedavg__split03__seed0__d0.5,cifar100,d0.5,0.15,5,198|195|200|209|198,0,,,0.0,0,,,0.0,0
cifar100_proser_fedavg__split03__seed0__d0.5,cifar100,d0.5,0.2,5,198|195|200|209|198,0,,,0.0,0,,,0.0,0
cifar100_proser_fedavg__split03__seed0__d0.5,cifar100,d0.5,0.25,5,198|195|200|209|198,0,,,0.0,0,,,0.0,0
cifar100_proser_fedavg__split03__seed0__d0.5,cifar100,d0.5,0.3,5,198|195|200|209|198,1,0,0.27932877149903923,0.07730550792030831,1,0,0.2838294836160198,0.10448775711745407,0
cifar100_proser_fedavg__split03__seed0__d5.0,cifar100,d5,0.05,5,198|215|213|189|185,0,,,0.0,0,,,0.0,0
cifar100_proser_fedavg__split03__seed0__d5.0,cifar100,d5,0.1,5,198|215|213|189|185,0,,,0.0,0,,,0.0,0
cifar100_proser_fedavg__split03__seed0__d5.0,cifar100,d5,0.15,5,198|215|213|189|185,0,,,0.0,0,,,0.0,0
cifar100_proser_fedavg__split03__seed0__d5.0,cifar100,d5,0.2,5,198|215|213|189|185,0,,,0.0,0,,,0.0,0
cifar100_proser_fedavg__split03__seed0__d5.0,cifar100,d5,0.25,5,198|215|213|189|185,1,8,0.22553633155219363,0.0973104776589769,1,8,0.23278389332561222,0.10112611409272917,0
cifar100_proser_fedavg__split03__seed0__d5.0,cifar100,d5,0.3,5,198|215|213|189|185,1,9,0.29448524872712517,0.1700584629511604,1,1,0.29716856765731336,0.1950034680976236,0
cifar100_proser_fedavg__split03__seed1__d0.1,cifar100,d0.1,0.05,5,205|197|203|218|177,0,,,0.0,0,,,0.0,0
cifar100_proser_fedavg__split03__seed1__d0.1,cifar100,d0.1,0.1,5,205|197|203|218|177,0,,,0.0,0,,,0.0,0
cifar100_proser_fedavg__split03__seed1__d0.1,cifar100,d0.1,0.15,5,205|197|203|218|177,0,,,0.0,0,,,0.0,0
cifar100_proser_fedavg__split03__seed1__d0.1,cifar100,d0.1,0.2,5,205|197|203|218|177,0,,,0.0,0,,,0.0,0
cifar100_proser_fedavg__split03__seed1__d0.1,cifar100,d0.1,0.25,5,205|197|203|218|177,0,,,0.0,0,,,0.0,0
cifar100_proser_fedavg__split03__seed1__d0.1,cifar100,d0.1,0.3,5,205|197|203|218|177,0,,,0.0,0,,,0.0,0
cifar100_proser_fedavg__split03__seed1__d0.5,cifar100,d0.5,0.05,5,188|207|216|189|200,0,,,0.0,0,,,0.0,0
cifar100_proser_fedavg__split03__seed1__d0.5,cifar100,d0.5,0.1,5,188|207|216|189|200,0,,,0.0,0,,,0.0,0
cifar100_proser_fedavg__split03__seed1__d0.5,cifar100,d0.5,0.15,5,188|207|216|189|200,0,,,0.0,0,,,0.0,0
cifar100_proser_fedavg__split03__seed1__d0.5,cifar100,d0.5,0.2,5,188|207|216|189|200,1,8,0.18884247802667384,0.03150404753784694,0,,,0.0,-1
cifar100_proser_fedavg__split03__seed1__d0.5,cifar100,d0.5,0.25,5,188|207|216|189|200,1,9,0.24226242397115016,0.1091705258540498,1,9,0.24068441981008673,0.11244870571035775,0
cifar100_proser_fedavg__split03__seed1__d0.5,cifar100,d0.5,0.3,5,188|207|216|189|200,1,9,0.27938585799250043,0.1280456618010333,1,9,0.26775865522004955,0.12982291798687645,0
cifar100_proser_fedavg__split03__seed1__d5.0,cifar100,d5,0.05,5,188|179|189|217|227,0,,,0.0,0,,,0.0,0
cifar100_proser_fedavg__split03__seed1__d5.0,cifar100,d5,0.1,5,188|179|189|217|227,0,,,0.0,0,,,0.0,0
cifar100_proser_fedavg__split03__seed1__d5.0,cifar100,d5,0.15,5,188|179|189|217|227,0,,,0.0,0,,,0.0,0
cifar100_proser_fedavg__split03__seed1__d5.0,cifar100,d5,0.2,5,188|179|189|217|227,0,,,0.0,0,,,0.0,0
cifar100_proser_fedavg__split03__seed1__d5.0,cifar100,d5,0.25,5,188|179|189|217|227,1,1,0.2335220819405086,0.1057690692233078,1,1,0.24766980382323167,0.13856915714255924,0
cifar100_proser_fedavg__split03__seed1__d5.0,cifar100,d5,0.3,5,188|179|189|217|227,1,2,0.288006876662582,0.18249382681484075,1,10,0.2986612369788376,0.23973963248841723,0
cifar100_proser_fedavg__split03__seed2__d0.1,cifar100,d0.1,0.05,5,197|187|194|209|213,0,,,0.0,0,,,0.0,0
cifar100_proser_fedavg__split03__seed2__d0.1,cifar100,d0.1,0.1,5,197|187|194|209|213,0,,,0.0,0,,,0.0,0
cifar100_proser_fedavg__split03__seed2__d0.1,cifar100,d0.1,0.15,5,197|187|194|209|213,0,,,0.0,0,,,0.0,0
cifar100_proser_fedavg__split03__seed2__d0.1,cifar100,d0.1,0.2,5,197|187|194|209|213,0,,,0.0,0,,,0.0,0
cifar100_proser_fedavg__split03__seed2__d0.1,cifar100,d0.1,0.25,5,197|187|194|209|213,0,,,0.0,0,,,0.0,0
cifar100_proser_fedavg__split03__seed2__d0.1,cifar100,d0.1,0.3,5,197|187|194|209|213,0,,,0.0,0,,,0.0,0
cifar100_proser_fedavg__split03__seed2__d0.5,cifar100,d0.5,0.05,5,218|209|178|198|197,0,,,0.0,0,,,0.0,0
cifar100_proser_fedavg__split03__seed2__d0.5,cifar100,d0.5,0.1,5,218|209|178|198|197,0,,,0.0,0,,,0.0,0
cifar100_proser_fedavg__split03__seed2__d0.5,cifar100,d0.5,0.15,5,218|209|178|198|197,0,,,0.0,0,,,0.0,0
cifar100_proser_fedavg__split03__seed2__d0.5,cifar100,d0.5,0.2,5,218|209|178|198|197,0,,,0.0,0,,,0.0,0
cifar100_proser_fedavg__split03__seed2__d0.5,cifar100,d0.5,0.25,5,218|209|178|198|197,0,,,0.0,0,,,0.0,0
cifar100_proser_fedavg__split03__seed2__d0.5,cifar100,d0.5,0.3,5,218|209|178|198|197,0,,,0.0,1,0,0.2863468513729987,0.06670028575437358,1
cifar100_proser_fedavg__split03__seed2__d5.0,cifar100,d5,0.05,5,202|179|219|214|186,0,,,0.0,0,,,0.0,0
cifar100_proser_fedavg__split03__seed2__d5.0,cifar100,d5,0.1,5,202|179|219|214|186,0,,,0.0,0,,,0.0,0
cifar100_proser_fedavg__split03__seed2__d5.0,cifar100,d5,0.15,5,202|179|219|214|186,0,,,0.0,0,,,0.0,0
cifar100_proser_fedavg__split03__seed2__d5.0,cifar100,d5,0.2,5,202|179|219|214|186,0,,,0.0,0,,,0.0,0
cifar100_proser_fedavg__split03__seed2__d5.0,cifar100,d5,0.25,5,202|179|219|214|186,0,,,0.0,1,0,0.24446703665567424,0.0858378651606714,1
cifar100_proser_fedavg__split03__seed2__d5.0,cifar100,d5,0.3,5,202|179|219|214|186,1,8,0.2519694955995075,0.10068596701936972,1,9,0.2840202786123617,0.15052532965581503,0
cifar100_proser_fedavg__split03__seed3__d0.1,cifar100,d0.1,0.05,5,188|207|205|215|185,0,,,0.0,0,,,0.0,0
cifar100_proser_fedavg__split03__seed3__d0.1,cifar100,d0.1,0.1,5,188|207|205|215|185,0,,,0.0,0,,,0.0,0
cifar100_proser_fedavg__split03__seed3__d0.1,cifar100,d0.1,0.15,5,188|207|205|215|185,0,,,0.0,0,,,0.0,0
cifar100_proser_fedavg__split03__seed3__d0.1,cifar100,d0.1,0.2,5,188|207|205|215|185,0,,,0.0,0,,,0.0,0
cifar100_proser_fedavg__split03__seed3__d0.1,cifar100,d0.1,0.25,5,188|207|205|215|185,0,,,0.0,0,,,0.0,0
cifar100_proser_fedavg__split03__seed3__d0.1,cifar100,d0.1,0.3,5,188|207|205|215|185,0,,,0.0,0,,,0.0,0
cifar100_proser_fedavg__split03__seed3__d0.5,cifar100,d0.5,0.05,5,213|190|212|182|203,0,,,0.0,0,,,0.0,0
cifar100_proser_fedavg__split03__seed3__d0.5,cifar100,d0.5,0.1,5,213|190|212|182|203,0,,,0.0,0,,,0.0,0
cifar100_proser_fedavg__split03__seed3__d0.5,cifar100,d0.5,0.15,5,213|190|212|182|203,0,,,0.0,0,,,0.0,0
cifar100_proser_fedavg__split03__seed3__d0.5,cifar100,d0.5,0.2,5,213|190|212|182|203,0,,,0.0,0,,,0.0,0
cifar100_proser_fedavg__split03__seed3__d0.5,cifar100,d0.5,0.25,5,213|190|212|182|203,0,,,0.0,0,,,0.0,0
cifar100_proser_fedavg__split03__seed3__d0.5,cifar100,d0.5,0.3,5,213|190|212|182|203,1,9,0.2921976814381378,0.12631874242358496,1,9,0.2933212089550187,0.13419574969435916,0
cifar100_proser_fedavg__split03__seed3__d5.0,cifar100,d5,0.05,5,192|201|193|189|225,0,,,0.0,0,,,0.0,0
cifar100_proser_fedavg__split03__seed3__d5.0,cifar100,d5,0.1,5,192|201|193|189|225,0,,,0.0,0,,,0.0,0
cifar100_proser_fedavg__split03__seed3__d5.0,cifar100,d5,0.15,5,192|201|193|189|225,0,,,0.0,0,,,0.0,0
cifar100_proser_fedavg__split03__seed3__d5.0,cifar100,d5,0.2,5,192|201|193|189|225,0,,,0.0,0,,,0.0,0
cifar100_proser_fedavg__split03__seed3__d5.0,cifar100,d5,0.25,5,192|201|193|189|225,1,0,0.21196389604192267,0.07565967752991612,1,0,0.22385164980764624,0.08416762362638511,0
cifar100_proser_fedavg__split03__seed3__d5.0,cifar100,d5,0.3,5,192|201|193|189|225,1,0,0.26041674435244166,0.09226809122691215,1,9,0.29352813638058783,0.17962756277478992,0
cifar100_proser_fedavg__split03__seed4__d0.1,cifar100,d0.1,0.05,5,198|206|206|182|208,0,,,0.0,0,,,0.0,0
cifar100_proser_fedavg__split03__seed4__d0.1,cifar100,d0.1,0.1,5,198|206|206|182|208,0,,,0.0,0,,,0.0,0
cifar100_proser_fedavg__split03__seed4__d0.1,cifar100,d0.1,0.15,5,198|206|206|182|208,0,,,0.0,0,,,0.0,0
cifar100_proser_fedavg__split03__seed4__d0.1,cifar100,d0.1,0.2,5,198|206|206|182|208,0,,,0.0,0,,,0.0,0
cifar100_proser_fedavg__split03__seed4__d0.1,cifar100,d0.1,0.25,5,198|206|206|182|208,0,,,0.0,0,,,0.0,0
cifar100_proser_fedavg__split03__seed4__d0.1,cifar100,d0.1,0.3,5,198|206|206|182|208,0,,,0.0,0,,,0.0,0
cifar100_proser_fedavg__split03__seed4__d0.5,cifar100,d0.5,0.05,5,212|189|227|181|191,0,,,0.0,0,,,0.0,0
cifar100_proser_fedavg__split03__seed4__d0.5,cifar100,d0.5,0.1,5,212|189|227|181|191,0,,,0.0,0,,,0.0,0
cifar100_proser_fedavg__split03__seed4__d0.5,cifar100,d0.5,0.15,5,212|189|227|181|191,0,,,0.0,0,,,0.0,0
cifar100_proser_fedavg__split03__seed4__d0.5,cifar100,d0.5,0.2,5,212|189|227|181|191,0,,,0.0,0,,,0.0,0
cifar100_proser_fedavg__split03__seed4__d0.5,cifar100,d0.5,0.25,5,212|189|227|181|191,0,,,0.0,0,,,0.0,0
cifar100_proser_fedavg__split03__seed4__d0.5,cifar100,d0.5,0.3,5,212|189|227|181|191,0,,,0.0,0,,,0.0,0
cifar100_proser_fedavg__split03__seed4__d5.0,cifar100,d5,0.05,5,196|200|198|196|210,0,,,0.0,0,,,0.0,0
cifar100_proser_fedavg__split03__seed4__d5.0,cifar100,d5,0.1,5,196|200|198|196|210,0,,,0.0,0,,,0.0,0
cifar100_proser_fedavg__split03__seed4__d5.0,cifar100,d5,0.15,5,196|200|198|196|210,0,,,0.0,0,,,0.0,0
cifar100_proser_fedavg__split03__seed4__d5.0,cifar100,d5,0.2,5,196|200|198|196|210,0,,,0.0,0,,,0.0,0
cifar100_proser_fedavg__split03__seed4__d5.0,cifar100,d5,0.25,5,196|200|198|196|210,1,0,0.23710380406446677,0.07730550792030831,1,0,0.23626563053784833,0.09628741761734078,0
cifar100_proser_fedavg__split03__seed4__d5.0,cifar100,d5,0.3,5,196|200|198|196|210,1,0,0.26308393398380747,0.08226388471076322,1,0,0.24068096052813778,0.1089794134809702,0
cifar100_proser_fedavg__split04__seed0__d0.1,cifar100,d0.1,0.05,5,207|186|199|208|200,0,,,0.0,0,,,0.0,0
cifar100_proser_fedavg__split04__seed0__d0.1,cifar100,d0.1,0.1,5,207|186|199|208|200,0,,,0.0,0,,,0.0,0
cifar100_proser_fedavg__split04__seed0__d0.1,cifar100,d0.1,0.15,5,207|186|199|208|200,0,,,0.0,0,,,0.0,0
cifar100_proser_fedavg__split04__seed0__d0.1,cifar100,d0.1,0.2,5,207|186|199|208|200,0,,,0.0,0,,,0.0,0
cifar100_proser_fedavg__split04__seed0__d0.1,cifar100,d0.1,0.25,5,207|186|199|208|200,0,,,0.0,0,,,0.0,0
cifar100_proser_fedavg__split04__seed0__d0.1,cifar100,d0.1,0.3,5,207|186|199|208|200,0,,,0.0,0,,,0.0,0
cifar100_proser_fedavg__split04__seed0__d0.5,cifar100,d0.5,0.05,5,199|217|186|202|196,0,,,0.0,0,,,0.0,0
cifar100_proser_fedavg__split04__seed0__d0.5,cifar100,d0.5,0.1,5,199|217|186|202|196,0,,,0.0,0,,,0.0,0
cifar100_proser_fedavg__split04__seed0__d0.5,cifar100,d0.5,0.15,5,199|217|186|202|196,0,,,0.0,0,,,0.0,0
cifar100_proser_fedavg__split04__seed0__d0.5,cifar100,d0.5,0.2,5,199|217|186|202|196,0,,,0.0,0,,,0.0,0
cifar100_proser_fedavg__split04__seed0__d0.5,cifar100,d0.5,0.25,5,199|217|186|202|196,0,,,0.0,0,,,0.0,0
cifar100_proser_fedavg__split04__seed0__d0.5,cifar100,d0.5,0.3,5,199|217|186|202|196,1,0,0.29846180669299294,0.06586382397031201,1,9,0.2854883136568891,0.15049559324874054,0
cifar100_proser_fedavg__split04__seed0__d5.0,cifar100,d5,0.05,5,200|206|197|193|204,0,,,0.0,0,,,0.0,0
cifar100_proser_fedavg__split04__seed0__d5.0,cifar100,d5,0.1,5,200|206|197|193|204,0,,,0.0,0,,,0.0,0
cifar100_proser_fedavg__split04__seed0__d5.0,cifar100,d5,0.15,5,200|206|197|193|204,0,,,0.0,0,,,0.0,0
cifar100_proser_fedavg__split04__seed0__d5.0,cifar100,d5,0.2,5,200|206|197|193|204,1,9,0.1839150524217331,0.1280456618010333,1,9,0.18542674893409478,0.1370671410286835,0
cifar100_proser_fedavg__split04__seed0__d5.0,cifar100,d5,0.25,5,200|206|197|193|204,1,9,0.24808813847567393,0.1489231006880117,1,2,0.24975069057080235,0.20003096675387863,0
cifar100_proser_fedavg__split04__seed0__d5.0,cifar100,d5,0.3,5,200|206|197|193|204,1,9,0.29631171812324336,0.17183034880148162,1,10,0.2983100635135729,0.24621275899889772,0
cifar100_proser_fedavg__split04__seed1__d0.1,cifar100,d0.1,0.05,5,192|218|198|178|214,0,,,0.0,0,,,0.0,0
cifar100_proser_fedavg__split04__seed1__d0.1,cifar100,d0.1,0.1,5,192|218|198|178|214,0,,,0.0,0,,,0.0,0
cifar100_proser_fedavg__split04__seed1__d0.1,cifar100,d0.1,0.15,5,192|218|198|178|214,0,,,0.0,0,,,0.0,0
cifar100_proser_fedavg__split04__seed1__d0.1,cifar100,d0.1,0.2,5,192|218|198|178|214,0,,,0.0,0,,,0.0,0
cifar100_proser_fedavg__split04__seed1__d0.1,cifar100,d0.1,0.25,5,192|218|198|178|214,0,,,0.0,0,,,0.0,0
cifar100_proser_fedavg__split04__seed1__d0.1,cifar100,d0.1,0.3,5,192|218|198|178|214,0,,,0.0,0,,,0.0,0
cifar100_proser_fedavg__split04__seed1__d0.5,cifar100,d0.5,0.05,5,211|193|208|201|187,0,,,0.0,0,,,0.0,0
cifar100_proser_fedavg__split04__seed1__d0.5,cifar100,d0.5,0.1,5,211|193|208|201|187,0,,,0.0,0,,,0.0,0
cifar100_proser_fedavg__split04__seed1__d0.5,cifar100,d0.5,0.15,5,211|193|208|201|187,0,,,0.0,0,,,0.0,0
cifar100_proser_fedavg__split04__seed1__d0.5,cifar100,d0.5,0.2,5,211|193|208|201|187,1,0,0.17735353056283543,0.03299367095597644,1,0,0.19747651310510872,0.047039378853871154,0
cifar100_proser_fedavg__split04__seed1__d0.5,cifar100,d0.5,0.25,5,211|193|208|201|187,0,,,0.0,1,0,0.2420667410496767,0.06837839352239954,1
cifar100_proser_fedavg__split04__seed1__d0.5,cifar100,d0.5,0.3,5,211|193|208|201|187,1,8,0.2858135898026206,0.07730550792030831,1,2,0.29776569480508175,0.21736383596795836,0
cifar100_proser_fedavg__split04__seed1__d5.0,cifar100,d5,0.05,5,191|217|202|191|199,0,,,0.0,0,,,0.0,0
cifar100_proser_fedavg__split04__seed1__d5.0,cifar100,d5,0.1,5,191|217|202|191|199,0,,,0.0,0,,,0.0,0
cifar100_proser_fedavg__split04__seed1__d5.0,cifar100,d5,0.15,5,191|217|202|191|199,0,,,0.0,0,,,0.0,0
cifar100_proser_fedavg__split04__seed1__d5.0,cifar100,d5,0.2,5,191|217|202|191|199,1,0,0.17396469642223483,0.07565967752991612,1,0,0.18394889474912088,0.08274320345989475,0
cifar100_proser_fedavg__split04__seed1__d5.0,cifar100,d5,0.25,5,191|217|202|191|199,1,9,0.2211921567191555,0.1700584629511604,1,1,0.22791569850172802,0.17947218154674935,0
cifar100_proser_fedavg__split04__seed1__d5.0,cifar100,d5,0.3,5,191|217|202|191|199,1,9,0.2816035137740886,0.21118180071386616,1,9,0.2473053661415054,0.21326944320179686,0
cifar100_proser_fedavg__split04__seed2__d0.1,cifar100,d0.1,0.05,5,216|185|203|201|195,0,,,0.0,0,,,0.0,0
cifar100_proser_fedavg__split04__seed2__d0.1,cifar100,d0.1,0.1,5,216|185|203|201|195,0,,,0.0,0,,,0.0,0
cifar100_proser_fedavg__split04__seed2__d0.1,cifar100,d0.1,0.15,5,216|185|203|201|195,0,,,0.0,0,,,0.0,0
cifar100_proser_fedavg__split04__seed2__d0.1,cifar100,d0.1,0.2,5,216|185|203|201|195,0,,,0.0,0,,,0.0,0
cifar100_proser_fedavg__split04__seed2__d0.1,cifar100,d0.1,0.25,5,216|185|203|201|195,0,,,0.0,0,,,0.0,0
cifar100_proser_fedavg__split04__seed2__d0.1,cifar100,d0.1,0.3,5,216|185|203|201|195,0,,,0.0,0,,,0.0,0
cifar100_proser_fedavg__split04__seed2__d0.5,cifar100,d0.5,0.05,5,192|191|207|201|209,0,,,0.0,0,,,0.0,0
cifar100_proser_fedavg__split04__seed2__d0.5,cifar100,d0.5,0.1,5,192|191|207|201|209,0,,,0.0,0,,,0.0,0
cifar100_proser_fedavg__split04__seed2__d0.5,cifar100,d0.5,0.15,5,192|191|207|201|209,0,,,0.0,0,,,0.0,0
cifar100_proser_fedavg__split04__seed2__d0.5,cifar100,d0.5,0.2,5,192|191|207|201|209,0,,,0.0,0,,,0.0,0
cifar100_proser_fedavg__split04__seed2__d0.5,cifar100,d0.5,0.25,5,192|191|207|201|209,0,,,0.0,1,8,0.2389687569295454,0.11118200603033539,1
cifar100_proser_fedavg__split04__seed2__d0.5,cifar100,d0.5,0.3,5,192|191|207|201|209,1,5,0.2874834532178822,0.1367108454380224,1,9,0.29207971185483395,0.17711535125430128,0
cifar100_proser_fedavg__split04__seed2__d5.0,cifar100,d5,0.05,5,187|207|209|191|206,0,,,0.0,0,,,0.0,0
cifar100_proser_fedavg__split04__seed2__d5.0,cifar100,d5,0.1,5,187|207|209|191|206,0,,,0.0,0,,,0.0,0
cifar100_proser_fedavg__split04__seed2__d5.0,cifar100,d5,0.15,5,187|207|209|191|206,0,,,0.0,0,,,0.0,0
cifar100_proser_fedavg__split04__seed2__d5.0,cifar100,d5,0.2,5,187|207|209|191|206,0,,,0.0,0,,,0.0,0
cifar100_proser_fedavg__split04__seed2__d5.0,cifar100,d5,0.25,5,187|207|209|191|206,0,,,0.0,1,0,0.24578125217299807,0.0698209186759297,1
cifar100_proser_fedavg__split04__seed2__d5.0,cifar100,d5,0.3,5,187|207|209|191|206,1,5,0.28964630697609806,0.1280456618010333,1,5,0.29038653608364395,0.153737957250006,0
cifar100_proser_fedavg__split04__seed3__d0.1,cifar100,d0.1,0.05,5,223|188|179|202|208,0,,,0.0,0,,,0.0,0
cifar100_proser_fedavg__split04__seed3__d0.1,cifar100,d0.1,0.1,5,223|188|179|202|208,0,,,0.0,0,,,0.0,0
cifar100_proser_fedavg__split04__seed3__d0.1,cifar100,d0.1,0.15,5,223|188|179|202|208,0,,,0.0,0,,,0.0,0
cifar100_proser_fedavg__split04__seed3__d0.1,cifar100,d0.1,0.2,5,223|188|179|202|208,0,,,0.0,0,,,0.0,0
cifar100_proser_fedavg__split04__seed3__d0.1,cifar100,d0.1,0.25,5,223|188|179|202|208,0,,,0.0,0,,,0.0,0
cifar100_proser_fedavg__split04__seed3__d0.1,cifar100,d0.1,0.3,5,223|188|179|202|208,0,,,0.0,0,,,0.0,0
cifar100_proser_fedavg__split04__seed3__d0.5,cifar100,d0.5,0.05,5,192|186|205|196|221,0,,,0.0,0,,,0.0,0
cifar100_proser_fedavg__split04__seed3__d0.5,cifar100,d0.5,0.1,5,192|186|205|196|221,0,,,0.0,0,,,0.0,0
cifar100_proser_fedavg__split04__seed3__d0.5,cifar100,d0.5,0.15,5,192|186|205|196|221,0,,,0.0,0,,,0.0,0
cifar100_proser_fedavg__split04__seed3__d0.5,cifar100,d0.5,0.2,5,192|186|205|196|221,0,,,0.0,0,,,0.0,0
cifar100_proser_fedavg__split04__seed3__d0.5,cifar100,d0.5,0.25,5,192|186|205|196|221,1,8,0.23395028740164917,0.08892102375525943,1,8,0.22005101289646997,0.0856905596563452,0
cifar100_proser_fedavg__split04__seed3__d0.5,cifar100,d0.5,0.3,5,192|186|205|196|221,1,5,0.28868505365247105,0.14019070027176003,1,8,0.23780019224313526,0.09548499277030886,0
cifar100_proser_fedavg__split04__seed3__d5.0,cifar100,d5,0.05,5,206|210|199|209|176,0,,,0.0,0,,,0.0,0
cifar100_proser_fedavg__split04__seed3__d5.0,cifar100,d5,0.1,5,206|210|199|209|176,0,,,0.0,0,,,0.0,0
cifar100_proser_fedavg__split04__seed3__d5.0,cifar100,d5,0.15,5,206|210|199|209|176,0,,,0.0,0,,,0.0,0
cifar100_proser_fedavg__split04__seed3__d5.0,cifar100,d5,0.2,5,206|210|199|209|176,0,,,0.0,0,,,0.0,0
cifar100_proser_fedavg__split04__seed3__d5.0,cifar100,d5,0.25,5,206|210|199|209|176,1,0,0.22092271386438567,0.1074685537775654,1,0,0.22118041977115088,0.10870018230995002,0
cifar100_proser_fedavg__split04__seed3__d5.0,cifar100,d5,0.3,5,206|210|199|209|176,1,9,0.2684857830271825,0.20397712586410088,1,9,0.2731623319088756,0.20583138082985075,0
cifar100_proser_fedavg__split04__seed4__d0.1,cifar100,d0.1,0.05,5,220|180|209|195|196,0,,,0.0,0,,,0.0,0
cifar100_proser_fedavg__split04__seed4__d0.1,cifar100,d0.1,0.1,5,220|180|209|195|196,0,,,0.0,0,,,0.0,0
cifar100_proser_fedavg__split04__seed4__d0.1,cifar100,d0.1,0.15,5,220|180|209|195|196,0,,,0.0,0,,,0.0,0
cifar100_proser_fedavg__split04__seed4__d0.1,cifar100,d0.1,0.2,5,220|180|209|195|196,0,,,0.0,0,,,0.0,0
cifar100_proser_fedavg__split04__seed4__d0.1,cifar100,d0.1,0.25,5,220|180|209|195|196,0,,,0.0,0,,,0.0,0
cifar100_proser_fedavg__split04__seed4__d0.1,cifar100,d0.1,0.3,5,220|180|209|195|196,0,,,0.0,0,,,0.0,0
cifar100_proser_fedavg__split04__seed4__d0.5,cifar100,d0.5,0.05,5,204|197|211|200|188,0,,,0.0,0,,,0.0,0
cifar100_proser_fedavg__split04__seed4__d0.5,cifar100,d0.5,0.1,5,204|197|211|200|188,0,,,0.0,0,,,0.0,0
cifar100_proser_fedavg__split04__seed4__d0.5,cifar100,d0.5,0.15,5,204|197|211|200|188,0,,,0.0,0,,,0.0,0
cifar100_proser_fedavg__split04__seed4__d0.5,cifar100,d0.5,0.2,5,204|197|211|200|188,0,,,0.0,0,,,0.0,0
cifar100_proser_fedavg__split04__seed4__d0.5,cifar100,d0.5,0.25,5,204|197|211|200|188,0,,,0.0,1,8,0.2383467791322536,0.09734276306717174,1
cifar100_proser_fedavg__split04__seed4__d0.5,cifar100,d0.5,0.3,5,204|197|211|200|188,1,5,0.2725163058366193,0.12977465696205076,1,9,0.2992993087998938,0.19908223325829422,0
cifar100_proser_fedavg__split04__seed4__d5.0,cifar100,d5,0.05,5,192|201|199|210|198,0,,,0.0,0,,,0.0,0
cifar100_proser_fedavg__split04__seed4__d5.0,cifar100,d5,0.1,5,192|201|199|210|198,0,,,0.0,0,,,0.0,0
cifar100_proser_fedavg__split04__seed4__d5.0,cifar100,d5,0.15,5,192|201|199|210|198,0,,,0.0,0,,,0.0,0
cifar100_proser_fedavg__split04__seed4__d5.0,cifar100,d5,0.2,5,192|201|199|210|198,0,,,0.0,0,,,0.0,0
cifar100_proser_fedavg__split04__seed4__d5.0,cifar100,d5,0.25,5,192|201|199|210|198,0,,,0.0,0,,,0.0,0
cifar100_proser_fedavg__split04__seed4__d5.0,cifar100,d5,0.3,5,192|201|199|210|198,1,8,0.2958773847609296,0.12115073228675065,1,8,0.27033124957043064,0.13056547520450423,0
cifar100_proser_fedavg__split05__seed0__d0.1,cifar100,d0.1,0.05,5,215|167|220|207|191,0,,,0.0,0,,,0.0,0
cifar100_proser_fedavg__split05__seed0__d0.1,cifar100,d0.1,0.1,5,215|167|220|207|191,0,,,0.0,0,,,0.0,0
cifar100_proser_fedavg__split05__seed0__d0.1,cifar100,d0.1,0.15,5,215|167|220|207|191,0,,,0.0,0,,,0.0,0
cifar100_proser_fedavg__split05__seed0__d0.1,cifar100,d0.1,0.2,5,215|167|220|207|191,0,,,0.0,0,,,0.0,0
cifar100_proser_fedavg__split05__seed0__d0.1,cifar100,d0.1,0.25,5,215|167|220|207|191,0,,,0.0,0,,,0.0,0
cifar100_proser_fedavg__split05__seed0__d0.1,cifar100,d0.1,0.3,5,215|167|220|207|191,0,,,0.0,0,,,0.0,0
cifar100_proser_fedavg__split05__seed0__d0.5,cifar100,d0.5,0.05,5,209|226|198|173|194,0,,,0.0,0,,,0.0,0
cifar100_proser_fedavg__split05__seed0__d0.5,cifar100,d0.5,0.1,5,209|226|198|173|194,0,,,0.0,0,,,0.0,0
cifar100_proser_fedavg__split05__seed0__d0.5,cifar100,d0.5,0.15,5,209|226|198|173|194,0,,,0.0,0,,,0.0,0
cifar100_proser_fedavg__split05__seed0__d0.5,cifar100,d0.5,0.2,5,209|226|198|173|194,0,,,0.0,0,,,0.0,0
cifar100_proser_fedavg__split05__seed0__d0.5,cifar100,d0.5,0.25,5,209|226|198|173|194,0,,,0.0,0,,,0.0,0
cifar100_proser_fedavg__split05__seed0__d0.5,cifar100,d0.5,0.3,5,209|226|198|173|194,0,,,0.0,0,,,0.0,0
cifar100_proser_fedavg__split05__seed0__d5.0,cifar100,d5,0.05,5,182|198|238|187|195,0,,,0.0,0,,,0.0,0
cifar100_proser_fedavg__split05__seed0__d5.0,cifar100,d5,0.1,5,182|198|238|187|195,0,,,0.0,0,,,0.0,0
cifar100_proser_fedavg__split05__seed0__d5.0,cifar100,d5,0.15,5,182|198|238|187|195,0,,,0.0,0,,,0.0,0
cifar100_proser_fedavg__split05__seed0__d5.0,cifar100,d5,0.2,5,182|198|238|187|195,0,,,0.0,0,,,0.0,0
cifar100_proser_fedavg__split05__seed0__d5.0,cifar100,d5,0.25,5,182|198|238|187|195,0,,,0.0,1,8,0.2357462191256421,0.0959072916282077,1
cifar100_proser_fedavg__split05__seed0__d5.0,cifar100,d5,0.3,5,182|198|238|187|195,1,1,0.2933714295236956,0.1700584629511604,1,5,0.29221661128481674,0.152442535304171,0
cifar100_proser_fedavg__split05__seed1__d0.1,cifar100,d0.1,0.05,5,193|199|212|172|224,0,,,0.0,0,,,0.0,0
cifar100_proser_fedavg__split05__seed1__d0.1,cifar100,d0.1,0.1,5,193|199|212|172|224,0,,,0.0,0,,,0.0,0
cifar100_proser_fedavg__split05__seed1__d0.1,cifar100,d0.1,0.15,5,193|199|212|172|224,0,,,0.0,0,,,0.0,0
cifar100_proser_fedavg__split05__seed1__d0.1,cifar100,d0.1,0.2,5,193|199|212|172|224,0,,,0.0,0,,,0.0,0
cifar100_proser_fedavg__split05__seed1__d0.1,cifar100,d0.1,0.25,5,193|199|212|172|224,0,,,0.0,0,,,0.0,0
cifar100_proser_fedavg__split05__seed1__d0.1,cifar100,d0.1,0.3,5,193|199|212|172|224,0,,,0.0,0,,,0.0,0
cifar100_proser_fedavg__split05__seed1__d0.5,cifar100,d0.5,0.05,5,197|205|179|201|218,0,,,0.0,0,,,0.0,0
cifar100_proser_fedavg__split05__seed1__d0.5,cifar100,d0.5,0.1,5,197|205|179|201|218,0,,,0.0,0,,,0.0,0
cifar100_proser_fedavg__split05__seed1__d0.5,cifar100,d0.5,0.15,5,197|205|179|201|218,0,,,0.0,0,,,0.0,0
cifar100_proser_fedavg__split05__seed1__d0.5,cifar100,d0.5,0.2,5,197|205|179|201|218,0,,,0.0,0,,,0.0,0
cifar100_proser_fedavg__split05__seed1__d0.5,cifar100,d0.5,0.25,5,197|205|179|201|218,1,9,0.23730644591377772,0.1023777317554839,1,9,0.22610163082438534,0.11401205567734128,0
cifar100_proser_fedavg__split05__seed1__d0.5,cifar100,d0.5,0.3,5,197|205|179|201|218,1,9,0.2806189151062664,0.11258177168812457,1,2,0.2873381176651082,0.19997235977866346,0
cifar100_proser_fedavg__split05__seed1__d5.0,cifar100,d5,0.05,5,174|197|199|210|220,0,,,0.0,0,,,0.0,0
cifar100_proser_fedavg__split05__seed1__d5.0,cifar100,d5,0.1,5,174|197|199|210|220,0,,,0.0,0,,,0.0,0
cifar100_proser_fedavg__split05__seed1__d5.0,cifar100,d5,0.15,5,174|197|199|210|220,0,,,0.0,0,,,0.0,0
cifar100_proser_fedavg__split05__seed1__d5.0,cifar100,d5,0.2,5,174|197|199|210|220,1,0,0.190394746428224,0.05941604726528244,1,9,0.19949552592491548,0.1073177183462406,0
cifar100_proser_fedavg__split05__seed1__d5.0,cifar100,d5,0.25,5,174|197|199|210|220,1,9,0.23490339959159445,0.1367108454380224,1,9,0.21430951035025358,0.13960690332842146,0
cifar100_proser_fedavg__split05__seed1__d5.0,cifar100,d5,0.3,5,174|197|199|210|220,1,9,0.2830524282070045,0.1629867870468295,1,9,0.2553947245591658,0.16435987403736044,0
cifar100_proser_fedavg__split05__seed2__d0.1,cifar100,d0.1,0.05,5,201|194|179|221|205,0,,,0.0,0,,,0.0,0
cifar100_proser_fedavg__split05__seed2__d0.1,cifar100,d0.1,0.1,5,201|194|179|221|205,0,,,0.0,0,,,0.0,0
cifar100_proser_fedavg__split05__seed2__d0.1,cifar100,d0.1,0.15,5,201|194|179|221|205,0,,,0.0,0,,,0.0,0
cifar100_proser_fedavg__split05__seed2__d0.1,cifar100,d0.1,0.2,5,201|194|179|221|205,0,,,0.0,0,,,0.0,0
cifar100_proser_fedavg__split05__seed2__d0.1,cifar100,d0.1,0.25,5,201|194|179|221|205,0,,,0.0,0,,,0.0,0
cifar100_proser_fedavg__split05__seed2__d0.1,cifar100,d0.1,0.3,5,201|194|179|221|205,0,,,0.0,0,,,0.0,0
cifar100_proser_fedavg__split05__seed2__d0.5,cifar100,d0.5,0.05,5,202|182|205|207|204,0,,,0.0,0,,,0.0,0
cifar100_proser_fedavg__split05__seed2__d0.5,cifar100,d0.5,0.1,5,202|182|205|207|204,0,,,0.0,0,,,0.0,0
cifar100_proser_fedavg__split05__seed2__d0.5,cifar100,d0.5,0.15,5,202|182|205|207|204,0,,,0.0,0,,,0.0,0
cifar100_proser_fedavg__split05__seed2__d0.5,cifar100,d0.5,0.2,5,202|182|205|207|204,0,,,0.0,0,,,0.0,0
cifar100_proser_fedavg__split05__seed2__d0.5,cifar100,d0.5,0.25,5,202|182|205|207|204,1,9,0.2362871554197332,0.09394603756004245,0,,,0.0,-1
cifar100_proser_fedavg__split05__seed2__d0.5,cifar100,d0.5,0.3,5,202|182|205|207|204,1,8,0.22550563040356775,0.06263105499269668,1,8,0.24284324125985696,0.06467248627302745,0
cifar100_proser_fedavg__split05__seed2__d5.0,cifar100,d5,0.05,5,199|208|217|195|181,0,,,0.0,0,,,0.0,0
cifar100_proser_fedavg__split05__seed2__d5.0,cifar100,d5,0.1,5,199|208|217|195|181,0,,,0.0,0,,,0.0,0
cifar100_proser_fedavg__split05__seed2__d5.0,cifar100,d5,0.15,5,199|208|217|195|181,0,,,0.0,0,,,0.0,0
cifar100_proser_fedavg__split05__seed2__d5.0,cifar100,d5,0.2,5,199|208|217|195|181,0,,,0.0,0,,,0.0,0
cifar100_proser_fedavg__split05__seed2__d5.0,cifar100,d5,0.25,5,199|208|217|195|181,0,,,0.0,0,,,0.0,0
cifar100_proser_fedavg__split05__seed2__d5.0,cifar100,d5,0.3,5,199|208|217|195|181,1,9,0.2985821478596517,0.15242870444470064,1,9,0.2819476914750778,0.1647982108178067,0
cifar100_proser_fedavg__split05__seed3__d0.1,cifar100,d0.1,0.05,5,189|164|213|208|226,0,,,0.0,0,,,0.0,0
cifar100_proser_fedavg__split05__seed3__d0.1,cifar100,d0.1,0.1,5,189|164|213|208|226,0,,,0.0,0,,,0.0,0
cifar100_proser_fedavg__split05__seed3__d0.1,cifar100,d0.1,0.15,5,189|164|213|208|226,0,,,0.0,0,,,0.0,0
cifar100_proser_fedavg__split05__seed3__d0.1,cifar100,d0.1,0.2,5,189|164|213|208|226,0,,,0.0,0,,,0.0,0
cifar100_proser_fedavg__split05__seed3__d0.1,cifar100,d0.1,0.25,5,189|164|213|208|226,0,,,0.0,0,,,0.0,0
cifar100_proser_fedavg__split05__seed3__d0.1,cifar100,d0.1,0.3,5,189|164|213|208|226,1,9,0.2813703832448004,0.10407211410259809,1,1,0.2870323539850853,0.10874329922082869,0
cifar100_proser_fedavg__split05__seed3__d0.5,cifar100,d0.5,0.05,5,192|227|195|187|199,0,,,0.0,0,,,0.0,0
cifar100_proser_fedavg__split05__seed3__d0.5,cifar100,d0.5,0.1,5,192|227|195|187|199,0,,,0.0,0,,,0.0,0
cifar100_proser_fedavg__split05__seed3__d0.5,cifar100,d0.5,0.15,5,192|227|195|187|199,0,,,0.0,0,,,0.0,0
cifar100_proser_fedavg__split05__seed3__d0.5,cifar100,d0.5,0.2,5,192|227|195|187|199,0,,,0.0,0,,,0.0,0
cifar100_proser_fedavg__split05__seed3__d0.5,cifar100,d0.5,0.25,5,192|227|195|187|199,0,,,0.0,0,,,0.0,0
cifar100_proser_fedavg__split05__seed3__d0.5,cifar100,d0.5,0.3,5,192|227|195|187|199,1,8,0.2580954162263095,0.06748656987283631,1,8,0.2505144356405848,0.08241093482261083,0
cifar100_proser_fedavg__split05__seed3__d5.0,cifar100,d5,0.05,5,180|200|229|189|202,0,,,0.0,0,,,0.0,0
cifar100_proser_fedavg__split05__seed3__d5.0,cifar100,d5,0.1,5,180|200|229|189|202,0,,,0.0,0,,,0.0,0
cifar100_proser_fedavg__split05__seed3__d5.0,cifar100,d5,0.15,5,180|200|229|189|202,0,,,0.0,0,,,0.0,0
cifar100_proser_fedavg__split05__seed3__d5.0,cifar100,d5,0.2,5,180|200|229|189|202,0,,,0.0,0,,,0.0,0
cifar100_proser_fedavg__split05__seed3__d5.0,cifar100,d5,0.25,5,180|200|229|189|202,1,0,0.21482289799601842,0.08892102375525943,1,8,0.23514950459901768,0.09849372084521352,0
cifar100_proser_fedavg__split05__seed3__d5.0,cifar100,d5,0.3,5,180|200|229|189|202,1,1,0.2843008987395213,0.19321030734982822,1,1,0.27860538300516174,0.20893995396469,0
cifar100_proser_fedavg__split05__seed4__d0.1,cifar100,d0.1,0.05,5,198|202|224|182|194,0,,,0.0,0,,,0.0,0
cifar100_proser_fedavg__split05__seed4__d0.1,cifar100,d0.1,0.1,5,198|202|224|182|194,0,,,0.0,0,,,0.0,0
cifar100_proser_fedavg__split05__seed4__d0.1,cifar100,d0.1,0.15,5,198|202|224|182|194,0,,,0.0,0,,,0.0,0
cifar100_proser_fedavg__split05__seed4__d0.1,cifar100,d0.1,0.2,5,198|202|224|182|194,0,,,0.0,0,,,0.0,0
cifar100_proser_fedavg__split05__seed4__d0.1,cifar100,d0.1,0.25,5,198|202|224|182|194,0,,,0.0,0,,,0.0,0
cifar100_proser_fedavg__split05__seed4__d0.1,cifar100,d0.1,0.3,5,198|202|224|182|194,0,,,0.0,0,,,0.0,0
cifar100_proser_fedavg__split05__seed4__d0.5,cifar100,d0.5,0.05,5,196|210|194|164|236,0,,,0.0,0,,,0.0,0
cifar100_proser_fedavg__split05__seed4__d0.5,cifar100,d0.5,0.1,5,196|210|194|164|236,0,,,0.0,0,,,0.0,0
cifar100_proser_fedavg__split05__seed4__d0.5,cifar100,d0.5,0.15,5,196|210|194|164|236,0,,,0.0,0,,,0.0,0
cifar100_proser_fedavg__split05__seed4__d0.5,cifar100,d0.5,0.2,5,196|210|194|164|236,0,,,0.0,0,,,0.0,0
cifar100_proser_fedavg__split05__seed4__d0.5,cifar100,d0.5,0.25,5,196|210|194|164|236,0,,,0.0,0,,,0.0,0
cifar100_proser_fedavg__split05__seed4__d0.5,cifar100,d0.5,0.3,5,196|210|194|164|236,0,,,0.0,0,,,0.0,0
cifar100_proser_fedavg__split05__seed4__d5.0,cifar100,d5,0.05,5,184|209|203|191|213,0,,,0.0,0,,,0.0,0
cifar100_proser_fedavg__split05__seed4__d5.0,cifar100,d5,0.1,5,184|209|203|191|213,0,,,0.0,0,,,0.0,0
cifar100_proser_fedavg__split05__seed4__d5.0,cifar100,d5,0.15,5,184|209|203|191|213,0,,,0.0,0,,,0.0,0
cifar100_proser_fedavg__split05__seed4__d5.0,cifar100,d5,0.2,5,184|209|203|191|213,0,,,0.0,0,,,0.0,0
cifar100_proser_fedavg__split05__seed4__d5.0,cifar100,d5,0.25,5,184|209|203|191|213,0,,,0.0,1,9,0.22543293601412215,0.1354049846356089,1
cifar100_proser_fedavg__split05__seed4__d5.0,cifar100,d5,0.3,5,184|209|203|191|213,1,9,0.284067352330845,0.15770014800815235,1,9,0.25376921572112177,0.17121985456228356,0
cifar100_proser_fedavg__split06__seed0__d0.1,cifar100,d0.1,0.05,5,214|195|189|202|200,0,,,0.0,0,,,0.0,0
cifar100_proser_fedavg__split06__seed0__d0.1,cifar100,d0.1,0.1,5,214|195|189|202|200,0,,,0.0,0,,,0.0,0
cifar100_proser_fedavg__split06__seed0__d0.1,cifar100,d0.1,0.15,5,214|195|189|202|200,0,,,0.0,0,,,0.0,0
cifar100_proser_fedavg__split06__seed0__d0.1,cifar100,d0.1,0.2,5,214|195|189|202|200,0,,,0.0,0,,,0.0,0
cifar100_proser_fedavg__split06__seed0__d0.1,cifar100,d0.1,0.25,5,214|195|189|202|200,0,,,0.0,0,,,0.0,0
cifar100_proser_fedavg__split06__seed0__d0.1,cifar100,d0.1,0.3,5,214|195|189|202|200,0,,,0.0,0,,,0.0,0
cifar100_proser_fedavg__split06__seed0__d0.5,cifar100,d0.5,0.05,5,193|213|183|211|200,0,,,0.0,0,,,0.0,0
cifar100_proser_fedavg__split06__seed0__d0.5,cifar100,d0.5,0.1,5,193|213|183|211|200,0,,,0.0,0,,,0.0,0
cifar100_proser_fedavg__split06__seed0__d0.5,cifar100,d0.5,0.15,5,193|213|183|211|200,0,,,0.0,0,,,0.0,0
cifar100_proser_fedavg__split06__seed0__d0.5,cifar100,d0.5,0.2,5,193|213|183|211|200,0,,,0.0,0,,,0.0,0
cifar100_proser_fedavg__split06__seed0__d0.5,cifar100,d0.5,0.25,5,193|213|183|211|200,0,,,0.0,0,,,0.0,0
cifar100_proser_fedavg__split06__seed0__d0.5,cifar100,d0.5,0.3,5,193|213|183|211|200,1,9,0.28804750071427776,0.11087494490555676,1,9,0.28156218548489914,0.13296626250333915,0
cifar100_proser_fedavg__split06__seed0__d5.0,cifar100,d5,0.05,5,200|224|192|182|202,0,,,0.0,0,,,0.0,0
cifar100_proser_fedavg__split06__seed0__d5.0,cifar100,d5,0.1,5,200|224|192|182|202,0,,,0.0,0,,,0.0,0
cifar100_proser_fedavg__split06__seed0__d5.0,cifar100,d5,0.15,5,200|224|192|182|202,0,,,0.0,0,,,0.0,0
cifar100_proser_fedavg__split06__seed0__d5.0,cifar100,d5,0.2,5,200|224|192|182|202,0,,,0.0,0,,,0.0,0
cifar100_proser_fedavg__split06__seed0__d5.0,cifar100,d5,0.25,5,200|224|192|182|202,0,,,0.0,0,,,0.0,0
cifar100_proser_fedavg__split06__seed0__d5.0,cifar100,d5,0.3,5,200|224|192|182|202,0,,,0.0,1,9,0.2852595340355839,0.19588476731129373,1
cifar100_proser_fedavg__split06__seed1__d0.1,cifar100,d0.1,0.05,5,197|221|183|198|201,0,,,0.0,0,,,0.0,0
cifar100_proser_fedavg__split06__seed1__d0.1,cifar100,d0.1,0.1,5,197|221|183|198|201,0,,,0.0,0,,,0.0,0
cifar100_proser_fedavg__split06__seed1__d0.1,cifar100,d0.1,0.15,5,197|221|183|198|201,0,,,0.0,0,,,0.0,0
cifar100_proser_fedavg__split06__seed1__d0.1,cifar100,d0.1,0.2,5,197|221|183|198|201,0,,,0.0,0,,,0.0,0
cifar100_proser_fedavg__split06__seed1__d0.1,cifar100,d0.1,0.25,5,197|221|183|198|201,0,,,0.0,0,,,0.0,0
cifar100_proser_fedavg__split06__seed1__d0.1,cifar100,d0.1,0.3,5,197|221|183|198|201,0,,,0.0,0,,,0.0,0
cifar100_proser_fedavg__split06__seed1__d0.5,cifar100,d0.5,0.05,5,209|198|185|203|205,0,,,0.0,0,,,0.0,0
cifar100_proser_fedavg__split06__seed1__d0.5,cifar100,d0.5,0.1,5,209|198|185|203|205,0,,,0.0,0,,,0.0,0
cifar100_proser_fedavg__split06__seed1__d0.5,cifar100,d0.5,0.15,5,209|198|185|203|205,0,,,0.0,0,,,0.0,0
cifar100_proser_fedavg__split06__seed1__d0.5,cifar100,d0.5,0.2,5,209|198|185|203|205,0,,,0.0,0,,,0.0,0
cifar100_proser_fedavg__split06__seed1__d0.5,cifar100,d0.5,0.25,5,209|198|185|203|205,0,,,0.0,0,,,0.0,0
cifar100_proser_fedavg__split06__seed1__d0.5,cifar100,d0.5,0.3,5,209|198|185|203|205,1,8,0.29447805206310906,0.08226388471076322,1,5,0.2953743748405667,0.13163286587349796,0
cifar100_proser_fedavg__split06__seed1__d5.0,cifar100,d5,0.05,5,201|202|199|193|205,0,,,0.0,0,,,0.0,0
cifar100_proser_fedavg__split06__seed1__d5.0,cifar100,d5,0.1,5,201|202|199|193|205,0,,,0.0,0,,,0.0,0
cifar100_proser_fedavg__split06__seed1__d5.0,cifar100,d5,0.15,5,201|202|199|193|205,0,,,0.0,0,,,0.0,0
cifar100_proser_fedavg__split06__seed1__d5.0,cifar100,d5,0.2,5,201|202|199|193|205,0,,,0.0,1,8,0.1921178369397541,0.07772313684323934,1
cifar100_proser_fedavg__split06__seed1__d5.0,cifar100,d5,0.25,5,201|202|199|193|205,1,9,0.2211921567191555,0.13497382023620927,1,9,0.2069978998077337,0.16683241875431604,0
cifar100_proser_fedavg__split06__seed1__d5.0,cifar100,d5,0.3,5,201|202|199|193|205,1,9,0.2669546978586827,0.15770014800815235,1,9,0.24368925239540618,0.19315515327701507,0
cifar100_proser_fedavg__split06__seed2__d0.1,cifar100,d0.1,0.05,5,219|189|195|199|198,0,,,0.0,0,,,0.0,0
cifar100_proser_fedavg__split06__seed2__d0.1,cifar100,d0.1,0.1,5,219|189|195|199|198,0,,,0.0,0,,,0.0,0
cifar100_proser_fedavg__split06__seed2__d0.1,cifar100,d0.1,0.15,5,219|189|195|199|198,0,,,0.0,0,,,0.0,0
cifar100_proser_fedavg__split06__seed2__d0.1,cifar100,d0.1,0.2,5,219|189|195|199|198,0,,,0.0,0,,,0.0,0
cifar100_proser_fedavg__split06__seed2__d0.1,cifar100,d0.1,0.25,5,219|189|195|199|198,0,,,0.0,0,,,0.0,0
cifar100_proser_fedavg__split06__seed2__d0.1,cifar100,d0.1,0.3,5,219|189|195|199|198,0,,,0.0,0,,,0.0,0
cifar100_proser_fedavg__split06__seed2__d0.5,cifar100,d0.5,0.05,5,187|198|212|211|192,0,,,0.0,0,,,0.0,0
cifar100_proser_fedavg__split06__seed2__d0.5,cifar100,d0.5,0.1,5,187|198|212|211|192,0,,,0.0,0,,,0.0,0
cifar100_proser_fedavg__split06__seed2__d0.5,cifar100,d0.5,0.15,5,187|198|212|211|192,0,,,0.0,0,,,0.0,0
cifar100_proser_fedavg__split06__seed2__d0.5,cifar100,d0.5,0.2,5,187|198|212|211|192,1,8,0.18202898266367668,0.07401746360520257,1,8,0.1837478752877576,0.07110322780349805,0
cifar100_proser_fedavg__split06__seed2__d0.5,cifar100,d0.5,0.25,5,187|198|212|211|192,1,9,0.2363755700864265,0.12631874242358496,1,9,0.2388190793521891,0.1263108830098742,0
cifar100_proser_fedavg__split06__seed2__d0.5,cifar100,d0.5,0.3,5,187|198|212|211|192,1,9,0.26519046570998955,0.150675020319364,1,9,0.25186684523409636,0.14988338826830583,0
cifar100_proser_fedavg__split06__seed2__d5.0,cifar100,d5,0.05,5,202|198|194|209|197,0,,,0.0,0,,,0.0,0
cifar100_proser_fedavg__split06__seed2__d5.0,cifar100,d5,0.1,5,202|198|194|209|197,0,,,0.0,0,,,0.0,0
cifar100_proser_fedavg__split06__seed2__d5.0,cifar100,d5,0.15,5,202|198|194|209|197,0,,,0.0,0,,,0.0,0
cifar100_proser_fedavg__split06__seed2__d5.0,cifar100,d5,0.2,5,202|198|194|209|197,0,,,0.0,0,,,0.0,0
cifar100_proser_fedavg__split06__seed2__d5.0,cifar100,d5,0.25,5,202|198|194|209|197,1,5,0.22761686208900375,0.11429096820363392,1,5,0.23614793567770073,0.13522214381208783,0
cifar100_proser_fedavg__split06__seed2__d5.0,cifar100,d5,0.3,5,202|198|194|209|197,1,5,0.23449606813516444,0.16475229402669117,1,9,0.2777036739841118,0.21734222809200543,0
cifar100_proser_fedavg__split06__seed3__d0.1,cifar100,d0.1,0.05,5,235|195|178|186|206,0,,,0.0,0,,,0.0,0
cifar100_proser_fedavg__split06__seed3__d0.1,cifar100,d0.1,0.1,5,235|195|178|186|206,0,,,0.0,0,,,0.0,0
cifar100_proser_fedavg__split06__seed3__d0.1,cifar100,d0.1,0.15,5,235|195|178|186|206,0,,,0.0,0,,,0.0,0
cifar100_proser_fedavg__split06__seed3__d0.1,cifar100,d0.1,0.2,5,235|195|178|186|206,0,,,0.0,0,,,0.0,0
cifar100_proser_fedavg__split06__seed3__d0.1,cifar100,d0.1,0.25,5,235|195|178|186|206,0,,,0.0,0,,,0.0,0
cifar100_proser_fedavg__split06__seed3__d0.1,cifar100,d0.1,0.3,5,235|195|178|186|206,0,,,0.0,0,,,0.0,0
cifar100_proser_fedavg__split06__seed3__d0.5,cifar100,d0.5,0.05,5,186|195|222|211|186,0,,,0.0,0,,,0.0,0
cifar100_proser_fedavg__split06__seed3__d0.5,cifar100,d0.5,0.1,5,186|195|222|211|186,0,,,0.0,0,,,0.0,0
cifar100_proser_fedavg__split06__seed3__d0.5,cifar100,d0.5,0.15,5,186|195|222|211|186,0,,,0.0,0,,,0.0,0
cifar100_proser_fedavg__split06__seed3__d0.5,cifar100,d0.5,0.2,5,186|195|222|211|186,0,,,0.0,0,,,0.0,0
cifar100_proser_fedavg__split06__seed3__d0.5,cifar100,d0.5,0.25,5,186|195|222|211|186,0,,,0.0,0,,,0.0,0
cifar100_proser_fedavg__split06__seed3__d0.5,cifar100,d0.5,0.3,5,186|195|222|211|186,0,,,0.0,1,9,0.29516157255197484,0.14471210540092888,1
cifar100_proser_fedavg__split06__seed3__d5.0,cifar100,d5,0.05,5,194|214|193|208|191,0,,,0.0,0,,,0.0,0
cifar100_proser_fedavg__split06__seed3__d5.0,cifar100,d5,0.1,5,194|214|193|208|191,0,,,0.0,0,,,0.0,0
cifar100_proser_fedavg__split06__seed3__d5.0,cifar100,d5,0.15,5,194|214|193|208|191,0,,,0.0,0,,,0.0,0
cifar100_proser_fedavg__split06__seed3__d5.0,cifar100,d5,0.2,5,194|214|193|208|191,0,,,0.0,0,,,0.0,0
cifar100_proser_fedavg__split06__seed3__d5.0,cifar100,d5,0.25,5,194|214|193|208|191,1,9,0.24724760878422639,0.12287124747137855,1,9,0.21861272912979735,0.15552013825775984,0
cifar100_proser_fedavg__split06__seed3__d5.0,cifar100,d5,0.3,5,194|214|193|208|191,1,9,0.2826771698774238,0.15594128738219837,1,9,0.24956676148936058,0.18011081269811208,0
cifar100_proser_fedavg__split06__seed4__d0.1,cifar100,d0.1,0.05,5,192|183|206|224|195,0,,,0.0,0,,,0.0,0
cifar100_proser_fedavg__split06__seed4__d0.1,cifar100,d0.1,0.1,5,192|183|206|224|195,0,,,0.0,0,,,0.0,0
cifar100_proser_fedavg__split06__seed4__d0.1,cifar100,d0.1,0.15,5,192|183|206|224|195,0,,,0.0,0,,,0.0,0
cifar100_proser_fedavg__split06__seed4__d0.1,cifar100,d0.1,0.2,5,192|183|206|224|195,0,,,0.0,0,,,0.0,0
cifar100_proser_fedavg__split06__seed4__d0.1,cifar100,d0.1,0.25,5,192|183|206|224|195,0,,,0.0,0,,,0.0,0
cifar100_proser_fedavg__split06__seed4__d0.1,cifar100,d0.1,0.3,5,192|183|206|224|195,1,6,0.29133336922605113,0.08060768939057704,0,,,0.0,-1
cifar100_proser_fedavg__split06__seed4__d0.5,cifar100,d0.5,0.05,5,174|217|191|199|219,0,,,0.0,0,,,0.0,0
cifar100_proser_fedavg__split06__seed4__d0.5,cifar100,d0.5,0.1,5,174|217|191|199|219,0,,,0.0,0,,,0.0,0
cifar100_proser_fedavg__split06__seed4__d0.5,cifar100,d0.5,0.15,5,174|217|191|199|219,0,,,0.0,0,,,0.0,0
cifar100_proser_fedavg__split06__seed4__d0.5,cifar100,d0.5,0.2,5,174|217|191|199|219,0,,,0.0,0,,,0.0,0
cifar100_proser_fedavg__split06__seed4__d0.5,cifar100,d0.5,0.25,5,174|217|191|199|219,0,,,0.0,0,,,0.0,0
cifar100_proser_fedavg__split06__seed4__d0.5,cifar100,d0.5,0.3,5,174|217|191|199|219,1,9,0.27486516514105547,0.15770014800815235,1,9,0.26960334752896353,0.16623353199200294,0
cifar100_proser_fedavg__split06__seed4__d5.0,cifar100,d5,0.05,5,207|209|196|181|207,0,,,0.0,0,,,0.0,0
cifar100_proser_fedavg__split06__seed4__d5.0,cifar100,d5,0.1,5,207|209|196|181|207,0,,,0.0,0,,,0.0,0
cifar100_proser_fedavg__split06__seed4__d5.0,cifar100,d5,0.15,5,207|209|196|181|207,0,,,0.0,0,,,0.0,0
cifar100_proser_fedavg__split06__seed4__d5.0,cifar100,d5,0.2,5,207|209|196|181|207,0,,,0.0,0,,,0.0,0
cifar100_proser_fedavg__split06__seed4__d5.0,cifar100,d5,0.25,5,207|209|196|181|207,0,,,0.0,1,9,0.24886457693979358,0.1974811245829429,1
cifar100_proser_fedavg__split06__seed4__d5.0,cifar100,d5,0.3,5,207|209|196|181|207,1,9,0.27662189998340114,0.21118180071386616,1,1,0.27900235044865074,0.22581864662604517,0
cifar100_proser_fedavg__split07__seed0__d0.1,cifar100,d0.1,0.05,5,213|208|197|197|185,0,,,0.0,0,,,0.0,0
cifar100_proser_fedavg__split07__seed0__d0.1,cifar100,d0.1,0.1,5,213|208|197|197|185,0,,,0.0,0,,,0.0,0
cifar100_proser_fedavg__split07__seed0__d0.1,cifar100,d0.1,0.15,5,213|208|197|197|185,0,,,0.0,0,,,0.0,0
cifar100_proser_fedavg__split07__seed0__d0.1,cifar100,d0.1,0.2,5,213|208|197|197|185,0,,,0.0,0,,,0.0,0
cifar100_proser_fedavg__split07__seed0__d0.1,cifar100,d0.1,0.25,5,213|208|197|197|185,0,,,0.0,0,,,0.0,0
cifar100_proser_fedavg__split07__seed0__d0.1,cifar100,d0.1,0.3,5,213|208|197|197|185,0,,,0.0,0,,,0.0,0
cifar100_proser_fedavg__split07__seed0__d0.5,cifar100,d0.5,0.05,5,201|207|201|187|204,0,,,0.0,0,,,0.0,0
cifar100_proser_fedavg__split07__seed0__d0.5,cifar100,d0.5,0.1,5,201|207|201|187|204,0,,,0.0,0,,,0.0,0
cifar100_proser_fedavg__split07__seed0__d0.5,cifar100,d0.5,0.15,5,201|207|201|187|204,0,,,0.0,0,,,0.0,0
cifar100_proser_fedavg__split07__seed0__d0.5,cifar100,d0.5,0.2,5,201|207|201|187|204,0,,,0.0,0,,,0.0,0
cifar100_proser_fedavg__split07__seed0__d0.5,cifar100,d0.5,0.25,5,201|207|201|187|204,0,,,0.0,0,,,0.0,0
cifar100_proser_fedavg__split07__seed0__d0.5,cifar100,d0.5,0.3,5,201|207|201|187|204,0,,,0.0,0,,,0.0,0
cifar100_proser_fedavg__split07__seed0__d5.0,cifar100,d5,0.05,5,196|213|195|199|197,0,,,0.0,0,,,0.0,0
cifar100_proser_fedavg__split07__seed0__d5.0,cifar100,d5,0.1,5,196|213|195|199|197,0,,,0.0,0,,,0.0,0
cifar100_proser_fedavg__split07__seed0__d5.0,cifar100,d5,0.15,5,196|213|195|199|197,0,,,0.0,0,,,0.0,0
cifar100_proser_fedavg__split07__seed0__d5.0,cifar100,d5,0.2,5,196|213|195|199|197,0,,,0.0,0,,,0.0,0
cifar100_proser_fedavg__split07__seed0__d5.0,cifar100,d5,0.25,5,196|213|195|199|197,1,1,0.21687790941514995,0.13150569982508795,1,10,0.24869247698875344,0.22233603705139549,0
cifar100_proser_fedavg__split07__seed0__d5.0,cifar100,d5,0.3,5,196|213|195|199|197,1,9,0.2826771698774238,0.17183034880148162,1,2,0.29384069902904236,0.2742299475829158,0
cifar100_proser_fedavg__split07__seed1__d0.1,cifar100,d0.1,0.05,5,205|191|198|194|212,0,,,0.0,0,,,0.0,0
cifar100_proser_fedavg__split07__seed1__d0.1,cifar100,d0.1,0.1,5,205|191|198|194|212,0,,,0.0,0,,,0.0,0
cifar100_proser_fedavg__split07__seed1__d0.1,cifar100,d0.1,0.15,5,205|191|198|194|212,0,,,0.0,0,,,0.0,0
cifar100_proser_fedavg__split07__seed1__d0.1,cifar100,d0.1,0.2,5,205|191|198|194|212,0,,,0.0,0,,,0.0,0
cifar100_proser_fedavg__split07__seed1__d0.1,cifar100,d0.1,0.25,5,205|191|198|194|212,0,,,0.0,0,,,0.0,0
cifar100_proser_fedavg__split07__seed1__d0.1,cifar100,d0.1,0.3,5,205|191|198|194|212,0,,,0.0,0,,,0.0,0
cifar100_proser_fedavg__split07__seed1__d0.5,cifar100,d0.5,0.05,5,208|208|192|202|190,0,,,0.0,0,,,0.0,0
cifar100_proser_fedavg__split07__seed1__d0.5,cifar100,d0.5,0.1,5,208|208|192|202|190,0,,,0.0,0,,,0.0,0
cifar100_proser_fedavg__split07__seed1__d0.5,cifar100,d0.5,0.15,5,208|208|192|202|190,0,,,0.0,0,,,0.0,0
cifar100_proser_fedavg__split07__seed1__d0.5,cifar100,d0.5,0.2,5,208|208|192|202|190,0,,,0.0,0,,,0.0,0
cifar100_proser_fedavg__split07__seed1__d0.5,cifar100,d0.5,0.25,5,208|208|192|202|190,0,,,0.0,0,,,0.0,0
cifar100_proser_fedavg__split07__seed1__d0.5,cifar100,d0.5,0.3,5,208|208|192|202|190,1,9,0.2908605004884226,0.1074685537775654,0,,,0.0,-1
cifar100_proser_fedavg__split07__seed1__d5.0,cifar100,d5,0.05,5,199|202|175|210|214,0,,,0.0,0,,,0.0,0
cifar100_proser_fedavg__split07__seed1__d5.0,cifar100,d5,0.1,5,199|202|175|210|214,0,,,0.0,0,,,0.0,0
cifar100_proser_fedavg__split07__seed1__d5.0,cifar100,d5,0.15,5,199|202|175|210|214,0,,,0.0,0,,,0.0,0
cifar100_proser_fedavg__split07__seed1__d5.0,cifar100,d5,0.2,5,199|202|175|210|214,0,,,0.0,0,,,0.0,0
cifar100_proser_fedavg__split07__seed1__d5.0,cifar100,d5,0.25,5,199|202|175|210|214,1,9,0.23653417925947545,0.16475229402669117,1,9,0.24794165086320125,0.18744988252627248,0
cifar100_proser_fedavg__split07__seed1__d5.0,cifar100,d5,0.3,5,199|202|175|210|214,1,9,0.2640163986414234,0.1967937756316498,1,9,0.2694327529935412,0.22032864264815913,0
cifar100_proser_fedavg__split07__seed2__d0.1,cifar100,d0.1,0.05,5,176|207|200|207|210,0,,,0.0,0,,,0.0,0
cifar100_proser_fedavg__split07__seed2__d0.1,cifar100,d0.1,0.1,5,176|207|200|207|210,0,,,0.0,0,,,0.0,0
cifar100_proser_fedavg__split07__seed2__d0.1,cifar100,d0.1,0.15,5,176|207|200|207|210,0,,,0.0,0,,,0.0,0
cifar100_proser_fedavg__split07__seed2__d0.1,cifar100,d0.1,0.2,5,176|207|200|207|210,0,,,0.0,0,,,0.0,0
cifar100_proser_fedavg__split07__seed2__d0.1,cifar100,d0.1,0.25,5,176|207|200|207|210,0,,,0.0,0,,,0.0,0
cifar100_proser_fedavg__split07__seed2__d0.1,cifar100,d0.1,0.3,5,176|207|200|207|210,0,,,0.0,0,,,0.0,0
cifar100_proser_fedavg__split07__seed2__d0.5,cifar100,d0.5,0.05,5,176|213|208|205|198,0,,,0.0,0,,,0.0,0
cifar100_proser_fedavg__split07__seed2__d0.5,cifar100,d0.5,0.1,5,176|213|208|205|198,0,,,0.0,0,,,0.0,0
cifar100_proser_fedavg__split07__seed2__d0.5,cifar100,d0.5,0.15,5,176|213|208|205|198,0,,,0.0,0,,,0.0,0
cifar100_proser_fedavg__split07__seed2__d0.5,cifar100,d0.5,0.2,5,176|213|208|205|198,0,,,0.0,0,,,0.0,0
cifar100_proser_fedavg__split07__seed2__d0.5,cifar100,d0.5,0.25,5,176|213|208|205|198,0,,,0.0,0,,,0.0,0
cifar100_proser_fedavg__split07__seed2__d0.5,cifar100,d0.5,0.3,5,176|213|208|205|198,0,,,0.0,1,9,0.29688854125971653,0.15453152021617247,1
cifar100_proser_fedavg__split07__seed2__d5.0,cifar100,d5,0.05,5,212|185|202|224|177,0,,,0.0,0,,,0.0,0
cifar100_proser_fedavg__split07__seed2__d5.0,cifar100,d5,0.1,5,212|185|202|224|177,0,,,0.0,0,,,0.0,0
cifar100_proser_fedavg__split07__seed2__d5.0,cifar100,d5,0.15,5,212|185|202|224|177,0,,,0.0,0,,,0.0,0
cifar100_proser_fedavg__split07__seed2__d5.0,cifar100,d5,0.2,5,212|185|202|224|177,0,,,0.0,0,,,0.0,0
cifar100_proser_fedavg__split07__seed2__d5.0,cifar100,d5,0.25,5,212|185|202|224|177,0,,,0.0,0,,,0.0,0
cifar100_proser_fedavg__split07__seed2__d5.0,cifar100,d5,0.3,5,212|185|202|224|177,1,9,0.2960607224849462,0.15594128738219837,1,9,0.2981204266453788,0.16977546979779748,0
cifar100_proser_fedavg__split07__seed3__d0.1,cifar100,d0.1,0.05,5,190|217|210|200|183,0,,,0.0,0,,,0.0,0
cifar100_proser_fedavg__split07__seed3__d0.1,cifar100,d0.1,0.1,5,190|217|210|200|183,0,,,0.0,0,,,0.0,0
cifar100_proser_fedavg__split07__seed3__d0.1,cifar100,d0.1,0.15,5,190|217|210|200|183,0,,,0.0,0,,,0.0,0
cifar100_proser_fedavg__split07__seed3__d0.1,cifar100,d0.1,0.2,5,190|217|210|200|183,0,,,0.0,0,,,0.0,0
cifar100_proser_fedavg__split07__seed3__d0.1,cifar100,d0.1,0.25,5,190|217|210|200|183,0,,,0.0,0,,,0.0,0
cifar100_proser_fedavg__split07__seed3__d0.1,cifar100,d0.1,0.3,5,190|217|210|200|183,0,,,0.0,1,1,0.2908357691366681,0.11089022865457451,1
cifar100_proser_fedavg__split07__seed3__d0.5,cifar100,d0.5,0.05,5,190|213|215|198|184,0,,,0.0,0,,,0.0,0
cifar100_proser_fedavg__split07__seed3__d0.5,cifar100,d0.5,0.1,5,190|213|215|198|184,0,,,0.0,0,,,0.0,0
cifar100_proser_fedavg__split07__seed3__d0.5,cifar100,d0.5,0.15,5,190|213|215|198|184,0,,,0.0,0,,,0.0,0
cifar100_proser_fedavg__split07__seed3__d0.5,cifar100,d0.5,0.2,5,190|213|215|198|184,0,,,0.0,0,,,0.0,0
cifar100_proser_fedavg__split07__seed3__d0.5,cifar100,d0.5,0.25,5,190|213|215|198|184,0,,,0.0,1,9,0.2488619265475594,0.14917256041095583,1
cifar100_proser_fedavg__split07__seed3__d0.5,cifar100,d0.5,0.3,5,190|213|215|198|184,1,9,0.28968797138782787,0.17893330314151534,1,9,0.28339454041903495,0.19580768658530073,0
cifar100_proser_fedavg__split07__seed3__d5.0,cifar100,d5,0.05,5,182|230|193|206|189,0,,,0.0,0,,,0.0,0
cifar100_proser_fedavg__split07__seed3__d5.0,cifar100,d5,0.1,5,182|230|193|206|189,0,,,0.0,0,,,0.0,0
cifar100_proser_fedavg__split07__seed3__d5.0,cifar100,d5,0.15,5,182|230|193|206|189,0,,,0.0,0,,,0.0,0
cifar100_proser_fedavg__split07__seed3__d5.0,cifar100,d5,0.2,5,182|230|193|206|189,0,,,0.0,0,,,0.0,0
cifar100_proser_fedavg__split07__seed3__d5.0,cifar100,d5,0.25,5,182|230|193|206|189,0,,,0.0,1,8,0.24851243289025698,0.08055304728399978,1
cifar100_proser_fedavg__split07__seed3__d5.0,cifar100,d5,0.3,5,182|230|193|206|189,1,8,0.29246746217545916,0.09059306740818866,1,9,0.28938854337321435,0.21815093038866937,0
cifar100_proser_fedavg__split07__seed4__d0.1,cifar100,d0.1,0.05,5,212|185|209|197|197,0,,,0.0,0,,,0.0,0
cifar100_proser_fedavg__split07__seed4__d0.1,cifar100,d0.1,0.1,5,212|185|209|197|197,0,,,0.0,0,,,0.0,0
cifar100_proser_fedavg__split07__seed4__d0.1,cifar100,d0.1,0.15,5,212|185|209|197|197,0,,,0.0,0,,,0.0,0
cifar100_proser_fedavg__split07__seed4__d0.1,cifar100,d0.1,0.2,5,212|185|209|197|197,0,,,0.0,0,,,0.0,0
cifar100_proser_fedavg__split07__seed4__d0.1,cifar100,d0.1,0.25,5,212|185|209|197|197,0,,,0.0,0,,,0.0,0
cifar100_proser_fedavg__split07__seed4__d0.1,cifar100,d0.1,0.3,5,212|185|209|197|197,0,,,0.0,0,,,0.0,0
cifar100_proser_fedavg__split07__seed4__d0.5,cifar100,d0.5,0.05,5,194|190|207|203|206,0,,,0.0,0,,,0.0,0
cifar100_proser_fedavg__split07__seed4__d0.5,cifar100,d0.5,0.1,5,194|190|207|203|206,0,,,0.0,0,,,0.0,0
cifar100_proser_fedavg__split07__seed4__d0.5,cifar100,d0.5,0.15,5,194|190|207|203|206,0,,,0.0,0,,,0.0,0
cifar100_proser_fedavg__split07__seed4__d0.5,cifar100,d0.5,0.2,5,194|190|207|203|206,0,,,0.0,0,,,0.0,0
cifar100_proser_fedavg__split07__seed4__d0.5,cifar100,d0.5,0.25,5,194|190|207|203|206,0,,,0.0,1,9,0.24900764247707757,0.09711576928176165,1
cifar100_proser_fedavg__split07__seed4__d0.5,cifar100,d0.5,0.3,5,194|190|207|203|206,1,1,0.2707782442560945,0.0973104776589769,1,9,0.2863175687382532,0.1432349037827117,0
cifar100_proser_fedavg__split07__seed4__d5.0,cifar100,d5,0.05,5,184|203|201|210|202,0,,,0.0,0,,,0.0,0
cifar100_proser_fedavg__split07__seed4__d5.0,cifar100,d5,0.1,5,184|203|201|210|202,0,,,0.0,0,,,0.0,0
cifar100_proser_fedavg__split07__seed4__d5.0,cifar100,d5,0.15,5,184|203|201|210|202,0,,,0.0,0,,,0.0,0
cifar100_proser_fedavg__split07__seed4__d5.0,cifar100,d5,0.2,5,184|203|201|210|202,0,,,0.0,0,,,0.0,0
cifar100_proser_fedavg__split07__seed4__d5.0,cifar100,d5,0.25,5,184|203|201|210|202,1,9,0.2397589427044813,0.1074685537775654,1,9,0.2238722377369472,0.11908180145962938,0
cifar100_proser_fedavg__split07__seed4__d5.0,cifar100,d5,0.3,5,184|203|201|210|202,1,9,0.2689211177173502,0.16828814810062487,1,10,0.29775322324910986,0.24179385410448487,0
cifar100_proser_fedavg__split08__seed0__d0.1,cifar100,d0.1,0.05,5,164|234|199|202|201,0,,,0.0,0,,,0.0,0
cifar100_proser_fedavg__split08__seed0__d0.1,cifar100,d0.1,0.1,5,164|234|199|202|201,0,,,0.0,0,,,0.0,0
cifar100_proser_fedavg__split08__seed0__d0.1,cifar100,d0.1,0.15,5,164|234|199|202|201,0,,,0.0,0,,,0.0,0
cifar100_proser_fedavg__split08__seed0__d0.1,cifar100,d0.1,0.2,5,164|234|199|202|201,0,,,0.0,0,,,0.0,0
cifar100_proser_fedavg__split08__seed0__d0.1,cifar100,d0.1,0.25,5,164|234|199|202|201,0,,,0.0,0,,,0.0,0
cifar100_proser_fedavg__split08__seed0__d0.1,cifar100,d0.1,0.3,5,164|234|199|202|201,0,,,0.0,0,,,0.0,0
cifar100_proser_fedavg__split08__seed0__d0.5,cifar100,d0.5,0.05,5,204|186|182|220|208,0,,,0.0,0,,,0.0,0
cifar100_proser_fedavg__split08__seed0__d0.5,cifar100,d0.5,0.1,5,204|186|182|220|208,0,,,0.0,0,,,0.0,0
cifar100_proser_fedavg__split08__seed0__d0.5,cifar100,d0.5,0.15,5,204|186|182|220|208,0,,,0.0,0,,,0.0,0
cifar100_proser_fedavg__split08__seed0__d0.5,cifar100,d0.5,0.2,5,204|186|182|220|208,0,,,0.0,0,,,0.0,0
cifar100_proser_fedavg__split08__seed0__d0.5,cifar100,d0.5,0.25,5,204|186|182|220|208,0,,,0.0,0,,,0.0,0
cifar100_proser_fedavg__split08__seed0__d0.5,cifar100,d0.5,0.3,5,204|186|182|220|208,0,,,0.0,1,1,0.2958620265362833,0.08853016881382533,1
cifar100_proser_fedavg__split08__seed0__d5.0,cifar100,d5,0.05,5,193|191|216|210|190,0,,,0.0,0,,,0.0,0
cifar100_proser_fedavg__split08__seed0__d5.0,cifar100,d5,0.1,5,193|191|216|210|190,0,,,0.0,0,,,0.0,0
cifar100_proser_fedavg__split08__seed0__d5.0,cifar100,d5,0.15,5,193|191|216|210|190,0,,,0.0,0,,,0.0,0
cifar100_proser_fedavg__split08__seed0__d5.0,cifar100,d5,0.2,5,193|191|216|210|190,0,,,0.0,0,,,0.0,0
cifar100_proser_fedavg__split08__seed0__d5.0,cifar100,d5,0.25,5,193|191|216|210|190,0,,,0.0,0,,,0.0,0
cifar100_proser_fedavg__split08__seed0__d5.0,cifar100,d5,0.3,5,193|191|216|210|190,1,9,0.2813703832448004,0.1245939277297803,1,1,0.28380933627168603,0.1441372905577759,0
cifar100_proser_fedavg__split08__seed1__d0.1,cifar100,d0.1,0.05,5,200|213|194|189|204,0,,,0.0,0,,,0.0,0
cifar100_proser_fedavg__split08__seed1__d0.1,cifar100,d0.1,0.1,5,200|213|194|189|204,0,,,0.0,0,,,0.0,0
cifar100_proser_fedavg__split08__seed1__d0.1,cifar100,d0.1,0.15,5,200|213|194|189|204,0,,,0.0,0,,,0.0,0
cifar100_proser_fedavg__split08__seed1__d0.1,cifar100,d0.1,0.2,5,200|213|194|189|204,0,,,0.0,0,,,0.0,0
cifar100_proser_fedavg__split08__seed1__d0.1,cifar100,d0.1,0.25,5,200|213|194|189|204,0,,,0.0,0,,,0.0,0
cifar100_proser_fedavg__split08__seed1__d0.1,cifar100,d0.1,0.3,5,200|213|194|189|204,0,,,0.0,0,,,0.0,0
cifar100_proser_fedavg__split08__seed1__d0.5,cifar100,d0.5,0.05,5,209|165|210|214|202,0,,,0.0,0,,,0.0,0
cifar100_proser_fedavg__split08__seed1__d0.5,cifar100,d0.5,0.1,5,209|165|210|214|202,0,,,0.0,0,,,0.0,0
cifar100_proser_fedavg__split08__seed1__d0.5,cifar100,d0.5,0.15,5,209|165|210|214|202,0,,,0.0,0,,,0.0,0
cifar100_proser_fedavg__split08__seed1__d0.5,cifar100,d0.5,0.2,5,209|165|210|214|202,0,,,0.0,0,,,0.0,0
cifar100_proser_fedavg__split08__seed1__d0.5,cifar100,d0.5,0.25,5,209|165|210|214|202,0,,,0.0,0,,,0.0,0
cifar100_proser_fedavg__split08__seed1__d0.5,cifar100,d0.5,0.3,5,209|165|210|214|202,0,,,0.0,0,,,0.0,0
cifar100_proser_fedavg__split08__seed1__d5.0,cifar100,d5,0.05,5,212|187|200|187|214,0,,,0.0,0,,,0.0,0
cifar100_proser_fedavg__split08__seed1__d5.0,cifar100,d5,0.1,5,212|187|200|187|214,0,,,0.0,0,,,0.0,0
cifar100_proser_fedavg__split08__seed1__d5.0,cifar100,d5,0.15,5,212|187|200|187|214,0,,,0.0,0,,,0.0,0
cifar100_proser_fedavg__split08__seed1__d5.0,cifar100,d5,0.2,5,212|187|200|187|214,0,,,0.0,0,,,0.0,0
cifar100_proser_fedavg__split08__seed1__d5.0,cifar100,d5,0.25,5,212|187|200|187|214,0,,,0.0,0,,,0.0,0
cifar100_proser_fedavg__split08__seed1__d5.0,cifar100,d5,0.3,5,212|187|200|187|214,1,1,0.29242256122928695,0.1489231006880117,1,1,0.2780062772832512,0.1584736157339051,0
cifar100_proser_fedavg__split08__seed2__d0.1,cifar100,d0.1,0.05,5,216|202|207|195|180,0,,,0.0,0,,,0.0,0
cifar100_proser_fedavg__split08__seed2__d0.1,cifar100,d0.1,0.1,5,216|202|207|195|180,0,,,0.0,0,,,0.0,0
cifar100_proser_fedavg__split08__seed2__d0.1,cifar100,d0.1,0.15,5,216|202|207|195|180,0,,,0.0,0,,,0.0,0
cifar100_proser_fedavg__split08__seed2__d0.1,cifar100,d0.1,0.2,5,216|202|207|195|180,0,,,0.0,0,,,0.0,0
cifar100_proser_fedavg__split08__seed2__d0.1,cifar100,d0.1,0.25,5,216|202|207|195|180,0,,,0.0,0,,,0.0,0
cifar100_proser_fedavg__split08__seed2__d0.1,cifar100,d0.1,0.3,5,216|202|207|195|180,0,,,0.0,0,,,0.0,0
cifar100_proser_fedavg__split08__seed2__d0.5,cifar100,d0.5,0.05,5,203|175|208|215|199,0,,,0.0,0,,,0.0,0
cifar100_proser_fedavg__split08__seed2__d0.5,cifar100,d0.5,0.1,5,203|175|208|215|199,0,,,0.0,0,,,0.0,0
cifar100_proser_fedavg__split08__seed2__d0.5,cifar100,d0.5,0.15,5,203|175|208|215|199,0,,,0.0,0,,,0.0,0
cifar100_proser_fedavg__split08__seed2__d0.5,cifar100,d0.5,0.2,5,203|175|208|215|199,0,,,0.0,0,,,0.0,0
cifar100_proser_fedavg__split08__seed2__d0.5,cifar100,d0.5,0.25,5,203|175|208|215|199,0,,,0.0,0,,,0.0,0
cifar100_proser_fedavg__split08__seed2__d0.5,cifar100,d0.5,0.3,5,203|175|208|215|199,0,,,0.0,0,,,0.0,0
cifar100_proser_fedavg__split08__seed2__d5.0,cifar100,d5,0.05,5,201|202|186|209|202,0,,,0.0,0,,,0.0,0
cifar100_proser_fedavg__split08__seed2__d5.0,cifar100,d5,0.1,5,201|202|186|209|202,0,,,0.0,0,,,0.0,0
cifar100_proser_fedavg__split08__seed2__d5.0,cifar100,d5,0.15,5,201|202|186|209|202,0,,,0.0,0,,,0.0,0
cifar100_proser_fedavg__split08__seed2__d5.0,cifar100,d5,0.2,5,201|202|186|209|202,0,,,0.0,0,,,0.0,0
cifar100_proser_fedavg__split08__seed2__d5.0,cifar100,d5,0.25,5,201|202|186|209|202,1,1,0.23820998164217452,0.0973104776589769,1,1,0.23708060576463402,0.11162220820408429,0
cifar100_proser_fedavg__split08__seed2__d5.0,cifar100,d5,0.3,5,201|202|186|209|202,1,5,0.2979819831382028,0.1454246367511659,1,9,0.2731091944897599,0.1693817108271363,0
cifar100_proser_fedavg__split08__seed3__d0.1,cifar100,d0.1,0.05,5,198|205|184|200|213,0,,,0.0,0,,,0.0,0
cifar100_proser_fedavg__split08__seed3__d0.1,cifar100,d0.1,0.1,5,198|205|184|200|213,0,,,0.0,0,,,0.0,0
cifar100_proser_fedavg__split08__seed3__d0.1,cifar100,d0.1,0.15,5,198|205|184|200|213,0,,,0.0,0,,,0.0,0
cifar100_proser_fedavg__split08__seed3__d0.1,cifar100,d0.1,0.2,5,198|205|184|200|213,0,,,0.0,0,,,0.0,0
cifar100_proser_fedavg__split08__seed3__d0.1,cifar100,d0.1,0.25,5,198|205|184|200|213,0,,,0.0,0,,,0.0,0
cifar100_proser_fedavg__split08__seed3__d0.1,cifar100,d0.1,0.3,5,198|205|184|200|213,0,,,0.0,0,,,0.0,0
cifar100_proser_fedavg__split08__seed3__d0.5,cifar100,d0.5,0.05,5,193|215|193|194|205,0,,,0.0,0,,,0.0,0
cifar100_proser_fedavg__split08__seed3__d0.5,cifar100,d0.5,0.1,5,193|215|193|194|205,0,,,0.0,0,,,0.0,0
cifar100_proser_fedavg__split08__seed3__d0.5,cifar100,d0.5,0.15,5,193|215|193|194|205,0,,,0.0,0,,,0.0,0
cifar100_proser_fedavg__split08__seed3__d0.5,cifar100,d0.5,0.2,5,193|215|193|194|205,0,,,0.0,0,,,0.0,0
cifar100_proser_fedavg__split08__seed3__d0.5,cifar100,d0.5,0.25,5,193|215|193|194|205,0,,,0.0,0,,,0.0,0
cifar100_proser_fedavg__split08__seed3__d0.5,cifar100,d0.5,0.3,5,193|215|193|194|205,0,,,0.0,0,,,0.0,0
cifar100_proser_fedavg__split08__seed3__d5.0,cifar100,d5,0.05,5,211|194|203|172|220,0,,,0.0,0,,,0.0,0
cifar100_proser_fedavg__split08__seed3__d5.0,cifar100,d5,0.1,5,211|194|203|172|220,0,,,0.0,0,,,0.0,0
cifar100_proser_fedavg__split08__seed3__d5.0,cifar100,d5,0.15,5,211|194|203|172|220,0,,,0.0,0,,,0.0,0
cifar100_proser_fedavg__split08__seed3__d5.0,cifar100,d5,0.2,5,211|194|203|172|220,0,,,0.0,0,,,0.0,0
cifar100_proser_fedavg__split08__seed3__d5.0,cifar100,d5,0.25,5,211|194|203|172|220,0,,,0.0,0,,,0.0,0
cifar100_proser_fedavg__split08__seed3__d5.0,cifar100,d5,0.3,5,211|194|203|172|220,0,,,0.0,0,,,0.0,0
cifar100_proser_fedavg__split08__seed4__d0.1,cifar100,d0.1,0.05,5,191|207|193|214|195,0,,,0.0,0,,,0.0,0
cifar100_proser_fedavg__split08__seed4__d0.1,cifar100,d0.1,0.1,5,191|207|193|214|195,0,,,0.0,0,,,0.0,0
cifar100_proser_fedavg__split08__seed4__d0.1,cifar100,d0.1,0.15,5,191|207|193|214|195,0,,,0.0,0,,,0.0,0
cifar100_proser_fedavg__split08__seed4__d0.1,cifar100,d0.1,0.2,5,191|207|193|214|195,0,,,0.0,0,,,0.0,0
cifar100_proser_fedavg__split08__seed4__d0.1,cifar100,d0.1,0.25,5,191|207|193|214|195,0,,,0.0,0,,,0.0,0
cifar100_proser_fedavg__split08__seed4__d0.1,cifar100,d0.1,0.3,5,191|207|193|214|195,0,,,0.0,0,,,0.0,0
cifar100_proser_fedavg__split08__seed4__d0.5,cifar100,d0.5,0.05,5,202|206|198|201|193,0,,,0.0,0,,,0.0,0
cifar100_proser_fedavg__split08__seed4__d0.5,cifar100,d0.5,0.1,5,202|206|198|201|193,0,,,0.0,0,,,0.0,0
cifar100_proser_fedavg__split08__seed4__d0.5,cifar100,d0.5,0.15,5,202|206|198|201|193,0,,,0.0,0,,,0.0,0
cifar100_proser_fedavg__split08__seed4__d0.5,cifar100,d0.5,0.2,5,202|206|198|201|193,0,,,0.0,0,,,0.0,0
cifar100_proser_fedavg__split08__seed4__d0.5,cifar100,d0.5,0.25,5,202|206|198|201|193,0,,,0.0,0,,,0.0,0
cifar100_proser_fedavg__split08__seed4__d0.5,cifar100,d0.5,0.3,5,202|206|198|201|193,0,,,0.0,0,,,0.0,0
cifar100_proser_fedavg__split08__seed4__d5.0,cifar100,d5,0.05,5,194|201|212|191|202,0,,,0.0,0,,,0.0,0
cifar100_proser_fedavg__split08__seed4__d5.0,cifar100,d5,0.1,5,194|201|212|191|202,0,,,0.0,0,,,0.0,0
cifar100_proser_fedavg__split08__seed4__d5.0,cifar100,d5,0.15,5,194|201|212|191|202,0,,,0.0,0,,,0.0,0
cifar100_proser_fedavg__split08__seed4__d5.0,cifar100,d5,0.2,5,194|201|212|191|202,0,,,0.0,0,,,0.0,0
cifar100_proser_fedavg__split08__seed4__d5.0,cifar100,d5,0.25,5,194|201|212|191|202,0,,,0.0,0,,,0.0,0
cifar100_proser_fedavg__split08__seed4__d5.0,cifar100,d5,0.3,5,194|201|212|191|202,1,1,0.2782266478070745,0.12287124747137855,1,1,0.2845360640914135,0.13883486724236999,0
cifar100_proser_fedavg__split09__seed0__d0.1,cifar100,d0.1,0.05,5,202|199|170|209|220,0,,,0.0,0,,,0.0,0
cifar100_proser_fedavg__split09__seed0__d0.1,cifar100,d0.1,0.1,5,202|199|170|209|220,0,,,0.0,0,,,0.0,0
cifar100_proser_fedavg__split09__seed0__d0.1,cifar100,d0.1,0.15,5,202|199|170|209|220,0,,,0.0,0,,,0.0,0
cifar100_proser_fedavg__split09__seed0__d0.1,cifar100,d0.1,0.2,5,202|199|170|209|220,0,,,0.0,0,,,0.0,0
cifar100_proser_fedavg__split09__seed0__d0.1,cifar100,d0.1,0.25,5,202|199|170|209|220,0,,,0.0,0,,,0.0,0
cifar100_proser_fedavg__split09__seed0__d0.1,cifar100,d0.1,0.3,5,202|199|170|209|220,0,,,0.0,0,,,0.0,0
cifar100_proser_fedavg__split09__seed0__d0.5,cifar100,d0.5,0.05,5,191|222|183|191|213,0,,,0.0,0,,,0.0,0
cifar100_proser_fedavg__split09__seed0__d0.5,cifar100,d0.5,0.1,5,191|222|183|191|213,0,,,0.0,0,,,0.0,0
cifar100_proser_fedavg__split09__seed0__d0.5,cifar100,d0.5,0.15,5,191|222|183|191|213,0,,,0.0,0,,,0.0,0
cifar100_proser_fedavg__split09__seed0__d0.5,cifar100,d0.5,0.2,5,191|222|183|191|213,0,,,0.0,0,,,0.0,0
cifar100_proser_fedavg__split09__seed0__d0.5,cifar100,d0.5,0.25,5,191|222|183|191|213,0,,,0.0,0,,,0.0,0
cifar100_proser_fedavg__split09__seed0__d0.5,cifar100,d0.5,0.3,5,191|222|183|191|213,1,8,0.256072734275783,0.10407211410259809,1,9,0.29649538770903483,0.17702606705506535,0
cifar100_proser_fedavg__split09__seed0__d5.0,cifar100,d5,0.05,5,178|205|208|209|200,0,,,0.0,0,,,0.0,0
cifar100_proser_fedavg__split09__seed0__d5.0,cifar100,d5,0.1,5,178|205|208|209|200,0,,,0.0,0,,,0.0,0
cifar100_proser_fedavg__split09__seed0__d5.0,cifar100,d5,0.15,5,178|205|208|209|200,0,,,0.0,0,,,0.0,0
cifar100_proser_fedavg__split09__seed0__d5.0,cifar100,d5,0.2,5,178|205|208|209|200,0,,,0.0,0,,,0.0,0
cifar100_proser_fedavg__split09__seed0__d5.0,cifar100,d5,0.25,5,178|205|208|209|200,1,9,0.23941509258358984,0.150675020319364,1,9,0.23482173909909815,0.16081631313688005,0
cifar100_proser_fedavg__split09__seed0__d5.0,cifar100,d5,0.3,5,178|205|208|209|200,1,9,0.25239210899948583,0.1878456164087678,1,9,0.2579456290541148,0.18813629288172234,0
cifar100_proser_fedavg__split09__seed1__d0.1,cifar100,d0.1,0.05,5,204|193|202|215|186,0,,,0.0,0,,,0.0,0
cifar100_proser_fedavg__split09__seed1__d0.1,cifar100,d0.1,0.1,5,204|193|202|215|186,0,,,0.0,0,,,0.0,0
cifar100_proser_fedavg__split09__seed1__d0.1,cifar100,d0.1,0.15,5,204|193|202|215|186,0,,,0.0,0,,,0.0,0
cifar100_proser_fedavg__split09__seed1__d0.1,cifar100,d0.1,0.2,5,204|193|202|215|186,0,,,0.0,0,,,0.0,0
cifar100_proser_fedavg__split09__seed1__d0.1,cifar100,d0.1,0.25,5,204|193|202|215|186,0,,,0.0,0,,,0.0,0
cifar100_proser_fedavg__split09__seed1__d0.1,cifar100,d0.1,0.3,5,204|193|202|215|186,0,,,0.0,0,,,0.0,0
cifar100_proser_fedavg__split09__seed1__d0.5,cifar100,d0.5,0.05,5,190|234|190|198|188,0,,,0.0,0,,,0.0,0
cifar100_proser_fedavg__split09__seed1__d0.5,cifar100,d0.5,0.1,5,190|234|190|198|188,0,,,0.0,0,,,0.0,0
cifar100_proser_fedavg__split09__seed1__d0.5,cifar100,d0.5,0.15,5,190|234|190|198|188,0,,,0.0,0,,,0.0,0
cifar100_proser_fedavg__split09__seed1__d0.5,cifar100,d0.5,0.2,5,190|234|190|198|188,0,,,0.0,0,,,0.0,0
cifar100_proser_fedavg__split09__seed1__d0.5,cifar100,d0.5,0.25,5,190|234|190|198|188,0,,,0.0,1,8,0.24784845424161522,0.10398931900116397,1
cifar100_proser_fedavg__split09__seed1__d0.5,cifar100,d0.5,0.3,5,190|234|190|198|188,1,0,0.2571359155435438,0.10407211410259809,1,9,0.28287419804584535,0.19898925502786455,0
cifar100_proser_fedavg__split09__seed1__d5.0,cifar100,d5,0.05,5,194|202|190|207|207,0,,,0.0,0,,,0.0,0
cifar100_proser_fedavg__split09__seed1__d5.0,cifar100,d5,0.1,5,194|202|190|207|207,0,,,0.0,0,,,0.0,0
cifar100_proser_fedavg__split09__seed1__d5.0,cifar100,d5,0.15,5,194|202|190|207|207,0,,,0.0,0,,,0.0,0
cifar100_proser_fedavg__split09__seed1__d5.0,cifar100,d5,0.2,5,194|202|190|207|207,0,,,0.0,0,,,0.0,0
cifar100_proser_fedavg__split09__seed1__d5.0,cifar100,d5,0.25,5,194|202|190|207|207,0,,,0.0,0,,,0.0,0
cifar100_proser_fedavg__split09__seed1__d5.0,cifar100,d5,0.3,5,194|202|190|207|207,1,8,0.2701318942008356,0.12115073228675065,1,9,0.28491036731692065,0.2200528272044793,0
cifar100_proser_fedavg__split09__seed2__d0.1,cifar100,d0.1,0.05,5,225|206|212|184|173,0,,,0.0,0,,,0.0,0
cifar100_proser_fedavg__split09__seed2__d0.1,cifar100,d0.1,0.1,5,225|206|212|184|173,0,,,0.0,0,,,0.0,0
cifar100_proser_fedavg__split09__seed2__d0.1,cifar100,d0.1,0.15,5,225|206|212|184|173,0,,,0.0,0,,,0.0,0
cifar100_proser_fedavg__split09__seed2__d0.1,cifar100,d0.1,0.2,5,225|206|212|184|173,0,,,0.0,0,,,0.0,0
cifar100_proser_fedavg__split09__seed2__d0.1,cifar100,d0.1,0.25,5,225|206|212|184|173,0,,,0.0,0,,,0.0,0
cifar100_proser_fedavg__split09__seed2__d0.1,cifar100,d0.1,0.3,5,225|206|212|184|173,0,,,0.0,0,,,0.0,0
cifar100_proser_fedavg__split09__seed2__d0.5,cifar100,d0.5,0.05,5,180|225|201|191|203,0,,,0.0,0,,,0.0,0
cifar100_proser_fedavg__split09__seed2__d0.5,cifar100,d0.5,0.1,5,180|225|201|191|203,0,,,0.0,0,,,0.0,0
cifar100_proser_fedavg__split09__seed2__d0.5,cifar100,d0.5,0.15,5,180|225|201|191|203,0,,,0.0,0,,,0.0,0
cifar100_proser_fedavg__split09__seed2__d0.5,cifar100,d0.5,0.2,5,180|225|201|191|203,0,,,0.0,0,,,0.0,0
cifar100_proser_fedavg__split09__seed2__d0.5,cifar100,d0.5,0.25,5,180|225|201|191|203,0,,,0.0,0,,,0.0,0
cifar100_proser_fedavg__split09__seed2__d0.5,cifar100,d0.5,0.3,5,180|225|201|191|203,1,9,0.29631171812324336,0.15594128738219837,1,1,0.26613299450238176,0.17591458730661858,0
cifar100_proser_fedavg__split09__seed2__d5.0,cifar100,d5,0.05,5,212|184|205|224|175,0,,,0.0,0,,,0.0,0
cifar100_proser_fedavg__split09__seed2__d5.0,cifar100,d5,0.1,5,212|184|205|224|175,0,,,0.0,0,,,0.0,0
cifar100_proser_fedavg__split09__seed2__d5.0,cifar100,d5,0.15,5,212|184|205|224|175,0,,,0.0,0,,,0.0,0
cifar100_proser_fedavg__split09__seed2__d5.0,cifar100,d5,0.2,5,212|184|205|224|175,0,,,0.0,0,,,0.0,0
cifar100_proser_fedavg__split09__seed2__d5.0,cifar100,d5,0.25,5,212|184|205|224|175,1,1,0.24724760878422639,0.15594128738219837,1,10,0.2472331079506532,0.23612605598495412,0
cifar100_proser_fedavg__split09__seed2__d5.0,cifar100,d5,0.3,5,212|184|205|224|175,1,10,0.2813074174235846,0.25849300856548196,1,2,0.2692551167100832,0.2762390297666806,0
cifar100_proser_fedavg__split09__seed3__d0.1,cifar100,d0.1,0.05,5,198|205|203|189|205,0,,,0.0,0,,,0.0,0
cifar100_proser_fedavg__split09__seed3__d0.1,cifar100,d0.1,0.1,5,198|205|203|189|205,0,,,0.0,0,,,0.0,0
cifar100_proser_fedavg__split09__seed3__d0.1,cifar100,d0.1,0.15,5,198|205|203|189|205,0,,,0.0,0,,,0.0,0
cifar100_proser_fedavg__split09__seed3__d0.1,cifar100,d0.1,0.2,5,198|205|203|189|205,0,,,0.0,0,,,0.0,0
cifar100_proser_fedavg__split09__seed3__d0.1,cifar100,d0.1,0.25,5,198|205|203|189|205,0,,,0.0,0,,,0.0,0
cifar100_proser_fedavg__split09__seed3__d0.1,cifar100,d0.1,0.3,5,198|205|203|189|205,0,,,0.0,0,,,0.0,0
cifar100_proser_fedavg__split09__seed3__d0.5,cifar100,d0.5,0.05,5,202|185|200|215|198,0,,,0.0,0,,,0.0,0
cifar100_proser_fedavg__split09__seed3__d0.5,cifar100,d0.5,0.1,5,202|185|200|215|198,0,,,0.0,0,,,0.0,0
cifar100_proser_fedavg__split09__seed3__d0.5,cifar100,d0.5,0.15,5,202|185|200|215|198,0,,,0.0,0,,,0.0,0
cifar100_proser_fedavg__split09__seed3__d0.5,cifar100,d0.5,0.2,5,202|185|200|215|198,0,,,0.0,0,,,0.0,0
cifar100_proser_fedavg__split09__seed3__d0.5,cifar100,d0.5,0.25,5,202|185|200|215|198,1,8,0.20692744659892606,0.053043625630647316,1,0,0.23441473006131594,0.06928339459012123,0
cifar100_proser_fedavg__split09__seed3__d0.5,cifar100,d0.5,0.3,5,202|185|200|215|198,1,0,0.2705840698215175,0.08892102375525943,1,8,0.2918467611500133,0.13843996053040192,0
cifar100_proser_fedavg__split09__seed3__d5.0,cifar100,d5,0.05,5,193|229|191|181|206,0,,,0.0,0,,,0.0,0
cifar100_proser_fedavg__split09__seed3__d5.0,cifar100,d5,0.1,5,193|229|191|181|206,0,,,0.0,0,,,0.0,0
cifar100_proser_fedavg__split09__seed3__d5.0,cifar100,d5,0.15,5,193|229|191|181|206,0,,,0.0,0,,,0.0,0
cifar100_proser_fedavg__split09__seed3__d5.0,cifar100,d5,0.2,5,193|229|191|181|206,0,,,0.0,0,,,0.0,0
cifar100_proser_fedavg__split09__seed3__d5.0,cifar100,d5,0.25,5,193|229|191|181|206,0,,,0.0,1,5,0.23258013409934578,0.14212913820785375,1
cifar100_proser_fedavg__split09__seed3__d5.0,cifar100,d5,0.3,5,193|229|191|181|206,1,8,0.28445940471300757,0.1245939277297803,1,9,0.29811122165513093,0.21905397820682898,0
cifar100_proser_fedavg__split09__seed4__d0.1,cifar100,d0.1,0.05,5,212|208|193|217|170,0,,,0.0,0,,,0.0,0
cifar100_proser_fedavg__split09__seed4__d0.1,cifar100,d0.1,0.1,5,212|208|193|217|170,0,,,0.0,0,,,0.0,0
cifar100_proser_fedavg__split09__seed4__d0.1,cifar100,d0.1,0.15,5,212|208|193|217|170,0,,,0.0,0,,,0.0,0
cifar100_proser_fedavg__split09__seed4__d0.1,cifar100,d0.1,0.2,5,212|208|193|217|170,0,,,0.0,0,,,0.0,0
cifar100_proser_fedavg__split09__seed4__d0.1,cifar100,d0.1,0.25,5,212|208|193|217|170,0,,,0.0,0,,,0.0,0
cifar100_proser_fedavg__split09__seed4__d0.1,cifar100,d0.1,0.3,5,212|208|193|217|170,0,,,0.0,0,,,0.0,0
cifar100_proser_fedavg__split09__seed4__d0.5,cifar100,d0.5,0.05,5,214|217|195|179|195,0,,,0.0,0,,,0.0,0
cifar100_proser_fedavg__split09__seed4__d0.5,cifar100,d0.5,0.1,5,214|217|195|179|195,0,,,0.0,0,,,0.0,0
cifar100_proser_fedavg__split09__seed4__d0.5,cifar100,d0.5,0.15,5,214|217|195|179|195,0,,,0.0,0,,,0.0,0
cifar100_proser_fedavg__split09__seed4__d0.5,cifar100,d0.5,0.2,5,214|217|195|179|195,0,,,0.0,1,8,0.19810912834457983,0.06757212045246261,1
cifar100_proser_fedavg__split09__seed4__d0.5,cifar100,d0.5,0.25,5,214|217|195|179|195,0,,,0.0,0,,,0.0,0
cifar100_proser_fedavg__split09__seed4__d0.5,cifar100,d0.5,0.3,5,214|217|195|179|195,1,4,0.2395038691267541,0.05781552689417219,1,9,0.29774630025738097,0.1774182201440148,0
cifar100_proser_fedavg__split09__seed4__d5.0,cifar100,d5,0.05,5,218|207|196|188|191,0,,,0.0,0,,,0.0,0
cifar100_proser_fedavg__split09__seed4__d5.0,cifar100,d5,0.1,5,218|207|196|188|191,0,,,0.0,0,,,0.0,0
cifar100_proser_fedavg__split09__seed4__d5.0,cifar100,d5,0.15,5,218|207|196|188|191,0,,,0.0,0,,,0.0,0
cifar100_proser_fedavg__split09__seed4__d5.0,cifar100,d5,0.2,5,218|207|196|188|191,0,,,0.0,0,,,0.0,0
cifar100_proser_fedavg__split09__seed4__d5.0,cifar100,d5,0.25,5,218|207|196|188|191,0,,,0.0,1,8,0.24373549452667617,0.13622858007344923,1
cifar100_proser_fedavg__split09__seed4__d5.0,cifar100,d5,0.3,5,218|207|196|188|191,1,9,0.2947086852056774,0.2220274410637826,1,9,0.28830033552063117,0.22181385955438826,0
cifar10_proser_fedavg__split00__seed0__d0.1,cifar10,d0.1,0.05,5,208|203|194|216|179,0,,,0.0,0,,,0.0,0
cifar10_proser_fedavg__split00__seed0__d0.1,cifar10,d0.1,0.1,5,208|203|194|216|179,0,,,0.0,0,,,0.0,0
cifar10_proser_fedavg__split00__seed0__d0.1,cifar10,d0.1,0.15,5,208|203|194|216|179,0,,,0.0,0,,,0.0,0
cifar10_proser_fedavg__split00__seed0__d0.1,cifar10,d0.1,0.2,5,208|203|194|216|179,0,,,0.0,0,,,0.0,0
cifar10_proser_fedavg__split00__seed0__d0.1,cifar10,d0.1,0.25,5,208|203|194|216|179,0,,,0.0,0,,,0.0,0
cifar10_proser_fedavg__split00__seed0__d0.1,cifar10,d0.1,0.3,5,208|203|194|216|179,0,,,0.0,0,,,0.0,0
cifar10_proser_fedavg__split00__seed0__d0.5,cifar10,d0.5,0.05,5,189|191|188|217|215,0,,,0.0,0,,,0.0,0
cifar10_proser_fedavg__split00__seed0__d0.5,cifar10,d0.5,0.1,5,189|191|188|217|215,0,,,0.0,0,,,0.0,0
cifar10_proser_fedavg__split00__seed0__d0.5,cifar10,d0.5,0.15,5,189|191|188|217|215,0,,,0.0,0,,,0.0,0
cifar10_proser_fedavg__split00__seed0__d0.5,cifar10,d0.5,0.2,5,189|191|188|217|215,0,,,0.0,0,,,0.0,0
cifar10_proser_fedavg__split00__seed0__d0.5,cifar10,d0.5,0.25,5,189|191|188|217|215,0,,,0.0,0,,,0.0,0
cifar10_proser_fedavg__split00__seed0__d0.5,cifar10,d0.5,0.3,5,189|191|188|217|215,0,,,0.0,1,8,0.2804025888065728,0.06886403155481349,1
cifar10_proser_fedavg__split00__seed0__d5.0,cifar10,d5,0.05,5,206|195|202|224|173,0,,,0.0,0,,,0.0,0
cifar10_proser_fedavg__split00__seed0__d5.0,cifar10,d5,0.1,5,206|195|202|224|173,0,,,0.0,0,,,0.0,0
cifar10_proser_fedavg__split00__seed0__d5.0,cifar10,d5,0.15,5,206|195|202|224|173,0,,,0.0,0,,,0.0,0
cifar10_proser_fedavg__split00__seed0__d5.0,cifar10,d5,0.2,5,206|195|202|224|173,0,,,0.0,0,,,0.0,0
cifar10_proser_fedavg__split00__seed0__d5.0,cifar10,d5,0.25,5,206|195|202|224|173,1,1,0.24725094615096627,0.31400831056191886,1,5,0.21624966631855208,0.33913248660144363,0
cifar10_proser_fedavg__split00__seed0__d5.0,cifar10,d5,0.3,5,206|195|202|224|173,1,6,0.2828637861748753,0.5523165310760505,1,2,0.2877744077122033,0.5712403703884477,0
cifar10_proser_fedavg__split00__seed1__d0.1,cifar10,d0.1,0.05,5,187|207|215|213|178,0,,,0.0,0,,,0.0,0
cifar10_proser_fedavg__split00__seed1__d0.1,cifar10,d0.1,0.1,5,187|207|215|213|178,0,,,0.0,0,,,0.0,0
cifar10_proser_fedavg__split00__seed1__d0.1,cifar10,d0.1,0.15,5,187|207|215|213|178,0,,,0.0,0,,,0.0,0
cifar10_proser_fedavg__split00__seed1__d0.1,cifar10,d0.1,0.2,5,187|207|215|213|178,0,,,0.0,0,,,0.0,0
cifar10_proser_fedavg__split00__seed1__d0.1,cifar10,d0.1,0.25,5,187|207|215|213|178,1,5,0.23064971503233178,0.07895487171953285,1,5,0.22980742777581997,0.09650773338237956,0
cifar10_proser_fedavg__split00__seed1__d0.1,cifar10,d0.1,0.3,5,187|207|215|213|178,1,10,0.29394486882457943,0.24202590613587596,1,10,0.2750848251233831,0.27297857162408384,0
cifar10_proser_fedavg__split00__seed1__d0.5,cifar10,d0.5,0.05,5,203|204|198|199|196,0,,,0.0,0,,,0.0,0
cifar10_proser_fedavg__split00__seed1__d0.5,cifar10,d0.5,0.1,5,203|204|198|199|196,0,,,0.0,0,,,0.0,0
cifar10_proser_fedavg__split00__seed1__d0.5,cifar10,d0.5,0.15,5,203|204|198|199|196,0,,,0.0,0,,,0.0,0
cifar10_proser_fedavg__split00__seed1__d0.5,cifar10,d0.5,0.2,5,203|204|198|199|196,1,1,0.199699732677872,0.2529938396411717,1,10,0.196877451160727,0.3744541211683863,0
cifar10_proser_fedavg__split00__seed1__d0.5,cifar10,d0.5,0.25,5,203|204|198|199|196,1,1,0.20622449544176938,0.3308382314630498,1,10,0.23762330197162335,0.49160336099566165,0
cifar10_proser_fedavg__split00__seed1__d0.5,cifar10,d0.5,0.3,5,203|204|198|199|196,1,10,0.26552375362779235,0.5345576015043492,1,2,0.2619020592024077,0.5538935460517938,0
cifar10_proser_fedavg__split00__seed1__d5.0,cifar10,d5,0.05,5,206|208|190|179|217,0,,,0.0,0,,,0.0,0
cifar10_proser_fedavg__split00__seed1__d5.0,cifar10,d5,0.1,5,206|208|190|179|217,0,,,0.0,0,,,0.0,0
cifar10_proser_fedavg__split00__seed1__d5.0,cifar10,d5,0.15,5,206|208|190|179|217,0,,,0.0,0,,,0.0,0
cifar10_proser_fedavg__split00__seed1__d5.0,cifar10,d5,0.2,5,206|208|190|179|217,1,9,0.16680996089156705,0.25849300856548196,1,9,0.1695114742608297,0.2588473559207073,0
cifar10_proser_fedavg__split00__seed1__d5.0,cifar10,d5,0.25,5,206|208|190|179|217,1,1,0.21159734976552017,0.3308382314630498,1,10,0.2450392783493912,0.47683134241292846,0
cifar10_proser_fedavg__split00__seed1__d5.0,cifar10,d5,0.3,5,206|208|190|179|217,1,6,0.27026335281706565,0.5681662239123974,1,10,0.2673457691018203,0.5760814218392769,0
cifar10_proser_fedavg__split00__seed2__d0.1,cifar10,d0.1,0.05,5,191|193|217|212|187,0,,,0.0,0,,,0.0,0
cifar10_proser_fedavg__split00__seed2__d0.1,cifar10,d0.1,0.1,5,191|193|217|212|187,0,,,0.0,0,,,0.0,0
cifar10_proser_fedavg__split00__seed2__d0.1,cifar10,d0.1,0.15,5,191|193|217|212|187,0,,,0.0,0,,,0.0,0
cifar10_proser_fedavg__split00__seed2__d0.1,cifar10,d0.1,0.2,5,191|193|217|212|187,0,,,0.0,0,,,0.0,0
cifar10_proser_fedavg__split00__seed2__d0.1,cifar10,d0.1,0.25,5,191|193|217|212|187,0,,,0.0,1,0,0.23323189475116998,0.07061723741471075,1
cifar10_proser_fedavg__split00__seed2__d0.1,cifar10,d0.1,0.3,5,191|193|217|212|187,1,0,0.28199244784149813,0.08725202015480932,1,1,0.279742289846981,0.14209410658781252,0
cifar10_proser_fedavg__split00__seed2__d0.5,cifar10,d0.5,0.05,5,212|176|205|207|200,0,,,0.0,0,,,0.0,0
cifar10_proser_fedavg__split00__seed2__d0.5,cifar10,d0.5,0.1,5,212|176|205|207|200,0,,,0.0,0,,,0.0,0
cifar10_proser_fedavg__split00__seed2__d0.5,cifar10,d0.5,0.15,5,212|176|205|207|200,1,9,0.14972912395859891,0.1700584629511604,0,,,0.0,-1
cifar10_proser_fedavg__split00__seed2__d0.5,cifar10,d0.5,0.2,5,212|176|205|207|200,1,5,0.1948049070269773,0.2824355370849913,1,5,0.19140321048198383,0.2874773262577069,0
cifar10_proser_fedavg__split00__seed2__d0.5,cifar10,d0.5,0.25,5,212|176|205|207|200,1,1,0.21703412923593926,0.3628358945728068,1,1,0.2107525252795552,0.3569555813027075,0
cifar10_proser_fedavg__split00__seed2__d0.5,cifar10,d0.5,0.3,5,212|176|205|207|200,1,5,0.23433191987710603,0.3989090031855907,1,6,0.288946174232258,0.5347864548702534,0
cifar10_proser_fedavg__split00__seed2__d5.0,cifar10,d5,0.05,5,195|214|174|197|220,0,,,0.0,0,,,0.0,0
cifar10_proser_fedavg__split00__seed2__d5.0,cifar10,d5,0.1,5,195|214|174|197|220,0,,,0.0,0,,,0.0,0
cifar10_proser_fedavg__split00__seed2__d5.0,cifar10,d5,0.15,5,195|214|174|197|220,0,,,0.0,0,,,0.0,0
cifar10_proser_fedavg__split00__seed2__d5.0,cifar10,d5,0.2,5,195|214|174|197|220,1,9,0.17863093490136828,0.21479193734703367,1,9,0.17678585809538658,0.2141574708309283,0
cifar10_proser_fedavg__split00__seed2__d5.0,cifar10,d5,0.25,5,195|214|174|197|220,1,10,0.2418247177628437,0.45458282380340065,1,10,0.2457113681384293,0.46114186586137534,0
cifar10_proser_fedavg__split00__seed2__d5.0,cifar10,d5,0.3,5,195|214|174|197|220,1,10,0.287977120224084,0.5404688793448833,1,10,0.2799284629779166,0.5500995473190218,0
cifar10_proser_fedavg__split00__seed3__d0.1,cifar10,d0.1,0.05,5,204|186|204|208|198,0,,,0.0,0,,,0.0,0
cifar10_proser_fedavg__split00__seed3__d0.1,cifar10,d0.1,0.1,5,204|186|204|208|198,0,,,0.0,0,,,0.0,0
cifar10_proser_fedavg__split00__seed3__d0.1,cifar10,d0.1,0.15,5,204|186|204|208|198,0,,,0.0,0,,,0.0,0
cifar10_proser_fedavg__split00__seed3__d0.1,cifar10,d0.1,0.2,5,204|186|204|208|198,0,,,0.0,0,,,0.0,0
cifar10_proser_fedavg__split00__seed3__d0.1,cifar10,d0.1,0.25,5,204|186|204|208|198,0,,,0.0,0,,,0.0,0
cifar10_proser_fedavg__split00__seed3__d0.1,cifar10,d0.1,0.3,5,204|186|204|208|198,0,,,0.0,1,1,0.28542399299943527,0.2032398184613436,1
cifar10_proser_fedavg__split00__seed3__d0.5,cifar10,d0.5,0.05,5,214|210|210|190|176,0,,,0.0,0,,,0.0,0
cifar10_proser_fedavg__split00__seed3__d0.5,cifar10,d0.5,0.1,5,214|210|210|190|176,0,,,0.0,0,,,0.0,0
cifar10_proser_fedavg__split00__seed3__d0.5,cifar10,d0.5,0.15,5,214|210|210|190|176,0,,,0.0,0,,,0.0,0
cifar10_proser_fedavg__split00__seed3__d0.5,cifar10,d0.5,0.2,5,214|210|210|190|176,0,,,0.0,1,1,0.19296759115095155,0.21920374566541032,1
cifar10_proser_fedavg__split00__seed3__d0.5,cifar10,d0.5,0.25,5,214|210|210|190|176,1,9,0.22286585135401824,0.29911446741951175,1,9,0.20139520122893284,0.3062125440719725,0
cifar10_proser_fedavg__split00__seed3__d0.5,cifar10,d0.5,0.3,5,214|210|210|190|176,1,1,0.2523011474929164,0.3836809715599003,1,1,0.23093331103925124,0.3919596889141446,0
cifar10_proser_fedavg__split00__seed3__d5.0,cifar10,d5,0.05,5,184|213|196|201|206,0,,,0.0,0,,,0.0,0
cifar10_proser_fedavg__split00__seed3__d5.0,cifar10,d5,0.1,5,184|213|196|201|206,0,,,0.0,0,,,0.0,0
cifar10_proser_fedavg__split00__seed3__d5.0,cifar10,d5,0.15,5,184|213|196|201|206,0,,,0.0,0,,,0.0,0
cifar10_proser_fedavg__split00__seed3__d5.0,cifar10,d5,0.2,5,184|213|196|201|206,0,,,0.0,0,,,0.0,0
cifar10_proser_fedavg__split00__seed3__d5.0,cifar10,d5,0.25,5,184|213|196|201|206,0,,,0.0,0,,,0.0,0
cifar10_proser_fedavg__split00__seed3__d5.0,cifar10,d5,0.3,5,184|213|196|201|206,1,5,0.2749074440981855,0.2529938396411717,1,5,0.25287611612741,0.26570759979026515,0
cifar10_proser_fedavg__split00__seed4__d0.1,cifar10,d0.1,0.05,5,189|198|215|194|204,0,,,0.0,0,,,0.0,0
cifar10_proser_fedavg__split00__seed4__d0.1,cifar10,d0.1,0.1,5,189|198|215|194|204,0,,,0.0,0,,,0.0,0
cifar10_proser_fedavg__split00__seed4__d0.1,cifar10,d0.1,0.15,5,189|198|215|194|204,0,,,0.0,0,,,0.0,0
cifar10_proser_fedavg__split00__seed4__d0.1,cifar10,d0.1,0.2,5,189|198|215|194|204,0,,,0.0,0,,,0.0,0
cifar10_proser_fedavg__split00__seed4__d0.1,cifar10,d0.1,0.25,5,189|198|215|194|204,0,,,0.0,1,8,0.2464351379122094,0.1084581928719909,1
cifar10_proser_fedavg__split00__seed4__d0.1,cifar10,d0.1,0.3,5,189|198|215|194|204,1,9,0.2931982786737828,0.21298622695495215,1,9,0.2819070884971898,0.22561601838350534,0
cifar10_proser_fedavg__split00__seed4__d0.5,cifar10,d0.5,0.05,5,200|193|187|214|206,0,,,0.0,0,,,0.0,0
cifar10_proser_fedavg__split00__seed4__d0.5,cifar10,d0.5,0.1,5,200|193|187|214|206,0,,,0.0,0,,,0.0,0
cifar10_proser_fedavg__split00__seed4__d0.5,cifar10,d0.5,0.15,5,200|193|187|214|206,0,,,0.0,0,,,0.0,0
cifar10_proser_fedavg__split00__seed4__d0.5,cifar10,d0.5,0.2,5,200|193|187|214|206,0,,,0.0,0,,,0.0,0
cifar10_proser_fedavg__split00__seed4__d0.5,cifar10,d0.5,0.25,5,200|193|187|214|206,1,9,0.23871319955094333,0.21479193734703367,1,9,0.23175940097264677,0.21658598799928802,0
cifar10_proser_fedavg__split00__seed4__d0.5,cifar10,d0.5,0.3,5,200|193|187|214|206,1,9,0.2594119506389189,0.2842846607101203,1,9,0.2495498521680714,0.28691063813630324,0
cifar10_proser_fedavg__split00__seed4__d5.0,cifar10,d5,0.05,5,231|187|193|178|211,0,,,0.0,0,,,0.0,0
cifar10_proser_fedavg__split00__seed4__d5.0,cifar10,d5,0.1,5,231|187|193|178|211,0,,,0.0,0,,,0.0,0
cifar10_proser_fedavg__split00__seed4__d5.0,cifar10,d5,0.15,5,231|187|193|178|211,0,,,0.0,0,,,0.0,0
cifar10_proser_fedavg__split00__seed4__d5.0,cifar10,d5,0.2,5,231|187|193|178|211,0,,,0.0,0,,,0.0,0
cifar10_proser_fedavg__split00__seed4__d5.0,cifar10,d5,0.25,5,231|187|193|178|211,0,,,0.0,0,,,0.0,0
cifar10_proser_fedavg__split00__seed4__d5.0,cifar10,d5,0.3,5,231|187|193|178|211,1,9,0.2911299204861559,0.32147868122190865,1,9,0.28541843093666863,0.3265926196432014,0
cifar10_proser_fedavg__split01__seed0__d0.1,cifar10,d0.1,0.05,5,187|236|201|190|186,0,,,0.0,0,,,0.0,0
cifar10_proser_fedavg__split01__seed0__d0.1,cifar10,d0.1,0.1,5,187|236|201|190|186,0,,,0.0,0,,,0.0,0
cifar10_proser_fedavg__split01__seed0__d0.1,cifar10,d0.1,0.15,5,187|236|201|190|186,0,,,0.0,0,,,0.0,0
cifar10_proser_fedavg__split01__seed0__d0.1,cifar10,d0.1,0.2,5,187|236|201|190|186,0,,,0.0,0,,,0.0,0
cifar10_proser_fedavg__split01__seed0__d0.1,cifar10,d0.1,0.25,5,187|236|201|190|186,0,,,0.0,0,,,0.0,0
cifar10_proser_fedavg__split01__seed0__d0.1,cifar10,d0.1,0.3,5,187|236|201|190|186,0,,,0.0,0,,,0.0,0
cifar10_proser_fedavg__split01__seed0__d0.5,cifar10,d0.5,0.05,5,183|188|240|182|207,0,,,0.0,0,,,0.0,0
cifar10_proser_fedavg__split01__seed0__d0.5,cifar10,d0.5,0.1,5,183|188|240|182|207,0,,,0.0,0,,,0.0,0
cifar10_proser_fedavg__split01__seed0__d0.5,cifar10,d0.5,0.15,5,183|188|240|182|207,0,,,0.0,0,,,0.0,0
cifar10_proser_fedavg__split01__seed0__d0.5,cifar10,d0.5,0.2,5,183|188|240|182|207,0,,,0.0,0,,,0.0,0
cifar10_proser_fedavg__split01__seed0__d0.5,cifar10,d0.5,0.25,5,183|188|240|182|207,0,,,0.0,0,,,0.0,0
cifar10_proser_fedavg__split01__seed0__d0.5,cifar10,d0.5,0.3,5,183|188|240|182|207,0,,,0.0,0,,,0.0,0
cifar10_proser_fedavg__split01__seed0__d5.0,cifar10,d5,0.05,5,204|191|210|218|177,0,,,0.0,0,,,0.0,0
cifar10_proser_fedavg__split01__seed0__d5.0,cifar10,d5,0.1,5,204|191|210|218|177,0,,,0.0,0,,,0.0,0
cifar10_proser_fedavg__split01__seed0__d5.0,cifar10,d5,0.15,5,204|191|210|218|177,1,9,0.14387769500449282,0.2824355370849913,1,8,0.13722255930020638,0.24920820672967636,0
cifar10_proser_fedavg__split01__seed0__d5.0,cifar10,d5,0.2,5,204|191|210|218|177,1,5,0.19673399840597927,0.3364653401500663,1,9,0.17466809239594233,0.3773213165752073,0
cifar10_proser_fedavg__split01__seed0__d5.0,cifar10,d5,0.25,5,204|191|210|218|177,1,9,0.19151237185140826,0.4065442729468196,1,10,0.24761389412534346,0.5280700654720882,0
cifar10_proser_fedavg__split01__seed0__d5.0,cifar10,d5,0.3,5,204|191|210|218|177,1,2,0.2962969854347385,0.5820852488509656,1,6,0.2844676551848426,0.6086698946703846,0
cifar10_proser_fedavg__split01__seed1__d0.1,cifar10,d0.1,0.05,5,196|178|224|205|197,0,,,0.0,0,,,0.0,0
cifar10_proser_fedavg__split01__seed1__d0.1,cifar10,d0.1,0.1,5,196|178|224|205|197,0,,,0.0,0,,,0.0,0
cifar10_proser_fedavg__split01__seed1__d0.1,cifar10,d0.1,0.15,5,196|178|224|205|197,0,,,0.0,0,,,0.0,0
cifar10_proser_fedavg__split01__seed1__d0.1,cifar10,d0.1,0.2,5,196|178|224|205|197,1,4,0.18707043851654115,0.16828814810062487,1,4,0.17887210149502705,0.18405835068913698,0
cifar10_proser_fedavg__split01__seed1__d0.1,cifar10,d0.1,0.25,5,196|178|224|205|197,1,4,0.20078708828140096,0.18963242955894508,1,5,0.23603636635018893,0.265214388554114,0
cifar10_proser_fedavg__split01__seed1__d0.1,cifar10,d0.1,0.3,5,196|178|224|205|197,1,1,0.28899095493168003,0.2805874503612453,1,1,0.26705251573379374,0.3038272847619755,0
cifar10_proser_fedavg__split01__seed1__d0.5,cifar10,d0.5,0.05,5,195|217|194|195|199,0,,,0.0,0,,,0.0,0
cifar10_proser_fedavg__split01__seed1__d0.5,cifar10,d0.5,0.1,5,195|217|194|195|199,0,,,0.0,1,8,0.09054797757049121,0.21185076593448543,1
cifar10_proser_fedavg__split01__seed1__d0.5,cifar10,d0.5,0.15,5,195|217|194|195|199,1,5,0.1426789755580819,0.3065535017932921,1,5,0.13098661218332944,0.3320233966124814,0
cifar10_proser_fedavg__split01__seed1__d0.5,cifar10,d0.5,0.2,5,195|217|194|195|199,1,5,0.16656590116118528,0.3496280054403166,1,10,0.19994268339007865,0.44174543701111046,0
cifar10_proser_fedavg__split01__seed1__d0.5,cifar10,d0.5,0.25,5,195|217|194|195|199,1,2,0.2380389803702522,0.4603841964597841,1,10,0.23491601318291555,0.4953284346089582,0
cifar10_proser_fedavg__split01__seed1__d0.5,cifar10,d0.5,0.3,5,195|217|194|195|199,1,9,0.2177482829506084,0.4276138238607461,1,6,0.2727619244529125,0.5705429476547242,0
cifar10_proser_fedavg__split01__seed1__d5.0,cifar10,d5,0.05,5,216|198|208|171|207,0,,,0.0,0,,,0.0,0
cifar10_proser_fedavg__split01__seed1__d5.0,cifar10,d5,0.1,5,216|198|208|171|207,0,,,0.0,0,,,0.0,0
cifar10_proser_fedavg__split01__seed1__d5.0,cifar10,d5,0.15,5,216|198|208|171|207,0,,,0.0,0,,,0.0,0
cifar10_proser_fedavg__split01__seed1__d5.0,cifar10,d5,0.2,5,216|198|208|171|207,1,4,0.19930279316881436,0.3177415632790531,1,9,0.19922058533697146,0.4348653136532792,0
cifar10_proser_fedavg__split01__seed1__d5.0,cifar10,d5,0.25,5,216|198|208|171|207,1,5,0.23274059196935648,0.4603841964597841,1,5,0.21488499875537082,0.4887651151177095,0
cifar10_proser_fedavg__split01__seed1__d5.0,cifar10,d5,0.3,5,216|198|208|171|207,1,10,0.29676831853456304,0.6221246707839072,1,10,0.28748105862439177,0.6441726600014526,0
cifar10_proser_fedavg__split01__seed2__d0.1,cifar10,d0.1,0.05,5,198|199|197|195|211,0,,,0.0,0,,,0.0,0
cifar10_proser_fedavg__split01__seed2__d0.1,cifar10,d0.1,0.1,5,198|199|197|195|211,0,,,0.0,0,,,0.0,0
cifar10_proser_fedavg__split01__seed2__d0.1,cifar10,d0.1,0.15,5,198|199|197|195|211,0,,,0.0,0,,,0.0,0
cifar10_proser_fedavg__split01__seed2__d0.1,cifar10,d0.1,0.2,5,198|199|197|195|211,0,,,0.0,0,,,0.0,0
cifar10_proser_fedavg__split01__seed2__d0.1,cifar10,d0.1,0.25,5,198|199|197|195|211,0,,,0.0,0,,,0.0,0
cifar10_proser_fedavg__split01__seed2__d0.1,cifar10,d0.1,0.3,5,198|199|197|195|211,0,,,0.0,0,,,0.0,0
cifar10_proser_fedavg__split01__seed2__d0.5,cifar10,d0.5,0.05,5,193|191|206|215|195,0,,,0.0,0,,,0.0,0
cifar10_proser_fedavg__split01__seed2__d0.5,cifar10,d0.5,0.1,5,193|191|206|215|195,0,,,0.0,0,,,0.0,0
cifar10_proser_fedavg__split01__seed2__d0.5,cifar10,d0.5,0.15,5,193|191|206|215|195,1,4,0.13721978621302133,0.2676802640594055,1,0,0.12049305556299489,0.2710129535458119,0
cifar10_proser_fedavg__split01__seed2__d0.5,cifar10,d0.5,0.2,5,193|191|206|215|195,1,5,0.185003091462574,0.3912878815946737,1,5,0.1835641153590948,0.4123080841905232,0
cifar10_proser_fedavg__split01__seed2__d0.5,cifar10,d0.5,0.25,5,193|191|206|215|195,1,10,0.24643752131638988,0.5227598545528591,1,5,0.2082726675312302,0.4627203694276958,0
cifar10_proser_fedavg__split01__seed2__d0.5,cifar10,d0.5,0.3,5,193|191|206|215|195,1,2,0.29411870160327114,0.5820852488509656,1,2,0.29495709143843113,0.5935013365683917,0
cifar10_proser_fedavg__split01__seed2__d5.0,cifar10,d5,0.05,5,227|192|198|190|193,0,,,0.0,0,,,0.0,0
cifar10_proser_fedavg__split01__seed2__d5.0,cifar10,d5,0.1,5,227|192|198|190|193,0,,,0.0,1,8,0.09882036762639262,0.21526474731756587,1
cifar10_proser_fedavg__split01__seed2__d5.0,cifar10,d5,0.15,5,227|192|198|190|193,1,8,0.13280013132879778,0.2824355370849913,1,9,0.14287990759815988,0.34021345126189706,0
cifar10_proser_fedavg__split01__seed2__d5.0,cifar10,d5,0.2,5,227|192|198|190|193,1,4,0.1874653953397383,0.31400831056191886,1,5,0.19833363389266145,0.42166591960931055,0
cifar10_proser_fedavg__split01__seed2__d5.0,cifar10,d5,0.25,5,227|192|198|190|193,1,5,0.22950685998707346,0.47007067566749833,1,5,0.21778575157070248,0.4704328982108798,0
cifar10_proser_fedavg__split01__seed2__d5.0,cifar10,d5,0.3,5,227|192|198|190|193,1,6,0.29112825889402444,0.6100695588493051,1,6,0.29529218439820243,0.6308394731688546,0
cifar10_proser_fedavg__split01__seed3__d0.1,cifar10,d0.1,0.05,5,210|196|207|197|190,0,,,0.0,0,,,0.0,0
cifar10_proser_fedavg__split01__seed3__d0.1,cifar10,d0.1,0.1,5,210|196|207|197|190,0,,,0.0,0,,,0.0,0
cifar10_proser_fedavg__split01__seed3__d0.1,cifar10,d0.1,0.15,5,210|196|207|197|190,0,,,0.0,0,,,0.0,0
cifar10_proser_fedavg__split01__seed3__d0.1,cifar10,d0.1,0.2,5,210|196|207|197|190,0,,,0.0,0,,,0.0,0
cifar10_proser_fedavg__split01__seed3__d0.1,cifar10,d0.1,0.25,5,210|196|207|197|190,0,,,0.0,0,,,0.0,0
cifar10_proser_fedavg__split01__seed3__d0.1,cifar10,d0.1,0.3,5,210|196|207|197|190,0,,,0.0,0,,,0.0,0
cifar10_proser_fedavg__split01__seed3__d0.5,cifar10,d0.5,0.05,5,189|197|204|179|231,0,,,0.0,0,,,0.0,0
cifar10_proser_fedavg__split01__seed3__d0.5,cifar10,d0.5,0.1,5,189|197|204|179|231,0,,,0.0,0,,,0.0,0
cifar10_proser_fedavg__split01__seed3__d0.5,cifar10,d0.5,0.15,5,189|197|204|179|231,0,,,0.0,0,,,0.0,0
cifar10_proser_fedavg__split01__seed3__d0.5,cifar10,d0.5,0.2,5,189|197|204|179|231,1,8,0.16225643182373312,0.1541841332424806,1,9,0.17611801047677406,0.3196835299328008,0
cifar10_proser_fedavg__split01__seed3__d0.5,cifar10,d0.5,0.25,5,189|197|204|179|231,1,6,0.2351421161478852,0.45458282380340065,1,10,0.2455255475081629,0.4831485786964737,0
cifar10_proser_fedavg__split01__seed3__d0.5,cifar10,d0.5,0.3,5,189|197|204|179|231,1,6,0.2666589213215081,0.5463885019748965,1,6,0.271344592795952,0.545035808101399,0
cifar10_proser_fedavg__split01__seed3__d5.0,cifar10,d5,0.05,5,206|225|173|196|200,0,,,0.0,0,,,0.0,0
cifar10_proser_fedavg__split01__seed3__d5.0,cifar10,d5,0.1,5,206|225|173|196|200,1,5,0.09195500600290275,0.21659892278808282,1,5,0.09476146624061066,0.21545583196495785,0
cifar10_proser_fedavg__split01__seed3__d5.0,cifar10,d5,0.15,5,206|225|173|196|200,1,5,0.1399856327842393,0.2916914374928901,1,9,0.1334566387496769,0.3182045944734582,0
cifar10_proser_fedavg__split01__seed3__d5.0,cifar10,d5,0.2,5,206|225|173|196|200,1,6,0.19597130687887904,0.397002394105794,1,10,0.1870571708051824,0.42099062592775893,0
cifar10_proser_fedavg__split01__seed3__d5.0,cifar10,d5,0.25,5,206|225|173|196|200,1,10,0.23435057644198415,0.4934079896805652,1,10,0.22999066558514275,0.498825482401197,0
cifar10_proser_fedavg__split01__seed3__d5.0,cifar10,d5,0.3,5,206|225|173|196|200,1,6,0.2717277055560102,0.5562732531803791,1,6,0.2670064392591227,0.566868622912166,0
cifar10_proser_fedavg__split01__seed4__d0.1,cifar10,d0.1,0.05,5,191|181|199|206|223,0,,,0.0,0,,,0.0,0
cifar10_proser_fedavg__split01__seed4__d0.1,cifar10,d0.1,0.1,5,191|181|199|206|223,0,,,0.0,0,,,0.0,0
cifar10_proser_fedavg__split01__seed4__d0.1,cifar10,d0.1,0.15,5,191|181|199|206|223,0,,,0.0,0,,,0.0,0
cifar10_proser_fedavg__split01__seed4__d0.1,cifar10,d0.1,0.2,5,191|181|199|206|223,1,8,0.16044176557957182,0.08892102375525943,1,8,0.16346718503162355,0.10619949016325089,0
cifar10_proser_fedavg__split01__seed4__d0.1,cifar10,d0.1,0.25,5,191|181|199|206|223,1,8,0.20465301704801622,0.1091705258540498,1,8,0.20600193255954902,0.12492247007357482,0
cifar10_proser_fedavg__split01__seed4__d0.1,cifar10,d0.1,0.3,5,191|181|199|206|223,1,1,0.2641640979576656,0.13323876309562074,1,5,0.2992234415679103,0.15784649074879709,0
cifar10_proser_fedavg__split01__seed4__d0.5,cifar10,d0.5,0.05,5,199|213|196|189|203,0,,,0.0,0,,,0.0,0
cifar10_proser_fedavg__split01__seed4__d0.5,cifar10,d0.5,0.1,5,199|213|196|189|203,0,,,0.0,0,,,0.0,0
cifar10_proser_fedavg__split01__seed4__d0.5,cifar10,d0.5,0.15,5,199|213|196|189|203,0,,,0.0,0,,,0.0,0
cifar10_proser_fedavg__split01__seed4__d0.5,cifar10,d0.5,0.2,5,199|213|196|189|203,1,0,0.19983232594343556,0.1541841332424806,1,9,0.1950701322994412,0.24643699277598147,0
cifar10_proser_fedavg__split01__seed4__d0.5,cifar10,d0.5,0.25,5,199|213|196|189|203,1,10,0.23712617892404841,0.35339710447454004,1,10,0.2288876124226889,0.3735805366587658,0
cifar10_proser_fedavg__split01__seed4__d0.5,cifar10,d0.5,0.3,5,199|213|196|189|203,1,10,0.2952685175105702,0.4295344970967886,1,2,0.27578990727049585,0.44555476007225564,0
cifar10_proser_fedavg__split01__seed4__d5.0,cifar10,d5,0.05,5,213|184|217|182|204,0,,,0.0,0,,,0.0,0
cifar10_proser_fedavg__split01__seed4__d5.0,cifar10,d5,0.1,5,213|184|217|182|204,1,10,0.09857674356336091,0.3402214437081895,1,10,0.09858060559792695,0.3584089878929416,0
cifar10_proser_fedavg__split01__seed4__d5.0,cifar10,d5,0.15,5,213|184|217|182|204,1,10,0.139786892763162,0.397002394105794,1,6,0.14224799876600153,0.41920244231467085,0
cifar10_proser_fedavg__split01__seed4__d5.0,cifar10,d5,0.2,5,213|184|217|182|204,1,2,0.1909293641696308,0.4642561573344981,1,6,0.17882653281846825,0.47246306041698377,0
cifar10_proser_fedavg__split01__seed4__d5.0,cifar10,d5,0.25,5,213|184|217|182|204,1,10,0.23057138777569758,0.5306213570699463,1,6,0.23061897087397307,0.5272982192139093,0
cifar10_proser_fedavg__split01__seed4__d5.0,cifar10,d5,0.3,5,213|184|217|182|204,1,10,0.2708837304043929,0.5940542612743742,1,6,0.27348256831369844,0.5916048225095788,0
cifar10_proser_fedavg__split02__seed0__d0.1,cifar10,d0.1,0.05,5,193|181|216|216|194,0,,,0.0,0,,,0.0,0
cifar10_proser_fedavg__split02__seed0__d0.1,cifar10,d0.1,0.1,5,193|181|216|216|194,0,,,0.0,0,,,0.0,0
cifar10_proser_fedavg__split02__seed0__d0.1,cifar10,d0.1,0.15,5,193|181|216|216|194,0,,,0.0,0,,,0.0,0
cifar10_proser_fedavg__split02__seed0__d0.1,cifar10,d0.1,0.2,5,193|181|216|216|194,0,,,0.0,0,,,0.0,0
cifar10_proser_fedavg__split02__seed0__d0.1,cifar10,d0.1,0.25,5,193|181|216|216|194,0,,,0.0,0,,,0.0,0
cifar10_proser_fedavg__split02__seed0__d0.1,cifar10,d0.1,0.3,5,193|181|216|216|194,0,,,0.0,0,,,0.0,0
cifar10_proser_fedavg__split02__seed0__d0.5,cifar10,d0.5,0.05,5,199|191|233|198|179,0,,,0.0,0,,,0.0,0
cifar10_proser_fedavg__split02__seed0__d0.5,cifar10,d0.5,0.1,5,199|191|233|198|179,0,,,0.0,0,,,0.0,0
cifar10_proser_fedavg__split02__seed0__d0.5,cifar10,d0.5,0.15,5,199|191|233|198|179,0,,,0.0,0,,,0.0,0
cifar10_proser_fedavg__split02__seed0__d0.5,cifar10,d0.5,0.2,5,199|191|233|198|179,0,,,0.0,0,,,0.0,0
cifar10_proser_fedavg__split02__seed0__d0.5,cifar10,d0.5,0.25,5,199|191|233|198|179,0,,,0.0,0,,,0.0,0
cifar10_proser_fedavg__split02__seed0__d0.5,cifar10,d0.5,0.3,5,199|191|233|198|179,0,,,0.0,0,,,0.0,0
cifar10_proser_fedavg__split02__seed0__d5.0,cifar10,d5,0.05,5,204|187|200|197|212,0,,,0.0,0,,,0.0,0
cifar10_proser_fedavg__split02__seed0__d5.0,cifar10,d5,0.1,5,204|187|200|197|212,0,,,0.0,0,,,0.0,0
cifar10_proser_fedavg__split02__seed0__d5.0,cifar10,d5,0.15,5,204|187|200|197|212,0,,,0.0,0,,,0.0,0
cifar10_proser_fedavg__split02__seed0__d5.0,cifar10,d5,0.2,5,204|187|200|197|212,0,,,0.0,1,1,0.19666834984945558,0.26105705491568226,1
cifar10_proser_fedavg__split02__seed0__d5.0,cifar10,d5,0.25,5,204|187|200|197|212,1,9,0.20631889879295257,0.34774483898291636,1,9,0.2044871688793098,0.34401763833838794,0
cifar10_proser_fedavg__split02__seed0__d5.0,cifar10,d5,0.3,5,204|187|200|197|212,1,5,0.2536484937814725,0.4027248730852157,1,10,0.2993526205080195,0.6131408656937799,0
cifar10_proser_fedavg__split02__seed1__d0.1,cifar10,d0.1,0.05,5,185|193|190|206|226,0,,,0.0,0,,,0.0,0
cifar10_proser_fedavg__split02__seed1__d0.1,cifar10,d0.1,0.1,5,185|193|190|206|226,0,,,0.0,0,,,0.0,0
cifar10_proser_fedavg__split02__seed1__d0.1,cifar10,d0.1,0.15,5,185|193|190|206|226,0,,,0.0,0,,,0.0,0
cifar10_proser_fedavg__split02__seed1__d0.1,cifar10,d0.1,0.2,5,185|193|190|206|226,0,,,0.0,0,,,0.0,0
cifar10_proser_fedavg__split02__seed1__d0.1,cifar10,d0.1,0.25,5,185|193|190|206|226,1,5,0.24280255010305196,0.19500134841768255,1,9,0.24853114641832041,0.2820202334545245,0
cifar10_proser_fedavg__split02__seed1__d0.1,cifar10,d0.1,0.3,5,185|193|190|206|226,1,9,0.2665784113761556,0.2972572001337767,1,9,0.2718966124200141,0.311738496718604,0
cifar10_proser_fedavg__split02__seed1__d0.5,cifar10,d0.5,0.05,5,216|204|185|200|195,0,,,0.0,0,,,0.0,0
cifar10_proser_fedavg__split02__seed1__d0.5,cifar10,d0.5,0.1,5,216|204|185|200|195,0,,,0.0,0,,,0.0,0
cifar10_proser_fedavg__split02__seed1__d0.5,cifar10,d0.5,0.15,5,216|204|185|200|195,0,,,0.0,0,,,0.0,0
cifar10_proser_fedavg__split02__seed1__d0.5,cifar10,d0.5,0.2,5,216|204|185|200|195,0,,,0.0,0,,,0.0,0
cifar10_proser_fedavg__split02__seed1__d0.5,cifar10,d0.5,0.25,5,216|204|185|200|195,1,10,0.23696730463245083,0.44107690371230257,1,6,0.24711985951698057,0.4347296536545634,0
cifar10_proser_fedavg__split02__seed1__d0.5,cifar10,d0.5,0.3,5,216|204|185|200|195,1,10,0.2712242298464538,0.5325890199080116,1,10,0.2781357769827584,0.5308520419669919,0
cifar10_proser_fedavg__split02__seed1__d5.0,cifar10,d5,0.05,5,209|196|190|190|215,0,,,0.0,0,,,0.0,0
cifar10_proser_fedavg__split02__seed1__d5.0,cifar10,d5,0.1,5,209|196|190|190|215,0,,,0.0,0,,,0.0,0
cifar10_proser_fedavg__split02__seed1__d5.0,cifar10,d5,0.15,5,209|196|190|190|215,0,,,0.0,0,,,0.0,0
cifar10_proser_fedavg__split02__seed1__d5.0,cifar10,d5,0.2,5,209|196|190|190|215,0,,,0.0,0,,,0.0,0
cifar10_proser_fedavg__split02__seed1__d5.0,cifar10,d5,0.25,5,209|196|190|190|215,1,9,0.2224325900018938,0.34210089748816386,1,9,0.2199027946095452,0.35725312499065465,0
cifar10_proser_fedavg__split02__seed1__d5.0,cifar10,d5,0.3,5,209|196|190|190|215,1,10,0.292861352743574,0.6281666123047628,1,6,0.2948623370572747,0.6296957019700655,0
cifar10_proser_fedavg__split02__seed2__d0.1,cifar10,d0.1,0.05,5,215|181|208|192|204,0,,,0.0,0,,,0.0,0
cifar10_proser_fedavg__split02__seed2__d0.1,cifar10,d0.1,0.1,5,215|181|208|192|204,0,,,0.0,0,,,0.0,0
cifar10_proser_fedavg__split02__seed2__d0.1,cifar10,d0.1,0.15,5,215|181|208|192|204,0,,,0.0,0,,,0.0,0
cifar10_proser_fedavg__split02__seed2__d0.1,cifar10,d0.1,0.2,5,215|181|208|192|204,0,,,0.0,0,,,0.0,0
cifar10_proser_fedavg__split02__seed2__d0.1,cifar10,d0.1,0.25,5,215|181|208|192|204,0,,,0.0,0,,,0.0,0
cifar10_proser_fedavg__split02__seed2__d0.1,cifar10,d0.1,0.3,5,215|181|208|192|204,0,,,0.0,0,,,0.0,0
cifar10_proser_fedavg__split02__seed2__d0.5,cifar10,d0.5,0.05,5,209|204|209|196|182,0,,,0.0,0,,,0.0,0
cifar10_proser_fedavg__split02__seed2__d0.5,cifar10,d0.5,0.1,5,209|204|209|196|182,0,,,0.0,0,,,0.0,0
cifar10_proser_fedavg__split02__seed2__d0.5,cifar10,d0.5,0.15,5,209|204|209|196|182,1,0,0.133096995529086,0.1367108454380224,1,8,0.14753176742890317,0.16226569153379752,0
cifar10_proser_fedavg__split02__seed2__d0.5,cifar10,d0.5,0.2,5,209|204|209|196|182,1,5,0.19421157257317198,0.2676802640594055,1,5,0.1817445949590435,0.2705665795113216,0
cifar10_proser_fedavg__split02__seed2__d0.5,cifar10,d0.5,0.25,5,209|204|209|196|182,1,5,0.19861642035742674,0.32896441783572195,1,5,0.20502175680567475,0.3305530290583999,0
cifar10_proser_fedavg__split02__seed2__d0.5,cifar10,d0.5,0.3,5,209|204|209|196|182,1,9,0.25607991789603257,0.397002394105794,1,6,0.28643617086212086,0.5450532825759699,0
cifar10_proser_fedavg__split02__seed2__d5.0,cifar10,d5,0.05,5,202|190|194|217|197,0,,,0.0,0,,,0.0,0
cifar10_proser_fedavg__split02__seed2__d5.0,cifar10,d5,0.1,5,202|190|194|217|197,0,,,0.0,0,,,0.0,0
cifar10_proser_fedavg__split02__seed2__d5.0,cifar10,d5,0.15,5,202|190|194|217|197,0,,,0.0,0,,,0.0,0
cifar10_proser_fedavg__split02__seed2__d5.0,cifar10,d5,0.2,5,202|190|194|217|197,1,9,0.19041418027510812,0.26032827718976853,1,6,0.19167625503935737,0.3687987583269641,0
cifar10_proser_fedavg__split02__seed2__d5.0,cifar10,d5,0.25,5,202|190|194|217|197,1,9,0.1948049070269773,0.29911446741951175,1,6,0.24778141966751577,0.4745402672422641,0
cifar10_proser_fedavg__split02__seed2__d5.0,cifar10,d5,0.3,5,202|190|194|217|197,1,9,0.23795410237074313,0.3950966701610922,1,10,0.2898050571785124,0.5792324612878799,0
cifar10_proser_fedavg__split02__seed3__d0.1,cifar10,d0.1,0.05,5,199|199|206|195|201,0,,,0.0,0,,,0.0,0
cifar10_proser_fedavg__split02__seed3__d0.1,cifar10,d0.1,0.1,5,199|199|206|195|201,0,,,0.0,0,,,0.0,0
cifar10_proser_fedavg__split02__seed3__d0.1,cifar10,d0.1,0.15,5,199|199|206|195|201,0,,,0.0,0,,,0.0,0
cifar10_proser_fedavg__split02__seed3__d0.1,cifar10,d0.1,0.2,5,199|199|206|195|201,0,,,0.0,0,,,0.0,0
cifar10_proser_fedavg__split02__seed3__d0.1,cifar10,d0.1,0.25,5,199|199|206|195|201,0,,,0.0,0,,,0.0,0
cifar10_proser_fedavg__split02__seed3__d0.1,cifar10,d0.1,0.3,5,199|199|206|195|201,0,,,0.0,0,,,0.0,0
cifar10_proser_fedavg__split02__seed3__d0.5,cifar10,d0.5,0.05,5,182|184|195|218|221,0,,,0.0,0,,,0.0,0
cifar10_proser_fedavg__split02__seed3__d0.5,cifar10,d0.5,0.1,5,182|184|195|218|221,0,,,0.0,0,,,0.0,0
cifar10_proser_fedavg__split02__seed3__d0.5,cifar10,d0.5,0.15,5,182|184|195|218|221,0,,,0.0,0,,,0.0,0
cifar10_proser_fedavg__split02__seed3__d0.5,cifar10,d0.5,0.2,5,182|184|195|218|221,1,9,0.17229004002976459,0.07401746360520257,1,9,0.18259113690290396,0.08033065061343186,0
cifar10_proser_fedavg__split02__seed3__d0.5,cifar10,d0.5,0.25,5,182|184|195|218|221,1,9,0.21135011354731878,0.1074685537775654,1,9,0.2154525829301358,0.11726872294950381,0
cifar10_proser_fedavg__split02__seed3__d0.5,cifar10,d0.5,0.3,5,182|184|195|218|221,1,10,0.29524023091271756,0.47007067566749833,1,10,0.2954710890988941,0.4801602052655256,0
cifar10_proser_fedavg__split02__seed3__d5.0,cifar10,d5,0.05,5,218|187|210|208|177,0,,,0.0,0,,,0.0,0
cifar10_proser_fedavg__split02__seed3__d5.0,cifar10,d5,0.1,5,218|187|210|208|177,0,,,0.0,0,,,0.0,0
cifar10_proser_fedavg__split02__seed3__d5.0,cifar10,d5,0.15,5,218|187|210|208|177,0,,,0.0,0,,,0.0,0
cifar10_proser_fedavg__split02__seed3__d5.0,cifar10,d5,0.2,5,218|187|210|208|177,1,1,0.1840147821306372,0.16651941981501167,1,1,0.18808920953031882,0.18748222336592396,0
cifar10_proser_fedavg__split02__seed3__d5.0,cifar10,d5,0.25,5,218|187|210|208|177,1,10,0.23826782166255747,0.45071961742175126,1,10,0.23341747774362193,0.48974633678174,0
cifar10_proser_fedavg__split02__seed3__d5.0,cifar10,d5,0.3,5,218|187|210|208|177,1,2,0.2694617451356214,0.5701517407993723,1,2,0.26142744403229806,0.575402538228095,0
cifar10_proser_fedavg__split02__seed4__d0.1,cifar10,d0.1,0.05,5,202|210|181|208|199,0,,,0.0,0,,,0.0,0
cifar10_proser_fedavg__split02__seed4__d0.1,cifar10,d0.1,0.1,5,202|210|181|208|199,0,,,0.0,0,,,0.0,0
cifar10_proser_fedavg__split02__seed4__d0.1,cifar10,d0.1,0.15,5,202|210|181|208|199,0,,,0.0,0,,,0.0,0
cifar10_proser_fedavg__split02__seed4__d0.1,cifar10,d0.1,0.2,5,202|210|181|208|199,0,,,0.0,0,,,0.0,0
cifar10_proser_fedavg__split02__seed4__d0.1,cifar10,d0.1,0.25,5,202|210|181|208|199,0,,,0.0,0,,,0.0,0
cifar10_proser_fedavg__split02__seed4__d0.1,cifar10,d0.1,0.3,5,202|210|181|208|199,0,,,0.0,0,,,0.0,0
cifar10_proser_fedavg__split02__seed4__d0.5,cifar10,d0.5,0.05,5,193|193|210|212|192,0,,,0.0,0,,,0.0,0
cifar10_proser_fedavg__split02__seed4__d0.5,cifar10,d0.5,0.1,5,193|193|210|212|192,0,,,0.0,0,,,0.0,0
cifar10_proser_fedavg__split02__seed4__d0.5,cifar10,d0.5,0.15,5,193|193|210|212|192,0,,,0.0,0,,,0.0,0
cifar10_proser_fedavg__split02__seed4__d0.5,cifar10,d0.5,0.2,5,193|193|210|212|192,0,,,0.0,0,,,0.0,0
cifar10_proser_fedavg__split02__seed4__d0.5,cifar10,d0.5,0.25,5,193|193|210|212|192,0,,,0.0,0,,,0.0,0
cifar10_proser_fedavg__split02__seed4__d0.5,cifar10,d0.5,0.3,5,193|193|210|212|192,1,5,0.2729922480550676,0.17893330314151534,1,5,0.2748341899128416,0.18838902134215482,0
cifar10_proser_fedavg__split02__seed4__d5.0,cifar10,d5,0.05,5,198|207|198|193|204,0,,,0.0,0,,,0.0,0
cifar10_proser_fedavg__split02__seed4__d5.0,cifar10,d5,0.1,5,198|207|198|193|204,0,,,0.0,0,,,0.0,0
cifar10_proser_fedavg__split02__seed4__d5.0,cifar10,d5,0.15,5,198|207|198|193|204,0,,,0.0,0,,,0.0,0
cifar10_proser_fedavg__split02__seed4__d5.0,cifar10,d5,0.2,5,198|207|198|193|204,1,5,0.1789981523034109,0.27320556342554475,1,5,0.1807374467819497,0.27420711481169596,0
cifar10_proser_fedavg__split02__seed4__d5.0,cifar10,d5,0.25,5,198|207|198|193|204,1,6,0.24965923983189436,0.5051245152732453,1,5,0.21912933789476585,0.3828425729449527,0
cifar10_proser_fedavg__split02__seed4__d5.0,cifar10,d5,0.3,5,198|207|198|193|204,1,6,0.29092252933260876,0.5980519563630307,1,6,0.2860980326475865,0.5999767496414881,0
cifar10_proser_fedavg__split03__seed0__d0.1,cifar10,d0.1,0.05,5,183|249|174|177|217,0,,,0.0,0,,,0.0,0
cifar10_proser_fedavg__split03__seed0__d0.1,cifar10,d0.1,0.1,5,183|249|174|177|217,0,,,0.0,0,,,0.0,0
cifar10_proser_fedavg__split03__seed0__d0.1,cifar10,d0.1,0.15,5,183|249|174|177|217,0,,,0.0,0,,,0.0,0
cifar10_proser_fedavg__split03__seed0__d0.1,cifar10,d0.1,0.2,5,183|249|174|177|217,0,,,0.0,0,,,0.0,0
cifar10_proser_fedavg__split03__seed0__d0.1,cifar10,d0.1,0.25,5,183|249|174|177|217,0,,,0.0,0,,,0.0,0
cifar10_proser_fedavg__split03__seed0__d0.1,cifar10,d0.1,0.3,5,183|249|174|177|217,1,1,0.250350296512733,0.02136901710538746,1,1,0.25871055738207577,0.0424199232788783,0
cifar10_proser_fedavg__split03__seed0__d0.5,cifar10,d0.5,0.05,5,220|184|199|193|204,0,,,0.0,0,,,0.0,0
cifar10_proser_fedavg__split03__seed0__d0.5,cifar10,d0.5,0.1,5,220|184|199|193|204,0,,,0.0,0,,,0.0,0
cifar10_proser_fedavg__split03__seed0__d0.5,cifar10,d0.5,0.15,5,220|184|199|193|204,0,,,0.0,0,,,0.0,0
cifar10_proser_fedavg__split03__seed0__d0.5,cifar10,d0.5,0.2,5,220|184|199|193|204,0,,,0.0,0,,,0.0,0
cifar10_proser_fedavg__split03__seed0__d0.5,cifar10,d0.5,0.25,5,220|184|199|193|204,1,1,0.24605115339470904,0.175378773010934,1,1,0.22103922273265936,0.1844146551932061,0
cifar10_proser_fedavg__split03__seed0__d0.5,cifar10,d0.5,0.3,5,220|184|199|193|204,1,1,0.26671044680340666,0.22565266954182683,1,9,0.2612437537958599,0.23908798402208725,0
cifar10_proser_fedavg__split03__seed0__d5.0,cifar10,d5,0.05,5,168|205|203|219|205,0,,,0.0,0,,,0.0,0
cifar10_proser_fedavg__split03__seed0__d5.0,cifar10,d5,0.1,5,168|205|203|219|205,0,,,0.0,0,,,0.0,0
cifar10_proser_fedavg__split03__seed0__d5.0,cifar10,d5,0.15,5,168|205|203|219|205,1,4,0.14285119880892738,0.16828814810062487,1,4,0.13469260802301425,0.18249929424063246,0
cifar10_proser_fedavg__split03__seed0__d5.0,cifar10,d5,0.2,5,168|205|203|219|205,1,8,0.16878060975122525,0.25849300856548196,1,4,0.1760285125720178,0.25730557859432174,0
cifar10_proser_fedavg__split03__seed0__d5.0,cifar10,d5,0.25,5,168|205|203|219|205,1,9,0.23680401436757334,0.45458282380340065,1,9,0.22193413540060053,0.448664198852723,0
cifar10_proser_fedavg__split03__seed0__d5.0,cifar10,d5,0.3,5,168|205|203|219|205,1,9,0.26932333962561983,0.5090371741435266,1,9,0.2447726442391523,0.51032423692442,0
cifar10_proser_fedavg__split03__seed1__d0.1,cifar10,d0.1,0.05,5,215|204|196|191|194,0,,,0.0,0,,,0.0,0
cifar10_proser_fedavg__split03__seed1__d0.1,cifar10,d0.1,0.1,5,215|204|196|191|194,0,,,0.0,0,,,0.0,0
cifar10_proser_fedavg__split03__seed1__d0.1,cifar10,d0.1,0.15,5,215|204|196|191|194,0,,,0.0,0,,,0.0,0
cifar10_proser_fedavg__split03__seed1__d0.1,cifar10,d0.1,0.2,5,215|204|196|191|194,0,,,0.0,0,,,0.0,0
cifar10_proser_fedavg__split03__seed1__d0.1,cifar10,d0.1,0.25,5,215|204|196|191|194,0,,,0.0,0,,,0.0,0
cifar10_proser_fedavg__split03__seed1__d0.1,cifar10,d0.1,0.3,5,215|204|196|191|194,1,1,0.2872035988841429,0.1057690692233078,1,1,0.2977294779739973,0.10851281560494255,0
cifar10_proser_fedavg__split03__seed1__d0.5,cifar10,d0.5,0.05,5,183|198|220|185|214,0,,,0.0,0,,,0.0,0
cifar10_proser_fedavg__split03__seed1__d0.5,cifar10,d0.5,0.1,5,183|198|220|185|214,0,,,0.0,0,,,0.0,0
cifar10_proser_fedavg__split03__seed1__d0.5,cifar10,d0.5,0.15,5,183|198|220|185|214,0,,,0.0,0,,,0.0,0
cifar10_proser_fedavg__split03__seed1__d0.5,cifar10,d0.5,0.2,5,183|198|220|185|214,1,1,0.18267355582910227,0.27689440563375817,1,9,0.19912197022681166,0.3174574729549538,0
cifar10_proser_fedavg__split03__seed1__d0.5,cifar10,d0.5,0.25,5,183|198|220|185|214,1,9,0.21958747468992906,0.35528303295757424,1,9,0.21427719790805164,0.39241165259060473,0
cifar10_proser_fedavg__split03__seed1__d0.5,cifar10,d0.5,0.3,5,183|198|220|185|214,1,10,0.29301904732229306,0.5424411567320381,1,10,0.2896983585765527,0.5753981468251129,0
cifar10_proser_fedavg__split03__seed1__d5.0,cifar10,d5,0.05,5,220|220|182|208|170,0,,,0.0,0,,,0.0,0
cifar10_proser_fedavg__split03__seed1__d5.0,cifar10,d5,0.1,5,220|220|182|208|170,0,,,0.0,0,,,0.0,0
cifar10_proser_fedavg__split03__seed1__d5.0,cifar10,d5,0.15,5,220|220|182|208|170,0,,,0.0,0,,,0.0,0
cifar10_proser_fedavg__split03__seed1__d5.0,cifar10,d5,0.2,5,220|220|182|208|170,1,9,0.18732568515518766,0.31587445222940064,1,9,0.18483339517149627,0.3287415068427906,0
cifar10_proser_fedavg__split03__seed1__d5.0,cifar10,d5,0.25,5,220|220|182|208|170,1,9,0.21164803311212577,0.3628358945728068,1,9,0.20973504109519014,0.39155707171247867,0
cifar10_proser_fedavg__split03__seed1__d5.0,cifar10,d5,0.3,5,220|220|182|208|170,1,10,0.2999331561345326,0.5523165310760505,1,10,0.29830511998926346,0.611813391359424,0
cifar10_proser_fedavg__split03__seed2__d0.1,cifar10,d0.1,0.05,5,202|181|191|203|223,0,,,0.0,0,,,0.0,0
cifar10_proser_fedavg__split03__seed2__d0.1,cifar10,d0.1,0.1,5,202|181|191|203|223,0,,,0.0,0,,,0.0,0
cifar10_proser_fedavg__split03__seed2__d0.1,cifar10,d0.1,0.15,5,202|181|191|203|223,0,,,0.0,0,,,0.0,0
cifar10_proser_fedavg__split03__seed2__d0.1,cifar10,d0.1,0.2,5,202|181|191|203|223,0,,,0.0,0,,,0.0,0
cifar10_proser_fedavg__split03__seed2__d0.1,cifar10,d0.1,0.25,5,202|181|191|203|223,0,,,0.0,0,,,0.0,0
cifar10_proser_fedavg__split03__seed2__d0.1,cifar10,d0.1,0.3,5,202|181|191|203|223,0,,,0.0,0,,,0.0,0
cifar10_proser_fedavg__split03__seed2__d0.5,cifar10,d0.5,0.05,5,218|194|187|176|225,0,,,0.0,0,,,0.0,0
cifar10_proser_fedavg__split03__seed2__d0.5,cifar10,d0.5,0.1,5,218|194|187|176|225,0,,,0.0,0,,,0.0,0
cifar10_proser_fedavg__split03__seed2__d0.5,cifar10,d0.5,0.15,5,218|194|187|176|225,0,,,0.0,1,4,0.12972486993101157,0.21390507783040993,1
cifar10_proser_fedavg__split03__seed2__d0.5,cifar10,d0.5,0.2,5,218|194|187|176|225,1,5,0.18449214257651927,0.3439812828054374,1,5,0.17827963712166764,0.3573219618150048,0
cifar10_proser_fedavg__split03__seed2__d0.5,cifar10,d0.5,0.25,5,218|194|187|176|225,1,6,0.242811354580405,0.5031695297372709,1,6,0.2371722040141139,0.5183526613804603,0
cifar10_proser_fedavg__split03__seed2__d0.5,cifar10,d0.5,0.3,5,218|194|187|176|225,1,6,0.28290156046715076,0.6100695588493051,1,6,0.2810960156094716,0.6160876578039846,0
cifar10_proser_fedavg__split03__seed2__d5.0,cifar10,d5,0.05,5,193|206|231|175|195,0,,,0.0,0,,,0.0,0
cifar10_proser_fedavg__split03__seed2__d5.0,cifar10,d5,0.1,5,193|206|231|175|195,0,,,0.0,0,,,0.0,0
cifar10_proser_fedavg__split03__seed2__d5.0,cifar10,d5,0.15,5,193|206|231|175|195,1,4,0.1479503875393267,0.1700584629511604,1,4,0.13833660781807922,0.1714411811586548,0
cifar10_proser_fedavg__split03__seed2__d5.0,cifar10,d5,0.2,5,193|206|231|175|195,1,4,0.16584176299255893,0.23291775310082755,1,5,0.19584805227115626,0.37074523748700927,0
cifar10_proser_fedavg__split03__seed2__d5.0,cifar10,d5,0.25,5,193|206|231|175|195,1,10,0.24320756268029528,0.5365271038837238,1,6,0.2389440817076387,0.5546612321859837,0
cifar10_proser_fedavg__split03__seed2__d5.0,cifar10,d5,0.3,5,193|206|231|175|195,1,10,0.27752677008709964,0.6060595715446996,1,6,0.27279471126040045,0.6231075488285925,0
cifar10_proser_fedavg__split03__seed3__d0.1,cifar10,d0.1,0.05,5,193|220|210|194|183,0,,,0.0,0,,,0.0,0
cifar10_proser_fedavg__split03__seed3__d0.1,cifar10,d0.1,0.1,5,193|220|210|194|183,0,,,0.0,0,,,0.0,0
cifar10_proser_fedavg__split03__seed3__d0.1,cifar10,d0.1,0.15,5,193|220|210|194|183,0,,,0.0,0,,,0.0,0
cifar10_proser_fedavg__split03__seed3__d0.1,cifar10,d0.1,0.2,5,193|220|210|194|183,0,,,0.0,0,,,0.0,0
cifar10_proser_fedavg__split03__seed3__d0.1,cifar10,d0.1,0.25,5,193|220|210|194|183,0,,,0.0,1,4,0.2450247820991847,0.12251894953460159,1
cifar10_proser_fedavg__split03__seed3__d0.1,cifar10,d0.1,0.3,5,193|220|210|194|183,1,0,0.2806189151062664,0.1454246367511659,1,0,0.25735863184312685,0.14572732573776787,0
cifar10_proser_fedavg__split03__seed3__d0.5,cifar10,d0.5,0.05,5,202|198|205|178|217,0,,,0.0,0,,,0.0,0
cifar10_proser_fedavg__split03__seed3__d0.5,cifar10,d0.5,0.1,5,202|198|205|178|217,0,,,0.0,0,,,0.0,0
cifar10_proser_fedavg__split03__seed3__d0.5,cifar10,d0.5,0.15,5,202|198|205|178|217,0,,,0.0,0,,,0.0,0
cifar10_proser_fedavg__split03__seed3__d0.5,cifar10,d0.5,0.2,5,202|198|205|178|217,1,0,0.19049819011993485,0.17183034880148162,1,9,0.19611899670134006,0.2809344788519906,0
cifar10_proser_fedavg__split03__seed3__d0.5,cifar10,d0.5,0.25,5,202|198|205|178|217,1,1,0.24663018313101814,0.3685100947764081,1,1,0.22631390658033468,0.36191951804221134,0
cifar10_proser_fedavg__split03__seed3__d0.5,cifar10,d0.5,0.3,5,202|198|205|178|217,1,5,0.2628625280287142,0.42377510340272617,1,10,0.29624649077362597,0.547724373409408,0
cifar10_proser_fedavg__split03__seed3__d5.0,cifar10,d5,0.05,5,213|198|206|206|177,0,,,0.0,0,,,0.0,0
cifar10_proser_fedavg__split03__seed3__d5.0,cifar10,d5,0.1,5,213|198|206|206|177,0,,,0.0,0,,,0.0,0
cifar10_proser_fedavg__split03__seed3__d5.0,cifar10,d5,0.15,5,213|198|206|206|177,1,4,0.1435697535059925,0.16651941981501167,1,9,0.14516424239045495,0.23369789882444209,0
cifar10_proser_fedavg__split03__seed3__d5.0,cifar10,d5,0.2,5,213|198|206|206|177,1,4,0.1326539020656014,0.19500134841768255,1,1,0.19535792398677743,0.26598617925177753,0
cifar10_proser_fedavg__split03__seed3__d5.0,cifar10,d5,0.25,5,213|198|206|206|177,1,1,0.24119076092556205,0.3458625973795435,1,5,0.22084862719626258,0.37036262538301273,0
cifar10_proser_fedavg__split03__seed3__d5.0,cifar10,d5,0.3,5,213|198|206|206|177,1,5,0.2835672442410752,0.435301765637897,1,10,0.29899211903368567,0.569122526380571,0
cifar10_proser_fedavg__split03__seed4__d0.1,cifar10,d0.1,0.05,5,191|183|198|230|198,0,,,0.0,0,,,0.0,0
cifar10_proser_fedavg__split03__seed4__d0.1,cifar10,d0.1,0.1,5,191|183|198|230|198,0,,,0.0,0,,,0.0,0
cifar10_proser_fedavg__split03__seed4__d0.1,cifar10,d0.1,0.15,5,191|183|198|230|198,0,,,0.0,0,,,0.0,0
cifar10_proser_fedavg__split03__seed4__d0.1,cifar10,d0.1,0.2,5,191|183|198|230|198,0,,,0.0,0,,,0.0,0
cifar10_proser_fedavg__split03__seed4__d0.1,cifar10,d0.1,0.25,5,191|183|198|230|198,0,,,0.0,0,,,0.0,0
cifar10_proser_fedavg__split03__seed4__d0.1,cifar10,d0.1,0.3,5,191|183|198|230|198,0,,,0.0,0,,,0.0,0
cifar10_proser_fedavg__split03__seed4__d0.5,cifar10,d0.5,0.05,5,218|204|185|193|200,0,,,0.0,0,,,0.0,0
cifar10_proser_fedavg__split03__seed4__d0.5,cifar10,d0.5,0.1,5,218|204|185|193|200,0,,,0.0,0,,,0.0,0
cifar10_proser_fedavg__split03__seed4__d0.5,cifar10,d0.5,0.15,5,218|204|185|193|200,1,8,0.1456705710332214,0.150675020319364,1,9,0.14081187906064646,0.19892640179640275,0
cifar10_proser_fedavg__split03__seed4__d0.5,cifar10,d0.5,0.2,5,218|204|185|193|200,1,9,0.19481714750259152,0.23291775310082755,1,5,0.18257706948834668,0.24264329818059893,0
cifar10_proser_fedavg__split03__seed4__d0.5,cifar10,d0.5,0.25,5,218|204|185|193|200,1,2,0.24799551529177608,0.31214314143182365,1,6,0.24832262727273913,0.3507735767572127,0
cifar10_proser_fedavg__split03__seed4__d0.5,cifar10,d0.5,0.3,5,218|204|185|193|200,1,5,0.26047483817328815,0.31400831056191886,1,6,0.29027486548305964,0.40296220513477476,0
cifar10_proser_fedavg__split03__seed4__d5.0,cifar10,d5,0.05,5,204|202|199|203|192,0,,,0.0,0,,,0.0,0
cifar10_proser_fedavg__split03__seed4__d5.0,cifar10,d5,0.1,5,204|202|199|203|192,1,4,0.0973964213932258,0.1245939277297803,0,,,0.0,-1
cifar10_proser_fedavg__split03__seed4__d5.0,cifar10,d5,0.15,5,204|202|199|203|192,1,5,0.13985594635597168,0.2475047498890996,1,5,0.14489891702188118,0.24340586829463354,0
cifar10_proser_fedavg__split03__seed4__d5.0,cifar10,d5,0.2,5,204|202|199|203|192,1,5,0.18176179932794573,0.3177415632790531,1,5,0.17915442583404323,0.316348714055605,0
cifar10_proser_fedavg__split03__seed4__d5.0,cifar10,d5,0.25,5,204|202|199|203|192,1,5,0.2381151753352021,0.37419243334226243,1,10,0.2414270408012804,0.4939869613496217,0
cifar10_proser_fedavg__split03__seed4__d5.0,cifar10,d5,0.3,5,204|202|199|203|192,1,10,0.27054351538332433,0.5542944201712491,1,6,0.2842648137209808,0.5722616474949198,0
cifar10_proser_fedavg__split04__seed0__d0.1,cifar10,d0.1,0.05,5,202|190|215|197|196,0,,,0.0,0,,,0.0,0
cifar10_proser_fedavg__split04__seed0__d0.1,cifar10,d0.1,0.1,5,202|190|215|197|196,0,,,0.0,0,,,0.0,0
cifar10_proser_fedavg__split04__seed0__d0.1,cifar10,d0.1,0.15,5,202|190|215|197|196,0,,,0.0,0,,,0.0,0
cifar10_proser_fedavg__split04__seed0__d0.1,cifar10,d0.1,0.2,5,202|190|215|197|196,0,,,0.0,0,,,0.0,0
cifar10_proser_fedavg__split04__seed0__d0.1,cifar10,d0.1,0.25,5,202|190|215|197|196,0,,,0.0,0,,,0.0,0
cifar10_proser_fedavg__split04__seed0__d0.1,cifar10,d0.1,0.3,5,202|190|215|197|196,0,,,0.0,1,0,0.2734776651623312,0.05766508486675642,1
cifar10_proser_fedavg__split04__seed0__d0.5,cifar10,d0.5,0.05,5,211|190|194|185|220,0,,,0.0,0,,,0.0,0
cifar10_proser_fedavg__split04__seed0__d0.5,cifar10,d0.5,0.1,5,211|190|194|185|220,0,,,0.0,0,,,0.0,0
cifar10_proser_fedavg__split04__seed0__d0.5,cifar10,d0.5,0.15,5,211|190|194|185|220,0,,,0.0,0,,,0.0,0
cifar10_proser_fedavg__split04__seed0__d0.5,cifar10,d0.5,0.2,5,211|190|194|185|220,0,,,0.0,1,8,0.19018025443484002,0.19508357272606808,1
cifar10_proser_fedavg__split04__seed0__d0.5,cifar10,d0.5,0.25,5,211|190|194|185|220,1,8,0.2325795093654171,0.19321030734982822,1,5,0.24399240369752917,0.30695002875064825,0
cifar10_proser_fedavg__split04__seed0__d0.5,cifar10,d0.5,0.3,5,211|190|194|185|220,1,5,0.29956122410052965,0.3666177882839961,1,5,0.2754238288080153,0.369261559215593,0
cifar10_proser_fedavg__split04__seed0__d5.0,cifar10,d5,0.05,5,181|195|213|208|203,0,,,0.0,0,,,0.0,0
cifar10_proser_fedavg__split04__seed0__d5.0,cifar10,d5,0.1,5,181|195|213|208|203,0,,,0.0,0,,,0.0,0
cifar10_proser_fedavg__split04__seed0__d5.0,cifar10,d5,0.15,5,181|195|213|208|203,1,8,0.13035099196845593,0.24020193200305123,1,8,0.12636084500213435,0.23908435876158768,0
cifar10_proser_fedavg__split04__seed0__d5.0,cifar10,d5,0.2,5,181|195|213|208|203,1,8,0.17997399375064793,0.2805874503612453,1,9,0.19772947272706004,0.37287671834055813,0
cifar10_proser_fedavg__split04__seed0__d5.0,cifar10,d5,0.25,5,181|195|213|208|203,1,5,0.24368658568798593,0.404634132176857,1,5,0.2168713276237863,0.4055891635502189,0
cifar10_proser_fedavg__split04__seed0__d5.0,cifar10,d5,0.3,5,181|195|213|208|203,1,5,0.27163664628263606,0.44107690371230257,1,5,0.23773379075321677,0.446319452792604,0
cifar10_proser_fedavg__split04__seed1__d0.1,cifar10,d0.1,0.05,5,181|213|197|215|194,0,,,0.0,0,,,0.0,0
cifar10_proser_fedavg__split04__seed1__d0.1,cifar10,d0.1,0.1,5,181|213|197|215|194,0,,,0.0,0,,,0.0,0
cifar10_proser_fedavg__split04__seed1__d0.1,cifar10,d0.1,0.15,5,181|213|197|215|194,0,,,0.0,0,,,0.0,0
cifar10_proser_fedavg__split04__seed1__d0.1,cifar10,d0.1,0.2,5,181|213|197|215|194,0,,,0.0,0,,,0.0,0
cifar10_proser_fedavg__split04__seed1__d0.1,cifar10,d0.1,0.25,5,181|213|197|215|194,0,,,0.0,1,0,0.2438574846583433,0.056034718204367596,1
cifar10_proser_fedavg__split04__seed1__d0.1,cifar10,d0.1,0.3,5,181|213|197|215|194,1,0,0.2882939297288263,0.053043625630647316,1,0,0.2637512844307309,0.07207958499762067,0
cifar10_proser_fedavg__split04__seed1__d0.5,cifar10,d0.5,0.05,5,198|211|193|200|198,0,,,0.0,0,,,0.0,0
cifar10_proser_fedavg__split04__seed1__d0.5,cifar10,d0.5,0.1,5,198|211|193|200|198,0,,,0.0,0,,,0.0,0
cifar10_proser_fedavg__split04__seed1__d0.5,cifar10,d0.5,0.15,5,198|211|193|200|198,0,,,0.0,0,,,0.0,0
cifar10_proser_fedavg__split04__seed1__d0.5,cifar10,d0.5,0.2,5,198|211|193|200|198,1,0,0.1993493707898387,0.06586382397031201,1,9,0.19798795264420874,0.2067207912877414,0
cifar10_proser_fedavg__split04__seed1__d0.5,cifar10,d0.5,0.25,5,198|211|193|200|198,1,8,0.21934984571673977,0.1489231006880117,1,9,0.22551374186866383,0.2692575241911229,0
cifar10_proser_fedavg__split04__seed1__d0.5,cifar10,d0.5,0.3,5,198|211|193|200|198,1,5,0.29833072440923514,0.3065535017932921,1,9,0.24377404589945248,0.3222634746344094,0
cifar10_proser_fedavg__split04__seed1__d5.0,cifar10,d5,0.05,5,201|195|190|214|200,0,,,0.0,0,,,0.0,0
cifar10_proser_fedavg__split04__seed1__d5.0,cifar10,d5,0.1,5,201|195|190|214|200,0,,,0.0,0,,,0.0,0
cifar10_proser_fedavg__split04__seed1__d5.0,cifar10,d5,0.15,5,201|195|190|214|200,0,,,0.0,0,,,0.0,0
cifar10_proser_fedavg__split04__seed1__d5.0,cifar10,d5,0.2,5,201|195|190|214|200,1,1,0.19715835688718134,0.2972572001337767,1,1,0.18809852172433794,0.3023329324974517,0
cifar10_proser_fedavg__split04__seed1__d5.0,cifar10,d5,0.25,5,201|195|190|214|200,1,1,0.21253866913814362,0.34774483898291636,1,6,0.24593842898537205,0.47619990950995017,0
cifar10_proser_fedavg__split04__seed1__d5.0,cifar10,d5,0.3,5,201|195|190|214|200,1,2,0.29963254190813254,0.5365271038837238,1,10,0.29012998207846913,0.5675335060670226,0
cifar10_proser_fedavg__split04__seed2__d0.1,cifar10,d0.1,0.05,5,201|168|209|215|207,0,,,0.0,0,,,0.0,0
cifar10_proser_fedavg__split04__seed2__d0.1,cifar10,d0.1,0.1,5,201|168|209|215|207,0,,,0.0,0,,,0.0,0
cifar10_proser_fedavg__split04__seed2__d0.1,cifar10,d0.1,0.15,5,201|168|209|215|207,0,,,0.0,0,,,0.0,0
cifar10_proser_fedavg__split04__seed2__d0.1,cifar10,d0.1,0.2,5,201|168|209|215|207,0,,,0.0,0,,,0.0,0
cifar10_proser_fedavg__split04__seed2__d0.1,cifar10,d0.1,0.25,5,201|168|209|215|207,0,,,0.0,0,,,0.0,0
cifar10_proser_fedavg__split04__seed2__d0.1,cifar10,d0.1,0.3,5,201|168|209|215|207,1,0,0.2850158707206777,0.042104547967658244,1,9,0.2886939737623024,0.08380088899802851,0
cifar10_proser_fedavg__split04__seed2__d0.5,cifar10,d0.5,0.05,5,198|206|204|205|187,0,,,0.0,0,,,0.0,0
cifar10_proser_fedavg__split04__seed2__d0.5,cifar10,d0.5,0.1,5,198|206|204|205|187,0,,,0.0,0,,,0.0,0
cifar10_proser_fedavg__split04__seed2__d0.5,cifar10,d0.5,0.15,5,198|206|204|205|187,0,,,0.0,0,,,0.0,0
cifar10_proser_fedavg__split04__seed2__d0.5,cifar10,d0.5,0.2,5,198|206|204|205|187,0,,,0.0,1,8,0.18427839116561645,0.2618300259540598,1
cifar10_proser_fedavg__split04__seed2__d0.5,cifar10,d0.5,0.25,5,198|206|204|205|187,1,8,0.2379340854376097,0.3028319988523353,1,1,0.24946173731709748,0.38146136639008904,0
cifar10_proser_fedavg__split04__seed2__d0.5,cifar10,d0.5,0.3,5,198|206|204|205|187,1,8,0.25345732753205885,0.3327129914556907,1,9,0.2753696319705261,0.44625363932654444,0
cifar10_proser_fedavg__split04__seed2__d5.0,cifar10,d5,0.05,5,179|208|195|218|200,0,,,0.0,0,,,0.0,0
cifar10_proser_fedavg__split04__seed2__d5.0,cifar10,d5,0.1,5,179|208|195|218|200,1,8,0.0982487666870256,0.1629867870468295,0,,,0.0,-1
cifar10_proser_fedavg__split04__seed2__d5.0,cifar10,d5,0.15,5,179|208|195|218|200,1,4,0.13655411355158298,0.22565266954182683,1,4,0.11901691883763751,0.2323225121911348,0
cifar10_proser_fedavg__split04__seed2__d5.0,cifar10,d5,0.2,5,179|208|195|218|200,1,4,0.1476729186540651,0.2824355370849913,1,5,0.18928408928863388,0.36624293005385455,0
cifar10_proser_fedavg__split04__seed2__d5.0,cifar10,d5,0.25,5,179|208|195|218|200,1,5,0.23899648750452795,0.4084552946345665,1,5,0.23388684641041502,0.413033604306433,0
cifar10_proser_fedavg__split04__seed2__d5.0,cifar10,d5,0.3,5,179|208|195|218|200,1,5,0.2737183569893655,0.45458282380340065,1,5,0.25431571419636917,0.4703021785462794,0
cifar10_proser_fedavg__split04__seed3__d0.1,cifar10,d0.1,0.05,5,204|200|216|184|196,0,,,0.0,0,,,0.0,0
cifar10_proser_fedavg__split04__seed3__d0.1,cifar10,d0.1,0.1,5,204|200|216|184|196,0,,,0.0,0,,,0.0,0
cifar10_proser_fedavg__split04__seed3__d0.1,cifar10,d0.1,0.15,5,204|200|216|184|196,0,,,0.0,0,,,0.0,0
cifar10_proser_fedavg__split04__seed3__d0.1,cifar10,d0.1,0.2,5,204|200|216|184|196,0,,,0.0,0,,,0.0,0
cifar10_proser_fedavg__split04__seed3__d0.1,cifar10,d0.1,0.25,5,204|200|216|184|196,0,,,0.0,0,,,0.0,0
cifar10_proser_fedavg__split04__seed3__d0.1,cifar10,d0.1,0.3,5,204|200|216|184|196,1,8,0.29133336922605113,0.04831964412734805,0,,,0.0,-1
cifar10_proser_fedavg__split04__seed3__d0.5,cifar10,d0.5,0.05,5,182|190|218|184|226,0,,,0.0,0,,,0.0,0
cifar10_proser_fedavg__split04__seed3__d0.5,cifar10,d0.5,0.1,5,182|190|218|184|226,0,,,0.0,0,,,0.0,0
cifar10_proser_fedavg__split04__seed3__d0.5,cifar10,d0.5,0.15,5,182|190|218|184|226,0,,,0.0,0,,,0.0,0
cifar10_proser_fedavg__split04__seed3__d0.5,cifar10,d0.5,0.2,5,182|190|218|184|226,0,,,0.0,1,4,0.1921668506671838,0.22697830991398119,1
cifar10_proser_fedavg__split04__seed3__d0.5,cifar10,d0.5,0.25,5,182|190|218|184|226,1,5,0.23076428662551324,0.3177415632790531,1,5,0.2145004571712969,0.33778611390828295,0
cifar10_proser_fedavg__split04__seed3__d0.5,cifar10,d0.5,0.3,5,182|190|218|184|226,1,5,0.2672289272264224,0.3912878815946737,1,6,0.2983963076301593,0.5119526431685689,0
cifar10_proser_fedavg__split04__seed3__d5.0,cifar10,d5,0.05,5,193|203|194|207|203,0,,,0.0,0,,,0.0,0
cifar10_proser_fedavg__split04__seed3__d5.0,cifar10,d5,0.1,5,193|203|194|207|203,1,4,0.0973964213932258,0.1700584629511604,0,,,0.0,-1
cifar10_proser_fedavg__split04__seed3__d5.0,cifar10,d5,0.15,5,193|203|194|207|203,1,0,0.13496024364936823,0.17360379044258428,1,4,0.13589958928076207,0.24273914485031645,0
cifar10_proser_fedavg__split04__seed3__d5.0,cifar10,d5,0.2,5,193|203|194|207|203,1,1,0.18996358568677815,0.28983820942369654,1,9,0.18793847021936888,0.32271065513289804,0
cifar10_proser_fedavg__split04__seed3__d5.0,cifar10,d5,0.25,5,193|203|194|207|203,1,5,0.22055396715639963,0.3989090031855907,1,5,0.2216741951688142,0.40030845395407577,0
cifar10_proser_fedavg__split04__seed3__d5.0,cifar10,d5,0.3,5,193|203|194|207|203,1,5,0.25048672482509665,0.44107690371230257,1,5,0.24831457666929782,0.447809802340894,0
cifar10_proser_fedavg__split04__seed4__d0.1,cifar10,d0.1,0.05,5,189|195|204|180|232,0,,,0.0,0,,,0.0,0
cifar10_proser_fedavg__split04__seed4__d0.1,cifar10,d0.1,0.1,5,189|195|204|180|232,0,,,0.0,0,,,0.0,0
cifar10_proser_fedavg__split04__seed4__d0.1,cifar10,d0.1,0.15,5,189|195|204|180|232,0,,,0.0,0,,,0.0,0
cifar10_proser_fedavg__split04__seed4__d0.1,cifar10,d0.1,0.2,5,189|195|204|180|232,0,,,0.0,0,,,0.0,0
cifar10_proser_fedavg__split04__seed4__d0.1,cifar10,d0.1,0.25,5,189|195|204|180|232,0,,,0.0,0,,,0.0,0
cifar10_proser_fedavg__split04__seed4__d0.1,cifar10,d0.1,0.3,5,189|195|204|180|232,0,,,0.0,0,,,0.0,0
cifar10_proser_fedavg__split04__seed4__d0.5,cifar10,d0.5,0.05,5,201|236|199|191|173,0,,,0.0,0,,,0.0,0
cifar10_proser_fedavg__split04__seed4__d0.5,cifar10,d0.5,0.1,5,201|236|199|191|173,0,,,0.0,0,,,0.0,0
cifar10_proser_fedavg__split04__seed4__d0.5,cifar10,d0.5,0.15,5,201|236|199|191|173,1,4,0.1434146674669907,0.07237895294510197,1,4,0.1432215598286498,0.08940222213840157,0
cifar10_proser_fedavg__split04__seed4__d0.5,cifar10,d0.5,0.2,5,201|236|199|191|173,1,4,0.17702602796764116,0.09562685087665634,1,5,0.19599970164569686,0.15131914560240922,0
cifar10_proser_fedavg__split04__seed4__d0.5,cifar10,d0.5,0.25,5,201|236|199|191|173,1,4,0.23358035491927495,0.11771632434823753,1,5,0.23719256185217397,0.19561390694564126,0
cifar10_proser_fedavg__split04__seed4__d0.5,cifar10,d0.5,0.3,5,201|236|199|191|173,1,9,0.29631171812324336,0.20577632071592863,1,5,0.24212969931845593,0.22248939518564376,0
cifar10_proser_fedavg__split04__seed4__d5.0,cifar10,d5,0.05,5,206|210|189|203|192,0,,,0.0,0,,,0.0,0
cifar10_proser_fedavg__split04__seed4__d5.0,cifar10,d5,0.1,5,206|210|189|203|192,1,4,0.0915010448643915,0.150675020319364,0,,,0.0,-1
cifar10_proser_fedavg__split04__seed4__d5.0,cifar10,d5,0.15,5,206|210|189|203|192,1,0,0.11746706818137857,0.18427630246247986,1,4,0.11174871599779512,0.19809654936159962,0
cifar10_proser_fedavg__split04__seed4__d5.0,cifar10,d5,0.2,5,206|210|189|203|192,1,4,0.11899287613502123,0.22746712393830126,1,1,0.19775628421468697,0.3177937877175923,0
cifar10_proser_fedavg__split04__seed4__d5.0,cifar10,d5,0.25,5,206|210|189|203|192,1,4,0.16296945187465062,0.28798600115420964,1,2,0.24649592906940127,0.42860175760756014,0
cifar10_proser_fedavg__split04__seed4__d5.0,cifar10,d5,0.3,5,206|210|189|203|192,1,6,0.2755736352741724,0.507080396288103,1,6,0.27329947916133834,0.530332057127458,0
cifar10_proser_fedavg__split05__seed0__d0.1,cifar10,d0.1,0.05,5,195|230|177|208|190,0,,,0.0,0,,,0.0,0
cifar10_proser_fedavg__split05__seed0__d0.1,cifar10,d0.1,0.1,5,195|230|177|208|190,0,,,0.0,0,,,0.0,0
cifar10_proser_fedavg__split05__seed0__d0.1,cifar10,d0.1,0.15,5,195|230|177|208|190,0,,,0.0,0,,,0.0,0
cifar10_proser_fedavg__split05__seed0__d0.1,cifar10,d0.1,0.2,5,195|230|177|208|190,0,,,0.0,0,,,0.0,0
cifar10_proser_fedavg__split05__seed0__d0.1,cifar10,d0.1,0.25,5,195|230|177|208|190,0,,,0.0,0,,,0.0,0
cifar10_proser_fedavg__split05__seed0__d0.1,cifar10,d0.1,0.3,5,195|230|177|208|190,0,,,0.0,0,,,0.0,0
cifar10_proser_fedavg__split05__seed0__d0.5,cifar10,d0.5,0.05,5,208|192|181|201|218,0,,,0.0,0,,,0.0,0
cifar10_proser_fedavg__split05__seed0__d0.5,cifar10,d0.5,0.1,5,208|192|181|201|218,0,,,0.0,0,,,0.0,0
cifar10_proser_fedavg__split05__seed0__d0.5,cifar10,d0.5,0.15,5,208|192|181|201|218,0,,,0.0,0,,,0.0,0
cifar10_proser_fedavg__split05__seed0__d0.5,cifar10,d0.5,0.2,5,208|192|181|201|218,0,,,0.0,0,,,0.0,0
cifar10_proser_fedavg__split05__seed0__d0.5,cifar10,d0.5,0.25,5,208|192|181|201|218,0,,,0.0,0,,,0.0,0
cifar10_proser_fedavg__split05__seed0__d0.5,cifar10,d0.5,0.3,5,208|192|181|201|218,0,,,0.0,1,9,0.2981970436974613,0.16327672414530248,1
cifar10_proser_fedavg__split05__seed0__d5.0,cifar10,d5,0.05,5,214|208|194|180|204,0,,,0.0,0,,,0.0,0
cifar10_proser_fedavg__split05__seed0__d5.0,cifar10,d5,0.1,5,214|208|194|180|204,0,,,0.0,1,8,0.09902356204485477,0.2498734767383772,1
cifar10_proser_fedavg__split05__seed0__d5.0,cifar10,d5,0.15,5,214|208|194|180|204,1,4,0.12660189689700452,0.29354568128666375,1,4,0.11925717100997017,0.3077529575585839,0
cifar10_proser_fedavg__split05__seed0__d5.0,cifar10,d5,0.2,5,214|208|194|180|204,1,8,0.18059982690557927,0.3458625973795435,1,5,0.19300116368625114,0.43695243462717714,0
cifar10_proser_fedavg__split05__seed0__d5.0,cifar10,d5,0.25,5,214|208|194|180|204,1,9,0.2430385404992234,0.47201060435186615,1,5,0.22432219167257322,0.4855760105445558,0
cifar10_proser_fedavg__split05__seed0__d5.0,cifar10,d5,0.3,5,214|208|194|180|204,1,9,0.2497159328475361,0.5051245152732453,1,1,0.2519483622400932,0.5171537386341071,0
cifar10_proser_fedavg__split05__seed1__d0.1,cifar10,d0.1,0.05,5,210|195|169|227|199,0,,,0.0,0,,,0.0,0
cifar10_proser_fedavg__split05__seed1__d0.1,cifar10,d0.1,0.1,5,210|195|169|227|199,0,,,0.0,0,,,0.0,0
cifar10_proser_fedavg__split05__seed1__d0.1,cifar10,d0.1,0.15,5,210|195|169|227|199,0,,,0.0,0,,,0.0,0
cifar10_proser_fedavg__split05__seed1__d0.1,cifar10,d0.1,0.2,5,210|195|169|227|199,0,,,0.0,0,,,0.0,0
cifar10_proser_fedavg__split05__seed1__d0.1,cifar10,d0.1,0.25,5,210|195|169|227|199,1,6,0.2498983545346568,0.2972572001337767,1,2,0.24728216741458087,0.2985131745551609,0
cifar10_proser_fedavg__split05__seed1__d0.1,cifar10,d0.1,0.3,5,210|195|169|227|199,1,2,0.27543397421543964,0.37419243334226243,1,2,0.2762477101580272,0.38220441783994474,0
cifar10_proser_fedavg__split05__seed1__d0.5,cifar10,d0.5,0.05,5,198|179|209|213|201,0,,,0.0,0,,,0.0,0
cifar10_proser_fedavg__split05__seed1__d0.5,cifar10,d0.5,0.1,5,198|179|209|213|201,0,,,0.0,0,,,0.0,0
cifar10_proser_fedavg__split05__seed1__d0.5,cifar10,d0.5,0.15,5,198|179|209|213|201,1,8,0.14555810738769276,0.2475047498890996,1,0,0.13203937335533628,0.28524620316143207,0
cifar10_proser_fedavg__split05__seed1__d0.5,cifar10,d0.5,0.2,5,198|179|209|213|201,1,0,0.17349082326585885,0.28983820942369654,1,9,0.18424498894092622,0.4086081286172057,0
cifar10_proser_fedavg__split05__seed1__d0.5,cifar10,d0.5,0.25,5,198|179|209|213|201,1,8,0.1928407441995693,0.34774483898291636,1,9,0.22138925264518403,0.45301594666917055,0
cifar10_proser_fedavg__split05__seed1__d0.5,cifar10,d0.5,0.3,5,198|179|209|213|201,1,9,0.2782278396390053,0.44878932613125017,1,9,0.23619326758358866,0.4827911580883553,0
cifar10_proser_fedavg__split05__seed1__d5.0,cifar10,d5,0.05,5,198|212|181|202|207,0,,,0.0,0,,,0.0,0
cifar10_proser_fedavg__split05__seed1__d5.0,cifar10,d5,0.1,5,198|212|181|202|207,0,,,0.0,0,,,0.0,0
cifar10_proser_fedavg__split05__seed1__d5.0,cifar10,d5,0.15,5,198|212|181|202|207,1,9,0.1427361363281406,0.31214314143182365,1,9,0.14869404305777856,0.3197021017496289,0
cifar10_proser_fedavg__split05__seed1__d5.0,cifar10,d5,0.2,5,198|212|181|202|207,1,9,0.17884069990525442,0.36472638765608667,1,9,0.17419977950816523,0.37140933736936566,0
cifar10_proser_fedavg__split05__seed1__d5.0,cifar10,d5,0.25,5,198|212|181|202|207,1,1,0.2370507801374009,0.4065442729468196,1,9,0.20557651769465474,0.4251847762981828,0
cifar10_proser_fedavg__split05__seed1__d5.0,cifar10,d5,0.3,5,198|212|181|202|207,1,1,0.2748376424985571,0.45458282380340065,1,2,0.29562831401414985,0.5686536463791246,0
cifar10_proser_fedavg__split05__seed2__d0.1,cifar10,d0.1,0.05,5,191|232|183|203|191,0,,,0.0,0,,,0.0,0
cifar10_proser_fedavg__split05__seed2__d0.1,cifar10,d0.1,0.1,5,191|232|183|203|191,0,,,0.0,0,,,0.0,0
cifar10_proser_fedavg__split05__seed2__d0.1,cifar10,d0.1,0.15,5,191|232|183|203|191,0,,,0.0,0,,,0.0,0
cifar10_proser_fedavg__split05__seed2__d0.1,cifar10,d0.1,0.2,5,191|232|183|203|191,0,,,0.0,0,,,0.0,0
cifar10_proser_fedavg__split05__seed2__d0.1,cifar10,d0.1,0.25,5,191|232|183|203|191,0,,,0.0,0,,,0.0,0
cifar10_proser_fedavg__split05__seed2__d0.1,cifar10,d0.1,0.3,5,191|232|183|203|191,0,,,0.0,1,9,0.2804651751182828,0.14289346134864594,1
cifar10_proser_fedavg__split05__seed2__d0.5,cifar10,d0.5,0.05,5,197|193|204|223|183,0,,,0.0,0,,,0.0,0
cifar10_proser_fedavg__split05__seed2__d0.5,cifar10,d0.5,0.1,5,197|193|204|223|183,0,,,0.0,0,,,0.0,0
cifar10_proser_fedavg__split05__seed2__d0.5,cifar10,d0.5,0.15,5,197|193|204|223|183,1,4,0.13421422986478154,0.27320556342554475,1,4,0.13404108963987585,0.2810614347461929,0
cifar10_proser_fedavg__split05__seed2__d0.5,cifar10,d0.5,0.2,5,197|193|204|223|183,1,1,0.1809493275401414,0.3666177882839961,1,5,0.18315789259241183,0.3758438014720805,0
cifar10_proser_fedavg__split05__seed2__d0.5,cifar10,d0.5,0.25,5,197|193|204|223|183,1,5,0.2173583482993243,0.4141936382146332,1,5,0.2074882386529745,0.42049654340103315,0
cifar10_proser_fedavg__split05__seed2__d0.5,cifar10,d0.5,0.3,5,197|193|204|223|183,1,2,0.2990071263313613,0.5840775983898987,1,10,0.29764454693202946,0.5838648771639697,0
cifar10_proser_fedavg__split05__seed2__d5.0,cifar10,d5,0.05,5,227|187|201|184|201,0,,,0.0,0,,,0.0,0
cifar10_proser_fedavg__split05__seed2__d5.0,cifar10,d5,0.1,5,227|187|201|184|201,1,4,0.09372893118509718,0.21118180071386616,1,4,0.09138469951662487,0.2216825004631093,0
cifar10_proser_fedavg__split05__seed2__d5.0,cifar10,d5,0.15,5,227|187|201|184|201,1,1,0.1490286293919256,0.286134816838346,1,9,0.14201768777569954,0.3386875043654549,0
cifar10_proser_fedavg__split05__seed2__d5.0,cifar10,d5,0.2,5,227|187|201|184|201,1,10,0.1994013982669589,0.44493136655352433,1,5,0.17101477211468655,0.39027094306464344,0
cifar10_proser_fedavg__split05__seed2__d5.0,cifar10,d5,0.25,5,227|187|201|184|201,1,6,0.24425198811779872,0.5444143635140712,1,10,0.24792858567569878,0.5453569512127263,0
cifar10_proser_fedavg__split05__seed2__d5.0,cifar10,d5,0.3,5,227|187|201|184|201,1,2,0.28962157078133044,0.6120761127751615,1,10,0.2785478218311689,0.6145083338976798,0
cifar10_proser_fedavg__split05__seed3__d0.1,cifar10,d0.1,0.05,5,185|216|210|205|184,0,,,0.0,0,,,0.0,0
cifar10_proser_fedavg__split05__seed3__d0.1,cifar10,d0.1,0.1,5,185|216|210|205|184,0,,,0.0,0,,,0.0,0
cifar10_proser_fedavg__split05__seed3__d0.1,cifar10,d0.1,0.15,5,185|216|210|205|184,1,4,0.13382855076220448,0.1700584629511604,1,4,0.13526007139399515,0.17359838104153605,0
cifar10_proser_fedavg__split05__seed3__d0.1,cifar10,d0.1,0.2,5,185|216|210|205|184,1,4,0.16474638317035306,0.175378773010934,1,8,0.16706586561888231,0.18541888906564621,0
cifar10_proser_fedavg__split05__seed3__d0.1,cifar10,d0.1,0.25,5,185|216|210|205|184,1,1,0.22633289987425262,0.2075768380211675,1,1,0.24039518742048943,0.2161681531708919,0
cifar10_proser_fedavg__split05__seed3__d0.1,cifar10,d0.1,0.3,5,185|216|210|205|184,1,9,0.2969260789734199,0.23655748497826082,1,9,0.278058820711306,0.2516292246302556,0
cifar10_proser_fedavg__split05__seed3__d0.5,cifar10,d0.5,0.05,5,185|201|206|168|240,0,,,0.0,0,,,0.0,0
cifar10_proser_fedavg__split05__seed3__d0.5,cifar10,d0.5,0.1,5,185|201|206|168|240,1,2,0.09352558356905562,0.2566588422630138,1,2,0.09824647781175866,0.28994990833271844,0
cifar10_proser_fedavg__split05__seed3__d0.5,cifar10,d0.5,0.15,5,185|201|206|168|240,1,9,0.11805099528314404,0.2805874503612453,1,2,0.14353557140556245,0.3501515647810273,0
cifar10_proser_fedavg__split05__seed3__d0.5,cifar10,d0.5,0.2,5,185|201|206|168|240,1,9,0.17874457946379424,0.32147868122190865,1,6,0.19294132250212148,0.4200139657456464,0
cifar10_proser_fedavg__split05__seed3__d0.5,cifar10,d0.5,0.25,5,185|201|206|168|240,1,2,0.23817111651733522,0.46231973873462284,1,2,0.23175438147145905,0.47438833745246667,0
cifar10_proser_fedavg__split05__seed3__d0.5,cifar10,d0.5,0.3,5,185|201|206|168|240,1,10,0.29301904732229306,0.5345576015043492,1,10,0.281646307132259,0.5570024949878966,0
cifar10_proser_fedavg__split05__seed3__d5.0,cifar10,d5,0.05,5,203|193|195|215|194,0,,,0.0,0,,,0.0,0
cifar10_proser_fedavg__split05__seed3__d5.0,cifar10,d5,0.1,5,203|193|195|215|194,0,,,0.0,0,,,0.0,0
cifar10_proser_fedavg__split05__seed3__d5.0,cifar10,d5,0.15,5,203|193|195|215|194,1,4,0.133096995529086,0.0973104776589769,1,8,0.12963526388429325,0.1844856181133121,0
cifar10_proser_fedavg__split05__seed3__d5.0,cifar10,d5,0.2,5,203|193|195|215|194,1,9,0.17820027084178025,0.3364653401500663,1,10,0.19067202490047314,0.43263239333338843,0
cifar10_proser_fedavg__split05__seed3__d5.0,cifar10,d5,0.25,5,203|193|195|215|194,1,10,0.23200752589640034,0.4895095992843381,1,10,0.22386310812280003,0.49400387265033074,0
cifar10_proser_fedavg__split05__seed3__d5.0,cifar10,d5,0.3,5,203|193|195|215|194,1,10,0.2660843275850297,0.5562732531803791,1,10,0.25841747676562205,0.5585510373984384,0
cifar10_proser_fedavg__split05__seed4__d0.1,cifar10,d0.1,0.05,5,199|215|185|204|197,0,,,0.0,0,,,0.0,0
cifar10_proser_fedavg__split05__seed4__d0.1,cifar10,d0.1,0.1,5,199|215|185|204|197,0,,,0.0,0,,,0.0,0
cifar10_proser_fedavg__split05__seed4__d0.1,cifar10,d0.1,0.15,5,199|215|185|204|197,0,,,0.0,0,,,0.0,0
cifar10_proser_fedavg__split05__seed4__d0.1,cifar10,d0.1,0.2,5,199|215|185|204|197,0,,,0.0,0,,,0.0,0
cifar10_proser_fedavg__split05__seed4__d0.1,cifar10,d0.1,0.25,5,199|215|185|204|197,0,,,0.0,0,,,0.0,0
cifar10_proser_fedavg__split05__seed4__d0.1,cifar10,d0.1,0.3,5,199|215|185|204|197,0,,,0.0,0,,,0.0,0
cifar10_proser_fedavg__split05__seed4__d0.5,cifar10,d0.5,0.05,5,208|216|207|184|185,0,,,0.0,0,,,0.0,0
cifar10_proser_fedavg__split05__seed4__d0.5,cifar10,d0.5,0.1,5,208|216|207|184|185,0,,,0.0,0,,,0.0,0
cifar10_proser_fedavg__split05__seed4__d0.5,cifar10,d0.5,0.15,5,208|216|207|184|185,1,8,0.136475442693587,0.22746712393830126,1,8,0.1323202206533186,0.23299687238203232,0
cifar10_proser_fedavg__split05__seed4__d0.5,cifar10,d0.5,0.2,5,208|216|207|184|185,1,8,0.16905352591345132,0.2475047498890996,1,4,0.1742779373422886,0.2780598181924834,0
cifar10_proser_fedavg__split05__seed4__d0.5,cifar10,d0.5,0.25,5,208|216|207|184|185,1,4,0.2273830489308732,0.29911446741951175,1,5,0.24022609166301134,0.36946320182723574,0
cifar10_proser_fedavg__split05__seed4__d0.5,cifar10,d0.5,0.3,5,208|216|207|184|185,1,4,0.25345732753205885,0.3177415632790531,1,9,0.2777813035956666,0.4018522442542372,0
cifar10_proser_fedavg__split05__seed4__d5.0,cifar10,d5,0.05,5,216|196|193|199|196,0,,,0.0,0,,,0.0,0
cifar10_proser_fedavg__split05__seed4__d5.0,cifar10,d5,0.1,5,216|196|193|199|196,0,,,0.0,0,,,0.0,0
cifar10_proser_fedavg__split05__seed4__d5.0,cifar10,d5,0.15,5,216|196|193|199|196,1,8,0.13481089338663332,0.11429096820363392,1,5,0.14750854774806166,0.21186292921580918,0
cifar10_proser_fedavg__split05__seed4__d5.0,cifar10,d5,0.2,5,216|196|193|199|196,1,8,0.15289139038528984,0.19858757781503508,1,9,0.19392366820057083,0.3292749140492039,0
cifar10_proser_fedavg__split05__seed4__d5.0,cifar10,d5,0.25,5,216|196|193|199|196,1,9,0.23438138212515883,0.3989090031855907,1,10,0.24726787278699625,0.47705346314249475,0
cifar10_proser_fedavg__split05__seed4__d5.0,cifar10,d5,0.3,5,216|196|193|199|196,1,9,0.25235997189154924,0.4333784682019668,1,6,0.28133777960301115,0.5484200192578379,0
cifar10_proser_fedavg__split06__seed0__d0.1,cifar10,d0.1,0.05,5,196|194|181|208|221,0,,,0.0,0,,,0.0,0
cifar10_proser_fedavg__split06__seed0__d0.1,cifar10,d0.1,0.1,5,196|194|181|208|221,0,,,0.0,0,,,0.0,0
cifar10_proser_fedavg__split06__seed0__d0.1,cifar10,d0.1,0.15,5,196|194|181|208|221,0,,,0.0,0,,,0.0,0
cifar10_proser_fedavg__split06__seed0__d0.1,cifar10,d0.1,0.2,5,196|194|181|208|221,0,,,0.0,0,,,0.0,0
cifar10_proser_fedavg__split06__seed0__d0.1,cifar10,d0.1,0.25,5,196|194|181|208|221,0,,,0.0,0,,,0.0,0
cifar10_proser_fedavg__split06__seed0__d0.1,cifar10,d0.1,0.3,5,196|194|181|208|221,0,,,0.0,0,,,0.0,0
cifar10_proser_fedavg__split06__seed0__d0.5,cifar10,d0.5,0.05,5,209|212|207|180|192,0,,,0.0,0,,,0.0,0
cifar10_proser_fedavg__split06__seed0__d0.5,cifar10,d0.5,0.1,5,209|212|207|180|192,0,,,0.0,0,,,0.0,0
cifar10_proser_fedavg__split06__seed0__d0.5,cifar10,d0.5,0.15,5,209|212|207|180|192,0,,,0.0,0,,,0.0,0
cifar10_proser_fedavg__split06__seed0__d0.5,cifar10,d0.5,0.2,5,209|212|207|180|192,1,0,0.19530161721324155,0.08892102375525943,1,9,0.19919315075469712,0.24631787703817307,0
cifar10_proser_fedavg__split06__seed0__d0.5,cifar10,d0.5,0.25,5,209|212|207|180|192,1,1,0.21761969080280325,0.3102789480589795,1,1,0.21246020051794756,0.3280120171112573,0
cifar10_proser_fedavg__split06__seed0__d0.5,cifar10,d0.5,0.3,5,209|212|207|180|192,1,5,0.25743926783007426,0.37419243334226243,1,10,0.29283696542146254,0.5591070608820645,0
cifar10_proser_fedavg__split06__seed0__d5.0,cifar10,d5,0.05,5,194|206|209|194|197,0,,,0.0,0,,,0.0,0
cifar10_proser_fedavg__split06__seed0__d5.0,cifar10,d5,0.1,5,194|206|209|194|197,0,,,0.0,0,,,0.0,0
cifar10_proser_fedavg__split06__seed0__d5.0,cifar10,d5,0.15,5,194|206|209|194|197,0,,,0.0,1,1,0.1388378971751052,0.29182066755631225,1
cifar10_proser_fedavg__split06__seed0__d5.0,cifar10,d5,0.2,5,194|206|209|194|197,1,1,0.17514830645853888,0.3722974188689161,1,1,0.1707110423380992,0.3667990870483213,0
cifar10_proser_fedavg__split06__seed0__d5.0,cifar10,d5,0.25,5,194|206|209|194|197,1,1,0.20371393473353308,0.4180235930891456,1,10,0.2443929881923671,0.5295892353662239,0
cifar10_proser_fedavg__split06__seed0__d5.0,cifar10,d5,0.3,5,194|206|209|194|197,1,9,0.23937760269662922,0.4661934526976401,1,10,0.29691870062153203,0.6539731329912883,0
cifar10_proser_fedavg__split06__seed1__d0.1,cifar10,d0.1,0.05,5,210|204|176|213|197,0,,,0.0,0,,,0.0,0
cifar10_proser_fedavg__split06__seed1__d0.1,cifar10,d0.1,0.1,5,210|204|176|213|197,0,,,0.0,0,,,0.0,0
cifar10_proser_fedavg__split06__seed1__d0.1,cifar10,d0.1,0.15,5,210|204|176|213|197,0,,,0.0,0,,,0.0,0
cifar10_proser_fedavg__split06__seed1__d0.1,cifar10,d0.1,0.2,5,210|204|176|213|197,1,8,0.18478555890555598,0.1914206638434222,1,8,0.18518373207841649,0.1902927887423257,0
cifar10_proser_fedavg__split06__seed1__d0.1,cifar10,d0.1,0.25,5,210|204|176|213|197,1,8,0.19011150720164174,0.20038274402350834,1,9,0.2309199113486647,0.2875833047591174,0
cifar10_proser_fedavg__split06__seed1__d0.1,cifar10,d0.1,0.3,5,210|204|176|213|197,1,9,0.26369151043769845,0.3102789480589795,1,9,0.24842990954401495,0.32740760290282117,0
cifar10_proser_fedavg__split06__seed1__d0.5,cifar10,d0.5,0.05,5,206|187|190|223|194,0,,,0.0,0,,,0.0,0
cifar10_proser_fedavg__split06__seed1__d0.5,cifar10,d0.5,0.1,5,206|187|190|223|194,0,,,0.0,0,,,0.0,0
cifar10_proser_fedavg__split06__seed1__d0.5,cifar10,d0.5,0.15,5,206|187|190|223|194,1,0,0.1403560180331747,0.1280456618010333,1,4,0.14188793664331345,0.1967648504924963,0
cifar10_proser_fedavg__split06__seed1__d0.5,cifar10,d0.5,0.2,5,206|187|190|223|194,1,5,0.17117844916335273,0.3628358945728068,1,5,0.16373344832336073,0.3568862431923568,0
cifar10_proser_fedavg__split06__seed1__d0.5,cifar10,d0.5,0.25,5,206|187|190|223|194,1,4,0.15715211117484976,0.27874040502141845,1,5,0.22562096558384015,0.44927978852523265,0
cifar10_proser_fedavg__split06__seed1__d0.5,cifar10,d0.5,0.3,5,206|187|190|223|194,1,10,0.2984044454870089,0.6000523258817592,1,6,0.28927360491708093,0.6073078123707811,0
cifar10_proser_fedavg__split06__seed1__d5.0,cifar10,d5,0.05,5,201|201|211|204|183,0,,,0.0,0,,,0.0,0
cifar10_proser_fedavg__split06__seed1__d5.0,cifar10,d5,0.1,5,201|201|211|204|183,0,,,0.0,0,,,0.0,0
cifar10_proser_fedavg__split06__seed1__d5.0,cifar10,d5,0.15,5,201|201|211|204|183,1,9,0.13940700917763446,0.3458625973795435,1,1,0.1472476139853174,0.3637520026023392,0
cifar10_proser_fedavg__split06__seed1__d5.0,cifar10,d5,0.2,5,201|201|211|204|183,1,5,0.161075740414476,0.4103671965206592,1,5,0.15929166799587402,0.4182102495280454,0
cifar10_proser_fedavg__split06__seed1__d5.0,cifar10,d5,0.25,5,201|201|211|204|183,1,5,0.18913883480245733,0.47589309911721206,1,10,0.24995165599510388,0.5830984297757581,0
cifar10_proser_fedavg__split06__seed1__d5.0,cifar10,d5,0.3,5,201|201|211|204|183,1,1,0.2377671798012102,0.5365271038837238,1,6,0.29592056663845,0.6729464828270063,0
cifar10_proser_fedavg__split06__seed2__d0.1,cifar10,d0.1,0.05,5,189|172|214|201|224,0,,,0.0,0,,,0.0,0
cifar10_proser_fedavg__split06__seed2__d0.1,cifar10,d0.1,0.1,5,189|172|214|201|224,0,,,0.0,0,,,0.0,0
cifar10_proser_fedavg__split06__seed2__d0.1,cifar10,d0.1,0.15,5,189|172|214|201|224,0,,,0.0,0,,,0.0,0
cifar10_proser_fedavg__split06__seed2__d0.1,cifar10,d0.1,0.2,5,189|172|214|201|224,0,,,0.0,0,,,0.0,0
cifar10_proser_fedavg__split06__seed2__d0.1,cifar10,d0.1,0.25,5,189|172|214|201|224,0,,,0.0,0,,,0.0,0
cifar10_proser_fedavg__split06__seed2__d0.1,cifar10,d0.1,0.3,5,189|172|214|201|224,0,,,0.0,0,,,0.0,0
cifar10_proser_fedavg__split06__seed2__d0.5,cifar10,d0.5,0.05,5,210|201|177|213|199,0,,,0.0,0,,,0.0,0
cifar10_proser_fedavg__split06__seed2__d0.5,cifar10,d0.5,0.1,5,210|201|177|213|199,0,,,0.0,0,,,0.0,0
cifar10_proser_fedavg__split06__seed2__d0.5,cifar10,d0.5,0.15,5,210|201|177|213|199,0,,,0.0,0,,,0.0,0
cifar10_proser_fedavg__split06__seed2__d0.5,cifar10,d0.5,0.2,5,210|201|177|213|199,1,1,0.170371502950641,0.2676802640594055,1,1,0.17878799389736424,0.2884973158098828,0
cifar10_proser_fedavg__split06__seed2__d0.5,cifar10,d0.5,0.25,5,210|201|177|213|199,1,9,0.19411454438742662,0.35151209462827254,1,10,0.2431050220000507,0.5364378662908748,0
cifar10_proser_fedavg__split06__seed2__d0.5,cifar10,d0.5,0.3,5,210|201|177|213|199,1,9,0.2146248703486906,0.4526507832460983,1,10,0.2748072887979901,0.6000293684485152,0
cifar10_proser_fedavg__split06__seed2__d5.0,cifar10,d5,0.05,5,197|223|206|178|196,0,,,0.0,0,,,0.0,0
cifar10_proser_fedavg__split06__seed2__d5.0,cifar10,d5,0.1,5,197|223|206|178|196,0,,,0.0,0,,,0.0,0
cifar10_proser_fedavg__split06__seed2__d5.0,cifar10,d5,0.15,5,197|223|206|178|196,1,4,0.1497975248981964,0.2220274410637826,1,4,0.14002511455415875,0.23342345756482966,0
cifar10_proser_fedavg__split06__seed2__d5.0,cifar10,d5,0.2,5,197|223|206|178|196,1,5,0.16192893128609376,0.37040330550021183,1,1,0.16390942838051734,0.40135629668871947,0
cifar10_proser_fedavg__split06__seed2__d5.0,cifar10,d5,0.25,5,197|223|206|178|196,1,10,0.24081583294490944,0.5503395833368921,1,6,0.24128968183042876,0.6044786949024763,0
cifar10_proser_fedavg__split06__seed2__d5.0,cifar10,d5,0.3,5,197|223|206|178|196,1,6,0.2714885043825731,0.6382583121139003,1,6,0.26644968752296017,0.6662081909822852,0
cifar10_proser_fedavg__split06__seed3__d0.1,cifar10,d0.1,0.05,5,194|198|203|193|212,0,,,0.0,0,,,0.0,0
cifar10_proser_fedavg__split06__seed3__d0.1,cifar10,d0.1,0.1,5,194|198|203|193|212,0,,,0.0,0,,,0.0,0
cifar10_proser_fedavg__split06__seed3__d0.1,cifar10,d0.1,0.15,5,194|198|203|193|212,0,,,0.0,0,,,0.0,0
cifar10_proser_fedavg__split06__seed3__d0.1,cifar10,d0.1,0.2,5,194|198|203|193|212,0,,,0.0,0,,,0.0,0
cifar10_proser_fedavg__split06__seed3__d0.1,cifar10,d0.1,0.25,5,194|198|203|193|212,0,,,0.0,1,9,0.2443583375047108,0.0843526456608655,1
cifar10_proser_fedavg__split06__seed3__d0.1,cifar10,d0.1,0.3,5,194|198|203|193|212,1,10,0.28028396171981945,0.3628358945728068,1,10,0.2912489058990242,0.3674576231419653,0
cifar10_proser_fedavg__split06__seed3__d0.5,cifar10,d0.5,0.05,5,181|211|183|201|224,0,,,0.0,0,,,0.0,0
cifar10_proser_fedavg__split06__seed3__d0.5,cifar10,d0.5,0.1,5,181|211|183|201|224,0,,,0.0,0,,,0.0,0
cifar10_proser_fedavg__split06__seed3__d0.5,cifar10,d0.5,0.15,5,181|211|183|201|224,0,,,0.0,0,,,0.0,0
cifar10_proser_fedavg__split06__seed3__d0.5,cifar10,d0.5,0.2,5,181|211|183|201|224,1,8,0.13271565483764955,0.17715528197822156,1,9,0.1832613641139157,0.35028722051379246,0
cifar10_proser_fedavg__split06__seed3__d0.5,cifar10,d0.5,0.25,5,181|211|183|201|224,1,6,0.24791633818928266,0.5207967568756722,1,6,0.2456878972952507,0.5311397641863345,0
cifar10_proser_fedavg__split06__seed3__d0.5,cifar10,d0.5,0.3,5,181|211|183|201|224,1,10,0.2754895044624029,0.5980519563630307,1,6,0.27260804443376396,0.611749235823464,0
cifar10_proser_fedavg__split06__seed3__d5.0,cifar10,d5,0.05,5,188|200|203|201|208,0,,,0.0,0,,,0.0,0
cifar10_proser_fedavg__split06__seed3__d5.0,cifar10,d5,0.1,5,188|200|203|201|208,0,,,0.0,0,,,0.0,0
cifar10_proser_fedavg__split06__seed3__d5.0,cifar10,d5,0.15,5,188|200|203|201|208,0,,,0.0,0,,,0.0,0
cifar10_proser_fedavg__split06__seed3__d5.0,cifar10,d5,0.2,5,188|200|203|201|208,0,,,0.0,0,,,0.0,0
cifar10_proser_fedavg__split06__seed3__d5.0,cifar10,d5,0.25,5,188|200|203|201|208,1,5,0.24200365185739683,0.34210089748816386,1,6,0.24892752762114884,0.48179107186153564,0
cifar10_proser_fedavg__split06__seed3__d5.0,cifar10,d5,0.3,5,188|200|203|201|208,1,6,0.2712255441590783,0.5681662239123974,1,6,0.276867455227091,0.5792893491144663,0
cifar10_proser_fedavg__split06__seed4__d0.1,cifar10,d0.1,0.05,5,185|192|195|221|207,0,,,0.0,0,,,0.0,0
cifar10_proser_fedavg__split06__seed4__d0.1,cifar10,d0.1,0.1,5,185|192|195|221|207,0,,,0.0,0,,,0.0,0
cifar10_proser_fedavg__split06__seed4__d0.1,cifar10,d0.1,0.15,5,185|192|195|221|207,0,,,0.0,0,,,0.0,0
cifar10_proser_fedavg__split06__seed4__d0.1,cifar10,d0.1,0.2,5,185|192|195|221|207,0,,,0.0,0,,,0.0,0
cifar10_proser_fedavg__split06__seed4__d0.1,cifar10,d0.1,0.25,5,185|192|195|221|207,0,,,0.0,0,,,0.0,0
cifar10_proser_fedavg__split06__seed4__d0.1,cifar10,d0.1,0.3,5,185|192|195|221|207,0,,,0.0,0,,,0.0,0
cifar10_proser_fedavg__split06__seed4__d0.5,cifar10,d0.5,0.05,5,193|190|199|199|219,0,,,0.0,0,,,0.0,0
cifar10_proser_fedavg__split06__seed4__d0.5,cifar10,d0.5,0.1,5,193|190|199|199|219,0,,,0.0,0,,,0.0,0
cifar10_proser_fedavg__split06__seed4__d0.5,cifar10,d0.5,0.15,5,193|190|199|199|219,0,,,0.0,0,,,0.0,0
cifar10_proser_fedavg__split06__seed4__d0.5,cifar10,d0.5,0.2,5,193|190|199|199|219,0,,,0.0,0,,,0.0,0
cifar10_proser_fedavg__split06__seed4__d0.5,cifar10,d0.5,0.25,5,193|190|199|199|219,0,,,0.0,0,,,0.0,0
cifar10_proser_fedavg__split06__seed4__d0.5,cifar10,d0.5,0.3,5,193|190|199|199|219,0,,,0.0,1,9,0.27581459930729246,0.18857023645858334,1
cifar10_proser_fedavg__split06__seed4__d5.0,cifar10,d5,0.05,5,180|220|213|202|185,0,,,0.0,0,,,0.0,0
cifar10_proser_fedavg__split06__seed4__d5.0,cifar10,d5,0.1,5,180|220|213|202|185,0,,,0.0,0,,,0.0,0
cifar10_proser_fedavg__split06__seed4__d5.0,cifar10,d5,0.15,5,180|220|213|202|185,0,,,0.0,0,,,0.0,0
cifar10_proser_fedavg__split06__seed4__d5.0,cifar10,d5,0.2,5,180|220|213|202|185,0,,,0.0,0,,,0.0,0
cifar10_proser_fedavg__split06__seed4__d5.0,cifar10,d5,0.25,5,180|220|213|202|185,1,9,0.24663018313101814,0.34774483898291636,1,9,0.2323322122373676,0.36534030793899175,0
cifar10_proser_fedavg__split06__seed4__d5.0,cifar10,d5,0.3,5,180|220|213|202|185,1,9,0.25470754317748806,0.443003698066156,1,9,0.25124838920123227,0.4518158495763989,0
cifar10_proser_fedavg__split07__seed0__d0.1,cifar10,d0.1,0.05,5,215|179|189|195|222,0,,,0.0,0,,,0.0,0
cifar10_proser_fedavg__split07__seed0__d0.1,cifar10,d0.1,0.1,5,215|179|189|195|222,0,,,0.0,0,,,0.0,0
cifar10_proser_fedavg__split07__seed0__d0.1,cifar10,d0.1,0.15,5,215|179|189|195|222,0,,,0.0,0,,,0.0,0
cifar10_proser_fedavg__split07__seed0__d0.1,cifar10,d0.1,0.2,5,215|179|189|195|222,0,,,0.0,0,,,0.0,0
cifar10_proser_fedavg__split07__seed0__d0.1,cifar10,d0.1,0.25,5,215|179|189|195|222,0,,,0.0,0,,,0.0,0
cifar10_proser_fedavg__split07__seed0__d0.1,cifar10,d0.1,0.3,5,215|179|189|195|222,0,,,0.0,0,,,0.0,0
cifar10_proser_fedavg__split07__seed0__d0.5,cifar10,d0.5,0.05,5,202|200|182|201|215,0,,,0.0,0,,,0.0,0
cifar10_proser_fedavg__split07__seed0__d0.5,cifar10,d0.5,0.1,5,202|200|182|201|215,0,,,0.0,0,,,0.0,0
cifar10_proser_fedavg__split07__seed0__d0.5,cifar10,d0.5,0.15,5,202|200|182|201|215,0,,,0.0,0,,,0.0,0
cifar10_proser_fedavg__split07__seed0__d0.5,cifar10,d0.5,0.2,5,202|200|182|201|215,0,,,0.0,0,,,0.0,0
cifar10_proser_fedavg__split07__seed0__d0.5,cifar10,d0.5,0.25,5,202|200|182|201|215,0,,,0.0,0,,,0.0,0
cifar10_proser_fedavg__split07__seed0__d0.5,cifar10,d0.5,0.3,5,202|200|182|201|215,1,9,0.298831719597118,0.22746712393830126,1,5,0.29022593561369037,0.26104815350342764,0
cifar10_proser_fedavg__split07__seed0__d5.0,cifar10,d5,0.05,5,214|196|207|193|190,0,,,0.0,0,,,0.0,0
cifar10_proser_fedavg__split07__seed0__d5.0,cifar10,d5,0.1,5,214|196|207|193|190,0,,,0.0,0,,,0.0,0
cifar10_proser_fedavg__split07__seed0__d5.0,cifar10,d5,0.15,5,214|196|207|193|190,0,,,0.0,0,,,0.0,0
cifar10_proser_fedavg__split07__seed0__d5.0,cifar10,d5,0.2,5,214|196|207|193|190,0,,,0.0,0,,,0.0,0
cifar10_proser_fedavg__split07__seed0__d5.0,cifar10,d5,0.25,5,214|196|207|193|190,0,,,0.0,0,,,0.0,0
cifar10_proser_fedavg__split07__seed0__d5.0,cifar10,d5,0.3,5,214|196|207|193|190,1,0,0.2869346801583983,0.08226388471076322,1,9,0.29585723843465717,0.19638605004480122,0
cifar10_proser_fedavg__split07__seed1__d0.1,cifar10,d0.1,0.05,5,208|201|188|200|203,0,,,0.0,0,,,0.0,0
cifar10_proser_fedavg__split07__seed1__d0.1,cifar10,d0.1,0.1,5,208|201|188|200|203,0,,,0.0,0,,,0.0,0
cifar10_proser_fedavg__split07__seed1__d0.1,cifar10,d0.1,0.15,5,208|201|188|200|203,0,,,0.0,0,,,0.0,0
cifar10_proser_fedavg__split07__seed1__d0.1,cifar10,d0.1,0.2,5,208|201|188|200|203,0,,,0.0,0,,,0.0,0
cifar10_proser_fedavg__split07__seed1__d0.1,cifar10,d0.1,0.25,5,208|201|188|200|203,0,,,0.0,0,,,0.0,0
cifar10_proser_fedavg__split07__seed1__d0.1,cifar10,d0.1,0.3,5,208|201|188|200|203,0,,,0.0,0,,,0.0,0
cifar10_proser_fedavg__split07__seed1__d0.5,cifar10,d0.5,0.05,5,209|184|207|209|191,0,,,0.0,0,,,0.0,0
cifar10_proser_fedavg__split07__seed1__d0.5,cifar10,d0.5,0.1,5,209|184|207|209|191,0,,,0.0,0,,,0.0,0
cifar10_proser_fedavg__split07__seed1__d0.5,cifar10,d0.5,0.15,5,209|184|207|209|191,0,,,0.0,0,,,0.0,0
cifar10_proser_fedavg__split07__seed1__d0.5,cifar10,d0.5,0.2,5,209|184|207|209|191,1,9,0.1988852858875567,0.0691134087895594,0,,,0.0,-1
cifar10_proser_fedavg__split07__seed1__d0.5,cifar10,d0.5,0.25,5,209|184|207|209|191,1,9,0.22355273862857117,0.13497382023620927,1,10,0.24968538631010923,0.2820568895565766,0
cifar10_proser_fedavg__split07__seed1__d0.5,cifar10,d0.5,0.3,5,209|184|207|209|191,1,9,0.2578451333752711,0.18963242955894508,1,6,0.29780690189163983,0.4435292338265652,0
cifar10_proser_fedavg__split07__seed1__d5.0,cifar10,d5,0.05,5,198|200|197|208|197,0,,,0.0,0,,,0.0,0
cifar10_proser_fedavg__split07__seed1__d5.0,cifar10,d5,0.1,5,198|200|197|208|197,0,,,0.0,0,,,0.0,0
cifar10_proser_fedavg__split07__seed1__d5.0,cifar10,d5,0.15,5,198|200|197|208|197,0,,,0.0,0,,,0.0,0
cifar10_proser_fedavg__split07__seed1__d5.0,cifar10,d5,0.2,5,198|200|197|208|197,0,,,0.0,0,,,0.0,0
cifar10_proser_fedavg__split07__seed1__d5.0,cifar10,d5,0.25,5,198|200|197|208|197,1,9,0.24202630670688016,0.150675020319364,1,9,0.2142646076299371,0.16098965037331234,0
cifar10_proser_fedavg__split07__seed1__d5.0,cifar10,d5,0.3,5,198|200|197|208|197,1,5,0.2850029048072311,0.2621646425155734,1,6,0.29279424860307746,0.49502857765312264,0
cifar10_proser_fedavg__split07__seed2__d0.1,cifar10,d0.1,0.05,5,193|195|209|192|211,0,,,0.0,0,,,0.0,0
cifar10_proser_fedavg__split07__seed2__d0.1,cifar10,d0.1,0.1,5,193|195|209|192|211,0,,,0.0,0,,,0.0,0
cifar10_proser_fedavg__split07__seed2__d0.1,cifar10,d0.1,0.15,5,193|195|209|192|211,0,,,0.0,0,,,0.0,0
cifar10_proser_fedavg__split07__seed2__d0.1,cifar10,d0.1,0.2,5,193|195|209|192|211,0,,,0.0,0,,,0.0,0
cifar10_proser_fedavg__split07__seed2__d0.1,cifar10,d0.1,0.25,5,193|195|209|192|211,0,,,0.0,0,,,0.0,0
cifar10_proser_fedavg__split07__seed2__d0.1,cifar10,d0.1,0.3,5,193|195|209|192|211,0,,,0.0,0,,,0.0,0
cifar10_proser_fedavg__split07__seed2__d0.5,cifar10,d0.5,0.05,5,197|207|193|207|196,0,,,0.0,0,,,0.0,0
cifar10_proser_fedavg__split07__seed2__d0.5,cifar10,d0.5,0.1,5,197|207|193|207|196,0,,,0.0,0,,,0.0,0
cifar10_proser_fedavg__split07__seed2__d0.5,cifar10,d0.5,0.15,5,197|207|193|207|196,0,,,0.0,0,,,0.0,0
cifar10_proser_fedavg__split07__seed2__d0.5,cifar10,d0.5,0.2,5,197|207|193|207|196,0,,,0.0,0,,,0.0,0
cifar10_proser_fedavg__split07__seed2__d0.5,cifar10,d0.5,0.25,5,197|207|193|207|196,0,,,0.0,0,,,0.0,0
cifar10_proser_fedavg__split07__seed2__d0.5,cifar10,d0.5,0.3,5,197|207|193|207|196,1,4,0.2629629167021072,0.1367108454380224,1,9,0.28148766576996964,0.3439968913610663,0
cifar10_proser_fedavg__split07__seed2__d5.0,cifar10,d5,0.05,5,214|202|203|187|194,0,,,0.0,0,,,0.0,0
cifar10_proser_fedavg__split07__seed2__d5.0,cifar10,d5,0.1,5,214|202|203|187|194,0,,,0.0,0,,,0.0,0
cifar10_proser_fedavg__split07__seed2__d5.0,cifar10,d5,0.15,5,214|202|203|187|194,0,,,0.0,0,,,0.0,0
cifar10_proser_fedavg__split07__seed2__d5.0,cifar10,d5,0.2,5,214|202|203|187|194,0,,,0.0,0,,,0.0,0
cifar10_proser_fedavg__split07__seed2__d5.0,cifar10,d5,0.25,5,214|202|203|187|194,0,,,0.0,1,1,0.24647932613660906,0.1998959051723924,1
cifar10_proser_fedavg__split07__seed2__d5.0,cifar10,d5,0.3,5,214|202|203|187|194,1,1,0.2933714295236956,0.22928279448700853,1,1,0.2548101680085352,0.24185583635009997,0
cifar10_proser_fedavg__split07__seed3__d0.1,cifar10,d0.1,0.05,5,216|179|193|212|200,0,,,0.0,0,,,0.0,0
cifar10_proser_fedavg__split07__seed3__d0.1,cifar10,d0.1,0.1,5,216|179|193|212|200,0,,,0.0,0,,,0.0,0
cifar10_proser_fedavg__split07__seed3__d0.1,cifar10,d0.1,0.15,5,216|179|193|212|200,0,,,0.0,0,,,0.0,0
cifar10_proser_fedavg__split07__seed3__d0.1,cifar10,d0.1,0.2,5,216|179|193|212|200,0,,,0.0,0,,,0.0,0
cifar10_proser_fedavg__split07__seed3__d0.1,cifar10,d0.1,0.25,5,216|179|193|212|200,0,,,0.0,0,,,0.0,0
cifar10_proser_fedavg__split07__seed3__d0.1,cifar10,d0.1,0.3,5,216|179|193|212|200,0,,,0.0,0,,,0.0,0
cifar10_proser_fedavg__split07__seed3__d0.5,cifar10,d0.5,0.05,5,179|189|196|217|219,0,,,0.0,0,,,0.0,0
cifar10_proser_fedavg__split07__seed3__d0.5,cifar10,d0.5,0.1,5,179|189|196|217|219,0,,,0.0,0,,,0.0,0
cifar10_proser_fedavg__split07__seed3__d0.5,cifar10,d0.5,0.15,5,179|189|196|217|219,0,,,0.0,0,,,0.0,0
cifar10_proser_fedavg__split07__seed3__d0.5,cifar10,d0.5,0.2,5,179|189|196|217|219,0,,,0.0,0,,,0.0,0
cifar10_proser_fedavg__split07__seed3__d0.5,cifar10,d0.5,0.25,5,179|189|196|217|219,0,,,0.0,0,,,0.0,0
cifar10_proser_fedavg__split07__seed3__d0.5,cifar10,d0.5,0.3,5,179|189|196|217|219,0,,,0.0,0,,,0.0,0
cifar10_proser_fedavg__split07__seed3__d5.0,cifar10,d5,0.05,5,207|214|169|206|204,0,,,0.0,0,,,0.0,0
cifar10_proser_fedavg__split07__seed3__d5.0,cifar10,d5,0.1,5,207|214|169|206|204,0,,,0.0,0,,,0.0,0
cifar10_proser_fedavg__split07__seed3__d5.0,cifar10,d5,0.15,5,207|214|169|206|204,0,,,0.0,0,,,0.0,0
cifar10_proser_fedavg__split07__seed3__d5.0,cifar10,d5,0.2,5,207|214|169|206|204,0,,,0.0,0,,,0.0,0
cifar10_proser_fedavg__split07__seed3__d5.0,cifar10,d5,0.25,5,207|214|169|206|204,0,,,0.0,0,,,0.0,0
cifar10_proser_fedavg__split07__seed3__d5.0,cifar10,d5,0.3,5,207|214|169|206|204,1,9,0.2973815894348606,0.175378773010934,1,9,0.28698328688995567,0.1770959911166027,0
cifar10_proser_fedavg__split07__seed4__d0.1,cifar10,d0.1,0.05,5,177|222|201|207|193,0,,,0.0,0,,,0.0,0
cifar10_proser_fedavg__split07__seed4__d0.1,cifar10,d0.1,0.1,5,177|222|201|207|193,0,,,0.0,0,,,0.0,0
cifar10_proser_fedavg__split07__seed4__d0.1,cifar10,d0.1,0.15,5,177|222|201|207|193,0,,,0.0,0,,,0.0,0
cifar10_proser_fedavg__split07__seed4__d0.1,cifar10,d0.1,0.2,5,177|222|201|207|193,0,,,0.0,0,,,0.0,0
cifar10_proser_fedavg__split07__seed4__d0.1,cifar10,d0.1,0.25,5,177|222|201|207|193,0,,,0.0,0,,,0.0,0
cifar10_proser_fedavg__split07__seed4__d0.1,cifar10,d0.1,0.3,5,177|222|201|207|193,0,,,0.0,0,,,0.0,0
cifar10_proser_fedavg__split07__seed4__d0.5,cifar10,d0.5,0.05,5,199|185|203|196|217,0,,,0.0,0,,,0.0,0
cifar10_proser_fedavg__split07__seed4__d0.5,cifar10,d0.5,0.1,5,199|185|203|196|217,0,,,0.0,0,,,0.0,0
cifar10_proser_fedavg__split07__seed4__d0.5,cifar10,d0.5,0.15,5,199|185|203|196|217,0,,,0.0,0,,,0.0,0
cifar10_proser_fedavg__split07__seed4__d0.5,cifar10,d0.5,0.2,5,199|185|203|196|217,0,,,0.0,0,,,0.0,0
cifar10_proser_fedavg__split07__seed4__d0.5,cifar10,d0.5,0.25,5,199|185|203|196|217,0,,,0.0,0,,,0.0,0
cifar10_proser_fedavg__split07__seed4__d0.5,cifar10,d0.5,0.3,5,199|185|203|196|217,0,,,0.0,0,,,0.0,0
cifar10_proser_fedavg__split07__seed4__d5.0,cifar10,d5,0.05,5,212|183|196|188|221,0,,,0.0,0,,,0.0,0
cifar10_proser_fedavg__split07__seed4__d5.0,cifar10,d5,0.1,5,212|183|196|188|221,0,,,0.0,0,,,0.0,0
cifar10_proser_fedavg__split07__seed4__d5.0,cifar10,d5,0.15,5,212|183|196|188|221,0,,,0.0,0,,,0.0,0
cifar10_proser_fedavg__split07__seed4__d5.0,cifar10,d5,0.2,5,212|183|196|188|221,0,,,0.0,0,,,0.0,0
cifar10_proser_fedavg__split07__seed4__d5.0,cifar10,d5,0.25,5,212|183|196|188|221,1,9,0.21375086220517292,0.1541841332424806,1,9,0.23138550270764807,0.1512335912019185,0
cifar10_proser_fedavg__split07__seed4__d5.0,cifar10,d5,0.3,5,212|183|196|188|221,1,6,0.2751502617566173,0.487561733837633,1,6,0.2767958339974429,0.47976307776640537,0
cifar10_proser_fedavg__split08__seed0__d0.1,cifar10,d0.1,0.05,5,204|187|197|194|218,0,,,0.0,0,,,0.0,0
cifar10_proser_fedavg__split08__seed0__d0.1,cifar10,d0.1,0.1,5,204|187|197|194|218,0,,,0.0,0,,,0.0,0
cifar10_proser_fedavg__split08__seed0__d0.1,cifar10,d0.1,0.15,5,204|187|197|194|218,0,,,0.0,0,,,0.0,0
cifar10_proser_fedavg__split08__seed0__d0.1,cifar10,d0.1,0.2,5,204|187|197|194|218,0,,,0.0,0,,,0.0,0
cifar10_proser_fedavg__split08__seed0__d0.1,cifar10,d0.1,0.25,5,204|187|197|194|218,0,,,0.0,0,,,0.0,0
cifar10_proser_fedavg__split08__seed0__d0.1,cifar10,d0.1,0.3,5,204|187|197|194|218,0,,,0.0,0,,,0.0,0
cifar10_proser_fedavg__split08__seed0__d0.5,cifar10,d0.5,0.05,5,208|200|206|196|190,0,,,0.0,0,,,0.0,0
cifar10_proser_fedavg__split08__seed0__d0.5,cifar10,d0.5,0.1,5,208|200|206|196|190,0,,,0.0,0,,,0.0,0
cifar10_proser_fedavg__split08__seed0__d0.5,cifar10,d0.5,0.15,5,208|200|206|196|190,0,,,0.0,0,,,0.0,0
cifar10_proser_fedavg__split08__seed0__d0.5,cifar10,d0.5,0.2,5,208|200|206|196|190,0,,,0.0,0,,,0.0,0
cifar10_proser_fedavg__split08__seed0__d0.5,cifar10,d0.5,0.25,5,208|200|206|196|190,0,,,0.0,0,,,0.0,0
cifar10_proser_fedavg__split08__seed0__d0.5,cifar10,d0.5,0.3,5,208|200|206|196|190,1,2,0.2925297312895048,0.31214314143182365,1,9,0.2934190150689763,0.23554643668052616,0
cifar10_proser_fedavg__split08__seed0__d5.0,cifar10,d5,0.05,5,211|188|197|223|181,0,,,0.0,0,,,0.0,0
cifar10_proser_fedavg__split08__seed0__d5.0,cifar10,d5,0.1,5,211|188|197|223|181,0,,,0.0,0,,,0.0,0
cifar10_proser_fedavg__split08__seed0__d5.0,cifar10,d5,0.15,5,211|188|197|223|181,0,,,0.0,0,,,0.0,0
cifar10_proser_fedavg__split08__seed0__d5.0,cifar10,d5,0.2,5,211|188|197|223|181,0,,,0.0,0,,,0.0,0
cifar10_proser_fedavg__split08__seed0__d5.0,cifar10,d5,0.25,5,211|188|197|223|181,0,,,0.0,0,,,0.0,0
cifar10_proser_fedavg__split08__seed0__d5.0,cifar10,d5,0.3,5,211|188|197|223|181,1,0,0.29434587271789875,0.14019070027176003,1,0,0.2771326607389917,0.14302191260866726,0
cifar10_proser_fedavg__split08__seed1__d0.1,cifar10,d0.1,0.05,5,192|221|187|185|215,0,,,0.0,0,,,0.0,0
cifar10_proser_fedavg__split08__seed1__d0.1,cifar10,d0.1,0.1,5,192|221|187|185|215,0,,,0.0,0,,,0.0,0
cifar10_proser_fedavg__split08__seed1__d0.1,cifar10,d0.1,0.15,5,192|221|187|185|215,0,,,0.0,0,,,0.0,0
cifar10_proser_fedavg__split08__seed1__d0.1,cifar10,d0.1,0.2,5,192|221|187|185|215,0,,,0.0,0,,,0.0,0
cifar10_proser_fedavg__split08__seed1__d0.1,cifar10,d0.1,0.25,5,192|221|187|185|215,0,,,0.0,0,,,0.0,0
cifar10_proser_fedavg__split08__seed1__d0.1,cifar10,d0.1,0.3,5,192|221|187|185|215,1,8,0.26740605616825197,0.07565967752991612,1,8,0.2618858822695076,0.08054587341315814,0
cifar10_proser_fedavg__split08__seed1__d0.5,cifar10,d0.5,0.05,5,193|201|206|200|200,0,,,0.0,0,,,0.0,0
cifar10_proser_fedavg__split08__seed1__d0.5,cifar10,d0.5,0.1,5,193|201|206|200|200,0,,,0.0,0,,,0.0,0
cifar10_proser_fedavg__split08__seed1__d0.5,cifar10,d0.5,0.15,5,193|201|206|200|200,0,,,0.0,0,,,0.0,0
cifar10_proser_fedavg__split08__seed1__d0.5,cifar10,d0.5,0.2,5,193|201|206|200|200,0,,,0.0,0,,,0.0,0
cifar10_proser_fedavg__split08__seed1__d0.5,cifar10,d0.5,0.25,5,193|201|206|200|200,0,,,0.0,0,,,0.0,0
cifar10_proser_fedavg__split08__seed1__d0.5,cifar10,d0.5,0.3,5,193|201|206|200|200,1,8,0.28268100589610723,0.03449217504625473,1,1,0.29531147022956217,0.19525388956463866,0
cifar10_proser_fedavg__split08__seed1__d5.0,cifar10,d5,0.05,5,197|233|199|188|183,0,,,0.0,0,,,0.0,0
cifar10_proser_fedavg__split08__seed1__d5.0,cifar10,d5,0.1,5,197|233|199|188|183,0,,,0.0,0,,,0.0,0
cifar10_proser_fedavg__split08__seed1__d5.0,cifar10,d5,0.15,5,197|233|199|188|183,0,,,0.0,0,,,0.0,0
cifar10_proser_fedavg__split08__seed1__d5.0,cifar10,d5,0.2,5,197|233|199|188|183,0,,,0.0,0,,,0.0,0
cifar10_proser_fedavg__split08__seed1__d5.0,cifar10,d5,0.25,5,197|233|199|188|183,0,,,0.0,1,1,0.23731437013155304,0.11275956847563252,1
cifar10_proser_fedavg__split08__seed1__d5.0,cifar10,d5,0.3,5,197|233|199|188|183,1,1,0.2543611769207867,0.18606023656414653,1,1,0.26160481317711864,0.18846589881164366,0
cifar10_proser_fedavg__split08__seed2__d0.1,cifar10,d0.1,0.05,5,214|212|201|192|181,0,,,0.0,0,,,0.0,0
cifar10_proser_fedavg__split08__seed2__d0.1,cifar10,d0.1,0.1,5,214|212|201|192|181,0,,,0.0,0,,,0.0,0
cifar10_proser_fedavg__split08__seed2__d0.1,cifar10,d0.1,0.15,5,214|212|201|192|181,0,,,0.0,0,,,0.0,0
cifar10_proser_fedavg__split08__seed2__d0.1,cifar10,d0.1,0.2,5,214|212|201|192|181,0,,,0.0,0,,,0.0,0
cifar10_proser_fedavg__split08__seed2__d0.1,cifar10,d0.1,0.25,5,214|212|201|192|181,0,,,0.0,0,,,0.0,0
cifar10_proser_fedavg__split08__seed2__d0.1,cifar10,d0.1,0.3,5,214|212|201|192|181,1,5,0.2781532777912787,0.09394603756004245,1,1,0.2989391750621887,0.10887331792649091,0
cifar10_proser_fedavg__split08__seed2__d0.5,cifar10,d0.5,0.05,5,223|201|199|195|182,0,,,0.0,0,,,0.0,0
cifar10_proser_fedavg__split08__seed2__d0.5,cifar10,d0.5,0.1,5,223|201|199|195|182,0,,,0.0,0,,,0.0,0
cifar10_proser_fedavg__split08__seed2__d0.5,cifar10,d0.5,0.15,5,223|201|199|195|182,0,,,0.0,0,,,0.0,0
cifar10_proser_fedavg__split08__seed2__d0.5,cifar10,d0.5,0.2,5,223|201|199|195|182,0,,,0.0,0,,,0.0,0
cifar10_proser_fedavg__split08__seed2__d0.5,cifar10,d0.5,0.25,5,223|201|199|195|182,0,,,0.0,0,,,0.0,0
cifar10_proser_fedavg__split08__seed2__d0.5,cifar10,d0.5,0.3,5,223|201|199|195|182,1,2,0.2830960747463334,0.37419243334226243,1,6,0.27016958462502827,0.39362571043787004,0
cifar10_proser_fedavg__split08__seed2__d5.0,cifar10,d5,0.05,5,195|208|202|190|205,0,,,0.0,0,,,0.0,0
cifar10_proser_fedavg__split08__seed2__d5.0,cifar10,d5,0.1,5,195|208|202|190|205,0,,,0.0,0,,,0.0,0
cifar10_proser_fedavg__split08__seed2__d5.0,cifar10,d5,0.15,5,195|208|202|190|205,0,,,0.0,0,,,0.0,0
cifar10_proser_fedavg__split08__seed2__d5.0,cifar10,d5,0.2,5,195|208|202|190|205,0,,,0.0,0,,,0.0,0
cifar10_proser_fedavg__split08__seed2__d5.0,cifar10,d5,0.25,5,195|208|202|190|205,0,,,0.0,0,,,0.0,0
cifar10_proser_fedavg__split08__seed2__d5.0,cifar10,d5,0.3,5,195|208|202|190|205,0,,,0.0,1,6,0.28905309913573385,0.42585287821842405,1
cifar10_proser_fedavg__split08__seed3__d0.1,cifar10,d0.1,0.05,5,203|201|167|231|198,0,,,0.0,0,,,0.0,0
cifar10_proser_fedavg__split08__seed3__d0.1,cifar10,d0.1,0.1,5,203|201|167|231|198,0,,,0.0,0,,,0.0,0
cifar10_proser_fedavg__split08__seed3__d0.1,cifar10,d0.1,0.15,5,203|201|167|231|198,0,,,0.0,0,,,0.0,0
cifar10_proser_fedavg__split08__seed3__d0.1,cifar10,d0.1,0.2,5,203|201|167|231|198,0,,,0.0,0,,,0.0,0
cifar10_proser_fedavg__split08__seed3__d0.1,cifar10,d0.1,0.25,5,203|201|167|231|198,0,,,0.0,0,,,0.0,0
cifar10_proser_fedavg__split08__seed3__d0.1,cifar10,d0.1,0.3,5,203|201|167|231|198,0,,,0.0,0,,,0.0,0
cifar10_proser_fedavg__split08__seed3__d0.5,cifar10,d0.5,0.05,5,214|205|180|190|211,0,,,0.0,0,,,0.0,0
cifar10_proser_fedavg__split08__seed3__d0.5,cifar10,d0.5,0.1,5,214|205|180|190|211,0,,,0.0,0,,,0.0,0
cifar10_proser_fedavg__split08__seed3__d0.5,cifar10,d0.5,0.15,5,214|205|180|190|211,0,,,0.0,0,,,0.0,0
cifar10_proser_fedavg__split08__seed3__d0.5,cifar10,d0.5,0.2,5,214|205|180|190|211,0,,,0.0,0,,,0.0,0
cifar10_proser_fedavg__split08__seed3__d0.5,cifar10,d0.5,0.25,5,214|205|180|190|211,0,,,0.0,0,,,0.0,0
cifar10_proser_fedavg__split08__seed3__d0.5,cifar10,d0.5,0.3,5,214|205|180|190|211,1,1,0.27691595922326695,0.15946069672391044,1,1,0.2829173319003877,0.18222742972317182,0
cifar10_proser_fedavg__split08__seed3__d5.0,cifar10,d5,0.05,5,213|196|204|198|189,0,,,0.0,0,,,0.0,0
cifar10_proser_fedavg__split08__seed3__d5.0,cifar10,d5,0.1,5,213|196|204|198|189,0,,,0.0,0,,,0.0,0
cifar10_proser_fedavg__split08__seed3__d5.0,cifar10,d5,0.15,5,213|196|204|198|189,0,,,0.0,0,,,0.0,0
cifar10_proser_fedavg__split08__seed3__d5.0,cifar10,d5,0.2,5,213|196|204|198|189,0,,,0.0,0,,,0.0,0
cifar10_proser_fedavg__split08__seed3__d5.0,cifar10,d5,0.25,5,213|196|204|198|189,0,,,0.0,0,,,0.0,0
cifar10_proser_fedavg__split08__seed3__d5.0,cifar10,d5,0.3,5,213|196|204|198|189,1,1,0.2941046633065258,0.09899686630197754,1,1,0.27465483351015885,0.10683680830682606,0
cifar10_proser_fedavg__split08__seed4__d0.1,cifar10,d0.1,0.05,5,199|200|193|185|223,0,,,0.0,0,,,0.0,0
cifar10_proser_fedavg__split08__seed4__d0.1,cifar10,d0.1,0.1,5,199|200|193|185|223,0,,,0.0,0,,,0.0,0
cifar10_proser_fedavg__split08__seed4__d0.1,cifar10,d0.1,0.15,5,199|200|193|185|223,0,,,0.0,0,,,0.0,0
cifar10_proser_fedavg__split08__seed4__d0.1,cifar10,d0.1,0.2,5,199|200|193|185|223,0,,,0.0,0,,,0.0,0
cifar10_proser_fedavg__split08__seed4__d0.1,cifar10,d0.1,0.25,5,199|200|193|185|223,0,,,0.0,0,,,0.0,0
cifar10_proser_fedavg__split08__seed4__d0.1,cifar10,d0.1,0.3,5,199|200|193|185|223,0,,,0.0,0,,,0.0,0
cifar10_proser_fedavg__split08__seed4__d0.5,cifar10,d0.5,0.05,5,189|214|212|180|205,0,,,0.0,0,,,0.0,0
cifar10_proser_fedavg__split08__seed4__d0.5,cifar10,d0.5,0.1,5,189|214|212|180|205,0,,,0.0,0,,,0.0,0
cifar10_proser_fedavg__split08__seed4__d0.5,cifar10,d0.5,0.15,5,189|214|212|180|205,0,,,0.0,0,,,0.0,0
cifar10_proser_fedavg__split08__seed4__d0.5,cifar10,d0.5,0.2,5,189|214|212|180|205,0,,,0.0,0,,,0.0,0
cifar10_proser_fedavg__split08__seed4__d0.5,cifar10,d0.5,0.25,5,189|214|212|180|205,0,,,0.0,0,,,0.0,0
cifar10_proser_fedavg__split08__seed4__d0.5,cifar10,d0.5,0.3,5,189|214|212|180|205,1,4,0.2831918014217382,0.06748656987283631,1,4,0.27228419587444286,0.06928104637184829,0
cifar10_proser_fedavg__split08__seed4__d5.0,cifar10,d5,0.05,5,204|197|198|198|203,0,,,0.0,0,,,0.0,0
cifar10_proser_fedavg__split08__seed4__d5.0,cifar10,d5,0.1,5,204|197|198|198|203,0,,,0.0,0,,,0.0,0
cifar10_proser_fedavg__split08__seed4__d5.0,cifar10,d5,0.15,5,204|197|198|198|203,0,,,0.0,0,,,0.0,0
cifar10_proser_fedavg__split08__seed4__d5.0,cifar10,d5,0.2,5,204|197|198|198|203,0,,,0.0,0,,,0.0,0
cifar10_proser_fedavg__split08__seed4__d5.0,cifar10,d5,0.25,5,204|197|198|198|203,0,,,0.0,0,,,0.0,0
cifar10_proser_fedavg__split08__seed4__d5.0,cifar10,d5,0.3,5,204|197|198|198|203,1,1,0.29948751348478003,0.16651941981501167,1,5,0.2863668908988969,0.1760358465082881,0
cifar10_proser_fedavg__split09__seed0__d0.1,cifar10,d0.1,0.05,5,191|195|205|207|202,0,,,0.0,0,,,0.0,0
cifar10_proser_fedavg__split09__seed0__d0.1,cifar10,d0.1,0.1,5,191|195|205|207|202,0,,,0.0,0,,,0.0,0
cifar10_proser_fedavg__split09__seed0__d0.1,cifar10,d0.1,0.15,5,191|195|205|207|202,0,,,0.0,0,,,0.0,0
cifar10_proser_fedavg__split09__seed0__d0.1,cifar10,d0.1,0.2,5,191|195|205|207|202,0,,,0.0,0,,,0.0,0
cifar10_proser_fedavg__split09__seed0__d0.1,cifar10,d0.1,0.25,5,191|195|205|207|202,0,,,0.0,0,,,0.0,0
cifar10_proser_fedavg__split09__seed0__d0.1,cifar10,d0.1,0.3,5,191|195|205|207|202,0,,,0.0,0,,,0.0,0
cifar10_proser_fedavg__split09__seed0__d0.5,cifar10,d0.5,0.05,5,208|206|208|191|187,0,,,0.0,0,,,0.0,0
cifar10_proser_fedavg__split09__seed0__d0.5,cifar10,d0.5,0.1,5,208|206|208|191|187,0,,,0.0,0,,,0.0,0
cifar10_proser_fedavg__split09__seed0__d0.5,cifar10,d0.5,0.15,5,208|206|208|191|187,0,,,0.0,0,,,0.0,0
cifar10_proser_fedavg__split09__seed0__d0.5,cifar10,d0.5,0.2,5,208|206|208|191|187,0,,,0.0,0,,,0.0,0
cifar10_proser_fedavg__split09__seed0__d0.5,cifar10,d0.5,0.25,5,208|206|208|191|187,0,,,0.0,0,,,0.0,0
cifar10_proser_fedavg__split09__seed0__d0.5,cifar10,d0.5,0.3,5,208|206|208|191|187,0,,,0.0,1,10,0.29882301796176713,0.3977610336106441,1
cifar10_proser_fedavg__split09__seed0__d5.0,cifar10,d5,0.05,5,173|184|236|194|213,0,,,0.0,0,,,0.0,0
cifar10_proser_fedavg__split09__seed0__d5.0,cifar10,d5,0.1,5,173|184|236|194|213,0,,,0.0,0,,,0.0,0
cifar10_proser_fedavg__split09__seed0__d5.0,cifar10,d5,0.15,5,173|184|236|194|213,0,,,0.0,0,,,0.0,0
cifar10_proser_fedavg__split09__seed0__d5.0,cifar10,d5,0.2,5,173|184|236|194|213,1,5,0.1652646123634397,0.31214314143182365,1,5,0.16928821151348122,0.3148074761930489,0
cifar10_proser_fedavg__split09__seed0__d5.0,cifar10,d5,0.25,5,173|184|236|194|213,1,5,0.19517044515565754,0.35339710447454004,1,6,0.24347162701235736,0.5266443793330218,0
cifar10_proser_fedavg__split09__seed0__d5.0,cifar10,d5,0.3,5,173|184|236|194|213,1,6,0.28132600763969084,0.6140837129542052,1,6,0.28801047738587515,0.6267704425988936,0
cifar10_proser_fedavg__split09__seed1__d0.1,cifar10,d0.1,0.05,5,190|210|206|201|193,0,,,0.0,0,,,0.0,0
cifar10_proser_fedavg__split09__seed1__d0.1,cifar10,d0.1,0.1,5,190|210|206|201|193,0,,,0.0,0,,,0.0,0
cifar10_proser_fedavg__split09__seed1__d0.1,cifar10,d0.1,0.15,5,190|210|206|201|193,0,,,0.0,0,,,0.0,0
cifar10_proser_fedavg__split09__seed1__d0.1,cifar10,d0.1,0.2,5,190|210|206|201|193,0,,,0.0,0,,,0.0,0
cifar10_proser_fedavg__split09__seed1__d0.1,cifar10,d0.1,0.25,5,190|210|206|201|193,1,4,0.24872949093288105,0.061021268059513314,1,4,0.23864801474411793,0.06677311943146394,0
cifar10_proser_fedavg__split09__seed1__d0.1,cifar10,d0.1,0.3,5,190|210|206|201|193,1,5,0.2804276300366953,0.1541841332424806,1,5,0.2861190052950369,0.15296572074199158,0
cifar10_proser_fedavg__split09__seed1__d0.5,cifar10,d0.5,0.05,5,219|202|191|183|205,0,,,0.0,0,,,0.0,0
cifar10_proser_fedavg__split09__seed1__d0.5,cifar10,d0.5,0.1,5,219|202|191|183|205,0,,,0.0,0,,,0.0,0
cifar10_proser_fedavg__split09__seed1__d0.5,cifar10,d0.5,0.15,5,219|202|191|183|205,1,4,0.14019417940604348,0.14717296588018486,1,4,0.13775389413315475,0.15151981348856844,0
cifar10_proser_fedavg__split09__seed1__d0.5,cifar10,d0.5,0.2,5,219|202|191|183|205,1,5,0.18503193390488348,0.3065535017932921,1,1,0.18987359970750517,0.37622687586821874,0
cifar10_proser_fedavg__split09__seed1__d0.5,cifar10,d0.5,0.25,5,219|202|191|183|205,1,1,0.23105631509508967,0.44107690371230257,1,10,0.23897548808204788,0.5423224158301401,0
cifar10_proser_fedavg__split09__seed1__d0.5,cifar10,d0.5,0.3,5,219|202|191|183|205,1,10,0.28731491169506274,0.5960526028282656,1,6,0.284294867682214,0.6097673554231905,0
cifar10_proser_fedavg__split09__seed1__d5.0,cifar10,d5,0.05,5,175|216|195|193|221,0,,,0.0,0,,,0.0,0
cifar10_proser_fedavg__split09__seed1__d5.0,cifar10,d5,0.1,5,175|216|195|193|221,0,,,0.0,0,,,0.0,0
cifar10_proser_fedavg__split09__seed1__d5.0,cifar10,d5,0.15,5,175|216|195|193|221,0,,,0.0,0,,,0.0,0
cifar10_proser_fedavg__split09__seed1__d5.0,cifar10,d5,0.2,5,175|216|195|193|221,1,9,0.18059982690557927,0.3590576379982162,1,9,0.18242355228807747,0.3589926244690837,0
cifar10_proser_fedavg__split09__seed1__d5.0,cifar10,d5,0.25,5,175|216|195|193|221,1,5,0.22723485412936492,0.425694025857398,1,6,0.2497514336803393,0.5531647080723818,0
cifar10_proser_fedavg__split09__seed1__d5.0,cifar10,d5,0.3,5,175|216|195|193|221,1,6,0.2956237669278582,0.6301827580129634,1,6,0.2884937727828335,0.6368856126758506,0
cifar10_proser_fedavg__split09__seed2__d0.1,cifar10,d0.1,0.05,5,206|201|209|200|184,0,,,0.0,0,,,0.0,0
cifar10_proser_fedavg__split09__seed2__d0.1,cifar10,d0.1,0.1,5,206|201|209|200|184,0,,,0.0,0,,,0.0,0
cifar10_proser_fedavg__split09__seed2__d0.1,cifar10,d0.1,0.15,5,206|201|209|200|184,0,,,0.0,0,,,0.0,0
cifar10_proser_fedavg__split09__seed2__d0.1,cifar10,d0.1,0.2,5,206|201|209|200|184,0,,,0.0,0,,,0.0,0
cifar10_proser_fedavg__split09__seed2__d0.1,cifar10,d0.1,0.25,5,206|201|209|200|184,0,,,0.0,1,1,0.24465771664940472,0.1585662214735908,1
cifar10_proser_fedavg__split09__seed2__d0.1,cifar10,d0.1,0.3,5,206|201|209|200|184,1,0,0.26613598353810763,0.12287124747137855,1,1,0.27348795236157364,0.19586827142389213,0
cifar10_proser_fedavg__split09__seed2__d0.5,cifar10,d0.5,0.05,5,211|194|195|193|207,0,,,0.0,0,,,0.0,0
cifar10_proser_fedavg__split09__seed2__d0.5,cifar10,d0.5,0.1,5,211|194|195|193|207,0,,,0.0,0,,,0.0,0
cifar10_proser_fedavg__split09__seed2__d0.5,cifar10,d0.5,0.15,5,211|194|195|193|207,0,,,0.0,0,,,0.0,0
cifar10_proser_fedavg__split09__seed2__d0.5,cifar10,d0.5,0.2,5,211|194|195|193|207,0,,,0.0,0,,,0.0,0
cifar10_proser_fedavg__split09__seed2__d0.5,cifar10,d0.5,0.25,5,211|194|195|193|207,1,4,0.227543353017951,0.04364870567321217,1,4,0.23831957612057805,0.04955107713108718,0
cifar10_proser_fedavg__split09__seed2__d0.5,cifar10,d0.5,0.3,5,211|194|195|193|207,1,10,0.2997420028341352,0.3345886952027563,1,6,0.2912535938511715,0.416741140685681,0
cifar10_proser_fedavg__split09__seed2__d5.0,cifar10,d5,0.05,5,202|200|184|195|219,0,,,0.0,0,,,0.0,0
cifar10_proser_fedavg__split09__seed2__d5.0,cifar10,d5,0.1,5,202|200|184|195|219,0,,,0.0,0,,,0.0,0
cifar10_proser_fedavg__split09__seed2__d5.0,cifar10,d5,0.15,5,202|200|184|195|219,0,,,0.0,0,,,0.0,0
cifar10_proser_fedavg__split09__seed2__d5.0,cifar10,d5,0.2,5,202|200|184|195|219,1,5,0.19151237185140826,0.3950966701610922,1,6,0.19971471674579036,0.47534497744738,0
cifar10_proser_fedavg__split09__seed2__d5.0,cifar10,d5,0.25,5,202|200|184|195|219,1,10,0.23193710206731424,0.5384975291216426,1,6,0.2281747980390008,0.5682974071934546,0
cifar10_proser_fedavg__split09__seed2__d5.0,cifar10,d5,0.3,5,202|200|184|195|219,1,6,0.26102731139069435,0.634218329604896,1,6,0.255399496408349,0.640227133316247,0
cifar10_proser_fedavg__split09__seed3__d0.1,cifar10,d0.1,0.05,5,212|201|198|199|190,0,,,0.0,0,,,0.0,0
cifar10_proser_fedavg__split09__seed3__d0.1,cifar10,d0.1,0.1,5,212|201|198|199|190,0,,,0.0,0,,,0.0,0
cifar10_proser_fedavg__split09__seed3__d0.1,cifar10,d0.1,0.15,5,212|201|198|199|190,0,,,0.0,0,,,0.0,0
cifar10_proser_fedavg__split09__seed3__d0.1,cifar10,d0.1,0.2,5,212|201|198|199|190,1,8,0.17789676911151175,0.1280456618010333,1,8,0.1833161280363482,0.14677226635324092,0
cifar10_proser_fedavg__split09__seed3__d0.1,cifar10,d0.1,0.25,5,212|201|198|199|190,1,9,0.2390575914662601,0.27320556342554475,1,9,0.2285444668463754,0.2835740029627478,0
cifar10_proser_fedavg__split09__seed3__d0.1,cifar10,d0.1,0.3,5,212|201|198|199|190,1,1,0.28111659001507533,0.31214314143182365,1,10,0.2966627576662938,0.38723477881165086,0
cifar10_proser_fedavg__split09__seed3__d0.5,cifar10,d0.5,0.05,5,189|203|205|194|209,0,,,0.0,0,,,0.0,0
cifar10_proser_fedavg__split09__seed3__d0.5,cifar10,d0.5,0.1,5,189|203|205|194|209,0,,,0.0,0,,,0.0,0
cifar10_proser_fedavg__split09__seed3__d0.5,cifar10,d0.5,0.15,5,189|203|205|194|209,0,,,0.0,0,,,0.0,0
cifar10_proser_fedavg__split09__seed3__d0.5,cifar10,d0.5,0.2,5,189|203|205|194|209,1,9,0.19531677902251904,0.16828814810062487,0,,,0.0,-1
cifar10_proser_fedavg__split09__seed3__d0.5,cifar10,d0.5,0.25,5,189|203|205|194|209,1,2,0.24285101012179222,0.4314560452893439,1,10,0.2334619176729395,0.46601225367971605,0
cifar10_proser_fedavg__split09__seed3__d0.5,cifar10,d0.5,0.3,5,189|203|205|194|209,1,6,0.292709119029679,0.5661816704747642,1,10,0.2736901496462379,0.5651218749881659,0
cifar10_proser_fedavg__split09__seed3__d5.0,cifar10,d5,0.05,5,179|200|209|227|185,0,,,0.0,0,,,0.0,0
cifar10_proser_fedavg__split09__seed3__d5.0,cifar10,d5,0.1,5,179|200|209|227|185,0,,,0.0,0,,,0.0,0
cifar10_proser_fedavg__split09__seed3__d5.0,cifar10,d5,0.15,5,179|200|209|227|185,0,,,0.0,0,,,0.0,0
cifar10_proser_fedavg__split09__seed3__d5.0,cifar10,d5,0.2,5,179|200|209|227|185,1,4,0.1770323368128978,0.15242870444470064,1,5,0.18660663769119223,0.3829602384633249,0
cifar10_proser_fedavg__split09__seed3__d5.0,cifar10,d5,0.25,5,179|200|209|227|185,1,5,0.22422273281502036,0.41993988660277404,1,6,0.24709154168120862,0.5580747945190059,0
cifar10_proser_fedavg__split09__seed3__d5.0,cifar10,d5,0.3,5,179|200|209|227|185,1,5,0.23506077365308986,0.46231973873462284,1,6,0.282079230035172,0.6300988489676459,0
cifar10_proser_fedavg__split09__seed4__d0.1,cifar10,d0.1,0.05,5,201|204|198|209|188,0,,,0.0,0,,,0.0,0
cifar10_proser_fedavg__split09__seed4__d0.1,cifar10,d0.1,0.1,5,201|204|198|209|188,0,,,0.0,0,,,0.0,0
cifar10_proser_fedavg__split09__seed4__d0.1,cifar10,d0.1,0.15,5,201|204|198|209|188,0,,,0.0,0,,,0.0,0
cifar10_proser_fedavg__split09__seed4__d0.1,cifar10,d0.1,0.2,5,201|204|198|209|188,0,,,0.0,0,,,0.0,0
cifar10_proser_fedavg__split09__seed4__d0.1,cifar10,d0.1,0.25,5,201|204|198|209|188,0,,,0.0,0,,,0.0,0
cifar10_proser_fedavg__split09__seed4__d0.1,cifar10,d0.1,0.3,5,201|204|198|209|188,0,,,0.0,0,,,0.0,0
cifar10_proser_fedavg__split09__seed4__d0.5,cifar10,d0.5,0.05,5,193|208|201|203|195,0,,,0.0,0,,,0.0,0
cifar10_proser_fedavg__split09__seed4__d0.5,cifar10,d0.5,0.1,5,193|208|201|203|195,0,,,0.0,0,,,0.0,0
cifar10_proser_fedavg__split09__seed4__d0.5,cifar10,d0.5,0.15,5,193|208|201|203|195,0,,,0.0,0,,,0.0,0
cifar10_proser_fedavg__split09__seed4__d0.5,cifar10,d0.5,0.2,5,193|208|201|203|195,0,,,0.0,0,,,0.0,0
cifar10_proser_fedavg__split09__seed4__d0.5,cifar10,d0.5,0.25,5,193|208|201|203|195,0,,,0.0,1,1,0.24351383211394786,0.1473044936197719,1
cifar10_proser_fedavg__split09__seed4__d0.5,cifar10,d0.5,0.3,5,193|208|201|203|195,0,,,0.0,1,1,0.28397069507820205,0.2534844391550979,1
cifar10_proser_fedavg__split09__seed4__d5.0,cifar10,d5,0.05,5,192|199|199|194|216,0,,,0.0,0,,,0.0,0
cifar10_proser_fedavg__split09__seed4__d5.0,cifar10,d5,0.1,5,192|199|199|194|216,0,,,0.0,0,,,0.0,0
cifar10_proser_fedavg__split09__seed4__d5.0,cifar10,d5,0.15,5,192|199|199|194|216,0,,,0.0,0,,,0.0,0
cifar10_proser_fedavg__split09__seed4__d5.0,cifar10,d5,0.2,5,192|199|199|194|216,1,4,0.1963571205397454,0.08392338458148607,1,5,0.19127065563635642,0.2997930627655282,0
cifar10_proser_fedavg__split09__seed4__d5.0,cifar10,d5,0.25,5,192|199|199|194|216,1,4,0.18769359766969065,0.17893330314151534,1,1,0.22761786820104102,0.40472767441971746,0
cifar10_proser_fedavg__split09__seed4__d5.0,cifar10,d5,0.3,5,192|199|199|194|216,1,9,0.27686624687108935,0.4836686575898116,1,9,0.25266175689031667,0.48565066937937523,0
officehome_convnext_frozen__split00__seed0,officehome,frozen,0.05,4,232|258|258|252,0,,,0.0,0,,,0.0,0
officehome_convnext_frozen__split00__seed0,officehome,frozen,0.1,4,232|258|258|252,0,,,0.0,0,,,0.0,0
officehome_convnext_frozen__split00__seed0,officehome,frozen,0.15,4,232|258|258|252,0,,,0.0,1,9,0.14781617615641485,0.09983776649002724,1
officehome_convnext_frozen__split00__seed0,officehome,frozen,0.2,4,232|258|258|252,1,1,0.191384180322955,0.11683703493951522,1,1,0.1650683927521093,0.19776556929018377,0
officehome_convnext_frozen__split00__seed0,officehome,frozen,0.25,4,232|258|258|252,1,1,0.2377154955010901,0.15347684363133654,1,2,0.24679663000579039,0.30063984908173075,0
officehome_convnext_frozen__split00__seed0,officehome,frozen,0.3,4,232|258|258|252,1,1,0.23813420864430523,0.18206114304107412,1,2,0.29334658858661566,0.3458512270710948,0
officehome_convnext_frozen__split00__seed1,officehome,frozen,0.05,4,274|239|245|242,0,,,0.0,0,,,0.0,0
officehome_convnext_frozen__split00__seed1,officehome,frozen,0.1,4,274|239|245|242,0,,,0.0,0,,,0.0,0
officehome_convnext_frozen__split00__seed1,officehome,frozen,0.15,4,274|239|245|242,1,9,0.12438534901482304,0.04115256406030167,1,9,0.12645735226186128,0.09018608636157838,0
officehome_convnext_frozen__split00__seed1,officehome,frozen,0.2,4,274|239|245|242,1,1,0.18363262228510316,0.13460520508981236,1,2,0.19914667746300577,0.25377099034062905,0
officehome_convnext_frozen__split00__seed1,officehome,frozen,0.25,4,274|239|245|242,1,10,0.23647513889209545,0.20899831866879523,1,2,0.2499232776085534,0.300895222393765,0
officehome_convnext_frozen__split00__seed1,officehome,frozen,0.3,4,274|239|245|242,1,2,0.2921710783880693,0.2576273875643342,1,2,0.2915908150095742,0.3632172307091355,0
officehome_convnext_frozen__split00__seed2,officehome,frozen,0.05,4,247|240|268|245,0,,,0.0,0,,,0.0,0
officehome_convnext_frozen__split00__seed2,officehome,frozen,0.1,4,247|240|268|245,0,,,0.0,0,,,0.0,0
officehome_convnext_frozen__split00__seed2,officehome,frozen,0.15,4,247|240|268|245,0,,,0.0,1,9,0.14869825682509105,0.11095413021081044,1
officehome_convnext_frozen__split00__seed2,officehome,frozen,0.2,4,247|240|268|245,1,1,0.18513809173249063,0.11497677431256077,1,2,0.18903369178255264,0.25733736674702007,0
officehome_convnext_frozen__split00__seed2,officehome,frozen,0.25,4,247|240|268|245,1,2,0.2224325900018938,0.176319989419603,1,10,0.23607744581759657,0.29110250011220573,0
officehome_convnext_frozen__split00__seed2,officehome,frozen,0.3,4,247|240|268|245,1,1,0.23046197303974533,0.15916855775769517,1,2,0.28417946762664914,0.347693792411234,0
officehome_convnext_frozen__split00__seed3,officehome,frozen,0.05,4,220|254|271|255,0,,,0.0,0,,,0.0,0
officehome_convnext_frozen__split00__seed3,officehome,frozen,0.1,4,220|254|271|255,0,,,0.0,0,,,0.0,0
officehome_convnext_frozen__split00__seed3,officehome,frozen,0.15,4,220|254|271|255,1,1,0.14854042028521877,0.057694574392221025,1,1,0.13070828792446476,0.10120800125822507,0
officehome_convnext_frozen__split00__seed3,officehome,frozen,0.2,4,220|254|271|255,1,10,0.1948049070269773,0.15726984974511007,1,2,0.197451817445563,0.26539582045577115,0
officehome_convnext_frozen__split00__seed3,officehome,frozen,0.25,4,220|254|271|255,1,1,0.20547091682513152,0.15347684363133654,1,2,0.23855395073495145,0.30764029258740466,0
officehome_convnext_frozen__split00__seed3,officehome,frozen,0.3,4,220|254|271|255,1,10,0.2876485973337129,0.2274026903651097,1,2,0.27715786539857545,0.35149399599211456,0
officehome_convnext_frozen__split00__seed4,officehome,frozen,0.05,4,237|278|240|245,0,,,0.0,0,,,0.0,0
officehome_convnext_frozen__split00__seed4,officehome,frozen,0.1,4,237|278|240|245,0,,,0.0,0,,,0.0,0
officehome_convnext_frozen__split00__seed4,officehome,frozen,0.15,4,237|278|240|245,1,9,0.13593060483861227,0.07645365563760856,1,1,0.13792890955986897,0.11875719985503815,0
officehome_convnext_frozen__split00__seed4,officehome,frozen,0.2,4,237|278|240|245,1,1,0.17231541670268177,0.12991330551161961,1,2,0.1952924631445629,0.25610575161532007,0
officehome_convnext_frozen__split00__seed4,officehome,frozen,0.25,4,237|278|240|245,1,10,0.24822779607992781,0.22352014894825498,1,10,0.2442681693794031,0.30638033922175373,0
officehome_convnext_frozen__split00__seed4,officehome,frozen,0.3,4,237|278|240|245,1,2,0.2997420028341352,0.2762636494817607,1,2,0.29112695530192045,0.35850266762923716,0
officehome_convnext_frozen__split01__seed0,officehome,frozen,0.05,4,248|245|262|245,0,,,0.0,0,,,0.0,0
officehome_convnext_frozen__split01__seed0,officehome,frozen,0.1,4,248|245|262|245,0,,,0.0,0,,,0.0,0
officehome_convnext_frozen__split01__seed0,officehome,frozen,0.15,4,248|245|262|245,0,,,0.0,0,,,0.0,0
officehome_convnext_frozen__split01__seed0,officehome,frozen,0.2,4,248|245|262|245,1,0,0.17679587039575448,0.10623341423079381,1,9,0.19974280464468863,0.1817206325486162,0
officehome_convnext_frozen__split01__seed0,officehome,frozen,0.25,4,248|245|262|245,1,1,0.24357058704451937,0.14131279362267232,1,1,0.24300070474821317,0.21769324487675948,0
officehome_convnext_frozen__split01__seed0,officehome,frozen,0.3,4,248|245|262|245,1,1,0.2860075570986985,0.16942462821830265,1,1,0.2666965414242167,0.252428808707145,0
officehome_convnext_frozen__split01__seed1,officehome,frozen,0.05,4,245|233|259|263,0,,,0.0,0,,,0.0,0
officehome_convnext_frozen__split01__seed1,officehome,frozen,0.1,4,245|233|259|263,0,,,0.0,0,,,0.0,0
officehome_convnext_frozen__split01__seed1,officehome,frozen,0.15,4,245|233|259|263,1,1,0.14582005176299886,0.11723783716066369,1,1,0.14496617477795215,0.1693622123916567,0
officehome_convnext_frozen__split01__seed1,officehome,frozen,0.2,4,245|233|259|263,1,1,0.18127250710795495,0.14131279362267232,1,1,0.18308842943485715,0.20330014068090835,0
officehome_convnext_frozen__split01__seed1,officehome,frozen,0.25,4,245|233|259|263,1,9,0.19708044829893695,0.15251833973671108,1,9,0.20544597493404965,0.22326225725979584,0
officehome_convnext_frozen__split01__seed1,officehome,frozen,0.3,4,245|233|259|263,1,1,0.27356892912935865,0.17697348690779088,1,1,0.24456883102885038,0.26296023282095193,0
officehome_convnext_frozen__split01__seed2,officehome,frozen,0.05,4,252|256|245|247,0,,,0.0,0,,,0.0,0
officehome_convnext_frozen__split01__seed2,officehome,frozen,0.1,4,252|256|245|247,0,,,0.0,0,,,0.0,0
officehome_convnext_frozen__split01__seed2,officehome,frozen,0.15,4,252|256|245|247,1,8,0.1492794880559895,0.08807171639289803,1,0,0.14434986808593897,0.12907783765977385,0
officehome_convnext_frozen__split01__seed2,officehome,frozen,0.2,4,252|256|245|247,1,4,0.17491937321479076,0.02816656485859556,1,9,0.1997651255440942,0.18913675485559014,0
officehome_convnext_frozen__split01__seed2,officehome,frozen,0.25,4,252|256|245|247,1,1,0.2374705449954926,0.15345457824529127,1,1,0.23436471703323944,0.22384897340958937,0
officehome_convnext_frozen__split01__seed2,officehome,frozen,0.3,4,252|256|245|247,1,1,0.2584013132413159,0.18075554086786572,1,1,0.2605600791523566,0.2588438065243303,0
officehome_convnext_frozen__split01__seed3,officehome,frozen,0.05,4,260|254|250|236,0,,,0.0,0,,,0.0,0
officehome_convnext_frozen__split01__seed3,officehome,frozen,0.1,4,260|254|250|236,0,,,0.0,0,,,0.0,0
officehome_convnext_frozen__split01__seed3,officehome,frozen,0.15,4,260|254|250|236,0,,,0.0,0,,,0.0,0
officehome_convnext_frozen__split01__seed3,officehome,frozen,0.2,4,260|254|250|236,1,8,0.1930058437760407,0.10806228711368106,1,1,0.19275637963015596,0.20354419608379054,0
officehome_convnext_frozen__split01__seed3,officehome,frozen,0.25,4,260|254|250|236,1,1,0.19438244555792783,0.15439118130990873,1,1,0.19755693563482218,0.22764317259072964,0
officehome_convnext_frozen__split01__seed3,officehome,frozen,0.3,4,260|254|250|236,1,1,0.254610331896243,0.1921309632434196,1,1,0.2460380298328763,0.2646078259206788,0
officehome_convnext_frozen__split01__seed4,officehome,frozen,0.05,4,225|273|272|230,0,,,0.0,0,,,0.0,0
officehome_convnext_frozen__split01__seed4,officehome,frozen,0.1,4,225|273|272|230,0,,,0.0,0,,,0.0,0
officehome_convnext_frozen__split01__seed4,officehome,frozen,0.15,4,225|273|272|230,0,,,0.0,0,,,0.0,0
officehome_convnext_frozen__split01__seed4,officehome,frozen,0.2,4,225|273|272|230,1,4,0.18867281139991057,0.020936709003740374,1,8,0.17327335540249503,0.14428741197233036,0
officehome_convnext_frozen__split01__seed4,officehome,frozen,0.25,4,225|273|272|230,1,1,0.23417342353917897,0.13480237555623711,1,1,0.22697640362633686,0.22915802709576993,0
officehome_convnext_frozen__split01__seed4,officehome,frozen,0.3,4,225|273|272|230,1,1,0.26644513668813685,0.15345457824529127,1,1,0.25612449444011076,0.2581715989866089,0
officehome_convnext_frozen__split02__seed0,officehome,frozen,0.05,4,261|220|269|250,0,,,0.0,0,,,0.0,0
officehome_convnext_frozen__split02__seed0,officehome,frozen,0.1,4,261|220|269|250,0,,,0.0,0,,,0.0,0
officehome_convnext_frozen__split02__seed0,officehome,frozen,0.15,4,261|220|269|250,1,0,0.13127103308040172,0.11963118560507818,1,0,0.1400540144845965,0.1768396849153317,0
officehome_convnext_frozen__split02__seed0,officehome,frozen,0.2,4,261|220|269|250,1,8,0.15795728028963132,0.1336659499514453,1,8,0.15413693208399792,0.20325155471659273,0
officehome_convnext_frozen__split02__seed0,officehome,frozen,0.25,4,261|220|269|250,1,1,0.22235993876895546,0.1974255720576922,1,1,0.22713731973590306,0.2795778474175658,0
officehome_convnext_frozen__split02__seed0,officehome,frozen,0.3,4,261|220|269|250,1,2,0.2826348721279467,0.29991697256800753,1,2,0.2795685508654243,0.3681769334111551,0
officehome_convnext_frozen__split02__seed1,officehome,frozen,0.05,4,231|246|260|263,0,,,0.0,0,,,0.0,0
officehome_convnext_frozen__split02__seed1,officehome,frozen,0.1,4,231|246|260|263,0,,,0.0,0,,,0.0,0
officehome_convnext_frozen__split02__seed1,officehome,frozen,0.15,4,231|246|260|263,0,,,0.0,0,,,0.0,0
officehome_convnext_frozen__split02__seed1,officehome,frozen,0.2,4,231|246|260|263,1,1,0.19149214749699006,0.15821902190767972,1,1,0.19804372902902348,0.2418986083620553,0
officehome_convnext_frozen__split02__seed1,officehome,frozen,0.25,4,231|246|260|263,1,9,0.24827244284840227,0.19646304427975525,1,9,0.24692701232470504,0.2830385478709005,0
officehome_convnext_frozen__split02__seed1,officehome,frozen,0.3,4,231|246|260|263,1,1,0.27039993631405834,0.21093104476495012,1,1,0.26552955895697294,0.30322085041243185,0
officehome_convnext_frozen__split02__seed2,officehome,frozen,0.05,4,255|253|250|242,0,,,0.0,0,,,0.0,0
officehome_convnext_frozen__split02__seed2,officehome,frozen,0.1,4,255|253|250|242,0,,,0.0,1,8,0.09864316654923296,0.07977954663638187,1
officehome_convnext_frozen__split02__seed2,officehome,frozen,0.15,4,255|253|250|242,0,,,0.0,1,8,0.1482242227211782,0.15104524224077376,1
officehome_convnext_frozen__split02__seed2,officehome,frozen,0.2,4,255|253|250|242,1,0,0.18085326808938737,0.11219023283825895,1,0,0.16513667658512465,0.18722203658739153,0
officehome_convnext_frozen__split02__seed2,officehome,frozen,0.25,4,255|253|250|242,1,9,0.23974666941035513,0.1563210435296304,1,9,0.2222032948679547,0.25130910736892537,0
officehome_convnext_frozen__split02__seed2,officehome,frozen,0.3,4,255|253|250|242,1,10,0.29393884744086246,0.26448390186819637,1,10,0.29823713731110624,0.34307290809021457,0
officehome_convnext_frozen__split02__seed3,officehome,frozen,0.05,4,248|244|260|248,0,,,0.0,0,,,0.0,0
officehome_convnext_frozen__split02__seed3,officehome,frozen,0.1,4,248|244|260|248,0,,,0.0,0,,,0.0,0
officehome_convnext_frozen__split02__seed3,officehome,frozen,0.15,4,248|244|260|248,1,8,0.13039908483836948,0.0855200117127467,1,0,0.14085489318410604,0.15708433645639028,0
officehome_convnext_frozen__split02__seed3,officehome,frozen,0.2,4,248|244|260|248,1,1,0.18165466149170773,0.14307752402478602,1,1,0.19178684431947157,0.2388969720569391,0
officehome_convnext_frozen__split02__seed3,officehome,frozen,0.25,4,248|244|260|248,1,9,0.22253112397272595,0.164873287525442,1,9,0.22579328770500903,0.26651319893364495,0
officehome_convnext_frozen__split02__seed3,officehome,frozen,0.3,4,248|244|260|248,1,2,0.2986468218125032,0.2792135610641793,1,2,0.2980598705331885,0.3789725071280197,0
officehome_convnext_frozen__split02__seed4,officehome,frozen,0.05,4,279|245|235|241,0,,,0.0,0,,,0.0,0
officehome_convnext_frozen__split02__seed4,officehome,frozen,0.1,4,279|245|235|241,0,,,0.0,0,,,0.0,0
officehome_convnext_frozen__split02__seed4,officehome,frozen,0.15,4,279|245|235|241,1,0,0.12655099251829707,0.10478295867858999,1,0,0.1364861183190748,0.15710152133583388,0
officehome_convnext_frozen__split02__seed4,officehome,frozen,0.2,4,279|245|235|241,1,8,0.19801396892413087,0.12429784657716739,1,8,0.166136110054876,0.1772017856854186,0
officehome_convnext_frozen__split02__seed4,officehome,frozen,0.25,4,279|245|235|241,1,9,0.24677480855119838,0.19357722732710944,1,1,0.23867225417414112,0.2703075400723115,0
officehome_convnext_frozen__split02__seed4,officehome,frozen,0.3,4,279|245|235|241,1,9,0.2597118421264249,0.2196417794043361,1,1,0.25690993596709183,0.3002661502562884,0
officehome_convnext_frozen__split03__seed0,officehome,frozen,0.05,4,255|242|227|276,0,,,0.0,0,,,0.0,0
officehome_convnext_frozen__split03__seed0,officehome,frozen,0.1,4,255|242|227|276,0,,,0.0,0,,,0.0,0
officehome_convnext_frozen__split03__seed0,officehome,frozen,0.15,4,255|242|227|276,0,,,0.0,0,,,0.0,0
officehome_convnext_frozen__split03__seed0,officehome,frozen,0.2,4,255|242|227|276,1,1,0.19703881315341343,0.10793176555089702,1,1,0.17071722941454612,0.18053191648756944,0
officehome_convnext_frozen__split03__seed0,officehome,frozen,0.25,4,255|242|227|276,1,1,0.22521319322758548,0.14854561319670662,1,2,0.23285018713476885,0.2815193117871312,0
officehome_convnext_frozen__split03__seed0,officehome,frozen,0.3,4,255|242|227|276,1,10,0.2987446087393403,0.21404006446842505,1,10,0.2647975029705618,0.3085415095542369,0
officehome_convnext_frozen__split03__seed1,officehome,frozen,0.05,4,264|258|245|233,0,,,0.0,0,,,0.0,0
officehome_convnext_frozen__split03__seed1,officehome,frozen,0.1,4,264|258|245|233,0,,,0.0,0,,,0.0,0
officehome_convnext_frozen__split03__seed1,officehome,frozen,0.15,4,264|258|245|233,0,,,0.0,0,,,0.0,0
officehome_convnext_frozen__split03__seed1,officehome,frozen,0.2,4,264|258|245|233,0,,,0.0,0,,,0.0,0
officehome_convnext_frozen__split03__seed1,officehome,frozen,0.25,4,264|258|245|233,1,9,0.2411869806509503,0.128584528366548,1,1,0.2395391095457258,0.2196057266152119,0
officehome_convnext_frozen__split03__seed1,officehome,frozen,0.3,4,264|258|245|233,1,2,0.2971554265308034,0.21217607320479828,1,2,0.2908159063049641,0.311512370196397,0
officehome_convnext_frozen__split03__seed2,officehome,frozen,0.05,4,231|254|251|264,0,,,0.0,0,,,0.0,0
officehome_convnext_frozen__split03__seed2,officehome,frozen,0.1,4,231|254|251|264,0,,,0.0,0,,,0.0,0
officehome_convnext_frozen__split03__seed2,officehome,frozen,0.15,4,231|254|251|264,0,,,0.0,0,,,0.0,0
officehome_convnext_frozen__split03__seed2,officehome,frozen,0.2,4,231|254|251|264,0,,,0.0,1,1,0.19267248311724464,0.19632400850077472,1
officehome_convnext_frozen__split03__seed2,officehome,frozen,0.25,4,231|254|251|264,1,8,0.21656966710373152,0.09814515657020931,1,1,0.232722041462141,0.2380175654437987,0
officehome_convnext_frozen__split03__seed2,officehome,frozen,0.3,4,231|254|251|264,1,9,0.2551971862087514,0.1631722328566857,1,2,0.2981797685017195,0.3234390547456584,0
officehome_convnext_frozen__split03__seed3,officehome,frozen,0.05,4,264|249|235|252,0,,,0.0,0,,,0.0,0
officehome_convnext_frozen__split03__seed3,officehome,frozen,0.1,4,264|249|235|252,0,,,0.0,0,,,0.0,0
officehome_convnext_frozen__split03__seed3,officehome,frozen,0.15,4,264|249|235|252,0,,,0.0,0,,,0.0,0
officehome_convnext_frozen__split03__seed3,officehome,frozen,0.2,4,264|249|235|252,0,,,0.0,1,9,0.19610170154983905,0.16313882457018064,1
officehome_convnext_frozen__split03__seed3,officehome,frozen,0.25,4,264|249|235|252,0,,,0.0,1,1,0.24503118179466,0.23181854715309913,1
officehome_convnext_frozen__split03__seed3,officehome,frozen,0.3,4,264|249|235|252,1,1,0.2784729714838194,0.15859219468477193,1,1,0.25860423980856245,0.25720690227332926,0
officehome_convnext_frozen__split03__seed4,officehome,frozen,0.05,4,250|232|237|281,0,,,0.0,0,,,0.0,0
officehome_convnext_frozen__split03__seed4,officehome,frozen,0.1,4,250|232|237|281,0,,,0.0,0,,,0.0,0
officehome_convnext_frozen__split03__seed4,officehome,frozen,0.15,4,250|232|237|281,0,,,0.0,0,,,0.0,0
officehome_convnext_frozen__split03__seed4,officehome,frozen,0.2,4,250|232|237|281,1,5,0.19372906865057607,0.044573596306284324,1,1,0.1805453533917349,0.17653475539710464,0
officehome_convnext_frozen__split03__seed4,officehome,frozen,0.25,4,250|232|237|281,1,1,0.24507115794755485,0.13039136616884733,1,1,0.23506982862095743,0.23271156577586882,0
officehome_convnext_frozen__split03__seed4,officehome,frozen,0.3,4,250|232|237|281,1,1,0.27531690585960666,0.15950754784244556,1,10,0.29631258916299685,0.30849472802081335,0
officehome_convnext_frozen__split04__seed0,officehome,frozen,0.05,4,252|271|225|252,0,,,0.0,0,,,0.0,0
officehome_convnext_frozen__split04__seed0,officehome,frozen,0.1,4,252|271|225|252,0,,,0.0,0,,,0.0,0
officehome_convnext_frozen__split04__seed0,officehome,frozen,0.15,4,252|271|225|252,0,,,0.0,0,,,0.0,0
officehome_convnext_frozen__split04__seed0,officehome,frozen,0.2,4,252|271|225|252,1,4,0.18371084224141854,0.015978847341746212,1,1,0.1896550233453469,0.20036941864118182,0
officehome_convnext_frozen__split04__seed0,officehome,frozen,0.25,4,252|271|225|252,1,2,0.24762245053665702,0.16300582807258593,1,2,0.24347928000618152,0.2741295845035253,0
officehome_convnext_frozen__split04__seed0,officehome,frozen,0.3,4,252|271|225|252,1,2,0.2821965034580158,0.18534928164826267,1,2,0.278279634022735,0.3075663600093251,0
officehome_convnext_frozen__split04__seed1,officehome,frozen,0.05,4,251|219|269|261,0,,,0.0,0,,,0.0,0
officehome_convnext_frozen__split04__seed1,officehome,frozen,0.1,4,251|219|269|261,1,0,0.09824127315852857,0.0384125276595398,1,0,0.09981758825213274,0.08140698431159109,0
officehome_convnext_frozen__split04__seed1,officehome,frozen,0.15,4,251|219|269|261,1,1,0.12541456763295822,0.08058414854361658,1,1,0.12931827731735224,0.17807497486815518,0
officehome_convnext_frozen__split04__seed1,officehome,frozen,0.2,4,251|219|269|261,1,2,0.19751505081823648,0.12939001004056055,1,10,0.1981653746438562,0.24756396732512792,0
officehome_convnext_frozen__split04__seed1,officehome,frozen,0.25,4,251|219|269|261,1,2,0.24543872937893071,0.15431435838163587,1,2,0.24593394687056352,0.28098419214034936,0
officehome_convnext_frozen__split04__seed1,officehome,frozen,0.3,4,251|219|269|261,1,2,0.26307175809490846,0.1892531931114999,1,2,0.26844805575007435,0.3112930435159008,0
officehome_convnext_frozen__split04__seed2,officehome,frozen,0.05,4,246|260|250|244,0,,,0.0,0,,,0.0,0
officehome_convnext_frozen__split04__seed2,officehome,frozen,0.1,4,246|260|250|244,0,,,0.0,0,,,0.0,0
officehome_convnext_frozen__split04__seed2,officehome,frozen,0.15,4,246|260|250|244,0,,,0.0,0,,,0.0,0
officehome_convnext_frozen__split04__seed2,officehome,frozen,0.2,4,246|260|250|244,1,1,0.1692872392951874,0.1038460361188914,1,1,0.1707377019349519,0.2048409850672523,0
officehome_convnext_frozen__split04__seed2,officehome,frozen,0.25,4,246|260|250|244,1,9,0.24015668336548662,0.12273132735200491,1,1,0.23008801328633227,0.2456973934300164,0
officehome_convnext_frozen__split04__seed2,officehome,frozen,0.3,4,246|260|250|244,1,10,0.2977550299629517,0.17658458837353877,1,2,0.28791914323010137,0.31264977183095144,0
officehome_convnext_frozen__split04__seed3,officehome,frozen,0.05,4,262|241|269|228,0,,,0.0,0,,,0.0,0
officehome_convnext_frozen__split04__seed3,officehome,frozen,0.1,4,262|241|269|228,0,,,0.0,0,,,0.0,0
officehome_convnext_frozen__split04__seed3,officehome,frozen,0.15,4,262|241|269|228,1,9,0.14607623755825866,0.08335209267717011,1,8,0.14440782149337808,0.07690136282421867,0
officehome_convnext_frozen__split04__seed3,officehome,frozen,0.2,4,262|241|269|228,1,9,0.18707043851654115,0.10290767670838195,1,9,0.18329404950378259,0.18130065571905518,0
officehome_convnext_frozen__split04__seed3,officehome,frozen,0.25,4,262|241|269|228,1,0,0.16470180493332912,0.08798052780389144,1,1,0.2366962865165752,0.2166776011484811,0
officehome_convnext_frozen__split04__seed3,officehome,frozen,0.3,4,262|241|269|228,1,1,0.29693014774633614,0.13989962985346974,1,1,0.25861953723320313,0.2442034363175018,0
officehome_convnext_frozen__split04__seed4,officehome,frozen,0.05,4,239|262|234|265,0,,,0.0,0,,,0.0,0
officehome_convnext_frozen__split04__seed4,officehome,frozen,0.1,4,239|262|234|265,0,,,0.0,0,,,0.0,0
officehome_convnext_frozen__split04__seed4,officehome,frozen,0.15,4,239|262|234|265,1,0,0.1270656131554062,0.039278509830756765,1,0,0.13118028239210927,0.0833953940515326,0
officehome_convnext_frozen__split04__seed4,officehome,frozen,0.2,4,239|262|234|265,1,9,0.19979396037136513,0.11137392380418706,1,9,0.18499053701093227,0.20123237071891992,0
officehome_convnext_frozen__split04__seed4,officehome,frozen,0.25,4,239|262|234|265,1,9,0.23742388835074993,0.118937202844053,1,1,0.19894943653917077,0.2198010799826925,0
officehome_convnext_frozen__split04__seed4,officehome,frozen,0.3,4,239|262|234|265,1,2,0.2967007680342684,0.19414021065024148,1,2,0.2846584531578844,0.3027186357185274,0
officehome_convnext_frozen__split05__seed0,officehome,frozen,0.05,4,262|247|242|249,0,,,0.0,0,,,0.0,0
officehome_convnext_frozen__split05__seed0,officehome,frozen,0.1,4,262|247|242|249,0,,,0.0,0,,,0.0,0
officehome_convnext_frozen__split05__seed0,officehome,frozen,0.15,4,262|247|242|249,0,,,0.0,1,0,0.14770966800305246,0.1582743643649924,1
officehome_convnext_frozen__split05__seed0,officehome,frozen,0.2,4,262|247|242|249,1,0,0.19531677902251904,0.10914256697982908,1,8,0.16933556491438595,0.1813252499750756,0
officehome_convnext_frozen__split05__seed0,officehome,frozen,0.25,4,262|247|242|249,1,0,0.19474958526763841,0.12708174959937718,1,1,0.23350732782485656,0.2603602865168462,0
officehome_convnext_frozen__split05__seed0,officehome,frozen,0.3,4,262|247|242|249,1,1,0.29698552553629304,0.21799160887771604,1,1,0.2645783846029256,0.28858361898894763,0
officehome_convnext_frozen__split05__seed1,officehome,frozen,0.05,4,262|277|233|228,0,,,0.0,0,,,0.0,0
officehome_convnext_frozen__split05__seed1,officehome,frozen,0.1,4,262|277|233|228,0,,,0.0,0,,,0.0,0
officehome_convnext_frozen__split05__seed1,officehome,frozen,0.15,4,262|277|233|228,0,,,0.0,1,0,0.1382972670970225,0.16599550300838808,1
officehome_convnext_frozen__split05__seed1,officehome,frozen,0.2,4,262|277|233|228,1,8,0.1890567771707678,0.10071374220167874,1,9,0.1917522696356685,0.2204542814938344,0
officehome_convnext_frozen__split05__seed1,officehome,frozen,0.25,4,262|277|233|228,1,1,0.2400514418812291,0.15670960735132872,1,1,0.21016454119067557,0.24720697504578892,0
officehome_convnext_frozen__split05__seed1,officehome,frozen,0.3,4,262|277|233|228,1,10,0.28216949889312226,0.23571703982314846,1,2,0.28186510723208785,0.3318588864891584,0
officehome_convnext_frozen__split05__seed2,officehome,frozen,0.05,4,261|232|263|244,0,,,0.0,0,,,0.0,0
officehome_convnext_frozen__split05__seed2,officehome,frozen,0.1,4,261|232|263|244,0,,,0.0,0,,,0.0,0
officehome_convnext_frozen__split05__seed2,officehome,frozen,0.15,4,261|232|263|244,0,,,0.0,0,,,0.0,0
officehome_convnext_frozen__split05__seed2,officehome,frozen,0.2,4,261|232|263|244,1,0,0.18204346392636664,0.11196247385927684,1,0,0.16942596187692469,0.18291395281951986,0
officehome_convnext_frozen__split05__seed2,officehome,frozen,0.25,4,261|232|263|244,1,0,0.20365191076602537,0.12234312904612041,1,1,0.2316500773629116,0.23774682918191958,0
officehome_convnext_frozen__split05__seed2,officehome,frozen,0.3,4,261|232|263|244,1,10,0.2855791828104009,0.23374331886391156,1,2,0.28634235921070184,0.32669687762263433,0
officehome_convnext_frozen__split05__seed3,officehome,frozen,0.05,4,234|272|253|241,0,,,0.0,0,,,0.0,0
officehome_convnext_frozen__split05__seed3,officehome,frozen,0.1,4,234|272|253|241,0,,,0.0,0,,,0.0,0
officehome_convnext_frozen__split05__seed3,officehome,frozen,0.15,4,234|272|253|241,0,,,0.0,0,,,0.0,0
officehome_convnext_frozen__split05__seed3,officehome,frozen,0.2,4,234|272|253|241,1,0,0.19939203319748228,0.11667315855446346,1,0,0.18385374770747676,0.19769214819617245,0
officehome_convnext_frozen__split05__seed3,officehome,frozen,0.25,4,234|272|253|241,1,0,0.19398120902577812,0.1251848500890081,1,1,0.22324270505634103,0.2457563362974505,0
officehome_convnext_frozen__split05__seed3,officehome,frozen,0.3,4,234|272|253|241,1,1,0.2894269391764772,0.17893309037158447,1,2,0.2922922397541421,0.3330815103476838,0
officehome_convnext_frozen__split05__seed4,officehome,frozen,0.05,4,248|261|270|221,0,,,0.0,0,,,0.0,0
officehome_convnext_frozen__split05__seed4,officehome,frozen,0.1,4,248|261|270|221,0,,,0.0,0,,,0.0,0
officehome_convnext_frozen__split05__seed4,officehome,frozen,0.15,4,248|261|270|221,0,,,0.0,0,,,0.0,0
officehome_convnext_frozen__split05__seed4,officehome,frozen,0.2,4,248|261|270|221,1,8,0.19869839169358444,0.10820371272937512,1,8,0.18136529894697018,0.18940401192350786,0
officehome_convnext_frozen__split05__seed4,officehome,frozen,0.25,4,248|261|270|221,1,0,0.2313975543676196,0.11667315855446346,1,1,0.23871565813900544,0.24727247375791583,0
officehome_convnext_frozen__split05__seed4,officehome,frozen,0.3,4,248|261|270|221,1,1,0.2676672936022961,0.1586344895474337,1,2,0.2874970204200843,0.3221831914658026,0
officehome_convnext_frozen__split06__seed0,officehome,frozen,0.05,4,240|259|268|233,0,,,0.0,0,,,0.0,0
officehome_convnext_frozen__split06__seed0,officehome,frozen,0.1,4,240|259|268|233,0,,,0.0,0,,,0.0,0
officehome_convnext_frozen__split06__seed0,officehome,frozen,0.15,4,240|259|268|233,0,,,0.0,0,,,0.0,0
officehome_convnext_frozen__split06__seed0,officehome,frozen,0.2,4,240|259|268|233,0,,,0.0,1,8,0.16974546231812632,0.13344923705531903,1
officehome_convnext_frozen__split06__seed0,officehome,frozen,0.25,4,240|259|268|233,0,,,0.0,1,1,0.24609157933716064,0.2711901316296416,1
officehome_convnext_frozen__split06__seed0,officehome,frozen,0.3,4,240|259|268|233,1,8,0.2898208351449325,0.12212069243279283,1,9,0.26757299018315456,0.2946908769226554,0
officehome_convnext_frozen__split06__seed1,officehome,frozen,0.05,4,251|248|235|266,0,,,0.0,0,,,0.0,0
officehome_convnext_frozen__split06__seed1,officehome,frozen,0.1,4,251|248|235|266,0,,,0.0,0,,,0.0,0
officehome_convnext_frozen__split06__seed1,officehome,frozen,0.15,4,251|248|235|266,0,,,0.0,0,,,0.0,0
officehome_convnext_frozen__split06__seed1,officehome,frozen,0.2,4,251|248|235|266,1,8,0.18153746624513423,0.07926654228065015,1,0,0.1820081339553548,0.16527847518637695,0
officehome_convnext_frozen__split06__seed1,officehome,frozen,0.25,4,251|248|235|266,1,8,0.23488025248248992,0.10535581846358662,1,9,0.24923982888518195,0.26567549003599766,0
officehome_convnext_frozen__split06__seed1,officehome,frozen,0.3,4,251|248|235|266,1,1,0.28725668000978866,0.17144387278283016,1,9,0.27730557090006697,0.28756662510929115,0
officehome_convnext_frozen__split06__seed2,officehome,frozen,0.05,4,265|229|251|255,0,,,0.0,0,,,0.0,0
officehome_convnext_frozen__split06__seed2,officehome,frozen,0.1,4,265|229|251|255,0,,,0.0,0,,,0.0,0
officehome_convnext_frozen__split06__seed2,officehome,frozen,0.15,4,265|229|251|255,0,,,0.0,0,,,0.0,0
officehome_convnext_frozen__split06__seed2,officehome,frozen,0.2,4,265|229|251|255,1,8,0.1865278544857659,0.07623761387275071,1,8,0.1635356260321168,0.13747176221341623,0
officehome_convnext_frozen__split06__seed2,officehome,frozen,0.25,4,265|229|251|255,1,4,0.2052172183805041,0.03898078377528698,1,5,0.24684017307507872,0.2158537884443733,0
officehome_convnext_frozen__split06__seed2,officehome,frozen,0.3,4,265|229|251|255,1,8,0.267125922802594,0.12655881840852778,1,9,0.299259048388713,0.3033843107354642,0
officehome_convnext_frozen__split06__seed3,officehome,frozen,0.05,4,242|237|271|250,0,,,0.0,0,,,0.0,0
officehome_convnext_frozen__split06__seed3,officehome,frozen,0.1,4,242|237|271|250,0,,,0.0,0,,,0.0,0
officehome_convnext_frozen__split06__seed3,officehome,frozen,0.15,4,242|237|271|250,1,4,0.14036479193300305,0.03334177656952937,1,4,0.14523119838972898,0.10196052514419594,0
officehome_convnext_frozen__split06__seed3,officehome,frozen,0.2,4,242|237|271|250,1,8,0.18864818029455224,0.10272437081401442,1,8,0.1852410575846283,0.17686645004897497,0
officehome_convnext_frozen__split06__seed3,officehome,frozen,0.25,4,242|237|271|250,1,1,0.24401110463852513,0.18961754868089872,1,9,0.2424417526686884,0.27208943272102254,0
officehome_convnext_frozen__split06__seed3,officehome,frozen,0.3,4,242|237|271|250,1,9,0.2756677619331867,0.20606548515604803,1,9,0.25818236516028187,0.288636075757215,0
officehome_convnext_frozen__split06__seed4,officehome,frozen,0.05,4,243|261|245|251,0,,,0.0,0,,,0.0,0
officehome_convnext_frozen__split06__seed4,officehome,frozen,0.1,4,243|261|245|251,0,,,0.0,0,,,0.0,0
officehome_convnext_frozen__split06__seed4,officehome,frozen,0.15,4,243|261|245|251,0,,,0.0,0,,,0.0,0
officehome_convnext_frozen__split06__seed4,officehome,frozen,0.2,4,243|261|245|251,1,5,0.18438044200016374,0.04223860774650356,1,5,0.19017270053454732,0.14497924818917582,0
officehome_convnext_frozen__split06__seed4,officehome,frozen,0.25,4,243|261|245|251,1,8,0.238872975432746,0.09398687616428002,1,9,0.23317434260693148,0.2447751555409758,0
officehome_convnext_frozen__split06__seed4,officehome,frozen,0.3,4,243|261|245|251,1,9,0.2886135351861119,0.17416270119304292,1,9,0.26448697848421254,0.2787875859941964,0
officehome_convnext_frozen__split07__seed0,officehome,frozen,0.05,4,262|227|241|270,0,,,0.0,0,,,0.0,0
officehome_convnext_frozen__split07__seed0,officehome,frozen,0.1,4,262|227|241|270,0,,,0.0,0,,,0.0,0
officehome_convnext_frozen__split07__seed0,officehome,frozen,0.15,4,262|227|241|270,1,8,0.14190373156485686,0.0790881656002343,1,8,0.13886739578233254,0.1320838066299439,0
officehome_convnext_frozen__split07__seed0,officehome,frozen,0.2,4,262|227|241|270,1,0,0.16691039171582855,0.09894006931643638,1,0,0.16161377735576715,0.16249674269976283,0
officehome_convnext_frozen__split07__seed0,officehome,frozen,0.25,4,262|227|241|270,1,0,0.21433428056745454,0.12738705486803198,1,1,0.24984642918722316,0.2755488143623445,0
officehome_convnext_frozen__split07__seed0,officehome,frozen,0.3,4,262|227|241|270,1,8,0.22253735114444262,0.15439118130990873,1,1,0.2773978140651738,0.30786624391246653,0
officehome_convnext_frozen__split07__seed1,officehome,frozen,0.05,4,251|262|242|245,0,,,0.0,0,,,0.0,0
officehome_convnext_frozen__split07__seed1,officehome,frozen,0.1,4,251|262|242|245,0,,,0.0,0,,,0.0,0
officehome_convnext_frozen__split07__seed1,officehome,frozen,0.15,4,251|262|242|245,0,,,0.0,1,0,0.13754523465938356,0.10390738587529703,1
officehome_convnext_frozen__split07__seed1,officehome,frozen,0.2,4,251|262|242|245,1,0,0.19059064167231585,0.06752490112655932,1,0,0.1640449941469459,0.13442662692843282,0
officehome_convnext_frozen__split07__seed1,officehome,frozen,0.25,4,251|262|242|245,1,8,0.2159522109860114,0.09530732270426368,1,1,0.2355504341099639,0.26141936066291455,0
officehome_convnext_frozen__split07__seed1,officehome,frozen,0.3,4,251|262|242|245,1,8,0.22636907106200962,0.1301645605739714,1,9,0.2687012188123108,0.2800316481179593,0
officehome_convnext_frozen__split07__seed2,officehome,frozen,0.05,4,232|271|239|258,0,,,0.0,0,,,0.0,0
officehome_convnext_frozen__split07__seed2,officehome,frozen,0.1,4,232|271|239|258,0,,,0.0,0,,,0.0,0
officehome_convnext_frozen__split07__seed2,officehome,frozen,0.15,4,232|271|239|258,1,8,0.13475637956780104,0.05417287309914236,1,8,0.12560747131326416,0.10499744990245523,0
officehome_convnext_frozen__split07__seed2,officehome,frozen,0.2,4,232|271|239|258,1,8,0.15830912462331329,0.07551547916445954,1,8,0.14298568394124667,0.13315771285247308,0
officehome_convnext_frozen__split07__seed2,officehome,frozen,0.25,4,232|271|239|258,1,0,0.20465301704801622,0.09984974127299376,1,1,0.2305998037911617,0.2506746353428563,0
officehome_convnext_frozen__split07__seed2,officehome,frozen,0.3,4,232|271|239|258,1,1,0.2969549570169697,0.20164262075999131,1,1,0.25384033202427425,0.26624222680490134,0
officehome_convnext_frozen__split07__seed3,officehome,frozen,0.05,4,283|249|230|238,0,,,0.0,0,,,0.0,0
officehome_convnext_frozen__split07__seed3,officehome,frozen,0.1,4,283|249|230|238,0,,,0.0,0,,,0.0,0
officehome_convnext_frozen__split07__seed3,officehome,frozen,0.15,4,283|249|230|238,1,8,0.11859757337174384,0.06575890318404692,1,8,0.11834030970946341,0.10880388437014596,0
officehome_convnext_frozen__split07__seed3,officehome,frozen,0.2,4,283|249|230|238,1,8,0.16666984307010801,0.0916843913130165,1,8,0.1512804931729742,0.1374399008713866,0
officehome_convnext_frozen__split07__seed3,officehome,frozen,0.25,4,283|249|230|238,1,8,0.2113260656474927,0.10806228711368106,1,1,0.23867101151467768,0.23793050227240253,0
officehome_convnext_frozen__split07__seed3,officehome,frozen,0.3,4,283|249|230|238,1,1,0.2886135351861119,0.1817018305458989,1,1,0.25944738661865663,0.263530216288434,0
officehome_convnext_frozen__split07__seed4,officehome,frozen,0.05,4,249|258|224|269,0,,,0.0,0,,,0.0,0
officehome_convnext_frozen__split07__seed4,officehome,frozen,0.1,4,249|258|224|269,0,,,0.0,0,,,0.0,0
officehome_convnext_frozen__split07__seed4,officehome,frozen,0.15,4,249|258|224|269,1,0,0.1414778839838923,0.05786021673122818,1,8,0.1424398796508406,0.10636655739812917,0
officehome_convnext_frozen__split07__seed4,officehome,frozen,0.2,4,249|258|224|269,1,1,0.18899565572337682,0.14224446625096115,1,1,0.1773554456868655,0.218899833239483,0
officehome_convnext_frozen__split07__seed4,officehome,frozen,0.25,4,249|258|224|269,1,1,0.21954764806313706,0.17508434566273895,1,2,0.24623792500713776,0.27881806021149635,0
officehome_convnext_frozen__split07__seed4,officehome,frozen,0.3,4,249|258|224|269,1,1,0.2552512056234609,0.1921309632434196,1,10,0.29946738970122644,0.32134741738103784,0
officehome_convnext_frozen__split08__seed0,officehome,frozen,0.05,4,243|251|266|240,0,,,0.0,0,,,0.0,0
officehome_convnext_frozen__split08__seed0,officehome,frozen,0.1,4,243|251|266|240,0,,,0.0,0,,,0.0,0
officehome_convnext_frozen__split08__seed0,officehome,frozen,0.15,4,243|251|266|240,0,,,0.0,0,,,0.0,0
officehome_convnext_frozen__split08__seed0,officehome,frozen,0.2,4,243|251|266|240,0,,,0.0,1,5,0.19949337732014344,0.14161540982278836,1
officehome_convnext_frozen__split08__seed0,officehome,frozen,0.25,4,243|251|266|240,1,1,0.22501746031218625,0.14689951632278553,1,1,0.22923269176145844,0.21699209478345577,0
officehome_convnext_frozen__split08__seed0,officehome,frozen,0.3,4,243|251|266|240,1,1,0.2581119330763272,0.16245015613920666,1,1,0.25305834351200285,0.24881747590867245,0
officehome_convnext_frozen__split08__seed1,officehome,frozen,0.05,4,254|246|237|263,0,,,0.0,0,,,0.0,0
officehome_convnext_frozen__split08__seed1,officehome,frozen,0.1,4,254|246|237|263,0,,,0.0,0,,,0.0,0
officehome_convnext_frozen__split08__seed1,officehome,frozen,0.15,4,254|246|237|263,0,,,0.0,0,,,0.0,0
officehome_convnext_frozen__split08__seed1,officehome,frozen,0.2,4,254|246|237|263,0,,,0.0,1,8,0.19838384603474676,0.10203214589976911,1
officehome_convnext_frozen__split08__seed1,officehome,frozen,0.25,4,254|246|237|263,0,,,0.0,1,0,0.2240429324767655,0.13919652072355426,1
officehome_convnext_frozen__split08__seed1,officehome,frozen,0.3,4,254|246|237|263,1,9,0.2870329434517584,0.16635327410173809,1,1,0.29333501718423194,0.25745892141290977,0
officehome_convnext_frozen__split08__seed2,officehome,frozen,0.05,4,260|240|272|228,0,,,0.0,0,,,0.0,0
officehome_convnext_frozen__split08__seed2,officehome,frozen,0.1,4,260|240|272|228,0,,,0.0,0,,,0.0,0
officehome_convnext_frozen__split08__seed2,officehome,frozen,0.15,4,260|240|272|228,0,,,0.0,0,,,0.0,0
officehome_convnext_frozen__split08__seed2,officehome,frozen,0.2,4,260|240|272|228,0,,,0.0,1,8,0.1807684433539309,0.10356052573489262,1
officehome_convnext_frozen__split08__seed2,officehome,frozen,0.25,4,260|240|272|228,1,0,0.2038688460025806,0.09811900068108094,1,9,0.24308287013983082,0.20542278401965536,0
officehome_convnext_frozen__split08__seed2,officehome,frozen,0.3,4,260|240|272|228,1,8,0.24226242397115016,0.1123235227214349,1,1,0.268028234324194,0.23573374082514215,0
officehome_convnext_frozen__split08__seed3,officehome,frozen,0.05,4,254|257|237|252,0,,,0.0,0,,,0.0,0
officehome_convnext_frozen__split08__seed3,officehome,frozen,0.1,4,254|257|237|252,0,,,0.0,0,,,0.0,0
officehome_convnext_frozen__split08__seed3,officehome,frozen,0.15,4,254|257|237|252,0,,,0.0,0,,,0.0,0
officehome_convnext_frozen__split08__seed3,officehome,frozen,0.2,4,254|257|237|252,0,,,0.0,0,,,0.0,0
officehome_convnext_frozen__split08__seed3,officehome,frozen,0.25,4,254|257|237|252,1,0,0.21329502823004037,0.08219925306102352,1,1,0.24184654162108254,0.20965707574908662,0
officehome_convnext_frozen__split08__seed3,officehome,frozen,0.3,4,254|257|237|252,1,1,0.24866285225614493,0.1683070482333985,1,1,0.2504654981181028,0.2395953734983273,0
officehome_convnext_frozen__split08__seed4,officehome,frozen,0.05,4,245|238|263|254,0,,,0.0,0,,,0.0,0
officehome_convnext_frozen__split08__seed4,officehome,frozen,0.1,4,245|238|263|254,0,,,0.0,0,,,0.0,0
officehome_convnext_frozen__split08__seed4,officehome,frozen,0.15,4,245|238|263|254,0,,,0.0,0,,,0.0,0
officehome_convnext_frozen__split08__seed4,officehome,frozen,0.2,4,245|238|263|254,1,4,0.17996968393833715,0.025898605330860705,1,1,0.19452059341882116,0.18170289566738368,0
officehome_convnext_frozen__split08__seed4,officehome,frozen,0.25,4,245|238|263|254,1,9,0.24709622245778515,0.13145610142769643,1,6,0.24055758153110157,0.2098403525287598,0
officehome_convnext_frozen__split08__seed4,officehome,frozen,0.3,4,245|238|263|254,1,1,0.2692057590441243,0.15757975223571646,1,6,0.2834527340615926,0.2691468876556455,0
officehome_convnext_frozen__split09__seed0,officehome,frozen,0.05,4,253|230|269|248,0,,,0.0,0,,,0.0,0
officehome_convnext_frozen__split09__seed0,officehome,frozen,0.1,4,253|230|269|248,0,,,0.0,0,,,0.0,0
officehome_convnext_frozen__split09__seed0,officehome,frozen,0.15,4,253|230|269|248,0,,,0.0,1,9,0.14795451864164968,0.19919275944870424,1
officehome_convnext_frozen__split09__seed0,officehome,frozen,0.2,4,253|230|269|248,1,0,0.19577877390945944,0.10462456687332722,1,9,0.1580628086389294,0.23371603392149054,0
officehome_convnext_frozen__split09__seed0,officehome,frozen,0.25,4,253|230|269|248,1,9,0.24127009704552604,0.18359843643923612,1,9,0.20131906612816217,0.26537189838315184,0
officehome_convnext_frozen__split09__seed0,officehome,frozen,0.3,4,253|230|269|248,1,1,0.27185380025201966,0.20796057949158991,1,2,0.2863242747063021,0.34434200916201135,0
officehome_convnext_frozen__split09__seed1,officehome,frozen,0.05,4,239|276|258|227,0,,,0.0,0,,,0.0,0
officehome_convnext_frozen__split09__seed1,officehome,frozen,0.1,4,239|276|258|227,0,,,0.0,0,,,0.0,0
officehome_convnext_frozen__split09__seed1,officehome,frozen,0.15,4,239|276|258|227,0,,,0.0,1,0,0.14729590468943848,0.1371422065625872,1
officehome_convnext_frozen__split09__seed1,officehome,frozen,0.2,4,239|276|258|227,1,1,0.199699732677872,0.14283907013537375,1,1,0.17977814096095718,0.22524528986022602,0
officehome_convnext_frozen__split09__seed1,officehome,frozen,0.25,4,239|276|258|227,1,1,0.229626123738599,0.16036059208538628,1,1,0.2198275130953111,0.25231057475162344,0
officehome_convnext_frozen__split09__seed1,officehome,frozen,0.3,4,239|276|258|227,1,9,0.2713946726839933,0.17614119267141148,1,6,0.29210857857610617,0.2776040427544233,0
officehome_convnext_frozen__split09__seed2,officehome,frozen,0.05,4,255|262|237|246,0,,,0.0,0,,,0.0,0
officehome_convnext_frozen__split09__seed2,officehome,frozen,0.1,4,255|262|237|246,0,,,0.0,0,,,0.0,0
officehome_convnext_frozen__split09__seed2,officehome,frozen,0.15,4,255|262|237|246,0,,,0.0,1,1,0.14859810879454388,0.1959701349272775,1
officehome_convnext_frozen__split09__seed2,officehome,frozen,0.2,4,255|262|237|246,1,1,0.1938036537530694,0.15389040374827606,1,1,0.18677280935680363,0.22947646551307968,0
officehome_convnext_frozen__split09__seed2,officehome,frozen,0.25,4,255|262|237|246,1,9,0.23600278787691767,0.17893541013275951,1,2,0.2474252858643347,0.29749635634576843,0
officehome_convnext_frozen__split09__seed2,officehome,frozen,0.3,4,255|262|237|246,1,9,0.26441615429104,0.20232216325796593,1,2,0.29175979504341876,0.3401941818660613,0
officehome_convnext_frozen__split09__seed3,officehome,frozen,0.05,4,244|249|281|226,0,,,0.0,0,,,0.0,0
officehome_convnext_frozen__split09__seed3,officehome,frozen,0.1,4,244|249|281|226,0,,,0.0,0,,,0.0,0
officehome_convnext_frozen__split09__seed3,officehome,frozen,0.15,4,244|249|281|226,0,,,0.0,1,0,0.14143810335657458,0.15507517293469925,1
officehome_convnext_frozen__split09__seed3,officehome,frozen,0.2,4,244|249|281|226,0,,,0.0,1,1,0.18186482186656017,0.2337651541123106,1
officehome_convnext_frozen__split09__seed3,officehome,frozen,0.25,4,244|249|281|226,1,8,0.22928382388085497,0.11636710296673679,1,9,0.22872110864441303,0.26813483185748654,0
officehome_convnext_frozen__split09__seed3,officehome,frozen,0.3,4,244|249|281|226,1,8,0.2701919077673267,0.1364174075170407,1,2,0.297195402319237,0.33788303342634285,0
officehome_convnext_frozen__split09__seed4,officehome,frozen,0.05,4,252|246|252|250,0,,,0.0,0,,,0.0,0
officehome_convnext_frozen__split09__seed4,officehome,frozen,0.1,4,252|246|252|250,0,,,0.0,0,,,0.0,0
officehome_convnext_frozen__split09__seed4,officehome,frozen,0.15,4,252|246|252|250,0,,,0.0,0,,,0.0,0
officehome_convnext_frozen__split09__seed4,officehome,frozen,0.2,4,252|246|252|250,0,,,0.0,1,0,0.16040914376397364,0.17024228181404744,1
officehome_convnext_frozen__split09__seed4,officehome,frozen,0.25,4,252|246|252|250,0,,,0.0,1,1,0.22358324697867377,0.2667955637979402,1
officehome_convnext_frozen__split09__seed4,officehome,frozen,0.3,4,252|246|252|250,1,8,0.2604424422208048,0.13825021910065605,1,1,0.2558774470822647,0.2914411506396969,0
officehome_convnext_full__split00__seed0,officehome,full,0.05,4,234|274|247|245,0,,,0.0,0,,,0.0,0
officehome_convnext_full__split00__seed0,officehome,full,0.1,4,234|274|247|245,0,,,0.0,0,,,0.0,0
officehome_convnext_full__split00__seed0,officehome,full,0.15,4,234|274|247|245,1,0,0.1488529658072031,0.08794930967685395,1,0,0.14080431778228303,0.1409079145428731,0
officehome_convnext_full__split00__seed0,officehome,full,0.2,4,234|274|247|245,1,5,0.1874653953397383,0.1430744369425821,1,5,0.1861471196976171,0.2177307728898043,0
officehome_convnext_full__split00__seed0,officehome,full,0.25,4,234|274|247|245,1,1,0.246906520754549,0.2274812912893433,1,5,0.23759380776292974,0.28209602146295143,0
officehome_convnext_full__split00__seed0,officehome,full,0.3,4,234|274|247|245,1,2,0.2951281659233869,0.3222227964904856,1,2,0.2895795755697456,0.3714216259234756,0
officehome_convnext_full__split00__seed1,officehome,full,0.05,4,240|255|244|261,0,,,0.0,0,,,0.0,0
officehome_convnext_full__split00__seed1,officehome,full,0.1,4,240|255|244|261,0,,,0.0,0,,,0.0,0
officehome_convnext_full__split00__seed1,officehome,full,0.15,4,240|255|244|261,1,0,0.13984486522683776,0.10293670569702644,1,5,0.14935273238281738,0.1824730985094751,0
officehome_convnext_full__split00__seed1,officehome,full,0.2,4,240|255|244|261,1,1,0.18544490422165283,0.20417137204846875,1,1,0.1762311351152725,0.25273465049784144,0
officehome_convnext_full__split00__seed1,officehome,full,0.25,4,240|255|244|261,1,2,0.2492568857970523,0.28610427848223813,1,2,0.24064678236915452,0.3324625946874732,0
officehome_convnext_full__split00__seed1,officehome,full,0.3,4,240|255|244|261,1,5,0.24397770103637947,0.26742582133505477,1,6,0.29459008312583634,0.39059279797950713,0
officehome_convnext_full__split00__seed2,officehome,full,0.05,4,254|233|251|262,0,,,0.0,0,,,0.0,0
officehome_convnext_full__split00__seed2,officehome,full,0.1,4,254|233|251|262,0,,,0.0,0,,,0.0,0
officehome_convnext_full__split00__seed2,officehome,full,0.15,4,254|233|251|262,1,0,0.1270656131554062,0.11776792156769954,1,5,0.14927482726139174,0.18748136599942045,0
officehome_convnext_full__split00__seed2,officehome,full,0.2,4,254|233|251|262,1,1,0.1678917557402427,0.2186728464758448,1,1,0.17082235114993444,0.25347022063150815,0
officehome_convnext_full__split00__seed2,officehome,full,0.25,4,254|233|251|262,1,1,0.19660606929506622,0.24492413239932725,1,9,0.19851371789949002,0.27806676001759034,0
officehome_convnext_full__split00__seed2,officehome,full,0.3,4,254|233|251|262,1,9,0.2400514418812291,0.27724673479994766,1,9,0.23580137041872376,0.3086332075686549,0
officehome_convnext_full__split00__seed3,officehome,full,0.05,4,268|227|254|251,0,,,0.0,0,,,0.0,0
officehome_convnext_full__split00__seed3,officehome,full,0.1,4,268|227|254|251,0,,,0.0,0,,,0.0,0
officehome_convnext_full__split00__seed3,officehome,full,0.15,4,268|227|254|251,0,,,0.0,1,8,0.1445733675674405,0.14679102150088016,1
officehome_convnext_full__split00__seed3,officehome,full,0.2,4,268|227|254|251,1,8,0.18756053203950726,0.1430744369425821,1,1,0.18247525117852031,0.26277143886888343,0
officehome_convnext_full__split00__seed3,officehome,full,0.25,4,268|227|254|251,1,9,0.1960939806283572,0.23297339387188334,1,10,0.24955005268276192,0.3255538861639683,0
officehome_convnext_full__split00__seed3,officehome,full,0.3,4,268|227|254|251,1,9,0.24118152535150428,0.25689647611389155,1,2,0.296252333694826,0.37566073390647803,0
officehome_convnext_full__split00__seed4,officehome,full,0.05,4,242|264|245|249,0,,,0.0,0,,,0.0,0
officehome_convnext_full__split00__seed4,officehome,full,0.1,4,242|264|245|249,0,,,0.0,0,,,0.0,0
officehome_convnext_full__split00__seed4,officehome,full,0.15,4,242|264|245|249,1,8,0.13697571428227298,0.13605806468677725,1,0,0.12574164948511563,0.17260208251685655,0
officehome_convnext_full__split00__seed4,officehome,full,0.2,4,242|264|245|249,1,9,0.19569155776388086,0.20381404435430084,1,1,0.19324665280921732,0.26334976840780333,0
officehome_convnext_full__split00__seed4,officehome,full,0.25,4,242|264|245|249,1,1,0.23078822903730692,0.2311414670219574,1,10,0.24864609161193124,0.33454170553548124,0
officehome_convnext_full__split00__seed4,officehome,full,0.3,4,242|264|245|249,1,9,0.22605249063304217,0.25689647611389155,1,6,0.290637420730318,0.3850220525856665,0
officehome_convnext_full__split01__seed0,officehome,full,0.05,4,233|257|259|251,0,,,0.0,0,,,0.0,0
officehome_convnext_full__split01__seed0,officehome,full,0.1,4,233|257|259|251,0,,,0.0,0,,,0.0,0
officehome_convnext_full__split01__seed0,officehome,full,0.15,4,233|257|259|251,0,,,0.0,0,,,0.0,0
officehome_convnext_full__split01__seed0,officehome,full,0.2,4,233|257|259|251,1,4,0.19060724805265328,0.08424854590934602,1,4,0.18167997454702967,0.1743142828602129,0
officehome_convnext_full__split01__seed0,officehome,full,0.25,4,233|257|259|251,1,1,0.23941875478789287,0.14711953163364216,1,5,0.24990373102502195,0.2660961804786913,0
officehome_convnext_full__split01__seed0,officehome,full,0.3,4,233|257|259|251,1,5,0.2835822667071178,0.19098746722018264,1,6,0.2923842982706121,0.33441781309390695,0
officehome_convnext_full__split01__seed1,officehome,full,0.05,4,250|247|258|245,0,,,0.0,0,,,0.0,0
officehome_convnext_full__split01__seed1,officehome,full,0.1,4,250|247|258|245,0,,,0.0,0,,,0.0,0
officehome_convnext_full__split01__seed1,officehome,full,0.15,4,250|247|258|245,0,,,0.0,0,,,0.0,0
officehome_convnext_full__split01__seed1,officehome,full,0.2,4,250|247|258|245,1,8,0.19994177745159214,0.08731253060325739,1,1,0.19988291419102247,0.21970798003665204,0
officehome_convnext_full__split01__seed1,officehome,full,0.25,4,250|247|258|245,1,2,0.2448959177480807,0.21573196575005388,1,6,0.24240115132248286,0.2952826503234881,0
officehome_convnext_full__split01__seed1,officehome,full,0.3,4,250|247|258|245,1,10,0.29071164540574146,0.2608411090970052,1,2,0.28826836914780896,0.34706832986471536,0
officehome_convnext_full__split01__seed2,officehome,full,0.05,4,240|251|263|246,0,,,0.0,0,,,0.0,0
officehome_convnext_full__split01__seed2,officehome,full,0.1,4,240|251|263|246,0,,,0.0,0,,,0.0,0
officehome_convnext_full__split01__seed2,officehome,full,0.15,4,240|251|263|246,0,,,0.0,0,,,0.0,0
officehome_convnext_full__split01__seed2,officehome,full,0.2,4,240|251|263|246,1,0,0.1763009347816085,0.10589643735940987,1,4,0.1740194335134474,0.1750612164318197,0
officehome_convnext_full__split01__seed2,officehome,full,0.25,4,240|251|263|246,1,10,0.24900869422881328,0.2440540770285536,1,5,0.2323148455086779,0.2710666265622673,0
officehome_convnext_full__split01__seed2,officehome,full,0.3,4,240|251|263|246,1,6,0.28544901404946715,0.3048911637424792,1,6,0.2904687746728999,0.3613110425814748,0
officehome_convnext_full__split01__seed3,officehome,full,0.05,4,271|232|241|256,0,,,0.0,0,,,0.0,0
officehome_convnext_full__split01__seed3,officehome,full,0.1,4,271|232|241|256,0,,,0.0,0,,,0.0,0
officehome_convnext_full__split01__seed3,officehome,full,0.15,4,271|232|241|256,1,8,0.14803223117493192,0.07210207583706672,1,8,0.14768386448574533,0.12862156727460855,0
officehome_convnext_full__split01__seed3,officehome,full,0.2,4,271|232|241|256,1,8,0.17188366703976174,0.10122033878276185,1,5,0.19554252182939902,0.21399613154634414,0
officehome_convnext_full__split01__seed3,officehome,full,0.25,4,271|232|241|256,1,9,0.231688449865837,0.16325669813071983,1,1,0.2302158997921671,0.2641116368272722,0
officehome_convnext_full__split01__seed3,officehome,full,0.3,4,271|232|241|256,1,9,0.262046817220802,0.20250463465354265,1,6,0.2982351573500345,0.3426864074600557,0
officehome_convnext_full__split01__seed4,officehome,full,0.05,4,246|247|235|272,0,,,0.0,0,,,0.0,0
officehome_convnext_full__split01__seed4,officehome,full,0.1,4,246|247|235|272,0,,,0.0,0,,,0.0,0
officehome_convnext_full__split01__seed4,officehome,full,0.15,4,246|247|235|272,1,4,0.14543432010282353,0.06909524992712487,0,,,0.0,-1
officehome_convnext_full__split01__seed4,officehome,full,0.2,4,246|247|235|272,1,1,0.18812718762046543,0.15033573793590033,1,5,0.1942533295036922,0.1959080325222734,0
officehome_convnext_full__split01__seed4,officehome,full,0.25,4,246|247|235|272,1,6,0.243767583326073,0.2440540770285536,1,6,0.24803786870214284,0.302729512761968,0
officehome_convnext_full__split01__seed4,officehome,full,0.3,4,246|247|235|272,1,10,0.2866334829170742,0.2946761456432109,1,6,0.2852467267709942,0.35106832457470843,0
officehome_convnext_full__split02__seed0,officehome,full,0.05,4,263|249|238|250,0,,,0.0,0,,,0.0,0
officehome_convnext_full__split02__seed0,officehome,full,0.1,4,263|249|238|250,0,,,0.0,0,,,0.0,0
officehome_convnext_full__split02__seed0,officehome,full,0.15,4,263|249|238|250,0,,,0.0,1,4,0.13608416148937175,0.17386993164957854,1
officehome_convnext_full__split02__seed0,officehome,full,0.2,4,263|249|238|250,1,5,0.18233235934534206,0.15781548974938803,1,1,0.18718821698766436,0.24885766940145126,0
officehome_convnext_full__split02__seed0,officehome,full,0.25,4,263|249|238|250,1,2,0.2487441830094263,0.29526322887581047,1,6,0.24423239708326744,0.32437826298406236,0
officehome_convnext_full__split02__seed0,officehome,full,0.3,4,263|249|238|250,1,10,0.2967007680342684,0.31670096728211716,1,6,0.2806474544525631,0.37762315632046173,0
officehome_convnext_full__split02__seed1,officehome,full,0.05,4,244|251|257|248,0,,,0.0,0,,,0.0,0
officehome_convnext_full__split02__seed1,officehome,full,0.1,4,244|251|257|248,0,,,0.0,0,,,0.0,0
officehome_convnext_full__split02__seed1,officehome,full,0.15,4,244|251|257|248,1,8,0.13644819029418565,0.10786523419912016,1,4,0.14804988487490933,0.18546608666412664,0
officehome_convnext_full__split02__seed1,officehome,full,0.2,4,244|251|257|248,1,9,0.18769359766969065,0.197080128176376,1,9,0.1887421902567375,0.2499903766721996,0
officehome_convnext_full__split02__seed1,officehome,full,0.25,4,244|251|257|248,1,9,0.2141601206721529,0.21783581703319674,1,9,0.21415254896097763,0.2775229396963958,0
officehome_convnext_full__split02__seed1,officehome,full,0.3,4,244|251|257|248,1,10,0.2982254906420559,0.3077530004874722,1,2,0.29579695458918664,0.36983304446064513,0
officehome_convnext_full__split02__seed2,officehome,full,0.05,4,243|213|269|275,0,,,0.0,0,,,0.0,0
officehome_convnext_full__split02__seed2,officehome,full,0.1,4,243|213|269|275,1,0,0.09717444729262663,0.09647296384026414,1,0,0.09613980384824794,0.15549786100805968,0
officehome_convnext_full__split02__seed2,officehome,full,0.15,4,243|213|269|275,1,0,0.1326884247129897,0.1343015842259831,1,9,0.1438146910437752,0.21852146757337726,0
officehome_convnext_full__split02__seed2,officehome,full,0.2,4,243|213|269|275,1,9,0.18369964767059635,0.2022528908032444,1,6,0.19854735159159978,0.2675542879382291,0
officehome_convnext_full__split02__seed2,officehome,full,0.25,4,243|213|269|275,1,1,0.2127516265139735,0.23176502107404529,1,1,0.19987464678048206,0.27075117374855207,0
officehome_convnext_full__split02__seed2,officehome,full,0.3,4,243|213|269|275,1,6,0.29461015042795397,0.31670096728211716,1,6,0.28209341254165576,0.3738368454562645,0
officehome_convnext_full__split02__seed3,officehome,full,0.05,4,257|244|263|236,0,,,0.0,0,,,0.0,0
officehome_convnext_full__split02__seed3,officehome,full,0.1,4,257|244|263|236,1,0,0.08595072882356544,0.11442543090365974,1,5,0.0986183276859676,0.15616027928710574,0
officehome_convnext_full__split02__seed3,officehome,full,0.15,4,257|244|263|236,1,9,0.14753537676342607,0.20224256626163753,1,9,0.14563481936609945,0.23777496199014975,0
officehome_convnext_full__split02__seed3,officehome,full,0.2,4,257|244|263|236,1,1,0.18510549637873455,0.2283739701716799,1,1,0.18238742438481154,0.2730284641592681,0
officehome_convnext_full__split02__seed3,officehome,full,0.25,4,257|244|263|236,1,6,0.23223900589666874,0.27395666410219327,1,6,0.23783526746441896,0.3221880163283679,0
officehome_convnext_full__split02__seed3,officehome,full,0.3,4,257|244|263|236,1,6,0.2884897584717532,0.327467332999268,1,2,0.29072484941290555,0.38739691901306583,0
officehome_convnext_full__split02__seed4,officehome,full,0.05,4,257|258|240|245,0,,,0.0,0,,,0.0,0
officehome_convnext_full__split02__seed4,officehome,full,0.1,4,257|258|240|245,1,4,0.0938448537443432,0.10786523419912016,1,4,0.08952967370738962,0.1507031399437213,0
officehome_convnext_full__split02__seed4,officehome,full,0.15,4,257|258|240|245,1,9,0.14056696639215466,0.18163002014634835,1,9,0.1423253020604881,0.21835914961144826,0
officehome_convnext_full__split02__seed4,officehome,full,0.2,4,257|258|240|245,1,1,0.1761998278228957,0.21263096621315702,1,1,0.16623579620249046,0.24648378302501492,0
officehome_convnext_full__split02__seed4,officehome,full,0.25,4,257|258|240|245,1,6,0.24280255010305196,0.2686512585102916,1,2,0.24429099949495986,0.32796053016190624,0
officehome_convnext_full__split02__seed4,officehome,full,0.3,4,257|258|240|245,1,10,0.28289144757129775,0.32028628917432395,1,2,0.27459312652323714,0.35623585779670575,0
officehome_convnext_full__split03__seed0,officehome,full,0.05,4,251|232|253|264,0,,,0.0,0,,,0.0,0
officehome_convnext_full__split03__seed0,officehome,full,0.1,4,251|232|253|264,0,,,0.0,0,,,0.0,0
officehome_convnext_full__split03__seed0,officehome,full,0.15,4,251|232|253|264,0,,,0.0,1,1,0.14903676186646792,0.20381578723060145,1
officehome_convnext_full__split03__seed0,officehome,full,0.2,4,251|232|253|264,1,5,0.1865278544857659,0.1425659097793796,1,1,0.17503874118307333,0.22570028159395242,0
officehome_convnext_full__split03__seed0,officehome,full,0.25,4,251|232|253|264,1,10,0.24823956757877616,0.20618285718093318,1,2,0.24263291880874993,0.31386993492450327,0
officehome_convnext_full__split03__seed0,officehome,full,0.3,4,251|232|253|264,1,10,0.29482922342410933,0.24953959471768442,1,2,0.2756561175971183,0.35506061819481166,0
officehome_convnext_full__split03__seed1,officehome,full,0.05,4,253|262|231|254,0,,,0.0,0,,,0.0,0
officehome_convnext_full__split03__seed1,officehome,full,0.1,4,253|262|231|254,0,,,0.0,0,,,0.0,0
officehome_convnext_full__split03__seed1,officehome,full,0.15,4,253|262|231|254,0,,,0.0,0,,,0.0,0
officehome_convnext_full__split03__seed1,officehome,full,0.2,4,253|262|231|254,1,9,0.19394624750485187,0.13136802707097375,1,9,0.1985699371326567,0.2065238731139979,0
officehome_convnext_full__split03__seed1,officehome,full,0.25,4,253|262|231|254,1,1,0.2266017193908801,0.17495182492366923,1,1,0.229115224217533,0.24669537389032697,0
officehome_convnext_full__split03__seed1,officehome,full,0.3,4,253|262|231|254,1,1,0.2563999859644948,0.1913375414450806,1,5,0.25311588462687307,0.27853056023307343,0
officehome_convnext_full__split03__seed2,officehome,full,0.05,4,240|251|249|260,0,,,0.0,0,,,0.0,0
officehome_convnext_full__split03__seed2,officehome,full,0.1,4,240|251|249|260,0,,,0.0,0,,,0.0,0
officehome_convnext_full__split03__seed2,officehome,full,0.15,4,240|251|249|260,0,,,0.0,0,,,0.0,0
officehome_convnext_full__split03__seed2,officehome,full,0.2,4,240|251|249|260,1,5,0.18996962469318568,0.0920942232572229,1,1,0.1958023876474094,0.21765223931810795,0
officehome_convnext_full__split03__seed2,officehome,full,0.25,4,240|251|249|260,1,9,0.21705095161947738,0.16031074311143073,1,10,0.24257621388941353,0.29659439913493385,0
officehome_convnext_full__split03__seed2,officehome,full,0.3,4,240|251|249|260,1,1,0.23583073956983924,0.18476900116210634,1,10,0.2954040079531725,0.3598343243967679,0
officehome_convnext_full__split03__seed3,officehome,full,0.05,4,259|275|235|231,0,,,0.0,0,,,0.0,0
officehome_convnext_full__split03__seed3,officehome,full,0.1,4,259|275|235|231,0,,,0.0,0,,,0.0,0
officehome_convnext_full__split03__seed3,officehome,full,0.15,4,259|275|235|231,0,,,0.0,0,,,0.0,0
officehome_convnext_full__split03__seed3,officehome,full,0.2,4,259|275|235|231,1,5,0.19426111824628692,0.11866983991716763,1,5,0.1994894407402298,0.2189591431773654,0
officehome_convnext_full__split03__seed3,officehome,full,0.25,4,259|275|235|231,1,1,0.24432952300581487,0.14577922094098544,1,1,0.23494819785101986,0.2497627650736673,0
officehome_convnext_full__split03__seed3,officehome,full,0.3,4,259|275|235|231,1,6,0.29272703214721435,0.22777795199612724,1,2,0.2978642482973112,0.34852990352284763,0
officehome_convnext_full__split03__seed4,officehome,full,0.05,4,220|263|241|276,0,,,0.0,0,,,0.0,0
officehome_convnext_full__split03__seed4,officehome,full,0.1,4,220|263|241|276,0,,,0.0,0,,,0.0,0
officehome_convnext_full__split03__seed4,officehome,full,0.15,4,220|263|241|276,0,,,0.0,0,,,0.0,0
officehome_convnext_full__split03__seed4,officehome,full,0.2,4,220|263|241|276,1,5,0.192692762449492,0.11393755161558802,1,5,0.18180189928920384,0.20726891417888835,0
officehome_convnext_full__split03__seed4,officehome,full,0.25,4,220|263|241|276,1,0,0.17949274753508668,0.0859348769766428,1,2,0.2491413022725586,0.2949533590152247,0
officehome_convnext_full__split03__seed4,officehome,full,0.3,4,220|263|241|276,1,5,0.262046817220802,0.20287620431487574,1,10,0.2957396815764427,0.338498879147741,0
officehome_convnext_full__split04__seed0,officehome,full,0.05,4,241|257|256|246,0,,,0.0,0,,,0.0,0
officehome_convnext_full__split04__seed0,officehome,full,0.1,4,241|257|256|246,0,,,0.0,0,,,0.0,0
officehome_convnext_full__split04__seed0,officehome,full,0.15,4,241|257|256|246,1,8,0.13599692797442292,0.09012332281559499,1,1,0.14622458124541443,0.18863966933243026,0
officehome_convnext_full__split04__seed0,officehome,full,0.2,4,241|257|256|246,1,5,0.1920778208943659,0.1697865555346092,1,5,0.1803885661765675,0.22090907301809953,0
officehome_convnext_full__split04__seed0,officehome,full,0.25,4,241|257|256|246,1,10,0.24688208117090762,0.24043429702093005,1,10,0.24261941451330588,0.2997141354335403,0
officehome_convnext_full__split04__seed0,officehome,full,0.3,4,241|257|256|246,1,6,0.2587619710241664,0.2649468613874858,1,2,0.28737903328323905,0.3424029791463509,0
officehome_convnext_full__split04__seed1,officehome,full,0.05,4,230|250|268|252,0,,,0.0,0,,,0.0,0
officehome_convnext_full__split04__seed1,officehome,full,0.1,4,230|250|268|252,1,4,0.09651277941601108,0.07070035092839323,1,4,0.09571853716986693,0.09794374846529758,0
officehome_convnext_full__split04__seed1,officehome,full,0.15,4,230|250|268|252,1,4,0.1037407997283496,0.09262697527128277,1,4,0.10075895120980569,0.12010354365978483,0
officehome_convnext_full__split04__seed1,officehome,full,0.2,4,230|250|268|252,1,8,0.17820027084178025,0.1116280458255125,1,1,0.19297529806992034,0.19955465780052592,0
officehome_convnext_full__split04__seed1,officehome,full,0.25,4,230|250|268|252,1,9,0.22859678073218578,0.1892531931114999,1,2,0.24760481859631797,0.295011591791337,0
officehome_convnext_full__split04__seed1,officehome,full,0.3,4,230|250|268|252,1,6,0.28555056103367904,0.2772825358704875,1,10,0.29808497589544586,0.36215761228928656,0
officehome_convnext_full__split04__seed2,officehome,full,0.05,4,241|258|256|245,0,,,0.0,0,,,0.0,0
officehome_convnext_full__split04__seed2,officehome,full,0.1,4,241|258|256|245,0,,,0.0,0,,,0.0,0
officehome_convnext_full__split04__seed2,officehome,full,0.15,4,241|258|256|245,0,,,0.0,1,4,0.13864523947838595,0.13562547803971642,1
officehome_convnext_full__split04__seed2,officehome,full,0.2,4,241|258|256|245,1,6,0.19832226506741069,0.17755710911728248,1,2,0.19909857260535418,0.255096939187899,0
officehome_convnext_full__split04__seed2,officehome,full,0.25,4,241|258|256|245,1,6,0.24873295181782498,0.23053366961713354,1,10,0.23817972587233127,0.30718793429416563,0
officehome_convnext_full__split04__seed2,officehome,full,0.3,4,241|258|256|245,1,1,0.23594300974232388,0.22263219269290727,1,10,0.28318381543018645,0.35562833522789383,0
officehome_convnext_full__split04__seed3,officehome,full,0.05,4,245|233|261|261,0,,,0.0,0,,,0.0,0
officehome_convnext_full__split04__seed3,officehome,full,0.1,4,245|233|261|261,0,,,0.0,0,,,0.0,0
officehome_convnext_full__split04__seed3,officehome,full,0.15,4,245|233|261|261,0,,,0.0,0,,,0.0,0
officehome_convnext_full__split04__seed3,officehome,full,0.2,4,245|233|261|261,0,,,0.0,1,4,0.17705108854816565,0.10545084141082513,1
officehome_convnext_full__split04__seed3,officehome,full,0.25,4,245|233|261|261,1,0,0.1993493707898387,0.06751117650226246,1,9,0.23341405441171906,0.20428001742054747,0
officehome_convnext_full__split04__seed3,officehome,full,0.3,4,245|233|261|261,1,4,0.2707782442560945,0.09504725183310582,1,6,0.29229446885740934,0.27592949419757234,0
officehome_convnext_full__split04__seed4,officehome,full,0.05,4,267|267|233|233,0,,,0.0,0,,,0.0,0
officehome_convnext_full__split04__seed4,officehome,full,0.1,4,267|267|233|233,0,,,0.0,0,,,0.0,0
officehome_convnext_full__split04__seed4,officehome,full,0.15,4,267|267|233|233,0,,,0.0,1,8,0.13214983955417497,0.13063615736325287,1
officehome_convnext_full__split04__seed4,officehome,full,0.2,4,267|267|233|233,0,,,0.0,1,1,0.18221773800278385,0.18783153647391246,1
officehome_convnext_full__split04__seed4,officehome,full,0.25,4,267|267|233|233,0,,,0.0,1,1,0.21674749038549695,0.2428613183349897,1
officehome_convnext_full__split04__seed4,officehome,full,0.3,4,267|267|233|233,1,8,0.2745896397102846,0.1335183774652336,1,9,0.2600391977954819,0.27530607652396616,0
officehome_convnext_full__split05__seed0,officehome,full,0.05,4,239|240|250|271,0,,,0.0,0,,,0.0,0
officehome_convnext_full__split05__seed0,officehome,full,0.1,4,239|240|250|271,0,,,0.0,0,,,0.0,0
officehome_convnext_full__split05__seed0,officehome,full,0.15,4,239|240|250|271,1,4,0.13175318039677195,0.11713475210815287,1,4,0.1272703393858638,0.1674563220918945,0
officehome_convnext_full__split05__seed0,officehome,full,0.2,4,239|240|250|271,1,4,0.17607003301167262,0.14163232913274687,1,4,0.15692088412289157,0.2114719849968905,0
officehome_convnext_full__split05__seed0,officehome,full,0.25,4,239|240|250|271,1,0,0.21746684303926853,0.19167740798380162,1,5,0.2403011649606279,0.31500347500031106,0
officehome_convnext_full__split05__seed0,officehome,full,0.3,4,239|240|250|271,1,5,0.2937350883025565,0.25145051619115566,1,6,0.2992323356084361,0.388452869366973,0
officehome_convnext_full__split05__seed1,officehome,full,0.05,4,250|237|258|255,0,,,0.0,0,,,0.0,0
officehome_convnext_full__split05__seed1,officehome,full,0.1,4,250|237|258|255,1,0,0.09651277941601108,0.06806932202312942,1,4,0.09590790285846439,0.1324699030954507,0
officehome_convnext_full__split05__seed1,officehome,full,0.15,4,250|237|258|255,1,0,0.10345008727410468,0.12200146787725581,1,5,0.1487039318958821,0.22424338948553618,0
officehome_convnext_full__split05__seed1,officehome,full,0.2,4,250|237|258|255,1,9,0.1923126037778565,0.21014199156621516,1,1,0.18085296683720184,0.25318448798849524,0
officehome_convnext_full__split05__seed1,officehome,full,0.25,4,250|237|258|255,1,1,0.21569964077758824,0.24659075013750945,1,10,0.2499586856697818,0.3361439851059387,0
officehome_convnext_full__split05__seed1,officehome,full,0.3,4,250|237|258|255,1,6,0.2792413584591116,0.32474887343962305,1,6,0.2691975822943625,0.38007968916100837,0
officehome_convnext_full__split05__seed2,officehome,full,0.05,4,270|232|251|247,0,,,0.0,0,,,0.0,0
officehome_convnext_full__split05__seed2,officehome,full,0.1,4,270|232|251|247,1,4,0.09937652153658576,0.07115300847059852,0,,,0.0,-1
officehome_convnext_full__split05__seed2,officehome,full,0.15,4,270|232|251|247,1,4,0.14630622357907402,0.09944863942477739,1,4,0.12485027862893175,0.14488738526502307,0
officehome_convnext_full__split05__seed2,officehome,full,0.2,4,270|232|251|247,1,1,0.1941445159129865,0.2103188289596426,1,5,0.19121760101161348,0.24534790083630287,0
officehome_convnext_full__split05__seed2,officehome,full,0.25,4,270|232|251|247,1,1,0.21216623608735927,0.23595631146964383,1,5,0.21760455141915877,0.2802750670322132,0
officehome_convnext_full__split05__seed2,officehome,full,0.3,4,270|232|251|247,1,6,0.28244863503158185,0.3001439027212756,1,6,0.2758202583860372,0.366481572269218,0
officehome_convnext_full__split05__seed3,officehome,full,0.05,4,241|246|269|244,0,,,0.0,0,,,0.0,0
officehome_convnext_full__split05__seed3,officehome,full,0.1,4,241|246|269|244,0,,,0.0,0,,,0.0,0
officehome_convnext_full__split05__seed3,officehome,full,0.15,4,241|246|269|244,1,4,0.12986367145593894,0.11067359946754153,1,4,0.12825496945664477,0.15818720542971018,0
officehome_convnext_full__split05__seed3,officehome,full,0.2,4,241|246|269|244,1,5,0.1937807020564052,0.18157075276394413,1,5,0.1937812690776216,0.2490779053571094,0
officehome_convnext_full__split05__seed3,officehome,full,0.25,4,241|246|269|244,1,1,0.22932424355924566,0.2635562126696022,1,1,0.2322882336088175,0.29639347793846815,0
officehome_convnext_full__split05__seed3,officehome,full,0.3,4,241|246|269|244,1,1,0.27265766705105854,0.30139101479394304,1,1,0.25658470964278673,0.3316057467263456,0
officehome_convnext_full__split05__seed4,officehome,full,0.05,4,260|240|258|242,0,,,0.0,0,,,0.0,0
officehome_convnext_full__split05__seed4,officehome,full,0.1,4,260|240|258|242,0,,,0.0,0,,,0.0,0
officehome_convnext_full__split05__seed4,officehome,full,0.15,4,260|240|258|242,0,,,0.0,0,,,0.0,0
officehome_convnext_full__split05__seed4,officehome,full,0.2,4,260|240|258|242,1,0,0.18885429385117744,0.15983457613948088,1,4,0.19993238568519395,0.20964564906632832,0
officehome_convnext_full__split05__seed4,officehome,full,0.25,4,260|240|258|242,1,5,0.22982337766322988,0.24455425517723448,1,5,0.22272854699463182,0.2896974725847522,0
officehome_convnext_full__split05__seed4,officehome,full,0.3,4,260|240|258|242,1,1,0.2538898782591497,0.2843794626513888,1,5,0.250102965828581,0.3252051802114732,0
officehome_convnext_full__split06__seed0,officehome,full,0.05,4,263|225|250|262,0,,,0.0,0,,,0.0,0
officehome_convnext_full__split06__seed0,officehome,full,0.1,4,263|225|250|262,0,,,0.0,0,,,0.0,0
officehome_convnext_full__split06__seed0,officehome,full,0.15,4,263|225|250|262,0,,,0.0,0,,,0.0,0
officehome_convnext_full__split06__seed0,officehome,full,0.2,4,263|225|250|262,0,,,0.0,1,0,0.17851792430931424,0.18944619505474738,1
officehome_convnext_full__split06__seed0,officehome,full,0.25,4,263|225|250|262,1,0,0.24887861860295035,0.13533520866408058,1,9,0.2393452891202803,0.2874060520627053,0
officehome_convnext_full__split06__seed0,officehome,full,0.3,4,263|225|250|262,1,5,0.2771132995462405,0.18994203167468954,1,10,0.2974440184780881,0.363166840844423,0
officehome_convnext_full__split06__seed1,officehome,full,0.05,4,266|241|243|250,0,,,0.0,0,,,0.0,0
officehome_convnext_full__split06__seed1,officehome,full,0.1,4,266|241|243|250,0,,,0.0,0,,,0.0,0
officehome_convnext_full__split06__seed1,officehome,full,0.15,4,266|241|243|250,0,,,0.0,0,,,0.0,0
officehome_convnext_full__split06__seed1,officehome,full,0.2,4,266|241|243|250,0,,,0.0,1,8,0.17235621306657017,0.1423418425720132,1
officehome_convnext_full__split06__seed1,officehome,full,0.25,4,266|241|243|250,1,1,0.24946346880469,0.22127666563104376,1,1,0.22807171841216656,0.2703336707380643,0
officehome_convnext_full__split06__seed1,officehome,full,0.3,4,266|241|243|250,1,9,0.26619782633185385,0.2600760902029394,1,1,0.24667912673422449,0.30731048830530316,0
officehome_convnext_full__split06__seed2,officehome,full,0.05,4,237|281|232|250,0,,,0.0,0,,,0.0,0
officehome_convnext_full__split06__seed2,officehome,full,0.1,4,237|281|232|250,0,,,0.0,0,,,0.0,0
officehome_convnext_full__split06__seed2,officehome,full,0.15,4,237|281|232|250,0,,,0.0,0,,,0.0,0
officehome_convnext_full__split06__seed2,officehome,full,0.2,4,237|281|232|250,0,,,0.0,0,,,0.0,0
officehome_convnext_full__split06__seed2,officehome,full,0.25,4,237|281|232|250,1,5,0.23875325352718718,0.14207224236463586,1,5,0.24771187192573785,0.25967405328583015,0
officehome_convnext_full__split06__seed2,officehome,full,0.3,4,237|281|232|250,1,5,0.26515423377588526,0.17614818385617376,1,1,0.28436311687111415,0.32887139036976487,0
officehome_convnext_full__split06__seed3,officehome,full,0.05,4,250|269|264|217,0,,,0.0,0,,,0.0,0
officehome_convnext_full__split06__seed3,officehome,full,0.1,4,250|269|264|217,0,,,0.0,0,,,0.0,0
officehome_convnext_full__split06__seed3,officehome,full,0.15,4,250|269|264|217,0,,,0.0,0,,,0.0,0
officehome_convnext_full__split06__seed3,officehome,full,0.2,4,250|269|264|217,0,,,0.0,1,5,0.19885510172239973,0.222499217100191,1
officehome_convnext_full__split06__seed3,officehome,full,0.25,4,250|269|264|217,1,9,0.2486950824220847,0.22829199612402437,1,1,0.2474421430062662,0.29197723607537385,0
officehome_convnext_full__split06__seed3,officehome,full,0.3,4,250|269|264|217,1,1,0.2730922911474806,0.240611543882871,1,1,0.27696776518420807,0.32420050303420245,0
officehome_convnext_full__split06__seed4,officehome,full,0.05,4,248|267|252|233,0,,,0.0,0,,,0.0,0
officehome_convnext_full__split06__seed4,officehome,full,0.1,4,248|267|252|233,0,,,0.0,0,,,0.0,0
officehome_convnext_full__split06__seed4,officehome,full,0.15,4,248|267|252|233,0,,,0.0,0,,,0.0,0
officehome_convnext_full__split06__seed4,officehome,full,0.2,4,248|267|252|233,1,8,0.16300333895981386,0.10869314463638123,1,1,0.18461736000233725,0.2472483796943784,0
officehome_convnext_full__split06__seed4,officehome,full,0.25,4,248|267|252|233,1,1,0.23873603678188987,0.22302879903744882,1,9,0.22987945595938258,0.2977145262859622,0
officehome_convnext_full__split06__seed4,officehome,full,0.3,4,248|267|252|233,1,9,0.2723012564256016,0.25475516657453307,1,9,0.2583792578605495,0.3263844515244494,0
officehome_convnext_full__split07__seed0,officehome,full,0.05,4,259|260|256|225,0,,,0.0,0,,,0.0,0
officehome_convnext_full__split07__seed0,officehome,full,0.1,4,259|260|256|225,0,,,0.0,0,,,0.0,0
officehome_convnext_full__split07__seed0,officehome,full,0.15,4,259|260|256|225,1,0,0.1358549106369444,0.12771770943193655,1,1,0.1437161475651016,0.21390097400463487,0
officehome_convnext_full__split07__seed0,officehome,full,0.2,4,259|260|256|225,1,1,0.1898884325695768,0.177569176764481,1,6,0.19956610817661535,0.2671934271922284,0
officehome_convnext_full__split07__seed0,officehome,full,0.25,4,259|260|256|225,1,1,0.205377459798838,0.22860527079597195,1,6,0.24003978391595832,0.32610297034349534,0
officehome_convnext_full__split07__seed0,officehome,full,0.3,4,259|260|256|225,1,6,0.2636287485483237,0.2637235765803781,1,2,0.2924480768082037,0.38423885393480983,0
officehome_convnext_full__split07__seed1,officehome,full,0.05,4,244|246|253|257,0,,,0.0,0,,,0.0,0
officehome_convnext_full__split07__seed1,officehome,full,0.1,4,244|246|253|257,0,,,0.0,0,,,0.0,0
officehome_convnext_full__split07__seed1,officehome,full,0.15,4,244|246|253|257,1,8,0.1414778839838923,0.09022314268920588,1,0,0.13220112040832918,0.14268873926526243,0
officehome_convnext_full__split07__seed1,officehome,full,0.2,4,244|246|253|257,1,8,0.19305425313740346,0.15972685237987527,1,9,0.1941158536177599,0.27131047753702064,0
officehome_convnext_full__split07__seed1,officehome,full,0.25,4,244|246|253|257,1,5,0.2471149753618421,0.2087273666898571,1,1,0.22556663263230392,0.2982385754224518,0
officehome_convnext_full__split07__seed1,officehome,full,0.3,4,244|246|253|257,1,6,0.2999358686574061,0.27889434122332957,1,6,0.28080606873266534,0.36738153666181345,0
officehome_convnext_full__split07__seed2,officehome,full,0.05,4,229|271|255|245,0,,,0.0,0,,,0.0,0
officehome_convnext_full__split07__seed2,officehome,full,0.1,4,229|271|255|245,0,,,0.0,0,,,0.0,0
officehome_convnext_full__split07__seed2,officehome,full,0.15,4,229|271|255|245,0,,,0.0,1,0,0.14692990561612373,0.15205404105041406,1
officehome_convnext_full__split07__seed2,officehome,full,0.2,4,229|271|255|245,0,,,0.0,1,1,0.1885098381409765,0.2546135066530502,1
officehome_convnext_full__split07__seed2,officehome,full,0.25,4,229|271|255|245,1,10,0.24609679121989964,0.22030517948431863,1,2,0.2456468112743122,0.3245123701165673,0
officehome_convnext_full__split07__seed2,officehome,full,0.3,4,229|271|255|245,1,2,0.29860529221878807,0.26540578334060455,1,6,0.2858232164720649,0.3616447817802151,0
officehome_convnext_full__split07__seed3,officehome,full,0.05,4,250|248|275|227,0,,,0.0,0,,,0.0,0
officehome_convnext_full__split07__seed3,officehome,full,0.1,4,250|248|275|227,1,0,0.09484400541085453,0.06747474791547182,1,0,0.09869735008236445,0.11938173051004336,0
officehome_convnext_full__split07__seed3,officehome,full,0.15,4,250|248|275|227,1,8,0.13551805213346677,0.08257098251294684,1,8,0.11471992326094675,0.14813175071808032,0
officehome_convnext_full__split07__seed3,officehome,full,0.2,4,250|248|275|227,1,8,0.19733746637016641,0.1213917649232067,1,9,0.19980372365991167,0.23248266919075322,0
officehome_convnext_full__split07__seed3,officehome,full,0.25,4,250|248|275|227,1,9,0.21759467251354062,0.17594085165983686,1,2,0.24828022534002087,0.30715816828527254,0
officehome_convnext_full__split07__seed3,officehome,full,0.3,4,250|248|275|227,1,1,0.23818209461378348,0.19227757899607414,1,6,0.2999546319906049,0.33686785071351794,0
officehome_convnext_full__split07__seed4,officehome,full,0.05,4,276|239|251|234,0,,,0.0,0,,,0.0,0
officehome_convnext_full__split07__seed4,officehome,full,0.1,4,276|239|251|234,0,,,0.0,0,,,0.0,0
officehome_convnext_full__split07__seed4,officehome,full,0.15,4,276|239|251|234,1,9,0.14707531551568676,0.10414665902418152,1,5,0.1484312460330158,0.19181862065800265,0
officehome_convnext_full__split07__seed4,officehome,full,0.2,4,276|239|251|234,1,6,0.1991411982080101,0.1564997815387721,1,2,0.19670202151411767,0.2822815248843261,0
officehome_convnext_full__split07__seed4,officehome,full,0.25,4,276|239|251|234,1,2,0.2465780029796947,0.21037824531612326,1,2,0.2378416998527194,0.31821730424928646,0
officehome_convnext_full__split07__seed4,officehome,full,0.3,4,276|239|251|234,1,10,0.2751517549269256,0.23193215786474852,1,10,0.26049827013699567,0.3391131456449502,0
officehome_convnext_full__split08__seed0,officehome,full,0.05,4,261|251|250|238,0,,,0.0,0,,,0.0,0
officehome_convnext_full__split08__seed0,officehome,full,0.1,4,261|251|250|238,0,,,0.0,0,,,0.0,0
officehome_convnext_full__split08__seed0,officehome,full,0.15,4,261|251|250|238,0,,,0.0,0,,,0.0,0
officehome_convnext_full__split08__seed0,officehome,full,0.2,4,261|251|250|238,0,,,0.0,0,,,0.0,0
officehome_convnext_full__split08__seed0,officehome,full,0.25,4,261|251|250|238,0,,,0.0,1,0,0.24371358137845633,0.12709350664703017,1
officehome_convnext_full__split08__seed0,officehome,full,0.3,4,261|251|250|238,1,9,0.2892408091209455,0.2340196844750259,1,2,0.2954779051938666,0.3403444302135389,0
officehome_convnext_full__split08__seed1,officehome,full,0.05,4,253|260|261|226,0,,,0.0,0,,,0.0,0
officehome_convnext_full__split08__seed1,officehome,full,0.1,4,253|260|261|226,0,,,0.0,0,,,0.0,0
officehome_convnext_full__split08__seed1,officehome,full,0.15,4,253|260|261|226,0,,,0.0,0,,,0.0,0
officehome_convnext_full__split08__seed1,officehome,full,0.2,4,253|260|261|226,0,,,0.0,0,,,0.0,0
officehome_convnext_full__split08__seed1,officehome,full,0.25,4,253|260|261|226,0,,,0.0,1,9,0.24952762189839767,0.21179067360184248,1
officehome_convnext_full__split08__seed1,officehome,full,0.3,4,253|260|261|226,1,1,0.2861875806626427,0.21469584481104076,1,1,0.2613525404903787,0.25001071987744705,0
officehome_convnext_full__split08__seed2,officehome,full,0.05,4,258|234|236|272,0,,,0.0,0,,,0.0,0
officehome_convnext_full__split08__seed2,officehome,full,0.1,4,258|234|236|272,0,,,0.0,0,,,0.0,0
officehome_convnext_full__split08__seed2,officehome,full,0.15,4,258|234|236|272,0,,,0.0,0,,,0.0,0
officehome_convnext_full__split08__seed2,officehome,full,0.2,4,258|234|236|272,0,,,0.0,0,,,0.0,0
officehome_convnext_full__split08__seed2,officehome,full,0.25,4,258|234|236|272,1,1,0.24666289967168656,0.18684677530007834,1,1,0.24283186248867944,0.23550603994322306,0
officehome_convnext_full__split08__seed2,officehome,full,0.3,4,258|234|236|272,1,9,0.2758286906641275,0.20945005078857817,1,10,0.29926195586349225,0.31834586298655165,0
officehome_convnext_full__split08__seed3,officehome,full,0.05,4,261|249|265|225,0,,,0.0,0,,,0.0,0
officehome_convnext_full__split08__seed3,officehome,full,0.1,4,261|249|265|225,0,,,0.0,0,,,0.0,0
officehome_convnext_full__split08__seed3,officehome,full,0.15,4,261|249|265|225,0,,,0.0,0,,,0.0,0
officehome_convnext_full__split08__seed3,officehome,full,0.2,4,261|249|265|225,0,,,0.0,0,,,0.0,0
officehome_convnext_full__split08__seed3,officehome,full,0.25,4,261|249|265|225,0,,,0.0,0,,,0.0,0
officehome_convnext_full__split08__seed3,officehome,full,0.3,4,261|249|265|225,1,9,0.2950049166823578,0.24284777938911178,1,5,0.2784225363893824,0.2648180030787305,0
officehome_convnext_full__split08__seed4,officehome,full,0.05,4,259|252|227|262,0,,,0.0,0,,,0.0,0
officehome_convnext_full__split08__seed4,officehome,full,0.1,4,259|252|227|262,0,,,0.0,0,,,0.0,0
officehome_convnext_full__split08__seed4,officehome,full,0.15,4,259|252|227|262,0,,,0.0,0,,,0.0,0
officehome_convnext_full__split08__seed4,officehome,full,0.2,4,259|252|227|262,1,1,0.18532311573853164,0.16440097084372304,1,5,0.19938838793068842,0.20076378790628036,0
officehome_convnext_full__split08__seed4,officehome,full,0.25,4,259|252|227|262,1,6,0.24862032322845798,0.23754766996912655,1,9,0.2154977055761147,0.2190582079961516,0
officehome_convnext_full__split08__seed4,officehome,full,0.3,4,259|252|227|262,1,10,0.2927886217997239,0.27484500932612066,1,6,0.2892309856459492,0.3483105794876837,0
officehome_convnext_full__split09__seed0,officehome,full,0.05,4,238|267|254|241,0,,,0.0,0,,,0.0,0
officehome_convnext_full__split09__seed0,officehome,full,0.1,4,238|267|254|241,0,,,0.0,0,,,0.0,0
officehome_convnext_full__split09__seed0,officehome,full,0.15,4,238|267|254|241,0,,,0.0,1,9,0.14816285058918205,0.20813396560919348,1
officehome_convnext_full__split09__seed0,officehome,full,0.2,4,238|267|254|241,1,0,0.1921801128783125,0.12980212023674217,1,2,0.19387901660198475,0.2754747207928136,0
officehome_convnext_full__split09__seed0,officehome,full,0.25,4,238|267|254|241,1,9,0.22465106805093069,0.20303322277264232,1,6,0.24554769594630638,0.31004653952946976,0
officehome_convnext_full__split09__seed0,officehome,full,0.3,4,238|267|254|241,1,6,0.2971279130420579,0.24319572079775062,1,2,0.2829350734137579,0.3572170924786132,0
officehome_convnext_full__split09__seed1,officehome,full,0.05,4,245|242|266|247,0,,,0.0,0,,,0.0,0
officehome_convnext_full__split09__seed1,officehome,full,0.1,4,245|242|266|247,0,,,0.0,0,,,0.0,0
officehome_convnext_full__split09__seed1,officehome,full,0.15,4,245|242|266|247,0,,,0.0,1,8,0.14478115265293104,0.17803655580607392,1
officehome_convnext_full__split09__seed1,officehome,full,0.2,4,245|242|266|247,1,1,0.19677875420769264,0.19763082332869758,1,9,0.19158042057335856,0.2613603273413406,0
officehome_convnext_full__split09__seed1,officehome,full,0.25,4,245|242|266|247,1,9,0.22590075503313856,0.2277674445975615,1,2,0.2488881884323854,0.32520971780737484,0
officehome_convnext_full__split09__seed1,officehome,full,0.3,4,245|242|266|247,1,9,0.24381637264265735,0.2448294198317497,1,6,0.2989240865018401,0.36543229128751525,0
officehome_convnext_full__split09__seed2,officehome,full,0.05,4,254|248|247|251,0,,,0.0,0,,,0.0,0
officehome_convnext_full__split09__seed2,officehome,full,0.1,4,254|248|247|251,0,,,0.0,0,,,0.0,0
officehome_convnext_full__split09__seed2,officehome,full,0.15,4,254|248|247|251,0,,,0.0,1,5,0.14528693145197563,0.19433750023380011,1
officehome_convnext_full__split09__seed2,officehome,full,0.2,4,254|248|247|251,1,1,0.1905207548931832,0.18404762618846238,1,9,0.18254267662183643,0.25458836358254733,0
officehome_convnext_full__split09__seed2,officehome,full,0.25,4,254|248|247|251,1,9,0.21390483025128423,0.22042156123338771,1,9,0.19517473488930498,0.2775809592655589,0
officehome_convnext_full__split09__seed2,officehome,full,0.3,4,254|248|247|251,1,9,0.24643752131638988,0.24671556299342828,1,6,0.2923580528888764,0.36845198203487867,0
officehome_convnext_full__split09__seed3,officehome,full,0.05,4,288|237|232|243,0,,,0.0,0,,,0.0,0
officehome_convnext_full__split09__seed3,officehome,full,0.1,4,288|237|232|243,0,,,0.0,0,,,0.0,0
officehome_convnext_full__split09__seed3,officehome,full,0.15,4,288|237|232|243,0,,,0.0,1,4,0.14358359436212237,0.14918068836602733,1
officehome_convnext_full__split09__seed3,officehome,full,0.2,4,288|237|232|243,1,0,0.18894758452172092,0.13984692328957848,1,1,0.1814459087223687,0.24766610317195253,0
officehome_convnext_full__split09__seed3,officehome,full,0.25,4,288|237|232|243,1,9,0.22809845367766662,0.20130096174967835,1,2,0.22176480955318767,0.31144810991558614,0
officehome_convnext_full__split09__seed3,officehome,full,0.3,4,288|237|232|243,1,9,0.24069739057428638,0.2291589248595232,1,6,0.27986941946303334,0.34343759994042067,0
officehome_convnext_full__split09__seed4,officehome,full,0.05,4,252|246|249|253,0,,,0.0,0,,,0.0,0
officehome_convnext_full__split09__seed4,officehome,full,0.1,4,252|246|249|253,0,,,0.0,0,,,0.0,0
officehome_convnext_full__split09__seed4,officehome,full,0.15,4,252|246|249|253,0,,,0.0,1,5,0.14844090976322308,0.2062138716136938,1
officehome_convnext_full__split09__seed4,officehome,full,0.2,4,252|246|249|253,1,9,0.18345199779816138,0.20796057949158991,1,9,0.18632213233842065,0.25237844169574825,0
officehome_convnext_full__split09__seed4,officehome,full,0.25,4,252|246|249|253,1,6,0.24283993362336487,0.25376768999590177,1,6,0.24812655331753977,0.3258662973709934,0
officehome_convnext_full__split09__seed4,officehome,full,0.3,4,252|246|249|253,1,10,0.2921107020186867,0.3107469274160857,1,10,0.2955892416101409,0.365736762673674,0
resnext29_8x64d__pathmnist_split_00__seed0__d0.5,pathmnist,d0.5,0.05,5,200|202|203|201|194,0,,,0.0,0,,,0.0,0
resnext29_8x64d__pathmnist_split_00__seed0__d0.5,pathmnist,d0.5,0.1,5,200|202|203|201|194,0,,,0.0,0,,,0.0,0
resnext29_8x64d__pathmnist_split_00__seed0__d0.5,pathmnist,d0.5,0.15,5,200|202|203|201|194,0,,,0.0,0,,,0.0,0
resnext29_8x64d__pathmnist_split_00__seed0__d0.5,pathmnist,d0.5,0.2,5,200|202|203|201|194,1,5,0.1943720909877345,0.3458953402330113,1,4,0.17795381887727468,0.27390632931187586,0
resnext29_8x64d__pathmnist_split_00__seed0__d0.5,pathmnist,d0.5,0.25,5,200|202|203|201|194,1,5,0.22586657577237917,0.371853945396333,1,5,0.21650470900597907,0.37265562759139476,0
resnext29_8x64d__pathmnist_split_00__seed0__d0.5,pathmnist,d0.5,0.3,5,200|202|203|201|194,1,6,0.297420921128178,0.5713110372192562,1,5,0.2346597637192686,0.40393117331168454,0
resnext29_8x64d__pathmnist_split_00__seed0__d5.0,pathmnist,d5,0.05,5,202|208|196|228|166,0,,,0.0,0,,,0.0,0
resnext29_8x64d__pathmnist_split_00__seed0__d5.0,pathmnist,d5,0.1,5,202|208|196|228|166,0,,,0.0,0,,,0.0,0
resnext29_8x64d__pathmnist_split_00__seed0__d5.0,pathmnist,d5,0.15,5,202|208|196|228|166,0,,,0.0,1,4,0.14622635035040565,0.36168204917836516,1
resnext29_8x64d__pathmnist_split_00__seed0__d5.0,pathmnist,d5,0.2,5,202|208|196|228|166,1,1,0.1898992740715264,0.39800318064251605,1,1,0.19277332597603702,0.41424641691846636,0
resnext29_8x64d__pathmnist_split_00__seed0__d5.0,pathmnist,d5,0.25,5,202|208|196|228|166,1,5,0.2261832690470313,0.5315567450384309,1,5,0.2252090576805502,0.5350463603906487,0
resnext29_8x64d__pathmnist_split_00__seed0__d5.0,pathmnist,d5,0.3,5,202|208|196|228|166,1,5,0.2619223646242052,0.5738100203733465,1,5,0.24419073406634711,0.5708609102822194,0
resnext29_8x64d__pathmnist_split_00__seed1__d0.5,pathmnist,d0.5,0.05,5,218|197|193|208|184,0,,,0.0,0,,,0.0,0
resnext29_8x64d__pathmnist_split_00__seed1__d0.5,pathmnist,d0.5,0.1,5,218|197|193|208|184,0,,,0.0,0,,,0.0,0
resnext29_8x64d__pathmnist_split_00__seed1__d0.5,pathmnist,d0.5,0.15,5,218|197|193|208|184,1,5,0.12352285506080649,0.45812839807231437,1,5,0.12856858082571154,0.4648965281649699,0
resnext29_8x64d__pathmnist_split_00__seed1__d0.5,pathmnist,d0.5,0.2,5,218|197|193|208|184,1,5,0.1778395258203803,0.5290861373723031,1,5,0.16277758993074243,0.5231664075049034,0
resnext29_8x64d__pathmnist_split_00__seed1__d0.5,pathmnist,d0.5,0.25,5,218|197|193|208|184,1,6,0.24136463273158137,0.6343240034785997,1,6,0.22746833485307894,0.629465118089612,0
resnext29_8x64d__pathmnist_split_00__seed1__d0.5,pathmnist,d0.5,0.3,5,218|197|193|208|184,1,6,0.29165869003111056,0.6727133700617856,1,6,0.25658642580578883,0.6721233778018363,0
resnext29_8x64d__pathmnist_split_00__seed1__d5.0,pathmnist,d5,0.05,5,193|208|189|203|207,0,,,0.0,0,,,0.0,0
resnext29_8x64d__pathmnist_split_00__seed1__d5.0,pathmnist,d5,0.1,5,193|208|189|203|207,0,,,0.0,0,,,0.0,0
resnext29_8x64d__pathmnist_split_00__seed1__d5.0,pathmnist,d5,0.15,5,193|208|189|203|207,0,,,0.0,1,0,0.14162076656254202,0.21153325001210815,1
resnext29_8x64d__pathmnist_split_00__seed1__d5.0,pathmnist,d5,0.2,5,193|208|189|203|207,1,0,0.19052462370242834,0.23955688380876308,1,4,0.1735744301013123,0.25140391156477687,0
resnext29_8x64d__pathmnist_split_00__seed1__d5.0,pathmnist,d5,0.25,5,193|208|189|203|207,1,4,0.2319335633105958,0.31314086463170937,1,5,0.22508145933870444,0.3890322560904137,0
resnext29_8x64d__pathmnist_split_00__seed1__d5.0,pathmnist,d5,0.3,5,193|208|189|203|207,1,5,0.2612978656563134,0.43396304368578664,1,6,0.27641170974375173,0.5594910351792128,0
resnext29_8x64d__pathmnist_split_00__seed2__d0.5,pathmnist,d0.5,0.05,5,187|213|193|209|198,0,,,0.0,0,,,0.0,0
resnext29_8x64d__pathmnist_split_00__seed2__d0.5,pathmnist,d0.5,0.1,5,187|213|193|209|198,0,,,0.0,0,,,0.0,0
resnext29_8x64d__pathmnist_split_00__seed2__d0.5,pathmnist,d0.5,0.15,5,187|213|193|209|198,1,1,0.11371164800194881,0.3435450759692154,1,1,0.11623848736056133,0.365326417004311,0
resnext29_8x64d__pathmnist_split_00__seed2__d0.5,pathmnist,d0.5,0.2,5,187|213|193|209|198,1,5,0.19454514663161027,0.42193795961847,1,2,0.1970664305821357,0.456820230466357,0
resnext29_8x64d__pathmnist_split_00__seed2__d0.5,pathmnist,d0.5,0.25,5,187|213|193|209|198,1,6,0.24858340638033383,0.5688137742373593,1,6,0.23095776593291445,0.5688240691718344,0
resnext29_8x64d__pathmnist_split_00__seed2__d0.5,pathmnist,d0.5,0.3,5,187|213|193|209|198,1,6,0.2962351310343222,0.6140343491961033,1,6,0.2677764733469808,0.621316086411132,0
resnext29_8x64d__pathmnist_split_00__seed2__d5.0,pathmnist,d5,0.05,5,199|207|202|187|205,0,,,0.0,0,,,0.0,0
resnext29_8x64d__pathmnist_split_00__seed2__d5.0,pathmnist,d5,0.1,5,199|207|202|187|205,1,8,0.09257735156993221,0.2035155981870151,1,0,0.09959102205282036,0.22285377559950903,0
resnext29_8x64d__pathmnist_split_00__seed2__d5.0,pathmnist,d5,0.15,5,199|207|202|187|205,1,0,0.13428788940705233,0.2577748815990759,1,0,0.12415731763534614,0.25618426383767795,0
resnext29_8x64d__pathmnist_split_00__seed2__d5.0,pathmnist,d5,0.2,5,199|207|202|187|205,1,9,0.19753409202438518,0.35531250487904215,1,1,0.18662078577358443,0.34639767833196167,0
resnext29_8x64d__pathmnist_split_00__seed2__d5.0,pathmnist,d5,0.25,5,199|207|202|187|205,1,6,0.23613257726539422,0.5216840157919289,1,6,0.23677662289731302,0.5289553104866774,0
resnext29_8x64d__pathmnist_split_00__seed2__d5.0,pathmnist,d5,0.3,5,199|207|202|187|205,1,6,0.28367445305148864,0.6140343491961033,1,6,0.26448268237389627,0.6159128953772617,0
resnext29_8x64d__pathmnist_split_00__seed3__d0.5,pathmnist,d0.5,0.05,5,189|220|199|208|184,0,,,0.0,0,,,0.0,0
resnext29_8x64d__pathmnist_split_00__seed3__d0.5,pathmnist,d0.5,0.1,5,189|220|199|208|184,0,,,0.0,0,,,0.0,0
resnext29_8x64d__pathmnist_split_00__seed3__d0.5,pathmnist,d0.5,0.15,5,189|220|199|208|184,1,5,0.13143580252999892,0.46055339183133687,1,5,0.12622238357533924,0.4673184037726122,0
resnext29_8x64d__pathmnist_split_00__seed3__d0.5,pathmnist,d0.5,0.2,5,189|220|199|208|184,1,6,0.19411454438742662,0.5464146803369061,1,6,0.1860677096748277,0.5583346086526293,0
resnext29_8x64d__pathmnist_split_00__seed3__d0.5,pathmnist,d0.5,0.25,5,189|220|199|208|184,1,6,0.24317686774609495,0.5988961880005428,1,6,0.22965602269820345,0.6088507746222452,0
resnext29_8x64d__pathmnist_split_00__seed3__d0.5,pathmnist,d0.5,0.3,5,189|220|199|208|184,1,6,0.2781332640715773,0.6470687184926928,1,6,0.268312462363673,0.6516076341116971,0
resnext29_8x64d__pathmnist_split_00__seed3__d5.0,pathmnist,d5,0.05,5,197|204|208|204|187,0,,,0.0,0,,,0.0,0
resnext29_8x64d__pathmnist_split_00__seed3__d5.0,pathmnist,d5,0.1,5,197|204|208|204|187,1,5,0.09775282083697916,0.3388494108482728,1,5,0.09997198795862461,0.34674803875732574,0
resnext29_8x64d__pathmnist_split_00__seed3__d5.0,pathmnist,d5,0.15,5,197|204|208|204|187,1,9,0.14680270588134275,0.37659428794349065,1,5,0.12490747652514478,0.39744807445569724,0
resnext29_8x64d__pathmnist_split_00__seed3__d5.0,pathmnist,d5,0.2,5,197|204|208|204|187,1,5,0.16017159868947914,0.4678376257871641,1,5,0.155473928976117,0.4645255882120494,0
resnext29_8x64d__pathmnist_split_00__seed3__d5.0,pathmnist,d5,0.25,5,197|204|208|204|187,1,6,0.24422349158820336,0.6292400147749011,1,6,0.24132940672961065,0.6181300891960415,0
resnext29_8x64d__pathmnist_split_00__seed3__d5.0,pathmnist,d5,0.3,5,197|204|208|204|187,1,6,0.28978534806511225,0.6959824524903,1,6,0.2769814975993339,0.6881059361880535,0
resnext29_8x64d__pathmnist_split_00__seed4__d0.5,pathmnist,d0.5,0.05,5,217|180|185|225|193,0,,,0.0,0,,,0.0,0
resnext29_8x64d__pathmnist_split_00__seed4__d0.5,pathmnist,d0.5,0.1,5,217|180|185|225|193,0,,,0.0,0,,,0.0,0
resnext29_8x64d__pathmnist_split_00__seed4__d0.5,pathmnist,d0.5,0.15,5,217|180|185|225|193,0,,,0.0,0,,,0.0,0
resnext29_8x64d__pathmnist_split_00__seed4__d0.5,pathmnist,d0.5,0.2,5,217|180|185|225|193,1,8,0.19497736935737708,0.1945938741021935,1,5,0.19689953622245632,0.4205229769865812,0
resnext29_8x64d__pathmnist_split_00__seed4__d0.5,pathmnist,d0.5,0.25,5,217|180|185|225|193,1,5,0.23091406178637422,0.5290861373723031,1,5,0.23494242427208661,0.541089658144588,0
resnext29_8x64d__pathmnist_split_00__seed4__d0.5,pathmnist,d0.5,0.3,5,217|180|185|225|193,1,5,0.2607210422696807,0.5888404713987292,1,5,0.2612274482554393,0.5989347160385783,0
resnext29_8x64d__pathmnist_split_00__seed4__d5.0,pathmnist,d5,0.05,5,185|213|185|202|215,0,,,0.0,0,,,0.0,0
resnext29_8x64d__pathmnist_split_00__seed4__d5.0,pathmnist,d5,0.1,5,185|213|185|202|215,0,,,0.0,0,,,0.0,0
resnext29_8x64d__pathmnist_split_00__seed4__d5.0,pathmnist,d5,0.15,5,185|213|185|202|215,1,4,0.1324065212253568,0.2738160639977252,1,4,0.1291384714156738,0.27662132050448096,0
resnext29_8x64d__pathmnist_split_00__seed4__d5.0,pathmnist,d5,0.2,5,185|213|185|202|215,1,4,0.18091230396599486,0.3600306938144899,1,5,0.1965537875173552,0.47491447123949315,0
resnext29_8x64d__pathmnist_split_00__seed4__d5.0,pathmnist,d5,0.25,5,185|213|185|202|215,1,5,0.2308273221689997,0.5118369970259394,1,5,0.22013164503693797,0.5153137865483691,0
resnext29_8x64d__pathmnist_split_00__seed4__d5.0,pathmnist,d5,0.3,5,185|213|185|202|215,1,6,0.29707619503284866,0.6292400147749011,1,5,0.25213278014587104,0.5662397987766419,0
resnext29_8x64d__pathmnist_split_01__seed0__d0.5,pathmnist,d0.5,0.05,5,201|205|190|199|205,0,,,0.0,0,,,0.0,0
resnext29_8x64d__pathmnist_split_01__seed0__d0.5,pathmnist,d0.5,0.1,5,201|205|190|199|205,0,,,0.0,0,,,0.0,0
resnext29_8x64d__pathmnist_split_01__seed0__d0.5,pathmnist,d0.5,0.15,5,201|205|190|199|205,0,,,0.0,0,,,0.0,0
resnext29_8x64d__pathmnist_split_01__seed0__d0.5,pathmnist,d0.5,0.2,5,201|205|190|199|205,0,,,0.0,0,,,0.0,0
resnext29_8x64d__pathmnist_split_01__seed0__d0.5,pathmnist,d0.5,0.25,5,201|205|190|199|205,0,,,0.0,0,,,0.0,0
resnext29_8x64d__pathmnist_split_01__seed0__d0.5,pathmnist,d0.5,0.3,5,201|205|190|199|205,0,,,0.0,1,9,0.2884732578146022,0.34241537607467587,1
resnext29_8x64d__pathmnist_split_01__seed0__d5.0,pathmnist,d5,0.05,5,214|185|209|193|199,0,,,0.0,0,,,0.0,0
resnext29_8x64d__pathmnist_split_01__seed0__d5.0,pathmnist,d5,0.1,5,214|185|209|193|199,0,,,0.0,0,,,0.0,0
resnext29_8x64d__pathmnist_split_01__seed0__d5.0,pathmnist,d5,0.15,5,214|185|209|193|199,0,,,0.0,0,,,0.0,0
resnext29_8x64d__pathmnist_split_01__seed0__d5.0,pathmnist,d5,0.2,5,214|185|209|193|199,1,5,0.1933670425223782,0.511815009682084,1,1,0.18072114939492498,0.5209529134405163,0
resnext29_8x64d__pathmnist_split_01__seed0__d5.0,pathmnist,d5,0.25,5,214|185|209|193|199,1,5,0.1994013982669589,0.5987459298477248,1,6,0.2477927585320162,0.6817279270384177,0
resnext29_8x64d__pathmnist_split_01__seed0__d5.0,pathmnist,d5,0.3,5,214|185|209|193|199,1,5,0.246948768408396,0.6430347793657287,1,6,0.28007121813024827,0.7154739890768284,0
resnext29_8x64d__pathmnist_split_01__seed1__d0.5,pathmnist,d0.5,0.05,5,200|191|192|205|212,0,,,0.0,0,,,0.0,0
resnext29_8x64d__pathmnist_split_01__seed1__d0.5,pathmnist,d0.5,0.1,5,200|191|192|205|212,0,,,0.0,0,,,0.0,0
resnext29_8x64d__pathmnist_split_01__seed1__d0.5,pathmnist,d0.5,0.15,5,200|191|192|205|212,0,,,0.0,0,,,0.0,0
resnext29_8x64d__pathmnist_split_01__seed1__d0.5,pathmnist,d0.5,0.2,5,200|191|192|205|212,0,,,0.0,0,,,0.0,0
resnext29_8x64d__pathmnist_split_01__seed1__d0.5,pathmnist,d0.5,0.25,5,200|191|192|205|212,0,,,0.0,0,,,0.0,0
resnext29_8x64d__pathmnist_split_01__seed1__d0.5,pathmnist,d0.5,0.3,5,200|191|192|205|212,0,,,0.0,1,5,0.2713404082523984,0.40950455604871744,1
resnext29_8x64d__pathmnist_split_01__seed1__d5.0,pathmnist,d5,0.05,5,213|204|200|182|201,0,,,0.0,0,,,0.0,0
resnext29_8x64d__pathmnist_split_01__seed1__d5.0,pathmnist,d5,0.1,5,213|204|200|182|201,0,,,0.0,0,,,0.0,0
resnext29_8x64d__pathmnist_split_01__seed1__d5.0,pathmnist,d5,0.15,5,213|204|200|182|201,0,,,0.0,0,,,0.0,0
resnext29_8x64d__pathmnist_split_01__seed1__d5.0,pathmnist,d5,0.2,5,213|204|200|182|201,0,,,0.0,1,1,0.1971054972058076,0.5456790365557104,1
resnext29_8x64d__pathmnist_split_01__seed1__d5.0,pathmnist,d5,0.25,5,213|204|200|182|201,1,5,0.22405516350830268,0.6169111815717874,1,5,0.21477208496195704,0.6227884409811729,0
resnext29_8x64d__pathmnist_split_01__seed1__d5.0,pathmnist,d5,0.3,5,213|204|200|182|201,1,5,0.23501438026825733,0.6535440261466645,1,5,0.23608913723615482,0.6563571578977316,0
resnext29_8x64d__pathmnist_split_01__seed2__d0.5,pathmnist,d0.5,0.05,5,221|209|184|190|196,0,,,0.0,0,,,0.0,0
resnext29_8x64d__pathmnist_split_01__seed2__d0.5,pathmnist,d0.5,0.1,5,221|209|184|190|196,0,,,0.0,0,,,0.0,0
resnext29_8x64d__pathmnist_split_01__seed2__d0.5,pathmnist,d0.5,0.15,5,221|209|184|190|196,0,,,0.0,0,,,0.0,0
resnext29_8x64d__pathmnist_split_01__seed2__d0.5,pathmnist,d0.5,0.2,5,221|209|184|190|196,1,4,0.19509619217089558,0.11518550402919615,1,4,0.19517599557426807,0.11247497580465887,0
resnext29_8x64d__pathmnist_split_01__seed2__d0.5,pathmnist,d0.5,0.25,5,221|209|184|190|196,1,4,0.2435303185096418,0.1260891594388156,1,4,0.23871547006536223,0.12264764252762891,0
resnext29_8x64d__pathmnist_split_01__seed2__d0.5,pathmnist,d0.5,0.3,5,221|209|184|190|196,1,10,0.2983007569219342,0.47410305533635066,1,2,0.29575412747513763,0.49723218506068084,0
resnext29_8x64d__pathmnist_split_01__seed2__d5.0,pathmnist,d5,0.05,5,199|189|195|208|209,0,,,0.0,0,,,0.0,0
resnext29_8x64d__pathmnist_split_01__seed2__d5.0,pathmnist,d5,0.1,5,199|189|195|208|209,0,,,0.0,0,,,0.0,0
resnext29_8x64d__pathmnist_split_01__seed2__d5.0,pathmnist,d5,0.15,5,199|189|195|208|209,0,,,0.0,0,,,0.0,0
resnext29_8x64d__pathmnist_split_01__seed2__d5.0,pathmnist,d5,0.2,5,199|189|195|208|209,0,,,0.0,1,5,0.1982648364243485,0.48648842985422713,1
resnext29_8x64d__pathmnist_split_01__seed2__d5.0,pathmnist,d5,0.25,5,199|189|195|208|209,1,8,0.20791380245810936,0.3753582066974482,1,5,0.2287216758497629,0.5265405136861498,0
resnext29_8x64d__pathmnist_split_01__seed2__d5.0,pathmnist,d5,0.3,5,199|189|195|208|209,1,5,0.29524023091271756,0.5473589834923807,1,5,0.25684920048586934,0.559565435730832,0
resnext29_8x64d__pathmnist_split_01__seed3__d0.5,pathmnist,d0.5,0.05,5,214|186|175|199|226,0,,,0.0,0,,,0.0,0
resnext29_8x64d__pathmnist_split_01__seed3__d0.5,pathmnist,d0.5,0.1,5,214|186|175|199|226,0,,,0.0,0,,,0.0,0
resnext29_8x64d__pathmnist_split_01__seed3__d0.5,pathmnist,d0.5,0.15,5,214|186|175|199|226,0,,,0.0,0,,,0.0,0
resnext29_8x64d__pathmnist_split_01__seed3__d0.5,pathmnist,d0.5,0.2,5,214|186|175|199|226,0,,,0.0,0,,,0.0,0
resnext29_8x64d__pathmnist_split_01__seed3__d0.5,pathmnist,d0.5,0.25,5,214|186|175|199|226,1,9,0.24743946245234927,0.33660734355222144,1,5,0.24949999003404777,0.46155539341430546,0
resnext29_8x64d__pathmnist_split_01__seed3__d0.5,pathmnist,d0.5,0.3,5,214|186|175|199|226,1,5,0.2876136257419032,0.5168719781224873,1,5,0.2681603340526162,0.5195979518183067,0
resnext29_8x64d__pathmnist_split_01__seed3__d5.0,pathmnist,d5,0.05,5,199|185|204|185|227,0,,,0.0,0,,,0.0,0
resnext29_8x64d__pathmnist_split_01__seed3__d5.0,pathmnist,d5,0.1,5,199|185|204|185|227,0,,,0.0,0,,,0.0,0
resnext29_8x64d__pathmnist_split_01__seed3__d5.0,pathmnist,d5,0.15,5,199|185|204|185|227,0,,,0.0,0,,,0.0,0
resnext29_8x64d__pathmnist_split_01__seed3__d5.0,pathmnist,d5,0.2,5,199|185|204|185|227,0,,,0.0,0,,,0.0,0
resnext29_8x64d__pathmnist_split_01__seed3__d5.0,pathmnist,d5,0.25,5,199|185|204|185|227,1,5,0.24543549563821718,0.527006500115326,1,5,0.24516867650899926,0.5224527858269434,0
resnext29_8x64d__pathmnist_split_01__seed3__d5.0,pathmnist,d5,0.3,5,199|185|204|185|227,1,10,0.29156183333793756,0.596158752875269,1,2,0.2984247738508179,0.5952722579280958,0
resnext29_8x64d__pathmnist_split_01__seed4__d0.5,pathmnist,d0.5,0.05,5,218|195|189|217|181,0,,,0.0,0,,,0.0,0
resnext29_8x64d__pathmnist_split_01__seed4__d0.5,pathmnist,d0.5,0.1,5,218|195|189|217|181,0,,,0.0,0,,,0.0,0
resnext29_8x64d__pathmnist_split_01__seed4__d0.5,pathmnist,d0.5,0.15,5,218|195|189|217|181,0,,,0.0,0,,,0.0,0
resnext29_8x64d__pathmnist_split_01__seed4__d0.5,pathmnist,d0.5,0.2,5,218|195|189|217|181,1,1,0.187901788511806,0.46161577160753914,1,1,0.18680710060455066,0.4726075769953249,0
resnext29_8x64d__pathmnist_split_01__seed4__d0.5,pathmnist,d0.5,0.25,5,218|195|189|217|181,1,5,0.22421253961624044,0.511815009682084,1,5,0.20573980364574052,0.5352389043685242,0
resnext29_8x64d__pathmnist_split_01__seed4__d0.5,pathmnist,d0.5,0.3,5,218|195|189|217|181,1,5,0.25870445368647693,0.6013350494370253,1,5,0.23948794489044667,0.6011797978681834,0
resnext29_8x64d__pathmnist_split_01__seed4__d5.0,pathmnist,d5,0.05,5,196|206|201|208|189,0,,,0.0,0,,,0.0,0
resnext29_8x64d__pathmnist_split_01__seed4__d5.0,pathmnist,d5,0.1,5,196|206|201|208|189,0,,,0.0,0,,,0.0,0
resnext29_8x64d__pathmnist_split_01__seed4__d5.0,pathmnist,d5,0.15,5,196|206|201|208|189,0,,,0.0,0,,,0.0,0
resnext29_8x64d__pathmnist_split_01__seed4__d5.0,pathmnist,d5,0.2,5,196|206|201|208|189,0,,,0.0,1,1,0.18404298776207262,0.5163808874416184,1
resnext29_8x64d__pathmnist_split_01__seed4__d5.0,pathmnist,d5,0.25,5,196|206|201|208|189,1,9,0.21873542206355562,0.5473589834923807,1,5,0.21825965394173996,0.5552733653916734,0
resnext29_8x64d__pathmnist_split_01__seed4__d5.0,pathmnist,d5,0.3,5,196|206|201|208|189,1,5,0.274668084705712,0.6065191596416986,1,5,0.25485268474620704,0.6131461111663504,0
resnext29_8x64d__pathmnist_split_02__seed0__d0.5,pathmnist,d0.5,0.05,5,210|175|220|209|186,0,,,0.0,0,,,0.0,0
resnext29_8x64d__pathmnist_split_02__seed0__d0.5,pathmnist,d0.5,0.1,5,210|175|220|209|186,0,,,0.0,0,,,0.0,0
resnext29_8x64d__pathmnist_split_02__seed0__d0.5,pathmnist,d0.5,0.15,5,210|175|220|209|186,1,1,0.14790158122951125,0.29555251340920746,1,1,0.14559910968580492,0.29136379679788044,0
resnext29_8x64d__pathmnist_split_02__seed0__d0.5,pathmnist,d0.5,0.2,5,210|175|220|209|186,1,6,0.1966495048307131,0.26860274350919294,1,9,0.1971264654490894,0.34917460897200764,0
resnext29_8x64d__pathmnist_split_02__seed0__d0.5,pathmnist,d0.5,0.25,5,210|175|220|209|186,1,1,0.23443369999519004,0.39631425727377756,1,6,0.23353642643594186,0.3888928009080215,0
resnext29_8x64d__pathmnist_split_02__seed0__d0.5,pathmnist,d0.5,0.3,5,210|175|220|209|186,1,6,0.2887602124643295,0.5166602366910761,1,6,0.28607308481981875,0.5177512524806819,0
resnext29_8x64d__pathmnist_split_02__seed0__d5.0,pathmnist,d5,0.05,5,220|191|187|204|198,0,,,0.0,0,,,0.0,0
resnext29_8x64d__pathmnist_split_02__seed0__d5.0,pathmnist,d5,0.1,5,220|191|187|204|198,1,9,0.08578518570714534,0.4196155365429049,1,9,0.08625912186930025,0.4439319471965186,0
resnext29_8x64d__pathmnist_split_02__seed0__d5.0,pathmnist,d5,0.15,5,220|191|187|204|198,1,8,0.08725876948974144,0.40561743119329324,1,9,0.1323536220238272,0.5259247973552152,0
resnext29_8x64d__pathmnist_split_02__seed0__d5.0,pathmnist,d5,0.2,5,220|191|187|204|198,1,1,0.15038647537543004,0.5527845284861648,1,1,0.1483760948695267,0.5545046524100736,0
resnext29_8x64d__pathmnist_split_02__seed0__d5.0,pathmnist,d5,0.25,5,220|191|187|204|198,1,5,0.21906098234066637,0.589260889219235,1,9,0.18859389621473432,0.5904287025395658,0
resnext29_8x64d__pathmnist_split_02__seed0__d5.0,pathmnist,d5,0.3,5,220|191|187|204|198,1,6,0.29019428068940295,0.7213983083116758,1,6,0.27895748671036946,0.716637632799153,0
resnext29_8x64d__pathmnist_split_02__seed1__d0.5,pathmnist,d0.5,0.05,5,184|217|200|193|206,0,,,0.0,0,,,0.0,0
resnext29_8x64d__pathmnist_split_02__seed1__d0.5,pathmnist,d0.5,0.1,5,184|217|200|193|206,1,0,0.09105339642225992,0.3113830638558988,1,0,0.08729081857301724,0.31036019523654623,0
resnext29_8x64d__pathmnist_split_02__seed1__d0.5,pathmnist,d0.5,0.15,5,184|217|200|193|206,1,9,0.14902292313460144,0.389352110811402,1,9,0.13989057499829485,0.40945876376344503,0
resnext29_8x64d__pathmnist_split_02__seed1__d0.5,pathmnist,d0.5,0.2,5,184|217|200|193|206,1,9,0.1824905320047851,0.4430608574813388,1,9,0.1781107177098442,0.46454553631101914,0
resnext29_8x64d__pathmnist_split_02__seed1__d0.5,pathmnist,d0.5,0.25,5,184|217|200|193|206,1,2,0.24617367615247707,0.5673317471221956,1,2,0.24957650597615588,0.5699641415679383,0
resnext29_8x64d__pathmnist_split_02__seed1__d0.5,pathmnist,d0.5,0.3,5,184|217|200|193|206,1,10,0.29103635521686116,0.6459295024534483,1,10,0.2979890426602045,0.6366387353854074,0
resnext29_8x64d__pathmnist_split_02__seed1__d5.0,pathmnist,d5,0.05,5,187|201|197|223|192,0,,,0.0,0,,,0.0,0
resnext29_8x64d__pathmnist_split_02__seed1__d5.0,pathmnist,d5,0.1,5,187|201|197|223|192,0,,,0.0,0,,,0.0,0
resnext29_8x64d__pathmnist_split_02__seed1__d5.0,pathmnist,d5,0.15,5,187|201|197|223|192,0,,,0.0,0,,,0.0,0
resnext29_8x64d__pathmnist_split_02__seed1__d5.0,pathmnist,d5,0.2,5,187|201|197|223|192,1,0,0.15695507993374527,0.15077839394179918,1,1,0.19950839808845428,0.33778167182439994,0
resnext29_8x64d__pathmnist_split_02__seed1__d5.0,pathmnist,d5,0.25,5,187|201|197|223|192,1,1,0.23813420864430523,0.4313202265400193,1,1,0.21992461533201807,0.43363554439620894,0
resnext29_8x64d__pathmnist_split_02__seed1__d5.0,pathmnist,d5,0.3,5,187|201|197|223|192,1,9,0.24101222172450032,0.48800390241981517,1,10,0.2900577612968681,0.6030028776616251,0
resnext29_8x64d__pathmnist_split_02__seed2__d0.5,pathmnist,d0.5,0.05,5,204|181|225|184|206,0,,,0.0,0,,,0.0,0
resnext29_8x64d__pathmnist_split_02__seed2__d0.5,pathmnist,d0.5,0.1,5,204|181|225|184|206,0,,,0.0,0,,,0.0,0
resnext29_8x64d__pathmnist_split_02__seed2__d0.5,pathmnist,d0.5,0.15,5,204|181|225|184|206,0,,,0.0,0,,,0.0,0
resnext29_8x64d__pathmnist_split_02__seed2__d0.5,pathmnist,d0.5,0.2,5,204|181|225|184|206,0,,,0.0,0,,,0.0,0
resnext29_8x64d__pathmnist_split_02__seed2__d0.5,pathmnist,d0.5,0.25,5,204|181|225|184|206,1,4,0.24024457425792076,0.2463355145144366,1,5,0.23966310002148938,0.32039548935002177,0
resnext29_8x64d__pathmnist_split_02__seed2__d0.5,pathmnist,d0.5,0.3,5,204|181|225|184|206,1,5,0.2953540424445347,0.34785689827278893,1,2,0.298465239827105,0.4545182838953501,0
resnext29_8x64d__pathmnist_split_02__seed2__d5.0,pathmnist,d5,0.05,5,210|186|213|208|183,0,,,0.0,0,,,0.0,0
resnext29_8x64d__pathmnist_split_02__seed2__d5.0,pathmnist,d5,0.1,5,210|186|213|208|183,0,,,0.0,1,8,0.09216495741825621,0.3131761009616019,1
resnext29_8x64d__pathmnist_split_02__seed2__d5.0,pathmnist,d5,0.15,5,210|186|213|208|183,1,8,0.13917647748243184,0.3547393356495095,1,8,0.10812049945228916,0.3626880096581919,0
resnext29_8x64d__pathmnist_split_02__seed2__d5.0,pathmnist,d5,0.2,5,210|186|213|208|183,1,9,0.18987882032731404,0.4784987646373191,1,1,0.18827406658065393,0.479100716381053,0
resnext29_8x64d__pathmnist_split_02__seed2__d5.0,pathmnist,d5,0.25,5,210|186|213|208|183,1,1,0.23845432449555604,0.5166602366910761,1,9,0.21823994895877413,0.5315401574322276,0
resnext29_8x64d__pathmnist_split_02__seed2__d5.0,pathmnist,d5,0.3,5,210|186|213|208|183,1,9,0.25870445368647693,0.5673317471221956,1,6,0.29812006280687126,0.6452243251075094,0
resnext29_8x64d__pathmnist_split_02__seed3__d0.5,pathmnist,d0.5,0.05,5,186|211|202|211|190,0,,,0.0,0,,,0.0,0
resnext29_8x64d__pathmnist_split_02__seed3__d0.5,pathmnist,d0.5,0.1,5,186|211|202|211|190,0,,,0.0,0,,,0.0,0
resnext29_8x64d__pathmnist_split_02__seed3__d0.5,pathmnist,d0.5,0.15,5,186|211|202|211|190,1,8,0.13348327785342087,0.3364164260861591,1,0,0.13620801421108794,0.3448252136093088,0
resnext29_8x64d__pathmnist_split_02__seed3__d0.5,pathmnist,d0.5,0.2,5,186|211|202|211|190,1,8,0.1927075603290089,0.3939920881474064,1,4,0.1813312578823256,0.4143806984094841,0
resnext29_8x64d__pathmnist_split_02__seed3__d0.5,pathmnist,d0.5,0.25,5,186|211|202|211|190,1,8,0.19339972923084484,0.4383602931351892,1,1,0.2260878522180384,0.5315511201263189,0
resnext29_8x64d__pathmnist_split_02__seed3__d0.5,pathmnist,d0.5,0.3,5,186|211|202|211|190,1,9,0.2744890259052249,0.5576272924063064,1,1,0.25115663508012864,0.5675503828046702,0
resnext29_8x64d__pathmnist_split_02__seed3__d5.0,pathmnist,d5,0.05,5,204|184|203|212|197,0,,,0.0,0,,,0.0,0
resnext29_8x64d__pathmnist_split_02__seed3__d5.0,pathmnist,d5,0.1,5,204|184|203|212|197,0,,,0.0,0,,,0.0,0
resnext29_8x64d__pathmnist_split_02__seed3__d5.0,pathmnist,d5,0.15,5,204|184|203|212|197,0,,,0.0,0,,,0.0,0
resnext29_8x64d__pathmnist_split_02__seed3__d5.0,pathmnist,d5,0.2,5,204|184|203|212|197,1,9,0.17251740148956374,0.3800896544692832,1,9,0.17628835882392163,0.4076269796299325,0
resnext29_8x64d__pathmnist_split_02__seed3__d5.0,pathmnist,d5,0.25,5,204|184|203|212|197,1,1,0.21077737387299356,0.5142640608270498,1,1,0.20496217022736446,0.5430658513076194,0
resnext29_8x64d__pathmnist_split_02__seed3__d5.0,pathmnist,d5,0.3,5,204|184|203|212|197,1,1,0.27423770148526405,0.5770617644437988,1,1,0.2421895054495113,0.6052051004822294,0
resnext29_8x64d__pathmnist_split_02__seed4__d0.5,pathmnist,d0.5,0.05,5,187|202|201|205|205,0,,,0.0,0,,,0.0,0
resnext29_8x64d__pathmnist_split_02__seed4__d0.5,pathmnist,d0.5,0.1,5,187|202|201|205|205,1,4,0.09372893118509718,0.3113830638558988,1,0,0.0938907493200799,0.42215964003169676,0
resnext29_8x64d__pathmnist_split_02__seed4__d0.5,pathmnist,d0.5,0.15,5,187|202|201|205|205,1,0,0.13505983856863918,0.4548374358228305,1,5,0.14509551570391238,0.48505539328128383,0
resnext29_8x64d__pathmnist_split_02__seed4__d0.5,pathmnist,d0.5,0.2,5,187|202|201|205|205,1,1,0.18979008882646978,0.5118693767258353,1,1,0.1803336650169579,0.5280200632834297,0
resnext29_8x64d__pathmnist_split_02__seed4__d0.5,pathmnist,d0.5,0.25,5,187|202|201|205|205,1,1,0.22598192677310316,0.5455320850253137,1,6,0.23951984051084055,0.6095405020279591,0
resnext29_8x64d__pathmnist_split_02__seed4__d0.5,pathmnist,d0.5,0.3,5,187|202|201|205|205,1,6,0.2763710626474559,0.6658689367521466,1,10,0.2951979475989732,0.6928013252966553,0
resnext29_8x64d__pathmnist_split_02__seed4__d5.0,pathmnist,d5,0.05,5,215|184|210|207|184,0,,,0.0,0,,,0.0,0
resnext29_8x64d__pathmnist_split_02__seed4__d5.0,pathmnist,d5,0.1,5,215|184|210|207|184,0,,,0.0,0,,,0.0,0
resnext29_8x64d__pathmnist_split_02__seed4__d5.0,pathmnist,d5,0.15,5,215|184|210|207|184,1,9,0.14210140629356557,0.4477671727323269,1,8,0.11882851547472563,0.3838273853298084,0
resnext29_8x64d__pathmnist_split_02__seed4__d5.0,pathmnist,d5,0.2,5,215|184|210|207|184,1,9,0.17906829167121469,0.48800390241981517,1,9,0.18381451511261376,0.49711454585455406,0
resnext29_8x64d__pathmnist_split_02__seed4__d5.0,pathmnist,d5,0.25,5,215|184|210|207|184,1,9,0.2130691777465377,0.538293559406418,1,9,0.21458257299753358,0.5405694179285353,0
resnext29_8x64d__pathmnist_split_02__seed4__d5.0,pathmnist,d5,0.3,5,215|184|210|207|184,1,10,0.2794052280104111,0.6484151294109608,1,6,0.28413316808993794,0.6613453709238843,0
resnext29_8x64d__pathmnist_split_03__seed0__d0.5,pathmnist,d0.5,0.05,5,194|209|191|206|200,0,,,0.0,0,,,0.0,0
resnext29_8x64d__pathmnist_split_03__seed0__d0.5,pathmnist,d0.5,0.1,5,194|209|191|206|200,0,,,0.0,0,,,0.0,0
resnext29_8x64d__pathmnist_split_03__seed0__d0.5,pathmnist,d0.5,0.15,5,194|209|191|206|200,0,,,0.0,0,,,0.0,0
resnext29_8x64d__pathmnist_split_03__seed0__d0.5,pathmnist,d0.5,0.2,5,194|209|191|206|200,0,,,0.0,0,,,0.0,0
resnext29_8x64d__pathmnist_split_03__seed0__d0.5,pathmnist,d0.5,0.25,5,194|209|191|206|200,1,5,0.2319335633105958,0.29168406668972147,1,5,0.2353137370022812,0.30920487050750994,0
resnext29_8x64d__pathmnist_split_03__seed0__d0.5,pathmnist,d0.5,0.3,5,194|209|191|206|200,1,5,0.26780739339787,0.2985139624888105,1,5,0.2497706952269828,0.3238279735678796,0
resnext29_8x64d__pathmnist_split_03__seed0__d5.0,pathmnist,d5,0.05,5,211|203|208|182|196,0,,,0.0,0,,,0.0,0
resnext29_8x64d__pathmnist_split_03__seed0__d5.0,pathmnist,d5,0.1,5,211|203|208|182|196,0,,,0.0,0,,,0.0,0
resnext29_8x64d__pathmnist_split_03__seed0__d5.0,pathmnist,d5,0.15,5,211|203|208|182|196,0,,,0.0,0,,,0.0,0
resnext29_8x64d__pathmnist_split_03__seed0__d5.0,pathmnist,d5,0.2,5,211|203|208|182|196,0,,,0.0,0,,,0.0,0
resnext29_8x64d__pathmnist_split_03__seed0__d5.0,pathmnist,d5,0.25,5,211|203|208|182|196,1,9,0.22806543945780172,0.33351158730227914,1,9,0.22284574843407645,0.34623663572933217,0
resnext29_8x64d__pathmnist_split_03__seed0__d5.0,pathmnist,d5,0.3,5,211|203|208|182|196,1,1,0.25273625863714216,0.4146936896673587,1,6,0.29853009949173004,0.5251755230872074,0
resnext29_8x64d__pathmnist_split_03__seed1__d0.5,pathmnist,d0.5,0.05,5,201|194|207|200|198,0,,,0.0,0,,,0.0,0
resnext29_8x64d__pathmnist_split_03__seed1__d0.5,pathmnist,d0.5,0.1,5,201|194|207|200|198,0,,,0.0,0,,,0.0,0
resnext29_8x64d__pathmnist_split_03__seed1__d0.5,pathmnist,d0.5,0.15,5,201|194|207|200|198,0,,,0.0,0,,,0.0,0
resnext29_8x64d__pathmnist_split_03__seed1__d0.5,pathmnist,d0.5,0.2,5,201|194|207|200|198,0,,,0.0,0,,,0.0,0
resnext29_8x64d__pathmnist_split_03__seed1__d0.5,pathmnist,d0.5,0.25,5,201|194|207|200|198,1,9,0.23917104603393663,0.3588281030125909,1,9,0.22408096443005507,0.39171830633598376,0
resnext29_8x64d__pathmnist_split_03__seed1__d0.5,pathmnist,d0.5,0.3,5,201|194|207|200|198,1,9,0.27512214004358915,0.42879218138376257,1,1,0.24265622956975638,0.4488880760985732,0
resnext29_8x64d__pathmnist_split_03__seed1__d5.0,pathmnist,d5,0.05,5,207|205|187|199|202,0,,,0.0,0,,,0.0,0
resnext29_8x64d__pathmnist_split_03__seed1__d5.0,pathmnist,d5,0.1,5,207|205|187|199|202,0,,,0.0,0,,,0.0,0
resnext29_8x64d__pathmnist_split_03__seed1__d5.0,pathmnist,d5,0.15,5,207|205|187|199|202,0,,,0.0,0,,,0.0,0
resnext29_8x64d__pathmnist_split_03__seed1__d5.0,pathmnist,d5,0.2,5,207|205|187|199|202,0,,,0.0,1,1,0.19337222738894458,0.3346092154686445,1
resnext29_8x64d__pathmnist_split_03__seed1__d5.0,pathmnist,d5,0.25,5,207|205|187|199|202,1,4,0.21190627040200685,0.15578324229516802,1,9,0.22399532014268464,0.4471246708764467,0
resnext29_8x64d__pathmnist_split_03__seed1__d5.0,pathmnist,d5,0.3,5,207|205|187|199|202,1,9,0.2887657561391947,0.5096766376869272,1,9,0.25652241735406023,0.5298424226510978,0
resnext29_8x64d__pathmnist_split_03__seed2__d0.5,pathmnist,d0.5,0.05,5,191|202|191|206|210,0,,,0.0,0,,,0.0,0
resnext29_8x64d__pathmnist_split_03__seed2__d0.5,pathmnist,d0.5,0.1,5,191|202|191|206|210,0,,,0.0,0,,,0.0,0
resnext29_8x64d__pathmnist_split_03__seed2__d0.5,pathmnist,d0.5,0.15,5,191|202|191|206|210,0,,,0.0,0,,,0.0,0
resnext29_8x64d__pathmnist_split_03__seed2__d0.5,pathmnist,d0.5,0.2,5,191|202|191|206|210,1,8,0.17887962333291774,0.16947585374707916,1,8,0.1692548596828619,0.17292815771478254,0
resnext29_8x64d__pathmnist_split_03__seed2__d0.5,pathmnist,d0.5,0.25,5,191|202|191|206|210,1,1,0.22806543945780172,0.34039767608806226,1,9,0.21232190384920305,0.339821431410874,0
resnext29_8x64d__pathmnist_split_03__seed2__d0.5,pathmnist,d0.5,0.3,5,191|202|191|206|210,1,9,0.23076428662551324,0.39364448871022834,1,1,0.24739388355735037,0.39926117219004464,0
resnext29_8x64d__pathmnist_split_03__seed2__d5.0,pathmnist,d5,0.05,5,212|177|215|197|199,0,,,0.0,0,,,0.0,0
resnext29_8x64d__pathmnist_split_03__seed2__d5.0,pathmnist,d5,0.1,5,212|177|215|197|199,0,,,0.0,0,,,0.0,0
resnext29_8x64d__pathmnist_split_03__seed2__d5.0,pathmnist,d5,0.15,5,212|177|215|197|199,0,,,0.0,0,,,0.0,0
resnext29_8x64d__pathmnist_split_03__seed2__d5.0,pathmnist,d5,0.2,5,212|177|215|197|199,0,,,0.0,0,,,0.0,0
resnext29_8x64d__pathmnist_split_03__seed2__d5.0,pathmnist,d5,0.25,5,212|177|215|197|199,1,1,0.22191960432712363,0.22978632340278848,1,1,0.22851189751613865,0.23282422305964767,0
resnext29_8x64d__pathmnist_split_03__seed2__d5.0,pathmnist,d5,0.3,5,212|177|215|197|199,1,9,0.24827244284840227,0.3381007655184904,1,9,0.24579885489813236,0.35574617742681014,0
resnext29_8x64d__pathmnist_split_03__seed3__d0.5,pathmnist,d0.5,0.05,5,220|208|187|190|195,0,,,0.0,0,,,0.0,0
resnext29_8x64d__pathmnist_split_03__seed3__d0.5,pathmnist,d0.5,0.1,5,220|208|187|190|195,0,,,0.0,0,,,0.0,0
resnext29_8x64d__pathmnist_split_03__seed3__d0.5,pathmnist,d0.5,0.15,5,220|208|187|190|195,0,,,0.0,0,,,0.0,0
resnext29_8x64d__pathmnist_split_03__seed3__d0.5,pathmnist,d0.5,0.2,5,220|208|187|190|195,0,,,0.0,0,,,0.0,0
resnext29_8x64d__pathmnist_split_03__seed3__d0.5,pathmnist,d0.5,0.25,5,220|208|187|190|195,1,1,0.24662745632376795,0.13668421848061382,1,9,0.2293223937493651,0.16392248080598412,0
resnext29_8x64d__pathmnist_split_03__seed3__d0.5,pathmnist,d0.5,0.3,5,220|208|187|190|195,1,5,0.2939057345981017,0.24755719169558862,1,5,0.2697781032228418,0.24709335278583605,0
resnext29_8x64d__pathmnist_split_03__seed3__d5.0,pathmnist,d5,0.05,5,207|202|197|189|205,0,,,0.0,0,,,0.0,0
resnext29_8x64d__pathmnist_split_03__seed3__d5.0,pathmnist,d5,0.1,5,207|202|197|189|205,0,,,0.0,0,,,0.0,0
resnext29_8x64d__pathmnist_split_03__seed3__d5.0,pathmnist,d5,0.15,5,207|202|197|189|205,0,,,0.0,0,,,0.0,0
resnext29_8x64d__pathmnist_split_03__seed3__d5.0,pathmnist,d5,0.2,5,207|202|197|189|205,0,,,0.0,0,,,0.0,0
resnext29_8x64d__pathmnist_split_03__seed3__d5.0,pathmnist,d5,0.25,5,207|202|197|189|205,1,5,0.2483552405823274,0.1815937441724868,1,1,0.24015989902814194,0.16620924802026765,0
resnext29_8x64d__pathmnist_split_03__seed3__d5.0,pathmnist,d5,0.3,5,207|202|197|189|205,1,5,0.2770836747097834,0.22978632340278848,1,1,0.2445870004141084,0.2410321944348645,0
resnext29_8x64d__pathmnist_split_03__seed4__d0.5,pathmnist,d0.5,0.05,5,193|220|193|202|192,0,,,0.0,0,,,0.0,0
resnext29_8x64d__pathmnist_split_03__seed4__d0.5,pathmnist,d0.5,0.1,5,193|220|193|202|192,0,,,0.0,0,,,0.0,0
resnext29_8x64d__pathmnist_split_03__seed4__d0.5,pathmnist,d0.5,0.15,5,193|220|193|202|192,0,,,0.0,0,,,0.0,0
resnext29_8x64d__pathmnist_split_03__seed4__d0.5,pathmnist,d0.5,0.2,5,193|220|193|202|192,1,0,0.19398120902577812,0.21874316308583414,1,0,0.1847687815474855,0.24507329910238304,0
resnext29_8x64d__pathmnist_split_03__seed4__d0.5,pathmnist,d0.5,0.25,5,193|220|193|202|192,1,5,0.22849909854637276,0.27218582858772994,1,5,0.22680156069835214,0.3002930436819417,0
resnext29_8x64d__pathmnist_split_03__seed4__d0.5,pathmnist,d0.5,0.3,5,193|220|193|202|192,1,5,0.25190435937956895,0.2879694103077591,1,5,0.25258036848325344,0.31086732849866217,0
resnext29_8x64d__pathmnist_split_03__seed4__d5.0,pathmnist,d5,0.05,5,207|218|199|182|194,0,,,0.0,0,,,0.0,0
resnext29_8x64d__pathmnist_split_03__seed4__d5.0,pathmnist,d5,0.1,5,207|218|199|182|194,0,,,0.0,0,,,0.0,0
resnext29_8x64d__pathmnist_split_03__seed4__d5.0,pathmnist,d5,0.15,5,207|218|199|182|194,0,,,0.0,0,,,0.0,0
resnext29_8x64d__pathmnist_split_03__seed4__d5.0,pathmnist,d5,0.2,5,207|218|199|182|194,1,9,0.19997008917794665,0.292494279738149,1,1,0.19389415803122806,0.3249476253366959,0
resnext29_8x64d__pathmnist_split_03__seed4__d5.0,pathmnist,d5,0.25,5,207|218|199|182|194,1,1,0.21836679957000263,0.3588281030125909,1,1,0.21486004445119836,0.3889383954931315,0
resnext29_8x64d__pathmnist_split_03__seed4__d5.0,pathmnist,d5,0.3,5,207|218|199|182|194,1,10,0.2968152153792323,0.5024711886809026,1,10,0.29676418155113987,0.5376844081909153,0
resnext29_8x64d__pathmnist_split_04__seed0__d0.5,pathmnist,d0.5,0.05,5,212|180|204|191|213,0,,,0.0,0,,,0.0,0
resnext29_8x64d__pathmnist_split_04__seed0__d0.5,pathmnist,d0.5,0.1,5,212|180|204|191|213,0,,,0.0,0,,,0.0,0
resnext29_8x64d__pathmnist_split_04__seed0__d0.5,pathmnist,d0.5,0.15,5,212|180|204|191|213,0,,,0.0,0,,,0.0,0
resnext29_8x64d__pathmnist_split_04__seed0__d0.5,pathmnist,d0.5,0.2,5,212|180|204|191|213,0,,,0.0,0,,,0.0,0
resnext29_8x64d__pathmnist_split_04__seed0__d0.5,pathmnist,d0.5,0.25,5,212|180|204|191|213,0,,,0.0,0,,,0.0,0
resnext29_8x64d__pathmnist_split_04__seed0__d0.5,pathmnist,d0.5,0.3,5,212|180|204|191|213,0,,,0.0,0,,,0.0,0
resnext29_8x64d__pathmnist_split_04__seed0__d5.0,pathmnist,d5,0.05,5,203|210|189|190|208,0,,,0.0,0,,,0.0,0
resnext29_8x64d__pathmnist_split_04__seed0__d5.0,pathmnist,d5,0.1,5,203|210|189|190|208,0,,,0.0,0,,,0.0,0
resnext29_8x64d__pathmnist_split_04__seed0__d5.0,pathmnist,d5,0.15,5,203|210|189|190|208,0,,,0.0,0,,,0.0,0
resnext29_8x64d__pathmnist_split_04__seed0__d5.0,pathmnist,d5,0.2,5,203|210|189|190|208,0,,,0.0,0,,,0.0,0
resnext29_8x64d__pathmnist_split_04__seed0__d5.0,pathmnist,d5,0.25,5,203|210|189|190|208,0,,,0.0,0,,,0.0,0
resnext29_8x64d__pathmnist_split_04__seed0__d5.0,pathmnist,d5,0.3,5,203|210|189|190|208,1,2,0.2657567426681085,0.5783058367698721,1,2,0.26892021413693823,0.5942840353251595,0
resnext29_8x64d__pathmnist_split_04__seed1__d0.5,pathmnist,d0.5,0.05,5,195|203|169|224|209,0,,,0.0,0,,,0.0,0
resnext29_8x64d__pathmnist_split_04__seed1__d0.5,pathmnist,d0.5,0.1,5,195|203|169|224|209,0,,,0.0,0,,,0.0,0
resnext29_8x64d__pathmnist_split_04__seed1__d0.5,pathmnist,d0.5,0.15,5,195|203|169|224|209,0,,,0.0,0,,,0.0,0
resnext29_8x64d__pathmnist_split_04__seed1__d0.5,pathmnist,d0.5,0.2,5,195|203|169|224|209,1,8,0.17528859868442367,0.16839194775927233,1,0,0.17710424045331769,0.17923451527042442,0
resnext29_8x64d__pathmnist_split_04__seed1__d0.5,pathmnist,d0.5,0.25,5,195|203|169|224|209,1,1,0.24351275374660394,0.202257291499843,1,1,0.23872187228254332,0.20788469244485558,0
resnext29_8x64d__pathmnist_split_04__seed1__d0.5,pathmnist,d0.5,0.3,5,195|203|169|224|209,1,5,0.23745409223247246,0.20866816403703234,1,1,0.28532484310366324,0.2228086059604023,0
resnext29_8x64d__pathmnist_split_04__seed1__d5.0,pathmnist,d5,0.05,5,188|185|196|219|212,0,,,0.0,0,,,0.0,0
resnext29_8x64d__pathmnist_split_04__seed1__d5.0,pathmnist,d5,0.1,5,188|185|196|219|212,0,,,0.0,0,,,0.0,0
resnext29_8x64d__pathmnist_split_04__seed1__d5.0,pathmnist,d5,0.15,5,188|185|196|219|212,0,,,0.0,0,,,0.0,0
resnext29_8x64d__pathmnist_split_04__seed1__d5.0,pathmnist,d5,0.2,5,188|185|196|219|212,0,,,0.0,0,,,0.0,0
resnext29_8x64d__pathmnist_split_04__seed1__d5.0,pathmnist,d5,0.25,5,188|185|196|219|212,0,,,0.0,0,,,0.0,0
resnext29_8x64d__pathmnist_split_04__seed1__d5.0,pathmnist,d5,0.3,5,188|185|196|219|212,0,,,0.0,0,,,0.0,0
resnext29_8x64d__pathmnist_split_04__seed2__d0.5,pathmnist,d0.5,0.05,5,201|195|177|226|201,0,,,0.0,0,,,0.0,0
resnext29_8x64d__pathmnist_split_04__seed2__d0.5,pathmnist,d0.5,0.1,5,201|195|177|226|201,0,,,0.0,0,,,0.0,0
resnext29_8x64d__pathmnist_split_04__seed2__d0.5,pathmnist,d0.5,0.15,5,201|195|177|226|201,0,,,0.0,0,,,0.0,0
resnext29_8x64d__pathmnist_split_04__seed2__d0.5,pathmnist,d0.5,0.2,5,201|195|177|226|201,0,,,0.0,0,,,0.0,0
resnext29_8x64d__pathmnist_split_04__seed2__d0.5,pathmnist,d0.5,0.25,5,201|195|177|226|201,0,,,0.0,0,,,0.0,0
resnext29_8x64d__pathmnist_split_04__seed2__d0.5,pathmnist,d0.5,0.3,5,201|195|177|226|201,0,,,0.0,0,,,0.0,0
resnext29_8x64d__pathmnist_split_04__seed2__d5.0,pathmnist,d5,0.05,5,198|202|211|193|196,0,,,0.0,0,,,0.0,0
resnext29_8x64d__pathmnist_split_04__seed2__d5.0,pathmnist,d5,0.1,5,198|202|211|193|196,0,,,0.0,0,,,0.0,0
resnext29_8x64d__pathmnist_split_04__seed2__d5.0,pathmnist,d5,0.15,5,198|202|211|193|196,0,,,0.0,0,,,0.0,0
resnext29_8x64d__pathmnist_split_04__seed2__d5.0,pathmnist,d5,0.2,5,198|202|211|193|196,0,,,0.0,0,,,0.0,0
resnext29_8x64d__pathmnist_split_04__seed2__d5.0,pathmnist,d5,0.25,5,198|202|211|193|196,0,,,0.0,0,,,0.0,0
resnext29_8x64d__pathmnist_split_04__seed2__d5.0,pathmnist,d5,0.3,5,198|202|211|193|196,0,,,0.0,0,,,0.0,0
resnext29_8x64d__pathmnist_split_04__seed3__d0.5,pathmnist,d0.5,0.05,5,225|193|182|208|192,0,,,0.0,0,,,0.0,0
resnext29_8x64d__pathmnist_split_04__seed3__d0.5,pathmnist,d0.5,0.1,5,225|193|182|208|192,0,,,0.0,0,,,0.0,0
resnext29_8x64d__pathmnist_split_04__seed3__d0.5,pathmnist,d0.5,0.15,5,225|193|182|208|192,0,,,0.0,0,,,0.0,0
resnext29_8x64d__pathmnist_split_04__seed3__d0.5,pathmnist,d0.5,0.2,5,225|193|182|208|192,0,,,0.0,0,,,0.0,0
resnext29_8x64d__pathmnist_split_04__seed3__d0.5,pathmnist,d0.5,0.25,5,225|193|182|208|192,0,,,0.0,0,,,0.0,0
resnext29_8x64d__pathmnist_split_04__seed3__d0.5,pathmnist,d0.5,0.3,5,225|193|182|208|192,0,,,0.0,1,6,0.29656376568109266,0.6461183407180554,1
resnext29_8x64d__pathmnist_split_04__seed3__d5.0,pathmnist,d5,0.05,5,202|187|194|208|209,0,,,0.0,0,,,0.0,0
resnext29_8x64d__pathmnist_split_04__seed3__d5.0,pathmnist,d5,0.1,5,202|187|194|208|209,0,,,0.0,0,,,0.0,0
resnext29_8x64d__pathmnist_split_04__seed3__d5.0,pathmnist,d5,0.15,5,202|187|194|208|209,0,,,0.0,0,,,0.0,0
resnext29_8x64d__pathmnist_split_04__seed3__d5.0,pathmnist,d5,0.2,5,202|187|194|208|209,0,,,0.0,0,,,0.0,0
resnext29_8x64d__pathmnist_split_04__seed3__d5.0,pathmnist,d5,0.25,5,202|187|194|208|209,0,,,0.0,0,,,0.0,0
resnext29_8x64d__pathmnist_split_04__seed3__d5.0,pathmnist,d5,0.3,5,202|187|194|208|209,0,,,0.0,0,,,0.0,0
resnext29_8x64d__pathmnist_split_04__seed4__d0.5,pathmnist,d0.5,0.05,5,196|221|205|209|169,0,,,0.0,0,,,0.0,0
resnext29_8x64d__pathmnist_split_04__seed4__d0.5,pathmnist,d0.5,0.1,5,196|221|205|209|169,0,,,0.0,0,,,0.0,0
resnext29_8x64d__pathmnist_split_04__seed4__d0.5,pathmnist,d0.5,0.15,5,196|221|205|209|169,0,,,0.0,0,,,0.0,0
resnext29_8x64d__pathmnist_split_04__seed4__d0.5,pathmnist,d0.5,0.2,5,196|221|205|209|169,0,,,0.0,0,,,0.0,0
resnext29_8x64d__pathmnist_split_04__seed4__d0.5,pathmnist,d0.5,0.25,5,196|221|205|209|169,0,,,0.0,0,,,0.0,0
resnext29_8x64d__pathmnist_split_04__seed4__d0.5,pathmnist,d0.5,0.3,5,196|221|205|209|169,0,,,0.0,0,,,0.0,0
resnext29_8x64d__pathmnist_split_04__seed4__d5.0,pathmnist,d5,0.05,5,177|201|212|204|206,0,,,0.0,0,,,0.0,0
resnext29_8x64d__pathmnist_split_04__seed4__d5.0,pathmnist,d5,0.1,5,177|201|212|204|206,0,,,0.0,0,,,0.0,0
resnext29_8x64d__pathmnist_split_04__seed4__d5.0,pathmnist,d5,0.15,5,177|201|212|204|206,0,,,0.0,0,,,0.0,0
resnext29_8x64d__pathmnist_split_04__seed4__d5.0,pathmnist,d5,0.2,5,177|201|212|204|206,0,,,0.0,0,,,0.0,0
resnext29_8x64d__pathmnist_split_04__seed4__d5.0,pathmnist,d5,0.25,5,177|201|212|204|206,0,,,0.0,0,,,0.0,0
resnext29_8x64d__pathmnist_split_04__seed4__d5.0,pathmnist,d5,0.3,5,177|201|212|204|206,0,,,0.0,0,,,0.0,0
