semantic_id,kind,path,bytes,sha256,terminal_path,terminal_bytes,terminal_sha256
cifar100_proser_fedavg__split00__seed0__d0.1,cifar,results/confirmatory_400r/runs/cifar100_proser_fedavg__split00__seed0__d0.1_common.npz,2064915,0e1024a268d08effb10a01cef8bbafd7cfec57ef117a91916bf3d28aa197df0c,results/confirmatory_400r/runs/cifar100_proser_fedavg__split00__seed0__d0.1.TERMINAL.json,819,a7b4997740e6013ef04fbe230e30e0086a6935969adcb7c2bb318749761392d6
cifar100_proser_fedavg__split00__seed0__d0.5,cifar,results/confirmatory_400r/runs/cifar100_proser_fedavg__split00__seed0__d0.5_common.npz,2073289,10b1cae34030938626f400fea987b941a32e3ed3d935267e339793c804785f1b,results/confirmatory_400r/runs/cifar100_proser_fedavg__split00__seed0__d0.5.TERMINAL.json,819,e1b2a43b84d83a36a44d937a2ac904b811044641a7c9517291ed28fda0262c5e
cifar100_proser_fedavg__split00__seed0__d5.0,cifar,results/confirmatory_400r/runs/cifar100_proser_fedavg__split00__seed0__d5.0_common.npz,2073764,25f2a6748e0f4a48937bec219e1136e4cd5528f5f21aa44827a6504f9ebf94d2,results/confirmatory_400r/runs/cifar100_proser_fedavg__split00__seed0__d5.0.TERMINAL.json,818,fea7ca800fc47b5ffcc3e24f1a6886f1eadaf9b41c26d9fdb0182be7310454bf
cifar100_proser_fedavg__split00__seed1__d0.1,cifar,results/confirmatory_400r/runs/cifar100_proser_fedavg__split00__seed1__d0.1_common.npz,2057421,df0a9ee656f7c7db4a7bf8c326b18fcb1e39bb66f7021f8ed42f5d9dd709767b,results/confirmatory_400r/runs/cifar100_proser_fedavg__split00__seed1__d0.1.TERMINAL.json,818,eeace2513c01e60efc52405c596acdbcd8ba50482c6b03d8fc04d30779fd8b8a
cifar100_proser_fedavg__split00__seed1__d0.5,cifar,results/confirmatory_400r/runs/cifar100_proser_fedavg__split00__seed1__d0.5_common.npz,2072400,9af4cf6e10b2f395be5d7cbea2d961ad4eb3802c1bf35aba70fac3844897f624,results/confirmatory_400r/runs/cifar100_proser_fedavg__split00__seed1__d0.5.TERMINAL.json,818,441a929431bd26839be0d9e3d206ef60d159c66123315eaf8d68a09fcec3e46a
cifar100_proser_fedavg__split00__seed1__d5.0,cifar,results/confirmatory_400r/runs/cifar100_proser_fedavg__split00__seed1__d5.0_common.npz,2073318,6f67d6b88c791afaa037f24a42b9458db927884b7596a7349e2069a11f3d12ae,results/confirmatory_400r/runs/cifar100_proser_fedavg__split00__seed1__d5.0.TERMINAL.json,819,75a0b7964f148511994d0102d29627e53e4d0e132fd2fdd04d050cc3dc4a6e4d
cifar100_proser_fedavg__split00__seed2__d0.1,cifar,results/confirmatory_400r/runs/cifar100_proser_fedavg__split00__seed2__d0.1_common.npz,2061341,2e83c2920ca07dd2e6a98e7936817079fafca5259ead1828babaf314a85b0020,results/confirmatory_400r/runs/cifar100_proser_fedavg__split00__seed2__d0.1.TERMINAL.json,819,4ab0db87bc9785da6ea850648067681789bc83d68181edc270bb5f04021ff10e
cifar100_proser_fedavg__split00__seed2__d0.5,cifar,results/confirmatory_400r/runs/cifar100_proser_fedavg__split00__seed2__d0.5_common.npz,2072700,035037b60e57bf9a3b9b747c46260b53d0885b7d38dbe27cf48bfcdb0a581fe8,results/confirmatory_400r/runs/cifar100_proser_fedavg__split00__seed2__d0.5.TERMINAL.json,818,cd3186d0486c1ba284c90070c375161af5c0451bc475ab22b3f5c58671e9d120
cifar100_proser_fedavg__split00__seed2__d5.0,cifar,results/confirmatory_400r/runs/cifar100_proser_fedavg__split00__seed2__d5.0_common.npz,2074819,eb9e134bdeef138d9253982e2dd68ecc130cf4a335122ee72c46c5d37558db73,results/confirmatory_400r/runs/cifar100_proser_fedavg__split00__seed2__d5.0.TERMINAL.json,819,0ae4461d745d2525d52de1317af8ed59a76756b700d19425e6172da6a48dfe5c
cifar100_proser_fedavg__split00__seed3__d0.1,cifar,results/confirmatory_400r/runs/cifar100_proser_fedavg__split00__seed3__d0.1_common.npz,2061613,92b67307e2b1b48a2914d4dc04a3f8b18356d12f6d0e0dfcde7b836570690bab,results/confirmatory_400r/runs/cifar100_proser_fedavg__split00__seed3__d0.1.TERMINAL.json,819,3af189178913e1bab88f492ee71082eb4aacb032aee224dc26fde60d4ef22460
cifar100_proser_fedavg__split00__seed3__d0.5,cifar,results/confirmatory_400r/runs/cifar100_proser_fedavg__split00__seed3__d0.5_common.npz,2068501,449e9a0448eb164cc984fb895d55dd2105a625f91013ffc075b3097c2f206043,results/confirmatory_400r/runs/cifar100_proser_fedavg__split00__seed3__d0.5.TERMINAL.json,818,a916bccc381ab175665966e6b93f826292cfcc96982fc33af690fb0e7b512450
cifar100_proser_fedavg__split00__seed3__d5.0,cifar,results/confirmatory_400r/runs/cifar100_proser_fedavg__split00__seed3__d5.0_common.npz,2071527,83cc18ea09ec926cf5af314b8a291b6eb8545c96cfb7caacd9744e2d39f99a7d,results/confirmatory_400r/runs/cifar100_proser_fedavg__split00__seed3__d5.0.TERMINAL.json,819,395d32816ec236e1a376594c1a49aea44b714dd8d60780e259bf6a5a2c7084d2
cifar100_proser_fedavg__split00__seed4__d0.1,cifar,results/confirmatory_400r/runs/cifar100_proser_fedavg__split00__seed4__d0.1_common.npz,2060700,f4ad653a58cab7d994002ec3577a0b482c98e44f21a046feb15474423cfcff40,results/confirmatory_400r/runs/cifar100_proser_fedavg__split00__seed4__d0.1.TERMINAL.json,818,25d3c81947321557cab375564afc662ed606068f9c3e8dcd6e08aa310fdc5024
cifar100_proser_fedavg__split00__seed4__d0.5,cifar,results/confirmatory_400r/runs/cifar100_proser_fedavg__split00__seed4__d0.5_common.npz,2072965,e9fceef65a61f8f7c14b93ce109fe4d4429a151ac983a66b7964bbd803be6360,results/confirmatory_400r/runs/cifar100_proser_fedavg__split00__seed4__d0.5.TERMINAL.json,818,af4bfde105221b2f0225c355d016d8d0ae78255e2cd062e3ea7ab9f7810fe1f6
cifar100_proser_fedavg__split00__seed4__d5.0,cifar,results/confirmatory_400r/runs/cifar100_proser_fedavg__split00__seed4__d5.0_common.npz,2075674,91028911c7147283c30761eeaa6c5bd86f22e823c7bfc91ac015d6b5f3d302fc,results/confirmatory_400r/runs/cifar100_proser_fedavg__split00__seed4__d5.0.TERMINAL.json,818,263d88d0ffe5d5379824724582dbb8996ef626bad27ddbd8251035015cfb8862
cifar100_proser_fedavg__split01__seed0__d0.1,cifar,results/confirmatory_400r/runs/cifar100_proser_fedavg__split01__seed0__d0.1_common.npz,2065030,5acae25984efbe7beea9fdaa6326fdc752f13a88893105bb3583c2f9fae3a60a,results/confirmatory_400r/runs/cifar100_proser_fedavg__split01__seed0__d0.1.TERMINAL.json,818,4380a3aaa1a7fb0fdb66cd6c1e791fce1581f2df940863e9668c7b15d53e6a18
cifar100_proser_fedavg__split01__seed0__d0.5,cifar,results/confirmatory_400r/runs/cifar100_proser_fedavg__split01__seed0__d0.5_common.npz,2074895,3587f9fff6ab903923f46ca1e28a9d50b65bd5549199ae8597ddbc71ba5102dc,results/confirmatory_400r/runs/cifar100_proser_fedavg__split01__seed0__d0.5.TERMINAL.json,818,20b42bee6a2233be218986f5e8fa35b5bf93f7019cbbef72417eb166564accfe
cifar100_proser_fedavg__split01__seed0__d5.0,cifar,results/confirmatory_400r/runs/cifar100_proser_fedavg__split01__seed0__d5.0_common.npz,2074002,206552ee00cb521794ec39338f61b41f68c9278b2e7683c5c0c0b092c4cf1657,results/confirmatory_400r/runs/cifar100_proser_fedavg__split01__seed0__d5.0.TERMINAL.json,819,acb362b25f8891ea50f929b65774fad8581f14557017ef4188549f939c73fba7
cifar100_proser_fedavg__split01__seed1__d0.1,cifar,results/confirmatory_400r/runs/cifar100_proser_fedavg__split01__seed1__d0.1_common.npz,2057910,89ce66281f749c1777caf52769c7023a0bba4f27097b44450a1ac46a06eb55a1,results/confirmatory_400r/runs/cifar100_proser_fedavg__split01__seed1__d0.1.TERMINAL.json,817,d9dffe0728f20d3c4d8232d13d5b865d49f56d5d5fa636a22bdecc7726299bcc
cifar100_proser_fedavg__split01__seed1__d0.5,cifar,results/confirmatory_400r/runs/cifar100_proser_fedavg__split01__seed1__d0.5_common.npz,2073374,923054dc141bbdcaea6a2ff347bd54de4b7a6ce5ad7fd1cd763bfedca1f49935,results/confirmatory_400r/runs/cifar100_proser_fedavg__split01__seed1__d0.5.TERMINAL.json,819,fe5b5f3d0ada71e68af588e3389d2682c5c8722f5341012f5d1bd0f53decb0a2
cifar100_proser_fedavg__split01__seed1__d5.0,cifar,results/confirmatory_400r/runs/cifar100_proser_fedavg__split01__seed1__d5.0_common.npz,2070988,a6e0a54ee1ddb1eefe21a51842ab7ff13bfdc6edb18710ee2077bf4867ab0e3f,results/confirmatory_400r/runs/cifar100_proser_fedavg__split01__seed1__d5.0.TERMINAL.json,819,e56bc27ce6cdba3366d2784ec6e11b1b11387a3c9c5b675b7b449ee7d6852fcb
cifar100_proser_fedavg__split01__seed2__d0.1,cifar,results/confirmatory_400r/runs/cifar100_proser_fedavg__split01__seed2__d0.1_common.npz,2062492,e494abf52670e4b3e87fd9f0f5b3c8680f0fad2815351c78b96887b34cc52460,results/confirmatory_400r/runs/cifar100_proser_fedavg__split01__seed2__d0.1.TERMINAL.json,819,511f0ffebca552fc4e7489bb5c2b674b6b10f568ad2bbb0fe8eb9070989f3853
cifar100_proser_fedavg__split01__seed2__d0.5,cifar,results/confirmatory_400r/runs/cifar100_proser_fedavg__split01__seed2__d0.5_common.npz,2073413,d831afec869c71a0b15ff61c76269c362bebf759995eb1ecf319cdab63d705f0,results/confirmatory_400r/runs/cifar100_proser_fedavg__split01__seed2__d0.5.TERMINAL.json,819,2cfe193021e16d2c2c4d4d80ecd2d3544432a1697c15b000d95a2e1debff0afc
cifar100_proser_fedavg__split01__seed2__d5.0,cifar,results/confirmatory_400r/runs/cifar100_proser_fedavg__split01__seed2__d5.0_common.npz,2075626,7f50cd4a1aa04914f676677dd2df2a6e5c04d4099af11167c7cf6a148f47de77,results/confirmatory_400r/runs/cifar100_proser_fedavg__split01__seed2__d5.0.TERMINAL.json,819,c312b21bf0125ee4c8691a2af9141d5703832aebeb66a84f60cbcf6ab6fa7d0d
cifar100_proser_fedavg__split01__seed3__d0.1,cifar,results/confirmatory_400r/runs/cifar100_proser_fedavg__split01__seed3__d0.1_common.npz,2062841,d2660f9f291a6a99c015e8ecdefd52290e24e6a2c35952bb50b16b12172b7268,results/confirmatory_400r/runs/cifar100_proser_fedavg__split01__seed3__d0.1.TERMINAL.json,819,44784cf6ed7487483aa989ff6946d40153a6ed2e3db4362766e2a0ca19eb26a7
cifar100_proser_fedavg__split01__seed3__d0.5,cifar,results/confirmatory_400r/runs/cifar100_proser_fedavg__split01__seed3__d0.5_common.npz,2069286,3385c7e9b922b78b3ff09aaf496401c2b61f42cba5feeb90ceb098a9619b13a0,results/confirmatory_400r/runs/cifar100_proser_fedavg__split01__seed3__d0.5.TERMINAL.json,819,747fab3cfe891100874cfe68cd7753fd2b8918f27931001bd4ed1b6a8b2b6900
cifar100_proser_fedavg__split01__seed3__d5.0,cifar,results/confirmatory_400r/runs/cifar100_proser_fedavg__split01__seed3__d5.0_common.npz,2073721,0dc8939ae0b65f0ad967f20376e9421dd17848b99545366d687df491370953c6,results/confirmatory_400r/runs/cifar100_proser_fedavg__split01__seed3__d5.0.TERMINAL.json,819,f84fe8086a859d4ded1ee6afe290cb2f90fc8b60f676817266d896bff3323f74
cifar100_proser_fedavg__split01__seed4__d0.1,cifar,results/confirmatory_400r/runs/cifar100_proser_fedavg__split01__seed4__d0.1_common.npz,2058342,a526facc8b3c125d038db11a179a99ce17fca4a71ec5bb66a8418e52e516392e,results/confirmatory_400r/runs/cifar100_proser_fedavg__split01__seed4__d0.1.TERMINAL.json,818,db872ae15e1cce672f74cb404b98d61ac40084ef9e0a658b94f6e71c5171f687
cifar100_proser_fedavg__split01__seed4__d0.5,cifar,results/confirmatory_400r/runs/cifar100_proser_fedavg__split01__seed4__d0.5_common.npz,2072631,f2bb731a8d541bceae1d56262ad16fb74e59a0c63355002966909e54b649dbc5,results/confirmatory_400r/runs/cifar100_proser_fedavg__split01__seed4__d0.5.TERMINAL.json,819,6eb57a476c402d24c293a900346d4731144cbefe856517080034b9966e6e0715
cifar100_proser_fedavg__split01__seed4__d5.0,cifar,results/confirmatory_400r/runs/cifar100_proser_fedavg__split01__seed4__d5.0_common.npz,2075155,c83e612fab9b9b50e5cdf809b31858584a4f8ddc69dacf1c38ce61f7f9bb3f86,results/confirmatory_400r/runs/cifar100_proser_fedavg__split01__seed4__d5.0.TERMINAL.json,819,bd33d30948c696ebec45022c065a532549ba73c6746fdc0bc71697517ec37dca
cifar100_proser_fedavg__split02__seed0__d0.1,cifar,results/confirmatory_400r/runs/cifar100_proser_fedavg__split02__seed0__d0.1_common.npz,2063275,b62d8b4b2ec418ea7e19af6615e438a2e55cf16f61f46e940d143baa031d4121,results/confirmatory_400r/runs/cifar100_proser_fedavg__split02__seed0__d0.1.TERMINAL.json,819,0a789e6a96b2fffe061dca61791b5e67d862769f24d7931cda3fcda711a2b35f
cifar100_proser_fedavg__split02__seed0__d0.5,cifar,results/confirmatory_400r/runs/cifar100_proser_fedavg__split02__seed0__d0.5_common.npz,2073616,8ab27b2b9f3463c2eda651f555713f0e17273bbab1e3913976a3f8f1fa0c9128,results/confirmatory_400r/runs/cifar100_proser_fedavg__split02__seed0__d0.5.TERMINAL.json,818,29d8f2df93e9dccce2f087f2b25f78a8d2924ba745630c76b901a9bd43466c50
cifar100_proser_fedavg__split02__seed0__d5.0,cifar,results/confirmatory_400r/runs/cifar100_proser_fedavg__split02__seed0__d5.0_common.npz,2072290,229996e8a9ddac9937f41dd81b946e11ba8594fb3203f3ce573e433287f880af,results/confirmatory_400r/runs/cifar100_proser_fedavg__split02__seed0__d5.0.TERMINAL.json,817,790bff202f4e047be30dbd2785ed04694bcea60a26f8c1a35d07c387b9807ff8
cifar100_proser_fedavg__split02__seed1__d0.1,cifar,results/confirmatory_400r/runs/cifar100_proser_fedavg__split02__seed1__d0.1_common.npz,2059117,e8f0831dd9251bd627d570bc0ec0daaf60dd9b694e26487a832d60d569a964fa,results/confirmatory_400r/runs/cifar100_proser_fedavg__split02__seed1__d0.1.TERMINAL.json,818,8f09dd940db5fb703721e0431937f88ca2c312a6a6752f1dc08343b072c110e8
cifar100_proser_fedavg__split02__seed1__d0.5,cifar,results/confirmatory_400r/runs/cifar100_proser_fedavg__split02__seed1__d0.5_common.npz,2074738,4f41813f741d39076e8743a42efe92bd2c7890586278ead5caf038bebe3852d7,results/confirmatory_400r/runs/cifar100_proser_fedavg__split02__seed1__d0.5.TERMINAL.json,819,0acac3a18f5e671d94d84153ff81d0bb7b6ada39d7581640c45736441674afaf
cifar100_proser_fedavg__split02__seed1__d5.0,cifar,results/confirmatory_400r/runs/cifar100_proser_fedavg__split02__seed1__d5.0_common.npz,2071288,2d362768f541310f2d3a1dc3a4150a435068a9d498aaf4771e928cb0aa2d836c,results/confirmatory_400r/runs/cifar100_proser_fedavg__split02__seed1__d5.0.TERMINAL.json,819,d1b06ef1aeed70220fa1e58793b6eea1e1baafdebd83024a35ff4df51a62865f
cifar100_proser_fedavg__split02__seed2__d0.1,cifar,results/confirmatory_400r/runs/cifar100_proser_fedavg__split02__seed2__d0.1_common.npz,2063710,a48d9b30e8570c1401d945a25a286518c90dc6afce4fb9af9f719970ded30e83,results/confirmatory_400r/runs/cifar100_proser_fedavg__split02__seed2__d0.1.TERMINAL.json,819,e8103863ba0eb281cc9b2ccefa15bda2ad7c2044cefac1dfe4f283223fda35c2
cifar100_proser_fedavg__split02__seed2__d0.5,cifar,results/confirmatory_400r/runs/cifar100_proser_fedavg__split02__seed2__d0.5_common.npz,2072499,4a2c58e69501d9d92e494c82f9932dfadf9b25fb2b8209040c07c2da21f57125,results/confirmatory_400r/runs/cifar100_proser_fedavg__split02__seed2__d0.5.TERMINAL.json,819,2ebd328a4045d18b63bcdcdd27e86f561150f475942282fd73824b3dc84c2de0
cifar100_proser_fedavg__split02__seed2__d5.0,cifar,results/confirmatory_400r/runs/cifar100_proser_fedavg__split02__seed2__d5.0_common.npz,2074075,167a6a3078e6f6cac621a7af5190c60b2be27b66e9c42dbfd3053f0328815d5b,results/confirmatory_400r/runs/cifar100_proser_fedavg__split02__seed2__d5.0.TERMINAL.json,819,54667179e094ad1eaf281ee3963c5eff7316e2fb6657915df178b54dfebf3543
cifar100_proser_fedavg__split02__seed3__d0.1,cifar,results/confirmatory_400r/runs/cifar100_proser_fedavg__split02__seed3__d0.1_common.npz,2063420,3983956869dd0d66b3391f2ae2350e30583f863733afc7fd00ea94971e528c25,results/confirmatory_400r/runs/cifar100_proser_fedavg__split02__seed3__d0.1.TERMINAL.json,817,6925469568be9ddb7c92bc7995293b86639f68cccae8c845f20a74cfe70e20af
cifar100_proser_fedavg__split02__seed3__d0.5,cifar,results/confirmatory_400r/runs/cifar100_proser_fedavg__split02__seed3__d0.5_common.npz,2069975,ecae98c70f03fda4710540f0af162bb198276a26b5cd5903018fbc6fd8ffbf0f,results/confirmatory_400r/runs/cifar100_proser_fedavg__split02__seed3__d0.5.TERMINAL.json,818,a99c6fb17450c6711711226163e795c679a2002edae497690f02104dffc0bf1e
cifar100_proser_fedavg__split02__seed3__d5.0,cifar,results/confirmatory_400r/runs/cifar100_proser_fedavg__split02__seed3__d5.0_common.npz,2072522,9704b8eb3eb05be0b1b9dd5cdc8f23e2e08475a15f3191420d0a7e037036c425,results/confirmatory_400r/runs/cifar100_proser_fedavg__split02__seed3__d5.0.TERMINAL.json,818,3b662a24da6693a392b59f3aed9e28b81de595416c10c148808496e3dcfe2cf0
cifar100_proser_fedavg__split02__seed4__d0.1,cifar,results/confirmatory_400r/runs/cifar100_proser_fedavg__split02__seed4__d0.1_common.npz,2059889,0b5fc82fc73d1734ae602352522ec3ce224ffab095608623a15e8b8f606e7070,results/confirmatory_400r/runs/cifar100_proser_fedavg__split02__seed4__d0.1.TERMINAL.json,817,0b33349efff36be174f852239775f9a01c251addb03c56e817096ab8302354dd
cifar100_proser_fedavg__split02__seed4__d0.5,cifar,results/confirmatory_400r/runs/cifar100_proser_fedavg__split02__seed4__d0.5_common.npz,2072396,a7eb28c9d901bd4bc6aa235c716e2a758e4962060d1d8db33166c202af342c12,results/confirmatory_400r/runs/cifar100_proser_fedavg__split02__seed4__d0.5.TERMINAL.json,819,6bc4862d8b7faacb3ae7259f0871d1f2cbb9af0658f13753f1eade2847c5dc9d
cifar100_proser_fedavg__split02__seed4__d5.0,cifar,results/confirmatory_400r/runs/cifar100_proser_fedavg__split02__seed4__d5.0_common.npz,2075384,f0b5e0bd78ff42fd17a40a2d21a19da23062ed0f07de03a7d64424d829bfe292,results/confirmatory_400r/runs/cifar100_proser_fedavg__split02__seed4__d5.0.TERMINAL.json,818,779cdb4d66b63c328077e79574dd9ab87dc63fdddd3e833c46eb1cc0a4f75cee
cifar100_proser_fedavg__split03__seed0__d0.1,cifar,results/confirmatory_400r/runs/cifar100_proser_fedavg__split03__seed0__d0.1_common.npz,2065354,8fe587246e06b9fd76c0987700a7791abfa8de9d7cac8f9a9742a9a4a1b869cf,results/confirmatory_400r/runs/cifar100_proser_fedavg__split03__seed0__d0.1.TERMINAL.json,819,2d34d35b7a7038fdab382b5086fa77ec6107a37e1a52946bb06f5cb5c639ddc3
cifar100_proser_fedavg__split03__seed0__d0.5,cifar,results/confirmatory_400r/runs/cifar100_proser_fedavg__split03__seed0__d0.5_common.npz,2074106,7a39c58dd75e470e1d16969ea7aba7bc3538edd5abf5c124f61aeba7eb46f4bd,results/confirmatory_400r/runs/cifar100_proser_fedavg__split03__seed0__d0.5.TERMINAL.json,818,022301c88833adcd762636b1e5e57b8b629dd37addeecba33f469bc86219cfdb
cifar100_proser_fedavg__split03__seed0__d5.0,cifar,results/confirmatory_400r/runs/cifar100_proser_fedavg__split03__seed0__d5.0_common.npz,2074085,70469da3869bc5d34f56acfa7b5573629eb15e3a5868a60b1d615ab8cadb5cc6,results/confirmatory_400r/runs/cifar100_proser_fedavg__split03__seed0__d5.0.TERMINAL.json,818,494cc784d3c73ecf00a9f14d42f9af924652dbb19b5b52d6da101c971b495d6d
cifar100_proser_fedavg__split03__seed1__d0.1,cifar,results/confirmatory_400r/runs/cifar100_proser_fedavg__split03__seed1__d0.1_common.npz,2058451,1b9edef5a31541c15f05dd09d9e95242058de4740b2fb85783191d931540f6ad,results/confirmatory_400r/runs/cifar100_proser_fedavg__split03__seed1__d0.1.TERMINAL.json,819,a9b1c14d03cfc3ff094431fd8035d95a4d4af1ff955168bc67a6cc3a1d03ec35
cifar100_proser_fedavg__split03__seed1__d0.5,cifar,results/confirmatory_400r/runs/cifar100_proser_fedavg__split03__seed1__d0.5_common.npz,2072418,fff1b132f85c17de26b738210dca95c8a87f9b1d6f058f524e0b5128148a9f80,results/confirmatory_400r/runs/cifar100_proser_fedavg__split03__seed1__d0.5.TERMINAL.json,819,5ec52687e21f58b5a96d2f143434c91f56418043aaee763da8a84fdb65dbf67e
cifar100_proser_fedavg__split03__seed1__d5.0,cifar,results/confirmatory_400r/runs/cifar100_proser_fedavg__split03__seed1__d5.0_common.npz,2071174,b3bd9a053b5827de8db1e59e89b9cb53607595253552351da829f5b4c9ee50a9,results/confirmatory_400r/runs/cifar100_proser_fedavg__split03__seed1__d5.0.TERMINAL.json,819,c0d45c085fb71347942656ab05090c71ed87664ff1ba87ce759f7850b5cc042d
cifar100_proser_fedavg__split03__seed2__d0.1,cifar,results/confirmatory_400r/runs/cifar100_proser_fedavg__split03__seed2__d0.1_common.npz,2060544,bb697de4fca8fdde81e3a1313c5c6d634059e3a0e309d16ae41fa6ca6ebe5b74,results/confirmatory_400r/runs/cifar100_proser_fedavg__split03__seed2__d0.1.TERMINAL.json,818,7a98f634842561661d0e3e568ef6883664ba6da833f208d07213a1f1721f8a5d
cifar100_proser_fedavg__split03__seed2__d0.5,cifar,results/confirmatory_400r/runs/cifar100_proser_fedavg__split03__seed2__d0.5_common.npz,2072798,91d72c362eba4deae16a6b575d3cf188b6208ee269d2f3089d410fc60c3e2e7f,results/confirmatory_400r/runs/cifar100_proser_fedavg__split03__seed2__d0.5.TERMINAL.json,819,4cccd672e130d36f3f6d300b44ac026bfd0f0188c6037fcd096dded9ddf90c31
cifar100_proser_fedavg__split03__seed2__d5.0,cifar,results/confirmatory_400r/runs/cifar100_proser_fedavg__split03__seed2__d5.0_common.npz,2074773,69632fb50e833ea0c589372372b50df145745aed3e7d990f450a27fe03255d9d,results/confirmatory_400r/runs/cifar100_proser_fedavg__split03__seed2__d5.0.TERMINAL.json,818,f590b79c1434cc723f04af04289a9339caa5c0e07f8775a0b4cea3d6f1931e29
cifar100_proser_fedavg__split03__seed3__d0.1,cifar,results/confirmatory_400r/runs/cifar100_proser_fedavg__split03__seed3__d0.1_common.npz,2062664,7e651102567b919a9d166379140e575833ef401ec2574527095bee2958043ac1,results/confirmatory_400r/runs/cifar100_proser_fedavg__split03__seed3__d0.1.TERMINAL.json,817,73a0490f4a2abc78706be840eafe57622f518c67e33e72b77312a7d5d1317656
cifar100_proser_fedavg__split03__seed3__d0.5,cifar,results/confirmatory_400r/runs/cifar100_proser_fedavg__split03__seed3__d0.5_common.npz,2068829,4377f40160c8accfab35ff0065b80f851f7d49da18bc727bddc516fe0aaca16d,results/confirmatory_400r/runs/cifar100_proser_fedavg__split03__seed3__d0.5.TERMINAL.json,819,f333f33c55505696195e886d2f4a3bee32da97397a9ac24765526f3039becc71
cifar100_proser_fedavg__split03__seed3__d5.0,cifar,results/confirmatory_400r/runs/cifar100_proser_fedavg__split03__seed3__d5.0_common.npz,2073346,d49784ca4b21f3e76fb8b105c685884d0f2cf6b1a0f32d08c192fe91595deb3f,results/confirmatory_400r/runs/cifar100_proser_fedavg__split03__seed3__d5.0.TERMINAL.json,819,f17ecbd723c86a719f90a332616159d598c1ab9e0541ad2b8e9fb8f9f7ec5631
cifar100_proser_fedavg__split03__seed4__d0.1,cifar,results/confirmatory_400r/runs/cifar100_proser_fedavg__split03__seed4__d0.1_common.npz,2059791,1ebe1176b092dfad3dcaf4fc80f83e436c38a50533bc4b4ccda1705ed6244cd7,results/confirmatory_400r/runs/cifar100_proser_fedavg__split03__seed4__d0.1.TERMINAL.json,819,93bd56bb547c440854bd8bc6dc5de5db7da7fe00a321691c57b6310f0f30e685
cifar100_proser_fedavg__split03__seed4__d0.5,cifar,results/confirmatory_400r/runs/cifar100_proser_fedavg__split03__seed4__d0.5_common.npz,2072983,d60568d5170189d233faa8afa0b2c0e7cc782bcdb6d9db88eff668363c3b4814,results/confirmatory_400r/runs/cifar100_proser_fedavg__split03__seed4__d0.5.TERMINAL.json,818,e08ae3c8fd37d5042f71586cbecadb92d816fb547b998eccb3041c65d20f1823
cifar100_proser_fedavg__split03__seed4__d5.0,cifar,results/confirmatory_400r/runs/cifar100_proser_fedavg__split03__seed4__d5.0_common.npz,2075646,7bceb14e0ee9ecf30130a28928e13f5c054f4123869bba05dd6250f494bde4f3,results/confirmatory_400r/runs/cifar100_proser_fedavg__split03__seed4__d5.0.TERMINAL.json,819,d03219959dca0e99f6142cedb625234871c4027e726debaa869a2c962ae6942d
cifar100_proser_fedavg__split04__seed0__d0.1,cifar,results/confirmatory_400r/runs/cifar100_proser_fedavg__split04__seed0__d0.1_common.npz,2064989,d787d44aca54521dffed4011129eed33fdb11bdfa9a06ed2a1dcbf34742407ee,results/confirmatory_400r/runs/cifar100_proser_fedavg__split04__seed0__d0.1.TERMINAL.json,819,8c10483737128f3e423e9be2fee52ee2079f5f05404eb1e84e07243093d854a1
cifar100_proser_fedavg__split04__seed0__d0.5,cifar,results/confirmatory_400r/runs/cifar100_proser_fedavg__split04__seed0__d0.5_common.npz,2073413,a453d9ff7ae42616f4e642ea7806c887f2dde4506899e5664a9ceb3ed9e0604e,results/confirmatory_400r/runs/cifar100_proser_fedavg__split04__seed0__d0.5.TERMINAL.json,819,d0281a0a4946303b86e86e180e468c90b69c108bbaaa0742e3b3d7b85e34042e
cifar100_proser_fedavg__split04__seed0__d5.0,cifar,results/confirmatory_400r/runs/cifar100_proser_fedavg__split04__seed0__d5.0_common.npz,2072325,f7fc702f9d644b1104cd7235d0671f309e5dddd40691a54d6972c3c56294be50,results/confirmatory_400r/runs/cifar100_proser_fedavg__split04__seed0__d5.0.TERMINAL.json,819,297055bf31e6f955037f7b957906ce7c2364985a066721da04c8f3209fb9c129
cifar100_proser_fedavg__split04__seed1__d0.1,cifar,results/confirmatory_400r/runs/cifar100_proser_fedavg__split04__seed1__d0.1_common.npz,2056934,489e5ca7b94e0bd114ab8f1d4cb6fe73c377f8f6885754de09ef1212b9754d06,results/confirmatory_400r/runs/cifar100_proser_fedavg__split04__seed1__d0.1.TERMINAL.json,819,7cd21b57731992d5cdf78f5385556bfe23c0e5be46d121b2e456390180ab5942
cifar100_proser_fedavg__split04__seed1__d0.5,cifar,results/confirmatory_400r/runs/cifar100_proser_fedavg__split04__seed1__d0.5_common.npz,2072086,93915b6322deacc361580c7bf6abbe6d1f43bc5c5608524887d09ac41fe32ed7,results/confirmatory_400r/runs/cifar100_proser_fedavg__split04__seed1__d0.5.TERMINAL.json,819,62b868517c7b0132adbd9bb363a820fb98279d8d56631d33389b6ff62b47b05a
cifar100_proser_fedavg__split04__seed1__d5.0,cifar,results/confirmatory_400r/runs/cifar100_proser_fedavg__split04__seed1__d5.0_common.npz,2069662,0453aaa14c497e3c7a24ee298326e0ea708e315f74ec9911975f7c4c2c5085f8,results/confirmatory_400r/runs/cifar100_proser_fedavg__split04__seed1__d5.0.TERMINAL.json,819,f9352c587ecd5b022e6c3bf6f6b5f643e3c99dc39ca9dc48cdbf049961b65e4c
cifar100_proser_fedavg__split04__seed2__d0.1,cifar,results/confirmatory_400r/runs/cifar100_proser_fedavg__split04__seed2__d0.1_common.npz,2064201,471816c8d4515d7b17e166bb912f0a755b52a29ea981b9f7d82e3ed3b7b38b75,results/confirmatory_400r/runs/cifar100_proser_fedavg__split04__seed2__d0.1.TERMINAL.json,819,fdedc2865fe94d8e8ce6315fa11a574e4637abf8a14b5340800fa5bc040e6e64
cifar100_proser_fedavg__split04__seed2__d0.5,cifar,results/confirmatory_400r/runs/cifar100_proser_fedavg__split04__seed2__d0.5_common.npz,2074200,814016003f8a85cc72519c1842908597d04d3366814a668f1f1696671b76e14b,results/confirmatory_400r/runs/cifar100_proser_fedavg__split04__seed2__d0.5.TERMINAL.json,819,b160293bf3ece6e84303b8d9f2b5bfcc1cc47d9188ad2577f818bcfc426040fb
cifar100_proser_fedavg__split04__seed2__d5.0,cifar,results/confirmatory_400r/runs/cifar100_proser_fedavg__split04__seed2__d5.0_common.npz,2075023,c0d249269e996d6ea496df1dfa779fdfce873992d262e3e53d2c95eb81d2678a,results/confirmatory_400r/runs/cifar100_proser_fedavg__split04__seed2__d5.0.TERMINAL.json,819,9c5d9bcd00cc467caf1b65075e223cae031d24c69fe46d557ad9716f5c5ec8fe
cifar100_proser_fedavg__split04__seed3__d0.1,cifar,results/confirmatory_400r/runs/cifar100_proser_fedavg__split04__seed3__d0.1_common.npz,2064017,2b4eac64dae1a62cedf0eff7626997fd8ab12552b8391fc71f2b045f94b154a0,results/confirmatory_400r/runs/cifar100_proser_fedavg__split04__seed3__d0.1.TERMINAL.json,819,f095bd2ecd076ed5411fc411c889b4f4b68c1e769569c8339dcc91e03514da53
cifar100_proser_fedavg__split04__seed3__d0.5,cifar,results/confirmatory_400r/runs/cifar100_proser_fedavg__split04__seed3__d0.5_common.npz,2068728,d4f6d99909d384957eda878cd4276cc8201753002c04f786421ae1d7b6350d82,results/confirmatory_400r/runs/cifar100_proser_fedavg__split04__seed3__d0.5.TERMINAL.json,819,2d377ee094905845a051f01ffeb6cc874e32ec3b0ea4d6ef9ccc2ca4b64f6a39
cifar100_proser_fedavg__split04__seed3__d5.0,cifar,results/confirmatory_400r/runs/cifar100_proser_fedavg__split04__seed3__d5.0_common.npz,2071672,d0bd75cf1482d55923d1cc9c6f0b11204f3ef5eb30fe658b5a99b6928729089d,results/confirmatory_400r/runs/cifar100_proser_fedavg__split04__seed3__d5.0.TERMINAL.json,819,b0e3602df3b7a5278364a8f228214bbc6fd1eb9fdf43c5909a88d3ff76aeaff9
cifar100_proser_fedavg__split04__seed4__d0.1,cifar,results/confirmatory_400r/runs/cifar100_proser_fedavg__split04__seed4__d0.1_common.npz,2060175,301ea63ea74cb1b99ca6b26f1fd562a1a96a5b5abaaa58a529cc0c011b3b3b9e,results/confirmatory_400r/runs/cifar100_proser_fedavg__split04__seed4__d0.1.TERMINAL.json,819,ec7923c020d5caa681069b0d764c949b3ec939e05f4e292834b31f17a2251d73
cifar100_proser_fedavg__split04__seed4__d0.5,cifar,results/confirmatory_400r/runs/cifar100_proser_fedavg__split04__seed4__d0.5_common.npz,2072939,6becbdfe240add62238e26b5f26d13c6a8362183e194aeb394c20fbdef9fa515,results/confirmatory_400r/runs/cifar100_proser_fedavg__split04__seed4__d0.5.TERMINAL.json,819,3742be59f2d8391b502647e465c93f6ac09035897732a0628bfe76a1682bf3a2
cifar100_proser_fedavg__split04__seed4__d5.0,cifar,results/confirmatory_400r/runs/cifar100_proser_fedavg__split04__seed4__d5.0_common.npz,2074463,97f7e7fcd687735cd376abc76e6e7fdf7d0a39a2b341dd6081f215fcbbdb2ed3,results/confirmatory_400r/runs/cifar100_proser_fedavg__split04__seed4__d5.0.TERMINAL.json,818,ca8d4fbd06d5535d8d3b36bc8e7cb2551e7ec578b2529a794108a344dd1bfce2
cifar100_proser_fedavg__split05__seed0__d0.1,cifar,results/confirmatory_400r/runs/cifar100_proser_fedavg__split05__seed0__d0.1_common.npz,2065246,bb3dae02b3d3db9e951bfb486903e42b1d7b9a72f65aa0dd0ad45e59a570ebb2,results/confirmatory_400r/runs/cifar100_proser_fedavg__split05__seed0__d0.1.TERMINAL.json,819,33fb3604278b1c5b79c5b760287c982c256271abdd7c60742c60dd38757cfbc4
cifar100_proser_fedavg__split05__seed0__d0.5,cifar,results/confirmatory_400r/runs/cifar100_proser_fedavg__split05__seed0__d0.5_common.npz,2073115,2e756083a9d0ec03d9452ae9199b61fffc9b12a724561813df02df5841a222e6,results/confirmatory_400r/runs/cifar100_proser_fedavg__split05__seed0__d0.5.TERMINAL.json,819,23c963a6e3d8a2c90f26e5940fe8c2a9c7b03a547823d0abb3aa644c0ce2265a
cifar100_proser_fedavg__split05__seed0__d5.0,cifar,results/confirmatory_400r/runs/cifar100_proser_fedavg__split05__seed0__d5.0_common.npz,2073631,576ab3a48255e4e18fffbd45c34fd212a498d762f2610bd2e9673bd873abd6e2,results/confirmatory_400r/runs/cifar100_proser_fedavg__split05__seed0__d5.0.TERMINAL.json,819,17e58ac14c51a6ae437dd0097d3e7c2a2530e690ad0a6055191f58cc368c3c9a
cifar100_proser_fedavg__split05__seed1__d0.1,cifar,results/confirmatory_400r/runs/cifar100_proser_fedavg__split05__seed1__d0.1_common.npz,2056554,2fda2056ae5d74cadddff1424ff5f636f2028c16d0cf554437099f6b03a69b19,results/confirmatory_400r/runs/cifar100_proser_fedavg__split05__seed1__d0.1.TERMINAL.json,819,f43b113c9b88defe2bf9c74efd0342a6e789d52a506b1d0d3ca57430fe37ea30
cifar100_proser_fedavg__split05__seed1__d0.5,cifar,results/confirmatory_400r/runs/cifar100_proser_fedavg__split05__seed1__d0.5_common.npz,2072590,fded50ea07817e911788c154787700a8e19de4e377dcc976bcb6b986f286c15f,results/confirmatory_400r/runs/cifar100_proser_fedavg__split05__seed1__d0.5.TERMINAL.json,819,d326e8d6f4d556e81bc28a15a5585b123238f1af015f423a456e9b59c7021119
cifar100_proser_fedavg__split05__seed1__d5.0,cifar,results/confirmatory_400r/runs/cifar100_proser_fedavg__split05__seed1__d5.0_common.npz,2071687,9741fd08a3e7b760416e92b999e857e089122c1f573b5eb37429b8ed081c15b5,results/confirmatory_400r/runs/cifar100_proser_fedavg__split05__seed1__d5.0.TERMINAL.json,819,b68f29a19c358f07d73d7144a36f5ee9e21c3d0d1929fb4b1d64427006a1b24e
cifar100_proser_fedavg__split05__seed2__d0.1,cifar,results/confirmatory_400r/runs/cifar100_proser_fedavg__split05__seed2__d0.1_common.npz,2062145,e454efe90e9092dfa983c902233adf7b281c3f085593c05d3ea624c4ccf1c5fd,results/confirmatory_400r/runs/cifar100_proser_fedavg__split05__seed2__d0.1.TERMINAL.json,819,13ec51785507097c220c7e070282db3f9969fe236d92d4f0c22508f3a2c15944
cifar100_proser_fedavg__split05__seed2__d0.5,cifar,results/confirmatory_400r/runs/cifar100_proser_fedavg__split05__seed2__d0.5_common.npz,2074822,5d13d77c0726330c3038527f57e9bac99b74ab4c62b5108591f7a715b18017c3,results/confirmatory_400r/runs/cifar100_proser_fedavg__split05__seed2__d0.5.TERMINAL.json,819,2601cc5729ed75947f0cc1f45f920d2c51de1ff32223cecb28631323745c6019
cifar100_proser_fedavg__split05__seed2__d5.0,cifar,results/confirmatory_400r/runs/cifar100_proser_fedavg__split05__seed2__d5.0_common.npz,2075910,5df2d8df2c35f93be1c7ef3ffa1347eeff03666c76ca2d64737f570ad5b8e08a,results/confirmatory_400r/runs/cifar100_proser_fedavg__split05__seed2__d5.0.TERMINAL.json,819,2bc39f4ac05945340e0649f0be70a8b0e413adb00f1bd1a20bdb3e621c991049
cifar100_proser_fedavg__split05__seed3__d0.1,cifar,results/confirmatory_400r/runs/cifar100_proser_fedavg__split05__seed3__d0.1_common.npz,2063288,66f3775b777a44c3d72de6bbdbe3741dabe9fe764dae31c530e787b06b4b1717,results/confirmatory_400r/runs/cifar100_proser_fedavg__split05__seed3__d0.1.TERMINAL.json,819,5e412756e5f739c5dd7cccb806a081ef34ffd09fe558503b4a7fbbd3e904c71f
cifar100_proser_fedavg__split05__seed3__d0.5,cifar,results/confirmatory_400r/runs/cifar100_proser_fedavg__split05__seed3__d0.5_common.npz,2069048,66d50922681c97330f2eb54be5418141f1aa9b3e5ea3ccfd6655ca0591be622a,results/confirmatory_400r/runs/cifar100_proser_fedavg__split05__seed3__d0.5.TERMINAL.json,819,74a3f547b5935314097d3bf4ca5325ee9d6c2fe46fcafd9cfbbde4271653acd5
cifar100_proser_fedavg__split05__seed3__d5.0,cifar,results/confirmatory_400r/runs/cifar100_proser_fedavg__split05__seed3__d5.0_common.npz,2071521,a9c8712a6d5f54bebfb3b4c99ea0f1d4eb6aca4e9ca0ebab05ab343757c9bbf9,results/confirmatory_400r/runs/cifar100_proser_fedavg__split05__seed3__d5.0.TERMINAL.json,819,9a24a2dd95ec075d5ce94d581ce66fdc1517bb261538c58426db0c15575ebf95
cifar100_proser_fedavg__split05__seed4__d0.1,cifar,results/confirmatory_400r/runs/cifar100_proser_fedavg__split05__seed4__d0.1_common.npz,2059627,52ff65407d45a20bab3048c5fa27209cb3fe2b960a93ec4174dddb2637cff9e2,results/confirmatory_400r/runs/cifar100_proser_fedavg__split05__seed4__d0.1.TERMINAL.json,819,b1d44ef35cb7bf634ef480714f4401442480430c498d5c3553203836b2dc534e
cifar100_proser_fedavg__split05__seed4__d0.5,cifar,results/confirmatory_400r/runs/cifar100_proser_fedavg__split05__seed4__d0.5_common.npz,2072203,418b09377717f821dc9e8bb3666e5d4835ad1dbf4c8dacfec445dd760f33cf44,results/confirmatory_400r/runs/cifar100_proser_fedavg__split05__seed4__d0.5.TERMINAL.json,819,4eae1a940434fa57065903e0b38c321009b1746055bd38514676d80bbdbd2f3d
cifar100_proser_fedavg__split05__seed4__d5.0,cifar,results/confirmatory_400r/runs/cifar100_proser_fedavg__split05__seed4__d5.0_common.npz,2074948,4c155a1a71422681d3900210b059bfb79bbcc5816bd87185c60d5896338ac6cf,results/confirmatory_400r/runs/cifar100_proser_fedavg__split05__seed4__d5.0.TERMINAL.json,819,da557e973261f7220974924db042f8736fa9571ff28a85a3c7f578d07e94b986
cifar100_proser_fedavg__split06__seed0__d0.1,cifar,results/confirmatory_400r/runs/cifar100_proser_fedavg__split06__seed0__d0.1_common.npz,2064942,e40731f7ad7a624019ff9cfe8d4b4ee97cc5ecb0b2da98fe286509e9bb43c294,results/confirmatory_400r/runs/cifar100_proser_fedavg__split06__seed0__d0.1.TERMINAL.json,818,197f731f8493f856b1c3a420702b8ed82f8fd1b0d283cce19314cd02124ec7c5
cifar100_proser_fedavg__split06__seed0__d0.5,cifar,results/confirmatory_400r/runs/cifar100_proser_fedavg__split06__seed0__d0.5_common.npz,2075132,5e37b489b1cde0a5a83a1f9bfbf21ef6e49f60b6eafa61a7cda20f0d2c0dc892,results/confirmatory_400r/runs/cifar100_proser_fedavg__split06__seed0__d0.5.TERMINAL.json,817,6ca153eba8c7b68eb89b92e82ac7d18dd0dc39e182c686164cccc2daadf341c7
cifar100_proser_fedavg__split06__seed0__d5.0,cifar,results/confirmatory_400r/runs/cifar100_proser_fedavg__split06__seed0__d5.0_common.npz,2073204,dd966ab87ad6fe887d31e9592eac022aa75e6663d49d3158ff31fcb062273781,results/confirmatory_400r/runs/cifar100_proser_fedavg__split06__seed0__d5.0.TERMINAL.json,819,95abd8f50b7b38c4172680d8952fb684a2470a9d3bd140f7cc42b597c9e152b8
cifar100_proser_fedavg__split06__seed1__d0.1,cifar,results/confirmatory_400r/runs/cifar100_proser_fedavg__split06__seed1__d0.1_common.npz,2057826,e49ac6081212dc53c78cde20c7dcc41608e5a3fbb215d53c122e9d0371f786a6,results/confirmatory_400r/runs/cifar100_proser_fedavg__split06__seed1__d0.1.TERMINAL.json,819,bdca6044daaf5466f62278ae3912e0a528fee34e65b1ddebfc8a914318c4cdac
cifar100_proser_fedavg__split06__seed1__d0.5,cifar,results/confirmatory_400r/runs/cifar100_proser_fedavg__split06__seed1__d0.5_common.npz,2072518,36b5254cf21bdc85ef328683573d9391425870f86c7beb5bb93ee69e95bd4e09,results/confirmatory_400r/runs/cifar100_proser_fedavg__split06__seed1__d0.5.TERMINAL.json,819,747d38f13328ed006e7e89e08582113fb1cfc399de3af7c40431af286e2ebe65
cifar100_proser_fedavg__split06__seed1__d5.0,cifar,results/confirmatory_400r/runs/cifar100_proser_fedavg__split06__seed1__d5.0_common.npz,2072043,14748e2d16854e682a53cf66df402648d6ea24997bcc34f58302170a800d2691,results/confirmatory_400r/runs/cifar100_proser_fedavg__split06__seed1__d5.0.TERMINAL.json,818,f3203139cf78c9cf332dab702bb777f555f7eb7cad89ae1af81855b0032b6581
cifar100_proser_fedavg__split06__seed2__d0.1,cifar,results/confirmatory_400r/runs/cifar100_proser_fedavg__split06__seed2__d0.1_common.npz,2061266,111bc468951ea5bed939ab6675b1882517c9fef247bb5d186c69ce3b142c8af0,results/confirmatory_400r/runs/cifar100_proser_fedavg__split06__seed2__d0.1.TERMINAL.json,819,9fce0ea161453b1a558282b9c7cfd2fa2be0dfcbae728669d57ac586a1466b30
cifar100_proser_fedavg__split06__seed2__d0.5,cifar,results/confirmatory_400r/runs/cifar100_proser_fedavg__split06__seed2__d0.5_common.npz,2073414,2743f56708ea1e03c85fe4f28cb1f26f4ab89e3d96040dd4101a9920a9378c59,results/confirmatory_400r/runs/cifar100_proser_fedavg__split06__seed2__d0.5.TERMINAL.json,819,ac7b349fd445b5a8b03f884e9d058ffa3501d54d6a327c0067d7dad16090475b
cifar100_proser_fedavg__split06__seed2__d5.0,cifar,results/confirmatory_400r/runs/cifar100_proser_fedavg__split06__seed2__d5.0_common.npz,2073737,98555cb26cbf9a089a34943a702b670c6598d0fca3207f4712e7412ddce956bd,results/confirmatory_400r/runs/cifar100_proser_fedavg__split06__seed2__d5.0.TERMINAL.json,819,fbb3eb8db3496c2259baa3544937dde2a601e9fcc165035885e93e2ac62c8959
cifar100_proser_fedavg__split06__seed3__d0.1,cifar,results/confirmatory_400r/runs/cifar100_proser_fedavg__split06__seed3__d0.1_common.npz,2063737,5decc85cbe64ea5626ac8caf5cca68ccdf409af6bfc25782f1fff63d76a595d5,results/confirmatory_400r/runs/cifar100_proser_fedavg__split06__seed3__d0.1.TERMINAL.json,819,12f43c055da931a6e4a2abb23ed990bb6a5dffc7af8b1b3117fbeba4aac35351
cifar100_proser_fedavg__split06__seed3__d0.5,cifar,results/confirmatory_400r/runs/cifar100_proser_fedavg__split06__seed3__d0.5_common.npz,2069914,3bbcb8ac71cc0c521a316ab33230078dd0e00c500fbe3fb4947c201291cadf20,results/confirmatory_400r/runs/cifar100_proser_fedavg__split06__seed3__d0.5.TERMINAL.json,819,a1f13e8ad1113ffeefcdde47f32a32ae7838673810dee5e9aea71ff1b550d0a4
cifar100_proser_fedavg__split06__seed3__d5.0,cifar,results/confirmatory_400r/runs/cifar100_proser_fedavg__split06__seed3__d5.0_common.npz,2072130,a8705e41a1b20c28294c4b7accaea213205ef0a36994b6478e45a062b20b885b,results/confirmatory_400r/runs/cifar100_proser_fedavg__split06__seed3__d5.0.TERMINAL.json,819,86874e80960e26d8eb8f215766b67836e116ed2f41ab6571175fc8bddeeece35
cifar100_proser_fedavg__split06__seed4__d0.1,cifar,results/confirmatory_400r/runs/cifar100_proser_fedavg__split06__seed4__d0.1_common.npz,2059651,066dea333050a108a20299e6ee1bf3e1feaf40de36a316ca021bc5f404565dde,results/confirmatory_400r/runs/cifar100_proser_fedavg__split06__seed4__d0.1.TERMINAL.json,819,824ed43ea161c7dfd53f290a707d641fb78ca17d6d18d3bd1b2a9cc681977b84
cifar100_proser_fedavg__split06__seed4__d0.5,cifar,results/confirmatory_400r/runs/cifar100_proser_fedavg__split06__seed4__d0.5_common.npz,2073349,6e0c81b12862cb4cdaaabe1cef1e5928939ca0991649d3bb963ca53e96304528,results/confirmatory_400r/runs/cifar100_proser_fedavg__split06__seed4__d0.5.TERMINAL.json,818,7db5b201e2a98c0202170b6af24f95ae11d443e0bcbde9636e97fe01fe63e115
cifar100_proser_fedavg__split06__seed4__d5.0,cifar,results/confirmatory_400r/runs/cifar100_proser_fedavg__split06__seed4__d5.0_common.npz,2074898,84b8efe63b270dcc327728f02cfc905fa15aa34231ee7611186eaf9479fb1ea4,results/confirmatory_400r/runs/cifar100_proser_fedavg__split06__seed4__d5.0.TERMINAL.json,819,87ac200876d8dc32a6d80ef931a274c0c0fc9cb76cc103d10804ada1f1349de4
cifar100_proser_fedavg__split07__seed0__d0.1,cifar,results/confirmatory_400r/runs/cifar100_proser_fedavg__split07__seed0__d0.1_common.npz,2062124,283136b25e3cd97203f3564448175ca497f57d973001eeca4651d7b3f87ffc26,results/confirmatory_400r/runs/cifar100_proser_fedavg__split07__seed0__d0.1.TERMINAL.json,819,fe409915c440278581c1fe827f07cafa3aaa60ead6290d21f8cd4944c6174471
cifar100_proser_fedavg__split07__seed0__d0.5,cifar,results/confirmatory_400r/runs/cifar100_proser_fedavg__split07__seed0__d0.5_common.npz,2074752,383d939d829884b3055414580af581375694be6ba94cf74127182096367e8fb4,results/confirmatory_400r/runs/cifar100_proser_fedavg__split07__seed0__d0.5.TERMINAL.json,818,7af8f9a7f5cbaad45e33413071a3d424ad2cf5496424562342e523331f4c23e2
cifar100_proser_fedavg__split07__seed0__d5.0,cifar,results/confirmatory_400r/runs/cifar100_proser_fedavg__split07__seed0__d5.0_common.npz,2072788,d98028d2c488ad20ecd960ef259a7771e875e5a23614f3d8922a3a5e0ed74ab2,results/confirmatory_400r/runs/cifar100_proser_fedavg__split07__seed0__d5.0.TERMINAL.json,819,52ac81f06cda11ce5bc3d02dbf7650b81ec1e2ee1720120cd9e023a683a99c60
cifar100_proser_fedavg__split07__seed1__d0.1,cifar,results/confirmatory_400r/runs/cifar100_proser_fedavg__split07__seed1__d0.1_common.npz,2058497,08814d14874f35a0f25808b1cd681a2a6e8429b6cfbe63174b9f9025079045ff,results/confirmatory_400r/runs/cifar100_proser_fedavg__split07__seed1__d0.1.TERMINAL.json,819,f55dbe4ef977e0697c085fe3555285dc3f030de1e25b42b6163fa77fb87c8aec
cifar100_proser_fedavg__split07__seed1__d0.5,cifar,results/confirmatory_400r/runs/cifar100_proser_fedavg__split07__seed1__d0.5_common.npz,2072047,0fd365a76bd8812e2739326303f0cc5ee8744bf51c277152f9c66b2d72fc7f87,results/confirmatory_400r/runs/cifar100_proser_fedavg__split07__seed1__d0.5.TERMINAL.json,819,dbcaceecb077493dde4427b776e4dc7ca9b5be9ec048d12653398ee78b37d397
cifar100_proser_fedavg__split07__seed1__d5.0,cifar,results/confirmatory_400r/runs/cifar100_proser_fedavg__split07__seed1__d5.0_common.npz,2071494,58dc7510fc857b0d1d8015182f41024f534f142fd38fcf2ec386557ae94d50ca,results/confirmatory_400r/runs/cifar100_proser_fedavg__split07__seed1__d5.0.TERMINAL.json,819,72f9d39d60b0ed9b4bc1c0ea8cafe49d9d523422e8567324760b1923024732e6
cifar100_proser_fedavg__split07__seed2__d0.1,cifar,results/confirmatory_400r/runs/cifar100_proser_fedavg__split07__seed2__d0.1_common.npz,2062579,c12251251ebcb5bb042fb78d56f483c040a216863fc8b25c4ce988a098aa3992,results/confirmatory_400r/runs/cifar100_proser_fedavg__split07__seed2__d0.1.TERMINAL.json,819,c2434b630ddd3e6d48f0c52c365a52b7e9490f3e2ff4ad9f583d83073786ef63
cifar100_proser_fedavg__split07__seed2__d0.5,cifar,results/confirmatory_400r/runs/cifar100_proser_fedavg__split07__seed2__d0.5_common.npz,2072162,a26d9e2c478c4dcf774c42360c7acb0df908b5888d58285d543648c92574a5cf,results/confirmatory_400r/runs/cifar100_proser_fedavg__split07__seed2__d0.5.TERMINAL.json,819,0f670520f2e324f3f97454f36a09132fc25dbc8d48a100f2203c97524c0c33c2
cifar100_proser_fedavg__split07__seed2__d5.0,cifar,results/confirmatory_400r/runs/cifar100_proser_fedavg__split07__seed2__d5.0_common.npz,2074578,68c6add1389cf87b396c633dba89242b7b4801b81b328961e873c47300a8d8fa,results/confirmatory_400r/runs/cifar100_proser_fedavg__split07__seed2__d5.0.TERMINAL.json,819,eecd21a005653f4264982ed7864db67fd39b799ccf2f29cabb4009eaf012ca77
cifar100_proser_fedavg__split07__seed3__d0.1,cifar,results/confirmatory_400r/runs/cifar100_proser_fedavg__split07__seed3__d0.1_common.npz,2063771,8eea0631d7798836deb2d01dc0787eaab453f6acaaff2dba9bd51f689ea1a01e,results/confirmatory_400r/runs/cifar100_proser_fedavg__split07__seed3__d0.1.TERMINAL.json,819,72ea61bd1ac9e4784857a5d2aee55221032dcfc89c2e1565644de7ab772587dc
cifar100_proser_fedavg__split07__seed3__d0.5,cifar,results/confirmatory_400r/runs/cifar100_proser_fedavg__split07__seed3__d0.5_common.npz,2069874,388e6d615be4a9a52e9f90137e55765801ea45747bd6d548c60a166d6e93b79b,results/confirmatory_400r/runs/cifar100_proser_fedavg__split07__seed3__d0.5.TERMINAL.json,819,53ae346370f987b1801377967105e650c1822511ebc1e64bea6bfa158946890e
cifar100_proser_fedavg__split07__seed3__d5.0,cifar,results/confirmatory_400r/runs/cifar100_proser_fedavg__split07__seed3__d5.0_common.npz,2072841,f28fee1ccaa50f46bce4330fd7994f1e44f4830670e05376a6d5fca870286bca,results/confirmatory_400r/runs/cifar100_proser_fedavg__split07__seed3__d5.0.TERMINAL.json,818,35291c671530cb3ab0d8ee9f05814d899862025e43fce460477c59ee050cccd4
cifar100_proser_fedavg__split07__seed4__d0.1,cifar,results/confirmatory_400r/runs/cifar100_proser_fedavg__split07__seed4__d0.1_common.npz,2060149,61f4205c535f98ff5bc09bbbf25d1cbda3120d9fc9ae77ccdd39786c8d1d1624,results/confirmatory_400r/runs/cifar100_proser_fedavg__split07__seed4__d0.1.TERMINAL.json,818,6d765477e9551babac22686119388f9a9016708cca5799fc0a5b4874a059f766
cifar100_proser_fedavg__split07__seed4__d0.5,cifar,results/confirmatory_400r/runs/cifar100_proser_fedavg__split07__seed4__d0.5_common.npz,2072764,d7b1e1e2405c0a0ffe101f3255963b9927250053d8cb80499c0300ffff70ee74,results/confirmatory_400r/runs/cifar100_proser_fedavg__split07__seed4__d0.5.TERMINAL.json,819,f5adcac81fed3abcf14229c2c4aaa1e5357a889eccc02af3dfd40072f6c25e5e
cifar100_proser_fedavg__split07__seed4__d5.0,cifar,results/confirmatory_400r/runs/cifar100_proser_fedavg__split07__seed4__d5.0_common.npz,2075209,1cbe06b8682309c7b45cd35c43fc1b13498cc6abbb98a9532d8d29273733b53f,results/confirmatory_400r/runs/cifar100_proser_fedavg__split07__seed4__d5.0.TERMINAL.json,819,81bf0176c22ea2bf143c264d47e9ae2268116408d3bf779ac9e3626b560c5100
cifar100_proser_fedavg__split08__seed0__d0.1,cifar,results/confirmatory_400r/runs/cifar100_proser_fedavg__split08__seed0__d0.1_common.npz,2062852,f98124728d517e5ea0a16e785a527ac5cde9cfb2beba69f332b19cf3a877ab56,results/confirmatory_400r/runs/cifar100_proser_fedavg__split08__seed0__d0.1.TERMINAL.json,819,c82296c38415742c1d2efeb767140b6b9687a7081006ecea9f7b430e7178c570
cifar100_proser_fedavg__split08__seed0__d0.5,cifar,results/confirmatory_400r/runs/cifar100_proser_fedavg__split08__seed0__d0.5_common.npz,2072322,107346e4947a67b1cc58454bf3d824f4b4500087735b36d2dd899ce8b55f1e94,results/confirmatory_400r/runs/cifar100_proser_fedavg__split08__seed0__d0.5.TERMINAL.json,819,5d10ad423dd1999c885555922acf330a0bdcc44025ddf48e503d89f408d552f1
cifar100_proser_fedavg__split08__seed0__d5.0,cifar,results/confirmatory_400r/runs/cifar100_proser_fedavg__split08__seed0__d5.0_common.npz,2073055,bf86052cc558c67fcc9ee5e0076a9a7822f376a40529c770032b48fbdff36ecc,results/confirmatory_400r/runs/cifar100_proser_fedavg__split08__seed0__d5.0.TERMINAL.json,819,cca837d9242464113c526a7b4fffec95da490e4e49640364527ac3d800b469ce
cifar100_proser_fedavg__split08__seed1__d0.1,cifar,results/confirmatory_400r/runs/cifar100_proser_fedavg__split08__seed1__d0.1_common.npz,2059417,775f5e65e4c5500f9ffbf858900c90a838964396d902c5d569cfd48aa15b92e1,results/confirmatory_400r/runs/cifar100_proser_fedavg__split08__seed1__d0.1.TERMINAL.json,819,0a23568e078c6af20742874ed37050e090fa45987f0fee6d9970af483271d1ea
cifar100_proser_fedavg__split08__seed1__d0.5,cifar,results/confirmatory_400r/runs/cifar100_proser_fedavg__split08__seed1__d0.5_common.npz,2072535,c1438e82c1dcbe1b97aaee9e55e95862666e8d624041f8e5f8346bc9826e8000,results/confirmatory_400r/runs/cifar100_proser_fedavg__split08__seed1__d0.5.TERMINAL.json,819,6c731664748a9e384fcba6f85b73d1dbcbee51e3dad5122c4a976a4d39c088e1
cifar100_proser_fedavg__split08__seed1__d5.0,cifar,results/confirmatory_400r/runs/cifar100_proser_fedavg__split08__seed1__d5.0_common.npz,2072071,55dff24760000a39279aca73855339f4adae73961fede611689387b18d6c76fb,results/confirmatory_400r/runs/cifar100_proser_fedavg__split08__seed1__d5.0.TERMINAL.json,819,193eaab3b8fe3b7771d7476ee6dd9ec1830d5eac4373a3f12f66399c46b1ce89
cifar100_proser_fedavg__split08__seed2__d0.1,cifar,results/confirmatory_400r/runs/cifar100_proser_fedavg__split08__seed2__d0.1_common.npz,2060807,52e9ff930ae1bb4720bbce80ba1ac2b70b910fa1ce104eb82aec2326fd92c2a5,results/confirmatory_400r/runs/cifar100_proser_fedavg__split08__seed2__d0.1.TERMINAL.json,819,3b4d09c943d6b3866fe989f0744e732284b7c4b52a71c80f7aae50c98039117e
cifar100_proser_fedavg__split08__seed2__d0.5,cifar,results/confirmatory_400r/runs/cifar100_proser_fedavg__split08__seed2__d0.5_common.npz,2074374,6e3ac86acdaef4b01b7d13327b64faf25bebd6d2399406e6fde305609907d1a2,results/confirmatory_400r/runs/cifar100_proser_fedavg__split08__seed2__d0.5.TERMINAL.json,819,6023cbae762ddcb126fad517388ab8b82f655988eb08ed3c9f02dfc052cc0bc3
cifar100_proser_fedavg__split08__seed2__d5.0,cifar,results/confirmatory_400r/runs/cifar100_proser_fedavg__split08__seed2__d5.0_common.npz,2076571,8c6586ad031a9cb8a90ee67686085b12e2829a895068ff35e54d7312398d4db6,results/confirmatory_400r/runs/cifar100_proser_fedavg__split08__seed2__d5.0.TERMINAL.json,819,36af2e0bc5e633ab2b9925713f4b065241696afee5158d6bbfdbd3a667abd93a
cifar100_proser_fedavg__split08__seed3__d0.1,cifar,results/confirmatory_400r/runs/cifar100_proser_fedavg__split08__seed3__d0.1_common.npz,2063144,65ef5eb4c358ae8190f7d844623388da90c22693ef3ef7b0bd4ceea8b76bedc4,results/confirmatory_400r/runs/cifar100_proser_fedavg__split08__seed3__d0.1.TERMINAL.json,819,bf62420442f9c462fd22fa2466fd260542424bd332c62e42eef28406cbfa68e4
cifar100_proser_fedavg__split08__seed3__d0.5,cifar,results/confirmatory_400r/runs/cifar100_proser_fedavg__split08__seed3__d0.5_common.npz,2069972,e5dd9b0217cddeb8154600ced386328d1dd0926f4baf69bae01cae4a46c8a4a3,results/confirmatory_400r/runs/cifar100_proser_fedavg__split08__seed3__d0.5.TERMINAL.json,818,9369f5e58b28f78eb72cea41e74f3c391ba74908c4b74196cfc43ca51b0108f5
cifar100_proser_fedavg__split08__seed3__d5.0,cifar,results/confirmatory_400r/runs/cifar100_proser_fedavg__split08__seed3__d5.0_common.npz,2073113,7f1f984689982b71068a65426a2a2a006075cf7590ed4d71b0f4e6ee16fc80d2,results/confirmatory_400r/runs/cifar100_proser_fedavg__split08__seed3__d5.0.TERMINAL.json,818,7d9ffd492d83e7fdd67552a88644a8c56d7fc5ff3076030340a10e6e59fa16e5
cifar100_proser_fedavg__split08__seed4__d0.1,cifar,results/confirmatory_400r/runs/cifar100_proser_fedavg__split08__seed4__d0.1_common.npz,2062086,1df257fd640f4190a74f8a82c2ddf7716bb394220d070ce3d9e0de3a3ddb2497,results/confirmatory_400r/runs/cifar100_proser_fedavg__split08__seed4__d0.1.TERMINAL.json,819,c64209d392aaad711d75a25218d7eee26854c9383b992c69e1c351ed98f632af
cifar100_proser_fedavg__split08__seed4__d0.5,cifar,results/confirmatory_400r/runs/cifar100_proser_fedavg__split08__seed4__d0.5_common.npz,2072800,d9eecc59a02420af21dc2f37bf0d4c26e2697bdcea68f7de5f15aaa54c658e49,results/confirmatory_400r/runs/cifar100_proser_fedavg__split08__seed4__d0.5.TERMINAL.json,819,158988bf5d98dd8d36e11e814b7cdfcc03091229bf5993f7d21c289ed0587a86
cifar100_proser_fedavg__split08__seed4__d5.0,cifar,results/confirmatory_400r/runs/cifar100_proser_fedavg__split08__seed4__d5.0_common.npz,2075682,351cce07636fe03d7af07f8a6002c2a933ec191dbe9eda0133ba92988edca535,results/confirmatory_400r/runs/cifar100_proser_fedavg__split08__seed4__d5.0.TERMINAL.json,819,5566e53236f818c8f47fcb23fe39f74893e6a4c79ba1af93e65e6b291630f126
cifar100_proser_fedavg__split09__seed0__d0.1,cifar,results/confirmatory_400r/runs/cifar100_proser_fedavg__split09__seed0__d0.1_common.npz,2062886,9172e5a3873a648dfba47d23c0e2586de9beff3346f5abe87432cb4778ae27dd,results/confirmatory_400r/runs/cifar100_proser_fedavg__split09__seed0__d0.1.TERMINAL.json,818,ebad101d6fbe0229ac855154204dde36521e967896b6b4744adef9951b69fa5c
cifar100_proser_fedavg__split09__seed0__d0.5,cifar,results/confirmatory_400r/runs/cifar100_proser_fedavg__split09__seed0__d0.5_common.npz,2071574,f455983446f9c1d6eab6a8546a4e7d724e88813456b2ebc9eb0328dd1096bcb4,results/confirmatory_400r/runs/cifar100_proser_fedavg__split09__seed0__d0.5.TERMINAL.json,819,df241d53903a08382f0bc3f416bd550551226c65cf0333d057899ec98b7d4333
cifar100_proser_fedavg__split09__seed0__d5.0,cifar,results/confirmatory_400r/runs/cifar100_proser_fedavg__split09__seed0__d5.0_common.npz,2072267,d3d1b85a17b814d6abe87ce7712d77dd5e2399457147cd96ef12b6416768e6aa,results/confirmatory_400r/runs/cifar100_proser_fedavg__split09__seed0__d5.0.TERMINAL.json,818,13ef9876b1f60a0211c106ae36d589109978e347fb1a070fc505560a5394b5ea
cifar100_proser_fedavg__split09__seed1__d0.1,cifar,results/confirmatory_400r/runs/cifar100_proser_fedavg__split09__seed1__d0.1_common.npz,2057514,0cda8fa9599a9e30d6fc1dd6595de87e4ee255216c7f6aedaab6f93e56b71280,results/confirmatory_400r/runs/cifar100_proser_fedavg__split09__seed1__d0.1.TERMINAL.json,819,2834c75d70f3511692dde247176833180fc30aaf8dafe6f14aeb35a73116923d
cifar100_proser_fedavg__split09__seed1__d0.5,cifar,results/confirmatory_400r/runs/cifar100_proser_fedavg__split09__seed1__d0.5_common.npz,2074035,478a634fee17900f8f7e291f81cebe8ac2d5e38016d9e33b3d9395000caf5f2b,results/confirmatory_400r/runs/cifar100_proser_fedavg__split09__seed1__d0.5.TERMINAL.json,818,26282c528869cb5b8a74bd67948f7381becd99e36ccb712a78123cb8fa1194ee
cifar100_proser_fedavg__split09__seed1__d5.0,cifar,results/confirmatory_400r/runs/cifar100_proser_fedavg__split09__seed1__d5.0_common.npz,2072419,6c9012df4a213a7ccee82e14fcf78f6e12eed2c87bb2c592c506c1b168aa4e10,results/confirmatory_400r/runs/cifar100_proser_fedavg__split09__seed1__d5.0.TERMINAL.json,819,4ea68d51b54c9d7d5e15ae6651c2f327b5dc3cd0bde490935514d6bec1cac49f
cifar100_proser_fedavg__split09__seed2__d0.1,cifar,results/confirmatory_400r/runs/cifar100_proser_fedavg__split09__seed2__d0.1_common.npz,2062961,77ae7296f1c9ea40ce83af5d9227f7acb362288e72ebaf5415bf63c18a493fd1,results/confirmatory_400r/runs/cifar100_proser_fedavg__split09__seed2__d0.1.TERMINAL.json,819,bf80f5e965a3a2a251533f58600a69bd823467474951b12c1b8da9276e11b712
cifar100_proser_fedavg__split09__seed2__d0.5,cifar,results/confirmatory_400r/runs/cifar100_proser_fedavg__split09__seed2__d0.5_common.npz,2073181,75e5a871da55fd47cd4532dc1c4ccf5df99d0d39313b96d3bdd26ca3076196e8,results/confirmatory_400r/runs/cifar100_proser_fedavg__split09__seed2__d0.5.TERMINAL.json,819,e736619f7e702f2f8dad1ad1073ca327e5ccc8bdaa39762f56c5516116a2393e
cifar100_proser_fedavg__split09__seed2__d5.0,cifar,results/confirmatory_400r/runs/cifar100_proser_fedavg__split09__seed2__d5.0_common.npz,2075922,2287d5f866552e7dd60bfd113e95f0158a14799d094ce76c53843cf2956bddc7,results/confirmatory_400r/runs/cifar100_proser_fedavg__split09__seed2__d5.0.TERMINAL.json,819,5d7390ac0b33ac57757503a706e364912c557dc39b093935bc9cd90a1a6f26fb
cifar100_proser_fedavg__split09__seed3__d0.1,cifar,results/confirmatory_400r/runs/cifar100_proser_fedavg__split09__seed3__d0.1_common.npz,2062696,032751efb9266275163b454a75fdb915acf60efe63f4893ce90e56617c27a2e6,results/confirmatory_400r/runs/cifar100_proser_fedavg__split09__seed3__d0.1.TERMINAL.json,818,a58f0115a690c517b664b6ef722ebbdec08809fce32612fda7b48fe33efcf3c8
cifar100_proser_fedavg__split09__seed3__d0.5,cifar,results/confirmatory_400r/runs/cifar100_proser_fedavg__split09__seed3__d0.5_common.npz,2070392,c9877e166ae76a814252d4b519212138b37592895ebbee6ead75a8420cc89b6c,results/confirmatory_400r/runs/cifar100_proser_fedavg__split09__seed3__d0.5.TERMINAL.json,818,7435c2d89b6bc05f812cafac17c384e3e29f6a6ac0644c0d3116b43f6686e8dc
cifar100_proser_fedavg__split09__seed3__d5.0,cifar,results/confirmatory_400r/runs/cifar100_proser_fedavg__split09__seed3__d5.0_common.npz,2072477,34fe3ada89a4e777ebef47cf92d586d4f6b2a4cae0b312cd515e92b6da392aca,results/confirmatory_400r/runs/cifar100_proser_fedavg__split09__seed3__d5.0.TERMINAL.json,819,a26533afc41abbb0a0305d88a1113931792de7d722bc6ffccdcf216ad9017ab0
cifar100_proser_fedavg__split09__seed4__d0.1,cifar,results/confirmatory_400r/runs/cifar100_proser_fedavg__split09__seed4__d0.1_common.npz,2059168,ee7f2030804b415a505adba00bb76acc19d3a7a197b3e6b6dd64a0d720aafe49,results/confirmatory_400r/runs/cifar100_proser_fedavg__split09__seed4__d0.1.TERMINAL.json,819,23bed7379041d004a31610515190c77177f68a09368cdeb7542757c7888802b3
cifar100_proser_fedavg__split09__seed4__d0.5,cifar,results/confirmatory_400r/runs/cifar100_proser_fedavg__split09__seed4__d0.5_common.npz,2071620,30917900b29375f75375ed801e3ec9c38295b9361e11a180353bb079a70ef9e4,results/confirmatory_400r/runs/cifar100_proser_fedavg__split09__seed4__d0.5.TERMINAL.json,818,b09d3989a3deb600db2c8755e27ef645075bfd4d34256b722a9ea2fc642bfc90
cifar100_proser_fedavg__split09__seed4__d5.0,cifar,results/confirmatory_400r/runs/cifar100_proser_fedavg__split09__seed4__d5.0_common.npz,2074360,962c7714333721d4e053fdf6e7d24fc089907d2871f7fcc94b1f2ec7c35b98ab,results/confirmatory_400r/runs/cifar100_proser_fedavg__split09__seed4__d5.0.TERMINAL.json,819,c9c9bb042de3f84e58b4337ffcf723970dffa9921e75edc6206bc019a97ef98e
cifar10_proser_fedavg__split00__seed0__d0.1,cifar,results/confirmatory_400r/runs/cifar10_proser_fedavg__split00__seed0__d0.1_common.npz,334172,35227ffd337648730bb1033c42bac18032ba1a7ed728a1e7fd4a5061ba4b5f3b,results/confirmatory_400r/runs/cifar10_proser_fedavg__split00__seed0__d0.1.TERMINAL.json,812,0d25c53bcd8a1f121237c6fd456555f320360152c3e74a8bb88d726683c91421
cifar10_proser_fedavg__split00__seed0__d0.5,cifar,results/confirmatory_400r/runs/cifar10_proser_fedavg__split00__seed0__d0.5_common.npz,336756,16f4c2f7229ff8ca12cd283cea8bd10c0b7a2814330e95d32b385c78ac8fc25f,results/confirmatory_400r/runs/cifar10_proser_fedavg__split00__seed0__d0.5.TERMINAL.json,812,eff63f517c5da0ae29e1bd45e4db530176b5d47e5bf93435870317b74b92d2c2
cifar10_proser_fedavg__split00__seed0__d5.0,cifar,results/confirmatory_400r/runs/cifar10_proser_fedavg__split00__seed0__d5.0_common.npz,329508,17df730b0ccdea78531f657459ba19faca2c46d047254cceaaf42594c31a21a1,results/confirmatory_400r/runs/cifar10_proser_fedavg__split00__seed0__d5.0.TERMINAL.json,811,17fe97c967c9bedd18def0e128cb6460827840763c6802114eec85dd1fc9bb89
cifar10_proser_fedavg__split00__seed1__d0.1,cifar,results/confirmatory_400r/runs/cifar10_proser_fedavg__split00__seed1__d0.1_common.npz,340188,0a1b836272daaff0ba3827dd40133dc9e27480e5f3993fa8b35ae8888ec6472a,results/confirmatory_400r/runs/cifar10_proser_fedavg__split00__seed1__d0.1.TERMINAL.json,812,50093a35985c40accf4c6276db576d63bb59f926a6f1acef716f078e8d948898
cifar10_proser_fedavg__split00__seed1__d0.5,cifar,results/confirmatory_400r/runs/cifar10_proser_fedavg__split00__seed1__d0.5_common.npz,334475,8a266ea60524bab2b55ca7eea84bb0c4e2f4b51181669dc7e4add1026c5ab5f3,results/confirmatory_400r/runs/cifar10_proser_fedavg__split00__seed1__d0.5.TERMINAL.json,812,e6530bfea90310cca0eafb817d2309b012e8005dd3642945fa02dd1173ffb3a9
cifar10_proser_fedavg__split00__seed1__d5.0,cifar,results/confirmatory_400r/runs/cifar10_proser_fedavg__split00__seed1__d5.0_common.npz,331741,9b7c6c687806d02028580ede50b586e253fbed21e631b3be4fa08c2c731cfaa4,results/confirmatory_400r/runs/cifar10_proser_fedavg__split00__seed1__d5.0.TERMINAL.json,811,d5d4db0fe5c5e6f4599cc5e2805c58a9c182724a56d9c88c9a2d63d0bb2acc57
cifar10_proser_fedavg__split00__seed2__d0.1,cifar,results/confirmatory_400r/runs/cifar10_proser_fedavg__split00__seed2__d0.1_common.npz,338105,d16ff528f10ab259579d8872f9f61302302be7643e232bda438a3044de9622dd,results/confirmatory_400r/runs/cifar10_proser_fedavg__split00__seed2__d0.1.TERMINAL.json,812,847f6dcb1f1dc3420560335818965455cc2e3c0039e1aba605692af3a493d24b
cifar10_proser_fedavg__split00__seed2__d0.5,cifar,results/confirmatory_400r/runs/cifar10_proser_fedavg__split00__seed2__d0.5_common.npz,334060,0844411d7f3cc653ed1ab57480939c8e705736c4d88bf70ea9b54d3161cb90e8,results/confirmatory_400r/runs/cifar10_proser_fedavg__split00__seed2__d0.5.TERMINAL.json,812,151e16a28dacbe0db28db5a4158faf32308b9f75d2702a7fc4bc09cbf8fc5cec
cifar10_proser_fedavg__split00__seed2__d5.0,cifar,results/confirmatory_400r/runs/cifar10_proser_fedavg__split00__seed2__d5.0_common.npz,329346,fb18185f8488371271c5cc49e0e537496e02d4f069f048620083923bd153fc2f,results/confirmatory_400r/runs/cifar10_proser_fedavg__split00__seed2__d5.0.TERMINAL.json,812,ff65d7f4c3ff1c9bf12f7021ee9624eed2b69a9771ace98c671f48a981bc1790
cifar10_proser_fedavg__split00__seed3__d0.1,cifar,results/confirmatory_400r/runs/cifar10_proser_fedavg__split00__seed3__d0.1_common.npz,338420,8a0d63a44ad7f7a0060de7ba0d4e205bc20d9740a7ffde07bcae933e92e9a729,results/confirmatory_400r/runs/cifar10_proser_fedavg__split00__seed3__d0.1.TERMINAL.json,810,011b0172568359f0f06fe660f6752a672d3dfc23cd3538d6e12723659563ddd9
cifar10_proser_fedavg__split00__seed3__d0.5,cifar,results/confirmatory_400r/runs/cifar10_proser_fedavg__split00__seed3__d0.5_common.npz,335591,b5ae40c95b598e8253408e921208f7b63c440ef80245762dd3a59b13a1ed90ef,results/confirmatory_400r/runs/cifar10_proser_fedavg__split00__seed3__d0.5.TERMINAL.json,812,135f20964b18a6e6df6a025d174c7689d79517fd5ec1b8127d7683babc99f7bc
cifar10_proser_fedavg__split00__seed3__d5.0,cifar,results/confirmatory_400r/runs/cifar10_proser_fedavg__split00__seed3__d5.0_common.npz,330949,15b8ac4da52f1d9ac89a15efbde0debc112fa39eb997cf5318af1cbc81ccf18b,results/confirmatory_400r/runs/cifar10_proser_fedavg__split00__seed3__d5.0.TERMINAL.json,812,a316168587ccdfe645e21eec5f8a66a3e8f8cd2fe31254b84188b476e3180198
cifar10_proser_fedavg__split00__seed4__d0.1,cifar,results/confirmatory_400r/runs/cifar10_proser_fedavg__split00__seed4__d0.1_common.npz,337276,2e09e960fabc65f9c4e3152c7e0525259cb467d3ad8377d0f496203f04489b4a,results/confirmatory_400r/runs/cifar10_proser_fedavg__split00__seed4__d0.1.TERMINAL.json,812,3464b41113fd6501f5f450c1f12a6192c3ab087a32dacbec0a54bc1fb0e6d034
cifar10_proser_fedavg__split00__seed4__d0.5,cifar,results/confirmatory_400r/runs/cifar10_proser_fedavg__split00__seed4__d0.5_common.npz,337010,b755dadbeaf0cb609bcb35c244d1187e07f447e4ff35f307d1a9bd294c70e2d3,results/confirmatory_400r/runs/cifar10_proser_fedavg__split00__seed4__d0.5.TERMINAL.json,812,744fab07c32895bc00cb08a4a23b72410f3e2bd92c127398bf197173a1f09de9
cifar10_proser_fedavg__split00__seed4__d5.0,cifar,results/confirmatory_400r/runs/cifar10_proser_fedavg__split00__seed4__d5.0_common.npz,331002,c6c4ef33ccca9e7acff2f35cc3114cc32f9fb6367755f1a7563b53922d53bc2f,results/confirmatory_400r/runs/cifar10_proser_fedavg__split00__seed4__d5.0.TERMINAL.json,812,c63936e192b8e30530e75a343a58bac06159ef880fd5eb09380450189a5eb16a
cifar10_proser_fedavg__split01__seed0__d0.1,cifar,results/confirmatory_400r/runs/cifar10_proser_fedavg__split01__seed0__d0.1_common.npz,336567,7a315e39896a3299601185f2434c0756d88876f79238fd633f651aad4fa31cce,results/confirmatory_400r/runs/cifar10_proser_fedavg__split01__seed0__d0.1.TERMINAL.json,811,d8798acc7edeae153e8870be60cd41acc4204e7d9fbe1dbd1027afebe352413d
cifar10_proser_fedavg__split01__seed0__d0.5,cifar,results/confirmatory_400r/runs/cifar10_proser_fedavg__split01__seed0__d0.5_common.npz,337641,1f3d9ec59a21dac7695eab9bf7d9be53e86f1a08fb399fbbba9a6d926a0c2032,results/confirmatory_400r/runs/cifar10_proser_fedavg__split01__seed0__d0.5.TERMINAL.json,812,fd060bda5258f893b893d81fe2e7dd4144570a33cf378ffeee7d59eae42308eb
cifar10_proser_fedavg__split01__seed0__d5.0,cifar,results/confirmatory_400r/runs/cifar10_proser_fedavg__split01__seed0__d5.0_common.npz,333245,86c0fdff63634e26e08c371e19f066098ae417896ab5535380cd9dfdbe9a6a89,results/confirmatory_400r/runs/cifar10_proser_fedavg__split01__seed0__d5.0.TERMINAL.json,812,bef2ccf0cc0b7296e6b47f5f672828eb0ce7a7aa346f62c631c842a264d33dd2
cifar10_proser_fedavg__split01__seed1__d0.1,cifar,results/confirmatory_400r/runs/cifar10_proser_fedavg__split01__seed1__d0.1_common.npz,337855,5a82112679adbc0ca950c531dd0f8b18194b2d6a05e86669bf7ffb498010d47b,results/confirmatory_400r/runs/cifar10_proser_fedavg__split01__seed1__d0.1.TERMINAL.json,811,eb7b2e0060adabcba5a2f47405faa899427f50bb3007e8e7825f6c2626f84bd6
cifar10_proser_fedavg__split01__seed1__d0.5,cifar,results/confirmatory_400r/runs/cifar10_proser_fedavg__split01__seed1__d0.5_common.npz,337135,e46f7ed86f8cbf72184457e60b763d66ec9aa3197e76747fbe006685d5e42a8d,results/confirmatory_400r/runs/cifar10_proser_fedavg__split01__seed1__d0.5.TERMINAL.json,812,8c65c75b82155e2bd356ddf4cf8a153d398f4a4c788ce160dbf9b162d71fa960
cifar10_proser_fedavg__split01__seed1__d5.0,cifar,results/confirmatory_400r/runs/cifar10_proser_fedavg__split01__seed1__d5.0_common.npz,332273,a8e8086747afc516748a3b8b2e2f160a41d066a8a37d93e25730011f92a202d1,results/confirmatory_400r/runs/cifar10_proser_fedavg__split01__seed1__d5.0.TERMINAL.json,810,52aab054dd25bc7848911af7515fdc88833ac21e2c5efdf4bcdd2d3ed2c99de4
cifar10_proser_fedavg__split01__seed2__d0.1,cifar,results/confirmatory_400r/runs/cifar10_proser_fedavg__split01__seed2__d0.1_common.npz,337527,78ca53366f2eb1a3cfe995550058f7a0d2eb7ce7d185b8fa708223b08f05ba09,results/confirmatory_400r/runs/cifar10_proser_fedavg__split01__seed2__d0.1.TERMINAL.json,812,f4cfcea2339c88a95c56b52622f6b2aa28662e17b73aec116cea18d62f277c31
cifar10_proser_fedavg__split01__seed2__d0.5,cifar,results/confirmatory_400r/runs/cifar10_proser_fedavg__split01__seed2__d0.5_common.npz,335189,49f8f1a587bcf5a62ae8ba2d2e13392bbc4d4e87bd589f407d48eb44477b42ed,results/confirmatory_400r/runs/cifar10_proser_fedavg__split01__seed2__d0.5.TERMINAL.json,812,315a5086773ebd1c795f8aca333bfc7e2699fb9e95aa82e9311f0290531c4f9b
cifar10_proser_fedavg__split01__seed2__d5.0,cifar,results/confirmatory_400r/runs/cifar10_proser_fedavg__split01__seed2__d5.0_common.npz,334818,d19af250ee41934e91221ed50b82d4f132306e075c7ef14025349fb996e4560e,results/confirmatory_400r/runs/cifar10_proser_fedavg__split01__seed2__d5.0.TERMINAL.json,812,45769c011d8b87e92f518928985c24c38cc9894b6b6e59c7d4b8b5ca27961a41
cifar10_proser_fedavg__split01__seed3__d0.1,cifar,results/confirmatory_400r/runs/cifar10_proser_fedavg__split01__seed3__d0.1_common.npz,338560,fb956688194e2a1735831a42b1d381034b1b209a6052d074810ce90f2ddbeb30,results/confirmatory_400r/runs/cifar10_proser_fedavg__split01__seed3__d0.1.TERMINAL.json,810,a38b81af695583716cd7034ae2a5787fa46eb6a750799b107a8c8dd22530c2f0
cifar10_proser_fedavg__split01__seed3__d0.5,cifar,results/confirmatory_400r/runs/cifar10_proser_fedavg__split01__seed3__d0.5_common.npz,336590,554619922aa499a71baa5a1a94fef8b7fe85e36b0767106a310a18ecdd97752b,results/confirmatory_400r/runs/cifar10_proser_fedavg__split01__seed3__d0.5.TERMINAL.json,812,a015ec480ffb561953271ad567db229a73d5b05d2afa96840d3ff3b22f7c1d96
cifar10_proser_fedavg__split01__seed3__d5.0,cifar,results/confirmatory_400r/runs/cifar10_proser_fedavg__split01__seed3__d5.0_common.npz,334078,39721e35962b486835f4d51f50854156ffc455f9129a58aebc5e8be61ac395d4,results/confirmatory_400r/runs/cifar10_proser_fedavg__split01__seed3__d5.0.TERMINAL.json,812,2cdec75c5dff782c7980eb199a54ff3570d8ca58e5044b68f726894ca9230eb7
cifar10_proser_fedavg__split01__seed4__d0.1,cifar,results/confirmatory_400r/runs/cifar10_proser_fedavg__split01__seed4__d0.1_common.npz,339550,fbdc7f0980ad67e0f81d708646dc4ef51f0b6ac605b85ed5858b3e727a0cc945,results/confirmatory_400r/runs/cifar10_proser_fedavg__split01__seed4__d0.1.TERMINAL.json,812,36d06f751f0a978145bbff0b7ba7fd7ce6f48fcbfd73f87d4d5c6ad2c3dc2a16
cifar10_proser_fedavg__split01__seed4__d0.5,cifar,results/confirmatory_400r/runs/cifar10_proser_fedavg__split01__seed4__d0.5_common.npz,337149,614c804f2bccfdf6923110cb144d0e60a11929d3f0564b4ea7b968eb661a4a56,results/confirmatory_400r/runs/cifar10_proser_fedavg__split01__seed4__d0.5.TERMINAL.json,812,ae64c819fb5f8a7c8072c4ecab98b7cfc59312ec0e182fdaf1c253f15deaec38
cifar10_proser_fedavg__split01__seed4__d5.0,cifar,results/confirmatory_400r/runs/cifar10_proser_fedavg__split01__seed4__d5.0_common.npz,334705,eeabd054f99920280abbbe5cc1b8618287d7fbc53aebbfa68c6ea4ef7f5d2229,results/confirmatory_400r/runs/cifar10_proser_fedavg__split01__seed4__d5.0.TERMINAL.json,812,6e2375ef93683777f5303cd5be638b54bf7ecbf696bffe2a368b0f676404f756
cifar10_proser_fedavg__split02__seed0__d0.1,cifar,results/confirmatory_400r/runs/cifar10_proser_fedavg__split02__seed0__d0.1_common.npz,334705,c41dc446e8faded506a2eb444b1eccb711ea05098c1a817595daedf58c26d7ee,results/confirmatory_400r/runs/cifar10_proser_fedavg__split02__seed0__d0.1.TERMINAL.json,810,7155cea3bdb5e7871d9c146510eabcccfe4adf3f9b40292f82e8684bb24cb051
cifar10_proser_fedavg__split02__seed0__d0.5,cifar,results/confirmatory_400r/runs/cifar10_proser_fedavg__split02__seed0__d0.5_common.npz,338173,202b8b223dc9f3ffdd763b0aa88a2f661786b13aa6c75cfac1d6d57bcbce9970,results/confirmatory_400r/runs/cifar10_proser_fedavg__split02__seed0__d0.5.TERMINAL.json,811,5413dabb0e6bc809786ccd062bdf104f5a988c4611f6d4622b9cd4fe78392e36
cifar10_proser_fedavg__split02__seed0__d5.0,cifar,results/confirmatory_400r/runs/cifar10_proser_fedavg__split02__seed0__d5.0_common.npz,331000,ae971cd6c554b2fabb56675b2e81bd5e7dde3f89f4872ed11610531126ee81eb,results/confirmatory_400r/runs/cifar10_proser_fedavg__split02__seed0__d5.0.TERMINAL.json,812,5d191ee1caa8587ed423da19eccd8619d495a085cf740448db13ffbaad4555ed
cifar10_proser_fedavg__split02__seed1__d0.1,cifar,results/confirmatory_400r/runs/cifar10_proser_fedavg__split02__seed1__d0.1_common.npz,336843,0d04bff3f63727dc4471549b242a79eedb85957ee84fe1aa0174f90b8899e278,results/confirmatory_400r/runs/cifar10_proser_fedavg__split02__seed1__d0.1.TERMINAL.json,812,e1d6b27a3413aac44b926e4a74bbb967b54ab5c8695cfdfee7cfd22c0d83b46c
cifar10_proser_fedavg__split02__seed1__d0.5,cifar,results/confirmatory_400r/runs/cifar10_proser_fedavg__split02__seed1__d0.5_common.npz,335546,33de53b056ef94a64450b7aa4ed59dab8eb51dfe014f595092c7dc90a4270bc2,results/confirmatory_400r/runs/cifar10_proser_fedavg__split02__seed1__d0.5.TERMINAL.json,812,4d9e8d12008da265582de0e7cf11a0760caea7d9da4f4de91dc3ca7d5d498eab
cifar10_proser_fedavg__split02__seed1__d5.0,cifar,results/confirmatory_400r/runs/cifar10_proser_fedavg__split02__seed1__d5.0_common.npz,331034,0b36ea1d131eee21b9db6cb4ca24b71a46a4a73496b3c98a39d69dec875a31bd,results/confirmatory_400r/runs/cifar10_proser_fedavg__split02__seed1__d5.0.TERMINAL.json,811,0cf5c5bada0222ddd8099e3eba0b412fec08c27266076bcef6ab4bbac68cc1a9
cifar10_proser_fedavg__split02__seed2__d0.1,cifar,results/confirmatory_400r/runs/cifar10_proser_fedavg__split02__seed2__d0.1_common.npz,336492,2b3386cf1fb93a6c13256f03f025d74b5a5eba91f0d3ba81142fcc891dc7eb26,results/confirmatory_400r/runs/cifar10_proser_fedavg__split02__seed2__d0.1.TERMINAL.json,812,534069292409b79a0cd34d47be77978095611f8edd82dd826f36733fd7eba887
cifar10_proser_fedavg__split02__seed2__d0.5,cifar,results/confirmatory_400r/runs/cifar10_proser_fedavg__split02__seed2__d0.5_common.npz,333236,3890365eb9e957b281fc2b9da8781cfaa81a76b0f1811607ba2d5b7a8f254215,results/confirmatory_400r/runs/cifar10_proser_fedavg__split02__seed2__d0.5.TERMINAL.json,812,9adf457544156b9baf0d8a58698b6be972ffff5a0680139f5c7b01f22a6c115e
cifar10_proser_fedavg__split02__seed2__d5.0,cifar,results/confirmatory_400r/runs/cifar10_proser_fedavg__split02__seed2__d5.0_common.npz,329202,307897ece41c9357c3249db21a2eb222f5567dfae0cb7e6db4a4dcbe5cecbcd8,results/confirmatory_400r/runs/cifar10_proser_fedavg__split02__seed2__d5.0.TERMINAL.json,812,52732196d7c5fa48f61b96045aa8629a9eb63a3d6dda54897cc451d7e2e34b89
cifar10_proser_fedavg__split02__seed3__d0.1,cifar,results/confirmatory_400r/runs/cifar10_proser_fedavg__split02__seed3__d0.1_common.npz,338096,e84a8a72ea0d58f9be4d5bdd9a9293277e11c0800e464d8e3dff41d01116117e,results/confirmatory_400r/runs/cifar10_proser_fedavg__split02__seed3__d0.1.TERMINAL.json,811,375f1e5c2832c4073452a7a5a77fdeb637a6883f1b1859cee3dbe5302b078112
cifar10_proser_fedavg__split02__seed3__d0.5,cifar,results/confirmatory_400r/runs/cifar10_proser_fedavg__split02__seed3__d0.5_common.npz,335501,9365831afebec4bd7313b7d2c6598ca503b5f17962515a349ca2a203c248d859,results/confirmatory_400r/runs/cifar10_proser_fedavg__split02__seed3__d0.5.TERMINAL.json,812,25288f859d72da7236cd9c12fcb1b9f40045a766ecd976d61cc6dd9da5402e14
cifar10_proser_fedavg__split02__seed3__d5.0,cifar,results/confirmatory_400r/runs/cifar10_proser_fedavg__split02__seed3__d5.0_common.npz,330711,0ac2ce4eb6a244e66dd2fceac0af1d87fa348668e966e7d5e150a7808b6896df,results/confirmatory_400r/runs/cifar10_proser_fedavg__split02__seed3__d5.0.TERMINAL.json,812,cca38498e2132bb8f1a416d5726d28ac353ac29d95e08119f979f153e60667c2
cifar10_proser_fedavg__split02__seed4__d0.1,cifar,results/confirmatory_400r/runs/cifar10_proser_fedavg__split02__seed4__d0.1_common.npz,336533,7e9ee7cce0a07899e599d903757b46d2ed1a59005b245febe72fb1814f6e9f1a,results/confirmatory_400r/runs/cifar10_proser_fedavg__split02__seed4__d0.1.TERMINAL.json,812,067e3e4fa6d40a2c0bd08a021beade4f3ea7a37056d1dfa038caf29476883d54
cifar10_proser_fedavg__split02__seed4__d0.5,cifar,results/confirmatory_400r/runs/cifar10_proser_fedavg__split02__seed4__d0.5_common.npz,337385,da18eb88f2ba2b69e0e2824033e86393eb8bbfaddc23019f635f9e7c0cae9426,results/confirmatory_400r/runs/cifar10_proser_fedavg__split02__seed4__d0.5.TERMINAL.json,812,0e07bb28979b9f40fd8c89b0f86cfd0455af0436e9f485a46873d01ec82e611e
cifar10_proser_fedavg__split02__seed4__d5.0,cifar,results/confirmatory_400r/runs/cifar10_proser_fedavg__split02__seed4__d5.0_common.npz,331814,3ed1bcdd4d79481199279302d0e805176adc2547e68f88a4198f927a6ec57348,results/confirmatory_400r/runs/cifar10_proser_fedavg__split02__seed4__d5.0.TERMINAL.json,812,7d05540aaf69594872128c6df596a98f341b23afd00b0166bb9cba684803c045
cifar10_proser_fedavg__split03__seed0__d0.1,cifar,results/confirmatory_400r/runs/cifar10_proser_fedavg__split03__seed0__d0.1_common.npz,332395,e34233bc21f1c1c02de710913d1f23ed95d4f3252ec15029dec97469c1e55a5c,results/confirmatory_400r/runs/cifar10_proser_fedavg__split03__seed0__d0.1.TERMINAL.json,811,a18351e130d530cf0def1d551c4dbdae2e7401e516d8158f9331d356266d8ae1
cifar10_proser_fedavg__split03__seed0__d0.5,cifar,results/confirmatory_400r/runs/cifar10_proser_fedavg__split03__seed0__d0.5_common.npz,337196,00bd2d6a35482a268b8b8d8c7d21c834eca9c1c4617decd9cfb565e7907eef06,results/confirmatory_400r/runs/cifar10_proser_fedavg__split03__seed0__d0.5.TERMINAL.json,812,403377d2a3a47706520bfc577af5566de3c521b96c061428b59c8f63f191072c
cifar10_proser_fedavg__split03__seed0__d5.0,cifar,results/confirmatory_400r/runs/cifar10_proser_fedavg__split03__seed0__d5.0_common.npz,331717,557766caff4f8901bc7608b6a25f4cd448149dd8f300d4248fb8f745edc3dbcb,results/confirmatory_400r/runs/cifar10_proser_fedavg__split03__seed0__d5.0.TERMINAL.json,811,01c097f9bf7aa55273abca92800416d93a863d0adfc0edeb03ab19ef3434f089
cifar10_proser_fedavg__split03__seed1__d0.1,cifar,results/confirmatory_400r/runs/cifar10_proser_fedavg__split03__seed1__d0.1_common.npz,338388,3699efcc226a8f38f3d26596fbc60300d448f792d47643dfb4ca1a6f24c47b70,results/confirmatory_400r/runs/cifar10_proser_fedavg__split03__seed1__d0.1.TERMINAL.json,812,9dd5e6cabe8ce607e2ccadbd8c764fcf8290d61641c6920fcf096ffd10dc47d0
cifar10_proser_fedavg__split03__seed1__d0.5,cifar,results/confirmatory_400r/runs/cifar10_proser_fedavg__split03__seed1__d0.5_common.npz,334807,4006501b2f24897d39aff244a5d6417c6826cd61a04b183efde4944c1070a32e,results/confirmatory_400r/runs/cifar10_proser_fedavg__split03__seed1__d0.5.TERMINAL.json,812,b7d67136fdad03726b21246cb38385bb3c5492770262d4bf5d46e42b1a168474
cifar10_proser_fedavg__split03__seed1__d5.0,cifar,results/confirmatory_400r/runs/cifar10_proser_fedavg__split03__seed1__d5.0_common.npz,330445,7599de6f5657b063671a7927c75b8f408ee9bb8cae4677fa93256f3ee7686b8e,results/confirmatory_400r/runs/cifar10_proser_fedavg__split03__seed1__d5.0.TERMINAL.json,810,7dadaba3593c365ae75ea53e22c0359cc1b52eae1b12cf7a22a92b835f56cc31
cifar10_proser_fedavg__split03__seed2__d0.1,cifar,results/confirmatory_400r/runs/cifar10_proser_fedavg__split03__seed2__d0.1_common.npz,336903,adb33279ef6ffb4d110dfddecfbdef3cb33df87690395213055622d87ba57f28,results/confirmatory_400r/runs/cifar10_proser_fedavg__split03__seed2__d0.1.TERMINAL.json,810,9920271165b53ed3f893ed131e448563e3976e9b84402b6d8466a420b345a484
cifar10_proser_fedavg__split03__seed2__d0.5,cifar,results/confirmatory_400r/runs/cifar10_proser_fedavg__split03__seed2__d0.5_common.npz,332506,601a31f3c37372e9bb2aebf5f60f47c8946d941b04fc9073d62085a90b5839a7,results/confirmatory_400r/runs/cifar10_proser_fedavg__split03__seed2__d0.5.TERMINAL.json,811,60c562abbe3d7908c5858b245d55efbfd08afcc5feac544d4c492dc24faac291
cifar10_proser_fedavg__split03__seed2__d5.0,cifar,results/confirmatory_400r/runs/cifar10_proser_fedavg__split03__seed2__d5.0_common.npz,331413,5ddb388ecdbf08c835a91aa041a476fdda63c04b18f2c5f78904682f37ee71d3,results/confirmatory_400r/runs/cifar10_proser_fedavg__split03__seed2__d5.0.TERMINAL.json,812,037294c21698a581b60188db13db975a75bfc312abdc7552ed9f5605ae0faf91
cifar10_proser_fedavg__split03__seed3__d0.1,cifar,results/confirmatory_400r/runs/cifar10_proser_fedavg__split03__seed3__d0.1_common.npz,337658,d1cd7957a4aaeed5adbfcc49748787f623550ec478576d92a9cae4b0ba60da6f,results/confirmatory_400r/runs/cifar10_proser_fedavg__split03__seed3__d0.1.TERMINAL.json,811,8888bf1f3c385d3c56199b4f352f5867abefd4ed0ab0e61cbfd903c7805c6929
cifar10_proser_fedavg__split03__seed3__d0.5,cifar,results/confirmatory_400r/runs/cifar10_proser_fedavg__split03__seed3__d0.5_common.npz,335328,347730f9f24aa589c2a607de786b5984837261e0bbb85ef074324d789c8e4c2d,results/confirmatory_400r/runs/cifar10_proser_fedavg__split03__seed3__d0.5.TERMINAL.json,812,a6895936e7f8e5414e2158d8ec969ce4645c94f312367a459445171468e93314
cifar10_proser_fedavg__split03__seed3__d5.0,cifar,results/confirmatory_400r/runs/cifar10_proser_fedavg__split03__seed3__d5.0_common.npz,334238,2b1e37bf96742ab7b4373ad858d747182cad8eb337351b3000a1e67b28a9f4de,results/confirmatory_400r/runs/cifar10_proser_fedavg__split03__seed3__d5.0.TERMINAL.json,812,f6b922a44655fac02ca4673326e635a56b43f10b45fb118a34779fcdfa463f2b
cifar10_proser_fedavg__split03__seed4__d0.1,cifar,results/confirmatory_400r/runs/cifar10_proser_fedavg__split03__seed4__d0.1_common.npz,335321,a0088518db46579a9067ee61a1d1f2aeedc27d111e3759641c8a4a865a70e0c5,results/confirmatory_400r/runs/cifar10_proser_fedavg__split03__seed4__d0.1.TERMINAL.json,812,61b475f478e391485ed45a33e5c213cfce8e82f3341f1a4aa8df4815ad03e7de
cifar10_proser_fedavg__split03__seed4__d0.5,cifar,results/confirmatory_400r/runs/cifar10_proser_fedavg__split03__seed4__d0.5_common.npz,338102,eb948b652064a8e82a66783ebbd8dbbc44ab24022509598749889038c8c5263f,results/confirmatory_400r/runs/cifar10_proser_fedavg__split03__seed4__d0.5.TERMINAL.json,812,4e48c3c11a0e0c5d0e8179f9ea4f9371ff0f46a7b88b97c2738eda5b52c89c25
cifar10_proser_fedavg__split03__seed4__d5.0,cifar,results/confirmatory_400r/runs/cifar10_proser_fedavg__split03__seed4__d5.0_common.npz,333472,9ec9e593f168e9a8d04669d3ffe7c66e5ee1496370849150396081ccde1e64ad,results/confirmatory_400r/runs/cifar10_proser_fedavg__split03__seed4__d5.0.TERMINAL.json,812,40be1ec60322c4ebe5648d925fd918f7f33d147662a699e5594eba5a6bae0efe
cifar10_proser_fedavg__split04__seed0__d0.1,cifar,results/confirmatory_400r/runs/cifar10_proser_fedavg__split04__seed0__d0.1_common.npz,332585,62a534583d67f20578a233070ff8aa11249880f80f45151af280bc1a8475ce61,results/confirmatory_400r/runs/cifar10_proser_fedavg__split04__seed0__d0.1.TERMINAL.json,811,a0eca455137346ca467f9fc1a7c5cbf6f2304fa45238c130b63a88d8c97ebaa9
cifar10_proser_fedavg__split04__seed0__d0.5,cifar,results/confirmatory_400r/runs/cifar10_proser_fedavg__split04__seed0__d0.5_common.npz,339275,fc65e93f3e59ce15b2b8782038f762d9951fc85b2a990e48e0c172052b3913a7,results/confirmatory_400r/runs/cifar10_proser_fedavg__split04__seed0__d0.5.TERMINAL.json,812,24b8edca2f5178306f986572861b84c8c725dd7c9b2a3673162f3a78e50391b1
cifar10_proser_fedavg__split04__seed0__d5.0,cifar,results/confirmatory_400r/runs/cifar10_proser_fedavg__split04__seed0__d5.0_common.npz,333648,f28b6bc339fabdaf1ea9bf68ff1b59a1c0a88b391547bbaf6974fa2a228ea265,results/confirmatory_400r/runs/cifar10_proser_fedavg__split04__seed0__d5.0.TERMINAL.json,810,907e41a422146c074e51b0845f506296829818cc009fb677c8de896747f9f60f
cifar10_proser_fedavg__split04__seed1__d0.1,cifar,results/confirmatory_400r/runs/cifar10_proser_fedavg__split04__seed1__d0.1_common.npz,337818,dd52612de91107c597eda97759da36bde4e86ed82c14c2fe010ba0348e932607,results/confirmatory_400r/runs/cifar10_proser_fedavg__split04__seed1__d0.1.TERMINAL.json,811,c9ec47cf89edea137e8aadf97d5069604d29ed09a2b0e9d2a61454a0d0d13a3e
cifar10_proser_fedavg__split04__seed1__d0.5,cifar,results/confirmatory_400r/runs/cifar10_proser_fedavg__split04__seed1__d0.5_common.npz,336456,85c027a10e061f7441f9c083edc5c9ea31fd17a613b76ff7e4599eaef75ac232,results/confirmatory_400r/runs/cifar10_proser_fedavg__split04__seed1__d0.5.TERMINAL.json,812,30a912ec769b60c6e43f54e1e30995de7a308085275d2b2ca4f059d3b3445e9c
cifar10_proser_fedavg__split04__seed1__d5.0,cifar,results/confirmatory_400r/runs/cifar10_proser_fedavg__split04__seed1__d5.0_common.npz,332698,32c496146554abd0636a2e2fcddcef3568a344d77b1e58b46ff65c1309d1686c,results/confirmatory_400r/runs/cifar10_proser_fedavg__split04__seed1__d5.0.TERMINAL.json,811,083f2a4fcf3fee729963f94400c7111dd0f0da293d0ef24e2568819b9ba6c5b1
cifar10_proser_fedavg__split04__seed2__d0.1,cifar,results/confirmatory_400r/runs/cifar10_proser_fedavg__split04__seed2__d0.1_common.npz,336647,ce89ce5c7b1b92bb92f3af243ec8949998bc54f00aea9007c97c27856d1ce9ad,results/confirmatory_400r/runs/cifar10_proser_fedavg__split04__seed2__d0.1.TERMINAL.json,812,983e8f63900e3bec7c9b8d68e6261861ece81811556367201bc4c5aef1acb38e
cifar10_proser_fedavg__split04__seed2__d0.5,cifar,results/confirmatory_400r/runs/cifar10_proser_fedavg__split04__seed2__d0.5_common.npz,335960,68c0cf34e4d734d5414d3408bda8d99195252ddea73b6dbc114b8bda7d75ec97,results/confirmatory_400r/runs/cifar10_proser_fedavg__split04__seed2__d0.5.TERMINAL.json,812,fd9e7c0e1fb711f7278eca411581a975d040bbf2d89ee90d1bba2437dfd76ac4
cifar10_proser_fedavg__split04__seed2__d5.0,cifar,results/confirmatory_400r/runs/cifar10_proser_fedavg__split04__seed2__d5.0_common.npz,331973,1b14445538b6a0878206ab4a20f71ea37239df2836cdf117e1002804546703c9,results/confirmatory_400r/runs/cifar10_proser_fedavg__split04__seed2__d5.0.TERMINAL.json,812,5792c44cf4549cbccadbf070b13a3dbcd605577c045b38e689058071dbc6e38a
cifar10_proser_fedavg__split04__seed3__d0.1,cifar,results/confirmatory_400r/runs/cifar10_proser_fedavg__split04__seed3__d0.1_common.npz,338263,603dfad6a5b306fa4385b6940ab6b46b62da3f4adad18f5ae8f818be59b73adb,results/confirmatory_400r/runs/cifar10_proser_fedavg__split04__seed3__d0.1.TERMINAL.json,811,e302b45e6a14de1a621a8b6d2a5792906b0bf1b0e28dce8ef24a1ba6570114d7
cifar10_proser_fedavg__split04__seed3__d0.5,cifar,results/confirmatory_400r/runs/cifar10_proser_fedavg__split04__seed3__d0.5_common.npz,336469,c9c882ab0c98aa729a181a94740735fbd8d0dfc69edc4f1a1393068d1dcfd2f9,results/confirmatory_400r/runs/cifar10_proser_fedavg__split04__seed3__d0.5.TERMINAL.json,812,8bcc33b38e0b8fa2da8513646531e6c01add90b65a5dc96352200896c1125ccc
cifar10_proser_fedavg__split04__seed3__d5.0,cifar,results/confirmatory_400r/runs/cifar10_proser_fedavg__split04__seed3__d5.0_common.npz,333757,5df4aae8b3708391171fa5567a40e10d1de054d6062890c3bb07b4dcc4b7e52c,results/confirmatory_400r/runs/cifar10_proser_fedavg__split04__seed3__d5.0.TERMINAL.json,811,669dbf0d040217dd2de6166d43544685f154a1aa394d9a48c3f3460757d370cd
cifar10_proser_fedavg__split04__seed4__d0.1,cifar,results/confirmatory_400r/runs/cifar10_proser_fedavg__split04__seed4__d0.1_common.npz,338024,28fb69edbdf900448463138ac676e85594f94100d674603c5579d271de3d3c6a,results/confirmatory_400r/runs/cifar10_proser_fedavg__split04__seed4__d0.1.TERMINAL.json,812,016b80bbc1716a56d95ad90bca2653f6958c43c16e4c4ebabaeb0bd18380f964
cifar10_proser_fedavg__split04__seed4__d0.5,cifar,results/confirmatory_400r/runs/cifar10_proser_fedavg__split04__seed4__d0.5_common.npz,338834,a0a4be10d0095528562eb935ee0465394527d48e1f37208885cba20c4630efad,results/confirmatory_400r/runs/cifar10_proser_fedavg__split04__seed4__d0.5.TERMINAL.json,812,55130cf72d79b19d58692d7a18809dcde72f64f0f827abcac42b9b9e0ca00518
cifar10_proser_fedavg__split04__seed4__d5.0,cifar,results/confirmatory_400r/runs/cifar10_proser_fedavg__split04__seed4__d5.0_common.npz,334646,747aa08d838974956db6df508bf9aa0ce4d38681a61768faa5216ec5454ac3f0,results/confirmatory_400r/runs/cifar10_proser_fedavg__split04__seed4__d5.0.TERMINAL.json,812,473f8e1939ec39f96c916efa0760a4f520f8bfccf948bfaeb04413475ed567b4
cifar10_proser_fedavg__split05__seed0__d0.1,cifar,results/confirmatory_400r/runs/cifar10_proser_fedavg__split05__seed0__d0.1_common.npz,330701,dc4d1cb259426bd8d8b658dfa2b2016b0648cc5db3aef3b38b4422a6deeaab86,results/confirmatory_400r/runs/cifar10_proser_fedavg__split05__seed0__d0.1.TERMINAL.json,811,39a9c0e1231e1a1b3b316b630d359719af0abdb0365940cc49ee40c7064b973b
cifar10_proser_fedavg__split05__seed0__d0.5,cifar,results/confirmatory_400r/runs/cifar10_proser_fedavg__split05__seed0__d0.5_common.npz,337318,930ec098ea1fe434fac462cbec40a62fd8945732d0e8a65a8af16557e53ce0f5,results/confirmatory_400r/runs/cifar10_proser_fedavg__split05__seed0__d0.5.TERMINAL.json,812,175ff8b45a4cb40ef4a9b0e84a19292ea489863d1e9b2dad0a18c4dc9c3bab76
cifar10_proser_fedavg__split05__seed0__d5.0,cifar,results/confirmatory_400r/runs/cifar10_proser_fedavg__split05__seed0__d5.0_common.npz,332298,acb5e49c8b2dbb825d26b0f73926b62827a9abbf90863e97d72020c8b3a09c2e,results/confirmatory_400r/runs/cifar10_proser_fedavg__split05__seed0__d5.0.TERMINAL.json,812,cc9173232e11dd4247c78e534c47a4225fb111438a4c649b017da98c457586fa
cifar10_proser_fedavg__split05__seed1__d0.1,cifar,results/confirmatory_400r/runs/cifar10_proser_fedavg__split05__seed1__d0.1_common.npz,336980,879873f493a27ea1f4f1eb73ee8ad4b7d36c01830ec4d99e9786c8d369bc812e,results/confirmatory_400r/runs/cifar10_proser_fedavg__split05__seed1__d0.1.TERMINAL.json,812,f7e8bd956c6c45cbe80abe08d946572aeb5f92eefc6cf31c1a37d3a155ba9a97
cifar10_proser_fedavg__split05__seed1__d0.5,cifar,results/confirmatory_400r/runs/cifar10_proser_fedavg__split05__seed1__d0.5_common.npz,335921,c03e596711d3d387a78d439db5e18aa81580a550db0f6057bd93db6efd9b4b93,results/confirmatory_400r/runs/cifar10_proser_fedavg__split05__seed1__d0.5.TERMINAL.json,812,d0d871d7ae47eece8ec81e1cbd3fe1d896ea4286d30fde7627a40e3168c1750d
cifar10_proser_fedavg__split05__seed1__d5.0,cifar,results/confirmatory_400r/runs/cifar10_proser_fedavg__split05__seed1__d5.0_common.npz,330181,4581dbd08822cd66669233e6e35ec9cf20d38cd184d3c2daa1038f0c69ea554a,results/confirmatory_400r/runs/cifar10_proser_fedavg__split05__seed1__d5.0.TERMINAL.json,811,b2f5c2ab1ef4ed8798ca24fd6fd15bbab7bd893ef2dd4cd1e90c9814c39fb4dd
cifar10_proser_fedavg__split05__seed2__d0.1,cifar,results/confirmatory_400r/runs/cifar10_proser_fedavg__split05__seed2__d0.1_common.npz,337561,47e0f015fe8f5d226de1d012427a407d578ffbf500a4a60c1714ce7e1f3f163b,results/confirmatory_400r/runs/cifar10_proser_fedavg__split05__seed2__d0.1.TERMINAL.json,811,db37c3a7f6d9e45e50f40b98422ddc91c9868df54abdc01b5c7928c012faab90
cifar10_proser_fedavg__split05__seed2__d0.5,cifar,results/confirmatory_400r/runs/cifar10_proser_fedavg__split05__seed2__d0.5_common.npz,333878,29e3c1ea862dc8adb04d99ab83375120c3f5a17b4e896b5644ea7b6522f3c413,results/confirmatory_400r/runs/cifar10_proser_fedavg__split05__seed2__d0.5.TERMINAL.json,812,57a74b30d2decaf5e3df6c2db0934720a7cabe2c33e238a68d0f4267d7310a0a
cifar10_proser_fedavg__split05__seed2__d5.0,cifar,results/confirmatory_400r/runs/cifar10_proser_fedavg__split05__seed2__d5.0_common.npz,333027,d379c64f2c761651fc77f962003d18e0b69ce7f937ce508eb922007817b928a0,results/confirmatory_400r/runs/cifar10_proser_fedavg__split05__seed2__d5.0.TERMINAL.json,812,e78f4bdbadeb7e5f992e7145ba601980a873bfeae84f251ed6d855bab8f64f92
cifar10_proser_fedavg__split05__seed3__d0.1,cifar,results/confirmatory_400r/runs/cifar10_proser_fedavg__split05__seed3__d0.1_common.npz,337779,44143545e2ee1d795e19930e148485487ede19ce51227e850cec840acea8d7f2,results/confirmatory_400r/runs/cifar10_proser_fedavg__split05__seed3__d0.1.TERMINAL.json,811,262e80aad3485b01638a4a7e931238ee014f0773b1a4953a75ee62f6f60d8837
cifar10_proser_fedavg__split05__seed3__d0.5,cifar,results/confirmatory_400r/runs/cifar10_proser_fedavg__split05__seed3__d0.5_common.npz,336170,cc80872348a93bdb73e328d51a45c70be33e69d4187616ad0e25e88cba3a0ecd,results/confirmatory_400r/runs/cifar10_proser_fedavg__split05__seed3__d0.5.TERMINAL.json,812,cfbe2bd11df43e3460850c16b29e32877dcd4d914b86760bc12fc51842f24d0d
cifar10_proser_fedavg__split05__seed3__d5.0,cifar,results/confirmatory_400r/runs/cifar10_proser_fedavg__split05__seed3__d5.0_common.npz,330043,c53e0c362efd29c8314ab103aa0109d0f60f23279535fab9220eccb41d470bd4,results/confirmatory_400r/runs/cifar10_proser_fedavg__split05__seed3__d5.0.TERMINAL.json,812,4dbb039913f5fefd35422df631b2c0648acf57861259b10aceebb70e35a2feb6
cifar10_proser_fedavg__split05__seed4__d0.1,cifar,results/confirmatory_400r/runs/cifar10_proser_fedavg__split05__seed4__d0.1_common.npz,335284,80ee0f523064849b78910c054e9fa571bd29f414654490500da143bb1bb4e8e8,results/confirmatory_400r/runs/cifar10_proser_fedavg__split05__seed4__d0.1.TERMINAL.json,812,8c3967e26c584daff9bc4e13e3e62f5ac15b666434ed02b633575a28fe444f03
cifar10_proser_fedavg__split05__seed4__d0.5,cifar,results/confirmatory_400r/runs/cifar10_proser_fedavg__split05__seed4__d0.5_common.npz,336916,d1e430275f291b5926c0b7345efc3decf12fb92c762ccc7f747dedfa38ea715b,results/confirmatory_400r/runs/cifar10_proser_fedavg__split05__seed4__d0.5.TERMINAL.json,811,12e7f01521c6ee70001050e001bea9d9be23f7275422134f4c460b08bcfa56bf
cifar10_proser_fedavg__split05__seed4__d5.0,cifar,results/confirmatory_400r/runs/cifar10_proser_fedavg__split05__seed4__d5.0_common.npz,331627,f72d9c990a1b31af0b438bbce6ee59b24dd085e72c0d97fd72257d3f5356bbf6,results/confirmatory_400r/runs/cifar10_proser_fedavg__split05__seed4__d5.0.TERMINAL.json,812,bc6441638d0f3acac9c0c02d750aad0d3ed5f94a2196192db4a7c79c7c1fc715
cifar10_proser_fedavg__split06__seed0__d0.1,cifar,results/confirmatory_400r/runs/cifar10_proser_fedavg__split06__seed0__d0.1_common.npz,336702,93bbf7a8f83f76e71c5d7c2f46aadb0c2804617b5a849497bb58d0decbe5f34e,results/confirmatory_400r/runs/cifar10_proser_fedavg__split06__seed0__d0.1.TERMINAL.json,811,44f219fc9e97c98dd4d08e8e10bfcb04313ad6420f54786e10c73bb636823a7f
cifar10_proser_fedavg__split06__seed0__d0.5,cifar,results/confirmatory_400r/runs/cifar10_proser_fedavg__split06__seed0__d0.5_common.npz,336923,508012f56d2559958f64135781d00ba7b45a5631f833c89a8568085133a978a0,results/confirmatory_400r/runs/cifar10_proser_fedavg__split06__seed0__d0.5.TERMINAL.json,812,7dd99cd84f90305609e831e62637b27d5cd839631e431297c6b66eec9458f272
cifar10_proser_fedavg__split06__seed0__d5.0,cifar,results/confirmatory_400r/runs/cifar10_proser_fedavg__split06__seed0__d5.0_common.npz,329691,4ef3d8d28cc8f1082cb47f6086a66a530f548a0ef5ef853897256dd6568fdcd2,results/confirmatory_400r/runs/cifar10_proser_fedavg__split06__seed0__d5.0.TERMINAL.json,811,9cef2720c50dae7157455917164943622123cf81c1e2970cb0a6c5e462704243
cifar10_proser_fedavg__split06__seed1__d0.1,cifar,results/confirmatory_400r/runs/cifar10_proser_fedavg__split06__seed1__d0.1_common.npz,338523,0f49da6794367a26113fc126af404c03c04b70672b1eb84791ee2191ffd732a1,results/confirmatory_400r/runs/cifar10_proser_fedavg__split06__seed1__d0.1.TERMINAL.json,812,de5c38298ac7456a129ad41fe444bf5ab91a39864b8c7a0321188e0f75625b56
cifar10_proser_fedavg__split06__seed1__d0.5,cifar,results/confirmatory_400r/runs/cifar10_proser_fedavg__split06__seed1__d0.5_common.npz,334339,c513c573d3e86ebe06ca75ac9a49958363b9fa474799c0d290e648c1f8fd4f11,results/confirmatory_400r/runs/cifar10_proser_fedavg__split06__seed1__d0.5.TERMINAL.json,812,725b3df1ddbebb8f8ba7d985d19e8169d7ae02a6eb08fffba49c7bb45e70fbf3
cifar10_proser_fedavg__split06__seed1__d5.0,cifar,results/confirmatory_400r/runs/cifar10_proser_fedavg__split06__seed1__d5.0_common.npz,330158,d7edcf4299e559334d4179f7c6b4f211e2689a328d01aad6a98bd1e259f88b56,results/confirmatory_400r/runs/cifar10_proser_fedavg__split06__seed1__d5.0.TERMINAL.json,811,0cae90bcb0c321ca21a998a6685835844d95d844062714b95adcbd388eabd92c
cifar10_proser_fedavg__split06__seed2__d0.1,cifar,results/confirmatory_400r/runs/cifar10_proser_fedavg__split06__seed2__d0.1_common.npz,337628,963cd0e9a48401caa5d5025586ceeae302a8160a4b867cd3ab8b0f468e6bb0a4,results/confirmatory_400r/runs/cifar10_proser_fedavg__split06__seed2__d0.1.TERMINAL.json,812,d9b1c5a3e06cbb806e5c616c2972c3e452a19b72c7f0cfac3fe5b66a90c7d6c7
cifar10_proser_fedavg__split06__seed2__d0.5,cifar,results/confirmatory_400r/runs/cifar10_proser_fedavg__split06__seed2__d0.5_common.npz,334932,df1fde8cd7f905ec464f4d4803d9790148e1815e2f4c6d0e3591d895e7bbbf33,results/confirmatory_400r/runs/cifar10_proser_fedavg__split06__seed2__d0.5.TERMINAL.json,812,533122d1730d50f4e3efd83f50a2be87d299d95757fe69f12b8f0c39510bb6e2
cifar10_proser_fedavg__split06__seed2__d5.0,cifar,results/confirmatory_400r/runs/cifar10_proser_fedavg__split06__seed2__d5.0_common.npz,331333,51109a30241bb7e20214294d1b03cdc4f9aaf58a657b31c3873dfbfe307b1215,results/confirmatory_400r/runs/cifar10_proser_fedavg__split06__seed2__d5.0.TERMINAL.json,812,cdab94c90a060a6fd96361d7c7716d8a39d99dcc5b8f03ff09bfceafdfa89fae
cifar10_proser_fedavg__split06__seed3__d0.1,cifar,results/confirmatory_400r/runs/cifar10_proser_fedavg__split06__seed3__d0.1_common.npz,338955,8de8854e9d367d6d3eeb02d0ffb0e8ad944e8a3b9ab31261665da561251f2346,results/confirmatory_400r/runs/cifar10_proser_fedavg__split06__seed3__d0.1.TERMINAL.json,811,cedd068b08189aead12247725c09c4b79ab8d48dde299ea561a01f5b13c6e168
cifar10_proser_fedavg__split06__seed3__d0.5,cifar,results/confirmatory_400r/runs/cifar10_proser_fedavg__split06__seed3__d0.5_common.npz,335232,597a238e7d8f712019b511c4dd06f58f071f53eae3a1b982b7d5b7646dc081bf,results/confirmatory_400r/runs/cifar10_proser_fedavg__split06__seed3__d0.5.TERMINAL.json,812,6b7c42394d16422ea99db5bd2412805cc356eaf6e7c832fc5b55bce1224d68b5
cifar10_proser_fedavg__split06__seed3__d5.0,cifar,results/confirmatory_400r/runs/cifar10_proser_fedavg__split06__seed3__d5.0_common.npz,332495,5d6d7caaa5ddbeb75e3fae8290c4d5b574229af471d7a2566631ed7fc507eed3,results/confirmatory_400r/runs/cifar10_proser_fedavg__split06__seed3__d5.0.TERMINAL.json,811,481b74c7f4bf86f34b7929d8286076dea623ef6a98690f46f113d7e67c126c3e
cifar10_proser_fedavg__split06__seed4__d0.1,cifar,results/confirmatory_400r/runs/cifar10_proser_fedavg__split06__seed4__d0.1_common.npz,337255,01fd6081d17c1a94affebe6ad0d1c7a841889a684ed72619058e9c2e382e19ce,results/confirmatory_400r/runs/cifar10_proser_fedavg__split06__seed4__d0.1.TERMINAL.json,812,f5921f20f232f60e3dc86c00b297c223440330d873c5e35c495b113634f0be32
cifar10_proser_fedavg__split06__seed4__d0.5,cifar,results/confirmatory_400r/runs/cifar10_proser_fedavg__split06__seed4__d0.5_common.npz,336828,7362de3fa6ba24db26b36ed358d6d3b0dc6bd04ac082f7491cf9cd8760a2e78b,results/confirmatory_400r/runs/cifar10_proser_fedavg__split06__seed4__d0.5.TERMINAL.json,812,989757ee420ca7319ca6cb2f4398be636999baa9ae9b49ad50b04e6266260afd
cifar10_proser_fedavg__split06__seed4__d5.0,cifar,results/confirmatory_400r/runs/cifar10_proser_fedavg__split06__seed4__d5.0_common.npz,331463,aaf3c8d3ca90488c402eec521063d12184ab55232c3f1fcc26b98c94e816f3d5,results/confirmatory_400r/runs/cifar10_proser_fedavg__split06__seed4__d5.0.TERMINAL.json,812,a7749b5978ef4b3938c74b7f4086eee049766b23ce0eaf4d4ef1221eceb91bda
cifar10_proser_fedavg__split07__seed0__d0.1,cifar,results/confirmatory_400r/runs/cifar10_proser_fedavg__split07__seed0__d0.1_common.npz,333461,d479023afd0ecc85ddd4441f95bcabb5dbece8c9236a904c5e27af48e205447b,results/confirmatory_400r/runs/cifar10_proser_fedavg__split07__seed0__d0.1.TERMINAL.json,811,a9679cc3a39b67191b10ec73e9ce5dd66694a9eac8fbfb5119e0c0f418a591be
cifar10_proser_fedavg__split07__seed0__d0.5,cifar,results/confirmatory_400r/runs/cifar10_proser_fedavg__split07__seed0__d0.5_common.npz,336851,e3c5723b35a010eec0a603425ccdada16bb92d49894700bb4151107304710fb4,results/confirmatory_400r/runs/cifar10_proser_fedavg__split07__seed0__d0.5.TERMINAL.json,812,08ac75b0d3a43ec46c755bade117403115f8f3fef6b236953385afe760926153
cifar10_proser_fedavg__split07__seed0__d5.0,cifar,results/confirmatory_400r/runs/cifar10_proser_fedavg__split07__seed0__d5.0_common.npz,330230,e7b6d8ba32c5f6fd9d1a51abae9c2a2b53f94a5951f715c1ac4d3533184940b4,results/confirmatory_400r/runs/cifar10_proser_fedavg__split07__seed0__d5.0.TERMINAL.json,812,be673b206b855651b4be4bd2a7e6c39836c78243a90ae8e9c90a6fb195bb2dc5
cifar10_proser_fedavg__split07__seed1__d0.1,cifar,results/confirmatory_400r/runs/cifar10_proser_fedavg__split07__seed1__d0.1_common.npz,338860,ef16d77ec40398a2a78dba2aaa26f4a7af8dde5337b967ad0825246e065aa7b3,results/confirmatory_400r/runs/cifar10_proser_fedavg__split07__seed1__d0.1.TERMINAL.json,812,aa024e4c3087b8dca70a97f2dca67a195652be0793b9aa5be178315c66003bc6
cifar10_proser_fedavg__split07__seed1__d0.5,cifar,results/confirmatory_400r/runs/cifar10_proser_fedavg__split07__seed1__d0.5_common.npz,334845,215f3cb2de868f485cac0d1be56065677373abbabd4f2906379b9e85ad5e3888,results/confirmatory_400r/runs/cifar10_proser_fedavg__split07__seed1__d0.5.TERMINAL.json,812,554e3b22a1f9a64c832d04b1a4b6543af9aa2f28a55b14d63800484a60bcb5c8
cifar10_proser_fedavg__split07__seed1__d5.0,cifar,results/confirmatory_400r/runs/cifar10_proser_fedavg__split07__seed1__d5.0_common.npz,329918,247bfd4ba04bd616143703a16695955a2f784409652fa214e1454aaf31a1eabf,results/confirmatory_400r/runs/cifar10_proser_fedavg__split07__seed1__d5.0.TERMINAL.json,811,26a6cc3bcb623a704d147887ff2bc10808553d9907c9af6034196c3f43814270
cifar10_proser_fedavg__split07__seed2__d0.1,cifar,results/confirmatory_400r/runs/cifar10_proser_fedavg__split07__seed2__d0.1_common.npz,337342,04740670924fbdeb6ee99ba1098434c8d1218a2a534dccc45145a624f10a445d,results/confirmatory_400r/runs/cifar10_proser_fedavg__split07__seed2__d0.1.TERMINAL.json,810,ce4f19a6e21952338f3fa1dd23006e4550900c1d69a7a8ddee5f77585be4f569
cifar10_proser_fedavg__split07__seed2__d0.5,cifar,results/confirmatory_400r/runs/cifar10_proser_fedavg__split07__seed2__d0.5_common.npz,334579,83f428546ce7ca259a4fe97b53dde730595cf293635c8a9523d5cdf97de0c2bd,results/confirmatory_400r/runs/cifar10_proser_fedavg__split07__seed2__d0.5.TERMINAL.json,812,521feeeefd50756c6e425ecae6ed4f9d229a1707864753cc73e9ab93e0382f4a
cifar10_proser_fedavg__split07__seed2__d5.0,cifar,results/confirmatory_400r/runs/cifar10_proser_fedavg__split07__seed2__d5.0_common.npz,329904,955e0e39b4a7144501eaafe9f8091a1b3b37e44b9c1ad082c3dbd9e58036a0d3,results/confirmatory_400r/runs/cifar10_proser_fedavg__split07__seed2__d5.0.TERMINAL.json,811,6ca72cf61d73bf1c305206307391af01d8cc4c6900ea2a64acaeb7e6cb7d685b
cifar10_proser_fedavg__split07__seed3__d0.1,cifar,results/confirmatory_400r/runs/cifar10_proser_fedavg__split07__seed3__d0.1_common.npz,339143,29cceff0c14cf7ee7f7121ed16eab041f7c294551ab58b7028358ee5a8c07684,results/confirmatory_400r/runs/cifar10_proser_fedavg__split07__seed3__d0.1.TERMINAL.json,811,0009bffcfc296a650dccfd6f708dafc05639995b11668c47a0e04d148e88d806
cifar10_proser_fedavg__split07__seed3__d0.5,cifar,results/confirmatory_400r/runs/cifar10_proser_fedavg__split07__seed3__d0.5_common.npz,334993,fef8cc3dc06058f3a76ea0b92ca0620c3b3fa7ed1940d9577753bc083c3fbbb6,results/confirmatory_400r/runs/cifar10_proser_fedavg__split07__seed3__d0.5.TERMINAL.json,812,934ee52c2cd6f72aa412061b03ac8cf1ee813a57f62adaf7ed1bb3452649200d
cifar10_proser_fedavg__split07__seed3__d5.0,cifar,results/confirmatory_400r/runs/cifar10_proser_fedavg__split07__seed3__d5.0_common.npz,331973,897011aba9f216e6e11b5693143c06532a5527ce2aaa216a34fa15da8b7f20e8,results/confirmatory_400r/runs/cifar10_proser_fedavg__split07__seed3__d5.0.TERMINAL.json,812,8d9fc13a028fda0b7bf775693b244ab84b0b96dc1adced2a57b24f2390230fae
cifar10_proser_fedavg__split07__seed4__d0.1,cifar,results/confirmatory_400r/runs/cifar10_proser_fedavg__split07__seed4__d0.1_common.npz,339679,d1d2bf5ab535e1b15607e54ed1cb1ef4e19844acc6e6f51c84227af514b6b2d3,results/confirmatory_400r/runs/cifar10_proser_fedavg__split07__seed4__d0.1.TERMINAL.json,812,e7d8aca8feb74fde72ecefd70bb8909a5db501444e533411930f8d000297e699
cifar10_proser_fedavg__split07__seed4__d0.5,cifar,results/confirmatory_400r/runs/cifar10_proser_fedavg__split07__seed4__d0.5_common.npz,336462,39d7079e63773609756f327f5164839732093f7add4868a8aecb08755459aa07,results/confirmatory_400r/runs/cifar10_proser_fedavg__split07__seed4__d0.5.TERMINAL.json,811,6079b874b0f872255e6254b2f6eb6ba52dd0b6fe3a3546f2c78ed36a21a5035c
cifar10_proser_fedavg__split07__seed4__d5.0,cifar,results/confirmatory_400r/runs/cifar10_proser_fedavg__split07__seed4__d5.0_common.npz,331088,13fa4bc4d003c37c13cd1c595851903941fe7a8a0fff7eebe527c5cc484b76e7,results/confirmatory_400r/runs/cifar10_proser_fedavg__split07__seed4__d5.0.TERMINAL.json,812,bfdedf18ec79dedb17e3b4df54b02b2dd37993daccca1af5bec323c467d2a38d
cifar10_proser_fedavg__split08__seed0__d0.1,cifar,results/confirmatory_400r/runs/cifar10_proser_fedavg__split08__seed0__d0.1_common.npz,335775,64dcef4ace57fc63559cb536dac3a589474c2fe3b246d5785ba787a62a0d931d,results/confirmatory_400r/runs/cifar10_proser_fedavg__split08__seed0__d0.1.TERMINAL.json,811,37f97d326d5f5503df7ca6ef623b6d9126e423a07fcb024bf2a268fab6853252
cifar10_proser_fedavg__split08__seed0__d0.5,cifar,results/confirmatory_400r/runs/cifar10_proser_fedavg__split08__seed0__d0.5_common.npz,338671,98ca68a5482701dd3094cf36d01008a04f33a9ced99800051856d18270f3822e,results/confirmatory_400r/runs/cifar10_proser_fedavg__split08__seed0__d0.5.TERMINAL.json,812,1ab36a51875d2400cf5819889c500ff543f63460b43277874d500d78ff9a1645
cifar10_proser_fedavg__split08__seed0__d5.0,cifar,results/confirmatory_400r/runs/cifar10_proser_fedavg__split08__seed0__d5.0_common.npz,332686,80e422c4f17d05bba06cc73bf10a01d412399625765f64adbf21a7031b96f5ff,results/confirmatory_400r/runs/cifar10_proser_fedavg__split08__seed0__d5.0.TERMINAL.json,812,b8625126f0933725bf01c33a6e1c5daf160bbaa12e13d3bb25df1658f6082d92
cifar10_proser_fedavg__split08__seed1__d0.1,cifar,results/confirmatory_400r/runs/cifar10_proser_fedavg__split08__seed1__d0.1_common.npz,337925,b1a8864a4432f6406517d4595181bd75a7ba8b34dce7d2c4ef929ad6204d4c2d,results/confirmatory_400r/runs/cifar10_proser_fedavg__split08__seed1__d0.1.TERMINAL.json,811,028fd8d0f64b61c550a242b51c65b3c4b638f45b4cb63caf3cccba01bf796165
cifar10_proser_fedavg__split08__seed1__d0.5,cifar,results/confirmatory_400r/runs/cifar10_proser_fedavg__split08__seed1__d0.5_common.npz,337244,b86ab562759bd88b0c400114274d37b6b89f5d19a607615bbad18b656bf8590d,results/confirmatory_400r/runs/cifar10_proser_fedavg__split08__seed1__d0.5.TERMINAL.json,812,b417193e90cec4de25c313d31e824c269f2d0e861264e39b79c9d5fbc00c5311
cifar10_proser_fedavg__split08__seed1__d5.0,cifar,results/confirmatory_400r/runs/cifar10_proser_fedavg__split08__seed1__d5.0_common.npz,332227,d8fbcb759d2e04c8fccba6f78822237df8d8eeeb1f2d38a0d0d3069201887f30,results/confirmatory_400r/runs/cifar10_proser_fedavg__split08__seed1__d5.0.TERMINAL.json,811,166be289cc04799f3b76d5d557a4ca76bade1ff22aefc6101be71499fe585365
cifar10_proser_fedavg__split08__seed2__d0.1,cifar,results/confirmatory_400r/runs/cifar10_proser_fedavg__split08__seed2__d0.1_common.npz,337076,52bec901158b27bb809fdc3343f8de57f6d4270122740d91ae1fd93ee383a3eb,results/confirmatory_400r/runs/cifar10_proser_fedavg__split08__seed2__d0.1.TERMINAL.json,812,0c6901cd29bda088d8b56825bc485f558aa8fe4c0e104670942ac626dd6b254e
cifar10_proser_fedavg__split08__seed2__d0.5,cifar,results/confirmatory_400r/runs/cifar10_proser_fedavg__split08__seed2__d0.5_common.npz,338898,e3eff756c7bf68810c85355cab479ee8292fccf6ff6b529da4a85227615377d5,results/confirmatory_400r/runs/cifar10_proser_fedavg__split08__seed2__d0.5.TERMINAL.json,812,c818b3f726a655a4338939b2bdfed70f2f642db416f7874fe88a4bda7ef330be
cifar10_proser_fedavg__split08__seed2__d5.0,cifar,results/confirmatory_400r/runs/cifar10_proser_fedavg__split08__seed2__d5.0_common.npz,329925,6acc15ccdf7ca6ccadc930009e6db01c0c1c227e666d4633903b05ba8a7d3528,results/confirmatory_400r/runs/cifar10_proser_fedavg__split08__seed2__d5.0.TERMINAL.json,812,9ba548427978472e2107038204361708089eb08c0121ca6a0cb66b79639de8b4
cifar10_proser_fedavg__split08__seed3__d0.1,cifar,results/confirmatory_400r/runs/cifar10_proser_fedavg__split08__seed3__d0.1_common.npz,339453,c8a32db105de40e4eef43214530ef2f76da31f39212da91cec0eb186da37b86c,results/confirmatory_400r/runs/cifar10_proser_fedavg__split08__seed3__d0.1.TERMINAL.json,811,b644fadb119c4ccb03bd687d66b11c5f1dd6e9c721ddff8d57068732bbbd8a53
cifar10_proser_fedavg__split08__seed3__d0.5,cifar,results/confirmatory_400r/runs/cifar10_proser_fedavg__split08__seed3__d0.5_common.npz,336543,8d6150dd7496cfd13aea45845373b3648c436f8ab2db2a946635222ea41296fc,results/confirmatory_400r/runs/cifar10_proser_fedavg__split08__seed3__d0.5.TERMINAL.json,812,ac0ea0e5403601785f3c9130b55ddcfde4b6ca7514e43e9f63f922be811014e2
cifar10_proser_fedavg__split08__seed3__d5.0,cifar,results/confirmatory_400r/runs/cifar10_proser_fedavg__split08__seed3__d5.0_common.npz,334135,f62fc341e487a7b083c907c65ee3300f241d6c3972bff737d9a57ca1bbfc3a8c,results/confirmatory_400r/runs/cifar10_proser_fedavg__split08__seed3__d5.0.TERMINAL.json,812,687f81cc51901e85294b947448b92120d081d6c9eb5e761182fa6fbc0af5209f
cifar10_proser_fedavg__split08__seed4__d0.1,cifar,results/confirmatory_400r/runs/cifar10_proser_fedavg__split08__seed4__d0.1_common.npz,335999,03e5e0c8b235eb8ec613110b076ee6a32ec6b0cede714fba098b371df0ef95bd,results/confirmatory_400r/runs/cifar10_proser_fedavg__split08__seed4__d0.1.TERMINAL.json,812,b085a342ab71fdbd7f2888dffc24d4387a5fc7176742ec0faca51e9f8458f8b5
cifar10_proser_fedavg__split08__seed4__d0.5,cifar,results/confirmatory_400r/runs/cifar10_proser_fedavg__split08__seed4__d0.5_common.npz,337553,59f66f93400db285bc789e0fdf522c4c0db786e10af1f7a2e3e33cef69e31f2a,results/confirmatory_400r/runs/cifar10_proser_fedavg__split08__seed4__d0.5.TERMINAL.json,812,3b7eccea1d3b142406e492c92aaa6b10eb39fedf18d2009032d33cc1755b05a6
cifar10_proser_fedavg__split08__seed4__d5.0,cifar,results/confirmatory_400r/runs/cifar10_proser_fedavg__split08__seed4__d5.0_common.npz,333980,4d912c6b23627a99cf45d091c6b64650d87ce81d6bc2a05c25bc6145f4e14d3e,results/confirmatory_400r/runs/cifar10_proser_fedavg__split08__seed4__d5.0.TERMINAL.json,812,6ad98bbf1c762737b36980dd6e62fbabba02f7af3328b358284ce467c105eded
cifar10_proser_fedavg__split09__seed0__d0.1,cifar,results/confirmatory_400r/runs/cifar10_proser_fedavg__split09__seed0__d0.1_common.npz,332506,28bc451467dd087e6f96e3d9422afb9cc7cdfd55ef40c662852edb876ee53fb2,results/confirmatory_400r/runs/cifar10_proser_fedavg__split09__seed0__d0.1.TERMINAL.json,810,d7874dae02634ad8782c9860f4fa0d1c74091fdf4ede683aeba984709405a9e2
cifar10_proser_fedavg__split09__seed0__d0.5,cifar,results/confirmatory_400r/runs/cifar10_proser_fedavg__split09__seed0__d0.5_common.npz,337200,a8795495c78b774e6c7c32d939dc6f13b9c56f2b945a5c7a04be638b2b6a7a77,results/confirmatory_400r/runs/cifar10_proser_fedavg__split09__seed0__d0.5.TERMINAL.json,812,4ea1b5646497e8a1cb7447605af49038bb7aa17bf2d2bcc4bacc546ad31738f1
cifar10_proser_fedavg__split09__seed0__d5.0,cifar,results/confirmatory_400r/runs/cifar10_proser_fedavg__split09__seed0__d5.0_common.npz,329194,518389bc71332caa461843235345a9052ee112da5727a7450b430923d00a3dfe,results/confirmatory_400r/runs/cifar10_proser_fedavg__split09__seed0__d5.0.TERMINAL.json,812,63daefa763634d99c4362f4b169c965c114d79167ba284489fb53cbe8524e801
cifar10_proser_fedavg__split09__seed1__d0.1,cifar,results/confirmatory_400r/runs/cifar10_proser_fedavg__split09__seed1__d0.1_common.npz,339789,680a0824d5c3a5169a3ddd5d294e01cb37ac659bf9042e0bc4f5ee3f4993be7c,results/confirmatory_400r/runs/cifar10_proser_fedavg__split09__seed1__d0.1.TERMINAL.json,812,ce116f9adaf295e1041dca99b410cb8c7304f3128164b50c84352de680995d98
cifar10_proser_fedavg__split09__seed1__d0.5,cifar,results/confirmatory_400r/runs/cifar10_proser_fedavg__split09__seed1__d0.5_common.npz,334853,1453a366766e10561f491f7689018f980a023477f84b164d30e981a1c0b1eea3,results/confirmatory_400r/runs/cifar10_proser_fedavg__split09__seed1__d0.5.TERMINAL.json,811,88152354f06fb847cde14f658dab850ad8ba54e30f7f49beda34739c0773d656
cifar10_proser_fedavg__split09__seed1__d5.0,cifar,results/confirmatory_400r/runs/cifar10_proser_fedavg__split09__seed1__d5.0_common.npz,330234,f34d111d7600a71fc97eea978936939ef0d7e0e5d5ba57aa981ddc3cd4216d2a,results/confirmatory_400r/runs/cifar10_proser_fedavg__split09__seed1__d5.0.TERMINAL.json,811,7416d136d6180e03d05a2557a56b6a9613d9b719d0d4317eeec5167e5ea1388f
cifar10_proser_fedavg__split09__seed2__d0.1,cifar,results/confirmatory_400r/runs/cifar10_proser_fedavg__split09__seed2__d0.1_common.npz,338215,94645b30123f705909482cc460826ee0ae84d1051cfd43cbb12688c03aef1849,results/confirmatory_400r/runs/cifar10_proser_fedavg__split09__seed2__d0.1.TERMINAL.json,811,ce674894c6fa9fb8471583c08af6bd9509c8ff31705bc706bf3ebe8afda96bbd
cifar10_proser_fedavg__split09__seed2__d0.5,cifar,results/confirmatory_400r/runs/cifar10_proser_fedavg__split09__seed2__d0.5_common.npz,333828,3df373194813dc6803b4e131af69fa57e661a1e70a47796c5a9f57151cea5c76,results/confirmatory_400r/runs/cifar10_proser_fedavg__split09__seed2__d0.5.TERMINAL.json,812,ce7ae656cf99f04c9de502aa5bc8f6e455bbdec612f8755024178065f50d1ddb
cifar10_proser_fedavg__split09__seed2__d5.0,cifar,results/confirmatory_400r/runs/cifar10_proser_fedavg__split09__seed2__d5.0_common.npz,333252,08233d8dd858946338f9041c9bd14d961a9dc45666713b65e330d3ef80dd7019,results/confirmatory_400r/runs/cifar10_proser_fedavg__split09__seed2__d5.0.TERMINAL.json,812,90e2fbbca35a97713bc899906e00194538475bb92027e3d73931b844c49bca3c
cifar10_proser_fedavg__split09__seed3__d0.1,cifar,results/confirmatory_400r/runs/cifar10_proser_fedavg__split09__seed3__d0.1_common.npz,340179,2d72dc2ac615034b78fb1bda8ed7292ba20a13933898f39f5c6e148b4ada72a6,results/confirmatory_400r/runs/cifar10_proser_fedavg__split09__seed3__d0.1.TERMINAL.json,811,ae090e35d7ac06522b5a903b06eb712ad86716c64b72f49565bab1a7392e2636
cifar10_proser_fedavg__split09__seed3__d0.5,cifar,results/confirmatory_400r/runs/cifar10_proser_fedavg__split09__seed3__d0.5_common.npz,335176,c0c9ffee33f1b127f7f2e5c31b5b71ed317acb2952b4444847858a7f2b7f3833,results/confirmatory_400r/runs/cifar10_proser_fedavg__split09__seed3__d0.5.TERMINAL.json,812,c75b8811a763e229301f81a9f4f38c8b9982666f7bf564f357a7b43e56c90f46
cifar10_proser_fedavg__split09__seed3__d5.0,cifar,results/confirmatory_400r/runs/cifar10_proser_fedavg__split09__seed3__d5.0_common.npz,330334,e77da7ceb7d574db792a44c30127e662fc30bdd3a52df34bf541e2f7a96c59b4,results/confirmatory_400r/runs/cifar10_proser_fedavg__split09__seed3__d5.0.TERMINAL.json,812,4f6768bf9ee2081c981d7f3805c119f8d56b2723ccc5aca377762c119420dabc
cifar10_proser_fedavg__split09__seed4__d0.1,cifar,results/confirmatory_400r/runs/cifar10_proser_fedavg__split09__seed4__d0.1_common.npz,337055,cb0ff0b985efa6a8aa6988250728ca41061b5911302cb027b5de790190d7c79c,results/confirmatory_400r/runs/cifar10_proser_fedavg__split09__seed4__d0.1.TERMINAL.json,811,d9d6c9741b860b61b28ee83ea1e95d1427f8e769fe55083da4b1cec73bc2ca88
cifar10_proser_fedavg__split09__seed4__d0.5,cifar,results/confirmatory_400r/runs/cifar10_proser_fedavg__split09__seed4__d0.5_common.npz,336669,dced353a84d2151599584a26f41fc417e44b2fbd71f06ecc5085243a5568b4c4,results/confirmatory_400r/runs/cifar10_proser_fedavg__split09__seed4__d0.5.TERMINAL.json,812,2c3ad634b1ce6dbad054a50c44373c357c2058f383afba7d463e54b165ec2098
cifar10_proser_fedavg__split09__seed4__d5.0,cifar,results/confirmatory_400r/runs/cifar10_proser_fedavg__split09__seed4__d5.0_common.npz,330564,4a783a8d9511adc6887147bab9a7e50531c233b7336634cc57cd00e9d1288c29,results/confirmatory_400r/runs/cifar10_proser_fedavg__split09__seed4__d5.0.TERMINAL.json,812,7d61b4df946447f3e4ceeb5872c01d6e32769381be357c7f8db6a62954d6f1b5
officehome_convnext_frozen__split00__seed0,officehome,results/confirmatory_400r/runs/officehome_convnext_frozen__split00__seed0_logits.npz,1565458,4ec29933e094fc689163bfdfcf472d5f620cc0ea4ca7d14ad3e259b760625f1c,results/confirmatory_400r/runs/officehome_convnext_frozen__split00__seed0.TERMINAL.json,892,3b850c156f28353e71645e0caaf96c652044c0f4898389591e71b1c1ac06e13f
officehome_convnext_frozen__split00__seed1,officehome,results/confirmatory_400r/runs/officehome_convnext_frozen__split00__seed1_logits.npz,1565836,20088e116643d82d84d111885b016e8537af1b80c5c5a51b21948539ddf2e58d,results/confirmatory_400r/runs/officehome_convnext_frozen__split00__seed1.TERMINAL.json,892,ce3b284708a82123468b04285c3f8025b7fc70be502c7f5e2330d63d15cb7854
officehome_convnext_frozen__split00__seed2,officehome,results/confirmatory_400r/runs/officehome_convnext_frozen__split00__seed2_logits.npz,1565431,4ae87d769c6dc8a63eb4ba575cab3dfa0020eac16c1758dc4ad9bcbc0d1e85fb,results/confirmatory_400r/runs/officehome_convnext_frozen__split00__seed2.TERMINAL.json,892,ce9a313b8abcbd5022d04c44fe79a2ab4fdc144fdb65b57629fb3543f9596b90
officehome_convnext_frozen__split00__seed3,officehome,results/confirmatory_400r/runs/officehome_convnext_frozen__split00__seed3_logits.npz,1565555,441beb66160e4863fd236a388d520d05e7982d8e9e6e4552db6fc22c6d0c2d30,results/confirmatory_400r/runs/officehome_convnext_frozen__split00__seed3.TERMINAL.json,892,77a9dd3d07b25bf98023c240172b6c7bc1ecf978f59980e22537c0128b981ae0
officehome_convnext_frozen__split00__seed4,officehome,results/confirmatory_400r/runs/officehome_convnext_frozen__split00__seed4_logits.npz,1566090,860373fb246586eb5cf191785c8ce7c73525e8a8338e7f83d1fdf584af815e20,results/confirmatory_400r/runs/officehome_convnext_frozen__split00__seed4.TERMINAL.json,892,37aaef84bcaa5668f755b1441acf04a285511d46b8e71c9e334e0e9fd5891da1
officehome_convnext_frozen__split01__seed0,officehome,results/confirmatory_400r/runs/officehome_convnext_frozen__split01__seed0_logits.npz,1609152,57bf50efd89a260395c92d6013fe4f204222a55a4a7463ce54f8cf97d80ea1f2,results/confirmatory_400r/runs/officehome_convnext_frozen__split01__seed0.TERMINAL.json,892,72a8a0df6c2c42ba5ad6e71d04733adf795edbff002aa53b6f5f87ea3f30d82e
officehome_convnext_frozen__split01__seed1,officehome,results/confirmatory_400r/runs/officehome_convnext_frozen__split01__seed1_logits.npz,1609428,66386a777e02f9e6c21639bad366b7d0e84f4dfba83c547c2d2ad6a6cb29af3b,results/confirmatory_400r/runs/officehome_convnext_frozen__split01__seed1.TERMINAL.json,892,051bec8c47ddf61f5f4981b336a64b0c9178f43ca4799d5ba2949480289cc9ec
officehome_convnext_frozen__split01__seed2,officehome,results/confirmatory_400r/runs/officehome_convnext_frozen__split01__seed2_logits.npz,1609968,a1f4124de9ccbf14b056c7937d384c654c0291d54d0c9bd389f64e711c6cf957,results/confirmatory_400r/runs/officehome_convnext_frozen__split01__seed2.TERMINAL.json,892,b04fcc337fb617bf4a2b475bb75a50d9a3a2a6800e17e709dd3852e7fb406f45
officehome_convnext_frozen__split01__seed3,officehome,results/confirmatory_400r/runs/officehome_convnext_frozen__split01__seed3_logits.npz,1609306,15c5a3b2c8d4bfbc122521e288dee7560883ec7b06424b5159a0fd1fce1fb3d6,results/confirmatory_400r/runs/officehome_convnext_frozen__split01__seed3.TERMINAL.json,892,d2a8a9b2a0514d920e708d25e831c72b4ab06310835b06c1d88103f79b3637d4
officehome_convnext_frozen__split01__seed4,officehome,results/confirmatory_400r/runs/officehome_convnext_frozen__split01__seed4_logits.npz,1610042,1a7a605b257febccffb293429a17f78eb7a046dbcd02df7e9417af54a70e7421,results/confirmatory_400r/runs/officehome_convnext_frozen__split01__seed4.TERMINAL.json,892,616caabaeb994bc8d194532251e00e93569f315e0c5d40c688df63fbcf9bc4c8
officehome_convnext_frozen__split02__seed0,officehome,results/confirmatory_400r/runs/officehome_convnext_frozen__split02__seed0_logits.npz,1589575,f9f744304ebe643f648e5e93f4c328c6086d9bc92067dc576747a62491b24493,results/confirmatory_400r/runs/officehome_convnext_frozen__split02__seed0.TERMINAL.json,892,f1a2afdb884655132a19f505226877f5be23c4436cb7967d46facacf1098aaf8
officehome_convnext_frozen__split02__seed1,officehome,results/confirmatory_400r/runs/officehome_convnext_frozen__split02__seed1_logits.npz,1588809,9f27e9aeb3601f61c9fe21dc3fd7b8889caa3eeee672639b4bd29de207cf6aff,results/confirmatory_400r/runs/officehome_convnext_frozen__split02__seed1.TERMINAL.json,892,d503b6938331848cc7e57168d398a1316d19cef72531be30930e2dc650e8cc7c
officehome_convnext_frozen__split02__seed2,officehome,results/confirmatory_400r/runs/officehome_convnext_frozen__split02__seed2_logits.npz,1589269,5b0788e119fb1121e601b71e347e815d3f25d87f3632b86a110dd507acf02c1a,results/confirmatory_400r/runs/officehome_convnext_frozen__split02__seed2.TERMINAL.json,892,53aa76a1fabc74a31c2a3ff5b12e90176788625199d701950b9bf733b1bffb77
officehome_convnext_frozen__split02__seed3,officehome,results/confirmatory_400r/runs/officehome_convnext_frozen__split02__seed3_logits.npz,1589080,11d11f1eb406f96560a4a40ce6179d1ef6c43c8742012b1f36e2d92d5679e0da,results/confirmatory_400r/runs/officehome_convnext_frozen__split02__seed3.TERMINAL.json,892,bdad0401be2cfc370aca5bbe90d7ab4c38e4867bf4b549008dcf81f381df6048
officehome_convnext_frozen__split02__seed4,officehome,results/confirmatory_400r/runs/officehome_convnext_frozen__split02__seed4_logits.npz,1589354,88f457f0e8755b0c252abae12beaeaa8f957e9b86f6eb5ada5c35374246bc3e7,results/confirmatory_400r/runs/officehome_convnext_frozen__split02__seed4.TERMINAL.json,892,cdd6c6f93ff802aca5359098811f838191cd5330b4ad9f3d1a4ee5460828e44d
officehome_convnext_frozen__split03__seed0,officehome,results/confirmatory_400r/runs/officehome_convnext_frozen__split03__seed0_logits.npz,1602991,f7acbb055a90c4454afc5f0e79a76dcf3c28e74d7bbbd196e7cc60887a5035c8,results/confirmatory_400r/runs/officehome_convnext_frozen__split03__seed0.TERMINAL.json,892,3ce04c47295b30967320a87a98a76d76bbd12531785a559ed87e9169a14a10c1
officehome_convnext_frozen__split03__seed1,officehome,results/confirmatory_400r/runs/officehome_convnext_frozen__split03__seed1_logits.npz,1602701,452a5417d7986d87d91031159c5641303a48ef0d6c1f8fce5162b8f918a5b4bd,results/confirmatory_400r/runs/officehome_convnext_frozen__split03__seed1.TERMINAL.json,892,78422000cf96d8d7697880c1906b09c8d7f9edc3f20dd4f3b3190d265f760c98
officehome_convnext_frozen__split03__seed2,officehome,results/confirmatory_400r/runs/officehome_convnext_frozen__split03__seed2_logits.npz,1602768,0cc37981a6fec3bc298b2a8d29a73bf7c6cd324d8ce270de0c1a1b624ee4208e,results/confirmatory_400r/runs/officehome_convnext_frozen__split03__seed2.TERMINAL.json,892,df65cf90466553e68d631a772daad2f3e70ae3ea460e68ff86bca85c3920705d
officehome_convnext_frozen__split03__seed3,officehome,results/confirmatory_400r/runs/officehome_convnext_frozen__split03__seed3_logits.npz,1602687,1f516c5a8f17b897343ef1cff01b6ec7430cf446b32608aa524dcd8d39ddaf7f,results/confirmatory_400r/runs/officehome_convnext_frozen__split03__seed3.TERMINAL.json,892,bc33f82a0490aec7ff096b5693e72ec474fc837f61689183c9b48d5e6f0a95e7
officehome_convnext_frozen__split03__seed4,officehome,results/confirmatory_400r/runs/officehome_convnext_frozen__split03__seed4_logits.npz,1602568,bc094b21d7a18840f264c9cc1e53ead784da7f0c9c5599c3295d89dc2e375c49,results/confirmatory_400r/runs/officehome_convnext_frozen__split03__seed4.TERMINAL.json,892,0f6752e4a6c2a6984ee20107333e3d58be1eae106a69b2c7514a087eb4a68ce3
officehome_convnext_frozen__split04__seed0,officehome,results/confirmatory_400r/runs/officehome_convnext_frozen__split04__seed0_logits.npz,1582488,2d338c204802d483f14c4d058ddf34cf8d224e4d0c0c3a42d72481f955ab971a,results/confirmatory_400r/runs/officehome_convnext_frozen__split04__seed0.TERMINAL.json,892,b3c2ed65187253e27811158fc7aeb453868912ca098c9ecdcf978fee7f6f0fc3
officehome_convnext_frozen__split04__seed1,officehome,results/confirmatory_400r/runs/officehome_convnext_frozen__split04__seed1_logits.npz,1582067,6b1beec1c72da58b458d3d61d8485295f0048606fa225feeb055307bbe6530e3,results/confirmatory_400r/runs/officehome_convnext_frozen__split04__seed1.TERMINAL.json,892,694ccb9c89aae8d6420de7aa525d0e7d2ced9e8974787d4dbe19a209ad5c18f2
officehome_convnext_frozen__split04__seed2,officehome,results/confirmatory_400r/runs/officehome_convnext_frozen__split04__seed2_logits.npz,1582074,a11a1a8f0fb1ab830143a6f62cce462badfbea69d26d24dc810e49ba0ad95f2d,results/confirmatory_400r/runs/officehome_convnext_frozen__split04__seed2.TERMINAL.json,892,4bd3e367b2eea71228746827a56d4a2236eeed3102c0acf48c6f9ac6d074c20f
officehome_convnext_frozen__split04__seed3,officehome,results/confirmatory_400r/runs/officehome_convnext_frozen__split04__seed3_logits.npz,1582353,2111e468e885631827a092d30d8e8c06220c4dad2b43b0ce2623fc0baaefcc32,results/confirmatory_400r/runs/officehome_convnext_frozen__split04__seed3.TERMINAL.json,892,79971e9d7d27cfe907a6fa740e20becf8a2ea14485949b754501f0ceb9324739
officehome_convnext_frozen__split04__seed4,officehome,results/confirmatory_400r/runs/officehome_convnext_frozen__split04__seed4_logits.npz,1581588,843f5e81fd395b95ed0be20b53d4c0e6d30c6a2f23514637517bfd149bf6a05d,results/confirmatory_400r/runs/officehome_convnext_frozen__split04__seed4.TERMINAL.json,892,14502a7d7945536b6b76b69cd8d5c502603221cfaa46c5d9c127895c4c6af3a4
officehome_convnext_frozen__split05__seed0,officehome,results/confirmatory_400r/runs/officehome_convnext_frozen__split05__seed0_logits.npz,1588783,59eed8cb1d62e2cc35c93f7830640e26e7bff9bba09bd1ebd32dfdf0602c8963,results/confirmatory_400r/runs/officehome_convnext_frozen__split05__seed0.TERMINAL.json,892,bfc29400894f5d2dcb048966322297b1c064a7d32eca8c61f2613aeb6feb5c1e
officehome_convnext_frozen__split05__seed1,officehome,results/confirmatory_400r/runs/officehome_convnext_frozen__split05__seed1_logits.npz,1588851,c04323f9ced7167543bb049ea3af6e2c81e86983db799639828ec304938599ac,results/confirmatory_400r/runs/officehome_convnext_frozen__split05__seed1.TERMINAL.json,892,14824bda368b6aa6d7f46080f3780d21fdcfc24fae7453233e9f9e0f4d3d39b9
officehome_convnext_frozen__split05__seed2,officehome,results/confirmatory_400r/runs/officehome_convnext_frozen__split05__seed2_logits.npz,1588818,884682c48562f41dfd1dbf56b00ffee99f65f0ba5e16c9068f195320d546e0c7,results/confirmatory_400r/runs/officehome_convnext_frozen__split05__seed2.TERMINAL.json,892,8eaebe1b3320e8c0d4aed3f6533e645f4babd41e47f417dd58efa9a4fc1c9567
officehome_convnext_frozen__split05__seed3,officehome,results/confirmatory_400r/runs/officehome_convnext_frozen__split05__seed3_logits.npz,1588362,6cea6036966d6c41dc69c969814d0c1dd5d4368e2eec6c8e8ab9098f5b699e39,results/confirmatory_400r/runs/officehome_convnext_frozen__split05__seed3.TERMINAL.json,892,f2fdc80f51a7297842728231128ca1b0084d7b82d2c6c814e09841af921efde0
officehome_convnext_frozen__split05__seed4,officehome,results/confirmatory_400r/runs/officehome_convnext_frozen__split05__seed4_logits.npz,1588801,b069f471db4771f2032305377fba5279f401e37b2d5d236fb769e25571fd2e18,results/confirmatory_400r/runs/officehome_convnext_frozen__split05__seed4.TERMINAL.json,892,23a49dada6db543b982687f1bfcee24addd0a1b6dddc2d4f159e0ce3041c2a67
officehome_convnext_frozen__split06__seed0,officehome,results/confirmatory_400r/runs/officehome_convnext_frozen__split06__seed0_logits.npz,1604373,c0e51ae50b94f6e9bd358aef58a846d71f7d313f810fc7463bd719e4373a4981,results/confirmatory_400r/runs/officehome_convnext_frozen__split06__seed0.TERMINAL.json,892,d987750a52e64bea22eadbca482a01f9aa3c7fb4043ec612cb2a09972f3aeb8a
officehome_convnext_frozen__split06__seed1,officehome,results/confirmatory_400r/runs/officehome_convnext_frozen__split06__seed1_logits.npz,1604321,23bbe4abe449ff57e80ff7585ce8a78ce03864cdc0a345eb75b6abc2b8126be4,results/confirmatory_400r/runs/officehome_convnext_frozen__split06__seed1.TERMINAL.json,892,5bb19e75b7562c1a0110263379f7813ddf7db9fb6b66b29dc8250d54cc0615b2
officehome_convnext_frozen__split06__seed2,officehome,results/confirmatory_400r/runs/officehome_convnext_frozen__split06__seed2_logits.npz,1604854,1095e41f69499cd66d50704981592df94eed4315532a3dc66ae31a4326e8e9e1,results/confirmatory_400r/runs/officehome_convnext_frozen__split06__seed2.TERMINAL.json,892,cdb5e48c94dee0aac6d66313ef1ff13d07823bfda6a3e9e6935420eb74c878d1
officehome_convnext_frozen__split06__seed3,officehome,results/confirmatory_400r/runs/officehome_convnext_frozen__split06__seed3_logits.npz,1604085,79316112a4ce619d11b1eea559a1f56e17d4d9ad1b5a1b75a9dee2ad28e810bd,results/confirmatory_400r/runs/officehome_convnext_frozen__split06__seed3.TERMINAL.json,892,a9c3640fcdd78704506be6e2f9f8cc29fae455f3cfd9f271993b909b1d7f4c3e
officehome_convnext_frozen__split06__seed4,officehome,results/confirmatory_400r/runs/officehome_convnext_frozen__split06__seed4_logits.npz,1604275,7f56df78269f3b8e088c7388269f57eeb232e887de66a0856d53e4dfbf9e9bdf,results/confirmatory_400r/runs/officehome_convnext_frozen__split06__seed4.TERMINAL.json,892,cc3b4ac59b369ef655c6f400ebc4ffb53f660e6b335a43a366d13353b9995cb2
officehome_convnext_frozen__split07__seed0,officehome,results/confirmatory_400r/runs/officehome_convnext_frozen__split07__seed0_logits.npz,1594718,3c01670f43ae7c52e1848328d2b5f7f507ea1af9064dff799b473b783704c2e4,results/confirmatory_400r/runs/officehome_convnext_frozen__split07__seed0.TERMINAL.json,892,499fe7b49bf08b870686dc6f7ce9851720b96f287016aedec5ff3ac4ac873224
officehome_convnext_frozen__split07__seed1,officehome,results/confirmatory_400r/runs/officehome_convnext_frozen__split07__seed1_logits.npz,1594513,e1878cd1ae5ae9e68b62278a44c1f8a5ca9e2ccf1099efd1a432db79fb606594,results/confirmatory_400r/runs/officehome_convnext_frozen__split07__seed1.TERMINAL.json,892,e86d4a4d97523cc8be06aab35338deb7ec5c0302311e18db8053dab625f5b8f1
officehome_convnext_frozen__split07__seed2,officehome,results/confirmatory_400r/runs/officehome_convnext_frozen__split07__seed2_logits.npz,1595157,db88b421e6007844c58c0c9cb7778eebb1021c2594eec8014072681afbf8db74,results/confirmatory_400r/runs/officehome_convnext_frozen__split07__seed2.TERMINAL.json,892,619f23560de61fac31df754d92f3a79f23ddbae9b8ab5e83454a1c0e529d6199
officehome_convnext_frozen__split07__seed3,officehome,results/confirmatory_400r/runs/officehome_convnext_frozen__split07__seed3_logits.npz,1594678,34ed3f2882e01cd5a4c8b1aa66d0c5efaa681892156a17d54e10fecee5ee3ca9,results/confirmatory_400r/runs/officehome_convnext_frozen__split07__seed3.TERMINAL.json,892,19bd0f888ee5d53e723f6ded1876eedada6192a73468bf7050f164eb445c6a18
officehome_convnext_frozen__split07__seed4,officehome,results/confirmatory_400r/runs/officehome_convnext_frozen__split07__seed4_logits.npz,1594723,a3fdb94810fd52e375bfe7b62fe3b1dfac3a2fc53355a4d524240a11e9f9dea0,results/confirmatory_400r/runs/officehome_convnext_frozen__split07__seed4.TERMINAL.json,892,83db5a9b5a2008c1f99128d4f51302a41893b98b6f8bfdd3a5cdffe7275a43b8
officehome_convnext_frozen__split08__seed0,officehome,results/confirmatory_400r/runs/officehome_convnext_frozen__split08__seed0_logits.npz,1597387,2bb3c614d1f1531df3ff79ec225867edfec86a225660fa4cb66a3a6e611c0fab,results/confirmatory_400r/runs/officehome_convnext_frozen__split08__seed0.TERMINAL.json,892,da8df5fee98d5d033bd99d0c67adbf99c364955c89eaec0134222bc6d751be4b
officehome_convnext_frozen__split08__seed1,officehome,results/confirmatory_400r/runs/officehome_convnext_frozen__split08__seed1_logits.npz,1597181,773c2f56a131eb4ce152658fa8b1c7d04a291baa927c608d9ac78434d82ec46d,results/confirmatory_400r/runs/officehome_convnext_frozen__split08__seed1.TERMINAL.json,892,81cbaacb73b927758c17e07cca929163a6774fae22fed66d162da6a39514d9ed
officehome_convnext_frozen__split08__seed2,officehome,results/confirmatory_400r/runs/officehome_convnext_frozen__split08__seed2_logits.npz,1597030,9aced163130afeb25159d30f980008bb7ebc28fec08e0fab7c13e5a634f1026c,results/confirmatory_400r/runs/officehome_convnext_frozen__split08__seed2.TERMINAL.json,892,bda0d0b389d04aba9a6893fbdb9f6a5eed0a2541a442af70946940ff0476901c
officehome_convnext_frozen__split08__seed3,officehome,results/confirmatory_400r/runs/officehome_convnext_frozen__split08__seed3_logits.npz,1596159,becff89590e724e77d6ab0cfa7f15bea2a0fd46ef9ccc10edccd050ce0f34542,results/confirmatory_400r/runs/officehome_convnext_frozen__split08__seed3.TERMINAL.json,892,78271973f21ec0a04cdbfd9c18683cb5605920b7a552f57c81af5b6f83be5f81
officehome_convnext_frozen__split08__seed4,officehome,results/confirmatory_400r/runs/officehome_convnext_frozen__split08__seed4_logits.npz,1596774,660ef5c465f7e13288401448821afd74b8dabd7986c365cdcf593e09d567d6b9,results/confirmatory_400r/runs/officehome_convnext_frozen__split08__seed4.TERMINAL.json,892,34617d052018ab55d77a2cde069b20fcf291288daad5f16ffd11217227218e9a
officehome_convnext_frozen__split09__seed0,officehome,results/confirmatory_400r/runs/officehome_convnext_frozen__split09__seed0_logits.npz,1592529,2ab2c72f12990951ceb10733e23c6333ba764440fe37ba9578f2810c259375c7,results/confirmatory_400r/runs/officehome_convnext_frozen__split09__seed0.TERMINAL.json,892,42dfbc400509304dd68eb01161be2d3c6325969336a26b7ad17d9af71f819289
officehome_convnext_frozen__split09__seed1,officehome,results/confirmatory_400r/runs/officehome_convnext_frozen__split09__seed1_logits.npz,1593031,bc1e8197832585e0d954992078ccea8090bc8ce28bc2d249e3ce590a3f29b037,results/confirmatory_400r/runs/officehome_convnext_frozen__split09__seed1.TERMINAL.json,892,55ac78b53fbf74fbbff00ceb96f936c64d8b0275ecccbb6d0d283ad11089caef
officehome_convnext_frozen__split09__seed2,officehome,results/confirmatory_400r/runs/officehome_convnext_frozen__split09__seed2_logits.npz,1593191,045c1e21b90f202bee033a2f494a0f8b2457e914462b5fe2908492b112d89c71,results/confirmatory_400r/runs/officehome_convnext_frozen__split09__seed2.TERMINAL.json,892,7449caf0530f0f0ba74d873ba1b731ee2c5413eb29de8264d5612a06c8ef3764
officehome_convnext_frozen__split09__seed3,officehome,results/confirmatory_400r/runs/officehome_convnext_frozen__split09__seed3_logits.npz,1592351,c61fbb185c7b4fa86eeea40a86d9e0d029239b6f3bb262897ad8f1a4ca7b544d,results/confirmatory_400r/runs/officehome_convnext_frozen__split09__seed3.TERMINAL.json,892,e2d46744d92b2ed1eff139eddacafeda6f6eadb00f1a8ba654296132d3854d9b
officehome_convnext_frozen__split09__seed4,officehome,results/confirmatory_400r/runs/officehome_convnext_frozen__split09__seed4_logits.npz,1592246,f3c989cc68ab40d995bbae09da7ea15c74f690ff89174d790f3e93f7a06b64ea,results/confirmatory_400r/runs/officehome_convnext_frozen__split09__seed4.TERMINAL.json,892,78548f1651bb4599c5ad1f6beed39720a6dc7e66e262de8004a09e202e299d13
officehome_convnext_full__split00__seed0,officehome,results/confirmatory_400r/runs/officehome_convnext_full__split00__seed0_logits.npz,1590334,1b50823c9e86f3ad2aebd8b8bb0f4537717768f2b13c21d2d63b650653c57f25,results/confirmatory_400r/runs/officehome_convnext_full__split00__seed0.TERMINAL.json,878,42e9e545c089e9c267de731c725e918833d40b4f10c89c308a8f2c22ea72b01b
officehome_convnext_full__split00__seed1,officehome,results/confirmatory_400r/runs/officehome_convnext_full__split00__seed1_logits.npz,1590208,7648b07856995a169cecef474ecf3f9dbab74a979284cedcedb3d53c13b1f80b,results/confirmatory_400r/runs/officehome_convnext_full__split00__seed1.TERMINAL.json,878,3a60b08d112c18f7e28992302fecceff68d784bbf84e77993d3f8a841bb9a710
officehome_convnext_full__split00__seed2,officehome,results/confirmatory_400r/runs/officehome_convnext_full__split00__seed2_logits.npz,1590488,d6afb78c067140b26126275685d2dfc06868d9e05377bd8d79e6b43e846d9006,results/confirmatory_400r/runs/officehome_convnext_full__split00__seed2.TERMINAL.json,878,ff02689c214c711f1fa55bdca9e5fc9b7e734c5149f85b0a8f83a2c725a92223
officehome_convnext_full__split00__seed3,officehome,results/confirmatory_400r/runs/officehome_convnext_full__split00__seed3_logits.npz,1590590,837fe2bfcfaa6f706c071d0a3a7c5e89192514bbabe848b33ae5188751a326f1,results/confirmatory_400r/runs/officehome_convnext_full__split00__seed3.TERMINAL.json,878,921301e08fcd582516ae9584c9277853b117823b8e1049537edc042a973d3fad
officehome_convnext_full__split00__seed4,officehome,results/confirmatory_400r/runs/officehome_convnext_full__split00__seed4_logits.npz,1590800,455060bc59d4a6f224ac0d0d53b87a96e54b1aa195148504db6e0d0d40a24dc7,results/confirmatory_400r/runs/officehome_convnext_full__split00__seed4.TERMINAL.json,878,faf8282338d2ba5f6abe9c00a365de082c6b46ee8d4b281e9fc0d3001b7e18e7
officehome_convnext_full__split01__seed0,officehome,results/confirmatory_400r/runs/officehome_convnext_full__split01__seed0_logits.npz,1632364,961ecfd40291579afa3a64b5de3812775b727fb041393f1b21712fbc21e2fee7,results/confirmatory_400r/runs/officehome_convnext_full__split01__seed0.TERMINAL.json,878,0d5fb4bb952b91b6d31256f28241ea465e4e41bb7cd324707cc1f458c2e061b0
officehome_convnext_full__split01__seed1,officehome,results/confirmatory_400r/runs/officehome_convnext_full__split01__seed1_logits.npz,1632301,cd9bbf8eaf1a86c31eef03fa525a4bd06f938cbf1dcb68bbbb334d06f3c62ffe,results/confirmatory_400r/runs/officehome_convnext_full__split01__seed1.TERMINAL.json,878,5948612f9bb26902f3ac466ec8d5f6cc4a2cc7145f9e0a2a0411b1f215cfa154
officehome_convnext_full__split01__seed2,officehome,results/confirmatory_400r/runs/officehome_convnext_full__split01__seed2_logits.npz,1632559,bf7d33d6f02710e882c2963a5430457bee0157821d70178874d5a47b39c5ef37,results/confirmatory_400r/runs/officehome_convnext_full__split01__seed2.TERMINAL.json,878,3bb4bfe2a341f3eb223d8b7e3c296f5dc206f4a2a48b8993c39150718317b25d
officehome_convnext_full__split01__seed3,officehome,results/confirmatory_400r/runs/officehome_convnext_full__split01__seed3_logits.npz,1632184,32871fe7aad756526c7c4977c136a5e3f3ca62069a429fd24535b12eabf60665,results/confirmatory_400r/runs/officehome_convnext_full__split01__seed3.TERMINAL.json,878,18157221e230e2d5eb41d94c6c2752181cf40a299b79215b3af88438ee24d107
officehome_convnext_full__split01__seed4,officehome,results/confirmatory_400r/runs/officehome_convnext_full__split01__seed4_logits.npz,1631909,eec95f10f8897d02090015db5096e1b440cdb7463d946512acf68a3ad0cc1415,results/confirmatory_400r/runs/officehome_convnext_full__split01__seed4.TERMINAL.json,878,f9361de096f9dd9350f0592dd45f80869b3c6480700de945e62f90a4ad1de679
officehome_convnext_full__split02__seed0,officehome,results/confirmatory_400r/runs/officehome_convnext_full__split02__seed0_logits.npz,1616368,9614de0a83fb808a81927fd43552e51b1199678b2cd33acab8352936b87c2a7a,results/confirmatory_400r/runs/officehome_convnext_full__split02__seed0.TERMINAL.json,878,3283634799574939ccf6c931d84e91023dbe91a8284303f059cb50eb1f9a569a
officehome_convnext_full__split02__seed1,officehome,results/confirmatory_400r/runs/officehome_convnext_full__split02__seed1_logits.npz,1615461,47ebb29a3107f8d367ed839d1765fcbcf740cbb0ac30baee350a2ee0bc368fab,results/confirmatory_400r/runs/officehome_convnext_full__split02__seed1.TERMINAL.json,878,cb0c338023106db81af5fe95cee22d23c55d2000639b586308bc1258e1f10a3e
officehome_convnext_full__split02__seed2,officehome,results/confirmatory_400r/runs/officehome_convnext_full__split02__seed2_logits.npz,1616147,4a23baf54c1ac0d2115be1231906806043799d9090631a04b5df3663b66f567b,results/confirmatory_400r/runs/officehome_convnext_full__split02__seed2.TERMINAL.json,878,172152a13220ee8874e5c1c24eb98dcf82e8b041c0ce454b904b9a57c793047e
officehome_convnext_full__split02__seed3,officehome,results/confirmatory_400r/runs/officehome_convnext_full__split02__seed3_logits.npz,1617075,845875a8ebd7968ea4abbdcea3937040275711ec9a4d6fb00f35f8de19d9c03f,results/confirmatory_400r/runs/officehome_convnext_full__split02__seed3.TERMINAL.json,878,9149d4749132251cd572d50358e279d607b35d7a05171f218d4f68d43fd4e909
officehome_convnext_full__split02__seed4,officehome,results/confirmatory_400r/runs/officehome_convnext_full__split02__seed4_logits.npz,1615782,8f6e79f1e204ebcabaaef50ef1cbcf4756ac38cf4b37a616fe05a119bd1514d6,results/confirmatory_400r/runs/officehome_convnext_full__split02__seed4.TERMINAL.json,878,228344eea6afe4db30f6693b1da32e4ca58205514788ed09c5cce7bffdd0962d
officehome_convnext_full__split03__seed0,officehome,results/confirmatory_400r/runs/officehome_convnext_full__split03__seed0_logits.npz,1628808,8cd4806f889b059a484af614dd9a225017be0af51f8adeecb43a32a91e2409cc,results/confirmatory_400r/runs/officehome_convnext_full__split03__seed0.TERMINAL.json,878,ce3786ba65220c684c8a13105eea5bb2418c100f8df68ef128a7cdcdf6544b76
officehome_convnext_full__split03__seed1,officehome,results/confirmatory_400r/runs/officehome_convnext_full__split03__seed1_logits.npz,1630222,fc703a3ed462c003857eb6429bf4346a3892bfa19522a697fad2602d5a27cf4a,results/confirmatory_400r/runs/officehome_convnext_full__split03__seed1.TERMINAL.json,878,82a793bdeddce620d90e67ef55eac2f00eb9a1683ab00854fd667539cb4e2801
officehome_convnext_full__split03__seed2,officehome,results/confirmatory_400r/runs/officehome_convnext_full__split03__seed2_logits.npz,1630628,5c87d5f81effa5b1633e745b042ccea28c146ce5beadb837471f887b7026967d,results/confirmatory_400r/runs/officehome_convnext_full__split03__seed2.TERMINAL.json,878,0f80ffc2c6a2ad704448dfbe15c8cb6ecc79dbb88ceb8e8abfcf340d6899e988
officehome_convnext_full__split03__seed3,officehome,results/confirmatory_400r/runs/officehome_convnext_full__split03__seed3_logits.npz,1628903,c6a1d0c7112c9afa92cd3877906e35ab1ba81949627711ed8c6eabd614e103d0,results/confirmatory_400r/runs/officehome_convnext_full__split03__seed3.TERMINAL.json,878,41e3c12e2734daf0aed774393c3da0977d130902cb3acecb997f0050f1282d21
officehome_convnext_full__split03__seed4,officehome,results/confirmatory_400r/runs/officehome_convnext_full__split03__seed4_logits.npz,1630096,9de16a844eb99a7aee95ca5dd1cf0d699ca5184a66cda442d1a30ed6588be978,results/confirmatory_400r/runs/officehome_convnext_full__split03__seed4.TERMINAL.json,878,9cb969f961a1c19466f0b84eb76b33e71dcb33b501e4d6e872e966291b756df0
officehome_convnext_full__split04__seed0,officehome,results/confirmatory_400r/runs/officehome_convnext_full__split04__seed0_logits.npz,1606456,0a5381b3268f58fd6c29febe84bc284831921f01fa095c6735a11837544b7357,results/confirmatory_400r/runs/officehome_convnext_full__split04__seed0.TERMINAL.json,878,7ff786f446d45a5bd067faa5bc0b2bfdaf0d90f980fed0a44dfb72aa884de1e4
officehome_convnext_full__split04__seed1,officehome,results/confirmatory_400r/runs/officehome_convnext_full__split04__seed1_logits.npz,1606063,059cc39018f367cfa6769148f535a6d0e74414526d833b15bcb0fff7cce3a2b3,results/confirmatory_400r/runs/officehome_convnext_full__split04__seed1.TERMINAL.json,878,89e4b68417220126f9f2457b39d2dfb4bce14297fadca38a2086028dbf55141a
officehome_convnext_full__split04__seed2,officehome,results/confirmatory_400r/runs/officehome_convnext_full__split04__seed2_logits.npz,1606007,6b5a99a939665441a51154aa79091a81a00699f994ff67b7d54c0696d9b9597f,results/confirmatory_400r/runs/officehome_convnext_full__split04__seed2.TERMINAL.json,878,deca07b8dcf0f967c739a18abd9048f4b345355d7a6b039d3ecc9a058a9e5292
officehome_convnext_full__split04__seed3,officehome,results/confirmatory_400r/runs/officehome_convnext_full__split04__seed3_logits.npz,1606632,f1e443f523c2d045516634810edd17fc712e1e05b43b7bf0062e0f1b09572ccd,results/confirmatory_400r/runs/officehome_convnext_full__split04__seed3.TERMINAL.json,878,90413db5e35f9a266e3d9a77fad74a45f40dad94fc8fdd3ad117021035c16dfe
officehome_convnext_full__split04__seed4,officehome,results/confirmatory_400r/runs/officehome_convnext_full__split04__seed4_logits.npz,1606156,49fd26a8464d5f1f866f657c2c0283bef112a4c8652eeeb403107a1be5deea46,results/confirmatory_400r/runs/officehome_convnext_full__split04__seed4.TERMINAL.json,878,fd1f1365be9fcdd4381ea5b8dfe316dcf34aab6f06ea75adc4eb0deb58cd4fe9
officehome_convnext_full__split05__seed0,officehome,results/confirmatory_400r/runs/officehome_convnext_full__split05__seed0_logits.npz,1611437,7102f54f5fc9293b175c1f68e146738fef8c0aa6144ac42134dbe4d37d565a33,results/confirmatory_400r/runs/officehome_convnext_full__split05__seed0.TERMINAL.json,878,c7d0f75782c58be80f4da1d16784e9d0a2d7c1035e0b05b1944f7cf01ce91ede
officehome_convnext_full__split05__seed1,officehome,results/confirmatory_400r/runs/officehome_convnext_full__split05__seed1_logits.npz,1612101,493abef2b8d6413d5efe3a3bb295de34c931761b7b812d60767d3b7bafdb4189,results/confirmatory_400r/runs/officehome_convnext_full__split05__seed1.TERMINAL.json,878,93c0df554c7f66456358c5cd988826a02b5864e04cc6458ca2f2a607a03366a7
officehome_convnext_full__split05__seed2,officehome,results/confirmatory_400r/runs/officehome_convnext_full__split05__seed2_logits.npz,1611698,b58d94ce79f8d699324cf42d1782061eca833dc04933e1408f7960422adc7a5c,results/confirmatory_400r/runs/officehome_convnext_full__split05__seed2.TERMINAL.json,878,475f7fb5f7b36c811f7190a2a6c49c9fb0d6e189c33c598d26bb33c8e743eb11
officehome_convnext_full__split05__seed3,officehome,results/confirmatory_400r/runs/officehome_convnext_full__split05__seed3_logits.npz,1611455,a1dd99f71c5ca30673295de1b420df80b0ad3bdf9aa0c38b2ac74e159c96e6ed,results/confirmatory_400r/runs/officehome_convnext_full__split05__seed3.TERMINAL.json,878,094e4876894863f64f30d84e2ffc108bbff269e6bf396457a6038ff20a4b6e41
officehome_convnext_full__split05__seed4,officehome,results/confirmatory_400r/runs/officehome_convnext_full__split05__seed4_logits.npz,1611893,4a049325b39775a908d092d86ac2f6a87e041d1d4b8fe62aff7538cd58380897,results/confirmatory_400r/runs/officehome_convnext_full__split05__seed4.TERMINAL.json,878,0794221721f7e5842ca8a651c210e7f8a668586b740e4b435af9e2c9deb8ee5a
officehome_convnext_full__split06__seed0,officehome,results/confirmatory_400r/runs/officehome_convnext_full__split06__seed0_logits.npz,1629689,e80f9ee2302ec0fff292a597b207c0ba7575446e5d72ca3aa819091ad0fad679,results/confirmatory_400r/runs/officehome_convnext_full__split06__seed0.TERMINAL.json,878,c7b991c10a151cf019e99217021026b2a5b22c46ff50b24fbcfc8ea1532c056c
officehome_convnext_full__split06__seed1,officehome,results/confirmatory_400r/runs/officehome_convnext_full__split06__seed1_logits.npz,1629373,a5de2760c370564ee77d7c1e2d1583bd4beb142f09bbc808f58c2ab88508358a,results/confirmatory_400r/runs/officehome_convnext_full__split06__seed1.TERMINAL.json,878,fe691e734dec91c4cc9843aa66fa0a835e767534b151662814aaab9253964f65
officehome_convnext_full__split06__seed2,officehome,results/confirmatory_400r/runs/officehome_convnext_full__split06__seed2_logits.npz,1629187,b4e69171d4da224806c4e7f0f2a602e94fc18b06494d92c4bde4e7a5a08d4ee5,results/confirmatory_400r/runs/officehome_convnext_full__split06__seed2.TERMINAL.json,878,cd89188754968b2791540cd4e07f0ee7cd198c157dd01863532cc45e84a84d47
officehome_convnext_full__split06__seed3,officehome,results/confirmatory_400r/runs/officehome_convnext_full__split06__seed3_logits.npz,1629638,01c592b8b74d9a51449f50760c16abbdc8d15e3ada9e4cf82bc3a54b21b5b844,results/confirmatory_400r/runs/officehome_convnext_full__split06__seed3.TERMINAL.json,878,d32b41decb15a2b7f8bf4763b9c39b99268846f1fc417e80364b424a0463bd25
officehome_convnext_full__split06__seed4,officehome,results/confirmatory_400r/runs/officehome_convnext_full__split06__seed4_logits.npz,1628816,43dfdf9fa83158a7daf678d9d6253ae37f61b98d4864df30558c8fe8723b1d5c,results/confirmatory_400r/runs/officehome_convnext_full__split06__seed4.TERMINAL.json,878,a1b2946236827ffbabd8aa96219927cff03280dbdc02e492435afb9248882f06
officehome_convnext_full__split07__seed0,officehome,results/confirmatory_400r/runs/officehome_convnext_full__split07__seed0_logits.npz,1618739,107884d3df2715aa1fe74c851e7a479e13858f2f8d135cc36a5175ce9afd86a6,results/confirmatory_400r/runs/officehome_convnext_full__split07__seed0.TERMINAL.json,878,35e9a1b64816f91446ca685b0c2fddc46cc7b2f051869f8f7328f0e4b94888cc
officehome_convnext_full__split07__seed1,officehome,results/confirmatory_400r/runs/officehome_convnext_full__split07__seed1_logits.npz,1619280,7b71528066db9a41a5f5e2c873447d6f2fda68f4b2de78d8410e1768d8e66d82,results/confirmatory_400r/runs/officehome_convnext_full__split07__seed1.TERMINAL.json,878,cf46706c6d9aeccc8d553e0155fa106c5cd9cde7ba9a87bcaf682e89ec081a3c
officehome_convnext_full__split07__seed2,officehome,results/confirmatory_400r/runs/officehome_convnext_full__split07__seed2_logits.npz,1618613,67030795e156d21f459dc346c882fb8f948f0ddd458d43f476204db3306f7bbe,results/confirmatory_400r/runs/officehome_convnext_full__split07__seed2.TERMINAL.json,878,d9e6dcde4e309e5e5769d001bd360680390fb05661714a06f2a1810800700719
officehome_convnext_full__split07__seed3,officehome,results/confirmatory_400r/runs/officehome_convnext_full__split07__seed3_logits.npz,1619248,188753aefb3eea3fe2811af6650e265ca69b22da9787fbd8ab4ac416cd2a3ba2,results/confirmatory_400r/runs/officehome_convnext_full__split07__seed3.TERMINAL.json,878,34516576e8de049fe4e017dd7be9903292d5c14fe43fd42dd0e54b17376239e5
officehome_convnext_full__split07__seed4,officehome,results/confirmatory_400r/runs/officehome_convnext_full__split07__seed4_logits.npz,1619602,721cdd0ced0b2e70ee02c6910e29c14ebca5f0f5aadc66a51ff2daed1fe2102b,results/confirmatory_400r/runs/officehome_convnext_full__split07__seed4.TERMINAL.json,878,8b928c6cb472b8ac44f00e48e4f94f97496e1985a42303c6b64456fbb9381584
officehome_convnext_full__split08__seed0,officehome,results/confirmatory_400r/runs/officehome_convnext_full__split08__seed0_logits.npz,1622753,e0e211012adf8b6209f082e1fb613cfa2745476160de48c8f3bbd7b0eff3579f,results/confirmatory_400r/runs/officehome_convnext_full__split08__seed0.TERMINAL.json,878,536864899ea5d1546ad7f25f17f0f05b5ec9e04d77042726eff1110d37f98ee6
officehome_convnext_full__split08__seed1,officehome,results/confirmatory_400r/runs/officehome_convnext_full__split08__seed1_logits.npz,1622923,1d7c29757718264a8e5ddc23eae1abf95368b9787d317c88f7cdbfac7ec12270,results/confirmatory_400r/runs/officehome_convnext_full__split08__seed1.TERMINAL.json,878,7370f0f2227fa3b0608ab20c2fb6a9678c85631a077177e977868a7ac981a7d0
officehome_convnext_full__split08__seed2,officehome,results/confirmatory_400r/runs/officehome_convnext_full__split08__seed2_logits.npz,1622919,d4c58a75bf006857a05ab9b57b038ce63022d7d20e66b179d727b47729109316,results/confirmatory_400r/runs/officehome_convnext_full__split08__seed2.TERMINAL.json,878,dee5be4dfbb20e83de8c0bf711059cbe87c8a768d5fc9873a7151bfff5371f66
officehome_convnext_full__split08__seed3,officehome,results/confirmatory_400r/runs/officehome_convnext_full__split08__seed3_logits.npz,1623004,bffe7532f049d78067dfd376f59a716b73bf4e9b43eb359c03896b7d29fd8539,results/confirmatory_400r/runs/officehome_convnext_full__split08__seed3.TERMINAL.json,878,7527a64525f7faace9e1afe4e22ef14bf0c609c78d26372ac5b6cdc1d5e14d50
officehome_convnext_full__split08__seed4,officehome,results/confirmatory_400r/runs/officehome_convnext_full__split08__seed4_logits.npz,1622603,eb494e7c8f3358093bfd4747848d1da57d6d2727662eb7e52a3301231ad3e841,results/confirmatory_400r/runs/officehome_convnext_full__split08__seed4.TERMINAL.json,878,c52f05482b89f481a1d0101cd2a5983f11c0cffdd9546ead34d7c2d57000fec5
officehome_convnext_full__split09__seed0,officehome,results/confirmatory_400r/runs/officehome_convnext_full__split09__seed0_logits.npz,1616583,45ef0887606c416e7abf0c1bb6142ff03d3982b221f3a369e0454e78a675f2b1,results/confirmatory_400r/runs/officehome_convnext_full__split09__seed0.TERMINAL.json,878,f497cb8e36862bfcf1a28c53b8f72f4a57ce892b6839c0a2f0728b7f89427ca0
officehome_convnext_full__split09__seed1,officehome,results/confirmatory_400r/runs/officehome_convnext_full__split09__seed1_logits.npz,1616184,8ab1a4980280848b6635a5960f2896affb0456ad5e648471a749384c618e82bb,results/confirmatory_400r/runs/officehome_convnext_full__split09__seed1.TERMINAL.json,878,d66069eefcb432a55af639cde7ff553e75e6fb8dc683899bb91ef3eea8b643f0
officehome_convnext_full__split09__seed2,officehome,results/confirmatory_400r/runs/officehome_convnext_full__split09__seed2_logits.npz,1616651,b6b85f6046f09ed52d63c461c4e4b5edf5aaf8eb9b11830ac51fb926d2f922b7,results/confirmatory_400r/runs/officehome_convnext_full__split09__seed2.TERMINAL.json,878,9708608810eea4a6290a357cdfe21b6c065604177d8f80d893795a988ac8ead7
officehome_convnext_full__split09__seed3,officehome,results/confirmatory_400r/runs/officehome_convnext_full__split09__seed3_logits.npz,1616361,21d7696bcef1eb823e62f73b781b384a9b5ef32cca87381462a859cb412d8f63,results/confirmatory_400r/runs/officehome_convnext_full__split09__seed3.TERMINAL.json,878,bb0000d26be8671e4c14aeda8978e27e06436c8f3ef239bd1fe334969c703c8d
officehome_convnext_full__split09__seed4,officehome,results/confirmatory_400r/runs/officehome_convnext_full__split09__seed4_logits.npz,1616560,3fdb71c97ed424a9540f7bf9624a67d106438df0cc1e672b0d782e77a151273a,results/confirmatory_400r/runs/officehome_convnext_full__split09__seed4.TERMINAL.json,878,aadb75cdf46835f5270783ef98b0cb94fec8fbcddc1828034ac0b9dabadfa8f6
resnext29_8x64d__pathmnist_split_00__seed0__d0.5,pathmnist_resnext,runs/medmnist_sweep/cells/resnext29_8x64d__pathmnist_split_00__seed0__d0.5_common.npz,272767,7fa0517ecaec515157bf06650298fd4d7e4ebfb7282e821207e6cf4841a79f72,runs/medmnist_sweep/cells/resnext29_8x64d__pathmnist_split_00__seed0__d0.5.TERMINAL.json,929,7b02b795065874577225d77f738be3fa1d3092c9aa88dbc439e1d1f614b97276
resnext29_8x64d__pathmnist_split_00__seed0__d5.0,pathmnist_resnext,runs/medmnist_sweep/cells/resnext29_8x64d__pathmnist_split_00__seed0__d5.0_common.npz,264161,65a24702f4db278527eae660c1be30c134c1c898f088d652a5f1951bf4832439,runs/medmnist_sweep/cells/resnext29_8x64d__pathmnist_split_00__seed0__d5.0.TERMINAL.json,929,b54fdf6d1dfe53f1ddfc92cb07bbfa609a341e84b1c6a2c59664fb024d751fc5
resnext29_8x64d__pathmnist_split_00__seed1__d0.5,pathmnist_resnext,runs/medmnist_sweep/cells/resnext29_8x64d__pathmnist_split_00__seed1__d0.5_common.npz,271406,9fb242c62dc0354e23c13790149ad0b77da86ebf5a637eb2bc47c6a08592b8c6,runs/medmnist_sweep/cells/resnext29_8x64d__pathmnist_split_00__seed1__d0.5.TERMINAL.json,928,4439d8c0d447942c7610f9609faf23bd4d5e3d7e1935a2fb4752f4862847aace
resnext29_8x64d__pathmnist_split_00__seed1__d5.0,pathmnist_resnext,runs/medmnist_sweep/cells/resnext29_8x64d__pathmnist_split_00__seed1__d5.0_common.npz,265161,7df34c15640bbc68cbf60bb7db0a12cf4bd1fbf56894a8fa977f6bf2b965c56b,runs/medmnist_sweep/cells/resnext29_8x64d__pathmnist_split_00__seed1__d5.0.TERMINAL.json,929,581f682dea60ce450ff71bef6c6fd3a44c683b49a4f65925d9591bc9d0ba110b
resnext29_8x64d__pathmnist_split_00__seed2__d0.5,pathmnist_resnext,runs/medmnist_sweep/cells/resnext29_8x64d__pathmnist_split_00__seed2__d0.5_common.npz,271404,584e74d9439768da1e535d95c9bb053c42376b26ba8581d7e475562cd46a5e59,runs/medmnist_sweep/cells/resnext29_8x64d__pathmnist_split_00__seed2__d0.5.TERMINAL.json,928,325ac2dbe04cdb1decc64caca06ff2c8037bd0729358353771a74c78ec543968
resnext29_8x64d__pathmnist_split_00__seed2__d5.0,pathmnist_resnext,runs/medmnist_sweep/cells/resnext29_8x64d__pathmnist_split_00__seed2__d5.0_common.npz,262946,1a2d8568c852511afb69419410bb134f0bdb9812632b84dc0388aa9feec7feb8,runs/medmnist_sweep/cells/resnext29_8x64d__pathmnist_split_00__seed2__d5.0.TERMINAL.json,929,8ab495e0d59cdaec8862872fdfe471726207e108962d2ba61454e0b2ed9f6af7
resnext29_8x64d__pathmnist_split_00__seed3__d0.5,pathmnist_resnext,runs/medmnist_sweep/cells/resnext29_8x64d__pathmnist_split_00__seed3__d0.5_common.npz,273746,1bc4fea303d00e5dd4dc6cf638e960eafd12478baccd65c2d4cc2cb58033b856,runs/medmnist_sweep/cells/resnext29_8x64d__pathmnist_split_00__seed3__d0.5.TERMINAL.json,929,3914b58bc8a435c1a4eb80f1f994e4afc8a8b64c1517330fb8d811cf11479856
resnext29_8x64d__pathmnist_split_00__seed3__d5.0,pathmnist_resnext,runs/medmnist_sweep/cells/resnext29_8x64d__pathmnist_split_00__seed3__d5.0_common.npz,262706,eb955638c8c944e29a7729c73eebd65dd68371d24d09ddb98748c60a0275bc3a,runs/medmnist_sweep/cells/resnext29_8x64d__pathmnist_split_00__seed3__d5.0.TERMINAL.json,929,d0635143cabc479d4deb8127947da5698800c0164cc98809a8bee40eb6cde628
resnext29_8x64d__pathmnist_split_00__seed4__d0.5,pathmnist_resnext,runs/medmnist_sweep/cells/resnext29_8x64d__pathmnist_split_00__seed4__d0.5_common.npz,271420,0061ef5c6550d9e33a05d5a4283e41ed794b9a543ee7d354f4a48b83e7e69dca,runs/medmnist_sweep/cells/resnext29_8x64d__pathmnist_split_00__seed4__d0.5.TERMINAL.json,928,5a1a548b1c00c7c955feb833644ed828d970be2eb9c65caefeaeda685ac9ba86
resnext29_8x64d__pathmnist_split_00__seed4__d5.0,pathmnist_resnext,runs/medmnist_sweep/cells/resnext29_8x64d__pathmnist_split_00__seed4__d5.0_common.npz,265236,b3ad1a181fe0fedcce94180c3b9926dd09398e097c54a8d883a578fa7e17962f,runs/medmnist_sweep/cells/resnext29_8x64d__pathmnist_split_00__seed4__d5.0.TERMINAL.json,929,0a3c19207f55a912e1892459f9c8db481b864870f37da7916def14b333e04d0b
resnext29_8x64d__pathmnist_split_01__seed0__d0.5,pathmnist_resnext,runs/medmnist_sweep/cells/resnext29_8x64d__pathmnist_split_01__seed0__d0.5_common.npz,264478,61f8ade3d7a71be1afe69b4117c4a76922b23d4006c5a20a17d4eb03ca0ce5af,runs/medmnist_sweep/cells/resnext29_8x64d__pathmnist_split_01__seed0__d0.5.TERMINAL.json,929,739210da1128505c9393f9891f4215fc70e946803dc6d44b0488a05a7be4afc5
resnext29_8x64d__pathmnist_split_01__seed0__d5.0,pathmnist_resnext,runs/medmnist_sweep/cells/resnext29_8x64d__pathmnist_split_01__seed0__d5.0_common.npz,261851,45170658d8be1bc074b2ae7d3b509e4e09d36f810732b6cbc6a904a7da86df7d,runs/medmnist_sweep/cells/resnext29_8x64d__pathmnist_split_01__seed0__d5.0.TERMINAL.json,929,9f7ea530e303007a9eee6843c3a6cf4c0b879d6eba5e78f8a3069dfcfd8e05cf
resnext29_8x64d__pathmnist_split_01__seed1__d0.5,pathmnist_resnext,runs/medmnist_sweep/cells/resnext29_8x64d__pathmnist_split_01__seed1__d0.5_common.npz,264878,b2748855dd6e70ce5cf44c510198bf2e99bc77f4a3d54888b224acc14409ab8f,runs/medmnist_sweep/cells/resnext29_8x64d__pathmnist_split_01__seed1__d0.5.TERMINAL.json,929,b250ccc4f8aff41b4a6e709f5b3b8389890e60468e07e8b09e7053cc7bd7d4d6
resnext29_8x64d__pathmnist_split_01__seed1__d5.0,pathmnist_resnext,runs/medmnist_sweep/cells/resnext29_8x64d__pathmnist_split_01__seed1__d5.0_common.npz,261046,1dcd6545c0432bb68a28684070f0d6c408bfce04f2949b8217d88c203792c6ea,runs/medmnist_sweep/cells/resnext29_8x64d__pathmnist_split_01__seed1__d5.0.TERMINAL.json,929,c8c7c73d54e89644fac673fa07a4266ab20f14e7a6c63b8655e58015f911a39f
resnext29_8x64d__pathmnist_split_01__seed2__d0.5,pathmnist_resnext,runs/medmnist_sweep/cells/resnext29_8x64d__pathmnist_split_01__seed2__d0.5_common.npz,263140,586b54f34fcdf5e06db6c8454e918b12f0d2707ea3ef3100817f8a1df84b3db5,runs/medmnist_sweep/cells/resnext29_8x64d__pathmnist_split_01__seed2__d0.5.TERMINAL.json,928,dcabbc8f1fa9b2db9439dc9a40fcb3c01d706b777228c53898292ac43d17514e
resnext29_8x64d__pathmnist_split_01__seed2__d5.0,pathmnist_resnext,runs/medmnist_sweep/cells/resnext29_8x64d__pathmnist_split_01__seed2__d5.0_common.npz,258768,31f36374d30a6ee7729d58db1e1f79b4fdc62af83a64ee95242b338086c75c40,runs/medmnist_sweep/cells/resnext29_8x64d__pathmnist_split_01__seed2__d5.0.TERMINAL.json,929,596debec347858c8236564694877e40ba14196ba6b854cfca689474afbc1ddb9
resnext29_8x64d__pathmnist_split_01__seed3__d0.5,pathmnist_resnext,runs/medmnist_sweep/cells/resnext29_8x64d__pathmnist_split_01__seed3__d0.5_common.npz,263538,2cfc27f286450fc5bf192ec9524fe92723cf6d38a17c36a5a7654b3e590c6e19,runs/medmnist_sweep/cells/resnext29_8x64d__pathmnist_split_01__seed3__d0.5.TERMINAL.json,929,5e3f53908e9c36e428a8017a0f418a62dc7f73cca3c0df6084e609be18fcf10f
resnext29_8x64d__pathmnist_split_01__seed3__d5.0,pathmnist_resnext,runs/medmnist_sweep/cells/resnext29_8x64d__pathmnist_split_01__seed3__d5.0_common.npz,263340,5a8efcc5731d02101afaf45bb2c4627f122fd767619018a14579171efd2bd2fd,runs/medmnist_sweep/cells/resnext29_8x64d__pathmnist_split_01__seed3__d5.0.TERMINAL.json,929,031fc194eb65569a7384742bf415bc04d3cc0ba81eb0d5401cbda83a87799f6d
resnext29_8x64d__pathmnist_split_01__seed4__d0.5,pathmnist_resnext,runs/medmnist_sweep/cells/resnext29_8x64d__pathmnist_split_01__seed4__d0.5_common.npz,265362,c5c507789ba999a588c61e018ba5d56ea1f3d56cd0d2244eb3e117c8176d7d7b,runs/medmnist_sweep/cells/resnext29_8x64d__pathmnist_split_01__seed4__d0.5.TERMINAL.json,929,a47332df45b3697200173d635c8336e2dd6f7f9a67a984636d319da3628bba99
resnext29_8x64d__pathmnist_split_01__seed4__d5.0,pathmnist_resnext,runs/medmnist_sweep/cells/resnext29_8x64d__pathmnist_split_01__seed4__d5.0_common.npz,262848,5420845b2f214e1b0f1ade2c9e7b51d94c0c0682dc953720f921179676147fc7,runs/medmnist_sweep/cells/resnext29_8x64d__pathmnist_split_01__seed4__d5.0.TERMINAL.json,929,d2eb7812ca50bc9e26b0ffe98f1b2692c027171e856672b2a8c9cc177d49ef59
resnext29_8x64d__pathmnist_split_02__seed0__d0.5,pathmnist_resnext,runs/medmnist_sweep/cells/resnext29_8x64d__pathmnist_split_02__seed0__d0.5_common.npz,280757,68d71bf4807af0ba6b0151e9068010aa7ec3f5206a2e787bee1780bed492c376,runs/medmnist_sweep/cells/resnext29_8x64d__pathmnist_split_02__seed0__d0.5.TERMINAL.json,928,9f4bdee501fcde3f0576f37f87e7056c67e4876c8a23b72891a93847eb5ceaee
resnext29_8x64d__pathmnist_split_02__seed0__d5.0,pathmnist_resnext,runs/medmnist_sweep/cells/resnext29_8x64d__pathmnist_split_02__seed0__d5.0_common.npz,269251,087c888c5acc0df9523d21909f84b27872f76bb2e92b2a18a7020d1179183b7b,runs/medmnist_sweep/cells/resnext29_8x64d__pathmnist_split_02__seed0__d5.0.TERMINAL.json,929,e1a6d17e040748d7cf47a9e9491e50022e5477acac949f8e7d6eb7266b2ecb64
resnext29_8x64d__pathmnist_split_02__seed1__d0.5,pathmnist_resnext,runs/medmnist_sweep/cells/resnext29_8x64d__pathmnist_split_02__seed1__d0.5_common.npz,275598,5ad64b400f122a12ccf556fa5a72ca8c87699c891ad59a4023d5929e126d9cdf,runs/medmnist_sweep/cells/resnext29_8x64d__pathmnist_split_02__seed1__d0.5.TERMINAL.json,929,a4b3c0bbddc7330a003fa5e257d8387a696728a8262c1735f152628d425d6580
resnext29_8x64d__pathmnist_split_02__seed1__d5.0,pathmnist_resnext,runs/medmnist_sweep/cells/resnext29_8x64d__pathmnist_split_02__seed1__d5.0_common.npz,273044,6e2d00b3873296c2cf51663264389ef70dfbb69c351a6738556fe10a4e8eb882,runs/medmnist_sweep/cells/resnext29_8x64d__pathmnist_split_02__seed1__d5.0.TERMINAL.json,929,edf95c2e43b503427ff4ff7f810e3da3a4a232ce2b3881e19254da549c23f596
resnext29_8x64d__pathmnist_split_02__seed2__d0.5,pathmnist_resnext,runs/medmnist_sweep/cells/resnext29_8x64d__pathmnist_split_02__seed2__d0.5_common.npz,276834,4bb495b9c07640d9335a29441e6fe729c0c484633f3884d40e6b61d1ef6f555c,runs/medmnist_sweep/cells/resnext29_8x64d__pathmnist_split_02__seed2__d0.5.TERMINAL.json,929,d853a59c2060b1127d8b0119ba9d25581f9e852e014cfeff8a0ff8acd71ea195
resnext29_8x64d__pathmnist_split_02__seed2__d5.0,pathmnist_resnext,runs/medmnist_sweep/cells/resnext29_8x64d__pathmnist_split_02__seed2__d5.0_common.npz,269329,3ac0439022550b7591d36f8031a39134cf6e5a0a91feb882ecb559ba2a1a3dd6,runs/medmnist_sweep/cells/resnext29_8x64d__pathmnist_split_02__seed2__d5.0.TERMINAL.json,929,c321e3a72aa122b4e03462e6e29ac30fd0f10e9376d513576e4d3dc9cfbc584b
resnext29_8x64d__pathmnist_split_02__seed3__d0.5,pathmnist_resnext,runs/medmnist_sweep/cells/resnext29_8x64d__pathmnist_split_02__seed3__d0.5_common.npz,278910,5b5337068186c92d49215ae58aa78a17bd75a71b850a6f0b97c7636e98c7fdcc,runs/medmnist_sweep/cells/resnext29_8x64d__pathmnist_split_02__seed3__d0.5.TERMINAL.json,929,2a6df3459ccd496e33360d286654eef613054a60429e788a94cd6424fdded5c4
resnext29_8x64d__pathmnist_split_02__seed3__d5.0,pathmnist_resnext,runs/medmnist_sweep/cells/resnext29_8x64d__pathmnist_split_02__seed3__d5.0_common.npz,270706,3a016763ddaaafd298466c0affe851922a1569526461a05c104d431161683768,runs/medmnist_sweep/cells/resnext29_8x64d__pathmnist_split_02__seed3__d5.0.TERMINAL.json,928,68cb5270b423b1f69c4b81255686e60f2b354c50a9eb603f5193c7154fbfc16b
resnext29_8x64d__pathmnist_split_02__seed4__d0.5,pathmnist_resnext,runs/medmnist_sweep/cells/resnext29_8x64d__pathmnist_split_02__seed4__d0.5_common.npz,275625,59ba0b84f3848ed646543763df088be8d360240375b9249bacdfd452dcad67b6,runs/medmnist_sweep/cells/resnext29_8x64d__pathmnist_split_02__seed4__d0.5.TERMINAL.json,929,1879f9facbce7ae2170e212becf574cc994f18d4ebba053f88bdfbb67b113c80
resnext29_8x64d__pathmnist_split_02__seed4__d5.0,pathmnist_resnext,runs/medmnist_sweep/cells/resnext29_8x64d__pathmnist_split_02__seed4__d5.0_common.npz,269601,bfc2ddc81e7a508f127a611ff144865d27aad67f5a9bb62fa329b462633f7de6,runs/medmnist_sweep/cells/resnext29_8x64d__pathmnist_split_02__seed4__d5.0.TERMINAL.json,929,5ea69cb7297b82625ef93da8d6bbfc4edc1a2bb71f88842c0691c35fb4b1daea
resnext29_8x64d__pathmnist_split_03__seed0__d0.5,pathmnist_resnext,runs/medmnist_sweep/cells/resnext29_8x64d__pathmnist_split_03__seed0__d0.5_common.npz,277092,ff947361e5d743b7d28735155c170ac8546df96994233a1dd6e6e3f688beb167,runs/medmnist_sweep/cells/resnext29_8x64d__pathmnist_split_03__seed0__d0.5.TERMINAL.json,929,9423deb87739c4932cfba76b9d1a3ab095058f3485cb91368aba60ccd53908f5
resnext29_8x64d__pathmnist_split_03__seed0__d5.0,pathmnist_resnext,runs/medmnist_sweep/cells/resnext29_8x64d__pathmnist_split_03__seed0__d5.0_common.npz,270195,6de5afb01a7bea348d7b3019c6cf3cee9600fd1c8908206da57afc0216f86e79,runs/medmnist_sweep/cells/resnext29_8x64d__pathmnist_split_03__seed0__d5.0.TERMINAL.json,929,0a5a167a7f090750ec2da4900aa0c742a169d1f05c7746fb52dfd137adf48af9
resnext29_8x64d__pathmnist_split_03__seed1__d0.5,pathmnist_resnext,runs/medmnist_sweep/cells/resnext29_8x64d__pathmnist_split_03__seed1__d0.5_common.npz,272389,87999517f8dd93137283d831c9640b64fe7149e95cb360e83505cd608ae91119,runs/medmnist_sweep/cells/resnext29_8x64d__pathmnist_split_03__seed1__d0.5.TERMINAL.json,929,6e470741927b7a995b1d439cb8535141c6dc2a2a65933491255c13da157f3234
resnext29_8x64d__pathmnist_split_03__seed1__d5.0,pathmnist_resnext,runs/medmnist_sweep/cells/resnext29_8x64d__pathmnist_split_03__seed1__d5.0_common.npz,272561,79219983b866720fdb96675a445d984e8367e3cb5c2b310ab01474f714b11282,runs/medmnist_sweep/cells/resnext29_8x64d__pathmnist_split_03__seed1__d5.0.TERMINAL.json,928,b31ae6854465e3aecf6b099535382fdc2920a5d0fcf243cabdcf1217f988a060
resnext29_8x64d__pathmnist_split_03__seed2__d0.5,pathmnist_resnext,runs/medmnist_sweep/cells/resnext29_8x64d__pathmnist_split_03__seed2__d0.5_common.npz,280271,8ebdd178b879a3329dfaeb58adbe05276a0ef5e2a3a1bb17ee31ae75c525dacd,runs/medmnist_sweep/cells/resnext29_8x64d__pathmnist_split_03__seed2__d0.5.TERMINAL.json,929,4cb94f97aa98da7ec239b91e77e8ff9224611d403f0c2a651000da8543ac9193
resnext29_8x64d__pathmnist_split_03__seed2__d5.0,pathmnist_resnext,runs/medmnist_sweep/cells/resnext29_8x64d__pathmnist_split_03__seed2__d5.0_common.npz,272025,68a1de9c7217f1c5b93cc04231a0a55124dc86dc4c1e9b2aa2559dbe44483477,runs/medmnist_sweep/cells/resnext29_8x64d__pathmnist_split_03__seed2__d5.0.TERMINAL.json,929,6676aba6ded36254293cf778e247f19867029e49ec7c964f58406eac1fe90630
resnext29_8x64d__pathmnist_split_03__seed3__d0.5,pathmnist_resnext,runs/medmnist_sweep/cells/resnext29_8x64d__pathmnist_split_03__seed3__d0.5_common.npz,276904,19b2677bb570ab5da208bd8ac66be81d2d2f2617b68d19112e0fa07f3c65a984,runs/medmnist_sweep/cells/resnext29_8x64d__pathmnist_split_03__seed3__d0.5.TERMINAL.json,929,18981b6153c0ba8d296e6fb159b585f8964d969df3c4132c465524378155fad9
resnext29_8x64d__pathmnist_split_03__seed3__d5.0,pathmnist_resnext,runs/medmnist_sweep/cells/resnext29_8x64d__pathmnist_split_03__seed3__d5.0_common.npz,276942,2faa0b2c3a7221f56149198e05d06ea75a024663a010baab93e231570627f930,runs/medmnist_sweep/cells/resnext29_8x64d__pathmnist_split_03__seed3__d5.0.TERMINAL.json,929,cbf15d056fcfcf4e10fce90cc114abffbba3930b446f0123fbbde67467bde8b7
resnext29_8x64d__pathmnist_split_03__seed4__d0.5,pathmnist_resnext,runs/medmnist_sweep/cells/resnext29_8x64d__pathmnist_split_03__seed4__d0.5_common.npz,277268,539ad6da9ac73ce8f1e5c2570f22fba6584d57baf7c1fa7ff70c9decf5614611,runs/medmnist_sweep/cells/resnext29_8x64d__pathmnist_split_03__seed4__d0.5.TERMINAL.json,929,e28e42c920b7a01c48f6bb4ce5ecfdf46f4545e143133c5cfca6e048b0eab2c5
resnext29_8x64d__pathmnist_split_03__seed4__d5.0,pathmnist_resnext,runs/medmnist_sweep/cells/resnext29_8x64d__pathmnist_split_03__seed4__d5.0_common.npz,271525,843a399f42b41f0bf072103cc9514ee16bd460fb21d469a7f1ab73fe68f7ffec,runs/medmnist_sweep/cells/resnext29_8x64d__pathmnist_split_03__seed4__d5.0.TERMINAL.json,929,b6e9ebbabf4bcae850882a45dac2c2df1688d69f77c0e6b322c94fcca89d92ef
resnext29_8x64d__pathmnist_split_04__seed0__d0.5,pathmnist_resnext,runs/medmnist_sweep/cells/resnext29_8x64d__pathmnist_split_04__seed0__d0.5_common.npz,285570,4a96854f80ac176945b5579d6e78eba9a48d2af57e11c838e61833afedb819e1,runs/medmnist_sweep/cells/resnext29_8x64d__pathmnist_split_04__seed0__d0.5.TERMINAL.json,928,5e071864dc9ff60c3c6a0ed675b7016f4f269eb6e5d44a58e16ce2369e67cae1
resnext29_8x64d__pathmnist_split_04__seed0__d5.0,pathmnist_resnext,runs/medmnist_sweep/cells/resnext29_8x64d__pathmnist_split_04__seed0__d5.0_common.npz,278885,5e723c7366f268a8080e0604a494980d3f19a1b43e9746a67c9d6fb9cf885f55,runs/medmnist_sweep/cells/resnext29_8x64d__pathmnist_split_04__seed0__d5.0.TERMINAL.json,929,53be3de0bb0f32264a98787b78066fa15141fb61131ef5ad56de0af54c9ae954
resnext29_8x64d__pathmnist_split_04__seed1__d0.5,pathmnist_resnext,runs/medmnist_sweep/cells/resnext29_8x64d__pathmnist_split_04__seed1__d0.5_common.npz,286927,7c1872ad272688981776bd27e9d2cc02e1b4c03035e3c0c38b244e0bb97afa85,runs/medmnist_sweep/cells/resnext29_8x64d__pathmnist_split_04__seed1__d0.5.TERMINAL.json,929,b9bffa3f5d531bd7c3b8b257980eb7e8c8ca29976588f8e27cec6126bc3563e1
resnext29_8x64d__pathmnist_split_04__seed1__d5.0,pathmnist_resnext,runs/medmnist_sweep/cells/resnext29_8x64d__pathmnist_split_04__seed1__d5.0_common.npz,274787,4eab935baccff9e28af156da716d09610b0f06123114df80c85d965af3be6094,runs/medmnist_sweep/cells/resnext29_8x64d__pathmnist_split_04__seed1__d5.0.TERMINAL.json,929,14f90764f96a442b827b72f99d6afd02cb8a66b18f16e9fc2f10332eb1131239
resnext29_8x64d__pathmnist_split_04__seed2__d0.5,pathmnist_resnext,runs/medmnist_sweep/cells/resnext29_8x64d__pathmnist_split_04__seed2__d0.5_common.npz,278218,586358c512ca297ede2433b0c584aea711e6a873879aea47e7ae8d0c8eb28548,runs/medmnist_sweep/cells/resnext29_8x64d__pathmnist_split_04__seed2__d0.5.TERMINAL.json,929,91c2723ddd5a5e56e3a0582c087b7b1e8d6cd1cfa1dbf056ded2dc8a39a7f4ce
resnext29_8x64d__pathmnist_split_04__seed2__d5.0,pathmnist_resnext,runs/medmnist_sweep/cells/resnext29_8x64d__pathmnist_split_04__seed2__d5.0_common.npz,276890,bd40b7d954c16ce621db43eabcd55fc23d7caeac60fc616969af9229c26c2cde,runs/medmnist_sweep/cells/resnext29_8x64d__pathmnist_split_04__seed2__d5.0.TERMINAL.json,928,9eb42fc7e86d71d0298850d4f1f0747e2adc3e2f6c0801c2852732ee1bc8f2d0
resnext29_8x64d__pathmnist_split_04__seed3__d0.5,pathmnist_resnext,runs/medmnist_sweep/cells/resnext29_8x64d__pathmnist_split_04__seed3__d0.5_common.npz,281212,4a0801b7ba48b14595962bcb3b242abc7e96da93d8d56f736a2468a60da86b55,runs/medmnist_sweep/cells/resnext29_8x64d__pathmnist_split_04__seed3__d0.5.TERMINAL.json,929,eec6c073f9f75c728bf683067401e0b5da375e03f2446c3ff237eb0dba75ec60
resnext29_8x64d__pathmnist_split_04__seed3__d5.0,pathmnist_resnext,runs/medmnist_sweep/cells/resnext29_8x64d__pathmnist_split_04__seed3__d5.0_common.npz,274180,3936f800f55d9fe1718240b225a7d81bd923e22732205890df27a81a9d119bb4,runs/medmnist_sweep/cells/resnext29_8x64d__pathmnist_split_04__seed3__d5.0.TERMINAL.json,928,348c58ba053a88ea802c19d682807cc566af57da2e55983efc5e9cec6b34cdb2
resnext29_8x64d__pathmnist_split_04__seed4__d0.5,pathmnist_resnext,runs/medmnist_sweep/cells/resnext29_8x64d__pathmnist_split_04__seed4__d0.5_common.npz,286627,8ac3edc86b4bae446ee3222fe1532c5ea73bcdd6a12602a159f7be23a1115182,runs/medmnist_sweep/cells/resnext29_8x64d__pathmnist_split_04__seed4__d0.5.TERMINAL.json,929,b94f383b275e7a1b6335f7948046dff71b975f63a6781d2a2efb44a72b188152
resnext29_8x64d__pathmnist_split_04__seed4__d5.0,pathmnist_resnext,runs/medmnist_sweep/cells/resnext29_8x64d__pathmnist_split_04__seed4__d5.0_common.npz,276497,9d176dea63a338ee67138ce0c95755e06f6a5c6cfefc4369db6a9f90c37dec14,runs/medmnist_sweep/cells/resnext29_8x64d__pathmnist_split_04__seed4__d5.0.TERMINAL.json,928,b9ec3a5507a72b3ecfc0734aa4a0ca6e912d7a73630ad98a9805052794392d2a
