semantic_id,dataset,condition,alpha,J,traffic_counts,simplex_certified,simplex_risk_bound,simplex_coverage_lcb,bounded_certified,bounded_risk_bound,bounded_coverage_lcb,gain
cifar100_proser_fedavg__split00__seed0__d0.1,cifar100,d0.1,0.05,5,191|203|203|217|186,0,,0.0,0,,0.0,0
cifar100_proser_fedavg__split00__seed0__d0.1,cifar100,d0.1,0.1,5,191|203|203|217|186,0,,0.0,0,,0.0,0
cifar100_proser_fedavg__split00__seed0__d0.1,cifar100,d0.1,0.15,5,191|203|203|217|186,0,,0.0,0,,0.0,0
cifar100_proser_fedavg__split00__seed0__d0.1,cifar100,d0.1,0.2,5,191|203|203|217|186,0,,0.0,0,,0.0,0
cifar100_proser_fedavg__split00__seed0__d0.1,cifar100,d0.1,0.25,5,191|203|203|217|186,0,,0.0,0,,0.0,0
cifar100_proser_fedavg__split00__seed0__d0.1,cifar100,d0.1,0.3,5,191|203|203|217|186,1,0.2850158707206777,0.02709315979519016,1,0.2869115472915975,0.05024642247018038,0
cifar100_proser_fedavg__split00__seed0__d0.5,cifar100,d0.5,0.05,5,195|206|218|188|193,0,,0.0,0,,0.0,0
cifar100_proser_fedavg__split00__seed0__d0.5,cifar100,d0.5,0.1,5,195|206|218|188|193,0,,0.0,0,,0.0,0
cifar100_proser_fedavg__split00__seed0__d0.5,cifar100,d0.5,0.15,5,195|206|218|188|193,0,,0.0,0,,0.0,0
cifar100_proser_fedavg__split00__seed0__d0.5,cifar100,d0.5,0.2,5,195|206|218|188|193,0,,0.0,0,,0.0,0
cifar100_proser_fedavg__split00__seed0__d0.5,cifar100,d0.5,0.25,5,195|206|218|188|193,0,,0.0,1,0.22697136850169497,0.11319636129339859,1
cifar100_proser_fedavg__split00__seed0__d0.5,cifar100,d0.5,0.3,5,195|206|218|188|193,1,0.26976011107398834,0.10917052585404981,1,0.23745987277650263,0.14321209469777546,0
cifar100_proser_fedavg__split00__seed0__d5.0,cifar100,d5,0.05,5,204|197|190|217|192,0,,0.0,0,,0.0,0
cifar100_proser_fedavg__split00__seed0__d5.0,cifar100,d5,0.1,5,204|197|190|217|192,0,,0.0,0,,0.0,0
cifar100_proser_fedavg__split00__seed0__d5.0,cifar100,d5,0.15,5,204|197|190|217|192,0,,0.0,0,,0.0,0
cifar100_proser_fedavg__split00__seed0__d5.0,cifar100,d5,0.2,5,204|197|190|217|192,0,,0.0,0,,0.0,0
cifar100_proser_fedavg__split00__seed0__d5.0,cifar100,d5,0.25,5,204|197|190|217|192,0,,0.0,1,0.22080615044587562,0.13893794276194896,1
cifar100_proser_fedavg__split00__seed0__d5.0,cifar100,d5,0.3,5,204|197|190|217|192,1,0.26450904705992195,0.05304362563064732,1,0.29133464106255946,0.23879092442991612,0
cifar100_proser_fedavg__split00__seed1__d0.1,cifar100,d0.1,0.05,5,204|201|200|202|193,0,,0.0,0,,0.0,0
cifar100_proser_fedavg__split00__seed1__d0.1,cifar100,d0.1,0.1,5,204|201|200|202|193,0,,0.0,0,,0.0,0
cifar100_proser_fedavg__split00__seed1__d0.1,cifar100,d0.1,0.15,5,204|201|200|202|193,0,,0.0,0,,0.0,0
cifar100_proser_fedavg__split00__seed1__d0.1,cifar100,d0.1,0.2,5,204|201|200|202|193,0,,0.0,0,,0.0,0
cifar100_proser_fedavg__split00__seed1__d0.1,cifar100,d0.1,0.25,5,204|201|200|202|193,0,,0.0,0,,0.0,0
cifar100_proser_fedavg__split00__seed1__d0.1,cifar100,d0.1,0.3,5,204|201|200|202|193,0,,0.0,0,,0.0,0
cifar100_proser_fedavg__split00__seed1__d0.5,cifar100,d0.5,0.05,5,194|189|209|200|208,0,,0.0,0,,0.0,0
cifar100_proser_fedavg__split00__seed1__d0.5,cifar100,d0.5,0.1,5,194|189|209|200|208,0,,0.0,0,,0.0,0
cifar100_proser_fedavg__split00__seed1__d0.5,cifar100,d0.5,0.15,5,194|189|209|200|208,0,,0.0,0,,0.0,0
cifar100_proser_fedavg__split00__seed1__d0.5,cifar100,d0.5,0.2,5,194|189|209|200|208,0,,0.0,0,,0.0,0
cifar100_proser_fedavg__split00__seed1__d0.5,cifar100,d0.5,0.25,5,194|189|209|200|208,0,,0.0,1,0.2452320661663962,0.11043749323868828,1
cifar100_proser_fedavg__split00__seed1__d0.5,cifar100,d0.5,0.3,5,194|189|209|200|208,1,0.28484353669828716,0.09899686630197756,1,0.2965756428666526,0.19706753162996948,0
cifar100_proser_fedavg__split00__seed1__d5.0,cifar100,d5,0.05,5,206|185|199|200|210,0,,0.0,0,,0.0,0
cifar100_proser_fedavg__split00__seed1__d5.0,cifar100,d5,0.1,5,206|185|199|200|210,0,,0.0,0,,0.0,0
cifar100_proser_fedavg__split00__seed1__d5.0,cifar100,d5,0.15,5,206|185|199|200|210,0,,0.0,0,,0.0,0
cifar100_proser_fedavg__split00__seed1__d5.0,cifar100,d5,0.2,5,206|185|199|200|210,1,0.1846377041191403,0.03903700895926686,1,0.19348721317915019,0.07610137833268935,0
cifar100_proser_fedavg__split00__seed1__d5.0,cifar100,d5,0.25,5,206|185|199|200|210,1,0.17583781310553506,0.049888683383327394,1,0.2396280819717705,0.15002579148408593,0
cifar100_proser_fedavg__split00__seed1__d5.0,cifar100,d5,0.3,5,206|185|199|200|210,1,0.2860842993013078,0.1297746569620508,1,0.2638971339264842,0.17509540630262085,0
cifar100_proser_fedavg__split00__seed2__d0.1,cifar100,d0.1,0.05,5,223|205|197|191|184,0,,0.0,0,,0.0,0
cifar100_proser_fedavg__split00__seed2__d0.1,cifar100,d0.1,0.1,5,223|205|197|191|184,0,,0.0,0,,0.0,0
cifar100_proser_fedavg__split00__seed2__d0.1,cifar100,d0.1,0.15,5,223|205|197|191|184,0,,0.0,0,,0.0,0
cifar100_proser_fedavg__split00__seed2__d0.1,cifar100,d0.1,0.2,5,223|205|197|191|184,0,,0.0,1,0.19794186152317328,0.09497644253315649,1
cifar100_proser_fedavg__split00__seed2__d0.1,cifar100,d0.1,0.25,5,223|205|197|191|184,1,0.22092271386438567,0.10237773175548391,1,0.20260278385736696,0.11234139711969215,0
cifar100_proser_fedavg__split00__seed2__d0.1,cifar100,d0.1,0.3,5,223|205|197|191|184,1,0.2926196410208435,0.13497382023620932,1,0.2703451550149045,0.15241270481664154,0
cifar100_proser_fedavg__split00__seed2__d0.5,cifar100,d0.5,0.05,5,226|171|185|195|223,0,,0.0,0,,0.0,0
cifar100_proser_fedavg__split00__seed2__d0.5,cifar100,d0.5,0.1,5,226|171|185|195|223,0,,0.0,0,,0.0,0
cifar100_proser_fedavg__split00__seed2__d0.5,cifar100,d0.5,0.15,5,226|171|185|195|223,0,,0.0,0,,0.0,0
cifar100_proser_fedavg__split00__seed2__d0.5,cifar100,d0.5,0.2,5,226|171|185|195|223,0,,0.0,0,,0.0,0
cifar100_proser_fedavg__split00__seed2__d0.5,cifar100,d0.5,0.25,5,226|171|185|195|223,0,,0.0,1,0.24295825483083472,0.06442232857887105,1
cifar100_proser_fedavg__split00__seed2__d0.5,cifar100,d0.5,0.3,5,226|171|185|195|223,1,0.2667816338363875,0.0872520201548094,1,0.29955417417739494,0.24761489368812165,0
cifar100_proser_fedavg__split00__seed2__d5.0,cifar100,d5,0.05,5,205|191|187|202|215,0,,0.0,0,,0.0,0
cifar100_proser_fedavg__split00__seed2__d5.0,cifar100,d5,0.1,5,205|191|187|202|215,0,,0.0,0,,0.0,0
cifar100_proser_fedavg__split00__seed2__d5.0,cifar100,d5,0.15,5,205|191|187|202|215,0,,0.0,0,,0.0,0
cifar100_proser_fedavg__split00__seed2__d5.0,cifar100,d5,0.2,5,205|191|187|202|215,0,,0.0,1,0.19250860704923217,0.02990122783112359,1
cifar100_proser_fedavg__split00__seed2__d5.0,cifar100,d5,0.25,5,205|191|187|202|215,1,0.2486666799984284,0.14542463675116588,1,0.2355242162663963,0.16379287736043732,0
cifar100_proser_fedavg__split00__seed2__d5.0,cifar100,d5,0.3,5,205|191|187|202|215,1,0.27202652100247515,0.17005846295116048,1,0.2750078053370806,0.1933364287715236,0
cifar100_proser_fedavg__split00__seed3__d0.1,cifar100,d0.1,0.05,5,197|212|201|196|194,0,,0.0,0,,0.0,0
cifar100_proser_fedavg__split00__seed3__d0.1,cifar100,d0.1,0.1,5,197|212|201|196|194,0,,0.0,0,,0.0,0
cifar100_proser_fedavg__split00__seed3__d0.1,cifar100,d0.1,0.15,5,197|212|201|196|194,0,,0.0,0,,0.0,0
cifar100_proser_fedavg__split00__seed3__d0.1,cifar100,d0.1,0.2,5,197|212|201|196|194,0,,0.0,0,,0.0,0
cifar100_proser_fedavg__split00__seed3__d0.1,cifar100,d0.1,0.25,5,197|212|201|196|194,0,,0.0,0,,0.0,0
cifar100_proser_fedavg__split00__seed3__d0.1,cifar100,d0.1,0.3,5,197|212|201|196|194,0,,0.0,0,,0.0,0
cifar100_proser_fedavg__split00__seed3__d0.5,cifar100,d0.5,0.05,5,187|220|187|214|192,0,,0.0,0,,0.0,0
cifar100_proser_fedavg__split00__seed3__d0.5,cifar100,d0.5,0.1,5,187|220|187|214|192,0,,0.0,0,,0.0,0
cifar100_proser_fedavg__split00__seed3__d0.5,cifar100,d0.5,0.15,5,187|220|187|214|192,0,,0.0,0,,0.0,0
cifar100_proser_fedavg__split00__seed3__d0.5,cifar100,d0.5,0.2,5,187|220|187|214|192,0,,0.0,0,,0.0,0
cifar100_proser_fedavg__split00__seed3__d0.5,cifar100,d0.5,0.25,5,187|220|187|214|192,0,,0.0,1,0.2465325620906777,0.09032516173952304,1
cifar100_proser_fedavg__split00__seed3__d0.5,cifar100,d0.5,0.3,5,187|220|187|214|192,1,0.2858135898026206,0.08226388471076324,1,0.276350681081131,0.1455425042563766,0
cifar100_proser_fedavg__split00__seed3__d5.0,cifar100,d5,0.05,5,203|193|195|213|196,0,,0.0,0,,0.0,0
cifar100_proser_fedavg__split00__seed3__d5.0,cifar100,d5,0.1,5,203|193|195|213|196,0,,0.0,0,,0.0,0
cifar100_proser_fedavg__split00__seed3__d5.0,cifar100,d5,0.15,5,203|193|195|213|196,0,,0.0,0,,0.0,0
cifar100_proser_fedavg__split00__seed3__d5.0,cifar100,d5,0.2,5,203|193|195|213|196,0,,0.0,0,,0.0,0
cifar100_proser_fedavg__split00__seed3__d5.0,cifar100,d5,0.25,5,203|193|195|213|196,0,,0.0,0,,0.0,0
cifar100_proser_fedavg__split00__seed3__d5.0,cifar100,d5,0.3,5,203|193|195|213|196,1,0.29846180669299294,0.061021268059513294,1,0.29281861234255346,0.19419794495094633,0
cifar100_proser_fedavg__split00__seed4__d0.1,cifar100,d0.1,0.05,5,207|211|181|214|187,0,,0.0,0,,0.0,0
cifar100_proser_fedavg__split00__seed4__d0.1,cifar100,d0.1,0.1,5,207|211|181|214|187,0,,0.0,0,,0.0,0
cifar100_proser_fedavg__split00__seed4__d0.1,cifar100,d0.1,0.15,5,207|211|181|214|187,0,,0.0,0,,0.0,0
cifar100_proser_fedavg__split00__seed4__d0.1,cifar100,d0.1,0.2,5,207|211|181|214|187,0,,0.0,0,,0.0,0
cifar100_proser_fedavg__split00__seed4__d0.1,cifar100,d0.1,0.25,5,207|211|181|214|187,0,,0.0,0,,0.0,0
cifar100_proser_fedavg__split00__seed4__d0.1,cifar100,d0.1,0.3,5,207|211|181|214|187,0,,0.0,0,,0.0,0
cifar100_proser_fedavg__split00__seed4__d0.5,cifar100,d0.5,0.05,5,178|222|201|199|200,0,,0.0,0,,0.0,0
cifar100_proser_fedavg__split00__seed4__d0.5,cifar100,d0.5,0.1,5,178|222|201|199|200,0,,0.0,0,,0.0,0
cifar100_proser_fedavg__split00__seed4__d0.5,cifar100,d0.5,0.15,5,178|222|201|199|200,0,,0.0,0,,0.0,0
cifar100_proser_fedavg__split00__seed4__d0.5,cifar100,d0.5,0.2,5,178|222|201|199|200,0,,0.0,0,,0.0,0
cifar100_proser_fedavg__split00__seed4__d0.5,cifar100,d0.5,0.25,5,178|222|201|199|200,0,,0.0,1,0.23861748071174815,0.0622038158737469,1
cifar100_proser_fedavg__split00__seed4__d0.5,cifar100,d0.5,0.3,5,178|222|201|199|200,0,,0.0,1,0.2985330188931639,0.147528866279325,1
cifar100_proser_fedavg__split00__seed4__d5.0,cifar100,d5,0.05,5,194|205|194|200|207,0,,0.0,0,,0.0,0
cifar100_proser_fedavg__split00__seed4__d5.0,cifar100,d5,0.1,5,194|205|194|200|207,0,,0.0,0,,0.0,0
cifar100_proser_fedavg__split00__seed4__d5.0,cifar100,d5,0.15,5,194|205|194|200|207,0,,0.0,0,,0.0,0
cifar100_proser_fedavg__split00__seed4__d5.0,cifar100,d5,0.2,5,194|205|194|200|207,0,,0.0,0,,0.0,0
cifar100_proser_fedavg__split00__seed4__d5.0,cifar100,d5,0.25,5,194|205|194|200|207,0,,0.0,0,,0.0,0
cifar100_proser_fedavg__split00__seed4__d5.0,cifar100,d5,0.3,5,194|205|194|200|207,0,,0.0,1,0.29082867064070517,0.04142105597824066,1
cifar100_proser_fedavg__split01__seed0__d0.1,cifar100,d0.1,0.05,5,207|181|185|217|210,0,,0.0,0,,0.0,0
cifar100_proser_fedavg__split01__seed0__d0.1,cifar100,d0.1,0.1,5,207|181|185|217|210,0,,0.0,0,,0.0,0
cifar100_proser_fedavg__split01__seed0__d0.1,cifar100,d0.1,0.15,5,207|181|185|217|210,0,,0.0,0,,0.0,0
cifar100_proser_fedavg__split01__seed0__d0.1,cifar100,d0.1,0.2,5,207|181|185|217|210,0,,0.0,0,,0.0,0
cifar100_proser_fedavg__split01__seed0__d0.1,cifar100,d0.1,0.25,5,207|181|185|217|210,0,,0.0,0,,0.0,0
cifar100_proser_fedavg__split01__seed0__d0.1,cifar100,d0.1,0.3,5,207|181|185|217|210,0,,0.0,0,,0.0,0
cifar100_proser_fedavg__split01__seed0__d0.5,cifar100,d0.5,0.05,5,199|221|190|195|195,0,,0.0,0,,0.0,0
cifar100_proser_fedavg__split01__seed0__d0.5,cifar100,d0.5,0.1,5,199|221|190|195|195,0,,0.0,0,,0.0,0
cifar100_proser_fedavg__split01__seed0__d0.5,cifar100,d0.5,0.15,5,199|221|190|195|195,0,,0.0,1,0.1498952733766764,0.05918316606168868,1
cifar100_proser_fedavg__split01__seed0__d0.5,cifar100,d0.5,0.2,5,199|221|190|195|195,0,,0.0,1,0.19070399199986393,0.07628278282501212,1
cifar100_proser_fedavg__split01__seed0__d0.5,cifar100,d0.5,0.25,5,199|221|190|195|195,1,0.2390571286296084,0.10746855377756538,1,0.24847756626036646,0.156286311775834,0
cifar100_proser_fedavg__split01__seed0__d0.5,cifar100,d0.5,0.3,5,199|221|190|195|195,1,0.28645450464814437,0.17537877301093394,1,0.26212280095384155,0.17939103123737077,0
cifar100_proser_fedavg__split01__seed0__d5.0,cifar100,d5,0.05,5,205|205|205|205|180,0,,0.0,0,,0.0,0
cifar100_proser_fedavg__split01__seed0__d5.0,cifar100,d5,0.1,5,205|205|205|205|180,0,,0.0,0,,0.0,0
cifar100_proser_fedavg__split01__seed0__d5.0,cifar100,d5,0.15,5,205|205|205|205|180,0,,0.0,0,,0.0,0
cifar100_proser_fedavg__split01__seed0__d5.0,cifar100,d5,0.2,5,205|205|205|205|180,0,,0.0,0,,0.0,0
cifar100_proser_fedavg__split01__seed0__d5.0,cifar100,d5,0.25,5,205|205|205|205|180,0,,0.0,1,0.2220053695968929,0.16311675309985738,1
cifar100_proser_fedavg__split01__seed0__d5.0,cifar100,d5,0.3,5,205|205|205|205|180,1,0.2780290421614293,0.19500134841768263,1,0.29073840531259776,0.22828616912127372,0
cifar100_proser_fedavg__split01__seed1__d0.1,cifar100,d0.1,0.05,5,200|192|193|217|198,0,,0.0,0,,0.0,0
cifar100_proser_fedavg__split01__seed1__d0.1,cifar100,d0.1,0.1,5,200|192|193|217|198,0,,0.0,0,,0.0,0
cifar100_proser_fedavg__split01__seed1__d0.1,cifar100,d0.1,0.15,5,200|192|193|217|198,0,,0.0,0,,0.0,0
cifar100_proser_fedavg__split01__seed1__d0.1,cifar100,d0.1,0.2,5,200|192|193|217|198,0,,0.0,0,,0.0,0
cifar100_proser_fedavg__split01__seed1__d0.1,cifar100,d0.1,0.25,5,200|192|193|217|198,0,,0.0,0,,0.0,0
cifar100_proser_fedavg__split01__seed1__d0.1,cifar100,d0.1,0.3,5,200|192|193|217|198,0,,0.0,1,0.2756622592772628,0.10142025265042034,1
cifar100_proser_fedavg__split01__seed1__d0.5,cifar100,d0.5,0.05,5,207|211|183|206|193,0,,0.0,0,,0.0,0
cifar100_proser_fedavg__split01__seed1__d0.5,cifar100,d0.5,0.1,5,207|211|183|206|193,0,,0.0,0,,0.0,0
cifar100_proser_fedavg__split01__seed1__d0.5,cifar100,d0.5,0.15,5,207|211|183|206|193,0,,0.0,0,,0.0,0
cifar100_proser_fedavg__split01__seed1__d0.5,cifar100,d0.5,0.2,5,207|211|183|206|193,0,,0.0,1,0.1702715123310868,0.11151850629322235,1
cifar100_proser_fedavg__split01__seed1__d0.5,cifar100,d0.5,0.25,5,207|211|183|206|193,1,0.21528515954267655,0.11943241373769062,1,0.2379059868953997,0.17560979464955126,0
cifar100_proser_fedavg__split01__seed1__d0.5,cifar100,d0.5,0.3,5,207|211|183|206|193,1,0.2855888659644213,0.19500134841768263,1,0.2855374594537285,0.2829287527536325,0
cifar100_proser_fedavg__split01__seed1__d5.0,cifar100,d5,0.05,5,203|199|207|191|200,0,,0.0,0,,0.0,0
cifar100_proser_fedavg__split01__seed1__d5.0,cifar100,d5,0.1,5,203|199|207|191|200,0,,0.0,0,,0.0,0
cifar100_proser_fedavg__split01__seed1__d5.0,cifar100,d5,0.15,5,203|199|207|191|200,0,,0.0,0,,0.0,0
cifar100_proser_fedavg__split01__seed1__d5.0,cifar100,d5,0.2,5,203|199|207|191|200,1,0.18390945330077627,0.13497382023620932,1,0.17598665290740886,0.16173500393565132,0
cifar100_proser_fedavg__split01__seed1__d5.0,cifar100,d5,0.25,5,203|199|207|191|200,1,0.2080972337257192,0.15594128738219845,1,0.24955044298782988,0.23784132428450458,0
cifar100_proser_fedavg__split01__seed1__d5.0,cifar100,d5,0.3,5,203|199|207|191|200,1,0.238872975432746,0.19142066384342218,1,0.2933009787037252,0.2976622930665569,0
cifar100_proser_fedavg__split01__seed2__d0.1,cifar100,d0.1,0.05,5,207|211|194|193|195,0,,0.0,0,,0.0,0
cifar100_proser_fedavg__split01__seed2__d0.1,cifar100,d0.1,0.1,5,207|211|194|193|195,0,,0.0,0,,0.0,0
cifar100_proser_fedavg__split01__seed2__d0.1,cifar100,d0.1,0.15,5,207|211|194|193|195,0,,0.0,0,,0.0,0
cifar100_proser_fedavg__split01__seed2__d0.1,cifar100,d0.1,0.2,5,207|211|194|193|195,0,,0.0,0,,0.0,0
cifar100_proser_fedavg__split01__seed2__d0.1,cifar100,d0.1,0.25,5,207|211|194|193|195,1,0.23516794992788095,0.02136901710538746,1,0.2314376440217478,0.09898000894627791,0
cifar100_proser_fedavg__split01__seed2__d0.1,cifar100,d0.1,0.3,5,207|211|194|193|195,1,0.26450904705992195,0.07074423633134858,1,0.2875469823911292,0.1170393323157123,0
cifar100_proser_fedavg__split01__seed2__d0.5,cifar100,d0.5,0.05,5,206|201|195|221|177,0,,0.0,0,,0.0,0
cifar100_proser_fedavg__split01__seed2__d0.5,cifar100,d0.5,0.1,5,206|201|195|221|177,0,,0.0,0,,0.0,0
cifar100_proser_fedavg__split01__seed2__d0.5,cifar100,d0.5,0.15,5,206|201|195|221|177,0,,0.0,0,,0.0,0
cifar100_proser_fedavg__split01__seed2__d0.5,cifar100,d0.5,0.2,5,206|201|195|221|177,0,,0.0,0,,0.0,0
cifar100_proser_fedavg__split01__seed2__d0.5,cifar100,d0.5,0.25,5,206|201|195|221|177,1,0.24066779914612707,0.083923384581486,1,0.1896266755813999,0.0873428967085483,0
cifar100_proser_fedavg__split01__seed2__d0.5,cifar100,d0.5,0.3,5,206|201|195|221|177,1,0.2875975981914796,0.12115073228675066,1,0.28145231383836555,0.17605388605105363,0
cifar100_proser_fedavg__split01__seed2__d5.0,cifar100,d5,0.05,5,208|202|208|173|209,0,,0.0,0,,0.0,0
cifar100_proser_fedavg__split01__seed2__d5.0,cifar100,d5,0.1,5,208|202|208|173|209,0,,0.0,0,,0.0,0
cifar100_proser_fedavg__split01__seed2__d5.0,cifar100,d5,0.15,5,208|202|208|173|209,0,,0.0,0,,0.0,0
cifar100_proser_fedavg__split01__seed2__d5.0,cifar100,d5,0.2,5,208|202|208|173|209,0,,0.0,0,,0.0,0
cifar100_proser_fedavg__split01__seed2__d5.0,cifar100,d5,0.25,5,208|202|208|173|209,1,0.23412356184406316,0.0956268508766563,1,0.24609196860375632,0.24009237629013683,0
cifar100_proser_fedavg__split01__seed2__d5.0,cifar100,d5,0.3,5,208|202|208|173|209,1,0.27356892912935865,0.20038274402350836,1,0.29574809418230646,0.2891126411424001,0
cifar100_proser_fedavg__split01__seed3__d0.1,cifar100,d0.1,0.05,5,182|213|200|211|194,0,,0.0,0,,0.0,0
cifar100_proser_fedavg__split01__seed3__d0.1,cifar100,d0.1,0.1,5,182|213|200|211|194,0,,0.0,0,,0.0,0
cifar100_proser_fedavg__split01__seed3__d0.1,cifar100,d0.1,0.15,5,182|213|200|211|194,0,,0.0,0,,0.0,0
cifar100_proser_fedavg__split01__seed3__d0.1,cifar100,d0.1,0.2,5,182|213|200|211|194,0,,0.0,0,,0.0,0
cifar100_proser_fedavg__split01__seed3__d0.1,cifar100,d0.1,0.25,5,182|213|200|211|194,0,,0.0,0,,0.0,0
cifar100_proser_fedavg__split01__seed3__d0.1,cifar100,d0.1,0.3,5,182|213|200|211|194,0,,0.0,0,,0.0,0
cifar100_proser_fedavg__split01__seed3__d0.5,cifar100,d0.5,0.05,5,188|214|207|190|201,0,,0.0,0,,0.0,0
cifar100_proser_fedavg__split01__seed3__d0.5,cifar100,d0.5,0.1,5,188|214|207|190|201,0,,0.0,0,,0.0,0
cifar100_proser_fedavg__split01__seed3__d0.5,cifar100,d0.5,0.15,5,188|214|207|190|201,0,,0.0,0,,0.0,0
cifar100_proser_fedavg__split01__seed3__d0.5,cifar100,d0.5,0.2,5,188|214|207|190|201,0,,0.0,1,0.19449579164414624,0.132168216213925,1
cifar100_proser_fedavg__split01__seed3__d0.5,cifar100,d0.5,0.25,5,188|214|207|190|201,1,0.24602567819674584,0.07237895294510194,1,0.23752450159742386,0.16040492376571489,0
cifar100_proser_fedavg__split01__seed3__d0.5,cifar100,d0.5,0.3,5,188|214|207|190|201,1,0.29204586258339726,0.13844981359374123,1,0.2967813838026394,0.2356849323305613,0
cifar100_proser_fedavg__split01__seed3__d5.0,cifar100,d5,0.05,5,198|196|222|177|207,0,,0.0,0,,0.0,0
cifar100_proser_fedavg__split01__seed3__d5.0,cifar100,d5,0.1,5,198|196|222|177|207,0,,0.0,0,,0.0,0
cifar100_proser_fedavg__split01__seed3__d5.0,cifar100,d5,0.15,5,198|196|222|177|207,0,,0.0,0,,0.0,0
cifar100_proser_fedavg__split01__seed3__d5.0,cifar100,d5,0.2,5,198|196|222|177|207,0,,0.0,1,0.18578120460161457,0.08731674191065802,1
cifar100_proser_fedavg__split01__seed3__d5.0,cifar100,d5,0.25,5,198|196|222|177|207,1,0.19776430412017384,0.083923384581486,1,0.24234350566743534,0.17613133828491273,0
cifar100_proser_fedavg__split01__seed3__d5.0,cifar100,d5,0.3,5,198|196|222|177|207,1,0.26671044680340666,0.1736037904425844,1,0.26021769304078823,0.20352364609582377,0
cifar100_proser_fedavg__split01__seed4__d0.1,cifar100,d0.1,0.05,5,215|202|200|182|201,0,,0.0,0,,0.0,0
cifar100_proser_fedavg__split01__seed4__d0.1,cifar100,d0.1,0.1,5,215|202|200|182|201,0,,0.0,0,,0.0,0
cifar100_proser_fedavg__split01__seed4__d0.1,cifar100,d0.1,0.15,5,215|202|200|182|201,0,,0.0,0,,0.0,0
cifar100_proser_fedavg__split01__seed4__d0.1,cifar100,d0.1,0.2,5,215|202|200|182|201,0,,0.0,0,,0.0,0
cifar100_proser_fedavg__split01__seed4__d0.1,cifar100,d0.1,0.25,5,215|202|200|182|201,0,,0.0,0,,0.0,0
cifar100_proser_fedavg__split01__seed4__d0.1,cifar100,d0.1,0.3,5,215|202|200|182|201,0,,0.0,0,,0.0,0
cifar100_proser_fedavg__split01__seed4__d0.5,cifar100,d0.5,0.05,5,209|212|188|197|194,0,,0.0,0,,0.0,0
cifar100_proser_fedavg__split01__seed4__d0.5,cifar100,d0.5,0.1,5,209|212|188|197|194,0,,0.0,0,,0.0,0
cifar100_proser_fedavg__split01__seed4__d0.5,cifar100,d0.5,0.15,5,209|212|188|197|194,0,,0.0,0,,0.0,0
cifar100_proser_fedavg__split01__seed4__d0.5,cifar100,d0.5,0.2,5,209|212|188|197|194,0,,0.0,1,0.19405058244373335,0.09321622777667707,1
cifar100_proser_fedavg__split01__seed4__d0.5,cifar100,d0.5,0.25,5,209|212|188|197|194,1,0.23820998164217452,0.10068596701936973,1,0.249774471752257,0.16836552645781253,0
cifar100_proser_fedavg__split01__seed4__d0.5,cifar100,d0.5,0.3,5,209|212|188|197|194,1,0.2984350083588447,0.20038274402350836,1,0.27864920446559394,0.21008431881986042,0
cifar100_proser_fedavg__split01__seed4__d5.0,cifar100,d5,0.05,5,199|191|191|210|209,0,,0.0,0,,0.0,0
cifar100_proser_fedavg__split01__seed4__d5.0,cifar100,d5,0.1,5,199|191|191|210|209,0,,0.0,0,,0.0,0
cifar100_proser_fedavg__split01__seed4__d5.0,cifar100,d5,0.15,5,199|191|191|210|209,0,,0.0,0,,0.0,0
cifar100_proser_fedavg__split01__seed4__d5.0,cifar100,d5,0.2,5,199|191|191|210|209,0,,0.0,1,0.1769137042609068,0.11133774609363584,1
cifar100_proser_fedavg__split01__seed4__d5.0,cifar100,d5,0.25,5,199|191|191|210|209,1,0.22919447697492876,0.13671084543802253,1,0.19853442771940133,0.14905689128356556,0
cifar100_proser_fedavg__split01__seed4__d5.0,cifar100,d5,0.3,5,199|191|191|210|209,1,0.2988625090876875,0.23473702606631897,1,0.2843368673055832,0.24599208497242023,0
cifar100_proser_fedavg__split02__seed0__d0.1,cifar100,d0.1,0.05,5,227|183|188|195|207,0,,0.0,0,,0.0,0
cifar100_proser_fedavg__split02__seed0__d0.1,cifar100,d0.1,0.1,5,227|183|188|195|207,0,,0.0,0,,0.0,0
cifar100_proser_fedavg__split02__seed0__d0.1,cifar100,d0.1,0.15,5,227|183|188|195|207,0,,0.0,0,,0.0,0
cifar100_proser_fedavg__split02__seed0__d0.1,cifar100,d0.1,0.2,5,227|183|188|195|207,0,,0.0,0,,0.0,0
cifar100_proser_fedavg__split02__seed0__d0.1,cifar100,d0.1,0.25,5,227|183|188|195|207,0,,0.0,0,,0.0,0
cifar100_proser_fedavg__split02__seed0__d0.1,cifar100,d0.1,0.3,5,227|183|188|195|207,1,0.29413225373927565,0.040567222317772225,1,0.28082741998424066,0.09513451496099054,0
cifar100_proser_fedavg__split02__seed0__d0.5,cifar100,d0.5,0.05,5,227|180|210|189|194,0,,0.0,0,,0.0,0
cifar100_proser_fedavg__split02__seed0__d0.5,cifar100,d0.5,0.1,5,227|180|210|189|194,0,,0.0,0,,0.0,0
cifar100_proser_fedavg__split02__seed0__d0.5,cifar100,d0.5,0.15,5,227|180|210|189|194,0,,0.0,0,,0.0,0
cifar100_proser_fedavg__split02__seed0__d0.5,cifar100,d0.5,0.2,5,227|180|210|189|194,0,,0.0,0,,0.0,0
cifar100_proser_fedavg__split02__seed0__d0.5,cifar100,d0.5,0.25,5,227|180|210|189|194,0,,0.0,1,0.24760680348171032,0.20209007811241528,1
cifar100_proser_fedavg__split02__seed0__d0.5,cifar100,d0.5,0.3,5,227|180|210|189|194,1,0.26764428114778904,0.18427630246247978,1,0.27664006137146835,0.26093663339347295,0
cifar100_proser_fedavg__split02__seed0__d5.0,cifar100,d5,0.05,5,191|188|195|197|229,0,,0.0,0,,0.0,0
cifar100_proser_fedavg__split02__seed0__d5.0,cifar100,d5,0.1,5,191|188|195|197|229,0,,0.0,0,,0.0,0
cifar100_proser_fedavg__split02__seed0__d5.0,cifar100,d5,0.15,5,191|188|195|197|229,0,,0.0,1,0.13603132469071988,0.11776535494733084,1
cifar100_proser_fedavg__split02__seed0__d5.0,cifar100,d5,0.2,5,191|188|195|197|229,1,0.17396469642223483,0.083923384581486,1,0.18351075954748242,0.1505509876757928,0
cifar100_proser_fedavg__split02__seed0__d5.0,cifar100,d5,0.25,5,191|188|195|197|229,1,0.15307949658474732,0.09899686630197756,1,0.2326279280585402,0.18453580654806873,0
cifar100_proser_fedavg__split02__seed0__d5.0,cifar100,d5,0.3,5,191|188|195|197|229,1,0.2773449555787808,0.20397712586410097,1,0.2729053487640763,0.25212262493577936,0
cifar100_proser_fedavg__split02__seed1__d0.1,cifar100,d0.1,0.05,5,215|191|205|197|192,0,,0.0,0,,0.0,0
cifar100_proser_fedavg__split02__seed1__d0.1,cifar100,d0.1,0.1,5,215|191|205|197|192,0,,0.0,0,,0.0,0
cifar100_proser_fedavg__split02__seed1__d0.1,cifar100,d0.1,0.15,5,215|191|205|197|192,0,,0.0,0,,0.0,0
cifar100_proser_fedavg__split02__seed1__d0.1,cifar100,d0.1,0.2,5,215|191|205|197|192,0,,0.0,0,,0.0,0
cifar100_proser_fedavg__split02__seed1__d0.1,cifar100,d0.1,0.25,5,215|191|205|197|192,0,,0.0,1,0.23867615576807807,0.04470473612175051,1
cifar100_proser_fedavg__split02__seed1__d0.1,cifar100,d0.1,0.3,5,215|191|205|197|192,1,0.2882939297288263,0.04364870567321217,1,0.28641930363907386,0.13055503099892798,0
cifar100_proser_fedavg__split02__seed1__d0.5,cifar100,d0.5,0.05,5,184|200|215|199|202,0,,0.0,0,,0.0,0
cifar100_proser_fedavg__split02__seed1__d0.5,cifar100,d0.5,0.1,5,184|200|215|199|202,0,,0.0,0,,0.0,0
cifar100_proser_fedavg__split02__seed1__d0.5,cifar100,d0.5,0.15,5,184|200|215|199|202,0,,0.0,0,,0.0,0
cifar100_proser_fedavg__split02__seed1__d0.5,cifar100,d0.5,0.2,5,184|200|215|199|202,0,,0.0,1,0.19960408012842173,0.14640372603046775,1
cifar100_proser_fedavg__split02__seed1__d0.5,cifar100,d0.5,0.25,5,184|200|215|199|202,1,0.2279765145229676,0.14193348169161032,1,0.2480402143238234,0.2200405747913013,0
cifar100_proser_fedavg__split02__seed1__d0.5,cifar100,d0.5,0.3,5,184|200|215|199|202,1,0.23594799274193892,0.1682881481006248,1,0.27136229311848625,0.230085652005437,0
cifar100_proser_fedavg__split02__seed1__d5.0,cifar100,d5,0.05,5,219|193|184|196|208,0,,0.0,0,,0.0,0
cifar100_proser_fedavg__split02__seed1__d5.0,cifar100,d5,0.1,5,219|193|184|196|208,0,,0.0,0,,0.0,0
cifar100_proser_fedavg__split02__seed1__d5.0,cifar100,d5,0.15,5,219|193|184|196|208,0,,0.0,0,,0.0,0
cifar100_proser_fedavg__split02__seed1__d5.0,cifar100,d5,0.2,5,219|193|184|196|208,0,,0.0,0,,0.0,0
cifar100_proser_fedavg__split02__seed1__d5.0,cifar100,d5,0.25,5,219|193|184|196|208,1,0.24084090871941016,0.08226388471076324,1,0.24755026128473523,0.16229303647662618,0
cifar100_proser_fedavg__split02__seed1__d5.0,cifar100,d5,0.3,5,219|193|184|196|208,1,0.2965192939564963,0.19321030734982836,1,0.2663581097408524,0.2165093847692957,0
cifar100_proser_fedavg__split02__seed2__d0.1,cifar100,d0.1,0.05,5,196|192|205|209|198,0,,0.0,0,,0.0,0
cifar100_proser_fedavg__split02__seed2__d0.1,cifar100,d0.1,0.1,5,196|192|205|209|198,0,,0.0,0,,0.0,0
cifar100_proser_fedavg__split02__seed2__d0.1,cifar100,d0.1,0.15,5,196|192|205|209|198,0,,0.0,0,,0.0,0
cifar100_proser_fedavg__split02__seed2__d0.1,cifar100,d0.1,0.2,5,196|192|205|209|198,0,,0.0,0,,0.0,0
cifar100_proser_fedavg__split02__seed2__d0.1,cifar100,d0.1,0.25,5,196|192|205|209|198,0,,0.0,0,,0.0,0
cifar100_proser_fedavg__split02__seed2__d0.1,cifar100,d0.1,0.3,5,196|192|205|209|198,0,,0.0,1,0.2873623077512722,0.0819007380052713,1
cifar100_proser_fedavg__split02__seed2__d0.5,cifar100,d0.5,0.05,5,187|190|205|204|214,0,,0.0,0,,0.0,0
cifar100_proser_fedavg__split02__seed2__d0.5,cifar100,d0.5,0.1,5,187|190|205|204|214,0,,0.0,0,,0.0,0
cifar100_proser_fedavg__split02__seed2__d0.5,cifar100,d0.5,0.15,5,187|190|205|204|214,0,,0.0,0,,0.0,0
cifar100_proser_fedavg__split02__seed2__d0.5,cifar100,d0.5,0.2,5,187|190|205|204|214,0,,0.0,0,,0.0,0
cifar100_proser_fedavg__split02__seed2__d0.5,cifar100,d0.5,0.25,5,187|190|205|204|214,0,,0.0,1,0.23507575180240162,0.13603270847543306,1
cifar100_proser_fedavg__split02__seed2__d0.5,cifar100,d0.5,0.3,5,187|190|205|204|214,1,0.2806189151062664,0.16122291557743426,1,0.2979097542925292,0.2193131262792434,0
cifar100_proser_fedavg__split02__seed2__d5.0,cifar100,d5,0.05,5,177|208|225|191|199,0,,0.0,0,,0.0,0
cifar100_proser_fedavg__split02__seed2__d5.0,cifar100,d5,0.1,5,177|208|225|191|199,0,,0.0,0,,0.0,0
cifar100_proser_fedavg__split02__seed2__d5.0,cifar100,d5,0.15,5,177|208|225|191|199,0,,0.0,0,,0.0,0
cifar100_proser_fedavg__split02__seed2__d5.0,cifar100,d5,0.2,5,177|208|225|191|199,0,,0.0,0,,0.0,0
cifar100_proser_fedavg__split02__seed2__d5.0,cifar100,d5,0.25,5,177|208|225|191|199,1,0.23449606813516444,0.0956268508766563,1,0.24650076481843017,0.19227843466663094,0
cifar100_proser_fedavg__split02__seed2__d5.0,cifar100,d5,0.3,5,177|208|225|191|199,1,0.29711740099056866,0.18249382681484083,1,0.28736360948350004,0.27708695597021066,0
cifar100_proser_fedavg__split02__seed3__d0.1,cifar100,d0.1,0.05,5,196|215|198|195|196,0,,0.0,0,,0.0,0
cifar100_proser_fedavg__split02__seed3__d0.1,cifar100,d0.1,0.1,5,196|215|198|195|196,0,,0.0,0,,0.0,0
cifar100_proser_fedavg__split02__seed3__d0.1,cifar100,d0.1,0.15,5,196|215|198|195|196,0,,0.0,0,,0.0,0
cifar100_proser_fedavg__split02__seed3__d0.1,cifar100,d0.1,0.2,5,196|215|198|195|196,0,,0.0,0,,0.0,0
cifar100_proser_fedavg__split02__seed3__d0.1,cifar100,d0.1,0.25,5,196|215|198|195|196,0,,0.0,0,,0.0,0
cifar100_proser_fedavg__split02__seed3__d0.1,cifar100,d0.1,0.3,5,196|215|198|195|196,0,,0.0,1,0.29522889398740704,0.05546217521275894,1
cifar100_proser_fedavg__split02__seed3__d0.5,cifar100,d0.5,0.05,5,213|184|213|202|188,0,,0.0,0,,0.0,0
cifar100_proser_fedavg__split02__seed3__d0.5,cifar100,d0.5,0.1,5,213|184|213|202|188,0,,0.0,0,,0.0,0
cifar100_proser_fedavg__split02__seed3__d0.5,cifar100,d0.5,0.15,5,213|184|213|202|188,0,,0.0,0,,0.0,0
cifar100_proser_fedavg__split02__seed3__d0.5,cifar100,d0.5,0.2,5,213|184|213|202|188,0,,0.0,0,,0.0,0
cifar100_proser_fedavg__split02__seed3__d0.5,cifar100,d0.5,0.25,5,213|184|213|202|188,0,,0.0,1,0.21538492433557477,0.06579726016501562,1
cifar100_proser_fedavg__split02__seed3__d0.5,cifar100,d0.5,0.3,5,213|184|213|202|188,1,0.29846180669299294,0.08558611885182409,1,0.2558985623340714,0.10488218493880469,0
cifar100_proser_fedavg__split02__seed3__d5.0,cifar100,d5,0.05,5,206|201|183|208|202,0,,0.0,0,,0.0,0
cifar100_proser_fedavg__split02__seed3__d5.0,cifar100,d5,0.1,5,206|201|183|208|202,0,,0.0,0,,0.0,0
cifar100_proser_fedavg__split02__seed3__d5.0,cifar100,d5,0.15,5,206|201|183|208|202,0,,0.0,0,,0.0,0
cifar100_proser_fedavg__split02__seed3__d5.0,cifar100,d5,0.2,5,206|201|183|208|202,0,,0.0,0,,0.0,0
cifar100_proser_fedavg__split02__seed3__d5.0,cifar100,d5,0.25,5,206|201|183|208|202,0,,0.0,1,0.23849029146262113,0.08449753333487009,1
cifar100_proser_fedavg__split02__seed3__d5.0,cifar100,d5,0.3,5,206|201|183|208|202,1,0.2741201276327759,0.10407211410259802,1,0.2939899085470137,0.21606763716777744,0
cifar100_proser_fedavg__split02__seed4__d0.1,cifar100,d0.1,0.05,5,192|180|215|201|212,0,,0.0,0,,0.0,0
cifar100_proser_fedavg__split02__seed4__d0.1,cifar100,d0.1,0.1,5,192|180|215|201|212,0,,0.0,0,,0.0,0
cifar100_proser_fedavg__split02__seed4__d0.1,cifar100,d0.1,0.15,5,192|180|215|201|212,0,,0.0,0,,0.0,0
cifar100_proser_fedavg__split02__seed4__d0.1,cifar100,d0.1,0.2,5,192|180|215|201|212,0,,0.0,0,,0.0,0
cifar100_proser_fedavg__split02__seed4__d0.1,cifar100,d0.1,0.25,5,192|180|215|201|212,0,,0.0,0,,0.0,0
cifar100_proser_fedavg__split02__seed4__d0.1,cifar100,d0.1,0.3,5,192|180|215|201|212,0,,0.0,0,,0.0,0
cifar100_proser_fedavg__split02__seed4__d0.5,cifar100,d0.5,0.05,5,222|181|180|189|228,0,,0.0,0,,0.0,0
cifar100_proser_fedavg__split02__seed4__d0.5,cifar100,d0.5,0.1,5,222|181|180|189|228,0,,0.0,0,,0.0,0
cifar100_proser_fedavg__split02__seed4__d0.5,cifar100,d0.5,0.15,5,222|181|180|189|228,0,,0.0,0,,0.0,0
cifar100_proser_fedavg__split02__seed4__d0.5,cifar100,d0.5,0.2,5,222|181|180|189|228,0,,0.0,0,,0.0,0
cifar100_proser_fedavg__split02__seed4__d0.5,cifar100,d0.5,0.25,5,222|181|180|189|228,1,0.23064971503233178,0.0889210237552595,1,0.21785038128103185,0.13785112294848373,0
cifar100_proser_fedavg__split02__seed4__d0.5,cifar100,d0.5,0.3,5,222|181|180|189|228,1,0.26737552692611793,0.11600249764564312,1,0.25615233391015224,0.16159305941822738,0
cifar100_proser_fedavg__split02__seed4__d5.0,cifar100,d5,0.05,5,197|195|215|182|211,0,,0.0,0,,0.0,0
cifar100_proser_fedavg__split02__seed4__d5.0,cifar100,d5,0.1,5,197|195|215|182|211,0,,0.0,0,,0.0,0
cifar100_proser_fedavg__split02__seed4__d5.0,cifar100,d5,0.15,5,197|195|215|182|211,0,,0.0,0,,0.0,0
cifar100_proser_fedavg__split02__seed4__d5.0,cifar100,d5,0.2,5,197|195|215|182|211,0,,0.0,1,0.19113468477401846,0.09370724639948362,1
cifar100_proser_fedavg__split02__seed4__d5.0,cifar100,d5,0.25,5,197|195|215|182|211,1,0.21173988962216386,0.10576906922330784,1,0.22179254993972503,0.1273370669779306,0
cifar100_proser_fedavg__split02__seed4__d5.0,cifar100,d5,0.3,5,197|195|215|182|211,1,0.24502832467038044,0.12115073228675066,1,0.28210281494573786,0.21212479235028106,0
cifar100_proser_fedavg__split03__seed0__d0.1,cifar100,d0.1,0.05,5,201|197|210|209|183,0,,0.0,0,,0.0,0
cifar100_proser_fedavg__split03__seed0__d0.1,cifar100,d0.1,0.1,5,201|197|210|209|183,0,,0.0,0,,0.0,0
cifar100_proser_fedavg__split03__seed0__d0.1,cifar100,d0.1,0.15,5,201|197|210|209|183,0,,0.0,0,,0.0,0
cifar100_proser_fedavg__split03__seed0__d0.1,cifar100,d0.1,0.2,5,201|197|210|209|183,0,,0.0,0,,0.0,0
cifar100_proser_fedavg__split03__seed0__d0.1,cifar100,d0.1,0.25,5,201|197|210|209|183,0,,0.0,1,0.22846432166677472,0.08582506948026619,1
cifar100_proser_fedavg__split03__seed0__d0.1,cifar100,d0.1,0.3,5,201|197|210|209|183,1,0.2907956741713639,0.09899686630197756,1,0.2360565137255839,0.10846200571823664,0
cifar100_proser_fedavg__split03__seed0__d0.5,cifar100,d0.5,0.05,5,198|195|200|209|198,0,,0.0,0,,0.0,0
cifar100_proser_fedavg__split03__seed0__d0.5,cifar100,d0.5,0.1,5,198|195|200|209|198,0,,0.0,0,,0.0,0
cifar100_proser_fedavg__split03__seed0__d0.5,cifar100,d0.5,0.15,5,198|195|200|209|198,0,,0.0,0,,0.0,0
cifar100_proser_fedavg__split03__seed0__d0.5,cifar100,d0.5,0.2,5,198|195|200|209|198,0,,0.0,0,,0.0,0
cifar100_proser_fedavg__split03__seed0__d0.5,cifar100,d0.5,0.25,5,198|195|200|209|198,0,,0.0,0,,0.0,0
cifar100_proser_fedavg__split03__seed0__d0.5,cifar100,d0.5,0.3,5,198|195|200|209|198,1,0.27932877149903923,0.07730550792030834,1,0.2868943521282479,0.17074212145121578,0
cifar100_proser_fedavg__split03__seed0__d5.0,cifar100,d5,0.05,5,198|215|213|189|185,0,,0.0,0,,0.0,0
cifar100_proser_fedavg__split03__seed0__d5.0,cifar100,d5,0.1,5,198|215|213|189|185,0,,0.0,0,,0.0,0
cifar100_proser_fedavg__split03__seed0__d5.0,cifar100,d5,0.15,5,198|215|213|189|185,0,,0.0,0,,0.0,0
cifar100_proser_fedavg__split03__seed0__d5.0,cifar100,d5,0.2,5,198|215|213|189|185,0,,0.0,0,,0.0,0
cifar100_proser_fedavg__split03__seed0__d5.0,cifar100,d5,0.25,5,198|215|213|189|185,1,0.22553633155219363,0.09731047765897691,1,0.2067091038046352,0.1070713510762317,0
cifar100_proser_fedavg__split03__seed0__d5.0,cifar100,d5,0.3,5,198|215|213|189|185,1,0.29448524872712517,0.17005846295116048,1,0.27593750535459804,0.20295813741639024,0
cifar100_proser_fedavg__split03__seed1__d0.1,cifar100,d0.1,0.05,5,205|197|203|218|177,0,,0.0,0,,0.0,0
cifar100_proser_fedavg__split03__seed1__d0.1,cifar100,d0.1,0.1,5,205|197|203|218|177,0,,0.0,0,,0.0,0
cifar100_proser_fedavg__split03__seed1__d0.1,cifar100,d0.1,0.15,5,205|197|203|218|177,0,,0.0,0,,0.0,0
cifar100_proser_fedavg__split03__seed1__d0.1,cifar100,d0.1,0.2,5,205|197|203|218|177,0,,0.0,0,,0.0,0
cifar100_proser_fedavg__split03__seed1__d0.1,cifar100,d0.1,0.25,5,205|197|203|218|177,0,,0.0,0,,0.0,0
cifar100_proser_fedavg__split03__seed1__d0.1,cifar100,d0.1,0.3,5,205|197|203|218|177,0,,0.0,1,0.2969861301364689,0.0711026225678224,1
cifar100_proser_fedavg__split03__seed1__d0.5,cifar100,d0.5,0.05,5,188|207|216|189|200,0,,0.0,0,,0.0,0
cifar100_proser_fedavg__split03__seed1__d0.5,cifar100,d0.5,0.1,5,188|207|216|189|200,0,,0.0,0,,0.0,0
cifar100_proser_fedavg__split03__seed1__d0.5,cifar100,d0.5,0.15,5,188|207|216|189|200,0,,0.0,0,,0.0,0
cifar100_proser_fedavg__split03__seed1__d0.5,cifar100,d0.5,0.2,5,188|207|216|189|200,1,0.18884247802667384,0.031504047537846934,1,0.18041694922450585,0.03933846497558673,0
cifar100_proser_fedavg__split03__seed1__d0.5,cifar100,d0.5,0.25,5,188|207|216|189|200,1,0.24226242397115016,0.10917052585404981,1,0.21528500566583136,0.11869854282510305,0
cifar100_proser_fedavg__split03__seed1__d0.5,cifar100,d0.5,0.3,5,188|207|216|189|200,1,0.27938585799250043,0.12804566180103333,1,0.2885628065915119,0.19114763905169058,0
cifar100_proser_fedavg__split03__seed1__d5.0,cifar100,d5,0.05,5,188|179|189|217|227,0,,0.0,0,,0.0,0
cifar100_proser_fedavg__split03__seed1__d5.0,cifar100,d5,0.1,5,188|179|189|217|227,0,,0.0,0,,0.0,0
cifar100_proser_fedavg__split03__seed1__d5.0,cifar100,d5,0.15,5,188|179|189|217|227,0,,0.0,0,,0.0,0
cifar100_proser_fedavg__split03__seed1__d5.0,cifar100,d5,0.2,5,188|179|189|217|227,0,,0.0,0,,0.0,0
cifar100_proser_fedavg__split03__seed1__d5.0,cifar100,d5,0.25,5,188|179|189|217|227,1,0.2335220819405086,0.10576906922330784,1,0.227121353385961,0.1480171392153513,0
cifar100_proser_fedavg__split03__seed1__d5.0,cifar100,d5,0.3,5,188|179|189|217|227,1,0.288006876662582,0.18249382681484083,1,0.27945878909460375,0.2483246020791942,0
cifar100_proser_fedavg__split03__seed2__d0.1,cifar100,d0.1,0.05,5,197|187|194|209|213,0,,0.0,0,,0.0,0
cifar100_proser_fedavg__split03__seed2__d0.1,cifar100,d0.1,0.1,5,197|187|194|209|213,0,,0.0,0,,0.0,0
cifar100_proser_fedavg__split03__seed2__d0.1,cifar100,d0.1,0.15,5,197|187|194|209|213,0,,0.0,0,,0.0,0
cifar100_proser_fedavg__split03__seed2__d0.1,cifar100,d0.1,0.2,5,197|187|194|209|213,0,,0.0,0,,0.0,0
cifar100_proser_fedavg__split03__seed2__d0.1,cifar100,d0.1,0.25,5,197|187|194|209|213,0,,0.0,0,,0.0,0
cifar100_proser_fedavg__split03__seed2__d0.1,cifar100,d0.1,0.3,5,197|187|194|209|213,0,,0.0,0,,0.0,0
cifar100_proser_fedavg__split03__seed2__d0.5,cifar100,d0.5,0.05,5,218|209|178|198|197,0,,0.0,0,,0.0,0
cifar100_proser_fedavg__split03__seed2__d0.5,cifar100,d0.5,0.1,5,218|209|178|198|197,0,,0.0,0,,0.0,0
cifar100_proser_fedavg__split03__seed2__d0.5,cifar100,d0.5,0.15,5,218|209|178|198|197,0,,0.0,0,,0.0,0
cifar100_proser_fedavg__split03__seed2__d0.5,cifar100,d0.5,0.2,5,218|209|178|198|197,0,,0.0,0,,0.0,0
cifar100_proser_fedavg__split03__seed2__d0.5,cifar100,d0.5,0.25,5,218|209|178|198|197,0,,0.0,0,,0.0,0
cifar100_proser_fedavg__split03__seed2__d0.5,cifar100,d0.5,0.3,5,218|209|178|198|197,0,,0.0,1,0.2502000647773369,0.07155133610345941,1
cifar100_proser_fedavg__split03__seed2__d5.0,cifar100,d5,0.05,5,202|179|219|214|186,0,,0.0,0,,0.0,0
cifar100_proser_fedavg__split03__seed2__d5.0,cifar100,d5,0.1,5,202|179|219|214|186,0,,0.0,0,,0.0,0
cifar100_proser_fedavg__split03__seed2__d5.0,cifar100,d5,0.15,5,202|179|219|214|186,0,,0.0,0,,0.0,0
cifar100_proser_fedavg__split03__seed2__d5.0,cifar100,d5,0.2,5,202|179|219|214|186,0,,0.0,0,,0.0,0
cifar100_proser_fedavg__split03__seed2__d5.0,cifar100,d5,0.25,5,202|179|219|214|186,0,,0.0,1,0.24672345276437602,0.14419971968558032,1
cifar100_proser_fedavg__split03__seed2__d5.0,cifar100,d5,0.3,5,202|179|219|214|186,1,0.2519694955995075,0.10068596701936973,1,0.25908092290297136,0.15763612230008847,0
cifar100_proser_fedavg__split03__seed3__d0.1,cifar100,d0.1,0.05,5,188|207|205|215|185,0,,0.0,0,,0.0,0
cifar100_proser_fedavg__split03__seed3__d0.1,cifar100,d0.1,0.1,5,188|207|205|215|185,0,,0.0,0,,0.0,0
cifar100_proser_fedavg__split03__seed3__d0.1,cifar100,d0.1,0.15,5,188|207|205|215|185,0,,0.0,0,,0.0,0
cifar100_proser_fedavg__split03__seed3__d0.1,cifar100,d0.1,0.2,5,188|207|205|215|185,0,,0.0,0,,0.0,0
cifar100_proser_fedavg__split03__seed3__d0.1,cifar100,d0.1,0.25,5,188|207|205|215|185,0,,0.0,1,0.24393084116963754,0.033263312343481045,1
cifar100_proser_fedavg__split03__seed3__d0.1,cifar100,d0.1,0.3,5,188|207|205|215|185,0,,0.0,1,0.2921861462365919,0.11637969738458835,1
cifar100_proser_fedavg__split03__seed3__d0.5,cifar100,d0.5,0.05,5,213|190|212|182|203,0,,0.0,0,,0.0,0
cifar100_proser_fedavg__split03__seed3__d0.5,cifar100,d0.5,0.1,5,213|190|212|182|203,0,,0.0,0,,0.0,0
cifar100_proser_fedavg__split03__seed3__d0.5,cifar100,d0.5,0.15,5,213|190|212|182|203,0,,0.0,0,,0.0,0
cifar100_proser_fedavg__split03__seed3__d0.5,cifar100,d0.5,0.2,5,213|190|212|182|203,0,,0.0,1,0.19888546729967305,0.053736843427932515,1
cifar100_proser_fedavg__split03__seed3__d0.5,cifar100,d0.5,0.25,5,213|190|212|182|203,0,,0.0,1,0.24157361773931263,0.06084626213392148,1
cifar100_proser_fedavg__split03__seed3__d0.5,cifar100,d0.5,0.3,5,213|190|212|182|203,1,0.2921976814381378,0.126318742423585,1,0.26834995694494307,0.1409678631464801,0
cifar100_proser_fedavg__split03__seed3__d5.0,cifar100,d5,0.05,5,192|201|193|189|225,0,,0.0,0,,0.0,0
cifar100_proser_fedavg__split03__seed3__d5.0,cifar100,d5,0.1,5,192|201|193|189|225,0,,0.0,0,,0.0,0
cifar100_proser_fedavg__split03__seed3__d5.0,cifar100,d5,0.15,5,192|201|193|189|225,0,,0.0,0,,0.0,0
cifar100_proser_fedavg__split03__seed3__d5.0,cifar100,d5,0.2,5,192|201|193|189|225,0,,0.0,0,,0.0,0
cifar100_proser_fedavg__split03__seed3__d5.0,cifar100,d5,0.25,5,192|201|193|189|225,1,0.21196389604192267,0.07565967752991613,1,0.19515239163009418,0.08958914496441212,0
cifar100_proser_fedavg__split03__seed3__d5.0,cifar100,d5,0.3,5,192|201|193|189|225,1,0.26041674435244166,0.09226809122691217,1,0.27057894871590665,0.18728054112192014,0
cifar100_proser_fedavg__split03__seed4__d0.1,cifar100,d0.1,0.05,5,198|206|206|182|208,0,,0.0,0,,0.0,0
cifar100_proser_fedavg__split03__seed4__d0.1,cifar100,d0.1,0.1,5,198|206|206|182|208,0,,0.0,0,,0.0,0
cifar100_proser_fedavg__split03__seed4__d0.1,cifar100,d0.1,0.15,5,198|206|206|182|208,0,,0.0,0,,0.0,0
cifar100_proser_fedavg__split03__seed4__d0.1,cifar100,d0.1,0.2,5,198|206|206|182|208,0,,0.0,0,,0.0,0
cifar100_proser_fedavg__split03__seed4__d0.1,cifar100,d0.1,0.25,5,198|206|206|182|208,0,,0.0,0,,0.0,0
cifar100_proser_fedavg__split03__seed4__d0.1,cifar100,d0.1,0.3,5,198|206|206|182|208,0,,0.0,0,,0.0,0
cifar100_proser_fedavg__split03__seed4__d0.5,cifar100,d0.5,0.05,5,212|189|227|181|191,0,,0.0,0,,0.0,0
cifar100_proser_fedavg__split03__seed4__d0.5,cifar100,d0.5,0.1,5,212|189|227|181|191,0,,0.0,0,,0.0,0
cifar100_proser_fedavg__split03__seed4__d0.5,cifar100,d0.5,0.15,5,212|189|227|181|191,0,,0.0,0,,0.0,0
cifar100_proser_fedavg__split03__seed4__d0.5,cifar100,d0.5,0.2,5,212|189|227|181|191,0,,0.0,0,,0.0,0
cifar100_proser_fedavg__split03__seed4__d0.5,cifar100,d0.5,0.25,5,212|189|227|181|191,0,,0.0,0,,0.0,0
cifar100_proser_fedavg__split03__seed4__d0.5,cifar100,d0.5,0.3,5,212|189|227|181|191,0,,0.0,1,0.269883116799176,0.10888320039399985,1
cifar100_proser_fedavg__split03__seed4__d5.0,cifar100,d5,0.05,5,196|200|198|196|210,0,,0.0,0,,0.0,0
cifar100_proser_fedavg__split03__seed4__d5.0,cifar100,d5,0.1,5,196|200|198|196|210,0,,0.0,0,,0.0,0
cifar100_proser_fedavg__split03__seed4__d5.0,cifar100,d5,0.15,5,196|200|198|196|210,0,,0.0,0,,0.0,0
cifar100_proser_fedavg__split03__seed4__d5.0,cifar100,d5,0.2,5,196|200|198|196|210,0,,0.0,1,0.19686947184174913,0.07507302106512105,1
cifar100_proser_fedavg__split03__seed4__d5.0,cifar100,d5,0.25,5,196|200|198|196|210,1,0.23710380406446677,0.07730550792030834,1,0.20843769316764732,0.10203574548216438,0
cifar100_proser_fedavg__split03__seed4__d5.0,cifar100,d5,0.3,5,196|200|198|196|210,1,0.26308393398380747,0.08226388471076324,1,0.29781441797649916,0.20541905953660985,0
cifar100_proser_fedavg__split04__seed0__d0.1,cifar100,d0.1,0.05,5,207|186|199|208|200,0,,0.0,0,,0.0,0
cifar100_proser_fedavg__split04__seed0__d0.1,cifar100,d0.1,0.1,5,207|186|199|208|200,0,,0.0,0,,0.0,0
cifar100_proser_fedavg__split04__seed0__d0.1,cifar100,d0.1,0.15,5,207|186|199|208|200,0,,0.0,0,,0.0,0
cifar100_proser_fedavg__split04__seed0__d0.1,cifar100,d0.1,0.2,5,207|186|199|208|200,0,,0.0,0,,0.0,0
cifar100_proser_fedavg__split04__seed0__d0.1,cifar100,d0.1,0.25,5,207|186|199|208|200,0,,0.0,0,,0.0,0
cifar100_proser_fedavg__split04__seed0__d0.1,cifar100,d0.1,0.3,5,207|186|199|208|200,0,,0.0,0,,0.0,0
cifar100_proser_fedavg__split04__seed0__d0.5,cifar100,d0.5,0.05,5,199|217|186|202|196,0,,0.0,0,,0.0,0
cifar100_proser_fedavg__split04__seed0__d0.5,cifar100,d0.5,0.1,5,199|217|186|202|196,0,,0.0,0,,0.0,0
cifar100_proser_fedavg__split04__seed0__d0.5,cifar100,d0.5,0.15,5,199|217|186|202|196,0,,0.0,0,,0.0,0
cifar100_proser_fedavg__split04__seed0__d0.5,cifar100,d0.5,0.2,5,199|217|186|202|196,0,,0.0,1,0.19203565623447083,0.07477467481408306,1
cifar100_proser_fedavg__split04__seed0__d0.5,cifar100,d0.5,0.25,5,199|217|186|202|196,0,,0.0,1,0.22579076635133577,0.08709478340708922,1
cifar100_proser_fedavg__split04__seed0__d0.5,cifar100,d0.5,0.3,5,199|217|186|202|196,1,0.29846180669299294,0.06586382397031201,1,0.28638545500722346,0.20054707054203388,0
cifar100_proser_fedavg__split04__seed0__d5.0,cifar100,d5,0.05,5,200|206|197|193|204,0,,0.0,0,,0.0,0
cifar100_proser_fedavg__split04__seed0__d5.0,cifar100,d5,0.1,5,200|206|197|193|204,0,,0.0,0,,0.0,0
cifar100_proser_fedavg__split04__seed0__d5.0,cifar100,d5,0.15,5,200|206|197|193|204,0,,0.0,0,,0.0,0
cifar100_proser_fedavg__split04__seed0__d5.0,cifar100,d5,0.2,5,200|206|197|193|204,1,0.1839150524217331,0.12804566180103333,1,0.16385335501352297,0.14390167903104728,0
cifar100_proser_fedavg__split04__seed0__d5.0,cifar100,d5,0.25,5,200|206|197|193|204,1,0.24808813847567393,0.14892310068801173,1,0.22911681462651484,0.20805815034604647,0
cifar100_proser_fedavg__split04__seed0__d5.0,cifar100,d5,0.3,5,200|206|197|193|204,1,0.29631171812324336,0.17183034880148174,1,0.2786032990550906,0.2549139290200142,0
cifar100_proser_fedavg__split04__seed1__d0.1,cifar100,d0.1,0.05,5,192|218|198|178|214,0,,0.0,0,,0.0,0
cifar100_proser_fedavg__split04__seed1__d0.1,cifar100,d0.1,0.1,5,192|218|198|178|214,0,,0.0,0,,0.0,0
cifar100_proser_fedavg__split04__seed1__d0.1,cifar100,d0.1,0.15,5,192|218|198|178|214,0,,0.0,0,,0.0,0
cifar100_proser_fedavg__split04__seed1__d0.1,cifar100,d0.1,0.2,5,192|218|198|178|214,0,,0.0,0,,0.0,0
cifar100_proser_fedavg__split04__seed1__d0.1,cifar100,d0.1,0.25,5,192|218|198|178|214,0,,0.0,0,,0.0,0
cifar100_proser_fedavg__split04__seed1__d0.1,cifar100,d0.1,0.3,5,192|218|198|178|214,0,,0.0,0,,0.0,0
cifar100_proser_fedavg__split04__seed1__d0.5,cifar100,d0.5,0.05,5,211|193|208|201|187,0,,0.0,0,,0.0,0
cifar100_proser_fedavg__split04__seed1__d0.5,cifar100,d0.5,0.1,5,211|193|208|201|187,0,,0.0,0,,0.0,0
cifar100_proser_fedavg__split04__seed1__d0.5,cifar100,d0.5,0.15,5,211|193|208|201|187,0,,0.0,0,,0.0,0
cifar100_proser_fedavg__split04__seed1__d0.5,cifar100,d0.5,0.2,5,211|193|208|201|187,1,0.17735353056283543,0.03299367095597645,1,0.18942446586731237,0.06126478527089593,0
cifar100_proser_fedavg__split04__seed1__d0.5,cifar100,d0.5,0.25,5,211|193|208|201|187,0,,0.0,1,0.24775765024125038,0.20516634395524885,1
cifar100_proser_fedavg__split04__seed1__d0.5,cifar100,d0.5,0.3,5,211|193|208|201|187,1,0.2858135898026206,0.07730550792030834,1,0.28318300387230533,0.24232720158714088,0
cifar100_proser_fedavg__split04__seed1__d5.0,cifar100,d5,0.05,5,191|217|202|191|199,0,,0.0,0,,0.0,0
cifar100_proser_fedavg__split04__seed1__d5.0,cifar100,d5,0.1,5,191|217|202|191|199,0,,0.0,0,,0.0,0
cifar100_proser_fedavg__split04__seed1__d5.0,cifar100,d5,0.15,5,191|217|202|191|199,0,,0.0,0,,0.0,0
cifar100_proser_fedavg__split04__seed1__d5.0,cifar100,d5,0.2,5,191|217|202|191|199,1,0.17396469642223483,0.07565967752991613,1,0.19904504651325106,0.15364567360536902,0
cifar100_proser_fedavg__split04__seed1__d5.0,cifar100,d5,0.25,5,191|217|202|191|199,1,0.2211921567191555,0.17005846295116048,1,0.20734018282525496,0.1871519530890463,0
cifar100_proser_fedavg__split04__seed1__d5.0,cifar100,d5,0.3,5,191|217|202|191|199,1,0.2816035137740886,0.21118180071386614,1,0.294063074380248,0.30671511124046685,0
cifar100_proser_fedavg__split04__seed2__d0.1,cifar100,d0.1,0.05,5,216|185|203|201|195,0,,0.0,0,,0.0,0
cifar100_proser_fedavg__split04__seed2__d0.1,cifar100,d0.1,0.1,5,216|185|203|201|195,0,,0.0,0,,0.0,0
cifar100_proser_fedavg__split04__seed2__d0.1,cifar100,d0.1,0.15,5,216|185|203|201|195,0,,0.0,0,,0.0,0
cifar100_proser_fedavg__split04__seed2__d0.1,cifar100,d0.1,0.2,5,216|185|203|201|195,0,,0.0,0,,0.0,0
cifar100_proser_fedavg__split04__seed2__d0.1,cifar100,d0.1,0.25,5,216|185|203|201|195,0,,0.0,0,,0.0,0
cifar100_proser_fedavg__split04__seed2__d0.1,cifar100,d0.1,0.3,5,216|185|203|201|195,0,,0.0,0,,0.0,0
cifar100_proser_fedavg__split04__seed2__d0.5,cifar100,d0.5,0.05,5,192|191|207|201|209,0,,0.0,0,,0.0,0
cifar100_proser_fedavg__split04__seed2__d0.5,cifar100,d0.5,0.1,5,192|191|207|201|209,0,,0.0,0,,0.0,0
cifar100_proser_fedavg__split04__seed2__d0.5,cifar100,d0.5,0.15,5,192|191|207|201|209,0,,0.0,0,,0.0,0
cifar100_proser_fedavg__split04__seed2__d0.5,cifar100,d0.5,0.2,5,192|191|207|201|209,0,,0.0,0,,0.0,0
cifar100_proser_fedavg__split04__seed2__d0.5,cifar100,d0.5,0.25,5,192|191|207|201|209,0,,0.0,1,0.24234738650449383,0.15601321674723553,1
cifar100_proser_fedavg__split04__seed2__d0.5,cifar100,d0.5,0.3,5,192|191|207|201|209,1,0.2874834532178822,0.13671084543802253,1,0.26984186785461195,0.1847530231818345,0
cifar100_proser_fedavg__split04__seed2__d5.0,cifar100,d5,0.05,5,187|207|209|191|206,0,,0.0,0,,0.0,0
cifar100_proser_fedavg__split04__seed2__d5.0,cifar100,d5,0.1,5,187|207|209|191|206,0,,0.0,0,,0.0,0
cifar100_proser_fedavg__split04__seed2__d5.0,cifar100,d5,0.15,5,187|207|209|191|206,0,,0.0,0,,0.0,0
cifar100_proser_fedavg__split04__seed2__d5.0,cifar100,d5,0.2,5,187|207|209|191|206,0,,0.0,0,,0.0,0
cifar100_proser_fedavg__split04__seed2__d5.0,cifar100,d5,0.25,5,187|207|209|191|206,0,,0.0,1,0.23749511002674356,0.1287943905146198,1
cifar100_proser_fedavg__split04__seed2__d5.0,cifar100,d5,0.3,5,187|207|209|191|206,1,0.289646306976098,0.12804566180103333,1,0.29978611267387256,0.2123129095957353,0
cifar100_proser_fedavg__split04__seed3__d0.1,cifar100,d0.1,0.05,5,223|188|179|202|208,0,,0.0,0,,0.0,0
cifar100_proser_fedavg__split04__seed3__d0.1,cifar100,d0.1,0.1,5,223|188|179|202|208,0,,0.0,0,,0.0,0
cifar100_proser_fedavg__split04__seed3__d0.1,cifar100,d0.1,0.15,5,223|188|179|202|208,0,,0.0,0,,0.0,0
cifar100_proser_fedavg__split04__seed3__d0.1,cifar100,d0.1,0.2,5,223|188|179|202|208,0,,0.0,0,,0.0,0
cifar100_proser_fedavg__split04__seed3__d0.1,cifar100,d0.1,0.25,5,223|188|179|202|208,0,,0.0,0,,0.0,0
cifar100_proser_fedavg__split04__seed3__d0.1,cifar100,d0.1,0.3,5,223|188|179|202|208,0,,0.0,1,0.2681149123976383,0.061447444352332445,1
cifar100_proser_fedavg__split04__seed3__d0.5,cifar100,d0.5,0.05,5,192|186|205|196|221,0,,0.0,0,,0.0,0
cifar100_proser_fedavg__split04__seed3__d0.5,cifar100,d0.5,0.1,5,192|186|205|196|221,0,,0.0,0,,0.0,0
cifar100_proser_fedavg__split04__seed3__d0.5,cifar100,d0.5,0.15,5,192|186|205|196|221,0,,0.0,0,,0.0,0
cifar100_proser_fedavg__split04__seed3__d0.5,cifar100,d0.5,0.2,5,192|186|205|196|221,0,,0.0,1,0.1843143322643374,0.0762458856303724,1
cifar100_proser_fedavg__split04__seed3__d0.5,cifar100,d0.5,0.25,5,192|186|205|196|221,1,0.23395028740164917,0.0889210237552595,1,0.19143251483423285,0.09118788764929395,0
cifar100_proser_fedavg__split04__seed3__d0.5,cifar100,d0.5,0.3,5,192|186|205|196|221,1,0.28868505365247105,0.14019070027175998,1,0.2998043688361298,0.20556254715499434,0
cifar100_proser_fedavg__split04__seed3__d5.0,cifar100,d5,0.05,5,206|210|199|209|176,0,,0.0,0,,0.0,0
cifar100_proser_fedavg__split04__seed3__d5.0,cifar100,d5,0.1,5,206|210|199|209|176,0,,0.0,0,,0.0,0
cifar100_proser_fedavg__split04__seed3__d5.0,cifar100,d5,0.15,5,206|210|199|209|176,0,,0.0,0,,0.0,0
cifar100_proser_fedavg__split04__seed3__d5.0,cifar100,d5,0.2,5,206|210|199|209|176,0,,0.0,1,0.19798635498388015,0.15057930017410215,1
cifar100_proser_fedavg__split04__seed3__d5.0,cifar100,d5,0.25,5,206|210|199|209|176,1,0.22092271386438567,0.10746855377756538,1,0.23910063904730028,0.1764800476183468,0
cifar100_proser_fedavg__split04__seed3__d5.0,cifar100,d5,0.3,5,206|210|199|209|176,1,0.2684857830271825,0.20397712586410097,1,0.2531424534724407,0.2139713476723078,0
cifar100_proser_fedavg__split04__seed4__d0.1,cifar100,d0.1,0.05,5,220|180|209|195|196,0,,0.0,0,,0.0,0
cifar100_proser_fedavg__split04__seed4__d0.1,cifar100,d0.1,0.1,5,220|180|209|195|196,0,,0.0,0,,0.0,0
cifar100_proser_fedavg__split04__seed4__d0.1,cifar100,d0.1,0.15,5,220|180|209|195|196,0,,0.0,0,,0.0,0
cifar100_proser_fedavg__split04__seed4__d0.1,cifar100,d0.1,0.2,5,220|180|209|195|196,0,,0.0,0,,0.0,0
cifar100_proser_fedavg__split04__seed4__d0.1,cifar100,d0.1,0.25,5,220|180|209|195|196,0,,0.0,0,,0.0,0
cifar100_proser_fedavg__split04__seed4__d0.1,cifar100,d0.1,0.3,5,220|180|209|195|196,0,,0.0,0,,0.0,0
cifar100_proser_fedavg__split04__seed4__d0.5,cifar100,d0.5,0.05,5,204|197|211|200|188,0,,0.0,0,,0.0,0
cifar100_proser_fedavg__split04__seed4__d0.5,cifar100,d0.5,0.1,5,204|197|211|200|188,0,,0.0,0,,0.0,0
cifar100_proser_fedavg__split04__seed4__d0.5,cifar100,d0.5,0.15,5,204|197|211|200|188,0,,0.0,0,,0.0,0
cifar100_proser_fedavg__split04__seed4__d0.5,cifar100,d0.5,0.2,5,204|197|211|200|188,0,,0.0,0,,0.0,0
cifar100_proser_fedavg__split04__seed4__d0.5,cifar100,d0.5,0.25,5,204|197|211|200|188,0,,0.0,1,0.2099736400006867,0.10318200998267307,1
cifar100_proser_fedavg__split04__seed4__d0.5,cifar100,d0.5,0.3,5,204|197|211|200|188,1,0.2725163058366193,0.1297746569620508,1,0.2778351832019906,0.20711488124173671,0
cifar100_proser_fedavg__split04__seed4__d5.0,cifar100,d5,0.05,5,192|201|199|210|198,0,,0.0,0,,0.0,0
cifar100_proser_fedavg__split04__seed4__d5.0,cifar100,d5,0.1,5,192|201|199|210|198,0,,0.0,0,,0.0,0
cifar100_proser_fedavg__split04__seed4__d5.0,cifar100,d5,0.15,5,192|201|199|210|198,0,,0.0,0,,0.0,0
cifar100_proser_fedavg__split04__seed4__d5.0,cifar100,d5,0.2,5,192|201|199|210|198,0,,0.0,0,,0.0,0
cifar100_proser_fedavg__split04__seed4__d5.0,cifar100,d5,0.25,5,192|201|199|210|198,0,,0.0,1,0.23915795475126406,0.10347807248930124,1
cifar100_proser_fedavg__split04__seed4__d5.0,cifar100,d5,0.3,5,192|201|199|210|198,1,0.2958773847609296,0.12115073228675066,1,0.2873468736123841,0.2078505068635873,0
cifar100_proser_fedavg__split05__seed0__d0.1,cifar100,d0.1,0.05,5,215|167|220|207|191,0,,0.0,0,,0.0,0
cifar100_proser_fedavg__split05__seed0__d0.1,cifar100,d0.1,0.1,5,215|167|220|207|191,0,,0.0,0,,0.0,0
cifar100_proser_fedavg__split05__seed0__d0.1,cifar100,d0.1,0.15,5,215|167|220|207|191,0,,0.0,0,,0.0,0
cifar100_proser_fedavg__split05__seed0__d0.1,cifar100,d0.1,0.2,5,215|167|220|207|191,0,,0.0,0,,0.0,0
cifar100_proser_fedavg__split05__seed0__d0.1,cifar100,d0.1,0.25,5,215|167|220|207|191,0,,0.0,0,,0.0,0
cifar100_proser_fedavg__split05__seed0__d0.1,cifar100,d0.1,0.3,5,215|167|220|207|191,0,,0.0,0,,0.0,0
cifar100_proser_fedavg__split05__seed0__d0.5,cifar100,d0.5,0.05,5,209|226|198|173|194,0,,0.0,0,,0.0,0
cifar100_proser_fedavg__split05__seed0__d0.5,cifar100,d0.5,0.1,5,209|226|198|173|194,0,,0.0,0,,0.0,0
cifar100_proser_fedavg__split05__seed0__d0.5,cifar100,d0.5,0.15,5,209|226|198|173|194,0,,0.0,0,,0.0,0
cifar100_proser_fedavg__split05__seed0__d0.5,cifar100,d0.5,0.2,5,209|226|198|173|194,0,,0.0,0,,0.0,0
cifar100_proser_fedavg__split05__seed0__d0.5,cifar100,d0.5,0.25,5,209|226|198|173|194,0,,0.0,0,,0.0,0
cifar100_proser_fedavg__split05__seed0__d0.5,cifar100,d0.5,0.3,5,209|226|198|173|194,0,,0.0,1,0.29927143617721996,0.2023113680556887,1
cifar100_proser_fedavg__split05__seed0__d5.0,cifar100,d5,0.05,5,182|198|238|187|195,0,,0.0,0,,0.0,0
cifar100_proser_fedavg__split05__seed0__d5.0,cifar100,d5,0.1,5,182|198|238|187|195,0,,0.0,0,,0.0,0
cifar100_proser_fedavg__split05__seed0__d5.0,cifar100,d5,0.15,5,182|198|238|187|195,0,,0.0,0,,0.0,0
cifar100_proser_fedavg__split05__seed0__d5.0,cifar100,d5,0.2,5,182|198|238|187|195,0,,0.0,0,,0.0,0
cifar100_proser_fedavg__split05__seed0__d5.0,cifar100,d5,0.25,5,182|198|238|187|195,0,,0.0,1,0.24909261383083328,0.16816967555824358,1
cifar100_proser_fedavg__split05__seed0__d5.0,cifar100,d5,0.3,5,182|198|238|187|195,1,0.2933714295236956,0.17005846295116048,1,0.2816845775812037,0.2060858482519347,0
cifar100_proser_fedavg__split05__seed1__d0.1,cifar100,d0.1,0.05,5,193|199|212|172|224,0,,0.0,0,,0.0,0
cifar100_proser_fedavg__split05__seed1__d0.1,cifar100,d0.1,0.1,5,193|199|212|172|224,0,,0.0,0,,0.0,0
cifar100_proser_fedavg__split05__seed1__d0.1,cifar100,d0.1,0.15,5,193|199|212|172|224,0,,0.0,0,,0.0,0
cifar100_proser_fedavg__split05__seed1__d0.1,cifar100,d0.1,0.2,5,193|199|212|172|224,0,,0.0,0,,0.0,0
cifar100_proser_fedavg__split05__seed1__d0.1,cifar100,d0.1,0.25,5,193|199|212|172|224,0,,0.0,0,,0.0,0
cifar100_proser_fedavg__split05__seed1__d0.1,cifar100,d0.1,0.3,5,193|199|212|172|224,0,,0.0,0,,0.0,0
cifar100_proser_fedavg__split05__seed1__d0.5,cifar100,d0.5,0.05,5,197|205|179|201|218,0,,0.0,0,,0.0,0
cifar100_proser_fedavg__split05__seed1__d0.5,cifar100,d0.5,0.1,5,197|205|179|201|218,0,,0.0,0,,0.0,0
cifar100_proser_fedavg__split05__seed1__d0.5,cifar100,d0.5,0.15,5,197|205|179|201|218,0,,0.0,0,,0.0,0
cifar100_proser_fedavg__split05__seed1__d0.5,cifar100,d0.5,0.2,5,197|205|179|201|218,0,,0.0,0,,0.0,0
cifar100_proser_fedavg__split05__seed1__d0.5,cifar100,d0.5,0.25,5,197|205|179|201|218,1,0.23730644591377772,0.10237773175548391,1,0.23645984107107892,0.15878830660194043,0
cifar100_proser_fedavg__split05__seed1__d0.5,cifar100,d0.5,0.3,5,197|205|179|201|218,1,0.2806189151062664,0.11258177168812457,1,0.26642789722330257,0.20801347628196937,0
cifar100_proser_fedavg__split05__seed1__d5.0,cifar100,d5,0.05,5,174|197|199|210|220,0,,0.0,0,,0.0,0
cifar100_proser_fedavg__split05__seed1__d5.0,cifar100,d5,0.1,5,174|197|199|210|220,0,,0.0,0,,0.0,0
cifar100_proser_fedavg__split05__seed1__d5.0,cifar100,d5,0.15,5,174|197|199|210|220,0,,0.0,0,,0.0,0
cifar100_proser_fedavg__split05__seed1__d5.0,cifar100,d5,0.2,5,174|197|199|210|220,1,0.190394746428224,0.05941604726528243,1,0.17502942197717816,0.1134048406764139,0
cifar100_proser_fedavg__split05__seed1__d5.0,cifar100,d5,0.25,5,174|197|199|210|220,1,0.23490339959159445,0.13671084543802253,1,0.19103715132113314,0.14650532806840305,0
cifar100_proser_fedavg__split05__seed1__d5.0,cifar100,d5,0.3,5,174|197|199|210|220,1,0.2830524282070045,0.1629867870468295,1,0.29849860558180874,0.21907582834245304,0
cifar100_proser_fedavg__split05__seed2__d0.1,cifar100,d0.1,0.05,5,201|194|179|221|205,0,,0.0,0,,0.0,0
cifar100_proser_fedavg__split05__seed2__d0.1,cifar100,d0.1,0.1,5,201|194|179|221|205,0,,0.0,0,,0.0,0
cifar100_proser_fedavg__split05__seed2__d0.1,cifar100,d0.1,0.15,5,201|194|179|221|205,0,,0.0,0,,0.0,0
cifar100_proser_fedavg__split05__seed2__d0.1,cifar100,d0.1,0.2,5,201|194|179|221|205,0,,0.0,0,,0.0,0
cifar100_proser_fedavg__split05__seed2__d0.1,cifar100,d0.1,0.25,5,201|194|179|221|205,0,,0.0,0,,0.0,0
cifar100_proser_fedavg__split05__seed2__d0.1,cifar100,d0.1,0.3,5,201|194|179|221|205,0,,0.0,0,,0.0,0
cifar100_proser_fedavg__split05__seed2__d0.5,cifar100,d0.5,0.05,5,202|182|205|207|204,0,,0.0,0,,0.0,0
cifar100_proser_fedavg__split05__seed2__d0.5,cifar100,d0.5,0.1,5,202|182|205|207|204,0,,0.0,0,,0.0,0
cifar100_proser_fedavg__split05__seed2__d0.5,cifar100,d0.5,0.15,5,202|182|205|207|204,0,,0.0,0,,0.0,0
cifar100_proser_fedavg__split05__seed2__d0.5,cifar100,d0.5,0.2,5,202|182|205|207|204,0,,0.0,0,,0.0,0
cifar100_proser_fedavg__split05__seed2__d0.5,cifar100,d0.5,0.25,5,202|182|205|207|204,1,0.2362871554197332,0.09394603756004245,1,0.24549757150530171,0.12157109760261452,0
cifar100_proser_fedavg__split05__seed2__d0.5,cifar100,d0.5,0.3,5,202|182|205|207|204,1,0.22550563040356775,0.0626310549926967,1,0.2851749359201181,0.15799506402839228,0
cifar100_proser_fedavg__split05__seed2__d5.0,cifar100,d5,0.05,5,199|208|217|195|181,0,,0.0,0,,0.0,0
cifar100_proser_fedavg__split05__seed2__d5.0,cifar100,d5,0.1,5,199|208|217|195|181,0,,0.0,0,,0.0,0
cifar100_proser_fedavg__split05__seed2__d5.0,cifar100,d5,0.15,5,199|208|217|195|181,0,,0.0,0,,0.0,0
cifar100_proser_fedavg__split05__seed2__d5.0,cifar100,d5,0.2,5,199|208|217|195|181,0,,0.0,0,,0.0,0
cifar100_proser_fedavg__split05__seed2__d5.0,cifar100,d5,0.25,5,199|208|217|195|181,0,,0.0,1,0.22766218948410888,0.14006717542032293,1
cifar100_proser_fedavg__split05__seed2__d5.0,cifar100,d5,0.3,5,199|208|217|195|181,1,0.2985821478596517,0.15242870444470066,1,0.29449491040620074,0.23136950047554464,0
cifar100_proser_fedavg__split05__seed3__d0.1,cifar100,d0.1,0.05,5,189|164|213|208|226,0,,0.0,0,,0.0,0
cifar100_proser_fedavg__split05__seed3__d0.1,cifar100,d0.1,0.1,5,189|164|213|208|226,0,,0.0,0,,0.0,0
cifar100_proser_fedavg__split05__seed3__d0.1,cifar100,d0.1,0.15,5,189|164|213|208|226,0,,0.0,0,,0.0,0
cifar100_proser_fedavg__split05__seed3__d0.1,cifar100,d0.1,0.2,5,189|164|213|208|226,0,,0.0,0,,0.0,0
cifar100_proser_fedavg__split05__seed3__d0.1,cifar100,d0.1,0.25,5,189|164|213|208|226,0,,0.0,1,0.2454739498388856,0.09065669722791354,1
cifar100_proser_fedavg__split05__seed3__d0.1,cifar100,d0.1,0.3,5,189|164|213|208|226,1,0.2813703832448004,0.10407211410259802,1,0.25920755452666344,0.11488989754184772,0
cifar100_proser_fedavg__split05__seed3__d0.5,cifar100,d0.5,0.05,5,192|227|195|187|199,0,,0.0,0,,0.0,0
cifar100_proser_fedavg__split05__seed3__d0.5,cifar100,d0.5,0.1,5,192|227|195|187|199,0,,0.0,0,,0.0,0
cifar100_proser_fedavg__split05__seed3__d0.5,cifar100,d0.5,0.15,5,192|227|195|187|199,0,,0.0,0,,0.0,0
cifar100_proser_fedavg__split05__seed3__d0.5,cifar100,d0.5,0.2,5,192|227|195|187|199,0,,0.0,0,,0.0,0
cifar100_proser_fedavg__split05__seed3__d0.5,cifar100,d0.5,0.25,5,192|227|195|187|199,0,,0.0,1,0.24291299492855256,0.07012101349186205,1
cifar100_proser_fedavg__split05__seed3__d0.5,cifar100,d0.5,0.3,5,192|227|195|187|199,1,0.2580954162263095,0.06748656987283631,1,0.29972871421858793,0.18833753198266895,0
cifar100_proser_fedavg__split05__seed3__d5.0,cifar100,d5,0.05,5,180|200|229|189|202,0,,0.0,0,,0.0,0
cifar100_proser_fedavg__split05__seed3__d5.0,cifar100,d5,0.1,5,180|200|229|189|202,0,,0.0,0,,0.0,0
cifar100_proser_fedavg__split05__seed3__d5.0,cifar100,d5,0.15,5,180|200|229|189|202,0,,0.0,0,,0.0,0
cifar100_proser_fedavg__split05__seed3__d5.0,cifar100,d5,0.2,5,180|200|229|189|202,0,,0.0,1,0.19803993591997307,0.05825560786704324,1
cifar100_proser_fedavg__split05__seed3__d5.0,cifar100,d5,0.25,5,180|200|229|189|202,1,0.21482289799601842,0.0889210237552595,1,0.23719178455251994,0.18850614910333852,0
cifar100_proser_fedavg__split05__seed3__d5.0,cifar100,d5,0.3,5,180|200|229|189|202,1,0.2843008987395213,0.19321030734982836,1,0.2580875532667914,0.21711548121985763,0
cifar100_proser_fedavg__split05__seed4__d0.1,cifar100,d0.1,0.05,5,198|202|224|182|194,0,,0.0,0,,0.0,0
cifar100_proser_fedavg__split05__seed4__d0.1,cifar100,d0.1,0.1,5,198|202|224|182|194,0,,0.0,0,,0.0,0
cifar100_proser_fedavg__split05__seed4__d0.1,cifar100,d0.1,0.15,5,198|202|224|182|194,0,,0.0,0,,0.0,0
cifar100_proser_fedavg__split05__seed4__d0.1,cifar100,d0.1,0.2,5,198|202|224|182|194,0,,0.0,0,,0.0,0
cifar100_proser_fedavg__split05__seed4__d0.1,cifar100,d0.1,0.25,5,198|202|224|182|194,0,,0.0,0,,0.0,0
cifar100_proser_fedavg__split05__seed4__d0.1,cifar100,d0.1,0.3,5,198|202|224|182|194,0,,0.0,0,,0.0,0
cifar100_proser_fedavg__split05__seed4__d0.5,cifar100,d0.5,0.05,5,196|210|194|164|236,0,,0.0,0,,0.0,0
cifar100_proser_fedavg__split05__seed4__d0.5,cifar100,d0.5,0.1,5,196|210|194|164|236,0,,0.0,0,,0.0,0
cifar100_proser_fedavg__split05__seed4__d0.5,cifar100,d0.5,0.15,5,196|210|194|164|236,0,,0.0,0,,0.0,0
cifar100_proser_fedavg__split05__seed4__d0.5,cifar100,d0.5,0.2,5,196|210|194|164|236,0,,0.0,0,,0.0,0
cifar100_proser_fedavg__split05__seed4__d0.5,cifar100,d0.5,0.25,5,196|210|194|164|236,0,,0.0,0,,0.0,0
cifar100_proser_fedavg__split05__seed4__d0.5,cifar100,d0.5,0.3,5,196|210|194|164|236,0,,0.0,1,0.2914637712195489,0.14663634571113185,1
cifar100_proser_fedavg__split05__seed4__d5.0,cifar100,d5,0.05,5,184|209|203|191|213,0,,0.0,0,,0.0,0
cifar100_proser_fedavg__split05__seed4__d5.0,cifar100,d5,0.1,5,184|209|203|191|213,0,,0.0,0,,0.0,0
cifar100_proser_fedavg__split05__seed4__d5.0,cifar100,d5,0.15,5,184|209|203|191|213,0,,0.0,0,,0.0,0
cifar100_proser_fedavg__split05__seed4__d5.0,cifar100,d5,0.2,5,184|209|203|191|213,0,,0.0,1,0.19111861077600711,0.08807527762803861,1
cifar100_proser_fedavg__split05__seed4__d5.0,cifar100,d5,0.25,5,184|209|203|191|213,0,,0.0,1,0.20112823245469777,0.1421989639272616,1
cifar100_proser_fedavg__split05__seed4__d5.0,cifar100,d5,0.3,5,184|209|203|191|213,1,0.284067352330845,0.15770014800815232,1,0.2317851418469098,0.17874315183568731,0
cifar100_proser_fedavg__split06__seed0__d0.1,cifar100,d0.1,0.05,5,214|195|189|202|200,0,,0.0,0,,0.0,0
cifar100_proser_fedavg__split06__seed0__d0.1,cifar100,d0.1,0.1,5,214|195|189|202|200,0,,0.0,0,,0.0,0
cifar100_proser_fedavg__split06__seed0__d0.1,cifar100,d0.1,0.15,5,214|195|189|202|200,0,,0.0,0,,0.0,0
cifar100_proser_fedavg__split06__seed0__d0.1,cifar100,d0.1,0.2,5,214|195|189|202|200,0,,0.0,0,,0.0,0
cifar100_proser_fedavg__split06__seed0__d0.1,cifar100,d0.1,0.25,5,214|195|189|202|200,0,,0.0,0,,0.0,0
cifar100_proser_fedavg__split06__seed0__d0.1,cifar100,d0.1,0.3,5,214|195|189|202|200,0,,0.0,0,,0.0,0
cifar100_proser_fedavg__split06__seed0__d0.5,cifar100,d0.5,0.05,5,193|213|183|211|200,0,,0.0,0,,0.0,0
cifar100_proser_fedavg__split06__seed0__d0.5,cifar100,d0.5,0.1,5,193|213|183|211|200,0,,0.0,0,,0.0,0
cifar100_proser_fedavg__split06__seed0__d0.5,cifar100,d0.5,0.15,5,193|213|183|211|200,0,,0.0,0,,0.0,0
cifar100_proser_fedavg__split06__seed0__d0.5,cifar100,d0.5,0.2,5,193|213|183|211|200,0,,0.0,0,,0.0,0
cifar100_proser_fedavg__split06__seed0__d0.5,cifar100,d0.5,0.25,5,193|213|183|211|200,0,,0.0,1,0.24447364103488567,0.09912342685708919,1
cifar100_proser_fedavg__split06__seed0__d0.5,cifar100,d0.5,0.3,5,193|213|183|211|200,1,0.28804750071427776,0.11087494490555679,1,0.25687031825580786,0.13970060986239585,0
cifar100_proser_fedavg__split06__seed0__d5.0,cifar100,d5,0.05,5,200|224|192|182|202,0,,0.0,0,,0.0,0
cifar100_proser_fedavg__split06__seed0__d5.0,cifar100,d5,0.1,5,200|224|192|182|202,0,,0.0,0,,0.0,0
cifar100_proser_fedavg__split06__seed0__d5.0,cifar100,d5,0.15,5,200|224|192|182|202,0,,0.0,0,,0.0,0
cifar100_proser_fedavg__split06__seed0__d5.0,cifar100,d5,0.2,5,200|224|192|182|202,0,,0.0,0,,0.0,0
cifar100_proser_fedavg__split06__seed0__d5.0,cifar100,d5,0.25,5,200|224|192|182|202,0,,0.0,1,0.23667232207932284,0.17718402705318076,1
cifar100_proser_fedavg__split06__seed0__d5.0,cifar100,d5,0.3,5,200|224|192|182|202,0,,0.0,1,0.26400195663881976,0.20385183480321678,1
cifar100_proser_fedavg__split06__seed1__d0.1,cifar100,d0.1,0.05,5,197|221|183|198|201,0,,0.0,0,,0.0,0
cifar100_proser_fedavg__split06__seed1__d0.1,cifar100,d0.1,0.1,5,197|221|183|198|201,0,,0.0,0,,0.0,0
cifar100_proser_fedavg__split06__seed1__d0.1,cifar100,d0.1,0.15,5,197|221|183|198|201,0,,0.0,0,,0.0,0
cifar100_proser_fedavg__split06__seed1__d0.1,cifar100,d0.1,0.2,5,197|221|183|198|201,0,,0.0,0,,0.0,0
cifar100_proser_fedavg__split06__seed1__d0.1,cifar100,d0.1,0.25,5,197|221|183|198|201,0,,0.0,0,,0.0,0
cifar100_proser_fedavg__split06__seed1__d0.1,cifar100,d0.1,0.3,5,197|221|183|198|201,0,,0.0,0,,0.0,0
cifar100_proser_fedavg__split06__seed1__d0.5,cifar100,d0.5,0.05,5,209|198|185|203|205,0,,0.0,0,,0.0,0
cifar100_proser_fedavg__split06__seed1__d0.5,cifar100,d0.5,0.1,5,209|198|185|203|205,0,,0.0,0,,0.0,0
cifar100_proser_fedavg__split06__seed1__d0.5,cifar100,d0.5,0.15,5,209|198|185|203|205,0,,0.0,0,,0.0,0
cifar100_proser_fedavg__split06__seed1__d0.5,cifar100,d0.5,0.2,5,209|198|185|203|205,0,,0.0,0,,0.0,0
cifar100_proser_fedavg__split06__seed1__d0.5,cifar100,d0.5,0.25,5,209|198|185|203|205,0,,0.0,1,0.24847981716708176,0.13997313261810598,1
cifar100_proser_fedavg__split06__seed1__d0.5,cifar100,d0.5,0.3,5,209|198|185|203|205,1,0.29447805206310906,0.08226388471076324,1,0.2793225736603199,0.1853243490265552,0
cifar100_proser_fedavg__split06__seed1__d5.0,cifar100,d5,0.05,5,201|202|199|193|205,0,,0.0,0,,0.0,0
cifar100_proser_fedavg__split06__seed1__d5.0,cifar100,d5,0.1,5,201|202|199|193|205,0,,0.0,0,,0.0,0
cifar100_proser_fedavg__split06__seed1__d5.0,cifar100,d5,0.15,5,201|202|199|193|205,0,,0.0,0,,0.0,0
cifar100_proser_fedavg__split06__seed1__d5.0,cifar100,d5,0.2,5,201|202|199|193|205,0,,0.0,1,0.18632301973461643,0.14302681482236526,1
cifar100_proser_fedavg__split06__seed1__d5.0,cifar100,d5,0.25,5,201|202|199|193|205,1,0.2211921567191555,0.13497382023620932,1,0.24602163195113042,0.22264191277023648,0
cifar100_proser_fedavg__split06__seed1__d5.0,cifar100,d5,0.3,5,201|202|199|193|205,1,0.2669546978586827,0.15770014800815232,1,0.28965069743858385,0.2401704779638955,0
cifar100_proser_fedavg__split06__seed2__d0.1,cifar100,d0.1,0.05,5,219|189|195|199|198,0,,0.0,0,,0.0,0
cifar100_proser_fedavg__split06__seed2__d0.1,cifar100,d0.1,0.1,5,219|189|195|199|198,0,,0.0,0,,0.0,0
cifar100_proser_fedavg__split06__seed2__d0.1,cifar100,d0.1,0.15,5,219|189|195|199|198,0,,0.0,0,,0.0,0
cifar100_proser_fedavg__split06__seed2__d0.1,cifar100,d0.1,0.2,5,219|189|195|199|198,0,,0.0,0,,0.0,0
cifar100_proser_fedavg__split06__seed2__d0.1,cifar100,d0.1,0.25,5,219|189|195|199|198,0,,0.0,0,,0.0,0
cifar100_proser_fedavg__split06__seed2__d0.1,cifar100,d0.1,0.3,5,219|189|195|199|198,0,,0.0,0,,0.0,0
cifar100_proser_fedavg__split06__seed2__d0.5,cifar100,d0.5,0.05,5,187|198|212|211|192,0,,0.0,0,,0.0,0
cifar100_proser_fedavg__split06__seed2__d0.5,cifar100,d0.5,0.1,5,187|198|212|211|192,0,,0.0,0,,0.0,0
cifar100_proser_fedavg__split06__seed2__d0.5,cifar100,d0.5,0.15,5,187|198|212|211|192,0,,0.0,0,,0.0,0
cifar100_proser_fedavg__split06__seed2__d0.5,cifar100,d0.5,0.2,5,187|198|212|211|192,1,0.18202898266367668,0.0740174636052026,1,0.1879429681532832,0.09903324377075554,0
cifar100_proser_fedavg__split06__seed2__d0.5,cifar100,d0.5,0.25,5,187|198|212|211|192,1,0.2363755700864265,0.126318742423585,1,0.21460257656892567,0.13291091722440954,0
cifar100_proser_fedavg__split06__seed2__d0.5,cifar100,d0.5,0.3,5,187|198|212|211|192,1,0.26519046570998955,0.15067502031936403,1,0.22901404462396324,0.1570047922191034,0
cifar100_proser_fedavg__split06__seed2__d5.0,cifar100,d5,0.05,5,202|198|194|209|197,0,,0.0,0,,0.0,0
cifar100_proser_fedavg__split06__seed2__d5.0,cifar100,d5,0.1,5,202|198|194|209|197,0,,0.0,0,,0.0,0
cifar100_proser_fedavg__split06__seed2__d5.0,cifar100,d5,0.15,5,202|198|194|209|197,0,,0.0,0,,0.0,0
cifar100_proser_fedavg__split06__seed2__d5.0,cifar100,d5,0.2,5,202|198|194|209|197,0,,0.0,1,0.1919549950649651,0.07938751058877248,1
cifar100_proser_fedavg__split06__seed2__d5.0,cifar100,d5,0.25,5,202|198|194|209|197,1,0.22761686208900375,0.11429096820363398,1,0.24861145526492706,0.21496804498488148,0
cifar100_proser_fedavg__split06__seed2__d5.0,cifar100,d5,0.3,5,202|198|194|209|197,1,0.23449606813516444,0.16475229402669125,1,0.2913363230675923,0.257845029584661,0
cifar100_proser_fedavg__split06__seed3__d0.1,cifar100,d0.1,0.05,5,235|195|178|186|206,0,,0.0,0,,0.0,0
cifar100_proser_fedavg__split06__seed3__d0.1,cifar100,d0.1,0.1,5,235|195|178|186|206,0,,0.0,0,,0.0,0
cifar100_proser_fedavg__split06__seed3__d0.1,cifar100,d0.1,0.15,5,235|195|178|186|206,0,,0.0,0,,0.0,0
cifar100_proser_fedavg__split06__seed3__d0.1,cifar100,d0.1,0.2,5,235|195|178|186|206,0,,0.0,0,,0.0,0
cifar100_proser_fedavg__split06__seed3__d0.1,cifar100,d0.1,0.25,5,235|195|178|186|206,0,,0.0,0,,0.0,0
cifar100_proser_fedavg__split06__seed3__d0.1,cifar100,d0.1,0.3,5,235|195|178|186|206,0,,0.0,1,0.2907557870843148,0.09261311597920178,1
cifar100_proser_fedavg__split06__seed3__d0.5,cifar100,d0.5,0.05,5,186|195|222|211|186,0,,0.0,0,,0.0,0
cifar100_proser_fedavg__split06__seed3__d0.5,cifar100,d0.5,0.1,5,186|195|222|211|186,0,,0.0,0,,0.0,0
cifar100_proser_fedavg__split06__seed3__d0.5,cifar100,d0.5,0.15,5,186|195|222|211|186,0,,0.0,0,,0.0,0
cifar100_proser_fedavg__split06__seed3__d0.5,cifar100,d0.5,0.2,5,186|195|222|211|186,0,,0.0,0,,0.0,0
cifar100_proser_fedavg__split06__seed3__d0.5,cifar100,d0.5,0.25,5,186|195|222|211|186,0,,0.0,1,0.2387351802523347,0.05869104692439791,1
cifar100_proser_fedavg__split06__seed3__d0.5,cifar100,d0.5,0.3,5,186|195|222|211|186,0,,0.0,1,0.2844750535440303,0.19232221658738416,1
cifar100_proser_fedavg__split06__seed3__d5.0,cifar100,d5,0.05,5,194|214|193|208|191,0,,0.0,0,,0.0,0
cifar100_proser_fedavg__split06__seed3__d5.0,cifar100,d5,0.1,5,194|214|193|208|191,0,,0.0,0,,0.0,0
cifar100_proser_fedavg__split06__seed3__d5.0,cifar100,d5,0.15,5,194|214|193|208|191,0,,0.0,0,,0.0,0
cifar100_proser_fedavg__split06__seed3__d5.0,cifar100,d5,0.2,5,194|214|193|208|191,0,,0.0,1,0.18621149613246984,0.1325358495415946,1
cifar100_proser_fedavg__split06__seed3__d5.0,cifar100,d5,0.25,5,194|214|193|208|191,1,0.24724760878422639,0.12287124747137851,1,0.1968755310335511,0.1627213710839047,0
cifar100_proser_fedavg__split06__seed3__d5.0,cifar100,d5,0.3,5,194|214|193|208|191,1,0.2826771698774238,0.15594128738219845,1,0.2283718500733913,0.1877941125065378,0
cifar100_proser_fedavg__split06__seed4__d0.1,cifar100,d0.1,0.05,5,192|183|206|224|195,0,,0.0,0,,0.0,0
cifar100_proser_fedavg__split06__seed4__d0.1,cifar100,d0.1,0.1,5,192|183|206|224|195,0,,0.0,0,,0.0,0
cifar100_proser_fedavg__split06__seed4__d0.1,cifar100,d0.1,0.15,5,192|183|206|224|195,0,,0.0,0,,0.0,0
cifar100_proser_fedavg__split06__seed4__d0.1,cifar100,d0.1,0.2,5,192|183|206|224|195,0,,0.0,0,,0.0,0
cifar100_proser_fedavg__split06__seed4__d0.1,cifar100,d0.1,0.25,5,192|183|206|224|195,0,,0.0,0,,0.0,0
cifar100_proser_fedavg__split06__seed4__d0.1,cifar100,d0.1,0.3,5,192|183|206|224|195,1,0.29133336922605113,0.08060768939057698,1,0.29798893020073447,0.11986852615451889,0
cifar100_proser_fedavg__split06__seed4__d0.5,cifar100,d0.5,0.05,5,174|217|191|199|219,0,,0.0,0,,0.0,0
cifar100_proser_fedavg__split06__seed4__d0.5,cifar100,d0.5,0.1,5,174|217|191|199|219,0,,0.0,0,,0.0,0
cifar100_proser_fedavg__split06__seed4__d0.5,cifar100,d0.5,0.15,5,174|217|191|199|219,0,,0.0,0,,0.0,0
cifar100_proser_fedavg__split06__seed4__d0.5,cifar100,d0.5,0.2,5,174|217|191|199|219,0,,0.0,1,0.19528101915334067,0.10738823018543106,1
cifar100_proser_fedavg__split06__seed4__d0.5,cifar100,d0.5,0.25,5,174|217|191|199|219,0,,0.0,1,0.2352243005639918,0.14604591373204728,1
cifar100_proser_fedavg__split06__seed4__d0.5,cifar100,d0.5,0.3,5,174|217|191|199|219,1,0.27486516514105547,0.15770014800815232,1,0.24700211732452954,0.17368062070222598,0
cifar100_proser_fedavg__split06__seed4__d5.0,cifar100,d5,0.05,5,207|209|196|181|207,0,,0.0,0,,0.0,0
cifar100_proser_fedavg__split06__seed4__d5.0,cifar100,d5,0.1,5,207|209|196|181|207,0,,0.0,0,,0.0,0
cifar100_proser_fedavg__split06__seed4__d5.0,cifar100,d5,0.15,5,207|209|196|181|207,0,,0.0,0,,0.0,0
cifar100_proser_fedavg__split06__seed4__d5.0,cifar100,d5,0.2,5,207|209|196|181|207,0,,0.0,0,,0.0,0
cifar100_proser_fedavg__split06__seed4__d5.0,cifar100,d5,0.25,5,207|209|196|181|207,0,,0.0,1,0.2286802236821307,0.20547548116334316,1
cifar100_proser_fedavg__split06__seed4__d5.0,cifar100,d5,0.3,5,207|209|196|181|207,1,0.27662189998340114,0.21118180071386614,1,0.2588760831570922,0.23425024884768164,0
cifar100_proser_fedavg__split07__seed0__d0.1,cifar100,d0.1,0.05,5,213|208|197|197|185,0,,0.0,0,,0.0,0
cifar100_proser_fedavg__split07__seed0__d0.1,cifar100,d0.1,0.1,5,213|208|197|197|185,0,,0.0,0,,0.0,0
cifar100_proser_fedavg__split07__seed0__d0.1,cifar100,d0.1,0.15,5,213|208|197|197|185,0,,0.0,0,,0.0,0
cifar100_proser_fedavg__split07__seed0__d0.1,cifar100,d0.1,0.2,5,213|208|197|197|185,0,,0.0,0,,0.0,0
cifar100_proser_fedavg__split07__seed0__d0.1,cifar100,d0.1,0.25,5,213|208|197|197|185,0,,0.0,0,,0.0,0
cifar100_proser_fedavg__split07__seed0__d0.1,cifar100,d0.1,0.3,5,213|208|197|197|185,0,,0.0,0,,0.0,0
cifar100_proser_fedavg__split07__seed0__d0.5,cifar100,d0.5,0.05,5,201|207|201|187|204,0,,0.0,0,,0.0,0
cifar100_proser_fedavg__split07__seed0__d0.5,cifar100,d0.5,0.1,5,201|207|201|187|204,0,,0.0,0,,0.0,0
cifar100_proser_fedavg__split07__seed0__d0.5,cifar100,d0.5,0.15,5,201|207|201|187|204,0,,0.0,0,,0.0,0
cifar100_proser_fedavg__split07__seed0__d0.5,cifar100,d0.5,0.2,5,201|207|201|187|204,0,,0.0,0,,0.0,0
cifar100_proser_fedavg__split07__seed0__d0.5,cifar100,d0.5,0.25,5,201|207|201|187|204,0,,0.0,0,,0.0,0
cifar100_proser_fedavg__split07__seed0__d0.5,cifar100,d0.5,0.3,5,201|207|201|187|204,0,,0.0,0,,0.0,0
cifar100_proser_fedavg__split07__seed0__d5.0,cifar100,d5,0.05,5,196|213|195|199|197,0,,0.0,0,,0.0,0
cifar100_proser_fedavg__split07__seed0__d5.0,cifar100,d5,0.1,5,196|213|195|199|197,0,,0.0,0,,0.0,0
cifar100_proser_fedavg__split07__seed0__d5.0,cifar100,d5,0.15,5,196|213|195|199|197,0,,0.0,0,,0.0,0
cifar100_proser_fedavg__split07__seed0__d5.0,cifar100,d5,0.2,5,196|213|195|199|197,0,,0.0,1,0.18601825656798482,0.12155606644646078,1
cifar100_proser_fedavg__split07__seed0__d5.0,cifar100,d5,0.25,5,196|213|195|199|197,1,0.21687790941514995,0.1315056998250879,1,0.22899362042765672,0.23066509738186786,0
cifar100_proser_fedavg__split07__seed0__d5.0,cifar100,d5,0.3,5,196|213|195|199|197,1,0.2826771698774238,0.17183034880148174,1,0.27506574234658376,0.28323166712982173,0
cifar100_proser_fedavg__split07__seed1__d0.1,cifar100,d0.1,0.05,5,205|191|198|194|212,0,,0.0,0,,0.0,0
cifar100_proser_fedavg__split07__seed1__d0.1,cifar100,d0.1,0.1,5,205|191|198|194|212,0,,0.0,0,,0.0,0
cifar100_proser_fedavg__split07__seed1__d0.1,cifar100,d0.1,0.15,5,205|191|198|194|212,0,,0.0,0,,0.0,0
cifar100_proser_fedavg__split07__seed1__d0.1,cifar100,d0.1,0.2,5,205|191|198|194|212,0,,0.0,0,,0.0,0
cifar100_proser_fedavg__split07__seed1__d0.1,cifar100,d0.1,0.25,5,205|191|198|194|212,0,,0.0,0,,0.0,0
cifar100_proser_fedavg__split07__seed1__d0.1,cifar100,d0.1,0.3,5,205|191|198|194|212,0,,0.0,0,,0.0,0
cifar100_proser_fedavg__split07__seed1__d0.5,cifar100,d0.5,0.05,5,208|208|192|202|190,0,,0.0,0,,0.0,0
cifar100_proser_fedavg__split07__seed1__d0.5,cifar100,d0.5,0.1,5,208|208|192|202|190,0,,0.0,0,,0.0,0
cifar100_proser_fedavg__split07__seed1__d0.5,cifar100,d0.5,0.15,5,208|208|192|202|190,0,,0.0,0,,0.0,0
cifar100_proser_fedavg__split07__seed1__d0.5,cifar100,d0.5,0.2,5,208|208|192|202|190,0,,0.0,0,,0.0,0
cifar100_proser_fedavg__split07__seed1__d0.5,cifar100,d0.5,0.25,5,208|208|192|202|190,0,,0.0,0,,0.0,0
cifar100_proser_fedavg__split07__seed1__d0.5,cifar100,d0.5,0.3,5,208|208|192|202|190,1,0.2908605004884226,0.10746855377756538,1,0.28037466623344554,0.16136022728411215,0
cifar100_proser_fedavg__split07__seed1__d5.0,cifar100,d5,0.05,5,199|202|175|210|214,0,,0.0,0,,0.0,0
cifar100_proser_fedavg__split07__seed1__d5.0,cifar100,d5,0.1,5,199|202|175|210|214,0,,0.0,0,,0.0,0
cifar100_proser_fedavg__split07__seed1__d5.0,cifar100,d5,0.15,5,199|202|175|210|214,0,,0.0,0,,0.0,0
cifar100_proser_fedavg__split07__seed1__d5.0,cifar100,d5,0.2,5,199|202|175|210|214,0,,0.0,0,,0.0,0
cifar100_proser_fedavg__split07__seed1__d5.0,cifar100,d5,0.25,5,199|202|175|210|214,1,0.23653417925947545,0.16475229402669125,1,0.24848076156794907,0.2402656013146038,0
cifar100_proser_fedavg__split07__seed1__d5.0,cifar100,d5,0.3,5,199|202|175|210|214,1,0.2640163986414234,0.19679377563164985,1,0.2894912886688679,0.2850095320682808,0
cifar100_proser_fedavg__split07__seed2__d0.1,cifar100,d0.1,0.05,5,176|207|200|207|210,0,,0.0,0,,0.0,0
cifar100_proser_fedavg__split07__seed2__d0.1,cifar100,d0.1,0.1,5,176|207|200|207|210,0,,0.0,0,,0.0,0
cifar100_proser_fedavg__split07__seed2__d0.1,cifar100,d0.1,0.15,5,176|207|200|207|210,0,,0.0,0,,0.0,0
cifar100_proser_fedavg__split07__seed2__d0.1,cifar100,d0.1,0.2,5,176|207|200|207|210,0,,0.0,0,,0.0,0
cifar100_proser_fedavg__split07__seed2__d0.1,cifar100,d0.1,0.25,5,176|207|200|207|210,0,,0.0,0,,0.0,0
cifar100_proser_fedavg__split07__seed2__d0.1,cifar100,d0.1,0.3,5,176|207|200|207|210,0,,0.0,0,,0.0,0
cifar100_proser_fedavg__split07__seed2__d0.5,cifar100,d0.5,0.05,5,176|213|208|205|198,0,,0.0,0,,0.0,0
cifar100_proser_fedavg__split07__seed2__d0.5,cifar100,d0.5,0.1,5,176|213|208|205|198,0,,0.0,0,,0.0,0
cifar100_proser_fedavg__split07__seed2__d0.5,cifar100,d0.5,0.15,5,176|213|208|205|198,0,,0.0,0,,0.0,0
cifar100_proser_fedavg__split07__seed2__d0.5,cifar100,d0.5,0.2,5,176|213|208|205|198,0,,0.0,0,,0.0,0
cifar100_proser_fedavg__split07__seed2__d0.5,cifar100,d0.5,0.25,5,176|213|208|205|198,0,,0.0,0,,0.0,0
cifar100_proser_fedavg__split07__seed2__d0.5,cifar100,d0.5,0.3,5,176|213|208|205|198,0,,0.0,1,0.2868895103346754,0.16470123192211303,1
cifar100_proser_fedavg__split07__seed2__d5.0,cifar100,d5,0.05,5,212|185|202|224|177,0,,0.0,0,,0.0,0
cifar100_proser_fedavg__split07__seed2__d5.0,cifar100,d5,0.1,5,212|185|202|224|177,0,,0.0,0,,0.0,0
cifar100_proser_fedavg__split07__seed2__d5.0,cifar100,d5,0.15,5,212|185|202|224|177,0,,0.0,0,,0.0,0
cifar100_proser_fedavg__split07__seed2__d5.0,cifar100,d5,0.2,5,212|185|202|224|177,0,,0.0,0,,0.0,0
cifar100_proser_fedavg__split07__seed2__d5.0,cifar100,d5,0.25,5,212|185|202|224|177,0,,0.0,0,,0.0,0
cifar100_proser_fedavg__split07__seed2__d5.0,cifar100,d5,0.3,5,212|185|202|224|177,1,0.2960607224849462,0.15594128738219845,1,0.2754746143022756,0.177284666113682,0
cifar100_proser_fedavg__split07__seed3__d0.1,cifar100,d0.1,0.05,5,190|217|210|200|183,0,,0.0,0,,0.0,0
cifar100_proser_fedavg__split07__seed3__d0.1,cifar100,d0.1,0.1,5,190|217|210|200|183,0,,0.0,0,,0.0,0
cifar100_proser_fedavg__split07__seed3__d0.1,cifar100,d0.1,0.15,5,190|217|210|200|183,0,,0.0,0,,0.0,0
cifar100_proser_fedavg__split07__seed3__d0.1,cifar100,d0.1,0.2,5,190|217|210|200|183,0,,0.0,0,,0.0,0
cifar100_proser_fedavg__split07__seed3__d0.1,cifar100,d0.1,0.25,5,190|217|210|200|183,0,,0.0,1,0.24833408434719167,0.09254158634783698,1
cifar100_proser_fedavg__split07__seed3__d0.1,cifar100,d0.1,0.3,5,190|217|210|200|183,0,,0.0,1,0.2925749436921937,0.13426449609815322,1
cifar100_proser_fedavg__split07__seed3__d0.5,cifar100,d0.5,0.05,5,190|213|215|198|184,0,,0.0,0,,0.0,0
cifar100_proser_fedavg__split07__seed3__d0.5,cifar100,d0.5,0.1,5,190|213|215|198|184,0,,0.0,0,,0.0,0
cifar100_proser_fedavg__split07__seed3__d0.5,cifar100,d0.5,0.15,5,190|213|215|198|184,0,,0.0,0,,0.0,0
cifar100_proser_fedavg__split07__seed3__d0.5,cifar100,d0.5,0.2,5,190|213|215|198|184,0,,0.0,1,0.19871160767261614,0.07106735293666179,1
cifar100_proser_fedavg__split07__seed3__d0.5,cifar100,d0.5,0.25,5,190|213|215|198|184,0,,0.0,1,0.2250045504239886,0.15626640740250808,1
cifar100_proser_fedavg__split07__seed3__d0.5,cifar100,d0.5,0.3,5,190|213|215|198|184,1,0.28968797138782787,0.17893330314151554,1,0.2981923476548251,0.2769566194979831,0
cifar100_proser_fedavg__split07__seed3__d5.0,cifar100,d5,0.05,5,182|230|193|206|189,0,,0.0,0,,0.0,0
cifar100_proser_fedavg__split07__seed3__d5.0,cifar100,d5,0.1,5,182|230|193|206|189,0,,0.0,0,,0.0,0
cifar100_proser_fedavg__split07__seed3__d5.0,cifar100,d5,0.15,5,182|230|193|206|189,0,,0.0,0,,0.0,0
cifar100_proser_fedavg__split07__seed3__d5.0,cifar100,d5,0.2,5,182|230|193|206|189,0,,0.0,0,,0.0,0
cifar100_proser_fedavg__split07__seed3__d5.0,cifar100,d5,0.25,5,182|230|193|206|189,0,,0.0,1,0.2479859843382473,0.17800092152974062,1
cifar100_proser_fedavg__split07__seed3__d5.0,cifar100,d5,0.3,5,182|230|193|206|189,1,0.29246746217545916,0.09059306740818862,1,0.2961489683423687,0.2744258220629716,0
cifar100_proser_fedavg__split07__seed4__d0.1,cifar100,d0.1,0.05,5,212|185|209|197|197,0,,0.0,0,,0.0,0
cifar100_proser_fedavg__split07__seed4__d0.1,cifar100,d0.1,0.1,5,212|185|209|197|197,0,,0.0,0,,0.0,0
cifar100_proser_fedavg__split07__seed4__d0.1,cifar100,d0.1,0.15,5,212|185|209|197|197,0,,0.0,0,,0.0,0
cifar100_proser_fedavg__split07__seed4__d0.1,cifar100,d0.1,0.2,5,212|185|209|197|197,0,,0.0,0,,0.0,0
cifar100_proser_fedavg__split07__seed4__d0.1,cifar100,d0.1,0.25,5,212|185|209|197|197,0,,0.0,0,,0.0,0
cifar100_proser_fedavg__split07__seed4__d0.1,cifar100,d0.1,0.3,5,212|185|209|197|197,0,,0.0,0,,0.0,0
cifar100_proser_fedavg__split07__seed4__d0.5,cifar100,d0.5,0.05,5,194|190|207|203|206,0,,0.0,0,,0.0,0
cifar100_proser_fedavg__split07__seed4__d0.5,cifar100,d0.5,0.1,5,194|190|207|203|206,0,,0.0,0,,0.0,0
cifar100_proser_fedavg__split07__seed4__d0.5,cifar100,d0.5,0.15,5,194|190|207|203|206,0,,0.0,0,,0.0,0
cifar100_proser_fedavg__split07__seed4__d0.5,cifar100,d0.5,0.2,5,194|190|207|203|206,0,,0.0,0,,0.0,0
cifar100_proser_fedavg__split07__seed4__d0.5,cifar100,d0.5,0.25,5,194|190|207|203|206,0,,0.0,1,0.22097099163511008,0.10292767280758026,1
cifar100_proser_fedavg__split07__seed4__d0.5,cifar100,d0.5,0.3,5,194|190|207|203|206,1,0.2707782442560945,0.09731047765897691,1,0.29085223992719644,0.20356586280940966,0
cifar100_proser_fedavg__split07__seed4__d5.0,cifar100,d5,0.05,5,184|203|201|210|202,0,,0.0,0,,0.0,0
cifar100_proser_fedavg__split07__seed4__d5.0,cifar100,d5,0.1,5,184|203|201|210|202,0,,0.0,0,,0.0,0
cifar100_proser_fedavg__split07__seed4__d5.0,cifar100,d5,0.15,5,184|203|201|210|202,0,,0.0,0,,0.0,0
cifar100_proser_fedavg__split07__seed4__d5.0,cifar100,d5,0.2,5,184|203|201|210|202,0,,0.0,1,0.1911071380491849,0.13731954778772693,1
cifar100_proser_fedavg__split07__seed4__d5.0,cifar100,d5,0.25,5,184|203|201|210|202,1,0.2397589427044813,0.10746855377756538,1,0.19919543011672097,0.12549522361935694,0
cifar100_proser_fedavg__split07__seed4__d5.0,cifar100,d5,0.3,5,184|203|201|210|202,1,0.2689211177173502,0.1682881481006248,1,0.27825752206840465,0.2504477251453169,0
cifar100_proser_fedavg__split08__seed0__d0.1,cifar100,d0.1,0.05,5,164|234|199|202|201,0,,0.0,0,,0.0,0
cifar100_proser_fedavg__split08__seed0__d0.1,cifar100,d0.1,0.1,5,164|234|199|202|201,0,,0.0,0,,0.0,0
cifar100_proser_fedavg__split08__seed0__d0.1,cifar100,d0.1,0.15,5,164|234|199|202|201,0,,0.0,0,,0.0,0
cifar100_proser_fedavg__split08__seed0__d0.1,cifar100,d0.1,0.2,5,164|234|199|202|201,0,,0.0,0,,0.0,0
cifar100_proser_fedavg__split08__seed0__d0.1,cifar100,d0.1,0.25,5,164|234|199|202|201,0,,0.0,0,,0.0,0
cifar100_proser_fedavg__split08__seed0__d0.1,cifar100,d0.1,0.3,5,164|234|199|202|201,0,,0.0,0,,0.0,0
cifar100_proser_fedavg__split08__seed0__d0.5,cifar100,d0.5,0.05,5,204|186|182|220|208,0,,0.0,0,,0.0,0
cifar100_proser_fedavg__split08__seed0__d0.5,cifar100,d0.5,0.1,5,204|186|182|220|208,0,,0.0,0,,0.0,0
cifar100_proser_fedavg__split08__seed0__d0.5,cifar100,d0.5,0.15,5,204|186|182|220|208,0,,0.0,0,,0.0,0
cifar100_proser_fedavg__split08__seed0__d0.5,cifar100,d0.5,0.2,5,204|186|182|220|208,0,,0.0,0,,0.0,0
cifar100_proser_fedavg__split08__seed0__d0.5,cifar100,d0.5,0.25,5,204|186|182|220|208,0,,0.0,0,,0.0,0
cifar100_proser_fedavg__split08__seed0__d0.5,cifar100,d0.5,0.3,5,204|186|182|220|208,0,,0.0,1,0.2788611673630004,0.12140896212225104,1
cifar100_proser_fedavg__split08__seed0__d5.0,cifar100,d5,0.05,5,193|191|216|210|190,0,,0.0,0,,0.0,0
cifar100_proser_fedavg__split08__seed0__d5.0,cifar100,d5,0.1,5,193|191|216|210|190,0,,0.0,0,,0.0,0
cifar100_proser_fedavg__split08__seed0__d5.0,cifar100,d5,0.15,5,193|191|216|210|190,0,,0.0,0,,0.0,0
cifar100_proser_fedavg__split08__seed0__d5.0,cifar100,d5,0.2,5,193|191|216|210|190,0,,0.0,0,,0.0,0
cifar100_proser_fedavg__split08__seed0__d5.0,cifar100,d5,0.25,5,193|191|216|210|190,0,,0.0,0,,0.0,0
cifar100_proser_fedavg__split08__seed0__d5.0,cifar100,d5,0.3,5,193|191|216|210|190,1,0.2813703832448004,0.12459392772978035,1,0.2589151713187815,0.1511308862079459,0
cifar100_proser_fedavg__split08__seed1__d0.1,cifar100,d0.1,0.05,5,200|213|194|189|204,0,,0.0,0,,0.0,0
cifar100_proser_fedavg__split08__seed1__d0.1,cifar100,d0.1,0.1,5,200|213|194|189|204,0,,0.0,0,,0.0,0
cifar100_proser_fedavg__split08__seed1__d0.1,cifar100,d0.1,0.15,5,200|213|194|189|204,0,,0.0,0,,0.0,0
cifar100_proser_fedavg__split08__seed1__d0.1,cifar100,d0.1,0.2,5,200|213|194|189|204,0,,0.0,0,,0.0,0
cifar100_proser_fedavg__split08__seed1__d0.1,cifar100,d0.1,0.25,5,200|213|194|189|204,0,,0.0,0,,0.0,0
cifar100_proser_fedavg__split08__seed1__d0.1,cifar100,d0.1,0.3,5,200|213|194|189|204,0,,0.0,0,,0.0,0
cifar100_proser_fedavg__split08__seed1__d0.5,cifar100,d0.5,0.05,5,209|165|210|214|202,0,,0.0,0,,0.0,0
cifar100_proser_fedavg__split08__seed1__d0.5,cifar100,d0.5,0.1,5,209|165|210|214|202,0,,0.0,0,,0.0,0
cifar100_proser_fedavg__split08__seed1__d0.5,cifar100,d0.5,0.15,5,209|165|210|214|202,0,,0.0,0,,0.0,0
cifar100_proser_fedavg__split08__seed1__d0.5,cifar100,d0.5,0.2,5,209|165|210|214|202,0,,0.0,0,,0.0,0
cifar100_proser_fedavg__split08__seed1__d0.5,cifar100,d0.5,0.25,5,209|165|210|214|202,0,,0.0,0,,0.0,0
cifar100_proser_fedavg__split08__seed1__d0.5,cifar100,d0.5,0.3,5,209|165|210|214|202,0,,0.0,1,0.2895210074470421,0.18095532237958586,1
cifar100_proser_fedavg__split08__seed1__d5.0,cifar100,d5,0.05,5,212|187|200|187|214,0,,0.0,0,,0.0,0
cifar100_proser_fedavg__split08__seed1__d5.0,cifar100,d5,0.1,5,212|187|200|187|214,0,,0.0,0,,0.0,0
cifar100_proser_fedavg__split08__seed1__d5.0,cifar100,d5,0.15,5,212|187|200|187|214,0,,0.0,0,,0.0,0
cifar100_proser_fedavg__split08__seed1__d5.0,cifar100,d5,0.2,5,212|187|200|187|214,0,,0.0,0,,0.0,0
cifar100_proser_fedavg__split08__seed1__d5.0,cifar100,d5,0.25,5,212|187|200|187|214,0,,0.0,1,0.22840494926278404,0.1401576902272017,1
cifar100_proser_fedavg__split08__seed1__d5.0,cifar100,d5,0.3,5,212|187|200|187|214,1,0.29242256122928695,0.14892310068801173,1,0.2937039831807698,0.26042643537982363,0
cifar100_proser_fedavg__split08__seed2__d0.1,cifar100,d0.1,0.05,5,216|202|207|195|180,0,,0.0,0,,0.0,0
cifar100_proser_fedavg__split08__seed2__d0.1,cifar100,d0.1,0.1,5,216|202|207|195|180,0,,0.0,0,,0.0,0
cifar100_proser_fedavg__split08__seed2__d0.1,cifar100,d0.1,0.15,5,216|202|207|195|180,0,,0.0,0,,0.0,0
cifar100_proser_fedavg__split08__seed2__d0.1,cifar100,d0.1,0.2,5,216|202|207|195|180,0,,0.0,0,,0.0,0
cifar100_proser_fedavg__split08__seed2__d0.1,cifar100,d0.1,0.25,5,216|202|207|195|180,0,,0.0,0,,0.0,0
cifar100_proser_fedavg__split08__seed2__d0.1,cifar100,d0.1,0.3,5,216|202|207|195|180,0,,0.0,1,0.2925208142531204,0.10893668775283277,1
cifar100_proser_fedavg__split08__seed2__d0.5,cifar100,d0.5,0.05,5,203|175|208|215|199,0,,0.0,0,,0.0,0
cifar100_proser_fedavg__split08__seed2__d0.5,cifar100,d0.5,0.1,5,203|175|208|215|199,0,,0.0,0,,0.0,0
cifar100_proser_fedavg__split08__seed2__d0.5,cifar100,d0.5,0.15,5,203|175|208|215|199,0,,0.0,0,,0.0,0
cifar100_proser_fedavg__split08__seed2__d0.5,cifar100,d0.5,0.2,5,203|175|208|215|199,0,,0.0,0,,0.0,0
cifar100_proser_fedavg__split08__seed2__d0.5,cifar100,d0.5,0.25,5,203|175|208|215|199,0,,0.0,0,,0.0,0
cifar100_proser_fedavg__split08__seed2__d0.5,cifar100,d0.5,0.3,5,203|175|208|215|199,0,,0.0,0,,0.0,0
cifar100_proser_fedavg__split08__seed2__d5.0,cifar100,d5,0.05,5,201|202|186|209|202,0,,0.0,0,,0.0,0
cifar100_proser_fedavg__split08__seed2__d5.0,cifar100,d5,0.1,5,201|202|186|209|202,0,,0.0,0,,0.0,0
cifar100_proser_fedavg__split08__seed2__d5.0,cifar100,d5,0.15,5,201|202|186|209|202,0,,0.0,0,,0.0,0
cifar100_proser_fedavg__split08__seed2__d5.0,cifar100,d5,0.2,5,201|202|186|209|202,0,,0.0,1,0.18270446971570758,0.09171317531638983,1
cifar100_proser_fedavg__split08__seed2__d5.0,cifar100,d5,0.25,5,201|202|186|209|202,1,0.23820998164217452,0.09731047765897691,1,0.23880807377985847,0.13932900310648139,0
cifar100_proser_fedavg__split08__seed2__d5.0,cifar100,d5,0.3,5,201|202|186|209|202,1,0.29798198313820284,0.14542463675116588,1,0.2503364682062091,0.17688153960648406,0
cifar100_proser_fedavg__split08__seed3__d0.1,cifar100,d0.1,0.05,5,198|205|184|200|213,0,,0.0,0,,0.0,0
cifar100_proser_fedavg__split08__seed3__d0.1,cifar100,d0.1,0.1,5,198|205|184|200|213,0,,0.0,0,,0.0,0
cifar100_proser_fedavg__split08__seed3__d0.1,cifar100,d0.1,0.15,5,198|205|184|200|213,0,,0.0,0,,0.0,0
cifar100_proser_fedavg__split08__seed3__d0.1,cifar100,d0.1,0.2,5,198|205|184|200|213,0,,0.0,0,,0.0,0
cifar100_proser_fedavg__split08__seed3__d0.1,cifar100,d0.1,0.25,5,198|205|184|200|213,0,,0.0,0,,0.0,0
cifar100_proser_fedavg__split08__seed3__d0.1,cifar100,d0.1,0.3,5,198|205|184|200|213,0,,0.0,0,,0.0,0
cifar100_proser_fedavg__split08__seed3__d0.5,cifar100,d0.5,0.05,5,193|215|193|194|205,0,,0.0,0,,0.0,0
cifar100_proser_fedavg__split08__seed3__d0.5,cifar100,d0.5,0.1,5,193|215|193|194|205,0,,0.0,0,,0.0,0
cifar100_proser_fedavg__split08__seed3__d0.5,cifar100,d0.5,0.15,5,193|215|193|194|205,0,,0.0,0,,0.0,0
cifar100_proser_fedavg__split08__seed3__d0.5,cifar100,d0.5,0.2,5,193|215|193|194|205,0,,0.0,0,,0.0,0
cifar100_proser_fedavg__split08__seed3__d0.5,cifar100,d0.5,0.25,5,193|215|193|194|205,0,,0.0,0,,0.0,0
cifar100_proser_fedavg__split08__seed3__d0.5,cifar100,d0.5,0.3,5,193|215|193|194|205,0,,0.0,1,0.2939991111363054,0.057243336827111316,1
cifar100_proser_fedavg__split08__seed3__d5.0,cifar100,d5,0.05,5,211|194|203|172|220,0,,0.0,0,,0.0,0
cifar100_proser_fedavg__split08__seed3__d5.0,cifar100,d5,0.1,5,211|194|203|172|220,0,,0.0,0,,0.0,0
cifar100_proser_fedavg__split08__seed3__d5.0,cifar100,d5,0.15,5,211|194|203|172|220,0,,0.0,0,,0.0,0
cifar100_proser_fedavg__split08__seed3__d5.0,cifar100,d5,0.2,5,211|194|203|172|220,0,,0.0,0,,0.0,0
cifar100_proser_fedavg__split08__seed3__d5.0,cifar100,d5,0.25,5,211|194|203|172|220,0,,0.0,0,,0.0,0
cifar100_proser_fedavg__split08__seed3__d5.0,cifar100,d5,0.3,5,211|194|203|172|220,0,,0.0,0,,0.0,0
cifar100_proser_fedavg__split08__seed4__d0.1,cifar100,d0.1,0.05,5,191|207|193|214|195,0,,0.0,0,,0.0,0
cifar100_proser_fedavg__split08__seed4__d0.1,cifar100,d0.1,0.1,5,191|207|193|214|195,0,,0.0,0,,0.0,0
cifar100_proser_fedavg__split08__seed4__d0.1,cifar100,d0.1,0.15,5,191|207|193|214|195,0,,0.0,0,,0.0,0
cifar100_proser_fedavg__split08__seed4__d0.1,cifar100,d0.1,0.2,5,191|207|193|214|195,0,,0.0,0,,0.0,0
cifar100_proser_fedavg__split08__seed4__d0.1,cifar100,d0.1,0.25,5,191|207|193|214|195,0,,0.0,0,,0.0,0
cifar100_proser_fedavg__split08__seed4__d0.1,cifar100,d0.1,0.3,5,191|207|193|214|195,0,,0.0,0,,0.0,0
cifar100_proser_fedavg__split08__seed4__d0.5,cifar100,d0.5,0.05,5,202|206|198|201|193,0,,0.0,0,,0.0,0
cifar100_proser_fedavg__split08__seed4__d0.5,cifar100,d0.5,0.1,5,202|206|198|201|193,0,,0.0,0,,0.0,0
cifar100_proser_fedavg__split08__seed4__d0.5,cifar100,d0.5,0.15,5,202|206|198|201|193,0,,0.0,0,,0.0,0
cifar100_proser_fedavg__split08__seed4__d0.5,cifar100,d0.5,0.2,5,202|206|198|201|193,0,,0.0,0,,0.0,0
cifar100_proser_fedavg__split08__seed4__d0.5,cifar100,d0.5,0.25,5,202|206|198|201|193,0,,0.0,0,,0.0,0
cifar100_proser_fedavg__split08__seed4__d0.5,cifar100,d0.5,0.3,5,202|206|198|201|193,0,,0.0,1,0.2922664374089958,0.1366156575821892,1
cifar100_proser_fedavg__split08__seed4__d5.0,cifar100,d5,0.05,5,194|201|212|191|202,0,,0.0,0,,0.0,0
cifar100_proser_fedavg__split08__seed4__d5.0,cifar100,d5,0.1,5,194|201|212|191|202,0,,0.0,0,,0.0,0
cifar100_proser_fedavg__split08__seed4__d5.0,cifar100,d5,0.15,5,194|201|212|191|202,0,,0.0,0,,0.0,0
cifar100_proser_fedavg__split08__seed4__d5.0,cifar100,d5,0.2,5,194|201|212|191|202,0,,0.0,0,,0.0,0
cifar100_proser_fedavg__split08__seed4__d5.0,cifar100,d5,0.25,5,194|201|212|191|202,0,,0.0,0,,0.0,0
cifar100_proser_fedavg__split08__seed4__d5.0,cifar100,d5,0.3,5,194|201|212|191|202,1,0.2782266478070745,0.12287124747137851,1,0.299165476011931,0.2191096695326457,0
cifar100_proser_fedavg__split09__seed0__d0.1,cifar100,d0.1,0.05,5,202|199|170|209|220,0,,0.0,0,,0.0,0
cifar100_proser_fedavg__split09__seed0__d0.1,cifar100,d0.1,0.1,5,202|199|170|209|220,0,,0.0,0,,0.0,0
cifar100_proser_fedavg__split09__seed0__d0.1,cifar100,d0.1,0.15,5,202|199|170|209|220,0,,0.0,0,,0.0,0
cifar100_proser_fedavg__split09__seed0__d0.1,cifar100,d0.1,0.2,5,202|199|170|209|220,0,,0.0,0,,0.0,0
cifar100_proser_fedavg__split09__seed0__d0.1,cifar100,d0.1,0.25,5,202|199|170|209|220,0,,0.0,0,,0.0,0
cifar100_proser_fedavg__split09__seed0__d0.1,cifar100,d0.1,0.3,5,202|199|170|209|220,0,,0.0,1,0.29194277556368226,0.09652653578775626,1
cifar100_proser_fedavg__split09__seed0__d0.5,cifar100,d0.5,0.05,5,191|222|183|191|213,0,,0.0,0,,0.0,0
cifar100_proser_fedavg__split09__seed0__d0.5,cifar100,d0.5,0.1,5,191|222|183|191|213,0,,0.0,0,,0.0,0
cifar100_proser_fedavg__split09__seed0__d0.5,cifar100,d0.5,0.15,5,191|222|183|191|213,0,,0.0,0,,0.0,0
cifar100_proser_fedavg__split09__seed0__d0.5,cifar100,d0.5,0.2,5,191|222|183|191|213,0,,0.0,0,,0.0,0
cifar100_proser_fedavg__split09__seed0__d0.5,cifar100,d0.5,0.25,5,191|222|183|191|213,0,,0.0,1,0.24679275820725344,0.14990060273130454,1
cifar100_proser_fedavg__split09__seed0__d0.5,cifar100,d0.5,0.3,5,191|222|183|191|213,1,0.25607273427578303,0.10407211410259802,1,0.29018620217605423,0.23283614536289063,0
cifar100_proser_fedavg__split09__seed0__d5.0,cifar100,d5,0.05,5,178|205|208|209|200,0,,0.0,0,,0.0,0
cifar100_proser_fedavg__split09__seed0__d5.0,cifar100,d5,0.1,5,178|205|208|209|200,0,,0.0,0,,0.0,0
cifar100_proser_fedavg__split09__seed0__d5.0,cifar100,d5,0.15,5,178|205|208|209|200,0,,0.0,0,,0.0,0
cifar100_proser_fedavg__split09__seed0__d5.0,cifar100,d5,0.2,5,178|205|208|209|200,0,,0.0,1,0.19731355397949568,0.1263155231735944,1
cifar100_proser_fedavg__split09__seed0__d5.0,cifar100,d5,0.25,5,178|205|208|209|200,1,0.23941509258358984,0.15067502031936403,1,0.21350540969429382,0.16815485190693463,0
cifar100_proser_fedavg__split09__seed0__d5.0,cifar100,d5,0.3,5,178|205|208|209|200,1,0.25239210899948583,0.18784561640876785,1,0.29104732023981295,0.26456244640856424,0
cifar100_proser_fedavg__split09__seed1__d0.1,cifar100,d0.1,0.05,5,204|193|202|215|186,0,,0.0,0,,0.0,0
cifar100_proser_fedavg__split09__seed1__d0.1,cifar100,d0.1,0.1,5,204|193|202|215|186,0,,0.0,0,,0.0,0
cifar100_proser_fedavg__split09__seed1__d0.1,cifar100,d0.1,0.15,5,204|193|202|215|186,0,,0.0,0,,0.0,0
cifar100_proser_fedavg__split09__seed1__d0.1,cifar100,d0.1,0.2,5,204|193|202|215|186,0,,0.0,0,,0.0,0
cifar100_proser_fedavg__split09__seed1__d0.1,cifar100,d0.1,0.25,5,204|193|202|215|186,0,,0.0,0,,0.0,0
cifar100_proser_fedavg__split09__seed1__d0.1,cifar100,d0.1,0.3,5,204|193|202|215|186,0,,0.0,0,,0.0,0
cifar100_proser_fedavg__split09__seed1__d0.5,cifar100,d0.5,0.05,5,190|234|190|198|188,0,,0.0,0,,0.0,0
cifar100_proser_fedavg__split09__seed1__d0.5,cifar100,d0.5,0.1,5,190|234|190|198|188,0,,0.0,0,,0.0,0
cifar100_proser_fedavg__split09__seed1__d0.5,cifar100,d0.5,0.15,5,190|234|190|198|188,0,,0.0,0,,0.0,0
cifar100_proser_fedavg__split09__seed1__d0.5,cifar100,d0.5,0.2,5,190|234|190|198|188,0,,0.0,0,,0.0,0
cifar100_proser_fedavg__split09__seed1__d0.5,cifar100,d0.5,0.25,5,190|234|190|198|188,0,,0.0,1,0.23433424053210378,0.16843616376548506,1
cifar100_proser_fedavg__split09__seed1__d0.5,cifar100,d0.5,0.3,5,190|234|190|198|188,1,0.2571359155435438,0.10407211410259802,1,0.2615582310548592,0.20700512252663467,0
cifar100_proser_fedavg__split09__seed1__d5.0,cifar100,d5,0.05,5,194|202|190|207|207,0,,0.0,0,,0.0,0
cifar100_proser_fedavg__split09__seed1__d5.0,cifar100,d5,0.1,5,194|202|190|207|207,0,,0.0,0,,0.0,0
cifar100_proser_fedavg__split09__seed1__d5.0,cifar100,d5,0.15,5,194|202|190|207|207,0,,0.0,0,,0.0,0
cifar100_proser_fedavg__split09__seed1__d5.0,cifar100,d5,0.2,5,194|202|190|207|207,0,,0.0,0,,0.0,0
cifar100_proser_fedavg__split09__seed1__d5.0,cifar100,d5,0.25,5,194|202|190|207|207,0,,0.0,1,0.2447317905081605,0.1941102158291298,1
cifar100_proser_fedavg__split09__seed1__d5.0,cifar100,d5,0.3,5,194|202|190|207|207,1,0.2701318942008356,0.12115073228675066,1,0.26459906836278374,0.2284109294116206,0
cifar100_proser_fedavg__split09__seed2__d0.1,cifar100,d0.1,0.05,5,225|206|212|184|173,0,,0.0,0,,0.0,0
cifar100_proser_fedavg__split09__seed2__d0.1,cifar100,d0.1,0.1,5,225|206|212|184|173,0,,0.0,0,,0.0,0
cifar100_proser_fedavg__split09__seed2__d0.1,cifar100,d0.1,0.15,5,225|206|212|184|173,0,,0.0,0,,0.0,0
cifar100_proser_fedavg__split09__seed2__d0.1,cifar100,d0.1,0.2,5,225|206|212|184|173,0,,0.0,0,,0.0,0
cifar100_proser_fedavg__split09__seed2__d0.1,cifar100,d0.1,0.25,5,225|206|212|184|173,0,,0.0,0,,0.0,0
cifar100_proser_fedavg__split09__seed2__d0.1,cifar100,d0.1,0.3,5,225|206|212|184|173,0,,0.0,0,,0.0,0
cifar100_proser_fedavg__split09__seed2__d0.5,cifar100,d0.5,0.05,5,180|225|201|191|203,0,,0.0,0,,0.0,0
cifar100_proser_fedavg__split09__seed2__d0.5,cifar100,d0.5,0.1,5,180|225|201|191|203,0,,0.0,0,,0.0,0
cifar100_proser_fedavg__split09__seed2__d0.5,cifar100,d0.5,0.15,5,180|225|201|191|203,0,,0.0,0,,0.0,0
cifar100_proser_fedavg__split09__seed2__d0.5,cifar100,d0.5,0.2,5,180|225|201|191|203,0,,0.0,0,,0.0,0
cifar100_proser_fedavg__split09__seed2__d0.5,cifar100,d0.5,0.25,5,180|225|201|191|203,0,,0.0,1,0.2406457107873802,0.1523149813314226,1
cifar100_proser_fedavg__split09__seed2__d0.5,cifar100,d0.5,0.3,5,180|225|201|191|203,1,0.29631171812324336,0.15594128738219845,1,0.2945839657370547,0.25283309679888644,0
cifar100_proser_fedavg__split09__seed2__d5.0,cifar100,d5,0.05,5,212|184|205|224|175,0,,0.0,0,,0.0,0
cifar100_proser_fedavg__split09__seed2__d5.0,cifar100,d5,0.1,5,212|184|205|224|175,0,,0.0,0,,0.0,0
cifar100_proser_fedavg__split09__seed2__d5.0,cifar100,d5,0.15,5,212|184|205|224|175,0,,0.0,0,,0.0,0
cifar100_proser_fedavg__split09__seed2__d5.0,cifar100,d5,0.2,5,212|184|205|224|175,0,,0.0,1,0.1933252353653708,0.1350112801960729,1
cifar100_proser_fedavg__split09__seed2__d5.0,cifar100,d5,0.25,5,212|184|205|224|175,1,0.24724760878422639,0.15594128738219845,1,0.24134027241674627,0.24608753053022006,0
cifar100_proser_fedavg__split09__seed2__d5.0,cifar100,d5,0.3,5,212|184|205|224|175,1,0.28130741742358467,0.258493008565482,1,0.25169820668576504,0.28529105110889097,0
cifar100_proser_fedavg__split09__seed3__d0.1,cifar100,d0.1,0.05,5,198|205|203|189|205,0,,0.0,0,,0.0,0
cifar100_proser_fedavg__split09__seed3__d0.1,cifar100,d0.1,0.1,5,198|205|203|189|205,0,,0.0,0,,0.0,0
cifar100_proser_fedavg__split09__seed3__d0.1,cifar100,d0.1,0.15,5,198|205|203|189|205,0,,0.0,0,,0.0,0
cifar100_proser_fedavg__split09__seed3__d0.1,cifar100,d0.1,0.2,5,198|205|203|189|205,0,,0.0,0,,0.0,0
cifar100_proser_fedavg__split09__seed3__d0.1,cifar100,d0.1,0.25,5,198|205|203|189|205,0,,0.0,0,,0.0,0
cifar100_proser_fedavg__split09__seed3__d0.1,cifar100,d0.1,0.3,5,198|205|203|189|205,0,,0.0,0,,0.0,0
cifar100_proser_fedavg__split09__seed3__d0.5,cifar100,d0.5,0.05,5,202|185|200|215|198,0,,0.0,0,,0.0,0
cifar100_proser_fedavg__split09__seed3__d0.5,cifar100,d0.5,0.1,5,202|185|200|215|198,0,,0.0,0,,0.0,0
cifar100_proser_fedavg__split09__seed3__d0.5,cifar100,d0.5,0.15,5,202|185|200|215|198,0,,0.0,0,,0.0,0
cifar100_proser_fedavg__split09__seed3__d0.5,cifar100,d0.5,0.2,5,202|185|200|215|198,0,,0.0,1,0.19876206610470948,0.045929907321193925,1
cifar100_proser_fedavg__split09__seed3__d0.5,cifar100,d0.5,0.25,5,202|185|200|215|198,1,0.20692744659892606,0.05304362563064732,1,0.19963806156326558,0.07417084566979056,0
cifar100_proser_fedavg__split09__seed3__d0.5,cifar100,d0.5,0.3,5,202|185|200|215|198,1,0.2705840698215175,0.0889210237552595,1,0.26509383954357013,0.14531396574050537,0
cifar100_proser_fedavg__split09__seed3__d5.0,cifar100,d5,0.05,5,193|229|191|181|206,0,,0.0,0,,0.0,0
cifar100_proser_fedavg__split09__seed3__d5.0,cifar100,d5,0.1,5,193|229|191|181|206,0,,0.0,0,,0.0,0
cifar100_proser_fedavg__split09__seed3__d5.0,cifar100,d5,0.15,5,193|229|191|181|206,0,,0.0,0,,0.0,0
cifar100_proser_fedavg__split09__seed3__d5.0,cifar100,d5,0.2,5,193|229|191|181|206,0,,0.0,1,0.1764512262464898,0.08964466916046666,1
cifar100_proser_fedavg__split09__seed3__d5.0,cifar100,d5,0.25,5,193|229|191|181|206,0,,0.0,1,0.20873926164640638,0.14908538707601848,1
cifar100_proser_fedavg__split09__seed3__d5.0,cifar100,d5,0.3,5,193|229|191|181|206,1,0.28445940471300757,0.12459392772978035,1,0.2773437477867159,0.22738634254564313,0
cifar100_proser_fedavg__split09__seed4__d0.1,cifar100,d0.1,0.05,5,212|208|193|217|170,0,,0.0,0,,0.0,0
cifar100_proser_fedavg__split09__seed4__d0.1,cifar100,d0.1,0.1,5,212|208|193|217|170,0,,0.0,0,,0.0,0
cifar100_proser_fedavg__split09__seed4__d0.1,cifar100,d0.1,0.15,5,212|208|193|217|170,0,,0.0,0,,0.0,0
cifar100_proser_fedavg__split09__seed4__d0.1,cifar100,d0.1,0.2,5,212|208|193|217|170,0,,0.0,0,,0.0,0
cifar100_proser_fedavg__split09__seed4__d0.1,cifar100,d0.1,0.25,5,212|208|193|217|170,0,,0.0,0,,0.0,0
cifar100_proser_fedavg__split09__seed4__d0.1,cifar100,d0.1,0.3,5,212|208|193|217|170,0,,0.0,0,,0.0,0
cifar100_proser_fedavg__split09__seed4__d0.5,cifar100,d0.5,0.05,5,214|217|195|179|195,0,,0.0,0,,0.0,0
cifar100_proser_fedavg__split09__seed4__d0.5,cifar100,d0.5,0.1,5,214|217|195|179|195,0,,0.0,0,,0.0,0
cifar100_proser_fedavg__split09__seed4__d0.5,cifar100,d0.5,0.15,5,214|217|195|179|195,0,,0.0,0,,0.0,0
cifar100_proser_fedavg__split09__seed4__d0.5,cifar100,d0.5,0.2,5,214|217|195|179|195,0,,0.0,1,0.16620441957056048,0.0724414064271225,1
cifar100_proser_fedavg__split09__seed4__d0.5,cifar100,d0.5,0.25,5,214|217|195|179|195,0,,0.0,1,0.2241546852963603,0.09258005413201635,1
cifar100_proser_fedavg__split09__seed4__d0.5,cifar100,d0.5,0.3,5,214|217|195|179|195,1,0.2395038691267541,0.05781552689417223,1,0.27520984468612675,0.18506536713965557,0
cifar100_proser_fedavg__split09__seed4__d5.0,cifar100,d5,0.05,5,218|207|196|188|191,0,,0.0,0,,0.0,0
cifar100_proser_fedavg__split09__seed4__d5.0,cifar100,d5,0.1,5,218|207|196|188|191,0,,0.0,0,,0.0,0
cifar100_proser_fedavg__split09__seed4__d5.0,cifar100,d5,0.15,5,218|207|196|188|191,0,,0.0,0,,0.0,0
cifar100_proser_fedavg__split09__seed4__d5.0,cifar100,d5,0.2,5,218|207|196|188|191,0,,0.0,0,,0.0,0
cifar100_proser_fedavg__split09__seed4__d5.0,cifar100,d5,0.25,5,218|207|196|188|191,0,,0.0,1,0.21937590458211556,0.14305565862352881,1
cifar100_proser_fedavg__split09__seed4__d5.0,cifar100,d5,0.3,5,218|207|196|188|191,1,0.2947086852056774,0.2220274410637826,1,0.26832044739397737,0.23019645005666764,0
cifar10_proser_fedavg__split00__seed0__d0.1,cifar10,d0.1,0.05,5,208|203|194|216|179,0,,0.0,0,,0.0,0
cifar10_proser_fedavg__split00__seed0__d0.1,cifar10,d0.1,0.1,5,208|203|194|216|179,0,,0.0,0,,0.0,0
cifar10_proser_fedavg__split00__seed0__d0.1,cifar10,d0.1,0.15,5,208|203|194|216|179,0,,0.0,0,,0.0,0
cifar10_proser_fedavg__split00__seed0__d0.1,cifar10,d0.1,0.2,5,208|203|194|216|179,0,,0.0,0,,0.0,0
cifar10_proser_fedavg__split00__seed0__d0.1,cifar10,d0.1,0.25,5,208|203|194|216|179,0,,0.0,0,,0.0,0
cifar10_proser_fedavg__split00__seed0__d0.1,cifar10,d0.1,0.3,5,208|203|194|216|179,0,,0.0,0,,0.0,0
cifar10_proser_fedavg__split00__seed0__d0.5,cifar10,d0.5,0.05,5,189|191|188|217|215,0,,0.0,0,,0.0,0
cifar10_proser_fedavg__split00__seed0__d0.5,cifar10,d0.5,0.1,5,189|191|188|217|215,0,,0.0,0,,0.0,0
cifar10_proser_fedavg__split00__seed0__d0.5,cifar10,d0.5,0.15,5,189|191|188|217|215,0,,0.0,0,,0.0,0
cifar10_proser_fedavg__split00__seed0__d0.5,cifar10,d0.5,0.2,5,189|191|188|217|215,0,,0.0,0,,0.0,0
cifar10_proser_fedavg__split00__seed0__d0.5,cifar10,d0.5,0.25,5,189|191|188|217|215,0,,0.0,1,0.2485188340412805,0.08998874076201765,1
cifar10_proser_fedavg__split00__seed0__d0.5,cifar10,d0.5,0.3,5,189|191|188|217|215,0,,0.0,1,0.29257585876403025,0.2425591262791606,1
cifar10_proser_fedavg__split00__seed0__d5.0,cifar10,d5,0.05,5,206|195|202|224|173,0,,0.0,0,,0.0,0
cifar10_proser_fedavg__split00__seed0__d5.0,cifar10,d5,0.1,5,206|195|202|224|173,0,,0.0,0,,0.0,0
cifar10_proser_fedavg__split00__seed0__d5.0,cifar10,d5,0.15,5,206|195|202|224|173,0,,0.0,0,,0.0,0
cifar10_proser_fedavg__split00__seed0__d5.0,cifar10,d5,0.2,5,206|195|202|224|173,0,,0.0,1,0.1942106644718067,0.2573696919441814,1
cifar10_proser_fedavg__split00__seed0__d5.0,cifar10,d5,0.25,5,206|195|202|224|173,1,0.24725094615096627,0.3140083105619187,1,0.2415638341757208,0.48823712023690613,0
cifar10_proser_fedavg__split00__seed0__d5.0,cifar10,d5,0.3,5,206|195|202|224|173,1,0.2828637861748753,0.5523165310760507,1,0.275139747870226,0.581495558347966,0
cifar10_proser_fedavg__split00__seed1__d0.1,cifar10,d0.1,0.05,5,187|207|215|213|178,0,,0.0,0,,0.0,0
cifar10_proser_fedavg__split00__seed1__d0.1,cifar10,d0.1,0.1,5,187|207|215|213|178,0,,0.0,0,,0.0,0
cifar10_proser_fedavg__split00__seed1__d0.1,cifar10,d0.1,0.15,5,187|207|215|213|178,0,,0.0,0,,0.0,0
cifar10_proser_fedavg__split00__seed1__d0.1,cifar10,d0.1,0.2,5,187|207|215|213|178,0,,0.0,1,0.1912336769779215,0.05100531385883328,1
cifar10_proser_fedavg__split00__seed1__d0.1,cifar10,d0.1,0.25,5,187|207|215|213|178,1,0.23064971503233178,0.07895487171953283,1,0.23943905114635256,0.13793047277646361,0
cifar10_proser_fedavg__split00__seed1__d0.1,cifar10,d0.1,0.3,5,187|207|215|213|178,1,0.29394486882457943,0.24202590613587593,1,0.2861149523777542,0.3094176641787364,0
cifar10_proser_fedavg__split00__seed1__d0.5,cifar10,d0.5,0.05,5,203|204|198|199|196,0,,0.0,0,,0.0,0
cifar10_proser_fedavg__split00__seed1__d0.5,cifar10,d0.5,0.1,5,203|204|198|199|196,0,,0.0,0,,0.0,0
cifar10_proser_fedavg__split00__seed1__d0.5,cifar10,d0.5,0.15,5,203|204|198|199|196,0,,0.0,1,0.14728858613037688,0.16852271001132713,1
cifar10_proser_fedavg__split00__seed1__d0.5,cifar10,d0.5,0.2,5,203|204|198|199|196,1,0.199699732677872,0.2529938396411718,1,0.18283445819693253,0.3843535014495815,0
cifar10_proser_fedavg__split00__seed1__d0.5,cifar10,d0.5,0.25,5,203|204|198|199|196,1,0.20622449544176935,0.3308382314630494,1,0.2245384883373794,0.5019144058836529,0
cifar10_proser_fedavg__split00__seed1__d0.5,cifar10,d0.5,0.3,5,203|204|198|199|196,1,0.2655237536277923,0.5345576015043493,1,0.24924770344071548,0.5641921055910675,0
cifar10_proser_fedavg__split00__seed1__d5.0,cifar10,d5,0.05,5,206|208|190|179|217,0,,0.0,0,,0.0,0
cifar10_proser_fedavg__split00__seed1__d5.0,cifar10,d5,0.1,5,206|208|190|179|217,0,,0.0,0,,0.0,0
cifar10_proser_fedavg__split00__seed1__d5.0,cifar10,d5,0.15,5,206|208|190|179|217,0,,0.0,1,0.14995929759008103,0.18408376089655715,1
cifar10_proser_fedavg__split00__seed1__d5.0,cifar10,d5,0.2,5,206|208|190|179|217,1,0.16680996089156705,0.258493008565482,1,0.19877080473562697,0.392421532608193,0
cifar10_proser_fedavg__split00__seed1__d5.0,cifar10,d5,0.25,5,206|208|190|179|217,1,0.21159734976552017,0.3308382314630494,1,0.23177776889945378,0.4871222390324378,0
cifar10_proser_fedavg__split00__seed1__d5.0,cifar10,d5,0.3,5,206|208|190|179|217,1,0.2702633528170656,0.5681662239123972,1,0.2548834581386855,0.5863364099864685,0
cifar10_proser_fedavg__split00__seed2__d0.1,cifar10,d0.1,0.05,5,191|193|217|212|187,0,,0.0,0,,0.0,0
cifar10_proser_fedavg__split00__seed2__d0.1,cifar10,d0.1,0.1,5,191|193|217|212|187,0,,0.0,0,,0.0,0
cifar10_proser_fedavg__split00__seed2__d0.1,cifar10,d0.1,0.15,5,191|193|217|212|187,0,,0.0,0,,0.0,0
cifar10_proser_fedavg__split00__seed2__d0.1,cifar10,d0.1,0.2,5,191|193|217|212|187,0,,0.0,0,,0.0,0
cifar10_proser_fedavg__split00__seed2__d0.1,cifar10,d0.1,0.25,5,191|193|217|212|187,0,,0.0,1,0.2002453611174304,0.07560719713521909,1
cifar10_proser_fedavg__split00__seed2__d0.1,cifar10,d0.1,0.3,5,191|193|217|212|187,1,0.28199244784149813,0.0872520201548094,1,0.28819166458570533,0.19232482684835112,0
cifar10_proser_fedavg__split00__seed2__d0.5,cifar10,d0.5,0.05,5,212|176|205|207|200,0,,0.0,0,,0.0,0
cifar10_proser_fedavg__split00__seed2__d0.5,cifar10,d0.5,0.1,5,212|176|205|207|200,0,,0.0,0,,0.0,0
cifar10_proser_fedavg__split00__seed2__d0.5,cifar10,d0.5,0.15,5,212|176|205|207|200,1,0.14972912395859891,0.17005846295116048,1,0.14238527899139208,0.216524580544737,0
cifar10_proser_fedavg__split00__seed2__d0.5,cifar10,d0.5,0.2,5,212|176|205|207|200,1,0.1948049070269773,0.2824355370849912,1,0.18496705033158278,0.31031232422295874,0
cifar10_proser_fedavg__split00__seed2__d0.5,cifar10,d0.5,0.25,5,212|176|205|207|200,1,0.21703412923593926,0.3628358945728069,1,0.2457654241001298,0.4622963289256913,0
cifar10_proser_fedavg__split00__seed2__d0.5,cifar10,d0.5,0.3,5,212|176|205|207|200,1,0.23433191987710614,0.39890900318559075,1,0.27570300850438645,0.5450873148491251,0
cifar10_proser_fedavg__split00__seed2__d5.0,cifar10,d5,0.05,5,195|214|174|197|220,0,,0.0,0,,0.0,0
cifar10_proser_fedavg__split00__seed2__d5.0,cifar10,d5,0.1,5,195|214|174|197|220,0,,0.0,0,,0.0,0
cifar10_proser_fedavg__split00__seed2__d5.0,cifar10,d5,0.15,5,195|214|174|197|220,0,,0.0,0,,0.0,0
cifar10_proser_fedavg__split00__seed2__d5.0,cifar10,d5,0.2,5,195|214|174|197|220,1,0.17863093490136828,0.21479193734703372,1,0.1929618912414535,0.33497950053084685,0
cifar10_proser_fedavg__split00__seed2__d5.0,cifar10,d5,0.25,5,195|214|174|197|220,1,0.24182471776284378,0.4545828238034004,1,0.2323252915682094,0.4714001133316361,0
cifar10_proser_fedavg__split00__seed2__d5.0,cifar10,d5,0.3,5,195|214|174|197|220,1,0.2879771202240841,0.5404688793448835,1,0.2670150766608588,0.5604055720392467,0
cifar10_proser_fedavg__split00__seed3__d0.1,cifar10,d0.1,0.05,5,204|186|204|208|198,0,,0.0,0,,0.0,0
cifar10_proser_fedavg__split00__seed3__d0.1,cifar10,d0.1,0.1,5,204|186|204|208|198,0,,0.0,0,,0.0,0
cifar10_proser_fedavg__split00__seed3__d0.1,cifar10,d0.1,0.15,5,204|186|204|208|198,0,,0.0,0,,0.0,0
cifar10_proser_fedavg__split00__seed3__d0.1,cifar10,d0.1,0.2,5,204|186|204|208|198,0,,0.0,0,,0.0,0
cifar10_proser_fedavg__split00__seed3__d0.1,cifar10,d0.1,0.25,5,204|186|204|208|198,0,,0.0,1,0.23163875578841459,0.17877477205646028,1
cifar10_proser_fedavg__split00__seed3__d0.1,cifar10,d0.1,0.3,5,204|186|204|208|198,0,,0.0,1,0.29375230241925965,0.2599963411861854,1
cifar10_proser_fedavg__split00__seed3__d0.5,cifar10,d0.5,0.05,5,214|210|210|190|176,0,,0.0,0,,0.0,0
cifar10_proser_fedavg__split00__seed3__d0.5,cifar10,d0.5,0.1,5,214|210|210|190|176,0,,0.0,0,,0.0,0
cifar10_proser_fedavg__split00__seed3__d0.5,cifar10,d0.5,0.15,5,214|210|210|190|176,0,,0.0,0,,0.0,0
cifar10_proser_fedavg__split00__seed3__d0.5,cifar10,d0.5,0.2,5,214|210|210|190|176,0,,0.0,1,0.1750091426509585,0.2275483316568846,1
cifar10_proser_fedavg__split00__seed3__d0.5,cifar10,d0.5,0.25,5,214|210|210|190|176,1,0.22286585135401824,0.29911446741951175,1,0.24923662298664107,0.465397024803925,0
cifar10_proser_fedavg__split00__seed3__d0.5,cifar10,d0.5,0.3,5,214|210|210|190|176,1,0.2523011474929163,0.3836809715599002,1,0.21645610641973753,0.4019560967504953,0
cifar10_proser_fedavg__split00__seed3__d5.0,cifar10,d5,0.05,5,184|213|196|201|206,0,,0.0,0,,0.0,0
cifar10_proser_fedavg__split00__seed3__d5.0,cifar10,d5,0.1,5,184|213|196|201|206,0,,0.0,0,,0.0,0
cifar10_proser_fedavg__split00__seed3__d5.0,cifar10,d5,0.15,5,184|213|196|201|206,0,,0.0,0,,0.0,0
cifar10_proser_fedavg__split00__seed3__d5.0,cifar10,d5,0.2,5,184|213|196|201|206,0,,0.0,0,,0.0,0
cifar10_proser_fedavg__split00__seed3__d5.0,cifar10,d5,0.25,5,184|213|196|201|206,0,,0.0,1,0.23224191915619602,0.19297929981013343,1
cifar10_proser_fedavg__split00__seed3__d5.0,cifar10,d5,0.3,5,184|213|196|201|206,1,0.2749074440981855,0.2529938396411718,1,0.2946552512003154,0.5224922264167137,0
cifar10_proser_fedavg__split00__seed4__d0.1,cifar10,d0.1,0.05,5,189|198|215|194|204,0,,0.0,0,,0.0,0
cifar10_proser_fedavg__split00__seed4__d0.1,cifar10,d0.1,0.1,5,189|198|215|194|204,0,,0.0,0,,0.0,0
cifar10_proser_fedavg__split00__seed4__d0.1,cifar10,d0.1,0.15,5,189|198|215|194|204,0,,0.0,0,,0.0,0
cifar10_proser_fedavg__split00__seed4__d0.1,cifar10,d0.1,0.2,5,189|198|215|194|204,0,,0.0,0,,0.0,0
cifar10_proser_fedavg__split00__seed4__d0.1,cifar10,d0.1,0.25,5,189|198|215|194|204,0,,0.0,1,0.22024604337124554,0.11455115449803846,1
cifar10_proser_fedavg__split00__seed4__d0.1,cifar10,d0.1,0.3,5,189|198|215|194|204,1,0.2931982786737828,0.21298622695495206,1,0.2974195888856993,0.30974270917517693,0
cifar10_proser_fedavg__split00__seed4__d0.5,cifar10,d0.5,0.05,5,200|193|187|214|206,0,,0.0,0,,0.0,0
cifar10_proser_fedavg__split00__seed4__d0.5,cifar10,d0.5,0.1,5,200|193|187|214|206,0,,0.0,0,,0.0,0
cifar10_proser_fedavg__split00__seed4__d0.5,cifar10,d0.5,0.15,5,200|193|187|214|206,0,,0.0,0,,0.0,0
cifar10_proser_fedavg__split00__seed4__d0.5,cifar10,d0.5,0.2,5,200|193|187|214|206,0,,0.0,0,,0.0,0
cifar10_proser_fedavg__split00__seed4__d0.5,cifar10,d0.5,0.25,5,200|193|187|214|206,1,0.23871319955094333,0.21479193734703372,1,0.21313844832933748,0.2248753660438532,0
cifar10_proser_fedavg__split00__seed4__d0.5,cifar10,d0.5,0.3,5,200|193|187|214|206,1,0.2594119506389189,0.2842846607101205,1,0.29463557699484233,0.41319083255013495,0
cifar10_proser_fedavg__split00__seed4__d5.0,cifar10,d5,0.05,5,231|187|193|178|211,0,,0.0,0,,0.0,0
cifar10_proser_fedavg__split00__seed4__d5.0,cifar10,d5,0.1,5,231|187|193|178|211,0,,0.0,0,,0.0,0
cifar10_proser_fedavg__split00__seed4__d5.0,cifar10,d5,0.15,5,231|187|193|178|211,0,,0.0,0,,0.0,0
cifar10_proser_fedavg__split00__seed4__d5.0,cifar10,d5,0.2,5,231|187|193|178|211,0,,0.0,0,,0.0,0
cifar10_proser_fedavg__split00__seed4__d5.0,cifar10,d5,0.25,5,231|187|193|178|211,0,,0.0,1,0.24309207204616834,0.22814786136687595,1
cifar10_proser_fedavg__split00__seed4__d5.0,cifar10,d5,0.3,5,231|187|193|178|211,1,0.29112992048615594,0.3214786812219085,1,0.29470764258777404,0.5249942570598055,0
cifar10_proser_fedavg__split01__seed0__d0.1,cifar10,d0.1,0.05,5,187|236|201|190|186,0,,0.0,0,,0.0,0
cifar10_proser_fedavg__split01__seed0__d0.1,cifar10,d0.1,0.1,5,187|236|201|190|186,0,,0.0,0,,0.0,0
cifar10_proser_fedavg__split01__seed0__d0.1,cifar10,d0.1,0.15,5,187|236|201|190|186,0,,0.0,0,,0.0,0
cifar10_proser_fedavg__split01__seed0__d0.1,cifar10,d0.1,0.2,5,187|236|201|190|186,0,,0.0,0,,0.0,0
cifar10_proser_fedavg__split01__seed0__d0.1,cifar10,d0.1,0.25,5,187|236|201|190|186,0,,0.0,0,,0.0,0
cifar10_proser_fedavg__split01__seed0__d0.1,cifar10,d0.1,0.3,5,187|236|201|190|186,0,,0.0,0,,0.0,0
cifar10_proser_fedavg__split01__seed0__d0.5,cifar10,d0.5,0.05,5,183|188|240|182|207,0,,0.0,0,,0.0,0
cifar10_proser_fedavg__split01__seed0__d0.5,cifar10,d0.5,0.1,5,183|188|240|182|207,0,,0.0,0,,0.0,0
cifar10_proser_fedavg__split01__seed0__d0.5,cifar10,d0.5,0.15,5,183|188|240|182|207,0,,0.0,0,,0.0,0
cifar10_proser_fedavg__split01__seed0__d0.5,cifar10,d0.5,0.2,5,183|188|240|182|207,0,,0.0,0,,0.0,0
cifar10_proser_fedavg__split01__seed0__d0.5,cifar10,d0.5,0.25,5,183|188|240|182|207,0,,0.0,0,,0.0,0
cifar10_proser_fedavg__split01__seed0__d0.5,cifar10,d0.5,0.3,5,183|188|240|182|207,0,,0.0,1,0.29280702881549137,0.282350967321319,1
cifar10_proser_fedavg__split01__seed0__d5.0,cifar10,d5,0.05,5,204|191|210|218|177,0,,0.0,0,,0.0,0
cifar10_proser_fedavg__split01__seed0__d5.0,cifar10,d5,0.1,5,204|191|210|218|177,0,,0.0,1,0.0962644496360329,0.2100083605010135,1
cifar10_proser_fedavg__split01__seed0__d5.0,cifar10,d5,0.15,5,204|191|210|218|177,1,0.14387769500449282,0.2824355370849912,1,0.1451789396671937,0.3141229386342564,0
cifar10_proser_fedavg__split01__seed0__d5.0,cifar10,d5,0.2,5,204|191|210|218|177,1,0.19673399840597927,0.33646534015006613,1,0.19585833788048107,0.4666441870432806,0
cifar10_proser_fedavg__split01__seed0__d5.0,cifar10,d5,0.25,5,204|191|210|218|177,1,0.19151237185140826,0.40654427294681933,1,0.23478669721367298,0.5383828618726794,0
cifar10_proser_fedavg__split01__seed0__d5.0,cifar10,d5,0.3,5,204|191|210|218|177,1,0.29629698543473837,0.5820852488509656,1,0.271899354042492,0.6188067574738485,0
cifar10_proser_fedavg__split01__seed1__d0.1,cifar10,d0.1,0.05,5,196|178|224|205|197,0,,0.0,0,,0.0,0
cifar10_proser_fedavg__split01__seed1__d0.1,cifar10,d0.1,0.1,5,196|178|224|205|197,0,,0.0,0,,0.0,0
cifar10_proser_fedavg__split01__seed1__d0.1,cifar10,d0.1,0.15,5,196|178|224|205|197,0,,0.0,1,0.1482671808876082,0.1661678313557151,1
cifar10_proser_fedavg__split01__seed1__d0.1,cifar10,d0.1,0.2,5,196|178|224|205|197,1,0.18707043851654115,0.1682881481006248,1,0.19477547025190844,0.2435074759653638,0
cifar10_proser_fedavg__split01__seed1__d0.1,cifar10,d0.1,0.25,5,196|178|224|205|197,1,0.20078708828140096,0.18963242955894527,1,0.23381224696353722,0.2814891223216228,0
cifar10_proser_fedavg__split01__seed1__d0.1,cifar10,d0.1,0.3,5,196|178|224|205|197,1,0.28899095493168003,0.28058745036124527,1,0.29524011288131446,0.3796987503189402,0
cifar10_proser_fedavg__split01__seed1__d0.5,cifar10,d0.5,0.05,5,195|217|194|195|199,0,,0.0,0,,0.0,0
cifar10_proser_fedavg__split01__seed1__d0.5,cifar10,d0.5,0.1,5,195|217|194|195|199,0,,0.0,1,0.09653724893238905,0.2256541258753771,1
cifar10_proser_fedavg__split01__seed1__d0.5,cifar10,d0.5,0.15,5,195|217|194|195|199,1,0.1426789755580819,0.30655350179329216,1,0.1455331970413558,0.4008157819569044,0
cifar10_proser_fedavg__split01__seed1__d0.5,cifar10,d0.5,0.2,5,195|217|194|195|199,1,0.16656590116118528,0.34962800544031636,1,0.18715179809024496,0.45192569707882946,0
cifar10_proser_fedavg__split01__seed1__d0.5,cifar10,d0.5,0.25,5,195|217|194|195|199,1,0.2380389803702521,0.4603841964597842,1,0.2219477848028657,0.505627703085052,0
cifar10_proser_fedavg__split01__seed1__d0.5,cifar10,d0.5,0.3,5,195|217|194|195|199,1,0.21774828295060844,0.4276138238607461,1,0.259959092128241,0.5808164169620079,0
cifar10_proser_fedavg__split01__seed1__d5.0,cifar10,d5,0.05,5,216|198|208|171|207,0,,0.0,0,,0.0,0
cifar10_proser_fedavg__split01__seed1__d5.0,cifar10,d5,0.1,5,216|198|208|171|207,0,,0.0,0,,0.0,0
cifar10_proser_fedavg__split01__seed1__d5.0,cifar10,d5,0.15,5,216|198|208|171|207,0,,0.0,1,0.14187277212864546,0.3354069857593717,1
cifar10_proser_fedavg__split01__seed1__d5.0,cifar10,d5,0.2,5,216|198|208|171|207,1,0.19930279316881436,0.31774156327905306,1,0.18603066298457557,0.445044954074667,0
cifar10_proser_fedavg__split01__seed1__d5.0,cifar10,d5,0.25,5,216|198|208|171|207,1,0.23274059196935648,0.4603841964597842,1,0.24427744808905005,0.594597777624161,0
cifar10_proser_fedavg__split01__seed1__d5.0,cifar10,d5,0.3,5,216|198|208|171|207,1,0.296768318534563,0.6221246707839073,1,0.2753083772018049,0.6541658872880444,0
cifar10_proser_fedavg__split01__seed2__d0.1,cifar10,d0.1,0.05,5,198|199|197|195|211,0,,0.0,0,,0.0,0
cifar10_proser_fedavg__split01__seed2__d0.1,cifar10,d0.1,0.1,5,198|199|197|195|211,0,,0.0,0,,0.0,0
cifar10_proser_fedavg__split01__seed2__d0.1,cifar10,d0.1,0.15,5,198|199|197|195|211,0,,0.0,0,,0.0,0
cifar10_proser_fedavg__split01__seed2__d0.1,cifar10,d0.1,0.2,5,198|199|197|195|211,0,,0.0,0,,0.0,0
cifar10_proser_fedavg__split01__seed2__d0.1,cifar10,d0.1,0.25,5,198|199|197|195|211,0,,0.0,0,,0.0,0
cifar10_proser_fedavg__split01__seed2__d0.1,cifar10,d0.1,0.3,5,198|199|197|195|211,0,,0.0,0,,0.0,0
cifar10_proser_fedavg__split01__seed2__d0.5,cifar10,d0.5,0.05,5,193|191|206|215|195,0,,0.0,0,,0.0,0
cifar10_proser_fedavg__split01__seed2__d0.5,cifar10,d0.5,0.1,5,193|191|206|215|195,0,,0.0,1,0.09452558767774973,0.22976760382571795,1
cifar10_proser_fedavg__split01__seed2__d0.5,cifar10,d0.5,0.15,5,193|191|206|215|195,1,0.13721978621302133,0.2676802640594055,1,0.14199402339110528,0.37443236595284923,0
cifar10_proser_fedavg__split01__seed2__d0.5,cifar10,d0.5,0.2,5,193|191|206|215|195,1,0.185003091462574,0.3912878815946736,1,0.17064816180396727,0.4224038935640348,0
cifar10_proser_fedavg__split01__seed2__d0.5,cifar10,d0.5,0.25,5,193|191|206|215|195,1,0.24643752131638968,0.5227598545528591,1,0.2460671692757167,0.5579006556804255,0
cifar10_proser_fedavg__split01__seed2__d0.5,cifar10,d0.5,0.3,5,193|191|206|215|195,1,0.2941187016032712,0.5820852488509656,1,0.2925340196621843,0.6232668741327991,0
cifar10_proser_fedavg__split01__seed2__d5.0,cifar10,d5,0.05,5,227|192|198|190|193,0,,0.0,0,,0.0,0
cifar10_proser_fedavg__split01__seed2__d5.0,cifar10,d5,0.1,5,227|192|198|190|193,0,,0.0,1,0.0900090571585809,0.226060325022345,1
cifar10_proser_fedavg__split01__seed2__d5.0,cifar10,d5,0.15,5,227|192|198|190|193,1,0.13280013132879778,0.2824355370849912,1,0.1297418805570843,0.34987086291235675,0
cifar10_proser_fedavg__split01__seed2__d5.0,cifar10,d5,0.2,5,227|192|198|190|193,1,0.18746539533973833,0.3140083105619187,1,0.18505794176436122,0.4318041388447288,0
cifar10_proser_fedavg__split01__seed2__d5.0,cifar10,d5,0.25,5,227|192|198|190|193,1,0.22950685998707343,0.47007067566749855,1,0.24908810854054736,0.5592596295517905,0
cifar10_proser_fedavg__split01__seed2__d5.0,cifar10,d5,0.3,5,227|192|198|190|193,1,0.2911282588940245,0.6100695588493052,1,0.28306074734370557,0.6408944173435426,0
cifar10_proser_fedavg__split01__seed3__d0.1,cifar10,d0.1,0.05,5,210|196|207|197|190,0,,0.0,0,,0.0,0
cifar10_proser_fedavg__split01__seed3__d0.1,cifar10,d0.1,0.1,5,210|196|207|197|190,0,,0.0,0,,0.0,0
cifar10_proser_fedavg__split01__seed3__d0.1,cifar10,d0.1,0.15,5,210|196|207|197|190,0,,0.0,0,,0.0,0
cifar10_proser_fedavg__split01__seed3__d0.1,cifar10,d0.1,0.2,5,210|196|207|197|190,0,,0.0,0,,0.0,0
cifar10_proser_fedavg__split01__seed3__d0.1,cifar10,d0.1,0.25,5,210|196|207|197|190,0,,0.0,0,,0.0,0
cifar10_proser_fedavg__split01__seed3__d0.1,cifar10,d0.1,0.3,5,210|196|207|197|190,0,,0.0,0,,0.0,0
cifar10_proser_fedavg__split01__seed3__d0.5,cifar10,d0.5,0.05,5,189|197|204|179|231,0,,0.0,0,,0.0,0
cifar10_proser_fedavg__split01__seed3__d0.5,cifar10,d0.5,0.1,5,189|197|204|179|231,0,,0.0,0,,0.0,0
cifar10_proser_fedavg__split01__seed3__d0.5,cifar10,d0.5,0.15,5,189|197|204|179|231,0,,0.0,1,0.14549985037047217,0.23298573991835336,1
cifar10_proser_fedavg__split01__seed3__d0.5,cifar10,d0.5,0.2,5,189|197|204|179|231,1,0.16225643182373312,0.1541841332424807,1,0.199508437630749,0.420732018020699,0
cifar10_proser_fedavg__split01__seed3__d0.5,cifar10,d0.5,0.25,5,189|197|204|179|231,1,0.2351421161478851,0.4545828238034004,1,0.23234163055707915,0.4934481559794244,0
cifar10_proser_fedavg__split01__seed3__d0.5,cifar10,d0.5,0.3,5,189|197|204|179|231,1,0.26665892132150787,0.5463885019748965,1,0.25854068221548976,0.5553545310512793,0
cifar10_proser_fedavg__split01__seed3__d5.0,cifar10,d5,0.05,5,206|225|173|196|200,0,,0.0,0,,0.0,0
cifar10_proser_fedavg__split01__seed3__d5.0,cifar10,d5,0.1,5,206|225|173|196|200,1,0.09195500600290275,0.21659892278808288,1,0.0927245400461506,0.26243400202060513,0
cifar10_proser_fedavg__split01__seed3__d5.0,cifar10,d5,0.15,5,206|225|173|196|200,1,0.1399856327842393,0.29169143749289017,1,0.12019589020253982,0.3276629720766352,0
cifar10_proser_fedavg__split01__seed3__d5.0,cifar10,d5,0.2,5,206|225|173|196|200,1,0.19597130687887904,0.3970023941057943,1,0.17394642445354275,0.43111037986753276,0
cifar10_proser_fedavg__split01__seed3__d5.0,cifar10,d5,0.25,5,206|225|173|196|200,1,0.23435057644198418,0.4934079896805652,1,0.21713416709867445,0.5091452313747675,0
cifar10_proser_fedavg__split01__seed3__d5.0,cifar10,d5,0.3,5,206|225|173|196|200,1,0.2717277055560101,0.5562732531803791,1,0.25439632726645395,0.5771509188966788,0
cifar10_proser_fedavg__split01__seed4__d0.1,cifar10,d0.1,0.05,5,191|181|199|206|223,0,,0.0,0,,0.0,0
cifar10_proser_fedavg__split01__seed4__d0.1,cifar10,d0.1,0.1,5,191|181|199|206|223,0,,0.0,0,,0.0,0
cifar10_proser_fedavg__split01__seed4__d0.1,cifar10,d0.1,0.15,5,191|181|199|206|223,0,,0.0,1,0.1401797756857019,0.10049835516218986,1
cifar10_proser_fedavg__split01__seed4__d0.1,cifar10,d0.1,0.2,5,191|181|199|206|223,1,0.16044176557957182,0.0889210237552595,1,0.13983307432648534,0.11227176285133314,0
cifar10_proser_fedavg__split01__seed4__d0.1,cifar10,d0.1,0.25,5,191|181|199|206|223,1,0.20465301704801622,0.10917052585404981,1,0.23871058057767477,0.15512065218926985,0
cifar10_proser_fedavg__split01__seed4__d0.1,cifar10,d0.1,0.3,5,191|181|199|206|223,1,0.2641640979576656,0.13323876309562074,1,0.2755564083202701,0.16511425702749785,0
cifar10_proser_fedavg__split01__seed4__d0.5,cifar10,d0.5,0.05,5,199|213|196|189|203,0,,0.0,0,,0.0,0
cifar10_proser_fedavg__split01__seed4__d0.5,cifar10,d0.5,0.1,5,199|213|196|189|203,0,,0.0,0,,0.0,0
cifar10_proser_fedavg__split01__seed4__d0.5,cifar10,d0.5,0.15,5,199|213|196|189|203,0,,0.0,1,0.13607382335463397,0.12496748905345936,1
cifar10_proser_fedavg__split01__seed4__d0.5,cifar10,d0.5,0.2,5,199|213|196|189|203,1,0.19983232594343556,0.1541841332424807,1,0.19235821167397288,0.3021995128571473,0
cifar10_proser_fedavg__split01__seed4__d0.5,cifar10,d0.5,0.25,5,199|213|196|189|203,1,0.23712617892404844,0.35339710447454,1,0.21417846111935257,0.38345956740898096,0
cifar10_proser_fedavg__split01__seed4__d0.5,cifar10,d0.5,0.3,5,199|213|196|189|203,1,0.29526851751057026,0.42953449709678876,1,0.26143678354000155,0.45574934428489483,0
cifar10_proser_fedavg__split01__seed4__d5.0,cifar10,d5,0.05,5,213|184|217|182|204,0,,0.0,1,0.04910860925158109,0.1740510963497785,1
cifar10_proser_fedavg__split01__seed4__d5.0,cifar10,d5,0.1,5,213|184|217|182|204,1,0.09857674356336091,0.34022144370818946,1,0.08769012379270777,0.36819690631275553,0
cifar10_proser_fedavg__split01__seed4__d5.0,cifar10,d5,0.15,5,213|184|217|182|204,1,0.13978689276316197,0.3970023941057943,1,0.13043810809341666,0.42933068008787434,0
cifar10_proser_fedavg__split01__seed4__d5.0,cifar10,d5,0.2,5,213|184|217|182|204,1,0.1909293641696308,0.46425615733449827,1,0.1668848539991854,0.4827473914929692,0
cifar10_proser_fedavg__split01__seed4__d5.0,cifar10,d5,0.25,5,213|184|217|182|204,1,0.23057138777569752,0.5306213570699465,1,0.21798895428975093,0.5376260557434897,0
cifar10_proser_fedavg__split01__seed4__d5.0,cifar10,d5,0.3,5,213|184|217|182|204,1,0.2708837304043929,0.5940542612743742,1,0.26096229665109505,0.6018205871477481,0
cifar10_proser_fedavg__split02__seed0__d0.1,cifar10,d0.1,0.05,5,193|181|216|216|194,0,,0.0,0,,0.0,0
cifar10_proser_fedavg__split02__seed0__d0.1,cifar10,d0.1,0.1,5,193|181|216|216|194,0,,0.0,0,,0.0,0
cifar10_proser_fedavg__split02__seed0__d0.1,cifar10,d0.1,0.15,5,193|181|216|216|194,0,,0.0,0,,0.0,0
cifar10_proser_fedavg__split02__seed0__d0.1,cifar10,d0.1,0.2,5,193|181|216|216|194,0,,0.0,0,,0.0,0
cifar10_proser_fedavg__split02__seed0__d0.1,cifar10,d0.1,0.25,5,193|181|216|216|194,0,,0.0,0,,0.0,0
cifar10_proser_fedavg__split02__seed0__d0.1,cifar10,d0.1,0.3,5,193|181|216|216|194,0,,0.0,0,,0.0,0
cifar10_proser_fedavg__split02__seed0__d0.5,cifar10,d0.5,0.05,5,199|191|233|198|179,0,,0.0,0,,0.0,0
cifar10_proser_fedavg__split02__seed0__d0.5,cifar10,d0.5,0.1,5,199|191|233|198|179,0,,0.0,0,,0.0,0
cifar10_proser_fedavg__split02__seed0__d0.5,cifar10,d0.5,0.15,5,199|191|233|198|179,0,,0.0,0,,0.0,0
cifar10_proser_fedavg__split02__seed0__d0.5,cifar10,d0.5,0.2,5,199|191|233|198|179,0,,0.0,0,,0.0,0
cifar10_proser_fedavg__split02__seed0__d0.5,cifar10,d0.5,0.25,5,199|191|233|198|179,0,,0.0,0,,0.0,0
cifar10_proser_fedavg__split02__seed0__d0.5,cifar10,d0.5,0.3,5,199|191|233|198|179,0,,0.0,0,,0.0,0
cifar10_proser_fedavg__split02__seed0__d5.0,cifar10,d5,0.05,5,204|187|200|197|212,0,,0.0,0,,0.0,0
cifar10_proser_fedavg__split02__seed0__d5.0,cifar10,d5,0.1,5,204|187|200|197|212,0,,0.0,0,,0.0,0
cifar10_proser_fedavg__split02__seed0__d5.0,cifar10,d5,0.15,5,204|187|200|197|212,0,,0.0,0,,0.0,0
cifar10_proser_fedavg__split02__seed0__d5.0,cifar10,d5,0.2,5,204|187|200|197|212,0,,0.0,1,0.1988373807756835,0.39452959978671265,1
cifar10_proser_fedavg__split02__seed0__d5.0,cifar10,d5,0.25,5,204|187|200|197|212,1,0.20631889879295257,0.34774483898291636,1,0.2429008112696916,0.5236530593510799,0
cifar10_proser_fedavg__split02__seed0__d5.0,cifar10,d5,0.3,5,204|187|200|197|212,1,0.25364849378147253,0.4027248730852155,1,0.2882316531305142,0.6271402176307437,0
cifar10_proser_fedavg__split02__seed1__d0.1,cifar10,d0.1,0.05,5,185|193|190|206|226,0,,0.0,0,,0.0,0
cifar10_proser_fedavg__split02__seed1__d0.1,cifar10,d0.1,0.1,5,185|193|190|206|226,0,,0.0,0,,0.0,0
cifar10_proser_fedavg__split02__seed1__d0.1,cifar10,d0.1,0.15,5,185|193|190|206|226,0,,0.0,1,0.14750789041143664,0.0636984287395279,1
cifar10_proser_fedavg__split02__seed1__d0.1,cifar10,d0.1,0.2,5,185|193|190|206|226,0,,0.0,1,0.18904944013182431,0.23719020421043,1
cifar10_proser_fedavg__split02__seed1__d0.1,cifar10,d0.1,0.25,5,185|193|190|206|226,1,0.24280255010305196,0.19500134841768263,1,0.23169842518503597,0.29114078082729,0
cifar10_proser_fedavg__split02__seed1__d0.1,cifar10,d0.1,0.3,5,185|193|190|206|226,1,0.2665784113761557,0.29725720013377666,1,0.2556694548375427,0.3211564871698209,0
cifar10_proser_fedavg__split02__seed1__d0.5,cifar10,d0.5,0.05,5,216|204|185|200|195,0,,0.0,0,,0.0,0
cifar10_proser_fedavg__split02__seed1__d0.5,cifar10,d0.5,0.1,5,216|204|185|200|195,0,,0.0,0,,0.0,0
cifar10_proser_fedavg__split02__seed1__d0.5,cifar10,d0.5,0.15,5,216|204|185|200|195,0,,0.0,0,,0.0,0
cifar10_proser_fedavg__split02__seed1__d0.5,cifar10,d0.5,0.2,5,216|204|185|200|195,0,,0.0,0,,0.0,0
cifar10_proser_fedavg__split02__seed1__d0.5,cifar10,d0.5,0.25,5,216|204|185|200|195,1,0.2369673046324508,0.4410769037123028,1,0.23336187344387574,0.4449225073539911,0
cifar10_proser_fedavg__split02__seed1__d0.5,cifar10,d0.5,0.3,5,216|204|185|200|195,1,0.27122422984645367,0.5325890199080114,1,0.2652058563073173,0.5411826041868121,0
cifar10_proser_fedavg__split02__seed1__d5.0,cifar10,d5,0.05,5,209|196|190|190|215,0,,0.0,0,,0.0,0
cifar10_proser_fedavg__split02__seed1__d5.0,cifar10,d5,0.1,5,209|196|190|190|215,0,,0.0,0,,0.0,0
cifar10_proser_fedavg__split02__seed1__d5.0,cifar10,d5,0.15,5,209|196|190|190|215,0,,0.0,0,,0.0,0
cifar10_proser_fedavg__split02__seed1__d5.0,cifar10,d5,0.2,5,209|196|190|190|215,0,,0.0,1,0.19902990801895207,0.29988955326884026,1
cifar10_proser_fedavg__split02__seed1__d5.0,cifar10,d5,0.25,5,209|196|190|190|215,1,0.2224325900018938,0.34210089748816414,1,0.2459322455674242,0.5445702602861786,0
cifar10_proser_fedavg__split02__seed1__d5.0,cifar10,d5,0.3,5,209|196|190|190|215,1,0.2928613527435741,0.6281666123047629,1,0.28263559708373465,0.6397658018703908,0
cifar10_proser_fedavg__split02__seed2__d0.1,cifar10,d0.1,0.05,5,215|181|208|192|204,0,,0.0,0,,0.0,0
cifar10_proser_fedavg__split02__seed2__d0.1,cifar10,d0.1,0.1,5,215|181|208|192|204,0,,0.0,0,,0.0,0
cifar10_proser_fedavg__split02__seed2__d0.1,cifar10,d0.1,0.15,5,215|181|208|192|204,0,,0.0,0,,0.0,0
cifar10_proser_fedavg__split02__seed2__d0.1,cifar10,d0.1,0.2,5,215|181|208|192|204,0,,0.0,0,,0.0,0
cifar10_proser_fedavg__split02__seed2__d0.1,cifar10,d0.1,0.25,5,215|181|208|192|204,0,,0.0,0,,0.0,0
cifar10_proser_fedavg__split02__seed2__d0.1,cifar10,d0.1,0.3,5,215|181|208|192|204,0,,0.0,1,0.2977994911541851,0.026532117022346167,1
cifar10_proser_fedavg__split02__seed2__d0.5,cifar10,d0.5,0.05,5,209|204|209|196|182,0,,0.0,0,,0.0,0
cifar10_proser_fedavg__split02__seed2__d0.5,cifar10,d0.5,0.1,5,209|204|209|196|182,0,,0.0,0,,0.0,0
cifar10_proser_fedavg__split02__seed2__d0.5,cifar10,d0.5,0.15,5,209|204|209|196|182,1,0.133096995529086,0.13671084543802253,1,0.1463087876797854,0.24597318022554437,0
cifar10_proser_fedavg__split02__seed2__d0.5,cifar10,d0.5,0.2,5,209|204|209|196|182,1,0.19421157257317198,0.2676802640594055,1,0.19427907258926758,0.36460360730814545,0
cifar10_proser_fedavg__split02__seed2__d0.5,cifar10,d0.5,0.25,5,209|204|209|196|182,1,0.19861642035742674,0.32896441783572183,1,0.24451340143171277,0.4795617937805474,0
cifar10_proser_fedavg__split02__seed2__d0.5,cifar10,d0.5,0.3,5,209|204|209|196|182,1,0.2560799178960325,0.3970023941057943,1,0.2732381807749581,0.5553651612736508,0
cifar10_proser_fedavg__split02__seed2__d5.0,cifar10,d5,0.05,5,202|190|194|217|197,0,,0.0,0,,0.0,0
cifar10_proser_fedavg__split02__seed2__d5.0,cifar10,d5,0.1,5,202|190|194|217|197,0,,0.0,0,,0.0,0
cifar10_proser_fedavg__split02__seed2__d5.0,cifar10,d5,0.15,5,202|190|194|217|197,0,,0.0,0,,0.0,0
cifar10_proser_fedavg__split02__seed2__d5.0,cifar10,d5,0.2,5,202|190|194|217|197,1,0.19041418027510812,0.2603282771897686,1,0.17777192596163444,0.37865178310332287,0
cifar10_proser_fedavg__split02__seed2__d5.0,cifar10,d5,0.25,5,202|190|194|217|197,1,0.1948049070269773,0.29911446741951175,1,0.23414852481829346,0.4848253226143181,0
cifar10_proser_fedavg__split02__seed2__d5.0,cifar10,d5,0.3,5,202|190|194|217|197,1,0.23795410237074324,0.3950966701610924,1,0.27697121181329054,0.5894859368504611,0
cifar10_proser_fedavg__split02__seed3__d0.1,cifar10,d0.1,0.05,5,199|199|206|195|201,0,,0.0,0,,0.0,0
cifar10_proser_fedavg__split02__seed3__d0.1,cifar10,d0.1,0.1,5,199|199|206|195|201,0,,0.0,0,,0.0,0
cifar10_proser_fedavg__split02__seed3__d0.1,cifar10,d0.1,0.15,5,199|199|206|195|201,0,,0.0,0,,0.0,0
cifar10_proser_fedavg__split02__seed3__d0.1,cifar10,d0.1,0.2,5,199|199|206|195|201,0,,0.0,0,,0.0,0
cifar10_proser_fedavg__split02__seed3__d0.1,cifar10,d0.1,0.25,5,199|199|206|195|201,0,,0.0,0,,0.0,0
cifar10_proser_fedavg__split02__seed3__d0.1,cifar10,d0.1,0.3,5,199|199|206|195|201,0,,0.0,0,,0.0,0
cifar10_proser_fedavg__split02__seed3__d0.5,cifar10,d0.5,0.05,5,182|184|195|218|221,0,,0.0,0,,0.0,0
cifar10_proser_fedavg__split02__seed3__d0.5,cifar10,d0.5,0.1,5,182|184|195|218|221,0,,0.0,0,,0.0,0
cifar10_proser_fedavg__split02__seed3__d0.5,cifar10,d0.5,0.15,5,182|184|195|218|221,0,,0.0,0,,0.0,0
cifar10_proser_fedavg__split02__seed3__d0.5,cifar10,d0.5,0.2,5,182|184|195|218|221,1,0.17229004002976459,0.0740174636052026,1,0.19773109047293108,0.206379995863779,0
cifar10_proser_fedavg__split02__seed3__d0.5,cifar10,d0.5,0.25,5,182|184|195|218|221,1,0.21135011354731878,0.10746855377756538,1,0.24326101556926585,0.36878011927292614,0
cifar10_proser_fedavg__split02__seed3__d0.5,cifar10,d0.5,0.3,5,182|184|195|218|221,1,0.29524023091271756,0.47007067566749855,1,0.2815584224020746,0.490440937024143,0
cifar10_proser_fedavg__split02__seed3__d5.0,cifar10,d5,0.05,5,218|187|210|208|177,0,,0.0,0,,0.0,0
cifar10_proser_fedavg__split02__seed3__d5.0,cifar10,d5,0.1,5,218|187|210|208|177,0,,0.0,0,,0.0,0
cifar10_proser_fedavg__split02__seed3__d5.0,cifar10,d5,0.15,5,218|187|210|208|177,0,,0.0,1,0.1418120833795564,0.11442948743402666,1
cifar10_proser_fedavg__split02__seed3__d5.0,cifar10,d5,0.2,5,218|187|210|208|177,1,0.1840147821306372,0.16651941981501164,1,0.19605419056007317,0.383130392174481,0
cifar10_proser_fedavg__split02__seed3__d5.0,cifar10,d5,0.25,5,218|187|210|208|177,1,0.23826782166255736,0.450719617421751,1,0.22057298052660712,0.5000336321089722,0
cifar10_proser_fedavg__split02__seed3__d5.0,cifar10,d5,0.3,5,218|187|210|208|177,1,0.2694617451356215,0.5701517407993725,1,0.24896560191924094,0.5856552969820464,0
cifar10_proser_fedavg__split02__seed4__d0.1,cifar10,d0.1,0.05,5,202|210|181|208|199,0,,0.0,0,,0.0,0
cifar10_proser_fedavg__split02__seed4__d0.1,cifar10,d0.1,0.1,5,202|210|181|208|199,0,,0.0,0,,0.0,0
cifar10_proser_fedavg__split02__seed4__d0.1,cifar10,d0.1,0.15,5,202|210|181|208|199,0,,0.0,0,,0.0,0
cifar10_proser_fedavg__split02__seed4__d0.1,cifar10,d0.1,0.2,5,202|210|181|208|199,0,,0.0,0,,0.0,0
cifar10_proser_fedavg__split02__seed4__d0.1,cifar10,d0.1,0.25,5,202|210|181|208|199,0,,0.0,0,,0.0,0
cifar10_proser_fedavg__split02__seed4__d0.1,cifar10,d0.1,0.3,5,202|210|181|208|199,0,,0.0,1,0.29917789900961034,0.04094690162080213,1
cifar10_proser_fedavg__split02__seed4__d0.5,cifar10,d0.5,0.05,5,193|193|210|212|192,0,,0.0,0,,0.0,0
cifar10_proser_fedavg__split02__seed4__d0.5,cifar10,d0.5,0.1,5,193|193|210|212|192,0,,0.0,0,,0.0,0
cifar10_proser_fedavg__split02__seed4__d0.5,cifar10,d0.5,0.15,5,193|193|210|212|192,0,,0.0,0,,0.0,0
cifar10_proser_fedavg__split02__seed4__d0.5,cifar10,d0.5,0.2,5,193|193|210|212|192,0,,0.0,0,,0.0,0
cifar10_proser_fedavg__split02__seed4__d0.5,cifar10,d0.5,0.25,5,193|193|210|212|192,0,,0.0,0,,0.0,0
cifar10_proser_fedavg__split02__seed4__d0.5,cifar10,d0.5,0.3,5,193|193|210|212|192,1,0.2729922480550676,0.17893330314151554,1,0.25443833580924735,0.1962330585584322,0
cifar10_proser_fedavg__split02__seed4__d5.0,cifar10,d5,0.05,5,198|207|198|193|204,0,,0.0,0,,0.0,0
cifar10_proser_fedavg__split02__seed4__d5.0,cifar10,d5,0.1,5,198|207|198|193|204,0,,0.0,0,,0.0,0
cifar10_proser_fedavg__split02__seed4__d5.0,cifar10,d5,0.15,5,198|207|198|193|204,0,,0.0,1,0.14941491601259838,0.15862638083728933,1
cifar10_proser_fedavg__split02__seed4__d5.0,cifar10,d5,0.2,5,198|207|198|193|204,1,0.1789981523034109,0.2732055634255446,1,0.16525715032576066,0.2832582752078485,0
cifar10_proser_fedavg__split02__seed4__d5.0,cifar10,d5,0.25,5,198|207|198|193|204,1,0.2496592398318943,0.5051245152732453,1,0.23780802703495035,0.5350489640476014,0
cifar10_proser_fedavg__split02__seed4__d5.0,cifar10,d5,0.3,5,198|207|198|193|204,1,0.2909225293326087,0.5980519563630307,1,0.273546606503492,0.6101704131222654,0
cifar10_proser_fedavg__split03__seed0__d0.1,cifar10,d0.1,0.05,5,183|249|174|177|217,0,,0.0,0,,0.0,0
cifar10_proser_fedavg__split03__seed0__d0.1,cifar10,d0.1,0.1,5,183|249|174|177|217,0,,0.0,0,,0.0,0
cifar10_proser_fedavg__split03__seed0__d0.1,cifar10,d0.1,0.15,5,183|249|174|177|217,0,,0.0,0,,0.0,0
cifar10_proser_fedavg__split03__seed0__d0.1,cifar10,d0.1,0.2,5,183|249|174|177|217,0,,0.0,0,,0.0,0
cifar10_proser_fedavg__split03__seed0__d0.1,cifar10,d0.1,0.25,5,183|249|174|177|217,0,,0.0,1,0.21629709529791727,0.045333310114167094,1
cifar10_proser_fedavg__split03__seed0__d0.1,cifar10,d0.1,0.3,5,183|249|174|177|217,1,0.250350296512733,0.02136901710538746,1,0.21438409738076347,0.04617297581627429,0
cifar10_proser_fedavg__split03__seed0__d0.5,cifar10,d0.5,0.05,5,220|184|199|193|204,0,,0.0,0,,0.0,0
cifar10_proser_fedavg__split03__seed0__d0.5,cifar10,d0.5,0.1,5,220|184|199|193|204,0,,0.0,0,,0.0,0
cifar10_proser_fedavg__split03__seed0__d0.5,cifar10,d0.5,0.15,5,220|184|199|193|204,0,,0.0,0,,0.0,0
cifar10_proser_fedavg__split03__seed0__d0.5,cifar10,d0.5,0.2,5,220|184|199|193|204,0,,0.0,1,0.18492230411457347,0.13255246167332185,1
cifar10_proser_fedavg__split03__seed0__d0.5,cifar10,d0.5,0.25,5,220|184|199|193|204,1,0.24605115339470904,0.17537877301093394,1,0.2006521436478652,0.1921905486394509,0
cifar10_proser_fedavg__split03__seed0__d0.5,cifar10,d0.5,0.3,5,220|184|199|193|204,1,0.26671044680340666,0.2256526695418269,1,0.2932814041184659,0.3862515940198309,0
cifar10_proser_fedavg__split03__seed0__d5.0,cifar10,d5,0.05,5,168|205|203|219|205,0,,0.0,0,,0.0,0
cifar10_proser_fedavg__split03__seed0__d5.0,cifar10,d5,0.1,5,168|205|203|219|205,0,,0.0,0,,0.0,0
cifar10_proser_fedavg__split03__seed0__d5.0,cifar10,d5,0.15,5,168|205|203|219|205,1,0.14285119880892738,0.1682881481006248,1,0.11769686026317307,0.19023472653373363,0
cifar10_proser_fedavg__split03__seed0__d5.0,cifar10,d5,0.2,5,168|205|203|219|205,1,0.16878060975122525,0.258493008565482,1,0.19225227652482246,0.39618810865813564,0
cifar10_proser_fedavg__split03__seed0__d5.0,cifar10,d5,0.25,5,168|205|203|219|205,1,0.23680401436757342,0.4545828238034004,1,0.20854316804406695,0.45890101763681407,0
cifar10_proser_fedavg__split03__seed0__d5.0,cifar10,d5,0.3,5,168|205|203|219|205,1,0.2693233396256197,0.5090371741435264,1,0.288763334046529,0.6719396212576317,0
cifar10_proser_fedavg__split03__seed1__d0.1,cifar10,d0.1,0.05,5,215|204|196|191|194,0,,0.0,0,,0.0,0
cifar10_proser_fedavg__split03__seed1__d0.1,cifar10,d0.1,0.1,5,215|204|196|191|194,0,,0.0,0,,0.0,0
cifar10_proser_fedavg__split03__seed1__d0.1,cifar10,d0.1,0.15,5,215|204|196|191|194,0,,0.0,0,,0.0,0
cifar10_proser_fedavg__split03__seed1__d0.1,cifar10,d0.1,0.2,5,215|204|196|191|194,0,,0.0,0,,0.0,0
cifar10_proser_fedavg__split03__seed1__d0.1,cifar10,d0.1,0.25,5,215|204|196|191|194,0,,0.0,1,0.20455493556822413,0.039540532285608825,1
cifar10_proser_fedavg__split03__seed1__d0.1,cifar10,d0.1,0.3,5,215|204|196|191|194,1,0.2872035988841429,0.10576906922330784,1,0.2974795643265139,0.1616229784757422,0
cifar10_proser_fedavg__split03__seed1__d0.5,cifar10,d0.5,0.05,5,183|198|220|185|214,0,,0.0,0,,0.0,0
cifar10_proser_fedavg__split03__seed1__d0.5,cifar10,d0.5,0.1,5,183|198|220|185|214,0,,0.0,0,,0.0,0
cifar10_proser_fedavg__split03__seed1__d0.5,cifar10,d0.5,0.15,5,183|198|220|185|214,0,,0.0,1,0.14736857164891323,0.2524958965052742,1
cifar10_proser_fedavg__split03__seed1__d0.5,cifar10,d0.5,0.2,5,183|198|220|185|214,1,0.18267355582910227,0.2768944056337582,1,0.1840165782635318,0.3269161999701117,0
cifar10_proser_fedavg__split03__seed1__d0.5,cifar10,d0.5,0.25,5,183|198|220|185|214,1,0.2195874746899291,0.3552830329575743,1,0.2003758606044556,0.4023959047373038,0
cifar10_proser_fedavg__split03__seed1__d0.5,cifar10,d0.5,0.3,5,183|198|220|185|214,1,0.293019047322293,0.5424411567320382,1,0.27706588386018893,0.5856482661712462,0
cifar10_proser_fedavg__split03__seed1__d5.0,cifar10,d5,0.05,5,220|220|182|208|170,0,,0.0,0,,0.0,0
cifar10_proser_fedavg__split03__seed1__d5.0,cifar10,d5,0.1,5,220|220|182|208|170,0,,0.0,0,,0.0,0
cifar10_proser_fedavg__split03__seed1__d5.0,cifar10,d5,0.15,5,220|220|182|208|170,0,,0.0,1,0.1458531259454231,0.20005404364877602,1
cifar10_proser_fedavg__split03__seed1__d5.0,cifar10,d5,0.2,5,220|220|182|208|170,1,0.18732568515518766,0.3158744522294004,1,0.1703819905097051,0.3383148600192735,0
cifar10_proser_fedavg__split03__seed1__d5.0,cifar10,d5,0.25,5,220|220|182|208|170,1,0.21164803311212577,0.3628358945728069,1,0.2494245605525657,0.5456868479952486,0
cifar10_proser_fedavg__split03__seed1__d5.0,cifar10,d5,0.3,5,220|220|182|208|170,1,0.2999331561345327,0.5523165310760507,1,0.2858760935728949,0.621930383206038,0
cifar10_proser_fedavg__split03__seed2__d0.1,cifar10,d0.1,0.05,5,202|181|191|203|223,0,,0.0,0,,0.0,0
cifar10_proser_fedavg__split03__seed2__d0.1,cifar10,d0.1,0.1,5,202|181|191|203|223,0,,0.0,0,,0.0,0
cifar10_proser_fedavg__split03__seed2__d0.1,cifar10,d0.1,0.15,5,202|181|191|203|223,0,,0.0,0,,0.0,0
cifar10_proser_fedavg__split03__seed2__d0.1,cifar10,d0.1,0.2,5,202|181|191|203|223,0,,0.0,0,,0.0,0
cifar10_proser_fedavg__split03__seed2__d0.1,cifar10,d0.1,0.25,5,202|181|191|203|223,0,,0.0,0,,0.0,0
cifar10_proser_fedavg__split03__seed2__d0.1,cifar10,d0.1,0.3,5,202|181|191|203|223,0,,0.0,0,,0.0,0
cifar10_proser_fedavg__split03__seed2__d0.5,cifar10,d0.5,0.05,5,218|194|187|176|225,0,,0.0,0,,0.0,0
cifar10_proser_fedavg__split03__seed2__d0.5,cifar10,d0.5,0.1,5,218|194|187|176|225,0,,0.0,1,0.09931259161343381,0.1563296847140723,1
cifar10_proser_fedavg__split03__seed2__d0.5,cifar10,d0.5,0.15,5,218|194|187|176|225,0,,0.0,1,0.13881282656720148,0.2992488585674793,1
cifar10_proser_fedavg__split03__seed2__d0.5,cifar10,d0.5,0.2,5,218|194|187|176|225,1,0.18449214257651927,0.3439812828054374,1,0.19855789817634162,0.4526046736734818,0
cifar10_proser_fedavg__split03__seed2__d0.5,cifar10,d0.5,0.25,5,218|194|187|176|225,1,0.2428113545804051,0.5031695297372709,1,0.2245382600645528,0.5286732176888604,0
cifar10_proser_fedavg__split03__seed2__d0.5,cifar10,d0.5,0.3,5,218|194|187|176|225,1,0.2829015604671507,0.6100695588493052,1,0.2687906342336506,0.6262197065955344,0
cifar10_proser_fedavg__split03__seed2__d5.0,cifar10,d5,0.05,5,193|206|231|175|195,0,,0.0,0,,0.0,0
cifar10_proser_fedavg__split03__seed2__d5.0,cifar10,d5,0.1,5,193|206|231|175|195,0,,0.0,0,,0.0,0
cifar10_proser_fedavg__split03__seed2__d5.0,cifar10,d5,0.15,5,193|206|231|175|195,1,0.1479503875393267,0.17005846295116048,1,0.1476316920597432,0.2600502370447105,0
cifar10_proser_fedavg__split03__seed2__d5.0,cifar10,d5,0.2,5,193|206|231|175|195,1,0.16584176299255893,0.2329177531008276,1,0.1981863407488551,0.45882998458902896,0
cifar10_proser_fedavg__split03__seed2__d5.0,cifar10,d5,0.25,5,193|206|231|175|195,1,0.2432075626802952,0.5365271038837238,1,0.22651009194205396,0.5649656365283928,0
cifar10_proser_fedavg__split03__seed2__d5.0,cifar10,d5,0.3,5,193|206|231|175|195,1,0.27752677008709953,0.6060595715446995,1,0.260642637424184,0.6332031617999306,0
cifar10_proser_fedavg__split03__seed3__d0.1,cifar10,d0.1,0.05,5,193|220|210|194|183,0,,0.0,0,,0.0,0
cifar10_proser_fedavg__split03__seed3__d0.1,cifar10,d0.1,0.1,5,193|220|210|194|183,0,,0.0,0,,0.0,0
cifar10_proser_fedavg__split03__seed3__d0.1,cifar10,d0.1,0.15,5,193|220|210|194|183,0,,0.0,0,,0.0,0
cifar10_proser_fedavg__split03__seed3__d0.1,cifar10,d0.1,0.2,5,193|220|210|194|183,0,,0.0,1,0.1925000922096528,0.1255258528449222,1
cifar10_proser_fedavg__split03__seed3__d0.1,cifar10,d0.1,0.25,5,193|220|210|194|183,0,,0.0,1,0.2266565553313153,0.14861190634924412,1
cifar10_proser_fedavg__split03__seed3__d0.1,cifar10,d0.1,0.3,5,193|220|210|194|183,1,0.2806189151062664,0.14542463675116588,1,0.23343795706753606,0.152765170353083,0
cifar10_proser_fedavg__split03__seed3__d0.5,cifar10,d0.5,0.05,5,202|198|205|178|217,0,,0.0,0,,0.0,0
cifar10_proser_fedavg__split03__seed3__d0.5,cifar10,d0.5,0.1,5,202|198|205|178|217,0,,0.0,0,,0.0,0
cifar10_proser_fedavg__split03__seed3__d0.5,cifar10,d0.5,0.15,5,202|198|205|178|217,0,,0.0,1,0.1465084416428465,0.13075647739434237,1
cifar10_proser_fedavg__split03__seed3__d0.5,cifar10,d0.5,0.2,5,202|198|205|178|217,1,0.19049819011993485,0.17183034880148174,1,0.17958690723585113,0.29005286872403296,0
cifar10_proser_fedavg__split03__seed3__d0.5,cifar10,d0.5,0.25,5,202|198|205|178|217,1,0.2466301831310182,0.36851009477640784,1,0.24731311678149195,0.4920361750306731,0
cifar10_proser_fedavg__split03__seed3__d0.5,cifar10,d0.5,0.3,5,202|198|205|178|217,1,0.2628625280287141,0.42377510340272617,1,0.29162422592197323,0.5586800416543887,0
cifar10_proser_fedavg__split03__seed3__d5.0,cifar10,d5,0.05,5,213|198|206|206|177,0,,0.0,0,,0.0,0
cifar10_proser_fedavg__split03__seed3__d5.0,cifar10,d5,0.1,5,213|198|206|206|177,0,,0.0,1,0.09059969032550519,0.11126272511072202,1
cifar10_proser_fedavg__split03__seed3__d5.0,cifar10,d5,0.15,5,213|198|206|206|177,1,0.1435697535059925,0.16651941981501164,1,0.12922937883235333,0.24222375902459448,0
cifar10_proser_fedavg__split03__seed3__d5.0,cifar10,d5,0.2,5,213|198|206|206|177,1,0.1326539020656014,0.19500134841768263,1,0.18680182042196836,0.32757477406233965,0
cifar10_proser_fedavg__split03__seed3__d5.0,cifar10,d5,0.25,5,213|198|206|206|177,1,0.24119076092556205,0.34586259737954356,1,0.20591196331453018,0.38024165842805213,0
cifar10_proser_fedavg__split03__seed3__d5.0,cifar10,d5,0.3,5,213|198|206|206|177,1,0.2835672442410752,0.43530176563789696,1,0.2859875541855958,0.5793922100368873,0
cifar10_proser_fedavg__split03__seed4__d0.1,cifar10,d0.1,0.05,5,191|183|198|230|198,0,,0.0,0,,0.0,0
cifar10_proser_fedavg__split03__seed4__d0.1,cifar10,d0.1,0.1,5,191|183|198|230|198,0,,0.0,0,,0.0,0
cifar10_proser_fedavg__split03__seed4__d0.1,cifar10,d0.1,0.15,5,191|183|198|230|198,0,,0.0,0,,0.0,0
cifar10_proser_fedavg__split03__seed4__d0.1,cifar10,d0.1,0.2,5,191|183|198|230|198,0,,0.0,0,,0.0,0
cifar10_proser_fedavg__split03__seed4__d0.1,cifar10,d0.1,0.25,5,191|183|198|230|198,0,,0.0,0,,0.0,0
cifar10_proser_fedavg__split03__seed4__d0.1,cifar10,d0.1,0.3,5,191|183|198|230|198,0,,0.0,0,,0.0,0
cifar10_proser_fedavg__split03__seed4__d0.5,cifar10,d0.5,0.05,5,218|204|185|193|200,0,,0.0,0,,0.0,0
cifar10_proser_fedavg__split03__seed4__d0.5,cifar10,d0.5,0.1,5,218|204|185|193|200,0,,0.0,0,,0.0,0
cifar10_proser_fedavg__split03__seed4__d0.5,cifar10,d0.5,0.15,5,218|204|185|193|200,1,0.1456705710332214,0.15067502031936403,1,0.14201815384077301,0.21738348851396083,0
cifar10_proser_fedavg__split03__seed4__d0.5,cifar10,d0.5,0.2,5,218|204|185|193|200,1,0.19481714750259152,0.2329177531008276,1,0.19745013088674773,0.2976908060903271,0
cifar10_proser_fedavg__split03__seed4__d0.5,cifar10,d0.5,0.25,5,218|204|185|193|200,1,0.24799551529177608,0.31214314143182365,1,0.23294724153408353,0.3605183434903871,0
cifar10_proser_fedavg__split03__seed4__d0.5,cifar10,d0.5,0.3,5,218|204|185|193|200,1,0.26047483817328815,0.3140083105619187,1,0.2751089477588218,0.41301020709293257,0
cifar10_proser_fedavg__split03__seed4__d5.0,cifar10,d5,0.05,5,204|202|199|203|192,0,,0.0,0,,0.0,0
cifar10_proser_fedavg__split03__seed4__d5.0,cifar10,d5,0.1,5,204|202|199|203|192,1,0.0973964213932258,0.12459392772978035,1,0.09805563440614268,0.17601734311242886,0
cifar10_proser_fedavg__split03__seed4__d5.0,cifar10,d5,0.15,5,204|202|199|203|192,1,0.13985594635597168,0.24750474988909962,1,0.12970284970532625,0.2520843447624868,0
cifar10_proser_fedavg__split03__seed4__d5.0,cifar10,d5,0.2,5,204|202|199|203|192,1,0.18176179932794573,0.31774156327905306,1,0.19954142864527907,0.4163051142835555,0
cifar10_proser_fedavg__split03__seed4__d5.0,cifar10,d5,0.25,5,204|202|199|203|192,1,0.2381151753352021,0.3741924333422624,1,0.24438049272570622,0.5161940683301023,0
cifar10_proser_fedavg__split03__seed4__d5.0,cifar10,d5,0.3,5,204|202|199|203|192,1,0.27054351538332433,0.554294420171249,1,0.271467675162018,0.5825215454399403,0
cifar10_proser_fedavg__split04__seed0__d0.1,cifar10,d0.1,0.05,5,202|190|215|197|196,0,,0.0,0,,0.0,0
cifar10_proser_fedavg__split04__seed0__d0.1,cifar10,d0.1,0.1,5,202|190|215|197|196,0,,0.0,0,,0.0,0
cifar10_proser_fedavg__split04__seed0__d0.1,cifar10,d0.1,0.15,5,202|190|215|197|196,0,,0.0,0,,0.0,0
cifar10_proser_fedavg__split04__seed0__d0.1,cifar10,d0.1,0.2,5,202|190|215|197|196,0,,0.0,0,,0.0,0
cifar10_proser_fedavg__split04__seed0__d0.1,cifar10,d0.1,0.25,5,202|190|215|197|196,0,,0.0,1,0.22291407159729276,0.05839763826644129,1
cifar10_proser_fedavg__split04__seed0__d0.1,cifar10,d0.1,0.3,5,202|190|215|197|196,0,,0.0,1,0.23371428032112124,0.062166933075144606,1
cifar10_proser_fedavg__split04__seed0__d0.5,cifar10,d0.5,0.05,5,211|190|194|185|220,0,,0.0,0,,0.0,0
cifar10_proser_fedavg__split04__seed0__d0.5,cifar10,d0.5,0.1,5,211|190|194|185|220,0,,0.0,0,,0.0,0
cifar10_proser_fedavg__split04__seed0__d0.5,cifar10,d0.5,0.15,5,211|190|194|185|220,0,,0.0,0,,0.0,0
cifar10_proser_fedavg__split04__seed0__d0.5,cifar10,d0.5,0.2,5,211|190|194|185|220,0,,0.0,1,0.1997105438278081,0.262166037209901,1
cifar10_proser_fedavg__split04__seed0__d0.5,cifar10,d0.5,0.25,5,211|190|194|185|220,1,0.2325795093654171,0.19321030734982836,1,0.23909050485935662,0.3228378126864008,0
cifar10_proser_fedavg__split04__seed0__d0.5,cifar10,d0.5,0.3,5,211|190|194|185|220,1,0.29956122410052977,0.36661778828399627,1,0.2595679668494262,0.3791337173901768,0
cifar10_proser_fedavg__split04__seed0__d5.0,cifar10,d5,0.05,5,181|195|213|208|203,0,,0.0,0,,0.0,0
cifar10_proser_fedavg__split04__seed0__d5.0,cifar10,d5,0.1,5,181|195|213|208|203,0,,0.0,1,0.0945281459932576,0.18896885206548086,1
cifar10_proser_fedavg__split04__seed0__d5.0,cifar10,d5,0.15,5,181|195|213|208|203,1,0.13035099196845593,0.2402019320030513,1,0.11156566709461105,0.247703970009438,0
cifar10_proser_fedavg__split04__seed0__d5.0,cifar10,d5,0.2,5,181|195|213|208|203,1,0.17997399375064793,0.28058745036124527,1,0.18357867724858412,0.38276842873972683,0
cifar10_proser_fedavg__split04__seed0__d5.0,cifar10,d5,0.25,5,181|195|213|208|203,1,0.24368658568798587,0.40463413217685706,1,0.20277141219880512,0.4156583956760864,0
cifar10_proser_fedavg__split04__seed0__d5.0,cifar10,d5,0.3,5,181|195|213|208|203,1,0.27163664628263595,0.4410769037123028,1,0.2909581625900598,0.5617776579123497,0
cifar10_proser_fedavg__split04__seed1__d0.1,cifar10,d0.1,0.05,5,181|213|197|215|194,0,,0.0,0,,0.0,0
cifar10_proser_fedavg__split04__seed1__d0.1,cifar10,d0.1,0.1,5,181|213|197|215|194,0,,0.0,0,,0.0,0
cifar10_proser_fedavg__split04__seed1__d0.1,cifar10,d0.1,0.15,5,181|213|197|215|194,0,,0.0,0,,0.0,0
cifar10_proser_fedavg__split04__seed1__d0.1,cifar10,d0.1,0.2,5,181|213|197|215|194,0,,0.0,0,,0.0,0
cifar10_proser_fedavg__split04__seed1__d0.1,cifar10,d0.1,0.25,5,181|213|197|215|194,0,,0.0,1,0.2051262992156132,0.06033148784768765,1
cifar10_proser_fedavg__split04__seed1__d0.1,cifar10,d0.1,0.3,5,181|213|197|215|194,1,0.2882939297288263,0.05304362563064732,1,0.22935333655622314,0.07703853477814207,0
cifar10_proser_fedavg__split04__seed1__d0.5,cifar10,d0.5,0.05,5,198|211|193|200|198,0,,0.0,0,,0.0,0
cifar10_proser_fedavg__split04__seed1__d0.5,cifar10,d0.5,0.1,5,198|211|193|200|198,0,,0.0,0,,0.0,0
cifar10_proser_fedavg__split04__seed1__d0.5,cifar10,d0.5,0.15,5,198|211|193|200|198,0,,0.0,0,,0.0,0
cifar10_proser_fedavg__split04__seed1__d0.5,cifar10,d0.5,0.2,5,198|211|193|200|198,1,0.1993493707898387,0.06586382397031201,1,0.17934978509090654,0.21485522047408306,0
cifar10_proser_fedavg__split04__seed1__d0.5,cifar10,d0.5,0.25,5,198|211|193|200|198,1,0.21934984571673977,0.14892310068801173,1,0.20839453385742068,0.2782266959802196,0
cifar10_proser_fedavg__split04__seed1__d0.5,cifar10,d0.5,0.3,5,198|211|193|200|198,1,0.29833072440923525,0.30655350179329216,1,0.2925544075552555,0.4938768800599118,0
cifar10_proser_fedavg__split04__seed1__d5.0,cifar10,d5,0.05,5,201|195|190|214|200,0,,0.0,0,,0.0,0
cifar10_proser_fedavg__split04__seed1__d5.0,cifar10,d5,0.1,5,201|195|190|214|200,0,,0.0,0,,0.0,0
cifar10_proser_fedavg__split04__seed1__d5.0,cifar10,d5,0.15,5,201|195|190|214|200,0,,0.0,1,0.1438157239815373,0.1640466708419973,1
cifar10_proser_fedavg__split04__seed1__d5.0,cifar10,d5,0.2,5,201|195|190|214|200,1,0.19715835688718134,0.29725720013377666,1,0.19258287487421094,0.38385123860728654,0
cifar10_proser_fedavg__split04__seed1__d5.0,cifar10,d5,0.25,5,201|195|190|214|200,1,0.21253866913814362,0.34774483898291636,1,0.23241861450350246,0.48649030046626185,0
cifar10_proser_fedavg__split04__seed1__d5.0,cifar10,d5,0.3,5,201|195|190|214|200,1,0.2996325419081327,0.5365271038837238,1,0.2769716373123218,0.5778131858309343,0
cifar10_proser_fedavg__split04__seed2__d0.1,cifar10,d0.1,0.05,5,201|168|209|215|207,0,,0.0,0,,0.0,0
cifar10_proser_fedavg__split04__seed2__d0.1,cifar10,d0.1,0.1,5,201|168|209|215|207,0,,0.0,0,,0.0,0
cifar10_proser_fedavg__split04__seed2__d0.1,cifar10,d0.1,0.15,5,201|168|209|215|207,0,,0.0,0,,0.0,0
cifar10_proser_fedavg__split04__seed2__d0.1,cifar10,d0.1,0.2,5,201|168|209|215|207,0,,0.0,0,,0.0,0
cifar10_proser_fedavg__split04__seed2__d0.1,cifar10,d0.1,0.25,5,201|168|209|215|207,0,,0.0,1,0.2470601096144856,0.07740777118806325,1
cifar10_proser_fedavg__split04__seed2__d0.1,cifar10,d0.1,0.3,5,201|168|209|215|207,1,0.2850158707206777,0.04210454796765826,1,0.2946097129878996,0.13834927588631318,0
cifar10_proser_fedavg__split04__seed2__d0.5,cifar10,d0.5,0.05,5,198|206|204|205|187,0,,0.0,0,,0.0,0
cifar10_proser_fedavg__split04__seed2__d0.5,cifar10,d0.5,0.1,5,198|206|204|205|187,0,,0.0,0,,0.0,0
cifar10_proser_fedavg__split04__seed2__d0.5,cifar10,d0.5,0.15,5,198|206|204|205|187,0,,0.0,1,0.13969295585995636,0.2177670423099289,1
cifar10_proser_fedavg__split04__seed2__d0.5,cifar10,d0.5,0.2,5,198|206|204|205|187,0,,0.0,1,0.16786857799339502,0.2707322792760972,1
cifar10_proser_fedavg__split04__seed2__d0.5,cifar10,d0.5,0.25,5,198|206|204|205|187,1,0.2379340854376097,0.30283199885233564,1,0.23817104340470918,0.4175945862643376,0
cifar10_proser_fedavg__split04__seed2__d0.5,cifar10,d0.5,0.3,5,198|206|204|205|187,1,0.25345732753205885,0.3327129914556908,1,0.2966448534390471,0.5517826505138723,0
cifar10_proser_fedavg__split04__seed2__d5.0,cifar10,d5,0.05,5,179|208|195|218|200,0,,0.0,0,,0.0,0
cifar10_proser_fedavg__split04__seed2__d5.0,cifar10,d5,0.1,5,179|208|195|218|200,1,0.0982487666870256,0.1629867870468295,1,0.09526030379326954,0.21166470362329373,0
cifar10_proser_fedavg__split04__seed2__d5.0,cifar10,d5,0.15,5,179|208|195|218|200,1,0.13655411355158298,0.2256526695418269,1,0.14796780819271688,0.33497962737562353,0
cifar10_proser_fedavg__split04__seed2__d5.0,cifar10,d5,0.2,5,179|208|195|218|200,1,0.14767291865406512,0.2824355370849912,1,0.17537276833263724,0.3760754295317874,0
cifar10_proser_fedavg__split04__seed2__d5.0,cifar10,d5,0.25,5,179|208|195|218|200,1,0.238996487504528,0.40845529463456637,1,0.21984522888904792,0.42312972531294024,0
cifar10_proser_fedavg__split04__seed2__d5.0,cifar10,d5,0.3,5,179|208|195|218|200,1,0.27371835698936536,0.4545828238034004,1,0.24073791084010093,0.4805778625883696,0
cifar10_proser_fedavg__split04__seed3__d0.1,cifar10,d0.1,0.05,5,204|200|216|184|196,0,,0.0,0,,0.0,0
cifar10_proser_fedavg__split04__seed3__d0.1,cifar10,d0.1,0.1,5,204|200|216|184|196,0,,0.0,0,,0.0,0
cifar10_proser_fedavg__split04__seed3__d0.1,cifar10,d0.1,0.15,5,204|200|216|184|196,0,,0.0,0,,0.0,0
cifar10_proser_fedavg__split04__seed3__d0.1,cifar10,d0.1,0.2,5,204|200|216|184|196,0,,0.0,0,,0.0,0
cifar10_proser_fedavg__split04__seed3__d0.1,cifar10,d0.1,0.25,5,204|200|216|184|196,0,,0.0,0,,0.0,0
cifar10_proser_fedavg__split04__seed3__d0.1,cifar10,d0.1,0.3,5,204|200|216|184|196,1,0.29133336922605113,0.048319644127348044,1,0.2814455636856983,0.07433769993073966,0
cifar10_proser_fedavg__split04__seed3__d0.5,cifar10,d0.5,0.05,5,182|190|218|184|226,0,,0.0,0,,0.0,0
cifar10_proser_fedavg__split04__seed3__d0.5,cifar10,d0.5,0.1,5,182|190|218|184|226,0,,0.0,0,,0.0,0
cifar10_proser_fedavg__split04__seed3__d0.5,cifar10,d0.5,0.15,5,182|190|218|184|226,0,,0.0,0,,0.0,0
cifar10_proser_fedavg__split04__seed3__d0.5,cifar10,d0.5,0.2,5,182|190|218|184|226,0,,0.0,1,0.18801425079135087,0.2988832830930737,1
cifar10_proser_fedavg__split04__seed3__d0.5,cifar10,d0.5,0.25,5,182|190|218|184|226,1,0.23076428662551324,0.31774156327905306,1,0.2477802470799532,0.4116683533903575,0
cifar10_proser_fedavg__split04__seed3__d0.5,cifar10,d0.5,0.3,5,182|190|218|184|226,1,0.26722892722642244,0.3912878815946736,1,0.28495900273408437,0.5222851900657759,0
cifar10_proser_fedavg__split04__seed3__d5.0,cifar10,d5,0.05,5,193|203|194|207|203,0,,0.0,0,,0.0,0
cifar10_proser_fedavg__split04__seed3__d5.0,cifar10,d5,0.1,5,193|203|194|207|203,1,0.0973964213932258,0.17005846295116048,1,0.09053701318561966,0.20531061328034722,0
cifar10_proser_fedavg__split04__seed3__d5.0,cifar10,d5,0.15,5,193|203|194|207|203,1,0.13496024364936823,0.1736037904425844,1,0.14247680458270057,0.31649750994852544,0
cifar10_proser_fedavg__split04__seed3__d5.0,cifar10,d5,0.2,5,193|203|194|207|203,1,0.18996358568677815,0.2898382094236966,1,0.19565315965151517,0.37084312057760305,0
cifar10_proser_fedavg__split04__seed3__d5.0,cifar10,d5,0.25,5,193|203|194|207|203,1,0.22055396715639966,0.39890900318559075,1,0.20768744455621896,0.4103512933698418,0
cifar10_proser_fedavg__split04__seed3__d5.0,cifar10,d5,0.3,5,193|203|194|207|203,1,0.25048672482509665,0.4410769037123028,1,0.23465741736642398,0.45803696628904156,0
cifar10_proser_fedavg__split04__seed4__d0.1,cifar10,d0.1,0.05,5,189|195|204|180|232,0,,0.0,0,,0.0,0
cifar10_proser_fedavg__split04__seed4__d0.1,cifar10,d0.1,0.1,5,189|195|204|180|232,0,,0.0,0,,0.0,0
cifar10_proser_fedavg__split04__seed4__d0.1,cifar10,d0.1,0.15,5,189|195|204|180|232,0,,0.0,0,,0.0,0
cifar10_proser_fedavg__split04__seed4__d0.1,cifar10,d0.1,0.2,5,189|195|204|180|232,0,,0.0,0,,0.0,0
cifar10_proser_fedavg__split04__seed4__d0.1,cifar10,d0.1,0.25,5,189|195|204|180|232,0,,0.0,0,,0.0,0
cifar10_proser_fedavg__split04__seed4__d0.1,cifar10,d0.1,0.3,5,189|195|204|180|232,0,,0.0,0,,0.0,0
cifar10_proser_fedavg__split04__seed4__d0.5,cifar10,d0.5,0.05,5,201|236|199|191|173,0,,0.0,0,,0.0,0
cifar10_proser_fedavg__split04__seed4__d0.5,cifar10,d0.5,0.1,5,201|236|199|191|173,0,,0.0,0,,0.0,0
cifar10_proser_fedavg__split04__seed4__d0.5,cifar10,d0.5,0.15,5,201|236|199|191|173,1,0.1434146674669907,0.07237895294510194,1,0.11797224735182957,0.09496673185304357,0
cifar10_proser_fedavg__split04__seed4__d0.5,cifar10,d0.5,0.2,5,201|236|199|191|173,1,0.17702602796764116,0.0956268508766563,1,0.18851462060399096,0.16169846671239937,0
cifar10_proser_fedavg__split04__seed4__d0.5,cifar10,d0.5,0.25,5,201|236|199|191|173,1,0.23358035491927495,0.11771632434823752,1,0.24782639302799078,0.26739467860256827,0
cifar10_proser_fedavg__split04__seed4__d0.5,cifar10,d0.5,0.3,5,201|236|199|191|173,1,0.29631171812324336,0.20577632071592847,1,0.28738521128414884,0.31667930483032236,0
cifar10_proser_fedavg__split04__seed4__d5.0,cifar10,d5,0.05,5,206|210|189|203|192,0,,0.0,0,,0.0,0
cifar10_proser_fedavg__split04__seed4__d5.0,cifar10,d5,0.1,5,206|210|189|203|192,1,0.0915010448643915,0.15067502031936403,1,0.08516805882703382,0.16981316637247418,0
cifar10_proser_fedavg__split04__seed4__d5.0,cifar10,d5,0.15,5,206|210|189|203|192,1,0.11746706818137857,0.18427630246247978,1,0.13665159544335337,0.3066205794380082,0
cifar10_proser_fedavg__split04__seed4__d5.0,cifar10,d5,0.2,5,206|210|189|203|192,1,0.11899287613502123,0.2274671239383013,1,0.19020956184983528,0.36589844953483297,0
cifar10_proser_fedavg__split04__seed4__d5.0,cifar10,d5,0.25,5,206|210|189|203|192,1,0.1629694518746506,0.2879860011542096,1,0.2388370252034647,0.48305097804034886,0
cifar10_proser_fedavg__split04__seed4__d5.0,cifar10,d5,0.3,5,206|210|189|203|192,1,0.27557363527417245,0.507080396288103,1,0.26027495315304394,0.5406435879537173,0
cifar10_proser_fedavg__split05__seed0__d0.1,cifar10,d0.1,0.05,5,195|230|177|208|190,0,,0.0,0,,0.0,0
cifar10_proser_fedavg__split05__seed0__d0.1,cifar10,d0.1,0.1,5,195|230|177|208|190,0,,0.0,0,,0.0,0
cifar10_proser_fedavg__split05__seed0__d0.1,cifar10,d0.1,0.15,5,195|230|177|208|190,0,,0.0,0,,0.0,0
cifar10_proser_fedavg__split05__seed0__d0.1,cifar10,d0.1,0.2,5,195|230|177|208|190,0,,0.0,0,,0.0,0
cifar10_proser_fedavg__split05__seed0__d0.1,cifar10,d0.1,0.25,5,195|230|177|208|190,0,,0.0,0,,0.0,0
cifar10_proser_fedavg__split05__seed0__d0.1,cifar10,d0.1,0.3,5,195|230|177|208|190,0,,0.0,0,,0.0,0
cifar10_proser_fedavg__split05__seed0__d0.5,cifar10,d0.5,0.05,5,208|192|181|201|218,0,,0.0,0,,0.0,0
cifar10_proser_fedavg__split05__seed0__d0.5,cifar10,d0.5,0.1,5,208|192|181|201|218,0,,0.0,0,,0.0,0
cifar10_proser_fedavg__split05__seed0__d0.5,cifar10,d0.5,0.15,5,208|192|181|201|218,0,,0.0,0,,0.0,0
cifar10_proser_fedavg__split05__seed0__d0.5,cifar10,d0.5,0.2,5,208|192|181|201|218,0,,0.0,0,,0.0,0
cifar10_proser_fedavg__split05__seed0__d0.5,cifar10,d0.5,0.25,5,208|192|181|201|218,0,,0.0,0,,0.0,0
cifar10_proser_fedavg__split05__seed0__d0.5,cifar10,d0.5,0.3,5,208|192|181|201|218,0,,0.0,1,0.2982979323336393,0.3598049276062792,1
cifar10_proser_fedavg__split05__seed0__d5.0,cifar10,d5,0.05,5,214|208|194|180|204,0,,0.0,0,,0.0,0
cifar10_proser_fedavg__split05__seed0__d5.0,cifar10,d5,0.1,5,214|208|194|180|204,0,,0.0,1,0.09969127258819444,0.28113206927948314,1
cifar10_proser_fedavg__split05__seed0__d5.0,cifar10,d5,0.15,5,214|208|194|180|204,1,0.12660189689700452,0.2935456812866638,1,0.10667260471999854,0.31713806977509973,0
cifar10_proser_fedavg__split05__seed0__d5.0,cifar10,d5,0.2,5,214|208|194|180|204,1,0.18059982690557927,0.34586259737954356,1,0.1800919379673393,0.4471431436716228,0
cifar10_proser_fedavg__split05__seed0__d5.0,cifar10,d5,0.25,5,214|208|194|180|204,1,0.24303854049922333,0.4720106043518665,1,0.21140038377421455,0.4958759775301868,0
cifar10_proser_fedavg__split05__seed0__d5.0,cifar10,d5,0.3,5,214|208|194|180|204,1,0.24971593284753596,0.5051245152732453,1,0.2938395671167452,0.6420338454167113,0
cifar10_proser_fedavg__split05__seed1__d0.1,cifar10,d0.1,0.05,5,210|195|169|227|199,0,,0.0,0,,0.0,0
cifar10_proser_fedavg__split05__seed1__d0.1,cifar10,d0.1,0.1,5,210|195|169|227|199,0,,0.0,0,,0.0,0
cifar10_proser_fedavg__split05__seed1__d0.1,cifar10,d0.1,0.15,5,210|195|169|227|199,0,,0.0,0,,0.0,0
cifar10_proser_fedavg__split05__seed1__d0.1,cifar10,d0.1,0.2,5,210|195|169|227|199,0,,0.0,0,,0.0,0
cifar10_proser_fedavg__split05__seed1__d0.1,cifar10,d0.1,0.25,5,210|195|169|227|199,1,0.2498983545346568,0.29725720013377666,1,0.23518344124036078,0.3078978485228455,0
cifar10_proser_fedavg__split05__seed1__d0.1,cifar10,d0.1,0.3,5,210|195|169|227|199,1,0.27543397421543964,0.3741924333422624,1,0.26102834232085015,0.39214752354625854,0
cifar10_proser_fedavg__split05__seed1__d0.5,cifar10,d0.5,0.05,5,198|179|209|213|201,0,,0.0,0,,0.0,0
cifar10_proser_fedavg__split05__seed1__d0.5,cifar10,d0.5,0.1,5,198|179|209|213|201,0,,0.0,0,,0.0,0
cifar10_proser_fedavg__split05__seed1__d0.5,cifar10,d0.5,0.15,5,198|179|209|213|201,1,0.14555810738769276,0.24750474988909962,1,0.13938558150837504,0.3680028294000601,0
cifar10_proser_fedavg__split05__seed1__d0.5,cifar10,d0.5,0.2,5,198|179|209|213|201,1,0.17349082326585885,0.2898382094236966,1,0.17102633397417946,0.41867208485078716,0
cifar10_proser_fedavg__split05__seed1__d0.5,cifar10,d0.5,0.25,5,198|179|209|213|201,1,0.1928407441995693,0.34774483898291636,1,0.24395550679642783,0.5334593133855366,0
cifar10_proser_fedavg__split05__seed1__d0.5,cifar10,d0.5,0.3,5,198|179|209|213|201,1,0.27822783963900527,0.4487893261312502,1,0.28992262318996753,0.6094085473902116,0
cifar10_proser_fedavg__split05__seed1__d5.0,cifar10,d5,0.05,5,198|212|181|202|207,0,,0.0,0,,0.0,0
cifar10_proser_fedavg__split05__seed1__d5.0,cifar10,d5,0.1,5,198|212|181|202|207,0,,0.0,0,,0.0,0
cifar10_proser_fedavg__split05__seed1__d5.0,cifar10,d5,0.15,5,198|212|181|202|207,1,0.1427361363281406,0.31214314143182365,1,0.1352721532625779,0.3291979593523308,0
cifar10_proser_fedavg__split05__seed1__d5.0,cifar10,d5,0.2,5,198|212|181|202|207,1,0.17884069990525442,0.3647263876560867,1,0.16089126609790788,0.3812902709115253,0
cifar10_proser_fedavg__split05__seed1__d5.0,cifar10,d5,0.25,5,198|212|181|202|207,1,0.23705078013740094,0.40654427294681933,1,0.1920103458880585,0.43533173947630444,0
cifar10_proser_fedavg__split05__seed1__d5.0,cifar10,d5,0.3,5,198|212|181|202|207,1,0.2748376424985571,0.4545828238034004,1,0.2827139607243179,0.5789310290526326,0
cifar10_proser_fedavg__split05__seed2__d0.1,cifar10,d0.1,0.05,5,191|232|183|203|191,0,,0.0,0,,0.0,0
cifar10_proser_fedavg__split05__seed2__d0.1,cifar10,d0.1,0.1,5,191|232|183|203|191,0,,0.0,0,,0.0,0
cifar10_proser_fedavg__split05__seed2__d0.1,cifar10,d0.1,0.15,5,191|232|183|203|191,0,,0.0,0,,0.0,0
cifar10_proser_fedavg__split05__seed2__d0.1,cifar10,d0.1,0.2,5,191|232|183|203|191,0,,0.0,0,,0.0,0
cifar10_proser_fedavg__split05__seed2__d0.1,cifar10,d0.1,0.25,5,191|232|183|203|191,0,,0.0,0,,0.0,0
cifar10_proser_fedavg__split05__seed2__d0.1,cifar10,d0.1,0.3,5,191|232|183|203|191,0,,0.0,1,0.2951162904195699,0.20622680182232966,1
cifar10_proser_fedavg__split05__seed2__d0.5,cifar10,d0.5,0.05,5,197|193|204|223|183,0,,0.0,0,,0.0,0
cifar10_proser_fedavg__split05__seed2__d0.5,cifar10,d0.5,0.1,5,197|193|204|223|183,0,,0.0,0,,0.0,0
cifar10_proser_fedavg__split05__seed2__d0.5,cifar10,d0.5,0.15,5,197|193|204|223|183,1,0.13421422986478154,0.2732055634255446,1,0.13897148281285676,0.33561716761452304,0
cifar10_proser_fedavg__split05__seed2__d0.5,cifar10,d0.5,0.2,5,197|193|204|223|183,1,0.1809493275401414,0.36661778828399627,1,0.16970060801801584,0.38574544042884296,0
cifar10_proser_fedavg__split05__seed2__d0.5,cifar10,d0.5,0.25,5,197|193|204|223|183,1,0.21735834829932435,0.41419363821463323,1,0.24618375398725212,0.5340389562996597,0
cifar10_proser_fedavg__split05__seed2__d0.5,cifar10,d0.5,0.3,5,197|193|204|223|183,1,0.29900712633136123,0.5840775983898989,1,0.2848839388291524,0.5941108642171373,0
cifar10_proser_fedavg__split05__seed2__d5.0,cifar10,d5,0.05,5,227|187|201|184|201,0,,0.0,0,,0.0,0
cifar10_proser_fedavg__split05__seed2__d5.0,cifar10,d5,0.1,5,227|187|201|184|201,1,0.09372893118509718,0.21118180071386614,1,0.09788222707071276,0.2718758246677636,0
cifar10_proser_fedavg__split05__seed2__d5.0,cifar10,d5,0.15,5,227|187|201|184|201,1,0.1490286293919256,0.286134816838346,1,0.1292137905696042,0.34832135544503373,0
cifar10_proser_fedavg__split05__seed2__d5.0,cifar10,d5,0.2,5,227|187|201|184|201,1,0.1994013982669589,0.44493136655352433,1,0.19301494186448487,0.47994471358799623,0
cifar10_proser_fedavg__split05__seed2__d5.0,cifar10,d5,0.25,5,227|187|201|184|201,1,0.2442519881177986,0.5444143635140715,1,0.23549103850293573,0.5556729474022519,0
cifar10_proser_fedavg__split05__seed2__d5.0,cifar10,d5,0.3,5,227|187|201|184|201,1,0.28962157078133044,0.6120761127751614,1,0.2663789965841056,0.6246439041559779,0
cifar10_proser_fedavg__split05__seed3__d0.1,cifar10,d0.1,0.05,5,185|216|210|205|184,0,,0.0,0,,0.0,0
cifar10_proser_fedavg__split05__seed3__d0.1,cifar10,d0.1,0.1,5,185|216|210|205|184,0,,0.0,0,,0.0,0
cifar10_proser_fedavg__split05__seed3__d0.1,cifar10,d0.1,0.15,5,185|216|210|205|184,1,0.13382855076220448,0.17005846295116048,1,0.14744862157009203,0.18932885777637704,0
cifar10_proser_fedavg__split05__seed3__d0.1,cifar10,d0.1,0.2,5,185|216|210|205|184,1,0.16474638317035306,0.17537877301093394,1,0.19634147526067283,0.2063429141508867,0
cifar10_proser_fedavg__split05__seed3__d0.1,cifar10,d0.1,0.25,5,185|216|210|205|184,1,0.22633289987425262,0.20757683802116747,1,0.23392871790625527,0.24464117616349068,0
cifar10_proser_fedavg__split05__seed3__d0.1,cifar10,d0.1,0.3,5,185|216|210|205|184,1,0.2969260789734199,0.23655748497826104,1,0.2596542383633986,0.26039559753738106,0
cifar10_proser_fedavg__split05__seed3__d0.5,cifar10,d0.5,0.05,5,185|201|206|168|240,0,,0.0,0,,0.0,0
cifar10_proser_fedavg__split05__seed3__d0.5,cifar10,d0.5,0.1,5,185|201|206|168|240,1,0.09352558356905562,0.2566588422630137,1,0.09060183231781407,0.3078153796115662,0
cifar10_proser_fedavg__split05__seed3__d0.5,cifar10,d0.5,0.15,5,185|201|206|168|240,1,0.11805099528314404,0.28058745036124527,1,0.1435194249594556,0.36865338108158857,0
cifar10_proser_fedavg__split05__seed3__d0.5,cifar10,d0.5,0.2,5,185|201|206|168|240,1,0.17874457946379424,0.3214786812219085,1,0.17971737525870454,0.43013416829986256,0
cifar10_proser_fedavg__split05__seed3__d0.5,cifar10,d0.5,0.25,5,185|201|206|168|240,1,0.2381711165173352,0.46231973873462295,1,0.21876418074289222,0.48467462610086137,0
cifar10_proser_fedavg__split05__seed3__d0.5,cifar10,d0.5,0.3,5,185|201|206|168|240,1,0.293019047322293,0.5345576015043493,1,0.2687972003916831,0.567289633702061,0
cifar10_proser_fedavg__split05__seed3__d5.0,cifar10,d5,0.05,5,203|193|195|215|194,0,,0.0,0,,0.0,0
cifar10_proser_fedavg__split05__seed3__d5.0,cifar10,d5,0.1,5,203|193|195|215|194,0,,0.0,0,,0.0,0
cifar10_proser_fedavg__split05__seed3__d5.0,cifar10,d5,0.15,5,203|193|195|215|194,1,0.133096995529086,0.09731047765897691,1,0.1459963236927149,0.3537444386158397,0
cifar10_proser_fedavg__split05__seed3__d5.0,cifar10,d5,0.2,5,203|193|195|215|194,1,0.17820027084178025,0.33646534015006613,1,0.17786599795522018,0.4428131715665583,0
cifar10_proser_fedavg__split05__seed3__d5.0,cifar10,d5,0.25,5,203|193|195|215|194,1,0.23200752589640036,0.48950959928433835,1,0.21119046586966383,0.5043233250209397,0
cifar10_proser_fedavg__split05__seed3__d5.0,cifar10,d5,0.3,5,203|193|195|215|194,1,0.26608432758502965,0.5562732531803791,1,0.2458666467806518,0.5688493190997015,0
cifar10_proser_fedavg__split05__seed4__d0.1,cifar10,d0.1,0.05,5,199|215|185|204|197,0,,0.0,0,,0.0,0
cifar10_proser_fedavg__split05__seed4__d0.1,cifar10,d0.1,0.1,5,199|215|185|204|197,0,,0.0,0,,0.0,0
cifar10_proser_fedavg__split05__seed4__d0.1,cifar10,d0.1,0.15,5,199|215|185|204|197,0,,0.0,0,,0.0,0
cifar10_proser_fedavg__split05__seed4__d0.1,cifar10,d0.1,0.2,5,199|215|185|204|197,0,,0.0,0,,0.0,0
cifar10_proser_fedavg__split05__seed4__d0.1,cifar10,d0.1,0.25,5,199|215|185|204|197,0,,0.0,0,,0.0,0
cifar10_proser_fedavg__split05__seed4__d0.1,cifar10,d0.1,0.3,5,199|215|185|204|197,0,,0.0,0,,0.0,0
cifar10_proser_fedavg__split05__seed4__d0.5,cifar10,d0.5,0.05,5,208|216|207|184|185,0,,0.0,0,,0.0,0
cifar10_proser_fedavg__split05__seed4__d0.5,cifar10,d0.5,0.1,5,208|216|207|184|185,0,,0.0,1,0.09169612169004944,0.19883202090266927,1
cifar10_proser_fedavg__split05__seed4__d0.5,cifar10,d0.5,0.15,5,208|216|207|184|185,1,0.136475442693587,0.2274671239383013,1,0.13612715389676405,0.26044232546885965,0
cifar10_proser_fedavg__split05__seed4__d0.5,cifar10,d0.5,0.2,5,208|216|207|184|185,1,0.16905352591345132,0.24750474988909962,1,0.1583027924920204,0.2871496680157673,0
cifar10_proser_fedavg__split05__seed4__d0.5,cifar10,d0.5,0.25,5,208|216|207|184|185,1,0.2273830489308732,0.29911446741951175,1,0.22492069576234103,0.3793343645315903,0
cifar10_proser_fedavg__split05__seed4__d0.5,cifar10,d0.5,0.3,5,208|216|207|184|185,1,0.25345732753205885,0.31774156327905306,1,0.29871862083397804,0.4818199979537472,0
cifar10_proser_fedavg__split05__seed4__d5.0,cifar10,d5,0.05,5,216|196|193|199|196,0,,0.0,0,,0.0,0
cifar10_proser_fedavg__split05__seed4__d5.0,cifar10,d5,0.1,5,216|196|193|199|196,0,,0.0,0,,0.0,0
cifar10_proser_fedavg__split05__seed4__d5.0,cifar10,d5,0.15,5,216|196|193|199|196,1,0.13481089338663332,0.11429096820363398,1,0.13061605248364475,0.22008565892223805,0
cifar10_proser_fedavg__split05__seed4__d5.0,cifar10,d5,0.2,5,216|196|193|199|196,1,0.15289139038528984,0.19858757781503497,1,0.19986099879629698,0.4071096845542721,0
cifar10_proser_fedavg__split05__seed4__d5.0,cifar10,d5,0.25,5,216|196|193|199|196,1,0.23438138212515888,0.39890900318559075,1,0.2337092988432134,0.4873509493689706,0
cifar10_proser_fedavg__split05__seed4__d5.0,cifar10,d5,0.3,5,216|196|193|199|196,1,0.25235997189154924,0.4333784682019667,1,0.2680774763836419,0.5587335897309046,0
cifar10_proser_fedavg__split06__seed0__d0.1,cifar10,d0.1,0.05,5,196|194|181|208|221,0,,0.0,0,,0.0,0
cifar10_proser_fedavg__split06__seed0__d0.1,cifar10,d0.1,0.1,5,196|194|181|208|221,0,,0.0,0,,0.0,0
cifar10_proser_fedavg__split06__seed0__d0.1,cifar10,d0.1,0.15,5,196|194|181|208|221,0,,0.0,0,,0.0,0
cifar10_proser_fedavg__split06__seed0__d0.1,cifar10,d0.1,0.2,5,196|194|181|208|221,0,,0.0,0,,0.0,0
cifar10_proser_fedavg__split06__seed0__d0.1,cifar10,d0.1,0.25,5,196|194|181|208|221,0,,0.0,0,,0.0,0
cifar10_proser_fedavg__split06__seed0__d0.1,cifar10,d0.1,0.3,5,196|194|181|208|221,0,,0.0,0,,0.0,0
cifar10_proser_fedavg__split06__seed0__d0.5,cifar10,d0.5,0.05,5,209|212|207|180|192,0,,0.0,0,,0.0,0
cifar10_proser_fedavg__split06__seed0__d0.5,cifar10,d0.5,0.1,5,209|212|207|180|192,0,,0.0,0,,0.0,0
cifar10_proser_fedavg__split06__seed0__d0.5,cifar10,d0.5,0.15,5,209|212|207|180|192,0,,0.0,0,,0.0,0
cifar10_proser_fedavg__split06__seed0__d0.5,cifar10,d0.5,0.2,5,209|212|207|180|192,1,0.19530161721324155,0.0889210237552595,1,0.18237781100906203,0.2550167285760357,0
cifar10_proser_fedavg__split06__seed0__d0.5,cifar10,d0.5,0.25,5,209|212|207|180|192,1,0.21761969080280325,0.3102789480589795,1,0.2489104368395677,0.46925112822343995,0
cifar10_proser_fedavg__split06__seed0__d0.5,cifar10,d0.5,0.3,5,209|212|207|180|192,1,0.25743926783007426,0.3741924333422624,1,0.27968668884627274,0.569406319400565,0
cifar10_proser_fedavg__split06__seed0__d5.0,cifar10,d5,0.05,5,194|206|209|194|197,0,,0.0,0,,0.0,0
cifar10_proser_fedavg__split06__seed0__d5.0,cifar10,d5,0.1,5,194|206|209|194|197,0,,0.0,0,,0.0,0
cifar10_proser_fedavg__split06__seed0__d5.0,cifar10,d5,0.15,5,194|206|209|194|197,0,,0.0,1,0.12467971603893198,0.3010548037224603,1
cifar10_proser_fedavg__split06__seed0__d5.0,cifar10,d5,0.2,5,194|206|209|194|197,1,0.17514830645853888,0.3722974188689161,1,0.19097053596565305,0.46703320630057665,0
cifar10_proser_fedavg__split06__seed0__d5.0,cifar10,d5,0.25,5,194|206|209|194|197,1,0.20371393473353305,0.4180235930891458,1,0.23810458610708196,0.5511467749997973,0
cifar10_proser_fedavg__split06__seed0__d5.0,cifar10,d5,0.3,5,194|206|209|194|197,1,0.23937760269662922,0.46619345269764023,1,0.2848258177107551,0.6639131136523289,0
cifar10_proser_fedavg__split06__seed1__d0.1,cifar10,d0.1,0.05,5,210|204|176|213|197,0,,0.0,0,,0.0,0
cifar10_proser_fedavg__split06__seed1__d0.1,cifar10,d0.1,0.1,5,210|204|176|213|197,0,,0.0,0,,0.0,0
cifar10_proser_fedavg__split06__seed1__d0.1,cifar10,d0.1,0.15,5,210|204|176|213|197,0,,0.0,1,0.14441117586233745,0.158459067556369,1
cifar10_proser_fedavg__split06__seed1__d0.1,cifar10,d0.1,0.2,5,210|204|176|213|197,1,0.18478555890555598,0.19142066384342218,1,0.1937757985519788,0.25778665819844704,0
cifar10_proser_fedavg__split06__seed1__d0.1,cifar10,d0.1,0.25,5,210|204|176|213|197,1,0.19011150720164174,0.20038274402350836,1,0.2141271885321889,0.2967621284878534,0
cifar10_proser_fedavg__split06__seed1__d0.1,cifar10,d0.1,0.3,5,210|204|176|213|197,1,0.2636915104376984,0.3102789480589795,1,0.2988401548270595,0.45283890722026127,0
cifar10_proser_fedavg__split06__seed1__d0.5,cifar10,d0.5,0.05,5,206|187|190|223|194,0,,0.0,0,,0.0,0
cifar10_proser_fedavg__split06__seed1__d0.5,cifar10,d0.5,0.1,5,206|187|190|223|194,0,,0.0,0,,0.0,0
cifar10_proser_fedavg__split06__seed1__d0.5,cifar10,d0.5,0.15,5,206|187|190|223|194,1,0.1403560180331747,0.12804566180103333,1,0.1357771055294475,0.3030998484102022,0
cifar10_proser_fedavg__split06__seed1__d0.5,cifar10,d0.5,0.2,5,206|187|190|223|194,1,0.17117844916335273,0.3628358945728069,1,0.15045027401770594,0.36667490759367993,0
cifar10_proser_fedavg__split06__seed1__d0.5,cifar10,d0.5,0.25,5,206|187|190|223|194,1,0.15715211117484976,0.2787404050214185,1,0.24116731689029974,0.5545869266067012,0
cifar10_proser_fedavg__split06__seed1__d0.5,cifar10,d0.5,0.3,5,206|187|190|223|194,1,0.2984044454870089,0.6000523258817588,1,0.2766959011536703,0.6174709670669122,0
cifar10_proser_fedavg__split06__seed1__d5.0,cifar10,d5,0.05,5,201|201|211|204|183,0,,0.0,0,,0.0,0
cifar10_proser_fedavg__split06__seed1__d5.0,cifar10,d5,0.1,5,201|201|211|204|183,0,,0.0,0,,0.0,0
cifar10_proser_fedavg__split06__seed1__d5.0,cifar10,d5,0.15,5,201|201|211|204|183,1,0.13940700917763446,0.34586259737954356,1,0.13457892466920407,0.3735643948830134,0
cifar10_proser_fedavg__split06__seed1__d5.0,cifar10,d5,0.2,5,201|201|211|204|183,1,0.161075740414476,0.410367196520659,1,0.19827314900975765,0.5167872441494191,0
cifar10_proser_fedavg__split06__seed1__d5.0,cifar10,d5,0.25,5,201|201|211|204|183,1,0.18913883480245733,0.47589309911721217,1,0.23978951617054933,0.6097258047312459,0
cifar10_proser_fedavg__split06__seed1__d5.0,cifar10,d5,0.3,5,201|201|211|204|183,1,0.23776717980121015,0.5365271038837238,1,0.2839557487093003,0.6827549884555384,0
cifar10_proser_fedavg__split06__seed2__d0.1,cifar10,d0.1,0.05,5,189|172|214|201|224,0,,0.0,0,,0.0,0
cifar10_proser_fedavg__split06__seed2__d0.1,cifar10,d0.1,0.1,5,189|172|214|201|224,0,,0.0,0,,0.0,0
cifar10_proser_fedavg__split06__seed2__d0.1,cifar10,d0.1,0.15,5,189|172|214|201|224,0,,0.0,0,,0.0,0
cifar10_proser_fedavg__split06__seed2__d0.1,cifar10,d0.1,0.2,5,189|172|214|201|224,0,,0.0,0,,0.0,0
cifar10_proser_fedavg__split06__seed2__d0.1,cifar10,d0.1,0.25,5,189|172|214|201|224,0,,0.0,0,,0.0,0
cifar10_proser_fedavg__split06__seed2__d0.1,cifar10,d0.1,0.3,5,189|172|214|201|224,0,,0.0,1,0.28276073258026,0.08049475761326563,1
cifar10_proser_fedavg__split06__seed2__d0.5,cifar10,d0.5,0.05,5,210|201|177|213|199,0,,0.0,0,,0.0,0
cifar10_proser_fedavg__split06__seed2__d0.5,cifar10,d0.5,0.1,5,210|201|177|213|199,0,,0.0,0,,0.0,0
cifar10_proser_fedavg__split06__seed2__d0.5,cifar10,d0.5,0.15,5,210|201|177|213|199,0,,0.0,0,,0.0,0
cifar10_proser_fedavg__split06__seed2__d0.5,cifar10,d0.5,0.2,5,210|201|177|213|199,1,0.170371502950641,0.2676802640594055,1,0.1964333138096642,0.4351398388312846,0
cifar10_proser_fedavg__split06__seed2__d0.5,cifar10,d0.5,0.25,5,210|201|177|213|199,1,0.19411454438742662,0.3515120946282726,1,0.23040556610077967,0.5467543053578041,0
cifar10_proser_fedavg__split06__seed2__d0.5,cifar10,d0.5,0.3,5,210|201|177|213|199,1,0.2146248703486907,0.452650783246098,1,0.2623614421819731,0.6102084762405865,0
cifar10_proser_fedavg__split06__seed2__d5.0,cifar10,d5,0.05,5,197|223|206|178|196,0,,0.0,0,,0.0,0
cifar10_proser_fedavg__split06__seed2__d5.0,cifar10,d5,0.1,5,197|223|206|178|196,0,,0.0,0,,0.0,0
cifar10_proser_fedavg__split06__seed2__d5.0,cifar10,d5,0.15,5,197|223|206|178|196,1,0.1497975248981964,0.2220274410637826,1,0.14272683465467928,0.3540143853571375,0
cifar10_proser_fedavg__split06__seed2__d5.0,cifar10,d5,0.2,5,197|223|206|178|196,1,0.16192893128609376,0.3704033055002117,1,0.19888347687114288,0.5224947977916328,0
cifar10_proser_fedavg__split06__seed2__d5.0,cifar10,d5,0.25,5,197|223|206|178|196,1,0.2408158329449094,0.550339583336892,1,0.2295964014004408,0.6146035080701165,0
cifar10_proser_fedavg__split06__seed2__d5.0,cifar10,d5,0.3,5,197|223|206|178|196,1,0.27148850438257316,0.6382583121139005,1,0.25484413648784215,0.6760152700624423,0
cifar10_proser_fedavg__split06__seed3__d0.1,cifar10,d0.1,0.05,5,194|198|203|193|212,0,,0.0,0,,0.0,0
cifar10_proser_fedavg__split06__seed3__d0.1,cifar10,d0.1,0.1,5,194|198|203|193|212,0,,0.0,0,,0.0,0
cifar10_proser_fedavg__split06__seed3__d0.1,cifar10,d0.1,0.15,5,194|198|203|193|212,0,,0.0,0,,0.0,0
cifar10_proser_fedavg__split06__seed3__d0.1,cifar10,d0.1,0.2,5,194|198|203|193|212,0,,0.0,0,,0.0,0
cifar10_proser_fedavg__split06__seed3__d0.1,cifar10,d0.1,0.25,5,194|198|203|193|212,0,,0.0,1,0.24589676440575126,0.2853446613050693,1
cifar10_proser_fedavg__split06__seed3__d0.1,cifar10,d0.1,0.3,5,194|198|203|193|212,1,0.28028396171981945,0.3628358945728069,1,0.2757666145827743,0.37731139070463204,0
cifar10_proser_fedavg__split06__seed3__d0.5,cifar10,d0.5,0.05,5,181|211|183|201|224,0,,0.0,0,,0.0,0
cifar10_proser_fedavg__split06__seed3__d0.5,cifar10,d0.5,0.1,5,181|211|183|201|224,0,,0.0,0,,0.0,0
cifar10_proser_fedavg__split06__seed3__d0.5,cifar10,d0.5,0.15,5,181|211|183|201|224,0,,0.0,1,0.14766602475307536,0.27291680434215027,1
cifar10_proser_fedavg__split06__seed3__d0.5,cifar10,d0.5,0.2,5,181|211|183|201|224,1,0.13271565483764955,0.17715528197822153,1,0.19901329104862264,0.4533771917028361,0
cifar10_proser_fedavg__split06__seed3__d0.5,cifar10,d0.5,0.25,5,181|211|183|201|224,1,0.24791633818928277,0.5207967568756722,1,0.23301735232989595,0.5414556955336707,0
cifar10_proser_fedavg__split06__seed3__d0.5,cifar10,d0.5,0.3,5,181|211|183|201|224,1,0.2754895044624027,0.5980519563630307,1,0.26049203482519,0.6218884436770845,0
cifar10_proser_fedavg__split06__seed3__d5.0,cifar10,d5,0.05,5,188|200|203|201|208,0,,0.0,0,,0.0,0
cifar10_proser_fedavg__split06__seed3__d5.0,cifar10,d5,0.1,5,188|200|203|201|208,0,,0.0,0,,0.0,0
cifar10_proser_fedavg__split06__seed3__d5.0,cifar10,d5,0.15,5,188|200|203|201|208,0,,0.0,0,,0.0,0
cifar10_proser_fedavg__split06__seed3__d5.0,cifar10,d5,0.2,5,188|200|203|201|208,0,,0.0,0,,0.0,0
cifar10_proser_fedavg__split06__seed3__d5.0,cifar10,d5,0.25,5,188|200|203|201|208,1,0.24200365185739692,0.34210089748816414,1,0.24257262696890255,0.4964390820344953,0
cifar10_proser_fedavg__split06__seed3__d5.0,cifar10,d5,0.3,5,188|200|203|201|208,1,0.27122554415907824,0.5681662239123972,1,0.2644052084924121,0.5895216650157314,0
cifar10_proser_fedavg__split06__seed4__d0.1,cifar10,d0.1,0.05,5,185|192|195|221|207,0,,0.0,0,,0.0,0
cifar10_proser_fedavg__split06__seed4__d0.1,cifar10,d0.1,0.1,5,185|192|195|221|207,0,,0.0,0,,0.0,0
cifar10_proser_fedavg__split06__seed4__d0.1,cifar10,d0.1,0.15,5,185|192|195|221|207,0,,0.0,0,,0.0,0
cifar10_proser_fedavg__split06__seed4__d0.1,cifar10,d0.1,0.2,5,185|192|195|221|207,0,,0.0,0,,0.0,0
cifar10_proser_fedavg__split06__seed4__d0.1,cifar10,d0.1,0.25,5,185|192|195|221|207,0,,0.0,0,,0.0,0
cifar10_proser_fedavg__split06__seed4__d0.1,cifar10,d0.1,0.3,5,185|192|195|221|207,0,,0.0,0,,0.0,0
cifar10_proser_fedavg__split06__seed4__d0.5,cifar10,d0.5,0.05,5,193|190|199|199|219,0,,0.0,0,,0.0,0
cifar10_proser_fedavg__split06__seed4__d0.5,cifar10,d0.5,0.1,5,193|190|199|199|219,0,,0.0,0,,0.0,0
cifar10_proser_fedavg__split06__seed4__d0.5,cifar10,d0.5,0.15,5,193|190|199|199|219,0,,0.0,0,,0.0,0
cifar10_proser_fedavg__split06__seed4__d0.5,cifar10,d0.5,0.2,5,193|190|199|199|219,0,,0.0,0,,0.0,0
cifar10_proser_fedavg__split06__seed4__d0.5,cifar10,d0.5,0.25,5,193|190|199|199|219,0,,0.0,0,,0.0,0
cifar10_proser_fedavg__split06__seed4__d0.5,cifar10,d0.5,0.3,5,193|190|199|199|219,0,,0.0,1,0.2542399037636743,0.19639447959214723,1
cifar10_proser_fedavg__split06__seed4__d5.0,cifar10,d5,0.05,5,180|220|213|202|185,0,,0.0,0,,0.0,0
cifar10_proser_fedavg__split06__seed4__d5.0,cifar10,d5,0.1,5,180|220|213|202|185,0,,0.0,0,,0.0,0
cifar10_proser_fedavg__split06__seed4__d5.0,cifar10,d5,0.15,5,180|220|213|202|185,0,,0.0,0,,0.0,0
cifar10_proser_fedavg__split06__seed4__d5.0,cifar10,d5,0.2,5,180|220|213|202|185,0,,0.0,0,,0.0,0
cifar10_proser_fedavg__split06__seed4__d5.0,cifar10,d5,0.25,5,180|220|213|202|185,1,0.2466301831310182,0.34774483898291636,1,0.217510647803271,0.37517468610856614,0
cifar10_proser_fedavg__split06__seed4__d5.0,cifar10,d5,0.3,5,180|220|213|202|185,1,0.254707543177488,0.44300369806615597,1,0.2947117875580318,0.6060579778780097,0
cifar10_proser_fedavg__split07__seed0__d0.1,cifar10,d0.1,0.05,5,215|179|189|195|222,0,,0.0,0,,0.0,0
cifar10_proser_fedavg__split07__seed0__d0.1,cifar10,d0.1,0.1,5,215|179|189|195|222,0,,0.0,0,,0.0,0
cifar10_proser_fedavg__split07__seed0__d0.1,cifar10,d0.1,0.15,5,215|179|189|195|222,0,,0.0,0,,0.0,0
cifar10_proser_fedavg__split07__seed0__d0.1,cifar10,d0.1,0.2,5,215|179|189|195|222,0,,0.0,0,,0.0,0
cifar10_proser_fedavg__split07__seed0__d0.1,cifar10,d0.1,0.25,5,215|179|189|195|222,0,,0.0,0,,0.0,0
cifar10_proser_fedavg__split07__seed0__d0.1,cifar10,d0.1,0.3,5,215|179|189|195|222,0,,0.0,0,,0.0,0
cifar10_proser_fedavg__split07__seed0__d0.5,cifar10,d0.5,0.05,5,202|200|182|201|215,0,,0.0,0,,0.0,0
cifar10_proser_fedavg__split07__seed0__d0.5,cifar10,d0.5,0.1,5,202|200|182|201|215,0,,0.0,0,,0.0,0
cifar10_proser_fedavg__split07__seed0__d0.5,cifar10,d0.5,0.15,5,202|200|182|201|215,0,,0.0,0,,0.0,0
cifar10_proser_fedavg__split07__seed0__d0.5,cifar10,d0.5,0.2,5,202|200|182|201|215,0,,0.0,0,,0.0,0
cifar10_proser_fedavg__split07__seed0__d0.5,cifar10,d0.5,0.25,5,202|200|182|201|215,0,,0.0,1,0.24664171889797484,0.18375590450384896,1
cifar10_proser_fedavg__split07__seed0__d0.5,cifar10,d0.5,0.3,5,202|200|182|201|215,1,0.298831719597118,0.2274671239383013,1,0.27183404263586264,0.26993210261658235,0
cifar10_proser_fedavg__split07__seed0__d5.0,cifar10,d5,0.05,5,214|196|207|193|190,0,,0.0,0,,0.0,0
cifar10_proser_fedavg__split07__seed0__d5.0,cifar10,d5,0.1,5,214|196|207|193|190,0,,0.0,0,,0.0,0
cifar10_proser_fedavg__split07__seed0__d5.0,cifar10,d5,0.15,5,214|196|207|193|190,0,,0.0,0,,0.0,0
cifar10_proser_fedavg__split07__seed0__d5.0,cifar10,d5,0.2,5,214|196|207|193|190,0,,0.0,0,,0.0,0
cifar10_proser_fedavg__split07__seed0__d5.0,cifar10,d5,0.25,5,214|196|207|193|190,0,,0.0,1,0.2196364417214449,0.06927323798277207,1
cifar10_proser_fedavg__split07__seed0__d5.0,cifar10,d5,0.3,5,214|196|207|193|190,1,0.2869346801583983,0.08226388471076324,1,0.29742563466858785,0.4719047107700197,0
cifar10_proser_fedavg__split07__seed1__d0.1,cifar10,d0.1,0.05,5,208|201|188|200|203,0,,0.0,0,,0.0,0
cifar10_proser_fedavg__split07__seed1__d0.1,cifar10,d0.1,0.1,5,208|201|188|200|203,0,,0.0,0,,0.0,0
cifar10_proser_fedavg__split07__seed1__d0.1,cifar10,d0.1,0.15,5,208|201|188|200|203,0,,0.0,0,,0.0,0
cifar10_proser_fedavg__split07__seed1__d0.1,cifar10,d0.1,0.2,5,208|201|188|200|203,0,,0.0,0,,0.0,0
cifar10_proser_fedavg__split07__seed1__d0.1,cifar10,d0.1,0.25,5,208|201|188|200|203,0,,0.0,0,,0.0,0
cifar10_proser_fedavg__split07__seed1__d0.1,cifar10,d0.1,0.3,5,208|201|188|200|203,0,,0.0,1,0.2974750180726647,0.23128336164824687,1
cifar10_proser_fedavg__split07__seed1__d0.5,cifar10,d0.5,0.05,5,209|184|207|209|191,0,,0.0,0,,0.0,0
cifar10_proser_fedavg__split07__seed1__d0.5,cifar10,d0.5,0.1,5,209|184|207|209|191,0,,0.0,0,,0.0,0
cifar10_proser_fedavg__split07__seed1__d0.5,cifar10,d0.5,0.15,5,209|184|207|209|191,0,,0.0,0,,0.0,0
cifar10_proser_fedavg__split07__seed1__d0.5,cifar10,d0.5,0.2,5,209|184|207|209|191,1,0.1988852858875567,0.06911340878955945,1,0.1774889821823743,0.08052838162138695,0
cifar10_proser_fedavg__split07__seed1__d0.5,cifar10,d0.5,0.25,5,209|184|207|209|191,1,0.22355273862857117,0.13497382023620932,1,0.23245900019182147,0.29117462281467227,0
cifar10_proser_fedavg__split07__seed1__d0.5,cifar10,d0.5,0.3,5,209|184|207|209|191,1,0.2578451333752711,0.18963242955894527,1,0.2831976169902168,0.4537479401795515,0
cifar10_proser_fedavg__split07__seed1__d5.0,cifar10,d5,0.05,5,198|200|197|208|197,0,,0.0,0,,0.0,0
cifar10_proser_fedavg__split07__seed1__d5.0,cifar10,d5,0.1,5,198|200|197|208|197,0,,0.0,0,,0.0,0
cifar10_proser_fedavg__split07__seed1__d5.0,cifar10,d5,0.15,5,198|200|197|208|197,0,,0.0,0,,0.0,0
cifar10_proser_fedavg__split07__seed1__d5.0,cifar10,d5,0.2,5,198|200|197|208|197,0,,0.0,0,,0.0,0
cifar10_proser_fedavg__split07__seed1__d5.0,cifar10,d5,0.25,5,198|200|197|208|197,1,0.24202630670688016,0.15067502031936403,1,0.24516060779496662,0.35480756935292435,0
cifar10_proser_fedavg__split07__seed1__d5.0,cifar10,d5,0.3,5,198|200|197|208|197,1,0.28500290480723106,0.2621646425155734,1,0.2790782600410944,0.5053353446171508,0
cifar10_proser_fedavg__split07__seed2__d0.1,cifar10,d0.1,0.05,5,193|195|209|192|211,0,,0.0,0,,0.0,0
cifar10_proser_fedavg__split07__seed2__d0.1,cifar10,d0.1,0.1,5,193|195|209|192|211,0,,0.0,0,,0.0,0
cifar10_proser_fedavg__split07__seed2__d0.1,cifar10,d0.1,0.15,5,193|195|209|192|211,0,,0.0,0,,0.0,0
cifar10_proser_fedavg__split07__seed2__d0.1,cifar10,d0.1,0.2,5,193|195|209|192|211,0,,0.0,0,,0.0,0
cifar10_proser_fedavg__split07__seed2__d0.1,cifar10,d0.1,0.25,5,193|195|209|192|211,0,,0.0,0,,0.0,0
cifar10_proser_fedavg__split07__seed2__d0.1,cifar10,d0.1,0.3,5,193|195|209|192|211,0,,0.0,0,,0.0,0
cifar10_proser_fedavg__split07__seed2__d0.5,cifar10,d0.5,0.05,5,197|207|193|207|196,0,,0.0,0,,0.0,0
cifar10_proser_fedavg__split07__seed2__d0.5,cifar10,d0.5,0.1,5,197|207|193|207|196,0,,0.0,0,,0.0,0
cifar10_proser_fedavg__split07__seed2__d0.5,cifar10,d0.5,0.15,5,197|207|193|207|196,0,,0.0,0,,0.0,0
cifar10_proser_fedavg__split07__seed2__d0.5,cifar10,d0.5,0.2,5,197|207|193|207|196,0,,0.0,0,,0.0,0
cifar10_proser_fedavg__split07__seed2__d0.5,cifar10,d0.5,0.25,5,197|207|193|207|196,0,,0.0,1,0.23064811380923278,0.11692493699451674,1
cifar10_proser_fedavg__split07__seed2__d0.5,cifar10,d0.5,0.3,5,197|207|193|207|196,1,0.2629629167021072,0.13671084543802253,1,0.2651219706971798,0.3536928672206829,0
cifar10_proser_fedavg__split07__seed2__d5.0,cifar10,d5,0.05,5,214|202|203|187|194,0,,0.0,0,,0.0,0
cifar10_proser_fedavg__split07__seed2__d5.0,cifar10,d5,0.1,5,214|202|203|187|194,0,,0.0,0,,0.0,0
cifar10_proser_fedavg__split07__seed2__d5.0,cifar10,d5,0.15,5,214|202|203|187|194,0,,0.0,0,,0.0,0
cifar10_proser_fedavg__split07__seed2__d5.0,cifar10,d5,0.2,5,214|202|203|187|194,0,,0.0,0,,0.0,0
cifar10_proser_fedavg__split07__seed2__d5.0,cifar10,d5,0.25,5,214|202|203|187|194,0,,0.0,1,0.2261573454633685,0.20793521600629494,1
cifar10_proser_fedavg__split07__seed2__d5.0,cifar10,d5,0.3,5,214|202|203|187|194,1,0.2933714295236956,0.22928279448700853,1,0.23586829837089163,0.25050602920729764,0
cifar10_proser_fedavg__split07__seed3__d0.1,cifar10,d0.1,0.05,5,216|179|193|212|200,0,,0.0,0,,0.0,0
cifar10_proser_fedavg__split07__seed3__d0.1,cifar10,d0.1,0.1,5,216|179|193|212|200,0,,0.0,0,,0.0,0
cifar10_proser_fedavg__split07__seed3__d0.1,cifar10,d0.1,0.15,5,216|179|193|212|200,0,,0.0,0,,0.0,0
cifar10_proser_fedavg__split07__seed3__d0.1,cifar10,d0.1,0.2,5,216|179|193|212|200,0,,0.0,0,,0.0,0
cifar10_proser_fedavg__split07__seed3__d0.1,cifar10,d0.1,0.25,5,216|179|193|212|200,0,,0.0,0,,0.0,0
cifar10_proser_fedavg__split07__seed3__d0.1,cifar10,d0.1,0.3,5,216|179|193|212|200,0,,0.0,0,,0.0,0
cifar10_proser_fedavg__split07__seed3__d0.5,cifar10,d0.5,0.05,5,179|189|196|217|219,0,,0.0,0,,0.0,0
cifar10_proser_fedavg__split07__seed3__d0.5,cifar10,d0.5,0.1,5,179|189|196|217|219,0,,0.0,0,,0.0,0
cifar10_proser_fedavg__split07__seed3__d0.5,cifar10,d0.5,0.15,5,179|189|196|217|219,0,,0.0,0,,0.0,0
cifar10_proser_fedavg__split07__seed3__d0.5,cifar10,d0.5,0.2,5,179|189|196|217|219,0,,0.0,0,,0.0,0
cifar10_proser_fedavg__split07__seed3__d0.5,cifar10,d0.5,0.25,5,179|189|196|217|219,0,,0.0,0,,0.0,0
cifar10_proser_fedavg__split07__seed3__d0.5,cifar10,d0.5,0.3,5,179|189|196|217|219,0,,0.0,1,0.2824413441496828,0.20786292153949726,1
cifar10_proser_fedavg__split07__seed3__d5.0,cifar10,d5,0.05,5,207|214|169|206|204,0,,0.0,0,,0.0,0
cifar10_proser_fedavg__split07__seed3__d5.0,cifar10,d5,0.1,5,207|214|169|206|204,0,,0.0,0,,0.0,0
cifar10_proser_fedavg__split07__seed3__d5.0,cifar10,d5,0.15,5,207|214|169|206|204,0,,0.0,0,,0.0,0
cifar10_proser_fedavg__split07__seed3__d5.0,cifar10,d5,0.2,5,207|214|169|206|204,0,,0.0,0,,0.0,0
cifar10_proser_fedavg__split07__seed3__d5.0,cifar10,d5,0.25,5,207|214|169|206|204,0,,0.0,0,,0.0,0
cifar10_proser_fedavg__split07__seed3__d5.0,cifar10,d5,0.3,5,207|214|169|206|204,1,0.2973815894348606,0.17537877301093394,1,0.2650416512553545,0.18474518539308055,0
cifar10_proser_fedavg__split07__seed4__d0.1,cifar10,d0.1,0.05,5,177|222|201|207|193,0,,0.0,0,,0.0,0
cifar10_proser_fedavg__split07__seed4__d0.1,cifar10,d0.1,0.1,5,177|222|201|207|193,0,,0.0,0,,0.0,0
cifar10_proser_fedavg__split07__seed4__d0.1,cifar10,d0.1,0.15,5,177|222|201|207|193,0,,0.0,0,,0.0,0
cifar10_proser_fedavg__split07__seed4__d0.1,cifar10,d0.1,0.2,5,177|222|201|207|193,0,,0.0,0,,0.0,0
cifar10_proser_fedavg__split07__seed4__d0.1,cifar10,d0.1,0.25,5,177|222|201|207|193,0,,0.0,0,,0.0,0
cifar10_proser_fedavg__split07__seed4__d0.1,cifar10,d0.1,0.3,5,177|222|201|207|193,0,,0.0,0,,0.0,0
cifar10_proser_fedavg__split07__seed4__d0.5,cifar10,d0.5,0.05,5,199|185|203|196|217,0,,0.0,0,,0.0,0
cifar10_proser_fedavg__split07__seed4__d0.5,cifar10,d0.5,0.1,5,199|185|203|196|217,0,,0.0,0,,0.0,0
cifar10_proser_fedavg__split07__seed4__d0.5,cifar10,d0.5,0.15,5,199|185|203|196|217,0,,0.0,0,,0.0,0
cifar10_proser_fedavg__split07__seed4__d0.5,cifar10,d0.5,0.2,5,199|185|203|196|217,0,,0.0,0,,0.0,0
cifar10_proser_fedavg__split07__seed4__d0.5,cifar10,d0.5,0.25,5,199|185|203|196|217,0,,0.0,0,,0.0,0
cifar10_proser_fedavg__split07__seed4__d0.5,cifar10,d0.5,0.3,5,199|185|203|196|217,0,,0.0,1,0.2815031613708782,0.19556195422209946,1
cifar10_proser_fedavg__split07__seed4__d5.0,cifar10,d5,0.05,5,212|183|196|188|221,0,,0.0,0,,0.0,0
cifar10_proser_fedavg__split07__seed4__d5.0,cifar10,d5,0.1,5,212|183|196|188|221,0,,0.0,0,,0.0,0
cifar10_proser_fedavg__split07__seed4__d5.0,cifar10,d5,0.15,5,212|183|196|188|221,0,,0.0,0,,0.0,0
cifar10_proser_fedavg__split07__seed4__d5.0,cifar10,d5,0.2,5,212|183|196|188|221,0,,0.0,0,,0.0,0
cifar10_proser_fedavg__split07__seed4__d5.0,cifar10,d5,0.25,5,212|183|196|188|221,1,0.21375086220517292,0.1541841332424807,1,0.20985011050582436,0.15838181874003393,0
cifar10_proser_fedavg__split07__seed4__d5.0,cifar10,d5,0.3,5,212|183|196|188|221,1,0.27515026175661716,0.4875617338376331,1,0.26310680726891456,0.49006871373220795,0
cifar10_proser_fedavg__split08__seed0__d0.1,cifar10,d0.1,0.05,5,204|187|197|194|218,0,,0.0,0,,0.0,0
cifar10_proser_fedavg__split08__seed0__d0.1,cifar10,d0.1,0.1,5,204|187|197|194|218,0,,0.0,0,,0.0,0
cifar10_proser_fedavg__split08__seed0__d0.1,cifar10,d0.1,0.15,5,204|187|197|194|218,0,,0.0,0,,0.0,0
cifar10_proser_fedavg__split08__seed0__d0.1,cifar10,d0.1,0.2,5,204|187|197|194|218,0,,0.0,0,,0.0,0
cifar10_proser_fedavg__split08__seed0__d0.1,cifar10,d0.1,0.25,5,204|187|197|194|218,0,,0.0,0,,0.0,0
cifar10_proser_fedavg__split08__seed0__d0.1,cifar10,d0.1,0.3,5,204|187|197|194|218,0,,0.0,0,,0.0,0
cifar10_proser_fedavg__split08__seed0__d0.5,cifar10,d0.5,0.05,5,208|200|206|196|190,0,,0.0,0,,0.0,0
cifar10_proser_fedavg__split08__seed0__d0.5,cifar10,d0.5,0.1,5,208|200|206|196|190,0,,0.0,0,,0.0,0
cifar10_proser_fedavg__split08__seed0__d0.5,cifar10,d0.5,0.15,5,208|200|206|196|190,0,,0.0,0,,0.0,0
cifar10_proser_fedavg__split08__seed0__d0.5,cifar10,d0.5,0.2,5,208|200|206|196|190,0,,0.0,0,,0.0,0
cifar10_proser_fedavg__split08__seed0__d0.5,cifar10,d0.5,0.25,5,208|200|206|196|190,0,,0.0,0,,0.0,0
cifar10_proser_fedavg__split08__seed0__d0.5,cifar10,d0.5,0.3,5,208|200|206|196|190,1,0.2925297312895049,0.31214314143182365,1,0.29107052420227614,0.33859000994679633,0
cifar10_proser_fedavg__split08__seed0__d5.0,cifar10,d5,0.05,5,211|188|197|223|181,0,,0.0,0,,0.0,0
cifar10_proser_fedavg__split08__seed0__d5.0,cifar10,d5,0.1,5,211|188|197|223|181,0,,0.0,0,,0.0,0
cifar10_proser_fedavg__split08__seed0__d5.0,cifar10,d5,0.15,5,211|188|197|223|181,0,,0.0,0,,0.0,0
cifar10_proser_fedavg__split08__seed0__d5.0,cifar10,d5,0.2,5,211|188|197|223|181,0,,0.0,0,,0.0,0
cifar10_proser_fedavg__split08__seed0__d5.0,cifar10,d5,0.25,5,211|188|197|223|181,0,,0.0,0,,0.0,0
cifar10_proser_fedavg__split08__seed0__d5.0,cifar10,d5,0.3,5,211|188|197|223|181,1,0.29434587271789875,0.14019070027175998,1,0.2897520788217339,0.22894437621202313,0
cifar10_proser_fedavg__split08__seed1__d0.1,cifar10,d0.1,0.05,5,192|221|187|185|215,0,,0.0,0,,0.0,0
cifar10_proser_fedavg__split08__seed1__d0.1,cifar10,d0.1,0.1,5,192|221|187|185|215,0,,0.0,0,,0.0,0
cifar10_proser_fedavg__split08__seed1__d0.1,cifar10,d0.1,0.15,5,192|221|187|185|215,0,,0.0,0,,0.0,0
cifar10_proser_fedavg__split08__seed1__d0.1,cifar10,d0.1,0.2,5,192|221|187|185|215,0,,0.0,0,,0.0,0
cifar10_proser_fedavg__split08__seed1__d0.1,cifar10,d0.1,0.25,5,192|221|187|185|215,0,,0.0,1,0.24025482407457838,0.07290056071985056,1
cifar10_proser_fedavg__split08__seed1__d0.1,cifar10,d0.1,0.3,5,192|221|187|185|215,1,0.26740605616825197,0.07565967752991613,1,0.27749215576329356,0.13078018478058284,0
cifar10_proser_fedavg__split08__seed1__d0.5,cifar10,d0.5,0.05,5,193|201|206|200|200,0,,0.0,0,,0.0,0
cifar10_proser_fedavg__split08__seed1__d0.5,cifar10,d0.5,0.1,5,193|201|206|200|200,0,,0.0,0,,0.0,0
cifar10_proser_fedavg__split08__seed1__d0.5,cifar10,d0.5,0.15,5,193|201|206|200|200,0,,0.0,0,,0.0,0
cifar10_proser_fedavg__split08__seed1__d0.5,cifar10,d0.5,0.2,5,193|201|206|200|200,0,,0.0,0,,0.0,0
cifar10_proser_fedavg__split08__seed1__d0.5,cifar10,d0.5,0.25,5,193|201|206|200|200,0,,0.0,0,,0.0,0
cifar10_proser_fedavg__split08__seed1__d0.5,cifar10,d0.5,0.3,5,193|201|206|200|200,1,0.28268100589610723,0.034492175046254736,1,0.27393141181589836,0.20321025041565033,0
cifar10_proser_fedavg__split08__seed1__d5.0,cifar10,d5,0.05,5,197|233|199|188|183,0,,0.0,0,,0.0,0
cifar10_proser_fedavg__split08__seed1__d5.0,cifar10,d5,0.1,5,197|233|199|188|183,0,,0.0,0,,0.0,0
cifar10_proser_fedavg__split08__seed1__d5.0,cifar10,d5,0.15,5,197|233|199|188|183,0,,0.0,0,,0.0,0
cifar10_proser_fedavg__split08__seed1__d5.0,cifar10,d5,0.2,5,197|233|199|188|183,0,,0.0,0,,0.0,0
cifar10_proser_fedavg__split08__seed1__d5.0,cifar10,d5,0.25,5,197|233|199|188|183,0,,0.0,1,0.21150783357699462,0.11901590192240091,1
cifar10_proser_fedavg__split08__seed1__d5.0,cifar10,d5,0.3,5,197|233|199|188|183,1,0.2543611769207867,0.18606023656414644,1,0.29402380107918313,0.3532731974045071,0
cifar10_proser_fedavg__split08__seed2__d0.1,cifar10,d0.1,0.05,5,214|212|201|192|181,0,,0.0,0,,0.0,0
cifar10_proser_fedavg__split08__seed2__d0.1,cifar10,d0.1,0.1,5,214|212|201|192|181,0,,0.0,0,,0.0,0
cifar10_proser_fedavg__split08__seed2__d0.1,cifar10,d0.1,0.15,5,214|212|201|192|181,0,,0.0,0,,0.0,0
cifar10_proser_fedavg__split08__seed2__d0.1,cifar10,d0.1,0.2,5,214|212|201|192|181,0,,0.0,0,,0.0,0
cifar10_proser_fedavg__split08__seed2__d0.1,cifar10,d0.1,0.25,5,214|212|201|192|181,0,,0.0,0,,0.0,0
cifar10_proser_fedavg__split08__seed2__d0.1,cifar10,d0.1,0.3,5,214|212|201|192|181,1,0.2781532777912787,0.09394603756004245,1,0.2749470533578543,0.1150173940807397,0
cifar10_proser_fedavg__split08__seed2__d0.5,cifar10,d0.5,0.05,5,223|201|199|195|182,0,,0.0,0,,0.0,0
cifar10_proser_fedavg__split08__seed2__d0.5,cifar10,d0.5,0.1,5,223|201|199|195|182,0,,0.0,0,,0.0,0
cifar10_proser_fedavg__split08__seed2__d0.5,cifar10,d0.5,0.15,5,223|201|199|195|182,0,,0.0,0,,0.0,0
cifar10_proser_fedavg__split08__seed2__d0.5,cifar10,d0.5,0.2,5,223|201|199|195|182,0,,0.0,0,,0.0,0
cifar10_proser_fedavg__split08__seed2__d0.5,cifar10,d0.5,0.25,5,223|201|199|195|182,0,,0.0,1,0.23581853481236126,0.32857725157667494,1
cifar10_proser_fedavg__split08__seed2__d0.5,cifar10,d0.5,0.3,5,223|201|199|195|182,1,0.28309607474633336,0.3741924333422624,1,0.255043925948949,0.40363345927258265,0
cifar10_proser_fedavg__split08__seed2__d5.0,cifar10,d5,0.05,5,195|208|202|190|205,0,,0.0,0,,0.0,0
cifar10_proser_fedavg__split08__seed2__d5.0,cifar10,d5,0.1,5,195|208|202|190|205,0,,0.0,0,,0.0,0
cifar10_proser_fedavg__split08__seed2__d5.0,cifar10,d5,0.15,5,195|208|202|190|205,0,,0.0,0,,0.0,0
cifar10_proser_fedavg__split08__seed2__d5.0,cifar10,d5,0.2,5,195|208|202|190|205,0,,0.0,0,,0.0,0
cifar10_proser_fedavg__split08__seed2__d5.0,cifar10,d5,0.25,5,195|208|202|190|205,0,,0.0,0,,0.0,0
cifar10_proser_fedavg__split08__seed2__d5.0,cifar10,d5,0.3,5,195|208|202|190|205,0,,0.0,1,0.27404354272096654,0.4360029909061555,1
cifar10_proser_fedavg__split08__seed3__d0.1,cifar10,d0.1,0.05,5,203|201|167|231|198,0,,0.0,0,,0.0,0
cifar10_proser_fedavg__split08__seed3__d0.1,cifar10,d0.1,0.1,5,203|201|167|231|198,0,,0.0,0,,0.0,0
cifar10_proser_fedavg__split08__seed3__d0.1,cifar10,d0.1,0.15,5,203|201|167|231|198,0,,0.0,0,,0.0,0
cifar10_proser_fedavg__split08__seed3__d0.1,cifar10,d0.1,0.2,5,203|201|167|231|198,0,,0.0,0,,0.0,0
cifar10_proser_fedavg__split08__seed3__d0.1,cifar10,d0.1,0.25,5,203|201|167|231|198,0,,0.0,0,,0.0,0
cifar10_proser_fedavg__split08__seed3__d0.1,cifar10,d0.1,0.3,5,203|201|167|231|198,0,,0.0,1,0.281468041230237,0.14505591753528216,1
cifar10_proser_fedavg__split08__seed3__d0.5,cifar10,d0.5,0.05,5,214|205|180|190|211,0,,0.0,0,,0.0,0
cifar10_proser_fedavg__split08__seed3__d0.5,cifar10,d0.5,0.1,5,214|205|180|190|211,0,,0.0,0,,0.0,0
cifar10_proser_fedavg__split08__seed3__d0.5,cifar10,d0.5,0.15,5,214|205|180|190|211,0,,0.0,0,,0.0,0
cifar10_proser_fedavg__split08__seed3__d0.5,cifar10,d0.5,0.2,5,214|205|180|190|211,0,,0.0,0,,0.0,0
cifar10_proser_fedavg__split08__seed3__d0.5,cifar10,d0.5,0.25,5,214|205|180|190|211,0,,0.0,0,,0.0,0
cifar10_proser_fedavg__split08__seed3__d0.5,cifar10,d0.5,0.3,5,214|205|180|190|211,1,0.27691595922326695,0.15946069672391058,1,0.28204394439378677,0.20770519662222287,0
cifar10_proser_fedavg__split08__seed3__d5.0,cifar10,d5,0.05,5,213|196|204|198|189,0,,0.0,0,,0.0,0
cifar10_proser_fedavg__split08__seed3__d5.0,cifar10,d5,0.1,5,213|196|204|198|189,0,,0.0,0,,0.0,0
cifar10_proser_fedavg__split08__seed3__d5.0,cifar10,d5,0.15,5,213|196|204|198|189,0,,0.0,0,,0.0,0
cifar10_proser_fedavg__split08__seed3__d5.0,cifar10,d5,0.2,5,213|196|204|198|189,0,,0.0,0,,0.0,0
cifar10_proser_fedavg__split08__seed3__d5.0,cifar10,d5,0.25,5,213|196|204|198|189,0,,0.0,0,,0.0,0
cifar10_proser_fedavg__split08__seed3__d5.0,cifar10,d5,0.3,5,213|196|204|198|189,1,0.2941046633065258,0.09899686630197756,1,0.24721904557218677,0.11293218872026116,0
cifar10_proser_fedavg__split08__seed4__d0.1,cifar10,d0.1,0.05,5,199|200|193|185|223,0,,0.0,0,,0.0,0
cifar10_proser_fedavg__split08__seed4__d0.1,cifar10,d0.1,0.1,5,199|200|193|185|223,0,,0.0,0,,0.0,0
cifar10_proser_fedavg__split08__seed4__d0.1,cifar10,d0.1,0.15,5,199|200|193|185|223,0,,0.0,0,,0.0,0
cifar10_proser_fedavg__split08__seed4__d0.1,cifar10,d0.1,0.2,5,199|200|193|185|223,0,,0.0,0,,0.0,0
cifar10_proser_fedavg__split08__seed4__d0.1,cifar10,d0.1,0.25,5,199|200|193|185|223,0,,0.0,0,,0.0,0
cifar10_proser_fedavg__split08__seed4__d0.1,cifar10,d0.1,0.3,5,199|200|193|185|223,0,,0.0,0,,0.0,0
cifar10_proser_fedavg__split08__seed4__d0.5,cifar10,d0.5,0.05,5,189|214|212|180|205,0,,0.0,0,,0.0,0
cifar10_proser_fedavg__split08__seed4__d0.5,cifar10,d0.5,0.1,5,189|214|212|180|205,0,,0.0,0,,0.0,0
cifar10_proser_fedavg__split08__seed4__d0.5,cifar10,d0.5,0.15,5,189|214|212|180|205,0,,0.0,0,,0.0,0
cifar10_proser_fedavg__split08__seed4__d0.5,cifar10,d0.5,0.2,5,189|214|212|180|205,0,,0.0,0,,0.0,0
cifar10_proser_fedavg__split08__seed4__d0.5,cifar10,d0.5,0.25,5,189|214|212|180|205,0,,0.0,1,0.2443931683825009,0.06330488104085016,1
cifar10_proser_fedavg__split08__seed4__d0.5,cifar10,d0.5,0.3,5,189|214|212|180|205,1,0.2831918014217382,0.06748656987283631,1,0.2727636227002955,0.12196291593432709,0
cifar10_proser_fedavg__split08__seed4__d5.0,cifar10,d5,0.05,5,204|197|198|198|203,0,,0.0,0,,0.0,0
cifar10_proser_fedavg__split08__seed4__d5.0,cifar10,d5,0.1,5,204|197|198|198|203,0,,0.0,0,,0.0,0
cifar10_proser_fedavg__split08__seed4__d5.0,cifar10,d5,0.15,5,204|197|198|198|203,0,,0.0,0,,0.0,0
cifar10_proser_fedavg__split08__seed4__d5.0,cifar10,d5,0.2,5,204|197|198|198|203,0,,0.0,0,,0.0,0
cifar10_proser_fedavg__split08__seed4__d5.0,cifar10,d5,0.25,5,204|197|198|198|203,0,,0.0,1,0.24829177810293834,0.10902956947913857,1
cifar10_proser_fedavg__split08__seed4__d5.0,cifar10,d5,0.3,5,204|197|198|198|203,1,0.29948751348478003,0.16651941981501164,1,0.2894785203679288,0.3422234140127419,0
cifar10_proser_fedavg__split09__seed0__d0.1,cifar10,d0.1,0.05,5,191|195|205|207|202,0,,0.0,0,,0.0,0
cifar10_proser_fedavg__split09__seed0__d0.1,cifar10,d0.1,0.1,5,191|195|205|207|202,0,,0.0,0,,0.0,0
cifar10_proser_fedavg__split09__seed0__d0.1,cifar10,d0.1,0.15,5,191|195|205|207|202,0,,0.0,0,,0.0,0
cifar10_proser_fedavg__split09__seed0__d0.1,cifar10,d0.1,0.2,5,191|195|205|207|202,0,,0.0,0,,0.0,0
cifar10_proser_fedavg__split09__seed0__d0.1,cifar10,d0.1,0.25,5,191|195|205|207|202,0,,0.0,0,,0.0,0
cifar10_proser_fedavg__split09__seed0__d0.1,cifar10,d0.1,0.3,5,191|195|205|207|202,0,,0.0,0,,0.0,0
cifar10_proser_fedavg__split09__seed0__d0.5,cifar10,d0.5,0.05,5,208|206|208|191|187,0,,0.0,0,,0.0,0
cifar10_proser_fedavg__split09__seed0__d0.5,cifar10,d0.5,0.1,5,208|206|208|191|187,0,,0.0,0,,0.0,0
cifar10_proser_fedavg__split09__seed0__d0.5,cifar10,d0.5,0.15,5,208|206|208|191|187,0,,0.0,0,,0.0,0
cifar10_proser_fedavg__split09__seed0__d0.5,cifar10,d0.5,0.2,5,208|206|208|191|187,0,,0.0,0,,0.0,0
cifar10_proser_fedavg__split09__seed0__d0.5,cifar10,d0.5,0.25,5,208|206|208|191|187,0,,0.0,0,,0.0,0
cifar10_proser_fedavg__split09__seed0__d0.5,cifar10,d0.5,0.3,5,208|206|208|191|187,0,,0.0,1,0.28342426617386174,0.40779103187564464,1
cifar10_proser_fedavg__split09__seed0__d5.0,cifar10,d5,0.05,5,173|184|236|194|213,0,,0.0,0,,0.0,0
cifar10_proser_fedavg__split09__seed0__d5.0,cifar10,d5,0.1,5,173|184|236|194|213,0,,0.0,0,,0.0,0
cifar10_proser_fedavg__split09__seed0__d5.0,cifar10,d5,0.15,5,173|184|236|194|213,0,,0.0,1,0.14603558791492435,0.3255996186144073,1
cifar10_proser_fedavg__split09__seed0__d5.0,cifar10,d5,0.2,5,173|184|236|194|213,1,0.1652646123634397,0.31214314143182365,1,0.19497116327216693,0.4389128912451948,0
cifar10_proser_fedavg__split09__seed0__d5.0,cifar10,d5,0.25,5,173|184|236|194|213,1,0.19517044515565754,0.35339710447454,1,0.23081290157795778,0.5369625212294632,0
cifar10_proser_fedavg__split09__seed0__d5.0,cifar10,d5,0.3,5,173|184|236|194|213,1,0.28132600763969096,0.6140837129542053,1,0.2759148881944432,0.6368426746759713,0
cifar10_proser_fedavg__split09__seed1__d0.1,cifar10,d0.1,0.05,5,190|210|206|201|193,0,,0.0,0,,0.0,0
cifar10_proser_fedavg__split09__seed1__d0.1,cifar10,d0.1,0.1,5,190|210|206|201|193,0,,0.0,0,,0.0,0
cifar10_proser_fedavg__split09__seed1__d0.1,cifar10,d0.1,0.15,5,190|210|206|201|193,0,,0.0,0,,0.0,0
cifar10_proser_fedavg__split09__seed1__d0.1,cifar10,d0.1,0.2,5,190|210|206|201|193,0,,0.0,1,0.19534946209921128,0.1116165023900084,1
cifar10_proser_fedavg__split09__seed1__d0.1,cifar10,d0.1,0.25,5,190|210|206|201|193,1,0.24872949093288105,0.061021268059513294,1,0.2321565612470312,0.14116024053662693,0
cifar10_proser_fedavg__split09__seed1__d0.1,cifar10,d0.1,0.3,5,190|210|206|201|193,1,0.2804276300366953,0.1541841332424807,1,0.26317984394984584,0.16015219288859034,0
cifar10_proser_fedavg__split09__seed1__d0.5,cifar10,d0.5,0.05,5,219|202|191|183|205,0,,0.0,0,,0.0,0
cifar10_proser_fedavg__split09__seed1__d0.5,cifar10,d0.5,0.1,5,219|202|191|183|205,0,,0.0,0,,0.0,0
cifar10_proser_fedavg__split09__seed1__d0.5,cifar10,d0.5,0.15,5,219|202|191|183|205,1,0.14019417940604348,0.1471729658801849,1,0.14326406923668178,0.2731879589715972,0
cifar10_proser_fedavg__split09__seed1__d0.5,cifar10,d0.5,0.2,5,219|202|191|183|205,1,0.18503193390488348,0.30655350179329216,1,0.17605691266847484,0.3861410083131141,0
cifar10_proser_fedavg__split09__seed1__d0.5,cifar10,d0.5,0.25,5,219|202|191|183|205,1,0.23105631509508967,0.4410769037123028,1,0.22650228805694853,0.5526405440433669,0
cifar10_proser_fedavg__split09__seed1__d0.5,cifar10,d0.5,0.3,5,219|202|191|183|205,1,0.28731491169506274,0.5960526028282653,1,0.2718236581518765,0.6199166395523313,0
cifar10_proser_fedavg__split09__seed1__d5.0,cifar10,d5,0.05,5,175|216|195|193|221,0,,0.0,0,,0.0,0
cifar10_proser_fedavg__split09__seed1__d5.0,cifar10,d5,0.1,5,175|216|195|193|221,0,,0.0,0,,0.0,0
cifar10_proser_fedavg__split09__seed1__d5.0,cifar10,d5,0.15,5,175|216|195|193|221,0,,0.0,1,0.1420553461273178,0.2192719600083099,1
cifar10_proser_fedavg__split09__seed1__d5.0,cifar10,d5,0.2,5,175|216|195|193|221,1,0.18059982690557927,0.3590576379982162,1,0.16863318580945708,0.3687896413827186,0
cifar10_proser_fedavg__split09__seed1__d5.0,cifar10,d5,0.25,5,175|216|195|193|221,1,0.22723485412936487,0.42569402585739846,1,0.24518078202543447,0.5718750855288776,0
cifar10_proser_fedavg__split09__seed1__d5.0,cifar10,d5,0.3,5,175|216|195|193|221,1,0.2956237669278582,0.6301827580129634,1,0.2762864254941678,0.6469134550477471,0
cifar10_proser_fedavg__split09__seed2__d0.1,cifar10,d0.1,0.05,5,206|201|209|200|184,0,,0.0,0,,0.0,0
cifar10_proser_fedavg__split09__seed2__d0.1,cifar10,d0.1,0.1,5,206|201|209|200|184,0,,0.0,0,,0.0,0
cifar10_proser_fedavg__split09__seed2__d0.1,cifar10,d0.1,0.15,5,206|201|209|200|184,0,,0.0,0,,0.0,0
cifar10_proser_fedavg__split09__seed2__d0.1,cifar10,d0.1,0.2,5,206|201|209|200|184,0,,0.0,0,,0.0,0
cifar10_proser_fedavg__split09__seed2__d0.1,cifar10,d0.1,0.25,5,206|201|209|200|184,0,,0.0,1,0.22235240341130982,0.16584944199433774,1
cifar10_proser_fedavg__split09__seed2__d0.1,cifar10,d0.1,0.3,5,206|201|209|200|184,1,0.26613598353810763,0.12287124747137851,1,0.28884799658035015,0.2807806868409889,0
cifar10_proser_fedavg__split09__seed2__d0.5,cifar10,d0.5,0.05,5,211|194|195|193|207,0,,0.0,0,,0.0,0
cifar10_proser_fedavg__split09__seed2__d0.5,cifar10,d0.5,0.1,5,211|194|195|193|207,0,,0.0,0,,0.0,0
cifar10_proser_fedavg__split09__seed2__d0.5,cifar10,d0.5,0.15,5,211|194|195|193|207,0,,0.0,0,,0.0,0
cifar10_proser_fedavg__split09__seed2__d0.5,cifar10,d0.5,0.2,5,211|194|195|193|207,0,,0.0,0,,0.0,0
cifar10_proser_fedavg__split09__seed2__d0.5,cifar10,d0.5,0.25,5,211|194|195|193|207,1,0.227543353017951,0.04364870567321217,1,0.24104939057300298,0.18441494599272776,0
cifar10_proser_fedavg__split09__seed2__d0.5,cifar10,d0.5,0.3,5,211|194|195|193|207,1,0.29974200283413505,0.33458869520275614,1,0.2766255592926265,0.4268446636293857,0
cifar10_proser_fedavg__split09__seed2__d5.0,cifar10,d5,0.05,5,202|200|184|195|219,0,,0.0,0,,0.0,0
cifar10_proser_fedavg__split09__seed2__d5.0,cifar10,d5,0.1,5,202|200|184|195|219,0,,0.0,0,,0.0,0
cifar10_proser_fedavg__split09__seed2__d5.0,cifar10,d5,0.15,5,202|200|184|195|219,0,,0.0,0,,0.0,0
cifar10_proser_fedavg__split09__seed2__d5.0,cifar10,d5,0.2,5,202|200|184|195|219,1,0.19151237185140826,0.3950966701610924,1,0.18719962637372206,0.4856309960895444,0
cifar10_proser_fedavg__split09__seed2__d5.0,cifar10,d5,0.25,5,202|200|184|195|219,1,0.23193710206731413,0.5384975291216425,1,0.21613617186049336,0.5785610665523111,0
cifar10_proser_fedavg__split09__seed2__d5.0,cifar10,d5,0.3,5,202|200|184|195|219,1,0.2610273113906944,0.6342183296048955,1,0.24366222437546248,0.6502436512948881,0
cifar10_proser_fedavg__split09__seed3__d0.1,cifar10,d0.1,0.05,5,212|201|198|199|190,0,,0.0,0,,0.0,0
cifar10_proser_fedavg__split09__seed3__d0.1,cifar10,d0.1,0.1,5,212|201|198|199|190,0,,0.0,0,,0.0,0
cifar10_proser_fedavg__split09__seed3__d0.1,cifar10,d0.1,0.15,5,212|201|198|199|190,0,,0.0,0,,0.0,0
cifar10_proser_fedavg__split09__seed3__d0.1,cifar10,d0.1,0.2,5,212|201|198|199|190,1,0.17789676911151175,0.12804566180103333,1,0.19290977767767548,0.2482591166880025,0
cifar10_proser_fedavg__split09__seed3__d0.1,cifar10,d0.1,0.25,5,212|201|198|199|190,1,0.2390575914662601,0.2732055634255446,1,0.24853104890819358,0.34982366848894164,0
cifar10_proser_fedavg__split09__seed3__d0.1,cifar10,d0.1,0.3,5,212|201|198|199|190,1,0.28111659001507544,0.31214314143182365,1,0.2807829803366157,0.3971983944510279,0
cifar10_proser_fedavg__split09__seed3__d0.5,cifar10,d0.5,0.05,5,189|203|205|194|209,0,,0.0,0,,0.0,0
cifar10_proser_fedavg__split09__seed3__d0.5,cifar10,d0.5,0.1,5,189|203|205|194|209,0,,0.0,0,,0.0,0
cifar10_proser_fedavg__split09__seed3__d0.5,cifar10,d0.5,0.15,5,189|203|205|194|209,0,,0.0,0,,0.0,0
cifar10_proser_fedavg__split09__seed3__d0.5,cifar10,d0.5,0.2,5,189|203|205|194|209,1,0.19531677902251904,0.1682881481006248,1,0.19810678068356788,0.3431232982403236,0
cifar10_proser_fedavg__split09__seed3__d0.5,cifar10,d0.5,0.25,5,189|203|205|194|209,1,0.24285101012179217,0.43145604528934367,1,0.2201028180168122,0.4762886979518099,0
cifar10_proser_fedavg__split09__seed3__d0.5,cifar10,d0.5,0.3,5,189|203|205|194|209,1,0.2927091190296791,0.5661816704747643,1,0.2608756127153708,0.5754122935687034,0
cifar10_proser_fedavg__split09__seed3__d5.0,cifar10,d5,0.05,5,179|200|209|227|185,0,,0.0,0,,0.0,0
cifar10_proser_fedavg__split09__seed3__d5.0,cifar10,d5,0.1,5,179|200|209|227|185,0,,0.0,0,,0.0,0
cifar10_proser_fedavg__split09__seed3__d5.0,cifar10,d5,0.15,5,179|200|209|227|185,0,,0.0,1,0.13587436002369835,0.18294183624696214,1
cifar10_proser_fedavg__split09__seed3__d5.0,cifar10,d5,0.2,5,179|200|209|227|185,1,0.1770323368128978,0.15242870444470066,1,0.1990583435497179,0.48868500850810503,0
cifar10_proser_fedavg__split09__seed3__d5.0,cifar10,d5,0.25,5,179|200|209|227|185,1,0.2242227328150205,0.41993988660277404,1,0.23452713169584807,0.5683583686915061,0
cifar10_proser_fedavg__split09__seed3__d5.0,cifar10,d5,0.3,5,179|200|209|227|185,1,0.23506077365308992,0.46231973873462295,1,0.26967592668181417,0.6401605283459928,0
cifar10_proser_fedavg__split09__seed4__d0.1,cifar10,d0.1,0.05,5,201|204|198|209|188,0,,0.0,0,,0.0,0
cifar10_proser_fedavg__split09__seed4__d0.1,cifar10,d0.1,0.1,5,201|204|198|209|188,0,,0.0,0,,0.0,0
cifar10_proser_fedavg__split09__seed4__d0.1,cifar10,d0.1,0.15,5,201|204|198|209|188,0,,0.0,0,,0.0,0
cifar10_proser_fedavg__split09__seed4__d0.1,cifar10,d0.1,0.2,5,201|204|198|209|188,0,,0.0,0,,0.0,0
cifar10_proser_fedavg__split09__seed4__d0.1,cifar10,d0.1,0.25,5,201|204|198|209|188,0,,0.0,0,,0.0,0
cifar10_proser_fedavg__split09__seed4__d0.1,cifar10,d0.1,0.3,5,201|204|198|209|188,0,,0.0,0,,0.0,0
cifar10_proser_fedavg__split09__seed4__d0.5,cifar10,d0.5,0.05,5,193|208|201|203|195,0,,0.0,0,,0.0,0
cifar10_proser_fedavg__split09__seed4__d0.5,cifar10,d0.5,0.1,5,193|208|201|203|195,0,,0.0,0,,0.0,0
cifar10_proser_fedavg__split09__seed4__d0.5,cifar10,d0.5,0.15,5,193|208|201|203|195,0,,0.0,0,,0.0,0
cifar10_proser_fedavg__split09__seed4__d0.5,cifar10,d0.5,0.2,5,193|208|201|203|195,0,,0.0,0,,0.0,0
cifar10_proser_fedavg__split09__seed4__d0.5,cifar10,d0.5,0.25,5,193|208|201|203|195,0,,0.0,1,0.22015781973863147,0.15435024775167094,1
cifar10_proser_fedavg__split09__seed4__d0.5,cifar10,d0.5,0.3,5,193|208|201|203|195,0,,0.0,1,0.2649046465482659,0.26225933033193677,1
cifar10_proser_fedavg__split09__seed4__d5.0,cifar10,d5,0.05,5,192|199|199|194|216,0,,0.0,0,,0.0,0
cifar10_proser_fedavg__split09__seed4__d5.0,cifar10,d5,0.1,5,192|199|199|194|216,0,,0.0,0,,0.0,0
cifar10_proser_fedavg__split09__seed4__d5.0,cifar10,d5,0.15,5,192|199|199|194|216,0,,0.0,1,0.14749752504740177,0.188760244197394,1
cifar10_proser_fedavg__split09__seed4__d5.0,cifar10,d5,0.2,5,192|199|199|194|216,1,0.1963571205397454,0.083923384581486,1,0.18946530303135684,0.3218309698849991,0
cifar10_proser_fedavg__split09__seed4__d5.0,cifar10,d5,0.25,5,192|199|199|194|216,1,0.18769359766969065,0.17893330314151554,1,0.21340024265777002,0.41477931484055774,0
cifar10_proser_fedavg__split09__seed4__d5.0,cifar10,d5,0.3,5,192|199|199|194|216,1,0.27686624687108946,0.4836686575898118,1,0.2909762554268376,0.642280929778415,0
officehome_convnext_frozen__split00__seed0,officehome,frozen,0.05,4,232|258|258|252,0,,0.0,0,,0.0,0
officehome_convnext_frozen__split00__seed0,officehome,frozen,0.1,4,232|258|258|252,0,,0.0,0,,0.0,0
officehome_convnext_frozen__split00__seed0,officehome,frozen,0.15,4,232|258|258|252,0,,0.0,1,0.13284121156633105,0.10374207101067817,1
officehome_convnext_frozen__split00__seed0,officehome,frozen,0.2,4,232|258|258|252,1,0.191384180322955,0.11683703493951515,1,0.15299387112396876,0.2031382860608426,0
officehome_convnext_frozen__split00__seed0,officehome,frozen,0.25,4,232|258|258|252,1,0.2377154955010901,0.15347684363133662,1,0.2356987143522334,0.30696001871615475,0
officehome_convnext_frozen__split00__seed0,officehome,frozen,0.3,4,232|258|258|252,1,0.23813420864430523,0.18206114304107415,1,0.29730688764605073,0.3671555535876818,0
officehome_convnext_frozen__split00__seed1,officehome,frozen,0.05,4,274|239|245|242,0,,0.0,0,,0.0,0
officehome_convnext_frozen__split00__seed1,officehome,frozen,0.1,4,274|239|245|242,0,,0.0,0,,0.0,0
officehome_convnext_frozen__split00__seed1,officehome,frozen,0.15,4,274|239|245|242,1,0.12438534901482304,0.04115256406030166,1,0.11127746696085655,0.09395540787607377,0
officehome_convnext_frozen__split00__seed1,officehome,frozen,0.2,4,274|239|245|242,1,0.18363262228510324,0.13460520508981247,1,0.18815197961514002,0.2598410942230565,0
officehome_convnext_frozen__split00__seed1,officehome,frozen,0.25,4,274|239|245|242,1,0.23647513889209545,0.2089983186687953,1,0.23846255076620065,0.3073407599056355,0
officehome_convnext_frozen__split00__seed1,officehome,frozen,0.3,4,274|239|245|242,1,0.2921710783880694,0.2576273875643339,1,0.28084109525512646,0.37003244334260743,0
officehome_convnext_frozen__split00__seed2,officehome,frozen,0.05,4,247|240|268|245,0,,0.0,0,,0.0,0
officehome_convnext_frozen__split00__seed2,officehome,frozen,0.1,4,247|240|268|245,0,,0.0,0,,0.0,0
officehome_convnext_frozen__split00__seed2,officehome,frozen,0.15,4,247|240|268|245,0,,0.0,1,0.13328491180335722,0.11517898092481504,1
officehome_convnext_frozen__split00__seed2,officehome,frozen,0.2,4,247|240|268|245,1,0.18513809173249063,0.11497677431256077,1,0.1778218438478456,0.26338211869106615,0
officehome_convnext_frozen__split00__seed2,officehome,frozen,0.25,4,247|240|268|245,1,0.2224325900018938,0.17631998941960308,1,0.22468157963157684,0.2974270792631723,0
officehome_convnext_frozen__split00__seed2,officehome,frozen,0.3,4,247|240|268|245,1,0.23046197303974533,0.15916855775769528,1,0.2725568891536163,0.35439223124698227,0
officehome_convnext_frozen__split00__seed3,officehome,frozen,0.05,4,220|254|271|255,0,,0.0,0,,0.0,0
officehome_convnext_frozen__split00__seed3,officehome,frozen,0.1,4,220|254|271|255,0,,0.0,1,0.09893522736868726,0.10179587475489826,1
officehome_convnext_frozen__split00__seed3,officehome,frozen,0.15,4,220|254|271|255,1,0.14854042028521877,0.05769457439222106,1,0.14624663956935174,0.21700777567863871,0
officehome_convnext_frozen__split00__seed3,officehome,frozen,0.2,4,220|254|271|255,1,0.1948049070269773,0.1572698497451101,1,0.18565001528342306,0.27142036667997477,0
officehome_convnext_frozen__split00__seed3,officehome,frozen,0.25,4,220|254|271|255,1,0.20547091682513152,0.15347684363133662,1,0.22702049559582088,0.3139611286596435,0
officehome_convnext_frozen__split00__seed3,officehome,frozen,0.3,4,220|254|271|255,1,0.2876485973337129,0.22740269036510966,1,0.2660020597992492,0.3580863276628472,0
officehome_convnext_frozen__split00__seed4,officehome,frozen,0.05,4,237|278|240|245,0,,0.0,0,,0.0,0
officehome_convnext_frozen__split00__seed4,officehome,frozen,0.1,4,237|278|240|245,0,,0.0,0,,0.0,0
officehome_convnext_frozen__split00__seed4,officehome,frozen,0.15,4,237|278|240|245,1,0.13593060483861227,0.07645365563760859,1,0.12347751337605105,0.12307989129652487,0
officehome_convnext_frozen__split00__seed4,officehome,frozen,0.2,4,237|278|240|245,1,0.17231541670268177,0.12991330551161964,1,0.19755164722030696,0.27177240092694954,0
officehome_convnext_frozen__split00__seed4,officehome,frozen,0.25,4,237|278|240|245,1,0.2482277960799278,0.22352014894825512,1,0.24450756236542442,0.3242723701998662,0
officehome_convnext_frozen__split00__seed4,officehome,frozen,0.3,4,237|278|240|245,1,0.29974200283413505,0.27626364948176074,1,0.27971727685613856,0.3652285933131142,0
officehome_convnext_frozen__split01__seed0,officehome,frozen,0.05,4,248|245|262|245,0,,0.0,0,,0.0,0
officehome_convnext_frozen__split01__seed0,officehome,frozen,0.1,4,248|245|262|245,0,,0.0,0,,0.0,0
officehome_convnext_frozen__split01__seed0,officehome,frozen,0.15,4,248|245|262|245,0,,0.0,1,0.14474143251440366,0.13615203510454216,1
officehome_convnext_frozen__split01__seed0,officehome,frozen,0.2,4,248|245|262|245,1,0.17679587039575448,0.10623341423079379,1,0.18781748550886612,0.19002371692127606,0
officehome_convnext_frozen__split01__seed0,officehome,frozen,0.25,4,248|245|262|245,1,0.24357058704451937,0.14131279362267224,1,0.23010484705207535,0.2232370670272375,0
officehome_convnext_frozen__split01__seed0,officehome,frozen,0.3,4,248|245|262|245,1,0.2860075570986985,0.16942462821830248,1,0.253876248356481,0.2582837383426142,0
officehome_convnext_frozen__split01__seed1,officehome,frozen,0.05,4,245|233|259|263,0,,0.0,0,,0.0,0
officehome_convnext_frozen__split01__seed1,officehome,frozen,0.1,4,245|233|259|263,0,,0.0,0,,0.0,0
officehome_convnext_frozen__split01__seed1,officehome,frozen,0.15,4,245|233|259|263,1,0.14582005176299886,0.11723783716066372,1,0.13394884117781922,0.17432457239758262,0
officehome_convnext_frozen__split01__seed1,officehome,frozen,0.2,4,245|233|259|263,1,0.181272507107955,0.14131279362267224,1,0.17205443320213626,0.20866629140123466,0
officehome_convnext_frozen__split01__seed1,officehome,frozen,0.25,4,245|233|259|263,1,0.19708044829893695,0.15251833973671103,1,0.19356913537135834,0.22883368293289522,0
officehome_convnext_frozen__split01__seed1,officehome,frozen,0.3,4,245|233|259|263,1,0.27356892912935865,0.1769734869077909,1,0.2997837729908348,0.3247295776771412,0
officehome_convnext_frozen__split01__seed2,officehome,frozen,0.05,4,252|256|245|247,0,,0.0,0,,0.0,0
officehome_convnext_frozen__split01__seed2,officehome,frozen,0.1,4,252|256|245|247,0,,0.0,0,,0.0,0
officehome_convnext_frozen__split01__seed2,officehome,frozen,0.15,4,252|256|245|247,1,0.1492794880559895,0.08807171639289799,1,0.13175259185285831,0.13343657951893356,0
officehome_convnext_frozen__split01__seed2,officehome,frozen,0.2,4,252|256|245|247,1,0.17491937321479076,0.02816656485859555,1,0.18746208422604005,0.19432499662515643,0
officehome_convnext_frozen__split01__seed2,officehome,frozen,0.25,4,252|256|245|247,1,0.23747054499549258,0.15345457824529127,1,0.22225543104840728,0.22942220923789458,0
officehome_convnext_frozen__split01__seed2,officehome,frozen,0.3,4,252|256|245|247,1,0.2584013132413159,0.1807555408678657,1,0.29821380281191573,0.32354951017945843,0
officehome_convnext_frozen__split01__seed3,officehome,frozen,0.05,4,260|254|250|236,0,,0.0,0,,0.0,0
officehome_convnext_frozen__split01__seed3,officehome,frozen,0.1,4,260|254|250|236,0,,0.0,0,,0.0,0
officehome_convnext_frozen__split01__seed3,officehome,frozen,0.15,4,260|254|250|236,0,,0.0,1,0.14874078594272344,0.16876948173472517,1
officehome_convnext_frozen__split01__seed3,officehome,frozen,0.2,4,260|254|250|236,1,0.1930058437760407,0.10806228711368113,1,0.18055891760592327,0.20892864364164593,0
officehome_convnext_frozen__split01__seed3,officehome,frozen,0.25,4,260|254|250|236,1,0.19438244555792783,0.15439118130990873,1,0.18574288669293126,0.23326812474596995,0
officehome_convnext_frozen__split01__seed3,officehome,frozen,0.3,4,260|254|250|236,1,0.25461033189624305,0.19213096324341966,1,0.2924238878747316,0.3240455539061132,0
officehome_convnext_frozen__split01__seed4,officehome,frozen,0.05,4,225|273|272|230,0,,0.0,0,,0.0,0
officehome_convnext_frozen__split01__seed4,officehome,frozen,0.1,4,225|273|272|230,0,,0.0,0,,0.0,0
officehome_convnext_frozen__split01__seed4,officehome,frozen,0.15,4,225|273|272|230,0,,0.0,0,,0.0,0
officehome_convnext_frozen__split01__seed4,officehome,frozen,0.2,4,225|273|272|230,1,0.18867281139991057,0.020936709003740367,1,0.19785700484321053,0.19632238356643,0
officehome_convnext_frozen__split01__seed4,officehome,frozen,0.25,4,225|273|272|230,1,0.23417342353917897,0.1348023755562372,1,0.21502902637422103,0.234756928598584,0
officehome_convnext_frozen__split01__seed4,officehome,frozen,0.3,4,225|273|272|230,1,0.26644513668813685,0.15345457824529127,1,0.24384355303177718,0.26402469345411256,0
officehome_convnext_frozen__split02__seed0,officehome,frozen,0.05,4,261|220|269|250,0,,0.0,0,,0.0,0
officehome_convnext_frozen__split02__seed0,officehome,frozen,0.1,4,261|220|269|250,0,,0.0,0,,0.0,0
officehome_convnext_frozen__split02__seed0,officehome,frozen,0.15,4,261|220|269|250,1,0.13127103308040172,0.11963118560507821,1,0.1480860701311496,0.21985137420994522,0
officehome_convnext_frozen__split02__seed0,officehome,frozen,0.2,4,261|220|269|250,1,0.15795728028963132,0.1336659499514453,1,0.19392972460971042,0.2575858240644812,0
officehome_convnext_frozen__split02__seed0,officehome,frozen,0.25,4,261|220|269|250,1,0.22235993876895543,0.19742557205769223,1,0.24828732270608034,0.3380514500922806,0
officehome_convnext_frozen__split02__seed0,officehome,frozen,0.3,4,261|220|269|250,1,0.28263487212794663,0.2999169725680073,1,0.2692709127118894,0.37492933199293776,0
officehome_convnext_frozen__split02__seed1,officehome,frozen,0.05,4,231|246|260|263,0,,0.0,0,,0.0,0
officehome_convnext_frozen__split02__seed1,officehome,frozen,0.1,4,231|246|260|263,0,,0.0,1,0.08506170673697919,0.09545973094169355,1
officehome_convnext_frozen__split02__seed1,officehome,frozen,0.15,4,231|246|260|263,0,,0.0,1,0.14920060029537008,0.16767906042036865,1
officehome_convnext_frozen__split02__seed1,officehome,frozen,0.2,4,231|246|260|263,1,0.19149214749699003,0.15821902190767984,1,0.18696916978473926,0.24764736816275484,0
officehome_convnext_frozen__split02__seed1,officehome,frozen,0.25,4,231|246|260|263,1,0.24827244284840227,0.19646304427975536,1,0.23536864240637734,0.28916964776942566,0
officehome_convnext_frozen__split02__seed1,officehome,frozen,0.3,4,231|246|260|263,1,0.27039993631405834,0.21093104476495014,1,0.2986856696695113,0.3717117267206854,0
officehome_convnext_frozen__split02__seed2,officehome,frozen,0.05,4,255|253|250|242,0,,0.0,0,,0.0,0
officehome_convnext_frozen__split02__seed2,officehome,frozen,0.1,4,255|253|250|242,0,,0.0,1,0.09941299773263096,0.09044964554247152,1
officehome_convnext_frozen__split02__seed2,officehome,frozen,0.15,4,255|253|250|242,0,,0.0,1,0.13694619585062145,0.162575041306613,1
officehome_convnext_frozen__split02__seed2,officehome,frozen,0.2,4,255|253|250|242,1,0.18085326808938737,0.11219023283825894,1,0.18918296609128266,0.23891200016149733,0
officehome_convnext_frozen__split02__seed2,officehome,frozen,0.25,4,255|253|250|242,1,0.23974666941035513,0.15632104352963053,1,0.21013539682265087,0.257221325749555,0
officehome_convnext_frozen__split02__seed2,officehome,frozen,0.3,4,255|253|250|242,1,0.29393884744086246,0.26448390186819637,1,0.29866003950955405,0.3657213811318905,0
officehome_convnext_frozen__split02__seed3,officehome,frozen,0.05,4,248|244|260|248,0,,0.0,0,,0.0,0
officehome_convnext_frozen__split02__seed3,officehome,frozen,0.1,4,248|244|260|248,0,,0.0,0,,0.0,0
officehome_convnext_frozen__split02__seed3,officehome,frozen,0.15,4,248|244|260|248,1,0.13039908483836948,0.0855200117127467,1,0.12755353836815964,0.16192324215294318,0
officehome_convnext_frozen__split02__seed3,officehome,frozen,0.2,4,248|244|260|248,1,0.18165466149170773,0.1430775240247859,1,0.1804586152677395,0.2446805450727113,0
officehome_convnext_frozen__split02__seed3,officehome,frozen,0.25,4,248|244|260|248,1,0.22253112397272595,0.16487328752544197,1,0.21429252841860136,0.27255245274339296,0
officehome_convnext_frozen__split02__seed3,officehome,frozen,0.3,4,248|244|260|248,1,0.2986468218125032,0.2792135610641793,1,0.28728034637426025,0.38572999352594334,0
officehome_convnext_frozen__split02__seed4,officehome,frozen,0.05,4,279|245|235|241,0,,0.0,0,,0.0,0
officehome_convnext_frozen__split02__seed4,officehome,frozen,0.1,4,279|245|235|241,0,,0.0,0,,0.0,0
officehome_convnext_frozen__split02__seed4,officehome,frozen,0.15,4,279|245|235|241,1,0.12655099251829707,0.10478295867858987,1,0.12326144083499424,0.16203018363664315,0
officehome_convnext_frozen__split02__seed4,officehome,frozen,0.2,4,279|245|235|241,1,0.19801396892413087,0.1242978465771675,1,0.19941764670810835,0.20099692536211297,0
officehome_convnext_frozen__split02__seed4,officehome,frozen,0.25,4,279|245|235|241,1,0.24677480855119838,0.19357722732710952,1,0.22607889496920963,0.2764718301068352,0
officehome_convnext_frozen__split02__seed4,officehome,frozen,0.3,4,279|245|235|241,1,0.2597118421264249,0.21964177940433613,1,0.24490821555153924,0.3066486339807013,0
officehome_convnext_frozen__split03__seed0,officehome,frozen,0.05,4,255|242|227|276,0,,0.0,0,,0.0,0
officehome_convnext_frozen__split03__seed0,officehome,frozen,0.1,4,255|242|227|276,0,,0.0,0,,0.0,0
officehome_convnext_frozen__split03__seed0,officehome,frozen,0.15,4,255|242|227|276,0,,0.0,1,0.14474100709481896,0.14934340237029073,1
officehome_convnext_frozen__split03__seed0,officehome,frozen,0.2,4,255|242|227|276,1,0.19703881315341346,0.10793176555089702,1,0.195775243876203,0.2427976466230677,0
officehome_convnext_frozen__split03__seed0,officehome,frozen,0.25,4,255|242|227|276,1,0.22521319322758548,0.1485456131967067,1,0.22122428076355977,0.2875204774335425,0
officehome_convnext_frozen__split03__seed0,officehome,frozen,0.3,4,255|242|227|276,1,0.2987446087393403,0.21404006446842505,1,0.2531029606375952,0.31475486107706535,0
officehome_convnext_frozen__split03__seed1,officehome,frozen,0.05,4,264|258|245|233,0,,0.0,0,,0.0,0
officehome_convnext_frozen__split03__seed1,officehome,frozen,0.1,4,264|258|245|233,0,,0.0,0,,0.0,0
officehome_convnext_frozen__split03__seed1,officehome,frozen,0.15,4,264|258|245|233,0,,0.0,0,,0.0,0
officehome_convnext_frozen__split03__seed1,officehome,frozen,0.2,4,264|258|245|233,0,,0.0,1,0.19742129910334255,0.15625571587299755,1
officehome_convnext_frozen__split03__seed1,officehome,frozen,0.25,4,264|258|245|233,1,0.2411869806509503,0.12858452836654802,1,0.24373645190051105,0.269078034648268,0
officehome_convnext_frozen__split03__seed1,officehome,frozen,0.3,4,264|258|245|233,1,0.2971554265308033,0.21217607320479823,1,0.2794355599780222,0.3178009141323274,0
officehome_convnext_frozen__split03__seed2,officehome,frozen,0.05,4,231|254|251|264,0,,0.0,0,,0.0,0
officehome_convnext_frozen__split03__seed2,officehome,frozen,0.1,4,231|254|251|264,0,,0.0,0,,0.0,0
officehome_convnext_frozen__split03__seed2,officehome,frozen,0.15,4,231|254|251|264,0,,0.0,0,,0.0,0
officehome_convnext_frozen__split03__seed2,officehome,frozen,0.2,4,231|254|251|264,0,,0.0,1,0.19353732781811414,0.2025458282841931,1
officehome_convnext_frozen__split03__seed2,officehome,frozen,0.25,4,231|254|251|264,1,0.21656966710373152,0.09814515657020927,1,0.21946715601886146,0.24362551340367639,0
officehome_convnext_frozen__split03__seed2,officehome,frozen,0.3,4,231|254|251|264,1,0.2551971862087514,0.16317223285668592,1,0.28672989878513766,0.3297181316267638,0
officehome_convnext_frozen__split03__seed3,officehome,frozen,0.05,4,264|249|235|252,0,,0.0,0,,0.0,0
officehome_convnext_frozen__split03__seed3,officehome,frozen,0.1,4,264|249|235|252,0,,0.0,0,,0.0,0
officehome_convnext_frozen__split03__seed3,officehome,frozen,0.15,4,264|249|235|252,0,,0.0,0,,0.0,0
officehome_convnext_frozen__split03__seed3,officehome,frozen,0.2,4,264|249|235|252,0,,0.0,1,0.18156335783917218,0.16792163822648498,1
officehome_convnext_frozen__split03__seed3,officehome,frozen,0.25,4,264|249|235|252,0,,0.0,1,0.23203339662342648,0.2373914639010793,1
officehome_convnext_frozen__split03__seed3,officehome,frozen,0.3,4,264|249|235|252,1,0.2784729714838194,0.15859219468477181,1,0.29337470519341025,0.3191652703659323,0
officehome_convnext_frozen__split03__seed4,officehome,frozen,0.05,4,250|232|237|281,0,,0.0,0,,0.0,0
officehome_convnext_frozen__split03__seed4,officehome,frozen,0.1,4,250|232|237|281,0,,0.0,0,,0.0,0
officehome_convnext_frozen__split03__seed4,officehome,frozen,0.15,4,250|232|237|281,0,,0.0,0,,0.0,0
officehome_convnext_frozen__split03__seed4,officehome,frozen,0.2,4,250|232|237|281,1,0.19372906865057604,0.04457359630628431,1,0.16725956126047667,0.18146032379485386,0
officehome_convnext_frozen__split03__seed4,officehome,frozen,0.25,4,250|232|237|281,1,0.24507115794755485,0.13039136616884742,1,0.22176211008538346,0.23829191276919037,0
officehome_convnext_frozen__split03__seed4,officehome,frozen,0.3,4,250|232|237|281,1,0.27531690585960666,0.15950754784244542,1,0.2889230156213519,0.3249422146331751,0
officehome_convnext_frozen__split04__seed0,officehome,frozen,0.05,4,252|271|225|252,0,,0.0,0,,0.0,0
officehome_convnext_frozen__split04__seed0,officehome,frozen,0.1,4,252|271|225|252,0,,0.0,0,,0.0,0
officehome_convnext_frozen__split04__seed0,officehome,frozen,0.15,4,252|271|225|252,0,,0.0,1,0.14506642253357876,0.14091715070341274,1
officehome_convnext_frozen__split04__seed0,officehome,frozen,0.2,4,252|271|225|252,1,0.18371084224141854,0.015978847341746216,1,0.19729399767772554,0.24577771650888378,0
officehome_convnext_frozen__split04__seed0,officehome,frozen,0.25,4,252|271|225|252,1,0.24762245053665702,0.16300582807258582,1,0.2311514961487668,0.2802111869607815,0
officehome_convnext_frozen__split04__seed0,officehome,frozen,0.3,4,252|271|225|252,1,0.2821965034580158,0.18534928164826284,1,0.2661812950144288,0.3138723185508616,0
officehome_convnext_frozen__split04__seed1,officehome,frozen,0.05,4,251|219|269|261,0,,0.0,0,,0.0,0
officehome_convnext_frozen__split04__seed1,officehome,frozen,0.1,4,251|219|269|261,1,0.09824127315852858,0.03841252765953979,1,0.0819185282492717,0.08497194349206778,0
officehome_convnext_frozen__split04__seed1,officehome,frozen,0.15,4,251|219|269|261,1,0.12541456763295822,0.0805841485436165,1,0.11760268442934546,0.18324251170725156,0
officehome_convnext_frozen__split04__seed1,officehome,frozen,0.2,4,251|219|269|261,1,0.19751505081823642,0.1293900100405606,1,0.19299319402418974,0.2576147618676727,0
officehome_convnext_frozen__split04__seed1,officehome,frozen,0.25,4,251|219|269|261,1,0.24543872937893071,0.15431435838163585,1,0.23438704900624813,0.28713757004095797,0
officehome_convnext_frozen__split04__seed1,officehome,frozen,0.3,4,251|219|269|261,1,0.26307175809490846,0.1892531931115,1,0.25714745657022886,0.31767424218015117,0
officehome_convnext_frozen__split04__seed2,officehome,frozen,0.05,4,246|260|250|244,0,,0.0,0,,0.0,0
officehome_convnext_frozen__split04__seed2,officehome,frozen,0.1,4,246|260|250|244,0,,0.0,0,,0.0,0
officehome_convnext_frozen__split04__seed2,officehome,frozen,0.15,4,246|260|250|244,0,,0.0,1,0.1489557176082294,0.18497673684076468,1
officehome_convnext_frozen__split04__seed2,officehome,frozen,0.2,4,246|260|250|244,1,0.1692872392951874,0.10384603611889147,1,0.15890022834810175,0.21031887057633838,0
officehome_convnext_frozen__split04__seed2,officehome,frozen,0.25,4,246|260|250|244,1,0.24015668336548662,0.12273132735200484,1,0.21731646611688218,0.25158490855082716,0
officehome_convnext_frozen__split04__seed2,officehome,frozen,0.3,4,246|260|250|244,1,0.2977550299629518,0.1765845883735388,1,0.275976388889551,0.3190326568128267,0
officehome_convnext_frozen__split04__seed3,officehome,frozen,0.05,4,262|241|269|228,0,,0.0,0,,0.0,0
officehome_convnext_frozen__split04__seed3,officehome,frozen,0.1,4,262|241|269|228,0,,0.0,0,,0.0,0
officehome_convnext_frozen__split04__seed3,officehome,frozen,0.15,4,262|241|269|228,1,0.14607623755825866,0.0833520926771701,1,0.14152274716372315,0.16524091901539034,0
officehome_convnext_frozen__split04__seed3,officehome,frozen,0.2,4,262|241|269|228,1,0.18707043851654115,0.10290767670838197,1,0.18870276805342628,0.1926449605142029,0
officehome_convnext_frozen__split04__seed3,officehome,frozen,0.25,4,262|241|269|228,1,0.16470180493332912,0.0879805278038914,1,0.2223657055461413,0.22229000174790448,0
officehome_convnext_frozen__split04__seed3,officehome,frozen,0.3,4,262|241|269|228,1,0.296930147746336,0.1398996298534697,1,0.2948044312515936,0.29014958733460133,0
officehome_convnext_frozen__split04__seed4,officehome,frozen,0.05,4,239|262|234|265,0,,0.0,0,,0.0,0
officehome_convnext_frozen__split04__seed4,officehome,frozen,0.1,4,239|262|234|265,0,,0.0,0,,0.0,0
officehome_convnext_frozen__split04__seed4,officehome,frozen,0.15,4,239|262|234|265,1,0.12706561315540618,0.03927850983075677,1,0.14447019536801692,0.16190192107116996,0
officehome_convnext_frozen__split04__seed4,officehome,frozen,0.2,4,239|262|234|265,1,0.19979396037136504,0.111373923804187,1,0.17239336342478312,0.2066566413141856,0
officehome_convnext_frozen__split04__seed4,officehome,frozen,0.25,4,239|262|234|265,1,0.23742388835074993,0.11893720284405299,1,0.23842392694137474,0.2711607168254064,0
officehome_convnext_frozen__split04__seed4,officehome,frozen,0.3,4,239|262|234|265,1,0.29670076803426837,0.19414021065024153,1,0.27279127809629194,0.3090445989824053,0
officehome_convnext_frozen__split05__seed0,officehome,frozen,0.05,4,262|247|242|249,0,,0.0,0,,0.0,0
officehome_convnext_frozen__split05__seed0,officehome,frozen,0.1,4,262|247|242|249,0,,0.0,0,,0.0,0
officehome_convnext_frozen__split05__seed0,officehome,frozen,0.15,4,262|247|242|249,0,,0.0,1,0.13357542446583026,0.16316829973531674,1
officehome_convnext_frozen__split05__seed0,officehome,frozen,0.2,4,262|247|242|249,1,0.19531677902251904,0.10914256697982895,1,0.19486097906728106,0.23864258089123683,0
officehome_convnext_frozen__split05__seed0,officehome,frozen,0.25,4,262|247|242|249,1,0.19474958526763841,0.12708174959937704,1,0.22069990662049765,0.2664033924015577,0
officehome_convnext_frozen__split05__seed0,officehome,frozen,0.3,4,262|247|242|249,1,0.29698552553629304,0.217991608877716,1,0.29341347115908434,0.3495015893607427,0
officehome_convnext_frozen__split05__seed1,officehome,frozen,0.05,4,262|277|233|228,0,,0.0,0,,0.0,0
officehome_convnext_frozen__split05__seed1,officehome,frozen,0.1,4,262|277|233|228,0,,0.0,0,,0.0,0
officehome_convnext_frozen__split05__seed1,officehome,frozen,0.15,4,262|277|233|228,0,,0.0,1,0.12500455904655425,0.1709632991133116,1
officehome_convnext_frozen__split05__seed1,officehome,frozen,0.2,4,262|277|233|228,1,0.1890567771707678,0.10071374220167872,1,0.1788371721143697,0.2260986810087158,0
officehome_convnext_frozen__split05__seed1,officehome,frozen,0.25,4,262|277|233|228,1,0.2400514418812291,0.15670960735132883,1,0.23885522103996953,0.29483444860871094,0
officehome_convnext_frozen__split05__seed1,officehome,frozen,0.3,4,262|277|233|228,1,0.2821694988931223,0.2357170398231486,1,0.2701268107931458,0.3383709350343032,0
officehome_convnext_frozen__split05__seed2,officehome,frozen,0.05,4,261|232|263|244,0,,0.0,0,,0.0,0
officehome_convnext_frozen__split05__seed2,officehome,frozen,0.1,4,261|232|263|244,0,,0.0,0,,0.0,0
officehome_convnext_frozen__split05__seed2,officehome,frozen,0.15,4,261|232|263|244,0,,0.0,0,,0.0,0
officehome_convnext_frozen__split05__seed2,officehome,frozen,0.2,4,261|232|263|244,1,0.18204346392636664,0.11196247385927685,1,0.18814182770376656,0.21932500244770428,0
officehome_convnext_frozen__split05__seed2,officehome,frozen,0.25,4,261|232|263|244,1,0.20365191076602537,0.12234312904612053,1,0.2492387364190729,0.2917304022909429,0
officehome_convnext_frozen__split05__seed2,officehome,frozen,0.3,4,261|232|263|244,1,0.285579182810401,0.2337433188639116,1,0.2745929349219883,0.33320134120653905,0
officehome_convnext_frozen__split05__seed3,officehome,frozen,0.05,4,234|272|253|241,0,,0.0,0,,0.0,0
officehome_convnext_frozen__split05__seed3,officehome,frozen,0.1,4,234|272|253|241,0,,0.0,0,,0.0,0
officehome_convnext_frozen__split05__seed3,officehome,frozen,0.15,4,234|272|253|241,0,,0.0,1,0.14786819698526865,0.1643240726687111,1
officehome_convnext_frozen__split05__seed3,officehome,frozen,0.2,4,234|272|253|241,1,0.19939203319748228,0.11667315855446346,1,0.17071016739163195,0.20305371980025366,0
officehome_convnext_frozen__split05__seed3,officehome,frozen,0.25,4,234|272|253|241,1,0.19398120902577812,0.1251848500890081,1,0.24833459640954691,0.2927483487478218,0
officehome_convnext_frozen__split05__seed3,officehome,frozen,0.3,4,234|272|253|241,1,0.2894269391764772,0.1789330903715845,1,0.2803509413044628,0.33956605459740064,0
officehome_convnext_frozen__split05__seed4,officehome,frozen,0.05,4,248|261|270|221,0,,0.0,0,,0.0,0
officehome_convnext_frozen__split05__seed4,officehome,frozen,0.1,4,248|261|270|221,0,,0.0,0,,0.0,0
officehome_convnext_frozen__split05__seed4,officehome,frozen,0.15,4,248|261|270|221,0,,0.0,1,0.14191127577306512,0.17123618301512974,1
officehome_convnext_frozen__split05__seed4,officehome,frozen,0.2,4,248|261|270|221,1,0.19869839169358444,0.10820371272937505,1,0.16802542592070047,0.19472771371275407,0
officehome_convnext_frozen__split05__seed4,officehome,frozen,0.25,4,248|261|270|221,1,0.2313975543676196,0.11667315855446346,1,0.24306796187594767,0.2936457128087587,0
officehome_convnext_frozen__split05__seed4,officehome,frozen,0.3,4,248|261|270|221,1,0.2676672936022961,0.1586344895474337,1,0.27593238618029353,0.32863626451863515,0
officehome_convnext_frozen__split06__seed0,officehome,frozen,0.05,4,240|259|268|233,0,,0.0,0,,0.0,0
officehome_convnext_frozen__split06__seed0,officehome,frozen,0.1,4,240|259|268|233,0,,0.0,0,,0.0,0
officehome_convnext_frozen__split06__seed0,officehome,frozen,0.15,4,240|259|268|233,0,,0.0,0,,0.0,0
officehome_convnext_frozen__split06__seed0,officehome,frozen,0.2,4,240|259|268|233,0,,0.0,1,0.15391409632564618,0.13777058016709218,1
officehome_convnext_frozen__split06__seed0,officehome,frozen,0.25,4,240|259|268|233,0,,0.0,1,0.24026176673209926,0.2803812977430203,1
officehome_convnext_frozen__split06__seed0,officehome,frozen,0.3,4,240|259|268|233,1,0.28982083514493256,0.12212069243279292,1,0.256101089749769,0.3007777591042479,0
officehome_convnext_frozen__split06__seed1,officehome,frozen,0.05,4,251|248|235|266,0,,0.0,0,,0.0,0
officehome_convnext_frozen__split06__seed1,officehome,frozen,0.1,4,251|248|235|266,0,,0.0,0,,0.0,0
officehome_convnext_frozen__split06__seed1,officehome,frozen,0.15,4,251|248|235|266,0,,0.0,0,,0.0,0
officehome_convnext_frozen__split06__seed1,officehome,frozen,0.2,4,251|248|235|266,1,0.18153746624513423,0.07926654228065015,1,0.16706950815698024,0.17016755770944164,0
officehome_convnext_frozen__split06__seed1,officehome,frozen,0.25,4,251|248|235|266,1,0.23488025248248992,0.1053558184635867,1,0.23768833180421428,0.2716485325087398,0
officehome_convnext_frozen__split06__seed1,officehome,frozen,0.3,4,251|248|235|266,1,0.2872566800097887,0.17144387278283013,1,0.2965336680644646,0.3524462074061052,0
officehome_convnext_frozen__split06__seed2,officehome,frozen,0.05,4,265|229|251|255,0,,0.0,0,,0.0,0
officehome_convnext_frozen__split06__seed2,officehome,frozen,0.1,4,265|229|251|255,0,,0.0,0,,0.0,0
officehome_convnext_frozen__split06__seed2,officehome,frozen,0.15,4,265|229|251|255,0,,0.0,1,0.14439065722166108,0.11764989573649696,1
officehome_convnext_frozen__split06__seed2,officehome,frozen,0.2,4,265|229|251|255,1,0.1865278544857659,0.07623761387275077,1,0.14769442416274192,0.14185725423284967,0
officehome_convnext_frozen__split06__seed2,officehome,frozen,0.25,4,265|229|251|255,1,0.2052172183805041,0.038980783775286985,1,0.2326450626264498,0.2213145245667206,0
officehome_convnext_frozen__split06__seed2,officehome,frozen,0.3,4,265|229|251|255,1,0.267125922802594,0.1265588184085278,1,0.2876718050878535,0.3096377021399328,0
officehome_convnext_frozen__split06__seed3,officehome,frozen,0.05,4,242|237|271|250,0,,0.0,0,,0.0,0
officehome_convnext_frozen__split06__seed3,officehome,frozen,0.1,4,242|237|271|250,0,,0.0,0,,0.0,0
officehome_convnext_frozen__split06__seed3,officehome,frozen,0.15,4,242|237|271|250,1,0.14036479193300305,0.033341776569529365,1,0.12793147754599804,0.1058347154329641,0
officehome_convnext_frozen__split06__seed3,officehome,frozen,0.2,4,242|237|271|250,1,0.1886481802945521,0.10272437081401446,1,0.19251596240948357,0.23564355402627962,0
officehome_convnext_frozen__split06__seed3,officehome,frozen,0.25,4,242|237|271|250,1,0.24401110463852513,0.18961754868089853,1,0.23126489424548224,0.2780390593580306,0
officehome_convnext_frozen__split06__seed3,officehome,frozen,0.3,4,242|237|271|250,1,0.27566776193318654,0.2060654851560478,1,0.29954717282045984,0.36111300934491675,0
officehome_convnext_frozen__split06__seed4,officehome,frozen,0.05,4,243|261|245|251,0,,0.0,0,,0.0,0
officehome_convnext_frozen__split06__seed4,officehome,frozen,0.1,4,243|261|245|251,0,,0.0,0,,0.0,0
officehome_convnext_frozen__split06__seed4,officehome,frozen,0.15,4,243|261|245|251,0,,0.0,1,0.1401903749505427,0.10975619803992293,1
officehome_convnext_frozen__split06__seed4,officehome,frozen,0.2,4,243|261|245|251,1,0.18438044200016374,0.04223860774650356,1,0.17612683241414734,0.14947655550760366,0
officehome_convnext_frozen__split06__seed4,officehome,frozen,0.25,4,243|261|245|251,1,0.238872975432746,0.09398687616427995,1,0.22100183082121386,0.2504744586091663,0
officehome_convnext_frozen__split06__seed4,officehome,frozen,0.3,4,243|261|245|251,1,0.2886135351861119,0.174162701193043,1,0.2971522707555325,0.35343657767244097,0
officehome_convnext_frozen__split07__seed0,officehome,frozen,0.05,4,262|227|241|270,0,,0.0,0,,0.0,0
officehome_convnext_frozen__split07__seed0,officehome,frozen,0.1,4,262|227|241|270,0,,0.0,0,,0.0,0
officehome_convnext_frozen__split07__seed0,officehome,frozen,0.15,4,262|227|241|270,1,0.14190373156485686,0.0790881656002343,1,0.1241765667379448,0.13658424280567097,0
officehome_convnext_frozen__split07__seed0,officehome,frozen,0.2,4,262|227|241|270,1,0.16691039171582855,0.09894006931643647,1,0.1912984194079148,0.2502735275680999,0
officehome_convnext_frozen__split07__seed0,officehome,frozen,0.25,4,262|227|241|270,1,0.21433428056745454,0.12738705486803206,1,0.2370763343409652,0.2816480234732052,0
officehome_convnext_frozen__split07__seed0,officehome,frozen,0.3,4,262|227|241|270,1,0.22253735114444262,0.15439118130990873,1,0.2649669245290023,0.3142195598320154,0
officehome_convnext_frozen__split07__seed1,officehome,frozen,0.05,4,251|262|242|245,0,,0.0,0,,0.0,0
officehome_convnext_frozen__split07__seed1,officehome,frozen,0.1,4,251|262|242|245,0,,0.0,1,0.0982974717567088,0.08177093907152248,1
officehome_convnext_frozen__split07__seed1,officehome,frozen,0.15,4,251|262|242|245,0,,0.0,1,0.14148340702693102,0.11851378277507943,1
officehome_convnext_frozen__split07__seed1,officehome,frozen,0.2,4,251|262|242|245,1,0.19059064167231585,0.06752490112655928,1,0.195705698294663,0.23384860296057697,0
officehome_convnext_frozen__split07__seed1,officehome,frozen,0.25,4,251|262|242|245,1,0.2159522109860114,0.09530732270426362,1,0.2227348729686514,0.2673726837951931,0
officehome_convnext_frozen__split07__seed1,officehome,frozen,0.3,4,251|262|242|245,1,0.22636907106200962,0.1301645605739714,1,0.2985697863388896,0.35606897578840324,0
officehome_convnext_frozen__split07__seed2,officehome,frozen,0.05,4,232|271|239|258,0,,0.0,0,,0.0,0
officehome_convnext_frozen__split07__seed2,officehome,frozen,0.1,4,232|271|239|258,0,,0.0,1,0.09902121668748723,0.08645184089380065,1
officehome_convnext_frozen__split07__seed2,officehome,frozen,0.15,4,232|271|239|258,1,0.13475637956780104,0.054172873099142364,1,0.1106537335462365,0.10881253071043617,0
officehome_convnext_frozen__split07__seed2,officehome,frozen,0.2,4,232|271|239|258,1,0.15830912462331329,0.07551547916445953,1,0.19114231750676342,0.2257063372251486,0
officehome_convnext_frozen__split07__seed2,officehome,frozen,0.25,4,232|271|239|258,1,0.20465301704801622,0.0998497412729937,1,0.21811977150742978,0.256478493250357,0
officehome_convnext_frozen__split07__seed2,officehome,frozen,0.3,4,232|271|239|258,1,0.2969549570169697,0.2016426207599912,1,0.24103446451504804,0.2721845341825436,0
officehome_convnext_frozen__split07__seed3,officehome,frozen,0.05,4,283|249|230|238,0,,0.0,0,,0.0,0
officehome_convnext_frozen__split07__seed3,officehome,frozen,0.1,4,283|249|230|238,0,,0.0,1,0.08446186224387131,0.0871737753057752,1
officehome_convnext_frozen__split07__seed3,officehome,frozen,0.15,4,283|249|230|238,1,0.11859757337174384,0.06575890318404692,1,0.10359284415199335,0.11284529424240389,0
officehome_convnext_frozen__split07__seed3,officehome,frozen,0.2,4,283|249|230|238,1,0.16666984307010801,0.09168439131301655,1,0.13814780819619402,0.14197892292632913,0
officehome_convnext_frozen__split07__seed3,officehome,frozen,0.25,4,283|249|230|238,1,0.2113260656474927,0.10806228711368113,1,0.22505337220662405,0.24365854021130978,0
officehome_convnext_frozen__split07__seed3,officehome,frozen,0.3,4,283|249|230|238,1,0.2886135351861119,0.18170183054589914,1,0.2463260500759239,0.26950283056588553,0
officehome_convnext_frozen__split07__seed4,officehome,frozen,0.05,4,249|258|224|269,0,,0.0,0,,0.0,0
officehome_convnext_frozen__split07__seed4,officehome,frozen,0.1,4,249|258|224|269,0,,0.0,0,,0.0,0
officehome_convnext_frozen__split07__seed4,officehome,frozen,0.15,4,249|258|224|269,1,0.1414778839838923,0.05786021673122818,1,0.13876616225695967,0.1730503205474913,0
officehome_convnext_frozen__split07__seed4,officehome,frozen,0.2,4,249|258|224|269,1,0.18899565572337682,0.1422444662509612,1,0.16613461401570112,0.22440988952058089,0
officehome_convnext_frozen__split07__seed4,officehome,frozen,0.25,4,249|258|224|269,1,0.2195476480631371,0.17508434566273895,1,0.23463172700831836,0.28486574231217726,0
officehome_convnext_frozen__split07__seed4,officehome,frozen,0.3,4,249|258|224|269,1,0.2552512056234608,0.19213096324341966,1,0.29176068892400264,0.337626689227183,0
officehome_convnext_frozen__split08__seed0,officehome,frozen,0.05,4,243|251|266|240,0,,0.0,0,,0.0,0
officehome_convnext_frozen__split08__seed0,officehome,frozen,0.1,4,243|251|266|240,0,,0.0,0,,0.0,0
officehome_convnext_frozen__split08__seed0,officehome,frozen,0.15,4,243|251|266|240,0,,0.0,1,0.13627085657279797,0.08918915925393144,1
officehome_convnext_frozen__split08__seed0,officehome,frozen,0.2,4,243|251|266|240,0,,0.0,1,0.19639467174385805,0.18412277834768392,1
officehome_convnext_frozen__split08__seed0,officehome,frozen,0.25,4,243|251|266|240,1,0.22501746031218625,0.1468995163227856,1,0.21653740002887986,0.22261474574167794,0
officehome_convnext_frozen__split08__seed0,officehome,frozen,0.3,4,243|251|266|240,1,0.2581119330763271,0.16245015613920663,1,0.24115537062562703,0.2547235270079456,0
officehome_convnext_frozen__split08__seed1,officehome,frozen,0.05,4,254|246|237|263,0,,0.0,0,,0.0,0
officehome_convnext_frozen__split08__seed1,officehome,frozen,0.1,4,254|246|237|263,0,,0.0,0,,0.0,0
officehome_convnext_frozen__split08__seed1,officehome,frozen,0.15,4,254|246|237|263,0,,0.0,0,,0.0,0
officehome_convnext_frozen__split08__seed1,officehome,frozen,0.2,4,254|246|237|263,0,,0.0,1,0.17918360683259674,0.10596272277727332,1
officehome_convnext_frozen__split08__seed1,officehome,frozen,0.25,4,254|246|237|263,0,,0.0,1,0.20800431270544234,0.14379913560181018,1
officehome_convnext_frozen__split08__seed1,officehome,frozen,0.3,4,254|246|237|263,1,0.28703294345175845,0.1663532741017382,1,0.2806333773304068,0.263455557971019,0
officehome_convnext_frozen__split08__seed2,officehome,frozen,0.05,4,260|240|272|228,0,,0.0,0,,0.0,0
officehome_convnext_frozen__split08__seed2,officehome,frozen,0.1,4,260|240|272|228,0,,0.0,0,,0.0,0
officehome_convnext_frozen__split08__seed2,officehome,frozen,0.15,4,260|240|272|228,0,,0.0,0,,0.0,0
officehome_convnext_frozen__split08__seed2,officehome,frozen,0.2,4,260|240|272|228,0,,0.0,1,0.16120934701341783,0.10750005169702498,1
officehome_convnext_frozen__split08__seed2,officehome,frozen,0.25,4,260|240|272|228,1,0.20386884600258062,0.09811900068108086,1,0.22889732426464648,0.21093651223596754,0
officehome_convnext_frozen__split08__seed2,officehome,frozen,0.3,4,260|240|272|228,1,0.24226242397115016,0.1123235227214349,1,0.25414371077552417,0.24155229459658217,0
officehome_convnext_frozen__split08__seed3,officehome,frozen,0.05,4,254|257|237|252,0,,0.0,0,,0.0,0
officehome_convnext_frozen__split08__seed3,officehome,frozen,0.1,4,254|257|237|252,0,,0.0,0,,0.0,0
officehome_convnext_frozen__split08__seed3,officehome,frozen,0.15,4,254|257|237|252,0,,0.0,0,,0.0,0
officehome_convnext_frozen__split08__seed3,officehome,frozen,0.2,4,254|257|237|252,0,,0.0,1,0.19916955279116752,0.11595941666876118,1
officehome_convnext_frozen__split08__seed3,officehome,frozen,0.25,4,254|257|237|252,1,0.21329502823004037,0.08219925306102349,1,0.24004316027240913,0.21918983857674382,0
officehome_convnext_frozen__split08__seed3,officehome,frozen,0.3,4,254|257|237|252,1,0.24866285225614493,0.16830704823339868,1,0.2896705782526177,0.2560534634377879,0
officehome_convnext_frozen__split08__seed4,officehome,frozen,0.05,4,245|238|263|254,0,,0.0,0,,0.0,0
officehome_convnext_frozen__split08__seed4,officehome,frozen,0.1,4,245|238|263|254,0,,0.0,0,,0.0,0
officehome_convnext_frozen__split08__seed4,officehome,frozen,0.15,4,245|238|263|254,0,,0.0,1,0.14517308637067478,0.062062822076756244,1
officehome_convnext_frozen__split08__seed4,officehome,frozen,0.2,4,245|238|263|254,1,0.17996968393833715,0.025898605330860698,1,0.18064621445543677,0.18690369355728575,0
officehome_convnext_frozen__split08__seed4,officehome,frozen,0.25,4,245|238|263|254,1,0.24709622245778515,0.13145610142769634,1,0.22607547430968508,0.2152872211308082,0
officehome_convnext_frozen__split08__seed4,officehome,frozen,0.3,4,245|238|263|254,1,0.2692057590441243,0.15757975223571652,1,0.2712760656559028,0.27511932428900243,0
officehome_convnext_frozen__split09__seed0,officehome,frozen,0.05,4,253|230|269|248,0,,0.0,0,,0.0,0
officehome_convnext_frozen__split09__seed0,officehome,frozen,0.1,4,253|230|269|248,0,,0.0,1,0.09269190197913589,0.09783072859159972,1
officehome_convnext_frozen__split09__seed0,officehome,frozen,0.15,4,253|230|269|248,0,,0.0,1,0.13912211094656662,0.21659864437683163,1
officehome_convnext_frozen__split09__seed0,officehome,frozen,0.2,4,253|230|269|248,1,0.19577877390945944,0.10462456687332719,1,0.19733273617072883,0.27908286108268826,0
officehome_convnext_frozen__split09__seed0,officehome,frozen,0.25,4,253|230|269|248,1,0.24127009704552604,0.1835984364392361,1,0.24570001211306594,0.31844421726815314,0
officehome_convnext_frozen__split09__seed0,officehome,frozen,0.3,4,253|230|269|248,1,0.27185380025201966,0.2079605794915899,1,0.2754433718966507,0.3508763165398673,0
officehome_convnext_frozen__split09__seed1,officehome,frozen,0.05,4,239|276|258|227,0,,0.0,0,,0.0,0
officehome_convnext_frozen__split09__seed1,officehome,frozen,0.1,4,239|276|258|227,0,,0.0,0,,0.0,0
officehome_convnext_frozen__split09__seed1,officehome,frozen,0.15,4,239|276|258|227,0,,0.0,1,0.13192668467463264,0.14171483658565734,1
officehome_convnext_frozen__split09__seed1,officehome,frozen,0.2,4,239|276|258|227,1,0.199699732677872,0.1428390701353738,1,0.1682389072821831,0.23092833407910487,0
officehome_convnext_frozen__split09__seed1,officehome,frozen,0.25,4,239|276|258|227,1,0.229626123738599,0.16036059208538614,1,0.20827108799055655,0.2582222340609975,0
officehome_convnext_frozen__split09__seed1,officehome,frozen,0.3,4,239|276|258|227,1,0.2713946726839934,0.17614119267141137,1,0.29138894785403213,0.3287549714599507,0
officehome_convnext_frozen__split09__seed2,officehome,frozen,0.05,4,255|262|237|246,0,,0.0,0,,0.0,0
officehome_convnext_frozen__split09__seed2,officehome,frozen,0.1,4,255|262|237|246,0,,0.0,0,,0.0,0
officehome_convnext_frozen__split09__seed2,officehome,frozen,0.15,4,255|262|237|246,0,,0.0,1,0.13721519286849632,0.20128457180950587,1
officehome_convnext_frozen__split09__seed2,officehome,frozen,0.2,4,255|262|237|246,1,0.1938036537530694,0.15389040374827598,1,0.18994182619857797,0.2379401394104039,0
officehome_convnext_frozen__split09__seed2,officehome,frozen,0.25,4,255|262|237|246,1,0.23600278787691764,0.1789354101327595,1,0.24985272263245628,0.307899531588521,0
officehome_convnext_frozen__split09__seed2,officehome,frozen,0.3,4,255|262|237|246,1,0.2644161542910401,0.20232216325796595,1,0.280581571077425,0.346713675197247,0
officehome_convnext_frozen__split09__seed3,officehome,frozen,0.05,4,244|249|281|226,0,,0.0,0,,0.0,0
officehome_convnext_frozen__split09__seed3,officehome,frozen,0.1,4,244|249|281|226,0,,0.0,0,,0.0,0
officehome_convnext_frozen__split09__seed3,officehome,frozen,0.15,4,244|249|281|226,0,,0.0,1,0.14871215369577065,0.20862415539850618,1
officehome_convnext_frozen__split09__seed3,officehome,frozen,0.2,4,244|249|281|226,0,,0.0,1,0.17008715931235005,0.23941675936437704,1
officehome_convnext_frozen__split09__seed3,officehome,frozen,0.25,4,244|249|281|226,1,0.22928382388085497,0.11636710296673683,1,0.216338782182226,0.27413688120154084,0
officehome_convnext_frozen__split09__seed3,officehome,frozen,0.3,4,244|249|281|226,1,0.2701919077673267,0.13641740751704068,1,0.29255725278493305,0.34496201093646994,0
officehome_convnext_frozen__split09__seed4,officehome,frozen,0.05,4,252|246|252|250,0,,0.0,0,,0.0,0
officehome_convnext_frozen__split09__seed4,officehome,frozen,0.1,4,252|246|252|250,0,,0.0,0,,0.0,0
officehome_convnext_frozen__split09__seed4,officehome,frozen,0.15,4,252|246|252|250,0,,0.0,1,0.14534105607628478,0.15014594176535873,1
officehome_convnext_frozen__split09__seed4,officehome,frozen,0.2,4,252|246|252|250,0,,0.0,1,0.19439272446137426,0.23891483125250262,1
officehome_convnext_frozen__split09__seed4,officehome,frozen,0.25,4,252|246|252|250,0,,0.0,1,0.21190019319601194,0.2728211896763754,1
officehome_convnext_frozen__split09__seed4,officehome,frozen,0.3,4,252|246|252|250,1,0.2604424422208048,0.13825021910065594,1,0.2910217976165183,0.3434268079834337,0
officehome_convnext_full__split00__seed0,officehome,full,0.05,4,234|274|247|245,0,,0.0,0,,0.0,0
officehome_convnext_full__split00__seed0,officehome,full,0.1,4,234|274|247|245,0,,0.0,0,,0.0,0
officehome_convnext_full__split00__seed0,officehome,full,0.15,4,234|274|247|245,1,0.1488529658072031,0.087949309676854,1,0.12752556113562333,0.14551416458017663,0
officehome_convnext_full__split00__seed0,officehome,full,0.2,4,234|274|247|245,1,0.18746539533973833,0.1430744369425822,1,0.19508994011082953,0.26779253487826427,0
officehome_convnext_full__split00__seed0,officehome,full,0.25,4,234|274|247|245,1,0.24690652075454908,0.22748129128934333,1,0.24791914364163925,0.3373716175250522,0
officehome_convnext_full__split00__seed0,officehome,full,0.3,4,234|274|247|245,1,0.29512816592338703,0.3222227964904856,1,0.2923835587687331,0.39018432088818256,0
officehome_convnext_full__split00__seed1,officehome,full,0.05,4,240|255|244|261,0,,0.0,0,,0.0,0
officehome_convnext_full__split00__seed1,officehome,full,0.1,4,240|255|244|261,0,,0.0,0,,0.0,0
officehome_convnext_full__split00__seed1,officehome,full,0.15,4,240|255|244|261,1,0.13984486522683776,0.1029367056970265,1,0.1469760638441341,0.22875257941314994,0
officehome_convnext_full__split00__seed1,officehome,full,0.2,4,240|255|244|261,1,0.18544490422165272,0.20417137204846872,1,0.19471373610381815,0.2956254729946794,0
officehome_convnext_full__split00__seed1,officehome,full,0.25,4,240|255|244|261,1,0.24925688579705224,0.2861042784822384,1,0.24925776303444996,0.35430049684193643,0
officehome_convnext_full__split00__seed1,officehome,full,0.3,4,240|255|244|261,1,0.2439777010363795,0.2674258213350547,1,0.28422425676621654,0.39744069393177345,0
officehome_convnext_full__split00__seed2,officehome,full,0.05,4,254|233|251|262,0,,0.0,0,,0.0,0
officehome_convnext_full__split00__seed2,officehome,full,0.1,4,254|233|251|262,0,,0.0,0,,0.0,0
officehome_convnext_full__split00__seed2,officehome,full,0.15,4,254|233|251|262,1,0.12706561315540618,0.11776792156769948,1,0.14744752210827283,0.22461664293696315,0
officehome_convnext_full__split00__seed2,officehome,full,0.2,4,254|233|251|262,1,0.1678917557402427,0.21867284647584498,1,0.1597663628421137,0.2595253282063085,0
officehome_convnext_full__split00__seed2,officehome,full,0.25,4,254|233|251|262,1,0.19660606929506622,0.24492413239932703,1,0.23877970917180213,0.3381120839383527,0
officehome_convnext_full__split00__seed2,officehome,full,0.3,4,254|233|251|262,1,0.2400514418812291,0.27724673479994755,1,0.2242582673730661,0.3151264152977504,0
officehome_convnext_full__split00__seed3,officehome,full,0.05,4,268|227|254|251,0,,0.0,0,,0.0,0
officehome_convnext_full__split00__seed3,officehome,full,0.1,4,268|227|254|251,0,,0.0,0,,0.0,0
officehome_convnext_full__split00__seed3,officehome,full,0.15,4,268|227|254|251,0,,0.0,1,0.1417905813106954,0.15819119931033518,1
officehome_convnext_full__split00__seed3,officehome,full,0.2,4,268|227|254|251,1,0.18756053203950726,0.1430744369425822,1,0.1705284229597515,0.2688638351269606,0
officehome_convnext_full__split00__seed3,officehome,full,0.25,4,268|227|254|251,1,0.1960939806283572,0.23297339387188348,1,0.2480550992455593,0.35184331694234733,0
officehome_convnext_full__split00__seed3,officehome,full,0.3,4,268|227|254|251,1,0.24118152535150428,0.2568964761138916,1,0.2908158072705729,0.40144993911238214,0
officehome_convnext_full__split00__seed4,officehome,full,0.05,4,242|264|245|249,0,,0.0,0,,0.0,0
officehome_convnext_full__split00__seed4,officehome,full,0.1,4,242|264|245|249,0,,0.0,0,,0.0,0
officehome_convnext_full__split00__seed4,officehome,full,0.15,4,242|264|245|249,1,0.13697571428227298,0.13605806468677734,1,0.14350323854016886,0.21016823942905863,0
officehome_convnext_full__split00__seed4,officehome,full,0.2,4,242|264|245|249,1,0.19569155776388095,0.20381404435430067,1,0.18190244792477234,0.2694274412543848,0
officehome_convnext_full__split00__seed4,officehome,full,0.25,4,242|264|245|249,1,0.23078822903730692,0.2311414670219573,1,0.23752915709996703,0.3411434446708991,0
officehome_convnext_full__split00__seed4,officehome,full,0.3,4,242|264|245|249,1,0.22605249063304217,0.2568964761138916,1,0.28995471426670116,0.4037933891594016,0
officehome_convnext_full__split01__seed0,officehome,full,0.05,4,233|257|259|251,0,,0.0,0,,0.0,0
officehome_convnext_full__split01__seed0,officehome,full,0.1,4,233|257|259|251,0,,0.0,0,,0.0,0
officehome_convnext_full__split01__seed0,officehome,full,0.15,4,233|257|259|251,0,,0.0,0,,0.0,0
officehome_convnext_full__split01__seed0,officehome,full,0.2,4,233|257|259|251,1,0.1906072480526533,0.08424854590934609,1,0.16931723642841234,0.17917271607377624,0
officehome_convnext_full__split01__seed0,officehome,full,0.25,4,233|257|259|251,1,0.23941875478789293,0.14711953163364216,1,0.24424219644410722,0.28716166263648124,0
officehome_convnext_full__split01__seed0,officehome,full,0.3,4,233|257|259|251,1,0.2835822667071177,0.1909874672201827,1,0.2924296180009156,0.3466358270949234,0
officehome_convnext_full__split01__seed1,officehome,full,0.05,4,250|247|258|245,0,,0.0,0,,0.0,0
officehome_convnext_full__split01__seed1,officehome,full,0.1,4,250|247|258|245,0,,0.0,0,,0.0,0
officehome_convnext_full__split01__seed1,officehome,full,0.15,4,250|247|258|245,0,,0.0,0,,0.0,0
officehome_convnext_full__split01__seed1,officehome,full,0.2,4,250|247|258|245,1,0.19994177745159214,0.08731253060325736,1,0.1998706798562341,0.26186276115029655,0
officehome_convnext_full__split01__seed1,officehome,full,0.25,4,250|247|258|245,1,0.24489591774808073,0.21573196575005385,1,0.23077418637117464,0.3014325400987099,0
officehome_convnext_full__split01__seed1,officehome,full,0.3,4,250|247|258|245,1,0.29071164540574146,0.26084110909700536,1,0.27687285134911216,0.35358386365044203,0
officehome_convnext_full__split01__seed2,officehome,full,0.05,4,240|251|263|246,0,,0.0,0,,0.0,0
officehome_convnext_full__split01__seed2,officehome,full,0.1,4,240|251|263|246,0,,0.0,0,,0.0,0
officehome_convnext_full__split01__seed2,officehome,full,0.15,4,240|251|263|246,0,,0.0,0,,0.0,0
officehome_convnext_full__split01__seed2,officehome,full,0.2,4,240|251|263|246,1,0.1763009347816085,0.10589643735940987,1,0.1919032977951277,0.22184442458411335,0
officehome_convnext_full__split01__seed2,officehome,full,0.25,4,240|251|263|246,1,0.2490086942288131,0.24405407702855336,1,0.24315908444456272,0.318642923634959,0
officehome_convnext_full__split01__seed2,officehome,full,0.3,4,240|251|263|246,1,0.285449014049467,0.3048911637424792,1,0.2798335756286643,0.36790144333356206,0
officehome_convnext_full__split01__seed3,officehome,full,0.05,4,271|232|241|256,0,,0.0,0,,0.0,0
officehome_convnext_full__split01__seed3,officehome,full,0.1,4,271|232|241|256,0,,0.0,0,,0.0,0
officehome_convnext_full__split01__seed3,officehome,full,0.15,4,271|232|241|256,1,0.14803223117493192,0.07210207583706671,1,0.14621219626445642,0.1347550820485191,0
officehome_convnext_full__split01__seed3,officehome,full,0.2,4,271|232|241|256,1,0.1718836670397617,0.10122033878276188,1,0.19264752011171976,0.2327465401760535,0
officehome_convnext_full__split01__seed3,officehome,full,0.25,4,271|232|241|256,1,0.231688449865837,0.16325669813071986,1,0.21827501203871807,0.2699856369469875,0
officehome_convnext_full__split01__seed3,officehome,full,0.3,4,271|232|241|256,1,0.262046817220802,0.2025046346535427,1,0.28992480028259515,0.35564365234227,0
officehome_convnext_full__split01__seed4,officehome,full,0.05,4,246|247|235|272,0,,0.0,0,,0.0,0
officehome_convnext_full__split01__seed4,officehome,full,0.1,4,246|247|235|272,0,,0.0,0,,0.0,0
officehome_convnext_full__split01__seed4,officehome,full,0.15,4,246|247|235|272,1,0.14543432010282353,0.06909524992712485,1,0.13652846814988753,0.13070096412017335,0
officehome_convnext_full__split01__seed4,officehome,full,0.2,4,246|247|235|272,1,0.18812718762046543,0.15033573793590035,1,0.18286047272723616,0.20115927354109253,0
officehome_convnext_full__split01__seed4,officehome,full,0.25,4,246|247|235|272,1,0.24376758332607298,0.24405407702855336,1,0.2368781487749695,0.3089821202206248,0
officehome_convnext_full__split01__seed4,officehome,full,0.3,4,246|247|235|272,1,0.2866334829170742,0.2946761456432107,1,0.27490923712797494,0.35760654440412626,0
officehome_convnext_full__split02__seed0,officehome,full,0.05,4,263|249|238|250,0,,0.0,0,,0.0,0
officehome_convnext_full__split02__seed0,officehome,full,0.1,4,263|249|238|250,0,,0.0,0,,0.0,0
officehome_convnext_full__split02__seed0,officehome,full,0.15,4,263|249|238|250,0,,0.0,1,0.1392569586148707,0.18252903085443734,1
officehome_convnext_full__split02__seed0,officehome,full,0.2,4,263|249|238|250,1,0.18233235934534212,0.157815489749388,1,0.18897681024571505,0.26581653773350566,0
officehome_convnext_full__split02__seed0,officehome,full,0.25,4,263|249|238|250,1,0.24874418300942627,0.2952632288758104,1,0.24119992647201352,0.35409769129868013,0
officehome_convnext_full__split02__seed0,officehome,full,0.3,4,263|249|238|250,1,0.29670076803426837,0.31670096728211716,1,0.2705711729050276,0.38440318939819795,0
officehome_convnext_full__split02__seed1,officehome,full,0.05,4,244|251|257|248,0,,0.0,0,,0.0,0
officehome_convnext_full__split02__seed1,officehome,full,0.1,4,244|251|257|248,0,,0.0,1,0.09518639215212038,0.14673950197266553,1
officehome_convnext_full__split02__seed1,officehome,full,0.15,4,244|251|257|248,1,0.13644819029418565,0.10786523419912017,1,0.1358645090784143,0.19060350447374252,0
officehome_convnext_full__split02__seed1,officehome,full,0.2,4,244|251|257|248,1,0.18769359766969065,0.19708012817637616,1,0.17731413977118876,0.2559092900268431,0
officehome_convnext_full__split02__seed1,officehome,full,0.25,4,244|251|257|248,1,0.21416012067215282,0.21783581703319682,1,0.24929890283468734,0.33954385401210113,0
officehome_convnext_full__split02__seed1,officehome,full,0.3,4,244|251|257|248,1,0.29822549064205595,0.3077530004874723,1,0.2846912279684215,0.3765432627138636,0
officehome_convnext_full__split02__seed2,officehome,full,0.05,4,243|213|269|275,0,,0.0,0,,0.0,0
officehome_convnext_full__split02__seed2,officehome,full,0.1,4,243|213|269|275,1,0.09717444729262663,0.09647296384026412,1,0.08564196167252733,0.16029336342745842,0
officehome_convnext_full__split02__seed2,officehome,full,0.15,4,243|213|269|275,1,0.1326884247129897,0.1343015842259831,1,0.14604488272561789,0.22537788598646338,0
officehome_convnext_full__split02__seed2,officehome,full,0.2,4,243|213|269|275,1,0.18369964767059635,0.20225289080324438,1,0.18790999978275247,0.2735736148377878,0
officehome_convnext_full__split02__seed2,officehome,full,0.25,4,243|213|269|275,1,0.2127516265139735,0.23176502107404534,1,0.24711994406887688,0.3376798243538232,0
officehome_convnext_full__split02__seed2,officehome,full,0.3,4,243|213|269|275,1,0.29461015042795397,0.31670096728211716,1,0.2719364548112527,0.3805648437230092,0
officehome_convnext_full__split02__seed3,officehome,full,0.05,4,257|244|263|236,0,,0.0,0,,0.0,0
officehome_convnext_full__split02__seed3,officehome,full,0.1,4,257|244|263|236,1,0.08595072882356544,0.1144254309036597,1,0.09735815978180716,0.18982644272780125,0
officehome_convnext_full__split02__seed3,officehome,full,0.15,4,257|244|263|236,1,0.14753537676342607,0.2022425662616376,1,0.13586073649405825,0.24362284870322967,0
officehome_convnext_full__split02__seed3,officehome,full,0.2,4,257|244|263|236,1,0.18510549637873455,0.22837397017167985,1,0.17144435328411484,0.27918807945201435,0
officehome_convnext_full__split02__seed3,officehome,full,0.25,4,257|244|263|236,1,0.2322390058966687,0.2739566641021932,1,0.24973161798454988,0.36109638754152185,0
officehome_convnext_full__split02__seed3,officehome,full,0.3,4,257|244|263|236,1,0.2884897584717532,0.3274673329992678,1,0.2795804493652434,0.3942453832336596,0
officehome_convnext_full__split02__seed4,officehome,full,0.05,4,257|258|240|245,0,,0.0,0,,0.0,0
officehome_convnext_full__split02__seed4,officehome,full,0.1,4,257|258|240|245,1,0.0938448537443432,0.10786523419912017,1,0.09922341902368678,0.19479462238228856,0
officehome_convnext_full__split02__seed4,officehome,full,0.15,4,257|258|240|245,1,0.14056696639215466,0.18163002014634838,1,0.14367806044588538,0.23604743274969273,0
officehome_convnext_full__split02__seed4,officehome,full,0.2,4,257|258|240|245,1,0.1761998278228957,0.21263096621315716,1,0.19479694990222612,0.2830309490643327,0
officehome_convnext_full__split02__seed4,officehome,full,0.25,4,257|258|240|245,1,0.24280255010305196,0.26865125851029154,1,0.23306913361959491,0.3345055091310507,0
officehome_convnext_full__split02__seed4,officehome,full,0.3,4,257|258|240|245,1,0.2828914475712977,0.3202862891743241,1,0.26319901465435264,0.3629316473357682,0
officehome_convnext_full__split03__seed0,officehome,full,0.05,4,251|232|253|264,0,,0.0,0,,0.0,0
officehome_convnext_full__split03__seed0,officehome,full,0.1,4,251|232|253|264,0,,0.0,0,,0.0,0
officehome_convnext_full__split03__seed0,officehome,full,0.15,4,251|232|253|264,0,,0.0,1,0.13678617898732345,0.20911495901396443,1
officehome_convnext_full__split03__seed0,officehome,full,0.2,4,251|232|253|264,1,0.1865278544857659,0.1425659097793796,1,0.16289104659185355,0.231189992714594,0
officehome_convnext_full__split03__seed0,officehome,full,0.25,4,251|232|253|264,1,0.24823956757877613,0.20618285718093318,1,0.23220396896977863,0.32010838915608963,0
officehome_convnext_full__split03__seed0,officehome,full,0.3,4,251|232|253|264,1,0.2948292234241094,0.24953959471768453,1,0.2655255282865562,0.36152964033395024,0
officehome_convnext_full__split03__seed1,officehome,full,0.05,4,253|262|231|254,0,,0.0,0,,0.0,0
officehome_convnext_full__split03__seed1,officehome,full,0.1,4,253|262|231|254,0,,0.0,0,,0.0,0
officehome_convnext_full__split03__seed1,officehome,full,0.15,4,253|262|231|254,0,,0.0,0,,0.0,0
officehome_convnext_full__split03__seed1,officehome,full,0.2,4,253|262|231|254,1,0.19394624750485187,0.1313680270709738,1,0.19515754847156322,0.2250886626957217,0
officehome_convnext_full__split03__seed1,officehome,full,0.25,4,253|262|231|254,1,0.22660171939088014,0.17495182492366912,1,0.21695769267994983,0.25247147921789487,0
officehome_convnext_full__split03__seed1,officehome,full,0.3,4,253|262|231|254,1,0.256399985964495,0.19133754144508053,1,0.29555319485980047,0.33556868243695315,0
officehome_convnext_full__split03__seed2,officehome,full,0.05,4,240|251|249|260,0,,0.0,0,,0.0,0
officehome_convnext_full__split03__seed2,officehome,full,0.1,4,240|251|249|260,0,,0.0,0,,0.0,0
officehome_convnext_full__split03__seed2,officehome,full,0.15,4,240|251|249|260,0,,0.0,1,0.1446596480771219,0.11274344201827452,1
officehome_convnext_full__split03__seed2,officehome,full,0.2,4,240|251|249|260,1,0.18996962469318568,0.09209422325722294,1,0.1838160090515351,0.22306918005323775,0
officehome_convnext_full__split03__seed2,officehome,full,0.25,4,240|251|249|260,1,0.21705095161947738,0.16031074311143068,1,0.24190524804747732,0.3108126502478018,0
officehome_convnext_full__split03__seed2,officehome,full,0.3,4,240|251|249|260,1,0.23583073956983924,0.18476900116210637,1,0.284243615325357,0.36636936717719937,0
officehome_convnext_full__split03__seed3,officehome,full,0.05,4,259|275|235|231,0,,0.0,0,,0.0,0
officehome_convnext_full__split03__seed3,officehome,full,0.1,4,259|275|235|231,0,,0.0,0,,0.0,0
officehome_convnext_full__split03__seed3,officehome,full,0.15,4,259|275|235|231,0,,0.0,0,,0.0,0
officehome_convnext_full__split03__seed3,officehome,full,0.2,4,259|275|235|231,1,0.19426111824628695,0.11866983991716755,1,0.1951153603287169,0.22545812231361406,0
officehome_convnext_full__split03__seed3,officehome,full,0.25,4,259|275|235|231,1,0.24432952300581492,0.14577922094098542,1,0.22366837776273074,0.2554831700240735,0
officehome_convnext_full__split03__seed3,officehome,full,0.3,4,259|275|235|231,1,0.29272703214721446,0.2277779519961273,1,0.2865308369859305,0.3550380769364342,0
officehome_convnext_full__split03__seed4,officehome,full,0.05,4,220|263|241|276,0,,0.0,0,,0.0,0
officehome_convnext_full__split03__seed4,officehome,full,0.1,4,220|263|241|276,0,,0.0,0,,0.0,0
officehome_convnext_full__split03__seed4,officehome,full,0.15,4,220|263|241|276,0,,0.0,1,0.14512258781688614,0.16796608333990354,1
officehome_convnext_full__split03__seed4,officehome,full,0.2,4,220|263|241|276,1,0.192692762449492,0.113937551615588,1,0.16984680464011553,0.21249698838809955,0
officehome_convnext_full__split03__seed4,officehome,full,0.25,4,220|263|241|276,1,0.17949274753508668,0.08593487697664277,1,0.24527562349805987,0.3030090965645798,0
officehome_convnext_full__split03__seed4,officehome,full,0.3,4,220|263|241|276,1,0.262046817220802,0.2028762043148757,1,0.28412411419473904,0.3449214500865612,0
officehome_convnext_full__split04__seed0,officehome,full,0.05,4,241|257|256|246,0,,0.0,0,,0.0,0
officehome_convnext_full__split04__seed0,officehome,full,0.1,4,241|257|256|246,0,,0.0,0,,0.0,0
officehome_convnext_full__split04__seed0,officehome,full,0.15,4,241|257|256|246,1,0.13599692797442292,0.09012332281559499,1,0.14307172945834212,0.19868354188068954,0
officehome_convnext_full__split04__seed0,officehome,full,0.2,4,241|257|256|246,1,0.1920778208943659,0.16978655553460917,1,0.16824016435862338,0.2264977756449184,0
officehome_convnext_full__split04__seed0,officehome,full,0.25,4,241|257|256|246,1,0.24688208117090762,0.24043429702093028,1,0.2313219289458882,0.3060178950281605,0
officehome_convnext_full__split04__seed0,officehome,full,0.3,4,241|257|256|246,1,0.25876197102416654,0.2649468613874858,1,0.2755872178403792,0.34898171076002055,0
officehome_convnext_full__split04__seed1,officehome,full,0.05,4,230|250|268|252,0,,0.0,0,,0.0,0
officehome_convnext_full__split04__seed1,officehome,full,0.1,4,230|250|268|252,1,0.09651277941601108,0.07070035092839327,1,0.08084457880568952,0.10187108493263021,0
officehome_convnext_full__split04__seed1,officehome,full,0.15,4,230|250|268|252,1,0.1037407997283496,0.09262697527128275,1,0.14998459003231646,0.15997076357559836,0
officehome_convnext_full__split04__seed1,officehome,full,0.2,4,230|250|268|252,1,0.17820027084178025,0.11162804582551253,1,0.17998417674613704,0.20494303686996654,0
officehome_convnext_full__split04__seed1,officehome,full,0.25,4,230|250|268|252,1,0.22859678073218576,0.1892531931115,1,0.24282443663725362,0.3136833733274328,0
officehome_convnext_full__split04__seed1,officehome,full,0.3,4,230|250|268|252,1,0.28555056103367915,0.2772825358704875,1,0.28697547439086474,0.36884849949853876,0
officehome_convnext_full__split04__seed2,officehome,full,0.05,4,241|258|256|245,0,,0.0,0,,0.0,0
officehome_convnext_full__split04__seed2,officehome,full,0.1,4,241|258|256|245,0,,0.0,0,,0.0,0
officehome_convnext_full__split04__seed2,officehome,full,0.15,4,241|258|256|245,0,,0.0,1,0.14550698754738378,0.17124545572462907,1
officehome_convnext_full__split04__seed2,officehome,full,0.2,4,241|258|256|245,1,0.19832226506741069,0.1775571091172825,1,0.18812212976269496,0.26111710444279623,0
officehome_convnext_full__split04__seed2,officehome,full,0.25,4,241|258|256|245,1,0.2487329518178248,0.2305336696171336,1,0.22738062291530708,0.31360865349971195,0
officehome_convnext_full__split04__seed2,officehome,full,0.3,4,241|258|256|245,1,0.23594300974232388,0.2226321926929071,1,0.27266145127132513,0.3623148067273092,0
officehome_convnext_full__split04__seed3,officehome,full,0.05,4,245|233|261|261,0,,0.0,0,,0.0,0
officehome_convnext_full__split04__seed3,officehome,full,0.1,4,245|233|261|261,0,,0.0,0,,0.0,0
officehome_convnext_full__split04__seed3,officehome,full,0.15,4,245|233|261|261,0,,0.0,0,,0.0,0
officehome_convnext_full__split04__seed3,officehome,full,0.2,4,245|233|261|261,0,,0.0,1,0.15786882634024177,0.10938404215529293,1
officehome_convnext_full__split04__seed3,officehome,full,0.25,4,245|233|261|261,1,0.1993493707898387,0.06751117650226253,1,0.24942605436847534,0.24628304381468022,0
officehome_convnext_full__split04__seed3,officehome,full,0.3,4,245|233|261|261,1,0.2707782442560945,0.09504725183310582,1,0.2786156770944632,0.28204245887846924,0
officehome_convnext_full__split04__seed4,officehome,full,0.05,4,267|267|233|233,0,,0.0,0,,0.0,0
officehome_convnext_full__split04__seed4,officehome,full,0.1,4,267|267|233|233,0,,0.0,0,,0.0,0
officehome_convnext_full__split04__seed4,officehome,full,0.15,4,267|267|233|233,0,,0.0,1,0.14485893668956815,0.16470539335655432,1
officehome_convnext_full__split04__seed4,officehome,full,0.2,4,267|267|233|233,0,,0.0,1,0.167078245552026,0.19315491874118282,1
officehome_convnext_full__split04__seed4,officehome,full,0.25,4,267|267|233|233,0,,0.0,1,0.2033290328657707,0.24881646190761916,1
officehome_convnext_full__split04__seed4,officehome,full,0.3,4,267|267|233|233,1,0.2745896397102846,0.1335183774652336,1,0.2909060444403596,0.32967479355174234,0
officehome_convnext_full__split05__seed0,officehome,full,0.05,4,239|240|250|271,0,,0.0,0,,0.0,0
officehome_convnext_full__split05__seed0,officehome,full,0.1,4,239|240|250|271,0,,0.0,0,,0.0,0
officehome_convnext_full__split05__seed0,officehome,full,0.15,4,239|240|250|271,1,0.13175318039677195,0.11713475210815279,1,0.11656267101551199,0.1724305020389961,0
officehome_convnext_full__split05__seed0,officehome,full,0.2,4,239|240|250|271,1,0.17607003301167262,0.1416323291327469,1,0.14574498202853375,0.2169334264733985,0
officehome_convnext_full__split05__seed0,officehome,full,0.25,4,239|240|250|271,1,0.21746684303926853,0.1916774079838016,1,0.22862695019449306,0.3213615267073931,0
officehome_convnext_full__split05__seed0,officehome,full,0.3,4,239|240|250|271,1,0.2937350883025565,0.25145051619115566,1,0.2883322933097482,0.3951927731873092,0
officehome_convnext_full__split05__seed1,officehome,full,0.05,4,250|237|258|255,0,,0.0,0,,0.0,0
officehome_convnext_full__split05__seed1,officehome,full,0.1,4,250|237|258|255,1,0.09651277941601108,0.06806932202312946,1,0.08329186121209449,0.136937892558169,0
officehome_convnext_full__split05__seed1,officehome,full,0.15,4,250|237|258|255,1,0.10345008727410468,0.12200146787725585,1,0.13759151101777511,0.22988769355632346,0
officehome_convnext_full__split05__seed1,officehome,full,0.2,4,250|237|258|255,1,0.1923126037778565,0.21014199156621519,1,0.19498044299116388,0.2687965946529766,0
officehome_convnext_full__split05__seed1,officehome,full,0.25,4,250|237|258|255,1,0.21569964077758824,0.24659075013750975,1,0.24112526620618965,0.3541475211447771,0
officehome_convnext_full__split05__seed1,officehome,full,0.3,4,250|237|258|255,1,0.2792413584591115,0.32474887343962305,1,0.25880875551139737,0.3868528401441068,0
officehome_convnext_full__split05__seed2,officehome,full,0.05,4,270|232|251|247,0,,0.0,0,,0.0,0
officehome_convnext_full__split05__seed2,officehome,full,0.1,4,270|232|251|247,1,0.09937652153658576,0.07115300847059859,1,0.09139395721925325,0.11408919015783565,0
officehome_convnext_full__split05__seed2,officehome,full,0.15,4,270|232|251|247,1,0.14630622357907402,0.09944863942477739,1,0.11235122829184122,0.14957725961308832,0
officehome_convnext_full__split05__seed2,officehome,full,0.2,4,270|232|251|247,1,0.19414451591298648,0.2103188289596427,1,0.17874929063416908,0.2512289005960187,0
officehome_convnext_full__split05__seed2,officehome,full,0.25,4,270|232|251|247,1,0.21216623608735927,0.23595631146964394,1,0.24734814012038567,0.3362732307324621,0
officehome_convnext_full__split05__seed2,officehome,full,0.3,4,270|232|251|247,1,0.28244863503158185,0.30014390272127567,1,0.26484012806498386,0.37320280028828917,0
officehome_convnext_full__split05__seed3,officehome,full,0.05,4,241|246|269|244,0,,0.0,0,,0.0,0
officehome_convnext_full__split05__seed3,officehome,full,0.1,4,241|246|269|244,0,,0.0,0,,0.0,0
officehome_convnext_full__split05__seed3,officehome,full,0.15,4,241|246|269|244,1,0.12986367145593894,0.11067359946754143,1,0.11640973143201896,0.16302377641948923,0
officehome_convnext_full__split05__seed3,officehome,full,0.2,4,241|246|269|244,1,0.1937807020564053,0.18157075276394424,1,0.1831364554006981,0.2549125937665097,0
officehome_convnext_full__split05__seed3,officehome,full,0.25,4,241|246|269|244,1,0.2293242435592457,0.2635562126696023,1,0.22075143620745402,0.3026979482175187,0
officehome_convnext_full__split05__seed3,officehome,full,0.3,4,241|246|269|244,1,0.27265766705105854,0.301391014793943,1,0.29682359853796636,0.3996568278644643,0
officehome_convnext_full__split05__seed4,officehome,full,0.05,4,260|240|258|242,0,,0.0,0,,0.0,0
officehome_convnext_full__split05__seed4,officehome,full,0.1,4,260|240|258|242,0,,0.0,0,,0.0,0
officehome_convnext_full__split05__seed4,officehome,full,0.15,4,260|240|258|242,0,,0.0,0,,0.0,0
officehome_convnext_full__split05__seed4,officehome,full,0.2,4,260|240|258|242,1,0.18885429385117744,0.15983457613948102,1,0.18647527705030742,0.2151496178860822,0
officehome_convnext_full__split05__seed4,officehome,full,0.25,4,260|240|258|242,1,0.22982337766322983,0.24455425517723445,1,0.21130790552942655,0.2959531865882487,0
officehome_convnext_full__split05__seed4,officehome,full,0.3,4,260|240|258|242,1,0.25388987825914977,0.28437946265138897,1,0.23941939193948064,0.33171022883331425,0
officehome_convnext_full__split06__seed0,officehome,full,0.05,4,263|225|250|262,0,,0.0,0,,0.0,0
officehome_convnext_full__split06__seed0,officehome,full,0.1,4,263|225|250|262,0,,0.0,0,,0.0,0
officehome_convnext_full__split06__seed0,officehome,full,0.15,4,263|225|250|262,0,,0.0,0,,0.0,0
officehome_convnext_full__split06__seed0,officehome,full,0.2,4,263|225|250|262,0,,0.0,1,0.19632986762916904,0.211585123361332,1
officehome_convnext_full__split06__seed0,officehome,full,0.25,4,263|225|250|262,1,0.24887861860295035,0.1353352086640805,1,0.2284989338641304,0.2935196823044561,0
officehome_convnext_full__split06__seed0,officehome,full,0.3,4,263|225|250|262,1,0.27711329954624053,0.18994203167468965,1,0.29061315933086096,0.3720579147253771,0
officehome_convnext_full__split06__seed1,officehome,full,0.05,4,266|241|243|250,0,,0.0,0,,0.0,0
officehome_convnext_full__split06__seed1,officehome,full,0.1,4,266|241|243|250,0,,0.0,0,,0.0,0
officehome_convnext_full__split06__seed1,officehome,full,0.15,4,266|241|243|250,0,,0.0,0,,0.0,0
officehome_convnext_full__split06__seed1,officehome,full,0.2,4,266|241|243|250,0,,0.0,1,0.19114079204260143,0.23566424337671704,1
officehome_convnext_full__split06__seed1,officehome,full,0.25,4,266|241|243|250,1,0.24946346880468984,0.2212766656310436,1,0.21680182067296078,0.27641301749000213,0
officehome_convnext_full__split06__seed1,officehome,full,0.3,4,266|241|243|250,1,0.2661978263318538,0.2600760902029394,1,0.2963891412769398,0.38210126689994517,0
officehome_convnext_full__split06__seed2,officehome,full,0.05,4,237|281|232|250,0,,0.0,0,,0.0,0
officehome_convnext_full__split06__seed2,officehome,full,0.1,4,237|281|232|250,0,,0.0,0,,0.0,0
officehome_convnext_full__split06__seed2,officehome,full,0.15,4,237|281|232|250,0,,0.0,0,,0.0,0
officehome_convnext_full__split06__seed2,officehome,full,0.2,4,237|281|232|250,0,,0.0,1,0.1948115910520238,0.17268290010618464,1
officehome_convnext_full__split06__seed2,officehome,full,0.25,4,237|281|232|250,1,0.23875325352718726,0.14207224236463586,1,0.24774657667855082,0.29664394169261876,0
officehome_convnext_full__split06__seed2,officehome,full,0.3,4,237|281|232|250,1,0.2651542337758852,0.1761481838561737,1,0.29507642605408907,0.3578433885259608,0
officehome_convnext_full__split06__seed3,officehome,full,0.05,4,250|269|264|217,0,,0.0,0,,0.0,0
officehome_convnext_full__split06__seed3,officehome,full,0.1,4,250|269|264|217,0,,0.0,0,,0.0,0
officehome_convnext_full__split06__seed3,officehome,full,0.15,4,250|269|264|217,0,,0.0,0,,0.0,0
officehome_convnext_full__split06__seed3,officehome,full,0.2,4,250|269|264|217,0,,0.0,1,0.18925463588774255,0.2526573550353633,1
officehome_convnext_full__split06__seed3,officehome,full,0.25,4,250|269|264|217,1,0.2486950824220847,0.22829199612402437,1,0.24537540740989333,0.3039747766074451,0
officehome_convnext_full__split06__seed3,officehome,full,0.3,4,250|269|264|217,1,0.27309229114748074,0.2406115438828712,1,0.2667114439604128,0.3305686322339223,0
officehome_convnext_full__split06__seed4,officehome,full,0.05,4,248|267|252|233,0,,0.0,0,,0.0,0
officehome_convnext_full__split06__seed4,officehome,full,0.1,4,248|267|252|233,0,,0.0,0,,0.0,0
officehome_convnext_full__split06__seed4,officehome,full,0.15,4,248|267|252|233,0,,0.0,1,0.1495028893839948,0.1922122701480985,1
officehome_convnext_full__split06__seed4,officehome,full,0.2,4,248|267|252|233,1,0.16300333895981386,0.10869314463638118,1,0.17410069542931725,0.25303540748349823,0
officehome_convnext_full__split06__seed4,officehome,full,0.25,4,248|267|252|233,1,0.23873603678188998,0.22302879903744893,1,0.23971833165377818,0.32450406848279323,0
officehome_convnext_full__split06__seed4,officehome,full,0.3,4,248|267|252|233,1,0.2723012564256014,0.254755166574533,1,0.2930710109673189,0.38166332427630606,0
officehome_convnext_full__split07__seed0,officehome,full,0.05,4,259|260|256|225,0,,0.0,0,,0.0,0
officehome_convnext_full__split07__seed0,officehome,full,0.1,4,259|260|256|225,0,,0.0,0,,0.0,0
officehome_convnext_full__split07__seed0,officehome,full,0.15,4,259|260|256|225,1,0.1358549106369444,0.12771770943193664,1,0.13312701493882473,0.21942048854585156,0
officehome_convnext_full__split07__seed0,officehome,full,0.2,4,259|260|256|225,1,0.18988843256957685,0.177569176764481,1,0.18826553695997472,0.273168867666701,0
officehome_convnext_full__split07__seed0,officehome,full,0.25,4,259|260|256|225,1,0.20537745979883798,0.22860527079597193,1,0.24769385675634217,0.34940260322777694,0
officehome_convnext_full__split07__seed0,officehome,full,0.3,4,259|260|256|225,1,0.2636287485483237,0.26372357658037815,1,0.282161102785759,0.3909862852014626,0
officehome_convnext_full__split07__seed1,officehome,full,0.05,4,244|246|253|257,0,,0.0,0,,0.0,0
officehome_convnext_full__split07__seed1,officehome,full,0.1,4,244|246|253|257,0,,0.0,0,,0.0,0
officehome_convnext_full__split07__seed1,officehome,full,0.15,4,244|246|253|257,1,0.1414778839838923,0.09022314268920588,1,0.11963255154235874,0.14724914380323342,0
officehome_convnext_full__split07__seed1,officehome,full,0.2,4,244|246|253|257,1,0.19305425313740351,0.1597268523798752,1,0.1826111154388495,0.27734642927471015,0
officehome_convnext_full__split07__seed1,officehome,full,0.25,4,244|246|253|257,1,0.2471149753618421,0.20872736668985714,1,0.24801880877011528,0.3367024275216245,0
officehome_convnext_full__split07__seed1,officehome,full,0.3,4,244|246|253|257,1,0.29993586865740607,0.2788943412233296,1,0.2982678219886447,0.3938155983281559,0
officehome_convnext_full__split07__seed2,officehome,full,0.05,4,229|271|255|245,0,,0.0,0,,0.0,0
officehome_convnext_full__split07__seed2,officehome,full,0.1,4,229|271|255|245,0,,0.0,0,,0.0,0
officehome_convnext_full__split07__seed2,officehome,full,0.15,4,229|271|255|245,0,,0.0,1,0.14925956731198323,0.186985546845979,1
officehome_convnext_full__split07__seed2,officehome,full,0.2,4,229|271|255|245,0,,0.0,1,0.19442680131746298,0.27643135399793173,1
officehome_convnext_full__split07__seed2,officehome,full,0.25,4,229|271|255|245,1,0.2460967912198995,0.22030517948431866,1,0.2345999442125049,0.33084312460182885,0
officehome_convnext_full__split07__seed2,officehome,full,0.3,4,229|271|255|245,1,0.29860529221878807,0.26540578334060466,1,0.27467992921893275,0.36818777743874337,0
officehome_convnext_full__split07__seed3,officehome,full,0.05,4,250|248|275|227,0,,0.0,0,,0.0,0
officehome_convnext_full__split07__seed3,officehome,full,0.1,4,250|248|275|227,1,0.09484400541085453,0.06747474791547182,1,0.08468749953016559,0.12352157838458744,0
officehome_convnext_full__split07__seed3,officehome,full,0.15,4,250|248|275|227,1,0.13551805213346677,0.08257098251294684,1,0.10335542774790557,0.15270510080207098,0
officehome_convnext_full__split07__seed3,officehome,full,0.2,4,250|248|275|227,1,0.19733746637016641,0.12139176492320679,1,0.18705959527710603,0.23808171758580038,0
officehome_convnext_full__split07__seed3,officehome,full,0.25,4,250|248|275|227,1,0.21759467251354062,0.1759408516598369,1,0.2367275009383681,0.3133533537129115,0
officehome_convnext_full__split07__seed3,officehome,full,0.3,4,250|248|275|227,1,0.23818209461378348,0.192277578996074,1,0.29023651779484305,0.35748733124361715,0
officehome_convnext_full__split07__seed4,officehome,full,0.05,4,276|239|251|234,0,,0.0,0,,0.0,0
officehome_convnext_full__split07__seed4,officehome,full,0.1,4,276|239|251|234,0,,0.0,1,0.09879544604902184,0.11839225852226187,1
officehome_convnext_full__split07__seed4,officehome,full,0.15,4,276|239|251|234,1,0.14707531551568676,0.10414665902418153,1,0.1471501058646818,0.233317851349229,0
officehome_convnext_full__split07__seed4,officehome,full,0.2,4,276|239|251|234,1,0.19914119820801024,0.15649978153877192,1,0.19184350462452993,0.2886124235460652,0
officehome_convnext_full__split07__seed4,officehome,full,0.25,4,276|239|251|234,1,0.24657800297969487,0.21037824531612326,1,0.22755139687023512,0.3245366483976196,0
officehome_convnext_full__split07__seed4,officehome,full,0.3,4,276|239|251|234,1,0.27515175492692556,0.23193215786474855,1,0.250233527368269,0.34556573344652125,0
officehome_convnext_full__split08__seed0,officehome,full,0.05,4,261|251|250|238,0,,0.0,0,,0.0,0
officehome_convnext_full__split08__seed0,officehome,full,0.1,4,261|251|250|238,0,,0.0,0,,0.0,0
officehome_convnext_full__split08__seed0,officehome,full,0.15,4,261|251|250|238,0,,0.0,0,,0.0,0
officehome_convnext_full__split08__seed0,officehome,full,0.2,4,261|251|250|238,0,,0.0,0,,0.0,0
officehome_convnext_full__split08__seed0,officehome,full,0.25,4,261|251|250|238,0,,0.0,1,0.23992306686828915,0.24556455141401395,1
officehome_convnext_full__split08__seed0,officehome,full,0.3,4,261|251|250|238,1,0.2892408091209455,0.2340196844750259,1,0.2846603160032086,0.3470067355291758,0
officehome_convnext_full__split08__seed1,officehome,full,0.05,4,253|260|261|226,0,,0.0,0,,0.0,0
officehome_convnext_full__split08__seed1,officehome,full,0.1,4,253|260|261|226,0,,0.0,0,,0.0,0
officehome_convnext_full__split08__seed1,officehome,full,0.15,4,253|260|261|226,0,,0.0,0,,0.0,0
officehome_convnext_full__split08__seed1,officehome,full,0.2,4,253|260|261|226,0,,0.0,0,,0.0,0
officehome_convnext_full__split08__seed1,officehome,full,0.25,4,253|260|261|226,0,,0.0,1,0.2405116393715954,0.22797424130745528,1
officehome_convnext_full__split08__seed1,officehome,full,0.3,4,253|260|261|226,1,0.2861875806626427,0.21469584481104081,1,0.24827637677863948,0.2559876849249132,0
officehome_convnext_full__split08__seed2,officehome,full,0.05,4,258|234|236|272,0,,0.0,0,,0.0,0
officehome_convnext_full__split08__seed2,officehome,full,0.1,4,258|234|236|272,0,,0.0,0,,0.0,0
officehome_convnext_full__split08__seed2,officehome,full,0.15,4,258|234|236|272,0,,0.0,0,,0.0,0
officehome_convnext_full__split08__seed2,officehome,full,0.2,4,258|234|236|272,0,,0.0,1,0.19631665539261928,0.1870984657825333,1
officehome_convnext_full__split08__seed2,officehome,full,0.25,4,258|234|236|272,1,0.24666289967168656,0.1868467753000783,1,0.22967920636322592,0.24131438165292218,0
officehome_convnext_full__split08__seed2,officehome,full,0.3,4,258|234|236|272,1,0.2758286906641275,0.2094500507885782,1,0.28954369301963795,0.3288853439050742,0
officehome_convnext_full__split08__seed3,officehome,full,0.05,4,261|249|265|225,0,,0.0,0,,0.0,0
officehome_convnext_full__split08__seed3,officehome,full,0.1,4,261|249|265|225,0,,0.0,0,,0.0,0
officehome_convnext_full__split08__seed3,officehome,full,0.15,4,261|249|265|225,0,,0.0,0,,0.0,0
officehome_convnext_full__split08__seed3,officehome,full,0.2,4,261|249|265|225,0,,0.0,0,,0.0,0
officehome_convnext_full__split08__seed3,officehome,full,0.25,4,261|249|265|225,0,,0.0,1,0.2444931104301506,0.17568506458506455,1
officehome_convnext_full__split08__seed3,officehome,full,0.3,4,261|249|265|225,1,0.2950049166823579,0.24284777938911178,1,0.2988502644008979,0.35419141298183054,0
officehome_convnext_full__split08__seed4,officehome,full,0.05,4,259|252|227|262,0,,0.0,0,,0.0,0
officehome_convnext_full__split08__seed4,officehome,full,0.1,4,259|252|227|262,0,,0.0,0,,0.0,0
officehome_convnext_full__split08__seed4,officehome,full,0.15,4,259|252|227|262,0,,0.0,0,,0.0,0
officehome_convnext_full__split08__seed4,officehome,full,0.2,4,259|252|227|262,1,0.18532311573853164,0.16440097084372313,1,0.1854957197835314,0.2061231446473869,0
officehome_convnext_full__split08__seed4,officehome,full,0.25,4,259|252|227|262,1,0.24862032322845798,0.23754766996912657,1,0.24539372812153734,0.31471610876274825,0
officehome_convnext_full__split08__seed4,officehome,full,0.3,4,259|252|227|262,1,0.2927886217997238,0.2748450093261207,1,0.2789543285559902,0.3549085005394492,0
officehome_convnext_full__split09__seed0,officehome,full,0.05,4,238|267|254|241,0,,0.0,0,,0.0,0
officehome_convnext_full__split09__seed0,officehome,full,0.1,4,238|267|254|241,0,,0.0,0,,0.0,0
officehome_convnext_full__split09__seed0,officehome,full,0.15,4,238|267|254|241,0,,0.0,1,0.1420629440740918,0.21627981810334757,1
officehome_convnext_full__split09__seed0,officehome,full,0.2,4,238|267|254|241,1,0.1921801128783125,0.1298021202367421,1,0.18325570235935879,0.28152325377055215,0
officehome_convnext_full__split09__seed0,officehome,full,0.25,4,238|267|254|241,1,0.22465106805093066,0.20303322277264232,1,0.24401998436346112,0.3274045461658778,0
officehome_convnext_full__split09__seed0,officehome,full,0.3,4,238|267|254|241,1,0.29712791304205793,0.2431957207977505,1,0.272066154480784,0.3638013576956403,0
officehome_convnext_full__split09__seed1,officehome,full,0.05,4,245|242|266|247,0,,0.0,0,,0.0,0
officehome_convnext_full__split09__seed1,officehome,full,0.1,4,245|242|266|247,0,,0.0,0,,0.0,0
officehome_convnext_full__split09__seed1,officehome,full,0.15,4,245|242|266|247,0,,0.0,1,0.14056229529988506,0.20278304555509408,1
officehome_convnext_full__split09__seed1,officehome,full,0.2,4,245|242|266|247,1,0.19677875420769264,0.19763082332869766,1,0.1807446623666163,0.26741015080811426,0
officehome_convnext_full__split09__seed1,officehome,full,0.25,4,245|242|266|247,1,0.22590075503313864,0.22776744459756132,1,0.2380602691235888,0.3317197707617036,0
officehome_convnext_full__split09__seed1,officehome,full,0.3,4,245|242|266|247,1,0.24381637264265746,0.24482941983174986,1,0.28833554611470225,0.3720989556593269,0
officehome_convnext_full__split09__seed2,officehome,full,0.05,4,254|248|247|251,0,,0.0,0,,0.0,0
officehome_convnext_full__split09__seed2,officehome,full,0.1,4,254|248|247|251,0,,0.0,0,,0.0,0
officehome_convnext_full__split09__seed2,officehome,full,0.15,4,254|248|247|251,0,,0.0,1,0.14122002154562754,0.22431916239227107,1
officehome_convnext_full__split09__seed2,officehome,full,0.2,4,254|248|247|251,1,0.1905207548931832,0.18404762618846243,1,0.19642507187078403,0.3000646644031158,0
officehome_convnext_full__split09__seed2,officehome,full,0.25,4,254|248|247|251,1,0.2139048302512843,0.22042156123338777,1,0.24779815895102303,0.3458992809909684,0
officehome_convnext_full__split09__seed2,officehome,full,0.3,4,254|248|247|251,1,0.24643752131638968,0.24671556299342842,1,0.2818154193278364,0.3750988585389664,0
officehome_convnext_full__split09__seed3,officehome,full,0.05,4,288|237|232|243,0,,0.0,0,,0.0,0
officehome_convnext_full__split09__seed3,officehome,full,0.1,4,288|237|232|243,0,,0.0,0,,0.0,0
officehome_convnext_full__split09__seed3,officehome,full,0.15,4,288|237|232|243,0,,0.0,1,0.14451645485060965,0.20719280483380698,1
officehome_convnext_full__split09__seed3,officehome,full,0.2,4,288|237|232|243,1,0.18894758452172092,0.1398469232895785,1,0.19124821769098976,0.28268852891227625,0
officehome_convnext_full__split09__seed3,officehome,full,0.25,4,288|237|232|243,1,0.22809845367766657,0.20130096174967824,1,0.24326766324092197,0.3245115054140156,0
officehome_convnext_full__split09__seed3,officehome,full,0.3,4,288|237|232|243,1,0.24069739057428635,0.22915892485952322,1,0.26870895991480964,0.35003160567518105,0
officehome_convnext_full__split09__seed4,officehome,full,0.05,4,252|246|249|253,0,,0.0,0,,0.0,0
officehome_convnext_full__split09__seed4,officehome,full,0.1,4,252|246|249|253,0,,0.0,0,,0.0,0
officehome_convnext_full__split09__seed4,officehome,full,0.15,4,252|246|249|253,0,,0.0,1,0.1370259084923684,0.21164657361116057,1
officehome_convnext_full__split09__seed4,officehome,full,0.2,4,252|246|249|253,1,0.18345199779816138,0.2079605794915899,1,0.1746888009662525,0.25831330695611254,0
officehome_convnext_full__split09__seed4,officehome,full,0.25,4,252|246|249|253,1,0.2428399336233649,0.25376768999590205,1,0.23820276666206758,0.33228869508757297,0
officehome_convnext_full__split09__seed4,officehome,full,0.3,4,252|246|249|253,1,0.2921107020186867,0.31074692741608556,1,0.28451585019246084,0.37242482735608123,0
resnext29_8x64d__pathmnist_split_00__seed0__d0.5,pathmnist,d0.5,0.05,5,200|202|203|201|194,0,,0.0,0,,0.0,0
resnext29_8x64d__pathmnist_split_00__seed0__d0.5,pathmnist,d0.5,0.1,5,200|202|203|201|194,0,,0.0,0,,0.0,0
resnext29_8x64d__pathmnist_split_00__seed0__d0.5,pathmnist,d0.5,0.15,5,200|202|203|201|194,0,,0.0,1,0.13938433188131172,0.18483703101262,1
resnext29_8x64d__pathmnist_split_00__seed0__d0.5,pathmnist,d0.5,0.2,5,200|202|203|201|194,1,0.1943720909877345,0.3458953402330114,1,0.1854915499525659,0.3620077792029126,0
resnext29_8x64d__pathmnist_split_00__seed0__d0.5,pathmnist,d0.5,0.25,5,200|202|203|201|194,1,0.22586657577237917,0.37185394539633304,1,0.20055112449068968,0.3837240326321091,0
resnext29_8x64d__pathmnist_split_00__seed0__d0.5,pathmnist,d0.5,0.3,5,200|202|203|201|194,1,0.297420921128178,0.5713110372192561,1,0.293764692800921,0.5747304012273429,0
resnext29_8x64d__pathmnist_split_00__seed0__d5.0,pathmnist,d5,0.05,5,202|208|196|228|166,0,,0.0,0,,0.0,0
resnext29_8x64d__pathmnist_split_00__seed0__d5.0,pathmnist,d5,0.1,5,202|208|196|228|166,0,,0.0,0,,0.0,0
resnext29_8x64d__pathmnist_split_00__seed0__d5.0,pathmnist,d5,0.15,5,202|208|196|228|166,0,,0.0,1,0.13202839047362197,0.3726655458232127,1
resnext29_8x64d__pathmnist_split_00__seed0__d5.0,pathmnist,d5,0.2,5,202|208|196|228|166,1,0.1898992740715264,0.398003180642516,1,0.19586211922394972,0.5005026140495319,0
resnext29_8x64d__pathmnist_split_00__seed0__d5.0,pathmnist,d5,0.25,5,202|208|196|228|166,1,0.22618326904703126,0.5315567450384309,1,0.2115438997414847,0.5466092343304132,0
resnext29_8x64d__pathmnist_split_00__seed0__d5.0,pathmnist,d5,0.3,5,202|208|196|228|166,1,0.2619223646242054,0.5738100203733465,1,0.2878255963580009,0.6827282219033788,0
resnext29_8x64d__pathmnist_split_00__seed1__d0.5,pathmnist,d0.5,0.05,5,218|197|193|208|184,0,,0.0,0,,0.0,0
resnext29_8x64d__pathmnist_split_00__seed1__d0.5,pathmnist,d0.5,0.1,5,218|197|193|208|184,0,,0.0,1,0.08815162232560073,0.36127860771103415,1
resnext29_8x64d__pathmnist_split_00__seed1__d0.5,pathmnist,d0.5,0.15,5,218|197|193|208|184,1,0.12352285506080649,0.4581283980723142,1,0.11668999959478396,0.47639509963497306,0
resnext29_8x64d__pathmnist_split_00__seed1__d0.5,pathmnist,d0.5,0.2,5,218|197|193|208|184,1,0.1778395258203803,0.5290861373723033,1,0.1914986125386814,0.5957915595649476,0
resnext29_8x64d__pathmnist_split_00__seed1__d0.5,pathmnist,d0.5,0.25,5,218|197|193|208|184,1,0.24136463273158143,0.6343240034785997,1,0.21457762062853272,0.6407644143230261,0
resnext29_8x64d__pathmnist_split_00__seed1__d0.5,pathmnist,d0.5,0.3,5,218|197|193|208|184,1,0.29165869003111067,0.6727133700617856,1,0.2435866422783693,0.6831463702985859,0
resnext29_8x64d__pathmnist_split_00__seed1__d5.0,pathmnist,d5,0.05,5,193|208|189|203|207,0,,0.0,0,,0.0,0
resnext29_8x64d__pathmnist_split_00__seed1__d5.0,pathmnist,d5,0.1,5,193|208|189|203|207,0,,0.0,0,,0.0,0
resnext29_8x64d__pathmnist_split_00__seed1__d5.0,pathmnist,d5,0.15,5,193|208|189|203|207,0,,0.0,1,0.12275843879980441,0.22069791758945384,1
resnext29_8x64d__pathmnist_split_00__seed1__d5.0,pathmnist,d5,0.2,5,193|208|189|203|207,1,0.19052462370242834,0.23955688380876308,1,0.1883148630486373,0.3616053300125379,0
resnext29_8x64d__pathmnist_split_00__seed1__d5.0,pathmnist,d5,0.25,5,193|208|189|203|207,1,0.2319335633105958,0.31314086463170937,1,0.24173697423075677,0.4943905180466831,0
resnext29_8x64d__pathmnist_split_00__seed1__d5.0,pathmnist,d5,0.3,5,193|208|189|203|207,1,0.2612978656563134,0.4339630436857866,1,0.26200921578563535,0.571035795028069,0
resnext29_8x64d__pathmnist_split_00__seed2__d0.5,pathmnist,d0.5,0.05,5,187|213|193|209|198,0,,0.0,0,,0.0,0
resnext29_8x64d__pathmnist_split_00__seed2__d0.5,pathmnist,d0.5,0.1,5,187|213|193|209|198,0,,0.0,1,0.09796835582838345,0.33264104444799086,1
resnext29_8x64d__pathmnist_split_00__seed2__d0.5,pathmnist,d0.5,0.15,5,187|213|193|209|198,1,0.11371164800194881,0.3435450759692154,1,0.14876984991402586,0.4157933126542769,0
resnext29_8x64d__pathmnist_split_00__seed2__d0.5,pathmnist,d0.5,0.2,5,187|213|193|209|198,1,0.19454514663161027,0.42193795961846997,1,0.18993754587626357,0.5165224631415007,0
resnext29_8x64d__pathmnist_split_00__seed2__d0.5,pathmnist,d0.5,0.25,5,187|213|193|209|198,1,0.24858340638033372,0.5688137742373593,1,0.21746590809929975,0.5803417044127251,0
resnext29_8x64d__pathmnist_split_00__seed2__d0.5,pathmnist,d0.5,0.3,5,187|213|193|209|198,1,0.2962351310343222,0.6140343491961032,1,0.2542270880316444,0.6326372850816796,0
resnext29_8x64d__pathmnist_split_00__seed2__d5.0,pathmnist,d5,0.05,5,199|207|202|187|205,0,,0.0,0,,0.0,0
resnext29_8x64d__pathmnist_split_00__seed2__d5.0,pathmnist,d5,0.1,5,199|207|202|187|205,1,0.09257735156993221,0.20351559818701492,1,0.08419248534314851,0.23222090330957623,0
resnext29_8x64d__pathmnist_split_00__seed2__d5.0,pathmnist,d5,0.15,5,199|207|202|187|205,1,0.1342878894070523,0.25777488159907597,1,0.13670365709696852,0.31447940845488576,0
resnext29_8x64d__pathmnist_split_00__seed2__d5.0,pathmnist,d5,0.2,5,199|207|202|187|205,1,0.19753409202438516,0.355312504879042,1,0.19823125097407476,0.4674356629451621,0
resnext29_8x64d__pathmnist_split_00__seed2__d5.0,pathmnist,d5,0.25,5,199|207|202|187|205,1,0.23613257726539424,0.5216840157919288,1,0.22278190642412377,0.5405235928233224,0
resnext29_8x64d__pathmnist_split_00__seed2__d5.0,pathmnist,d5,0.3,5,199|207|202|187|205,1,0.28367445305148853,0.6140343491961032,1,0.25089066842171637,0.6272629068356826,0
resnext29_8x64d__pathmnist_split_00__seed3__d0.5,pathmnist,d0.5,0.05,5,189|220|199|208|184,0,,0.0,0,,0.0,0
resnext29_8x64d__pathmnist_split_00__seed3__d0.5,pathmnist,d0.5,0.1,5,189|220|199|208|184,0,,0.0,1,0.09121427597742571,0.3841037407528595,1
resnext29_8x64d__pathmnist_split_00__seed3__d0.5,pathmnist,d0.5,0.15,5,189|220|199|208|184,1,0.13143580252999892,0.46055339183133687,1,0.11430419259489824,0.4788253333277438,0
resnext29_8x64d__pathmnist_split_00__seed3__d0.5,pathmnist,d0.5,0.2,5,189|220|199|208|184,1,0.19411454438742662,0.5464146803369061,1,0.1733481045825519,0.5698686946320592,0
resnext29_8x64d__pathmnist_split_00__seed3__d0.5,pathmnist,d0.5,0.25,5,189|220|199|208|184,1,0.2431768677460951,0.5988961880005428,1,0.21655355291488723,0.6202404949450934,0
resnext29_8x64d__pathmnist_split_00__seed3__d0.5,pathmnist,d0.5,0.3,5,189|220|199|208|184,1,0.2781332640715774,0.6470687184926928,1,0.254978402761479,0.662771146239942,0
resnext29_8x64d__pathmnist_split_00__seed3__d5.0,pathmnist,d5,0.05,5,197|204|208|204|187,0,,0.0,1,0.042972592584967995,0.29125298582145226,1
resnext29_8x64d__pathmnist_split_00__seed3__d5.0,pathmnist,d5,0.1,5,197|204|208|204|187,1,0.09775282083697916,0.33884941084827264,1,0.08758974178777468,0.3575891390135877,0
resnext29_8x64d__pathmnist_split_00__seed3__d5.0,pathmnist,d5,0.15,5,197|204|208|204|187,1,0.14680270588134275,0.3765942879434907,1,0.11219437793000134,0.40864301465361236,0
resnext29_8x64d__pathmnist_split_00__seed3__d5.0,pathmnist,d5,0.2,5,197|204|208|204|187,1,0.16017159868947914,0.4678376257871641,1,0.1943220552159668,0.5661091431120111,0
resnext29_8x64d__pathmnist_split_00__seed3__d5.0,pathmnist,d5,0.25,5,197|204|208|204|187,1,0.24422349158820342,0.6292400147749011,1,0.2282142353910379,0.6294876402487989,0
resnext29_8x64d__pathmnist_split_00__seed3__d5.0,pathmnist,d5,0.3,5,197|204|208|204|187,1,0.2897853480651122,0.6959824524902999,1,0.26396215171599396,0.6990098040577506,0
resnext29_8x64d__pathmnist_split_00__seed4__d0.5,pathmnist,d0.5,0.05,5,217|180|185|225|193,0,,0.0,0,,0.0,0
resnext29_8x64d__pathmnist_split_00__seed4__d0.5,pathmnist,d0.5,0.1,5,217|180|185|225|193,0,,0.0,0,,0.0,0
resnext29_8x64d__pathmnist_split_00__seed4__d0.5,pathmnist,d0.5,0.15,5,217|180|185|225|193,0,,0.0,0,,0.0,0
resnext29_8x64d__pathmnist_split_00__seed4__d0.5,pathmnist,d0.5,0.2,5,217|180|185|225|193,1,0.19497736935737708,0.19459387410219353,1,0.18214510749881374,0.4318632952647235,0
resnext29_8x64d__pathmnist_split_00__seed4__d0.5,pathmnist,d0.5,0.25,5,217|180|185|225|193,1,0.23091406178637425,0.5290861373723033,1,0.22116305607618195,0.5526532265970061,0
resnext29_8x64d__pathmnist_split_00__seed4__d0.5,pathmnist,d0.5,0.3,5,217|180|185|225|193,1,0.26072104226968074,0.5888404713987292,1,0.24763864039171635,0.6103624039239116,0
resnext29_8x64d__pathmnist_split_00__seed4__d5.0,pathmnist,d5,0.05,5,185|213|185|202|215,0,,0.0,0,,0.0,0
resnext29_8x64d__pathmnist_split_00__seed4__d5.0,pathmnist,d5,0.1,5,185|213|185|202|215,0,,0.0,0,,0.0,0
resnext29_8x64d__pathmnist_split_00__seed4__d5.0,pathmnist,d5,0.15,5,185|213|185|202|215,1,0.1324065212253568,0.2738160639977254,1,0.11363368739955948,0.28676658815536427,0
resnext29_8x64d__pathmnist_split_00__seed4__d5.0,pathmnist,d5,0.2,5,185|213|185|202|215,1,0.18091230396599486,0.36003069381448993,1,0.18268596583533522,0.48644679126949064,0
resnext29_8x64d__pathmnist_split_00__seed4__d5.0,pathmnist,d5,0.25,5,185|213|185|202|215,1,0.23082732216899973,0.5118369970259395,1,0.2063081523777941,0.526888231350881,0
resnext29_8x64d__pathmnist_split_00__seed4__d5.0,pathmnist,d5,0.3,5,185|213|185|202|215,1,0.2970761950328485,0.6292400147749011,1,0.28851416086491377,0.6615830659969882,0
resnext29_8x64d__pathmnist_split_01__seed0__d0.5,pathmnist,d0.5,0.05,5,201|205|190|199|205,0,,0.0,0,,0.0,0
resnext29_8x64d__pathmnist_split_01__seed0__d0.5,pathmnist,d0.5,0.1,5,201|205|190|199|205,0,,0.0,0,,0.0,0
resnext29_8x64d__pathmnist_split_01__seed0__d0.5,pathmnist,d0.5,0.15,5,201|205|190|199|205,0,,0.0,0,,0.0,0
resnext29_8x64d__pathmnist_split_01__seed0__d0.5,pathmnist,d0.5,0.2,5,201|205|190|199|205,0,,0.0,0,,0.0,0
resnext29_8x64d__pathmnist_split_01__seed0__d0.5,pathmnist,d0.5,0.25,5,201|205|190|199|205,0,,0.0,1,0.24364680046581771,0.2966920763311812,1
resnext29_8x64d__pathmnist_split_01__seed0__d0.5,pathmnist,d0.5,0.3,5,201|205|190|199|205,0,,0.0,1,0.2695053619562586,0.3533834846430166,1
resnext29_8x64d__pathmnist_split_01__seed0__d5.0,pathmnist,d5,0.05,5,214|185|209|193|199,0,,0.0,0,,0.0,0
resnext29_8x64d__pathmnist_split_01__seed0__d5.0,pathmnist,d5,0.1,5,214|185|209|193|199,0,,0.0,0,,0.0,0
resnext29_8x64d__pathmnist_split_01__seed0__d5.0,pathmnist,d5,0.15,5,214|185|209|193|199,0,,0.0,1,0.1435019252056829,0.46163013151197363,1
resnext29_8x64d__pathmnist_split_01__seed0__d5.0,pathmnist,d5,0.2,5,214|185|209|193|199,1,0.1933670425223782,0.5118150096820842,1,0.19461981941184925,0.6401925317392794,0
resnext29_8x64d__pathmnist_split_01__seed0__d5.0,pathmnist,d5,0.25,5,214|185|209|193|199,1,0.1994013982669589,0.5987459298477247,1,0.23483395576419575,0.6928273333822429,0
resnext29_8x64d__pathmnist_split_01__seed0__d5.0,pathmnist,d5,0.3,5,214|185|209|193|199,1,0.2469487684083961,0.6430347793657288,1,0.26698000888434925,0.7262631098338831,0
resnext29_8x64d__pathmnist_split_01__seed1__d0.5,pathmnist,d0.5,0.05,5,200|191|192|205|212,0,,0.0,0,,0.0,0
resnext29_8x64d__pathmnist_split_01__seed1__d0.5,pathmnist,d0.5,0.1,5,200|191|192|205|212,0,,0.0,0,,0.0,0
resnext29_8x64d__pathmnist_split_01__seed1__d0.5,pathmnist,d0.5,0.15,5,200|191|192|205|212,0,,0.0,0,,0.0,0
resnext29_8x64d__pathmnist_split_01__seed1__d0.5,pathmnist,d0.5,0.2,5,200|191|192|205|212,0,,0.0,0,,0.0,0
resnext29_8x64d__pathmnist_split_01__seed1__d0.5,pathmnist,d0.5,0.25,5,200|191|192|205|212,0,,0.0,0,,0.0,0
resnext29_8x64d__pathmnist_split_01__seed1__d0.5,pathmnist,d0.5,0.3,5,200|191|192|205|212,0,,0.0,1,0.2988007151096287,0.5381183244286923,1
resnext29_8x64d__pathmnist_split_01__seed1__d5.0,pathmnist,d5,0.05,5,213|204|200|182|201,0,,0.0,0,,0.0,0
resnext29_8x64d__pathmnist_split_01__seed1__d5.0,pathmnist,d5,0.1,5,213|204|200|182|201,0,,0.0,0,,0.0,0
resnext29_8x64d__pathmnist_split_01__seed1__d5.0,pathmnist,d5,0.15,5,213|204|200|182|201,0,,0.0,1,0.14782464977148413,0.4828437567477071,1
resnext29_8x64d__pathmnist_split_01__seed1__d5.0,pathmnist,d5,0.2,5,213|204|200|182|201,0,,0.0,1,0.18370410616404975,0.5573983244493074,1
resnext29_8x64d__pathmnist_split_01__seed1__d5.0,pathmnist,d5,0.25,5,213|204|200|182|201,1,0.22405516350830273,0.6169111815717873,1,0.20193633198654004,0.6342699732237186,0
resnext29_8x64d__pathmnist_split_01__seed1__d5.0,pathmnist,d5,0.3,5,213|204|200|182|201,1,0.23501438026825736,0.6535440261466645,1,0.29098796385851455,0.7513267494281934,0
resnext29_8x64d__pathmnist_split_01__seed2__d0.5,pathmnist,d0.5,0.05,5,221|209|184|190|196,0,,0.0,0,,0.0,0
resnext29_8x64d__pathmnist_split_01__seed2__d0.5,pathmnist,d0.5,0.1,5,221|209|184|190|196,0,,0.0,0,,0.0,0
resnext29_8x64d__pathmnist_split_01__seed2__d0.5,pathmnist,d0.5,0.15,5,221|209|184|190|196,0,,0.0,0,,0.0,0
resnext29_8x64d__pathmnist_split_01__seed2__d0.5,pathmnist,d0.5,0.2,5,221|209|184|190|196,1,0.19509619217089558,0.11518550402919615,1,0.16811537815373537,0.1195367239661246,0
resnext29_8x64d__pathmnist_split_01__seed2__d0.5,pathmnist,d0.5,0.25,5,221|209|184|190|196,1,0.2435303185096418,0.12608915943881557,1,0.21132381941824627,0.12999562389653077,0
resnext29_8x64d__pathmnist_split_01__seed2__d0.5,pathmnist,d0.5,0.3,5,221|209|184|190|196,1,0.2983007569219342,0.4741030553363507,1,0.2980205239749737,0.5209983418012573,0
resnext29_8x64d__pathmnist_split_01__seed2__d5.0,pathmnist,d5,0.05,5,199|189|195|208|209,0,,0.0,0,,0.0,0
resnext29_8x64d__pathmnist_split_01__seed2__d5.0,pathmnist,d5,0.1,5,199|189|195|208|209,0,,0.0,0,,0.0,0
resnext29_8x64d__pathmnist_split_01__seed2__d5.0,pathmnist,d5,0.15,5,199|189|195|208|209,0,,0.0,1,0.1457809581328432,0.4133185223590064,1
resnext29_8x64d__pathmnist_split_01__seed2__d5.0,pathmnist,d5,0.2,5,199|189|195|208|209,0,,0.0,1,0.18423833935062717,0.49815878691978127,1
resnext29_8x64d__pathmnist_split_01__seed2__d5.0,pathmnist,d5,0.25,5,199|189|195|208|209,1,0.20791380245810936,0.3753582066974482,1,0.2491450989090943,0.6050092384831163,0
resnext29_8x64d__pathmnist_split_01__seed2__d5.0,pathmnist,d5,0.3,5,199|189|195|208|209,1,0.29524023091271756,0.5473589834923805,1,0.2886557037768367,0.6624185912815042,0
resnext29_8x64d__pathmnist_split_01__seed3__d0.5,pathmnist,d0.5,0.05,5,214|186|175|199|226,0,,0.0,0,,0.0,0
resnext29_8x64d__pathmnist_split_01__seed3__d0.5,pathmnist,d0.5,0.1,5,214|186|175|199|226,0,,0.0,0,,0.0,0
resnext29_8x64d__pathmnist_split_01__seed3__d0.5,pathmnist,d0.5,0.15,5,214|186|175|199|226,0,,0.0,0,,0.0,0
resnext29_8x64d__pathmnist_split_01__seed3__d0.5,pathmnist,d0.5,0.2,5,214|186|175|199|226,0,,0.0,0,,0.0,0
resnext29_8x64d__pathmnist_split_01__seed3__d0.5,pathmnist,d0.5,0.25,5,214|186|175|199|226,1,0.24743946245234927,0.3366073435522216,1,0.23417636823285073,0.47320791866126144,0
resnext29_8x64d__pathmnist_split_01__seed3__d0.5,pathmnist,d0.5,0.3,5,214|186|175|199|226,1,0.2876136257419032,0.5168719781224871,1,0.2991728998712204,0.5654994580301684,0
resnext29_8x64d__pathmnist_split_01__seed3__d5.0,pathmnist,d5,0.05,5,199|185|204|185|227,0,,0.0,0,,0.0,0
resnext29_8x64d__pathmnist_split_01__seed3__d5.0,pathmnist,d5,0.1,5,199|185|204|185|227,0,,0.0,0,,0.0,0
resnext29_8x64d__pathmnist_split_01__seed3__d5.0,pathmnist,d5,0.15,5,199|185|204|185|227,0,,0.0,0,,0.0,0
resnext29_8x64d__pathmnist_split_01__seed3__d5.0,pathmnist,d5,0.2,5,199|185|204|185|227,0,,0.0,1,0.19789425331530658,0.4485189281604743,1
resnext29_8x64d__pathmnist_split_01__seed3__d5.0,pathmnist,d5,0.25,5,199|185|204|185|227,1,0.2454354956382171,0.5270065001153261,1,0.2308316211169829,0.5341865581656573,0
resnext29_8x64d__pathmnist_split_01__seed3__d5.0,pathmnist,d5,0.3,5,199|185|204|185|227,1,0.29156183333793745,0.596158752875269,1,0.2983639677527764,0.693276274962497,0
resnext29_8x64d__pathmnist_split_01__seed4__d0.5,pathmnist,d0.5,0.05,5,218|195|189|217|181,0,,0.0,0,,0.0,0
resnext29_8x64d__pathmnist_split_01__seed4__d0.5,pathmnist,d0.5,0.1,5,218|195|189|217|181,0,,0.0,0,,0.0,0
resnext29_8x64d__pathmnist_split_01__seed4__d0.5,pathmnist,d0.5,0.15,5,218|195|189|217|181,0,,0.0,0,,0.0,0
resnext29_8x64d__pathmnist_split_01__seed4__d0.5,pathmnist,d0.5,0.2,5,218|195|189|217|181,1,0.187901788511806,0.46161577160753925,1,0.17306362426314914,0.48428475292775475,0
resnext29_8x64d__pathmnist_split_01__seed4__d0.5,pathmnist,d0.5,0.25,5,218|195|189|217|181,1,0.22421253961624044,0.5118150096820842,1,0.19215601645698366,0.5469447395085125,0
resnext29_8x64d__pathmnist_split_01__seed4__d0.5,pathmnist,d0.5,0.3,5,218|195|189|217|181,1,0.25870445368647693,0.6013350494370253,1,0.2922597009642176,0.719074387255722,0
resnext29_8x64d__pathmnist_split_01__seed4__d5.0,pathmnist,d5,0.05,5,196|206|201|208|189,0,,0.0,0,,0.0,0
resnext29_8x64d__pathmnist_split_01__seed4__d5.0,pathmnist,d5,0.1,5,196|206|201|208|189,0,,0.0,0,,0.0,0
resnext29_8x64d__pathmnist_split_01__seed4__d5.0,pathmnist,d5,0.15,5,196|206|201|208|189,0,,0.0,1,0.14409123766100776,0.46049744618768923,1
resnext29_8x64d__pathmnist_split_01__seed4__d5.0,pathmnist,d5,0.2,5,196|206|201|208|189,0,,0.0,1,0.17065124394676795,0.5280978193996082,1
resnext29_8x64d__pathmnist_split_01__seed4__d5.0,pathmnist,d5,0.25,5,196|206|201|208|189,1,0.21873542206355562,0.5473589834923805,1,0.2046190430553972,0.5669604519112847,0
resnext29_8x64d__pathmnist_split_01__seed4__d5.0,pathmnist,d5,0.3,5,196|206|201|208|189,1,0.274668084705712,0.6065191596416986,1,0.29633424384450546,0.6963277722352701,0
resnext29_8x64d__pathmnist_split_02__seed0__d0.5,pathmnist,d0.5,0.05,5,210|175|220|209|186,0,,0.0,0,,0.0,0
resnext29_8x64d__pathmnist_split_02__seed0__d0.5,pathmnist,d0.5,0.1,5,210|175|220|209|186,0,,0.0,1,0.08862041288157729,0.20472175410577087,1
resnext29_8x64d__pathmnist_split_02__seed0__d0.5,pathmnist,d0.5,0.15,5,210|175|220|209|186,1,0.14790158122951125,0.2955525134092074,1,0.1346547526802638,0.30274058399080883,0
resnext29_8x64d__pathmnist_split_02__seed0__d0.5,pathmnist,d0.5,0.2,5,210|175|220|209|186,1,0.1966495048307131,0.26860274350919294,1,0.1811881842977556,0.359917034402897,0
resnext29_8x64d__pathmnist_split_02__seed0__d0.5,pathmnist,d0.5,0.25,5,210|175|220|209|186,1,0.23443369999519004,0.39631425727377745,1,0.24340471634616967,0.48250112535729156,0
resnext29_8x64d__pathmnist_split_02__seed0__d0.5,pathmnist,d0.5,0.3,5,210|175|220|209|186,1,0.2887602124643295,0.5166602366910762,1,0.2857247102993685,0.5785841460935305,0
resnext29_8x64d__pathmnist_split_02__seed0__d5.0,pathmnist,d5,0.05,5,220|191|187|204|198,0,,0.0,0,,0.0,0
resnext29_8x64d__pathmnist_split_02__seed0__d5.0,pathmnist,d5,0.1,5,220|191|187|204|198,1,0.08578518570714534,0.4196155365429049,1,0.07594273838428922,0.45519521710191235,0
resnext29_8x64d__pathmnist_split_02__seed0__d5.0,pathmnist,d5,0.15,5,220|191|187|204|198,1,0.08725876948974144,0.40561743119329335,1,0.1484745729462547,0.5746263943559629,0
resnext29_8x64d__pathmnist_split_02__seed0__d5.0,pathmnist,d5,0.2,5,220|191|187|204|198,1,0.15038647537543004,0.5527845284861648,1,0.19692039772142655,0.6192636407458578,0
resnext29_8x64d__pathmnist_split_02__seed0__d5.0,pathmnist,d5,0.25,5,220|191|187|204|198,1,0.2190609823406664,0.5892608892192349,1,0.23761788976750386,0.6773046664740139,0
resnext29_8x64d__pathmnist_split_02__seed0__d5.0,pathmnist,d5,0.3,5,220|191|187|204|198,1,0.29019428068940306,0.7213983083116758,1,0.2663331140095835,0.7271319769099803,0
resnext29_8x64d__pathmnist_split_02__seed1__d0.5,pathmnist,d0.5,0.05,5,184|217|200|193|206,0,,0.0,0,,0.0,0
resnext29_8x64d__pathmnist_split_02__seed1__d0.5,pathmnist,d0.5,0.1,5,184|217|200|193|206,1,0.09105339642225992,0.3113830638558988,1,0.09642954604886206,0.3258072141514026,0
resnext29_8x64d__pathmnist_split_02__seed1__d0.5,pathmnist,d0.5,0.15,5,184|217|200|193|206,1,0.14902292313460144,0.38935211081140214,1,0.12704574212696312,0.4205797609746346,0
resnext29_8x64d__pathmnist_split_02__seed1__d0.5,pathmnist,d0.5,0.2,5,184|217|200|193|206,1,0.1824905320047851,0.4430608574813388,1,0.19600053091487407,0.5320242260806677,0
resnext29_8x64d__pathmnist_split_02__seed1__d0.5,pathmnist,d0.5,0.25,5,184|217|200|193|206,1,0.24617367615247704,0.5673317471221955,1,0.24305158814515526,0.5880203482200829,0
resnext29_8x64d__pathmnist_split_02__seed1__d0.5,pathmnist,d0.5,0.3,5,184|217|200|193|206,1,0.2910363552168611,0.6459295024534483,1,0.2845588632121987,0.6477486506684818,0
resnext29_8x64d__pathmnist_split_02__seed1__d5.0,pathmnist,d5,0.05,5,187|201|197|223|192,0,,0.0,0,,0.0,0
resnext29_8x64d__pathmnist_split_02__seed1__d5.0,pathmnist,d5,0.1,5,187|201|197|223|192,0,,0.0,0,,0.0,0
resnext29_8x64d__pathmnist_split_02__seed1__d5.0,pathmnist,d5,0.15,5,187|201|197|223|192,0,,0.0,0,,0.0,0
resnext29_8x64d__pathmnist_split_02__seed1__d5.0,pathmnist,d5,0.2,5,187|201|197|223|192,1,0.15695507993374527,0.1507783939417992,1,0.1830581473133575,0.3484312121375497,0
resnext29_8x64d__pathmnist_split_02__seed1__d5.0,pathmnist,d5,0.25,5,187|201|197|223|192,1,0.23813420864430523,0.43132022654001934,1,0.2368655395111109,0.541923382512238,0
resnext29_8x64d__pathmnist_split_02__seed1__d5.0,pathmnist,d5,0.3,5,187|201|197|223|192,1,0.2410122217245002,0.4880039024198151,1,0.27614472235312154,0.6142611439907505,0
resnext29_8x64d__pathmnist_split_02__seed2__d0.5,pathmnist,d0.5,0.05,5,204|181|225|184|206,0,,0.0,0,,0.0,0
resnext29_8x64d__pathmnist_split_02__seed2__d0.5,pathmnist,d0.5,0.1,5,204|181|225|184|206,0,,0.0,0,,0.0,0
resnext29_8x64d__pathmnist_split_02__seed2__d0.5,pathmnist,d0.5,0.15,5,204|181|225|184|206,0,,0.0,0,,0.0,0
resnext29_8x64d__pathmnist_split_02__seed2__d0.5,pathmnist,d0.5,0.2,5,204|181|225|184|206,0,,0.0,1,0.1905512078693971,0.21496108386335971,1
resnext29_8x64d__pathmnist_split_02__seed2__d0.5,pathmnist,d0.5,0.25,5,204|181|225|184|206,1,0.24024457425792076,0.24633551451443664,1,0.22201152814058567,0.33088641741158903,0
resnext29_8x64d__pathmnist_split_02__seed2__d0.5,pathmnist,d0.5,0.3,5,204|181|225|184|206,1,0.2953540424445346,0.34785689827278904,1,0.28518166282978474,0.4659041571191052,0
resnext29_8x64d__pathmnist_split_02__seed2__d5.0,pathmnist,d5,0.05,5,210|186|213|208|183,0,,0.0,0,,0.0,0
resnext29_8x64d__pathmnist_split_02__seed2__d5.0,pathmnist,d5,0.1,5,210|186|213|208|183,0,,0.0,1,0.0793932542319881,0.3235911022963449,1
resnext29_8x64d__pathmnist_split_02__seed2__d5.0,pathmnist,d5,0.15,5,210|186|213|208|183,1,0.13917647748243184,0.3547393356495095,1,0.09533309456512717,0.37352989016780636,0
resnext29_8x64d__pathmnist_split_02__seed2__d5.0,pathmnist,d5,0.2,5,210|186|213|208|183,1,0.18987882032731404,0.4784987646373189,1,0.1747942338904323,0.49048478220366265,0
resnext29_8x64d__pathmnist_split_02__seed2__d5.0,pathmnist,d5,0.25,5,210|186|213|208|183,1,0.238454324495556,0.5166602366910762,1,0.204783430530849,0.5429512892143806,0
resnext29_8x64d__pathmnist_split_02__seed2__d5.0,pathmnist,d5,0.3,5,210|186|213|208|183,1,0.25870445368647693,0.5673317471221955,1,0.2846498734994878,0.6562721362085105,0
resnext29_8x64d__pathmnist_split_02__seed3__d0.5,pathmnist,d0.5,0.05,5,186|211|202|211|190,0,,0.0,0,,0.0,0
resnext29_8x64d__pathmnist_split_02__seed3__d0.5,pathmnist,d0.5,0.1,5,186|211|202|211|190,0,,0.0,0,,0.0,0
resnext29_8x64d__pathmnist_split_02__seed3__d0.5,pathmnist,d0.5,0.15,5,186|211|202|211|190,1,0.13348327785342087,0.3364164260861594,1,0.12222426228191692,0.3555187908777272,0
resnext29_8x64d__pathmnist_split_02__seed3__d0.5,pathmnist,d0.5,0.2,5,186|211|202|211|190,1,0.1927075603290089,0.3939920881474064,1,0.19533424228185509,0.4953428302819646,0
resnext29_8x64d__pathmnist_split_02__seed3__d0.5,pathmnist,d0.5,0.25,5,186|211|202|211|190,1,0.19339972923084484,0.4383602931351893,1,0.21217605844721854,0.542969913741246,0
resnext29_8x64d__pathmnist_split_02__seed3__d0.5,pathmnist,d0.5,0.3,5,186|211|202|211|190,1,0.2744890259052248,0.5576272924063064,1,0.2926549464639109,0.6493846694124753,0
resnext29_8x64d__pathmnist_split_02__seed3__d5.0,pathmnist,d5,0.05,5,204|184|203|212|197,0,,0.0,0,,0.0,0
resnext29_8x64d__pathmnist_split_02__seed3__d5.0,pathmnist,d5,0.1,5,204|184|203|212|197,0,,0.0,0,,0.0,0
resnext29_8x64d__pathmnist_split_02__seed3__d5.0,pathmnist,d5,0.15,5,204|184|203|212|197,0,,0.0,0,,0.0,0
resnext29_8x64d__pathmnist_split_02__seed3__d5.0,pathmnist,d5,0.2,5,204|184|203|212|197,1,0.1725174014895637,0.38008965446928306,1,0.1623278892129342,0.4187456373905167,0
resnext29_8x64d__pathmnist_split_02__seed3__d5.0,pathmnist,d5,0.25,5,204|184|203|212|197,1,0.21077737387299345,0.5142640608270497,1,0.19189518487038743,0.5544596142940197,0
resnext29_8x64d__pathmnist_split_02__seed3__d5.0,pathmnist,d5,0.3,5,204|184|203|212|197,1,0.2742377014852642,0.5770617644437988,1,0.2991429920503854,0.7228499770123029,0
resnext29_8x64d__pathmnist_split_02__seed4__d0.5,pathmnist,d0.5,0.05,5,187|202|201|205|205,0,,0.0,0,,0.0,0
resnext29_8x64d__pathmnist_split_02__seed4__d0.5,pathmnist,d0.5,0.1,5,187|202|201|205|205,1,0.09372893118509718,0.3113830638558988,1,0.08284129397623011,0.43336405700025554,0
resnext29_8x64d__pathmnist_split_02__seed4__d0.5,pathmnist,d0.5,0.15,5,187|202|201|205|205,1,0.13505983856863918,0.4548374358228305,1,0.1433262015517381,0.513396380673883,0
resnext29_8x64d__pathmnist_split_02__seed4__d0.5,pathmnist,d0.5,0.2,5,187|202|201|205|205,1,0.18979008882646978,0.5118693767258353,1,0.19037874657222803,0.5694696642114382,0
resnext29_8x64d__pathmnist_split_02__seed4__d0.5,pathmnist,d0.5,0.25,5,187|202|201|205|205,1,0.2259819267731033,0.5455320850253138,1,0.24618634186717028,0.6484631321410239,0
resnext29_8x64d__pathmnist_split_02__seed4__d0.5,pathmnist,d0.5,0.3,5,187|202|201|205|205,1,0.276371062647456,0.6658689367521469,1,0.2822194795084166,0.7034985535439682,0
resnext29_8x64d__pathmnist_split_02__seed4__d5.0,pathmnist,d5,0.05,5,215|184|210|207|184,0,,0.0,0,,0.0,0
resnext29_8x64d__pathmnist_split_02__seed4__d5.0,pathmnist,d5,0.1,5,215|184|210|207|184,0,,0.0,0,,0.0,0
resnext29_8x64d__pathmnist_split_02__seed4__d5.0,pathmnist,d5,0.15,5,215|184|210|207|184,1,0.14210140629356557,0.44776717273232713,1,0.140473174329726,0.4656324109772902,0
resnext29_8x64d__pathmnist_split_02__seed4__d5.0,pathmnist,d5,0.2,5,215|184|210|207|184,1,0.17906829167121469,0.4880039024198151,1,0.19688181552699913,0.5659895739448774,0
resnext29_8x64d__pathmnist_split_02__seed4__d5.0,pathmnist,d5,0.25,5,215|184|210|207|184,1,0.21306917774653772,0.538293559406418,1,0.24524287371119266,0.6281784050891206,0
resnext29_8x64d__pathmnist_split_02__seed4__d5.0,pathmnist,d5,0.3,5,215|184|210|207|184,1,0.279405228010411,0.6484151294109608,1,0.2710183517718857,0.672283786486272,0
resnext29_8x64d__pathmnist_split_03__seed0__d0.5,pathmnist,d0.5,0.05,5,194|209|191|206|200,0,,0.0,0,,0.0,0
resnext29_8x64d__pathmnist_split_03__seed0__d0.5,pathmnist,d0.5,0.1,5,194|209|191|206|200,0,,0.0,0,,0.0,0
resnext29_8x64d__pathmnist_split_03__seed0__d0.5,pathmnist,d0.5,0.15,5,194|209|191|206|200,0,,0.0,0,,0.0,0
resnext29_8x64d__pathmnist_split_03__seed0__d0.5,pathmnist,d0.5,0.2,5,194|209|191|206|200,0,,0.0,1,0.1943137056691453,0.2534519996829124,1
resnext29_8x64d__pathmnist_split_03__seed0__d0.5,pathmnist,d0.5,0.25,5,194|209|191|206|200,1,0.2319335633105958,0.2916840666897215,1,0.21767619228769758,0.3196005474552293,0
resnext29_8x64d__pathmnist_split_03__seed0__d0.5,pathmnist,d0.5,0.3,5,194|209|191|206|200,1,0.26780739339787,0.29851396248881046,1,0.286150019955131,0.3673990958961805,0
resnext29_8x64d__pathmnist_split_03__seed0__d5.0,pathmnist,d5,0.05,5,211|203|208|182|196,0,,0.0,0,,0.0,0
resnext29_8x64d__pathmnist_split_03__seed0__d5.0,pathmnist,d5,0.1,5,211|203|208|182|196,0,,0.0,0,,0.0,0
resnext29_8x64d__pathmnist_split_03__seed0__d5.0,pathmnist,d5,0.15,5,211|203|208|182|196,0,,0.0,0,,0.0,0
resnext29_8x64d__pathmnist_split_03__seed0__d5.0,pathmnist,d5,0.2,5,211|203|208|182|196,0,,0.0,1,0.19139548314793,0.26041080973926795,1
resnext29_8x64d__pathmnist_split_03__seed0__d5.0,pathmnist,d5,0.25,5,211|203|208|182|196,1,0.22806543945780172,0.3335115873022793,1,0.24485137792005124,0.42476599565920137,0
resnext29_8x64d__pathmnist_split_03__seed0__d5.0,pathmnist,d5,0.3,5,211|203|208|182|196,1,0.25273625863714216,0.4146936896673587,1,0.2836531042030446,0.5366297000720802,0
resnext29_8x64d__pathmnist_split_03__seed1__d0.5,pathmnist,d0.5,0.05,5,201|194|207|200|198,0,,0.0,0,,0.0,0
resnext29_8x64d__pathmnist_split_03__seed1__d0.5,pathmnist,d0.5,0.1,5,201|194|207|200|198,0,,0.0,0,,0.0,0
resnext29_8x64d__pathmnist_split_03__seed1__d0.5,pathmnist,d0.5,0.15,5,201|194|207|200|198,0,,0.0,0,,0.0,0
resnext29_8x64d__pathmnist_split_03__seed1__d0.5,pathmnist,d0.5,0.2,5,201|194|207|200|198,0,,0.0,1,0.1859876710335917,0.294883747907687,1
resnext29_8x64d__pathmnist_split_03__seed1__d0.5,pathmnist,d0.5,0.25,5,201|194|207|200|198,1,0.2391710460339366,0.3588281030125907,1,0.20807565510357331,0.4027796664419664,0
resnext29_8x64d__pathmnist_split_03__seed1__d0.5,pathmnist,d0.5,0.3,5,201|194|207|200|198,1,0.2751221400435892,0.42879218138376257,1,0.28997716027370607,0.5740055960815901,0
resnext29_8x64d__pathmnist_split_03__seed1__d5.0,pathmnist,d5,0.05,5,207|205|187|199|202,0,,0.0,0,,0.0,0
resnext29_8x64d__pathmnist_split_03__seed1__d5.0,pathmnist,d5,0.1,5,207|205|187|199|202,0,,0.0,0,,0.0,0
resnext29_8x64d__pathmnist_split_03__seed1__d5.0,pathmnist,d5,0.15,5,207|205|187|199|202,0,,0.0,0,,0.0,0
resnext29_8x64d__pathmnist_split_03__seed1__d5.0,pathmnist,d5,0.2,5,207|205|187|199|202,0,,0.0,1,0.17671031370590773,0.34519518808863514,1
resnext29_8x64d__pathmnist_split_03__seed1__d5.0,pathmnist,d5,0.25,5,207|205|187|199|202,1,0.21190627040200685,0.15578324229516802,1,0.20880109376579575,0.4584205809569142,0
resnext29_8x64d__pathmnist_split_03__seed1__d5.0,pathmnist,d5,0.3,5,207|205|187|199|202,1,0.2887657561391946,0.5096766376869271,1,0.24196359431955888,0.5412613117653569,0
resnext29_8x64d__pathmnist_split_03__seed2__d0.5,pathmnist,d0.5,0.05,5,191|202|191|206|210,0,,0.0,0,,0.0,0
resnext29_8x64d__pathmnist_split_03__seed2__d0.5,pathmnist,d0.5,0.1,5,191|202|191|206|210,0,,0.0,0,,0.0,0
resnext29_8x64d__pathmnist_split_03__seed2__d0.5,pathmnist,d0.5,0.15,5,191|202|191|206|210,0,,0.0,1,0.14665110872547132,0.16453184674724652,1
resnext29_8x64d__pathmnist_split_03__seed2__d0.5,pathmnist,d0.5,0.2,5,191|202|191|206|210,1,0.17887962333291774,0.16947585374707913,1,0.18733109129521808,0.27965880441684166,0
resnext29_8x64d__pathmnist_split_03__seed2__d0.5,pathmnist,d0.5,0.25,5,191|202|191|206|210,1,0.22806543945780172,0.34039767608806204,1,0.24987043443904705,0.44316613176679787,0
resnext29_8x64d__pathmnist_split_03__seed2__d0.5,pathmnist,d0.5,0.3,5,191|202|191|206|210,1,0.23076428662551324,0.3936444887102283,1,0.28953621298204196,0.5076764180578379,0
resnext29_8x64d__pathmnist_split_03__seed2__d5.0,pathmnist,d5,0.05,5,212|177|215|197|199,0,,0.0,0,,0.0,0
resnext29_8x64d__pathmnist_split_03__seed2__d5.0,pathmnist,d5,0.1,5,212|177|215|197|199,0,,0.0,0,,0.0,0
resnext29_8x64d__pathmnist_split_03__seed2__d5.0,pathmnist,d5,0.15,5,212|177|215|197|199,0,,0.0,0,,0.0,0
resnext29_8x64d__pathmnist_split_03__seed2__d5.0,pathmnist,d5,0.2,5,212|177|215|197|199,0,,0.0,1,0.1916534699575826,0.1871571188455004,1
resnext29_8x64d__pathmnist_split_03__seed2__d5.0,pathmnist,d5,0.25,5,212|177|215|197|199,1,0.22191960432712363,0.22978632340278846,1,0.20874789796634075,0.24227207693510372,0
resnext29_8x64d__pathmnist_split_03__seed2__d5.0,pathmnist,d5,0.3,5,212|177|215|197|199,1,0.24827244284840227,0.33810076551849033,1,0.29720902928701803,0.4814935629795071,0
resnext29_8x64d__pathmnist_split_03__seed3__d0.5,pathmnist,d0.5,0.05,5,220|208|187|190|195,0,,0.0,0,,0.0,0
resnext29_8x64d__pathmnist_split_03__seed3__d0.5,pathmnist,d0.5,0.1,5,220|208|187|190|195,0,,0.0,0,,0.0,0
resnext29_8x64d__pathmnist_split_03__seed3__d0.5,pathmnist,d0.5,0.15,5,220|208|187|190|195,0,,0.0,0,,0.0,0
resnext29_8x64d__pathmnist_split_03__seed3__d0.5,pathmnist,d0.5,0.2,5,220|208|187|190|195,0,,0.0,0,,0.0,0
resnext29_8x64d__pathmnist_split_03__seed3__d0.5,pathmnist,d0.5,0.25,5,220|208|187|190|195,1,0.24662745632376792,0.13668421848061388,1,0.20547508483070812,0.17208455099440084,0
resnext29_8x64d__pathmnist_split_03__seed3__d0.5,pathmnist,d0.5,0.3,5,220|208|187|190|195,1,0.2939057345981017,0.24755719169558857,1,0.29965861506645425,0.41013215385288126,0
resnext29_8x64d__pathmnist_split_03__seed3__d5.0,pathmnist,d5,0.05,5,207|202|197|189|205,0,,0.0,0,,0.0,0
resnext29_8x64d__pathmnist_split_03__seed3__d5.0,pathmnist,d5,0.1,5,207|202|197|189|205,0,,0.0,0,,0.0,0
resnext29_8x64d__pathmnist_split_03__seed3__d5.0,pathmnist,d5,0.15,5,207|202|197|189|205,0,,0.0,0,,0.0,0
resnext29_8x64d__pathmnist_split_03__seed3__d5.0,pathmnist,d5,0.2,5,207|202|197|189|205,0,,0.0,1,0.1962943721322067,0.07090025579255047,1
resnext29_8x64d__pathmnist_split_03__seed3__d5.0,pathmnist,d5,0.25,5,207|202|197|189|205,1,0.2483552405823274,0.18159374417248683,1,0.23041415949152888,0.19044874908746773,0
resnext29_8x64d__pathmnist_split_03__seed3__d5.0,pathmnist,d5,0.3,5,207|202|197|189|205,1,0.2770836747097834,0.22978632340278846,1,0.2247803408031322,0.2505841688658516,0
resnext29_8x64d__pathmnist_split_03__seed4__d0.5,pathmnist,d0.5,0.05,5,193|220|193|202|192,0,,0.0,0,,0.0,0
resnext29_8x64d__pathmnist_split_03__seed4__d0.5,pathmnist,d0.5,0.1,5,193|220|193|202|192,0,,0.0,0,,0.0,0
resnext29_8x64d__pathmnist_split_03__seed4__d0.5,pathmnist,d0.5,0.15,5,193|220|193|202|192,0,,0.0,0,,0.0,0
resnext29_8x64d__pathmnist_split_03__seed4__d0.5,pathmnist,d0.5,0.2,5,193|220|193|202|192,1,0.19398120902577812,0.2187431630858342,1,0.19950791915724914,0.30057597924593044,0
resnext29_8x64d__pathmnist_split_03__seed4__d0.5,pathmnist,d0.5,0.25,5,193|220|193|202|192,1,0.2284990985463728,0.27218582858773,1,0.20954528038178552,0.31056544897801974,0
resnext29_8x64d__pathmnist_split_03__seed4__d0.5,pathmnist,d0.5,0.3,5,193|220|193|202|192,1,0.25190435937956895,0.28796941030775913,1,0.29740190801929023,0.43873110582951136,0
resnext29_8x64d__pathmnist_split_03__seed4__d5.0,pathmnist,d5,0.05,5,207|218|199|182|194,0,,0.0,0,,0.0,0
resnext29_8x64d__pathmnist_split_03__seed4__d5.0,pathmnist,d5,0.1,5,207|218|199|182|194,0,,0.0,0,,0.0,0
resnext29_8x64d__pathmnist_split_03__seed4__d5.0,pathmnist,d5,0.15,5,207|218|199|182|194,0,,0.0,0,,0.0,0
resnext29_8x64d__pathmnist_split_03__seed4__d5.0,pathmnist,d5,0.2,5,207|218|199|182|194,1,0.19997008917794665,0.292494279738149,1,0.17775033935890716,0.33550531644408627,0
resnext29_8x64d__pathmnist_split_03__seed4__d5.0,pathmnist,d5,0.25,5,207|218|199|182|194,1,0.21836679957000263,0.3588281030125907,1,0.24151841215713965,0.510241698409357,0
resnext29_8x64d__pathmnist_split_03__seed4__d5.0,pathmnist,d5,0.3,5,207|218|199|182|194,1,0.2968152153792322,0.5024711886809027,1,0.2820617939645006,0.549119899149056,0
resnext29_8x64d__pathmnist_split_04__seed0__d0.5,pathmnist,d0.5,0.05,5,212|180|204|191|213,0,,0.0,0,,0.0,0
resnext29_8x64d__pathmnist_split_04__seed0__d0.5,pathmnist,d0.5,0.1,5,212|180|204|191|213,0,,0.0,0,,0.0,0
resnext29_8x64d__pathmnist_split_04__seed0__d0.5,pathmnist,d0.5,0.15,5,212|180|204|191|213,0,,0.0,0,,0.0,0
resnext29_8x64d__pathmnist_split_04__seed0__d0.5,pathmnist,d0.5,0.2,5,212|180|204|191|213,0,,0.0,0,,0.0,0
resnext29_8x64d__pathmnist_split_04__seed0__d0.5,pathmnist,d0.5,0.25,5,212|180|204|191|213,0,,0.0,0,,0.0,0
resnext29_8x64d__pathmnist_split_04__seed0__d0.5,pathmnist,d0.5,0.3,5,212|180|204|191|213,0,,0.0,0,,0.0,0
resnext29_8x64d__pathmnist_split_04__seed0__d5.0,pathmnist,d5,0.05,5,203|210|189|190|208,0,,0.0,0,,0.0,0
resnext29_8x64d__pathmnist_split_04__seed0__d5.0,pathmnist,d5,0.1,5,203|210|189|190|208,0,,0.0,0,,0.0,0
resnext29_8x64d__pathmnist_split_04__seed0__d5.0,pathmnist,d5,0.15,5,203|210|189|190|208,0,,0.0,0,,0.0,0
resnext29_8x64d__pathmnist_split_04__seed0__d5.0,pathmnist,d5,0.2,5,203|210|189|190|208,0,,0.0,0,,0.0,0
resnext29_8x64d__pathmnist_split_04__seed0__d5.0,pathmnist,d5,0.25,5,203|210|189|190|208,0,,0.0,0,,0.0,0
resnext29_8x64d__pathmnist_split_04__seed0__d5.0,pathmnist,d5,0.3,5,203|210|189|190|208,1,0.26575674266810845,0.5783058367698721,1,0.25555509733641807,0.6054493018852134,0
resnext29_8x64d__pathmnist_split_04__seed1__d0.5,pathmnist,d0.5,0.05,5,195|203|169|224|209,0,,0.0,0,,0.0,0
resnext29_8x64d__pathmnist_split_04__seed1__d0.5,pathmnist,d0.5,0.1,5,195|203|169|224|209,0,,0.0,0,,0.0,0
resnext29_8x64d__pathmnist_split_04__seed1__d0.5,pathmnist,d0.5,0.15,5,195|203|169|224|209,0,,0.0,1,0.14791038027988723,0.17232951212250724,1
resnext29_8x64d__pathmnist_split_04__seed1__d0.5,pathmnist,d0.5,0.2,5,195|203|169|224|209,1,0.17528859868442367,0.16839194775927221,1,0.1935783551029486,0.2058786745786993,0
resnext29_8x64d__pathmnist_split_04__seed1__d0.5,pathmnist,d0.5,0.25,5,195|203|169|224|209,1,0.24351275374660394,0.20225729149984306,1,0.21757987824543823,0.21679164770724854,0
resnext29_8x64d__pathmnist_split_04__seed1__d0.5,pathmnist,d0.5,0.3,5,195|203|169|224|209,1,0.23745409223247246,0.20866816403703248,1,0.29440123988689115,0.26735111365538394,0
resnext29_8x64d__pathmnist_split_04__seed1__d5.0,pathmnist,d5,0.05,5,188|185|196|219|212,0,,0.0,0,,0.0,0
resnext29_8x64d__pathmnist_split_04__seed1__d5.0,pathmnist,d5,0.1,5,188|185|196|219|212,0,,0.0,0,,0.0,0
resnext29_8x64d__pathmnist_split_04__seed1__d5.0,pathmnist,d5,0.15,5,188|185|196|219|212,0,,0.0,0,,0.0,0
resnext29_8x64d__pathmnist_split_04__seed1__d5.0,pathmnist,d5,0.2,5,188|185|196|219|212,0,,0.0,0,,0.0,0
resnext29_8x64d__pathmnist_split_04__seed1__d5.0,pathmnist,d5,0.25,5,188|185|196|219|212,0,,0.0,0,,0.0,0
resnext29_8x64d__pathmnist_split_04__seed1__d5.0,pathmnist,d5,0.3,5,188|185|196|219|212,0,,0.0,1,0.2896463244599079,0.6393664943966285,1
resnext29_8x64d__pathmnist_split_04__seed2__d0.5,pathmnist,d0.5,0.05,5,201|195|177|226|201,0,,0.0,0,,0.0,0
resnext29_8x64d__pathmnist_split_04__seed2__d0.5,pathmnist,d0.5,0.1,5,201|195|177|226|201,0,,0.0,0,,0.0,0
resnext29_8x64d__pathmnist_split_04__seed2__d0.5,pathmnist,d0.5,0.15,5,201|195|177|226|201,0,,0.0,0,,0.0,0
resnext29_8x64d__pathmnist_split_04__seed2__d0.5,pathmnist,d0.5,0.2,5,201|195|177|226|201,0,,0.0,0,,0.0,0
resnext29_8x64d__pathmnist_split_04__seed2__d0.5,pathmnist,d0.5,0.25,5,201|195|177|226|201,0,,0.0,0,,0.0,0
resnext29_8x64d__pathmnist_split_04__seed2__d0.5,pathmnist,d0.5,0.3,5,201|195|177|226|201,0,,0.0,0,,0.0,0
resnext29_8x64d__pathmnist_split_04__seed2__d5.0,pathmnist,d5,0.05,5,198|202|211|193|196,0,,0.0,0,,0.0,0
resnext29_8x64d__pathmnist_split_04__seed2__d5.0,pathmnist,d5,0.1,5,198|202|211|193|196,0,,0.0,0,,0.0,0
resnext29_8x64d__pathmnist_split_04__seed2__d5.0,pathmnist,d5,0.15,5,198|202|211|193|196,0,,0.0,0,,0.0,0
resnext29_8x64d__pathmnist_split_04__seed2__d5.0,pathmnist,d5,0.2,5,198|202|211|193|196,0,,0.0,0,,0.0,0
resnext29_8x64d__pathmnist_split_04__seed2__d5.0,pathmnist,d5,0.25,5,198|202|211|193|196,0,,0.0,0,,0.0,0
resnext29_8x64d__pathmnist_split_04__seed2__d5.0,pathmnist,d5,0.3,5,198|202|211|193|196,0,,0.0,1,0.2896174088263497,0.390436529802475,1
resnext29_8x64d__pathmnist_split_04__seed3__d0.5,pathmnist,d0.5,0.05,5,225|193|182|208|192,0,,0.0,0,,0.0,0
resnext29_8x64d__pathmnist_split_04__seed3__d0.5,pathmnist,d0.5,0.1,5,225|193|182|208|192,0,,0.0,0,,0.0,0
resnext29_8x64d__pathmnist_split_04__seed3__d0.5,pathmnist,d0.5,0.15,5,225|193|182|208|192,0,,0.0,0,,0.0,0
resnext29_8x64d__pathmnist_split_04__seed3__d0.5,pathmnist,d0.5,0.2,5,225|193|182|208|192,0,,0.0,0,,0.0,0
resnext29_8x64d__pathmnist_split_04__seed3__d0.5,pathmnist,d0.5,0.25,5,225|193|182|208|192,0,,0.0,0,,0.0,0
resnext29_8x64d__pathmnist_split_04__seed3__d0.5,pathmnist,d0.5,0.3,5,225|193|182|208|192,0,,0.0,1,0.2832721966905409,0.6570402134374691,1
resnext29_8x64d__pathmnist_split_04__seed3__d5.0,pathmnist,d5,0.05,5,202|187|194|208|209,0,,0.0,0,,0.0,0
resnext29_8x64d__pathmnist_split_04__seed3__d5.0,pathmnist,d5,0.1,5,202|187|194|208|209,0,,0.0,0,,0.0,0
resnext29_8x64d__pathmnist_split_04__seed3__d5.0,pathmnist,d5,0.15,5,202|187|194|208|209,0,,0.0,0,,0.0,0
resnext29_8x64d__pathmnist_split_04__seed3__d5.0,pathmnist,d5,0.2,5,202|187|194|208|209,0,,0.0,0,,0.0,0
resnext29_8x64d__pathmnist_split_04__seed3__d5.0,pathmnist,d5,0.25,5,202|187|194|208|209,0,,0.0,0,,0.0,0
resnext29_8x64d__pathmnist_split_04__seed3__d5.0,pathmnist,d5,0.3,5,202|187|194|208|209,0,,0.0,0,,0.0,0
resnext29_8x64d__pathmnist_split_04__seed4__d0.5,pathmnist,d0.5,0.05,5,196|221|205|209|169,0,,0.0,0,,0.0,0
resnext29_8x64d__pathmnist_split_04__seed4__d0.5,pathmnist,d0.5,0.1,5,196|221|205|209|169,0,,0.0,0,,0.0,0
resnext29_8x64d__pathmnist_split_04__seed4__d0.5,pathmnist,d0.5,0.15,5,196|221|205|209|169,0,,0.0,0,,0.0,0
resnext29_8x64d__pathmnist_split_04__seed4__d0.5,pathmnist,d0.5,0.2,5,196|221|205|209|169,0,,0.0,0,,0.0,0
resnext29_8x64d__pathmnist_split_04__seed4__d0.5,pathmnist,d0.5,0.25,5,196|221|205|209|169,0,,0.0,0,,0.0,0
resnext29_8x64d__pathmnist_split_04__seed4__d0.5,pathmnist,d0.5,0.3,5,196|221|205|209|169,0,,0.0,0,,0.0,0
resnext29_8x64d__pathmnist_split_04__seed4__d5.0,pathmnist,d5,0.05,5,177|201|212|204|206,0,,0.0,0,,0.0,0
resnext29_8x64d__pathmnist_split_04__seed4__d5.0,pathmnist,d5,0.1,5,177|201|212|204|206,0,,0.0,0,,0.0,0
resnext29_8x64d__pathmnist_split_04__seed4__d5.0,pathmnist,d5,0.15,5,177|201|212|204|206,0,,0.0,0,,0.0,0
resnext29_8x64d__pathmnist_split_04__seed4__d5.0,pathmnist,d5,0.2,5,177|201|212|204|206,0,,0.0,0,,0.0,0
resnext29_8x64d__pathmnist_split_04__seed4__d5.0,pathmnist,d5,0.25,5,177|201|212|204|206,0,,0.0,0,,0.0,0
resnext29_8x64d__pathmnist_split_04__seed4__d5.0,pathmnist,d5,0.3,5,177|201|212|204|206,0,,0.0,0,,0.0,0
