result_key,stem,split_id,train_seed,alpha,group_name,group_index,accepted_count_Ag,accepted_error_count_Kg,reservoir_n_g_drawn,empirical_accepted_risk,cp_risk_ucb,cp_width,accept_rate_lcb,supports,is_binding_group,group_failure_reason
fed_isic2019__fed-isic__split00__seed0__dna__alphaANY__variantANY|alpha0.05|grouped,fed_isic2019__fed-isic__split00__seed0__dna__alphaANY__variantANY,split00,0,0.05,HAM_derived,0,0,0,98,,1.0,,0.0,False,False,no_accepted_units_A_g=0
fed_isic2019__fed-isic__split00__seed0__dna__alphaANY__variantANY|alpha0.05|grouped,fed_isic2019__fed-isic__split00__seed0__dna__alphaANY__variantANY,split00,0,0.05,other,1,3,2,76,0.6666666666666666,0.9972144702507099,0.33054780358404323,0.005418655504559311,True,True,empirical_risk_>=_alpha (point estimate already over target)
fed_isic2019__fed-isic__split00__seed0__dna__alphaANY__variantANY|alpha0.1|grouped,fed_isic2019__fed-isic__split00__seed0__dna__alphaANY__variantANY,split00,0,0.1,HAM_derived,0,0,0,98,,1.0,,0.0,False,False,no_accepted_units_A_g=0
fed_isic2019__fed-isic__split00__seed0__dna__alphaANY__variantANY|alpha0.1|grouped,fed_isic2019__fed-isic__split00__seed0__dna__alphaANY__variantANY,split00,0,0.1,other,1,3,2,76,0.6666666666666666,0.9972144702507099,0.33054780358404323,0.005418655504559311,True,True,empirical_risk_>=_alpha (point estimate already over target)
fed_isic2019__fed-isic__split00__seed0__dna__alphaANY__variantANY|alpha0.15|grouped,fed_isic2019__fed-isic__split00__seed0__dna__alphaANY__variantANY,split00,0,0.15,HAM_derived,0,0,0,98,,1.0,,0.0,False,False,no_accepted_units_A_g=0
fed_isic2019__fed-isic__split00__seed0__dna__alphaANY__variantANY|alpha0.15|grouped,fed_isic2019__fed-isic__split00__seed0__dna__alphaANY__variantANY,split00,0,0.15,other,1,3,2,76,0.6666666666666666,0.9972144702507099,0.33054780358404323,0.005418655504559311,True,True,empirical_risk_>=_alpha (point estimate already over target)
fed_isic2019__fed-isic__split00__seed0__dna__alphaANY__variantANY|alpha0.2|grouped,fed_isic2019__fed-isic__split00__seed0__dna__alphaANY__variantANY,split00,0,0.2,HAM_derived,0,0,0,98,,1.0,,0.0,False,False,no_accepted_units_A_g=0
fed_isic2019__fed-isic__split00__seed0__dna__alphaANY__variantANY|alpha0.2|grouped,fed_isic2019__fed-isic__split00__seed0__dna__alphaANY__variantANY,split00,0,0.2,other,1,3,2,76,0.6666666666666666,0.9972144702507099,0.33054780358404323,0.005418655504559311,True,True,empirical_risk_>=_alpha (point estimate already over target)
fed_isic2019__fed-isic__split00__seed0__dna__alphaANY__variantANY|alpha0.25|grouped,fed_isic2019__fed-isic__split00__seed0__dna__alphaANY__variantANY,split00,0,0.25,HAM_derived,0,0,0,98,,1.0,,0.0,False,False,no_accepted_units_A_g=0
fed_isic2019__fed-isic__split00__seed0__dna__alphaANY__variantANY|alpha0.25|grouped,fed_isic2019__fed-isic__split00__seed0__dna__alphaANY__variantANY,split00,0,0.25,other,1,3,2,76,0.6666666666666666,0.9972144702507099,0.33054780358404323,0.005418655504559311,True,True,empirical_risk_>=_alpha (point estimate already over target)
fed_isic2019__fed-isic__split00__seed0__dna__alphaANY__variantANY|alpha0.3|grouped,fed_isic2019__fed-isic__split00__seed0__dna__alphaANY__variantANY,split00,0,0.3,HAM_derived,0,0,0,98,,1.0,,0.0,False,False,no_accepted_units_A_g=0
fed_isic2019__fed-isic__split00__seed0__dna__alphaANY__variantANY|alpha0.3|grouped,fed_isic2019__fed-isic__split00__seed0__dna__alphaANY__variantANY,split00,0,0.3,other,1,3,2,76,0.6666666666666666,0.9972144702507099,0.33054780358404323,0.005418655504559311,True,True,empirical_risk_>=_alpha (point estimate already over target)
fed_isic2019__fed-isic__split00__seed1__dna__alphaANY__variantANY|alpha0.05|grouped,fed_isic2019__fed-isic__split00__seed1__dna__alphaANY__variantANY,split00,1,0.05,HAM_derived,0,0,0,98,,1.0,,0.0,False,False,no_accepted_units_A_g=0
fed_isic2019__fed-isic__split00__seed1__dna__alphaANY__variantANY|alpha0.05|grouped,fed_isic2019__fed-isic__split00__seed1__dna__alphaANY__variantANY,split00,1,0.05,other,1,0,0,76,,1.0,,0.0,False,False,no_accepted_units_A_g=0
fed_isic2019__fed-isic__split00__seed1__dna__alphaANY__variantANY|alpha0.1|grouped,fed_isic2019__fed-isic__split00__seed1__dna__alphaANY__variantANY,split00,1,0.1,HAM_derived,0,0,0,98,,1.0,,0.0,False,False,no_accepted_units_A_g=0
fed_isic2019__fed-isic__split00__seed1__dna__alphaANY__variantANY|alpha0.1|grouped,fed_isic2019__fed-isic__split00__seed1__dna__alphaANY__variantANY,split00,1,0.1,other,1,0,0,76,,1.0,,0.0,False,False,no_accepted_units_A_g=0
fed_isic2019__fed-isic__split00__seed1__dna__alphaANY__variantANY|alpha0.15|grouped,fed_isic2019__fed-isic__split00__seed1__dna__alphaANY__variantANY,split00,1,0.15,HAM_derived,0,0,0,98,,1.0,,0.0,False,False,no_accepted_units_A_g=0
fed_isic2019__fed-isic__split00__seed1__dna__alphaANY__variantANY|alpha0.15|grouped,fed_isic2019__fed-isic__split00__seed1__dna__alphaANY__variantANY,split00,1,0.15,other,1,0,0,76,,1.0,,0.0,False,False,no_accepted_units_A_g=0
fed_isic2019__fed-isic__split00__seed1__dna__alphaANY__variantANY|alpha0.2|grouped,fed_isic2019__fed-isic__split00__seed1__dna__alphaANY__variantANY,split00,1,0.2,HAM_derived,0,0,0,98,,1.0,,0.0,False,False,no_accepted_units_A_g=0
fed_isic2019__fed-isic__split00__seed1__dna__alphaANY__variantANY|alpha0.2|grouped,fed_isic2019__fed-isic__split00__seed1__dna__alphaANY__variantANY,split00,1,0.2,other,1,0,0,76,,1.0,,0.0,False,False,no_accepted_units_A_g=0
fed_isic2019__fed-isic__split00__seed1__dna__alphaANY__variantANY|alpha0.25|grouped,fed_isic2019__fed-isic__split00__seed1__dna__alphaANY__variantANY,split00,1,0.25,HAM_derived,0,0,0,98,,1.0,,0.0,False,False,no_accepted_units_A_g=0
fed_isic2019__fed-isic__split00__seed1__dna__alphaANY__variantANY|alpha0.25|grouped,fed_isic2019__fed-isic__split00__seed1__dna__alphaANY__variantANY,split00,1,0.25,other,1,0,0,76,,1.0,,0.0,False,False,no_accepted_units_A_g=0
fed_isic2019__fed-isic__split00__seed1__dna__alphaANY__variantANY|alpha0.3|grouped,fed_isic2019__fed-isic__split00__seed1__dna__alphaANY__variantANY,split00,1,0.3,HAM_derived,0,0,0,98,,1.0,,0.0,False,False,no_accepted_units_A_g=0
fed_isic2019__fed-isic__split00__seed1__dna__alphaANY__variantANY|alpha0.3|grouped,fed_isic2019__fed-isic__split00__seed1__dna__alphaANY__variantANY,split00,1,0.3,other,1,0,0,76,,1.0,,0.0,False,False,no_accepted_units_A_g=0
fed_isic2019__fed-isic__split00__seed2__dna__alphaANY__variantANY|alpha0.05|grouped,fed_isic2019__fed-isic__split00__seed2__dna__alphaANY__variantANY,split00,2,0.05,HAM_derived,0,2,0,98,0.0,0.9087129070824723,0.9087129070824723,0.0013837537976549748,True,False,cp_width_blocks (empirical<alpha but finite-sample UCB>alpha)
fed_isic2019__fed-isic__split00__seed2__dna__alphaANY__variantANY|alpha0.05|grouped,fed_isic2019__fed-isic__split00__seed2__dna__alphaANY__variantANY,split00,2,0.05,other,1,1,0,76,0.0,0.9916666666666667,0.9916666666666667,0.00011010248657255178,True,True,cp_width_blocks (empirical<alpha but finite-sample UCB>alpha)
fed_isic2019__fed-isic__split00__seed2__dna__alphaANY__variantANY|alpha0.1|grouped,fed_isic2019__fed-isic__split00__seed2__dna__alphaANY__variantANY,split00,2,0.1,HAM_derived,0,2,0,98,0.0,0.9087129070824723,0.9087129070824723,0.0013837537976549748,True,False,cp_width_blocks (empirical<alpha but finite-sample UCB>alpha)
fed_isic2019__fed-isic__split00__seed2__dna__alphaANY__variantANY|alpha0.1|grouped,fed_isic2019__fed-isic__split00__seed2__dna__alphaANY__variantANY,split00,2,0.1,other,1,1,0,76,0.0,0.9916666666666667,0.9916666666666667,0.00011010248657255178,True,True,cp_width_blocks (empirical<alpha but finite-sample UCB>alpha)
fed_isic2019__fed-isic__split00__seed2__dna__alphaANY__variantANY|alpha0.15|grouped,fed_isic2019__fed-isic__split00__seed2__dna__alphaANY__variantANY,split00,2,0.15,HAM_derived,0,2,0,98,0.0,0.9087129070824723,0.9087129070824723,0.0013837537976549748,True,False,cp_width_blocks (empirical<alpha but finite-sample UCB>alpha)
fed_isic2019__fed-isic__split00__seed2__dna__alphaANY__variantANY|alpha0.15|grouped,fed_isic2019__fed-isic__split00__seed2__dna__alphaANY__variantANY,split00,2,0.15,other,1,1,0,76,0.0,0.9916666666666667,0.9916666666666667,0.00011010248657255178,True,True,cp_width_blocks (empirical<alpha but finite-sample UCB>alpha)
fed_isic2019__fed-isic__split00__seed2__dna__alphaANY__variantANY|alpha0.2|grouped,fed_isic2019__fed-isic__split00__seed2__dna__alphaANY__variantANY,split00,2,0.2,HAM_derived,0,2,0,98,0.0,0.9087129070824723,0.9087129070824723,0.0013837537976549748,True,False,cp_width_blocks (empirical<alpha but finite-sample UCB>alpha)
fed_isic2019__fed-isic__split00__seed2__dna__alphaANY__variantANY|alpha0.2|grouped,fed_isic2019__fed-isic__split00__seed2__dna__alphaANY__variantANY,split00,2,0.2,other,1,1,0,76,0.0,0.9916666666666667,0.9916666666666667,0.00011010248657255178,True,True,cp_width_blocks (empirical<alpha but finite-sample UCB>alpha)
fed_isic2019__fed-isic__split00__seed2__dna__alphaANY__variantANY|alpha0.25|grouped,fed_isic2019__fed-isic__split00__seed2__dna__alphaANY__variantANY,split00,2,0.25,HAM_derived,0,2,0,98,0.0,0.9087129070824723,0.9087129070824723,0.0013837537976549748,True,False,cp_width_blocks (empirical<alpha but finite-sample UCB>alpha)
fed_isic2019__fed-isic__split00__seed2__dna__alphaANY__variantANY|alpha0.25|grouped,fed_isic2019__fed-isic__split00__seed2__dna__alphaANY__variantANY,split00,2,0.25,other,1,1,0,76,0.0,0.9916666666666667,0.9916666666666667,0.00011010248657255178,True,True,cp_width_blocks (empirical<alpha but finite-sample UCB>alpha)
fed_isic2019__fed-isic__split00__seed2__dna__alphaANY__variantANY|alpha0.3|grouped,fed_isic2019__fed-isic__split00__seed2__dna__alphaANY__variantANY,split00,2,0.3,HAM_derived,0,2,0,98,0.0,0.9087129070824723,0.9087129070824723,0.0013837537976549748,True,False,cp_width_blocks (empirical<alpha but finite-sample UCB>alpha)
fed_isic2019__fed-isic__split00__seed2__dna__alphaANY__variantANY|alpha0.3|grouped,fed_isic2019__fed-isic__split00__seed2__dna__alphaANY__variantANY,split00,2,0.3,other,1,1,0,76,0.0,0.9916666666666667,0.9916666666666667,0.00011010248657255178,True,True,cp_width_blocks (empirical<alpha but finite-sample UCB>alpha)
fed_isic2019__fed-isic__split00__seed3__dna__alphaANY__variantANY|alpha0.05|grouped,fed_isic2019__fed-isic__split00__seed3__dna__alphaANY__variantANY,split00,3,0.05,HAM_derived,0,0,0,98,,1.0,,0.0,False,False,no_accepted_units_A_g=0
fed_isic2019__fed-isic__split00__seed3__dna__alphaANY__variantANY|alpha0.05|grouped,fed_isic2019__fed-isic__split00__seed3__dna__alphaANY__variantANY,split00,3,0.05,other,1,0,0,76,,1.0,,0.0,False,False,no_accepted_units_A_g=0
fed_isic2019__fed-isic__split00__seed3__dna__alphaANY__variantANY|alpha0.1|grouped,fed_isic2019__fed-isic__split00__seed3__dna__alphaANY__variantANY,split00,3,0.1,HAM_derived,0,0,0,98,,1.0,,0.0,False,False,no_accepted_units_A_g=0
fed_isic2019__fed-isic__split00__seed3__dna__alphaANY__variantANY|alpha0.1|grouped,fed_isic2019__fed-isic__split00__seed3__dna__alphaANY__variantANY,split00,3,0.1,other,1,0,0,76,,1.0,,0.0,False,False,no_accepted_units_A_g=0
fed_isic2019__fed-isic__split00__seed3__dna__alphaANY__variantANY|alpha0.15|grouped,fed_isic2019__fed-isic__split00__seed3__dna__alphaANY__variantANY,split00,3,0.15,HAM_derived,0,0,0,98,,1.0,,0.0,False,False,no_accepted_units_A_g=0
fed_isic2019__fed-isic__split00__seed3__dna__alphaANY__variantANY|alpha0.15|grouped,fed_isic2019__fed-isic__split00__seed3__dna__alphaANY__variantANY,split00,3,0.15,other,1,0,0,76,,1.0,,0.0,False,False,no_accepted_units_A_g=0
fed_isic2019__fed-isic__split00__seed3__dna__alphaANY__variantANY|alpha0.2|grouped,fed_isic2019__fed-isic__split00__seed3__dna__alphaANY__variantANY,split00,3,0.2,HAM_derived,0,0,0,98,,1.0,,0.0,False,False,no_accepted_units_A_g=0
fed_isic2019__fed-isic__split00__seed3__dna__alphaANY__variantANY|alpha0.2|grouped,fed_isic2019__fed-isic__split00__seed3__dna__alphaANY__variantANY,split00,3,0.2,other,1,0,0,76,,1.0,,0.0,False,False,no_accepted_units_A_g=0
fed_isic2019__fed-isic__split00__seed3__dna__alphaANY__variantANY|alpha0.25|grouped,fed_isic2019__fed-isic__split00__seed3__dna__alphaANY__variantANY,split00,3,0.25,HAM_derived,0,0,0,98,,1.0,,0.0,False,False,no_accepted_units_A_g=0
fed_isic2019__fed-isic__split00__seed3__dna__alphaANY__variantANY|alpha0.25|grouped,fed_isic2019__fed-isic__split00__seed3__dna__alphaANY__variantANY,split00,3,0.25,other,1,0,0,76,,1.0,,0.0,False,False,no_accepted_units_A_g=0
fed_isic2019__fed-isic__split00__seed3__dna__alphaANY__variantANY|alpha0.3|grouped,fed_isic2019__fed-isic__split00__seed3__dna__alphaANY__variantANY,split00,3,0.3,HAM_derived,0,0,0,98,,1.0,,0.0,False,False,no_accepted_units_A_g=0
fed_isic2019__fed-isic__split00__seed3__dna__alphaANY__variantANY|alpha0.3|grouped,fed_isic2019__fed-isic__split00__seed3__dna__alphaANY__variantANY,split00,3,0.3,other,1,0,0,76,,1.0,,0.0,False,False,no_accepted_units_A_g=0
fed_isic2019__fed-isic__split00__seed4__dna__alphaANY__variantANY|alpha0.05|grouped,fed_isic2019__fed-isic__split00__seed4__dna__alphaANY__variantANY,split00,4,0.05,HAM_derived,0,0,0,98,,1.0,,0.0,False,False,no_accepted_units_A_g=0
fed_isic2019__fed-isic__split00__seed4__dna__alphaANY__variantANY|alpha0.05|grouped,fed_isic2019__fed-isic__split00__seed4__dna__alphaANY__variantANY,split00,4,0.05,other,1,0,0,76,,1.0,,0.0,False,False,no_accepted_units_A_g=0
fed_isic2019__fed-isic__split00__seed4__dna__alphaANY__variantANY|alpha0.1|grouped,fed_isic2019__fed-isic__split00__seed4__dna__alphaANY__variantANY,split00,4,0.1,HAM_derived,0,0,0,98,,1.0,,0.0,False,False,no_accepted_units_A_g=0
fed_isic2019__fed-isic__split00__seed4__dna__alphaANY__variantANY|alpha0.1|grouped,fed_isic2019__fed-isic__split00__seed4__dna__alphaANY__variantANY,split00,4,0.1,other,1,0,0,76,,1.0,,0.0,False,False,no_accepted_units_A_g=0
fed_isic2019__fed-isic__split00__seed4__dna__alphaANY__variantANY|alpha0.15|grouped,fed_isic2019__fed-isic__split00__seed4__dna__alphaANY__variantANY,split00,4,0.15,HAM_derived,0,0,0,98,,1.0,,0.0,False,False,no_accepted_units_A_g=0
fed_isic2019__fed-isic__split00__seed4__dna__alphaANY__variantANY|alpha0.15|grouped,fed_isic2019__fed-isic__split00__seed4__dna__alphaANY__variantANY,split00,4,0.15,other,1,0,0,76,,1.0,,0.0,False,False,no_accepted_units_A_g=0
fed_isic2019__fed-isic__split00__seed4__dna__alphaANY__variantANY|alpha0.2|grouped,fed_isic2019__fed-isic__split00__seed4__dna__alphaANY__variantANY,split00,4,0.2,HAM_derived,0,0,0,98,,1.0,,0.0,False,False,no_accepted_units_A_g=0
fed_isic2019__fed-isic__split00__seed4__dna__alphaANY__variantANY|alpha0.2|grouped,fed_isic2019__fed-isic__split00__seed4__dna__alphaANY__variantANY,split00,4,0.2,other,1,0,0,76,,1.0,,0.0,False,False,no_accepted_units_A_g=0
fed_isic2019__fed-isic__split00__seed4__dna__alphaANY__variantANY|alpha0.25|grouped,fed_isic2019__fed-isic__split00__seed4__dna__alphaANY__variantANY,split00,4,0.25,HAM_derived,0,0,0,98,,1.0,,0.0,False,False,no_accepted_units_A_g=0
fed_isic2019__fed-isic__split00__seed4__dna__alphaANY__variantANY|alpha0.25|grouped,fed_isic2019__fed-isic__split00__seed4__dna__alphaANY__variantANY,split00,4,0.25,other,1,0,0,76,,1.0,,0.0,False,False,no_accepted_units_A_g=0
fed_isic2019__fed-isic__split00__seed4__dna__alphaANY__variantANY|alpha0.3|grouped,fed_isic2019__fed-isic__split00__seed4__dna__alphaANY__variantANY,split00,4,0.3,HAM_derived,0,0,0,98,,1.0,,0.0,False,False,no_accepted_units_A_g=0
fed_isic2019__fed-isic__split00__seed4__dna__alphaANY__variantANY|alpha0.3|grouped,fed_isic2019__fed-isic__split00__seed4__dna__alphaANY__variantANY,split00,4,0.3,other,1,0,0,76,,1.0,,0.0,False,False,no_accepted_units_A_g=0
fed_isic2019__fed-isic__split01__seed0__dna__alphaANY__variantANY|alpha0.05|grouped,fed_isic2019__fed-isic__split01__seed0__dna__alphaANY__variantANY,split01,0,0.05,HAM_derived,0,5,0,136,0.0,0.6161480503626224,0.6161480503626224,0.009078612096402665,True,False,cp_width_blocks (empirical<alpha but finite-sample UCB>alpha)
fed_isic2019__fed-isic__split01__seed0__dna__alphaANY__variantANY|alpha0.05|grouped,fed_isic2019__fed-isic__split01__seed0__dna__alphaANY__variantANY,split01,0,0.05,other,1,1,0,48,0.0,0.9916666666666667,0.9916666666666667,0.00017432333872317103,True,True,cp_width_blocks (empirical<alpha but finite-sample UCB>alpha)
fed_isic2019__fed-isic__split01__seed0__dna__alphaANY__variantANY|alpha0.1|grouped,fed_isic2019__fed-isic__split01__seed0__dna__alphaANY__variantANY,split01,0,0.1,HAM_derived,0,5,0,136,0.0,0.6161480503626224,0.6161480503626224,0.009078612096402665,True,False,cp_width_blocks (empirical<alpha but finite-sample UCB>alpha)
fed_isic2019__fed-isic__split01__seed0__dna__alphaANY__variantANY|alpha0.1|grouped,fed_isic2019__fed-isic__split01__seed0__dna__alphaANY__variantANY,split01,0,0.1,other,1,1,0,48,0.0,0.9916666666666667,0.9916666666666667,0.00017432333872317103,True,True,cp_width_blocks (empirical<alpha but finite-sample UCB>alpha)
fed_isic2019__fed-isic__split01__seed0__dna__alphaANY__variantANY|alpha0.15|grouped,fed_isic2019__fed-isic__split01__seed0__dna__alphaANY__variantANY,split01,0,0.15,HAM_derived,0,5,0,136,0.0,0.6161480503626224,0.6161480503626224,0.009078612096402665,True,False,cp_width_blocks (empirical<alpha but finite-sample UCB>alpha)
fed_isic2019__fed-isic__split01__seed0__dna__alphaANY__variantANY|alpha0.15|grouped,fed_isic2019__fed-isic__split01__seed0__dna__alphaANY__variantANY,split01,0,0.15,other,1,1,0,48,0.0,0.9916666666666667,0.9916666666666667,0.00017432333872317103,True,True,cp_width_blocks (empirical<alpha but finite-sample UCB>alpha)
fed_isic2019__fed-isic__split01__seed0__dna__alphaANY__variantANY|alpha0.2|grouped,fed_isic2019__fed-isic__split01__seed0__dna__alphaANY__variantANY,split01,0,0.2,HAM_derived,0,5,0,136,0.0,0.6161480503626224,0.6161480503626224,0.009078612096402665,True,False,cp_width_blocks (empirical<alpha but finite-sample UCB>alpha)
fed_isic2019__fed-isic__split01__seed0__dna__alphaANY__variantANY|alpha0.2|grouped,fed_isic2019__fed-isic__split01__seed0__dna__alphaANY__variantANY,split01,0,0.2,other,1,1,0,48,0.0,0.9916666666666667,0.9916666666666667,0.00017432333872317103,True,True,cp_width_blocks (empirical<alpha but finite-sample UCB>alpha)
fed_isic2019__fed-isic__split01__seed0__dna__alphaANY__variantANY|alpha0.25|grouped,fed_isic2019__fed-isic__split01__seed0__dna__alphaANY__variantANY,split01,0,0.25,HAM_derived,0,5,0,136,0.0,0.6161480503626224,0.6161480503626224,0.009078612096402665,True,False,cp_width_blocks (empirical<alpha but finite-sample UCB>alpha)
fed_isic2019__fed-isic__split01__seed0__dna__alphaANY__variantANY|alpha0.25|grouped,fed_isic2019__fed-isic__split01__seed0__dna__alphaANY__variantANY,split01,0,0.25,other,1,1,0,48,0.0,0.9916666666666667,0.9916666666666667,0.00017432333872317103,True,True,cp_width_blocks (empirical<alpha but finite-sample UCB>alpha)
fed_isic2019__fed-isic__split01__seed0__dna__alphaANY__variantANY|alpha0.3|grouped,fed_isic2019__fed-isic__split01__seed0__dna__alphaANY__variantANY,split01,0,0.3,HAM_derived,0,5,0,136,0.0,0.6161480503626224,0.6161480503626224,0.009078612096402665,True,False,cp_width_blocks (empirical<alpha but finite-sample UCB>alpha)
fed_isic2019__fed-isic__split01__seed0__dna__alphaANY__variantANY|alpha0.3|grouped,fed_isic2019__fed-isic__split01__seed0__dna__alphaANY__variantANY,split01,0,0.3,other,1,1,0,48,0.0,0.9916666666666667,0.9916666666666667,0.00017432333872317103,True,True,cp_width_blocks (empirical<alpha but finite-sample UCB>alpha)
fed_isic2019__fed-isic__split01__seed1__dna__alphaANY__variantANY|alpha0.05|grouped,fed_isic2019__fed-isic__split01__seed1__dna__alphaANY__variantANY,split01,1,0.05,HAM_derived,0,5,0,136,0.0,0.6161480503626224,0.6161480503626224,0.009078612096402665,True,True,cp_width_blocks (empirical<alpha but finite-sample UCB>alpha)
fed_isic2019__fed-isic__split01__seed1__dna__alphaANY__variantANY|alpha0.05|grouped,fed_isic2019__fed-isic__split01__seed1__dna__alphaANY__variantANY,split01,1,0.05,other,1,0,0,48,,1.0,,0.0,False,False,no_accepted_units_A_g=0
fed_isic2019__fed-isic__split01__seed1__dna__alphaANY__variantANY|alpha0.1|grouped,fed_isic2019__fed-isic__split01__seed1__dna__alphaANY__variantANY,split01,1,0.1,HAM_derived,0,5,0,136,0.0,0.6161480503626224,0.6161480503626224,0.009078612096402665,True,True,cp_width_blocks (empirical<alpha but finite-sample UCB>alpha)
fed_isic2019__fed-isic__split01__seed1__dna__alphaANY__variantANY|alpha0.1|grouped,fed_isic2019__fed-isic__split01__seed1__dna__alphaANY__variantANY,split01,1,0.1,other,1,0,0,48,,1.0,,0.0,False,False,no_accepted_units_A_g=0
fed_isic2019__fed-isic__split01__seed1__dna__alphaANY__variantANY|alpha0.15|grouped,fed_isic2019__fed-isic__split01__seed1__dna__alphaANY__variantANY,split01,1,0.15,HAM_derived,0,5,0,136,0.0,0.6161480503626224,0.6161480503626224,0.009078612096402665,True,True,cp_width_blocks (empirical<alpha but finite-sample UCB>alpha)
fed_isic2019__fed-isic__split01__seed1__dna__alphaANY__variantANY|alpha0.15|grouped,fed_isic2019__fed-isic__split01__seed1__dna__alphaANY__variantANY,split01,1,0.15,other,1,0,0,48,,1.0,,0.0,False,False,no_accepted_units_A_g=0
fed_isic2019__fed-isic__split01__seed1__dna__alphaANY__variantANY|alpha0.2|grouped,fed_isic2019__fed-isic__split01__seed1__dna__alphaANY__variantANY,split01,1,0.2,HAM_derived,0,5,0,136,0.0,0.6161480503626224,0.6161480503626224,0.009078612096402665,True,True,cp_width_blocks (empirical<alpha but finite-sample UCB>alpha)
fed_isic2019__fed-isic__split01__seed1__dna__alphaANY__variantANY|alpha0.2|grouped,fed_isic2019__fed-isic__split01__seed1__dna__alphaANY__variantANY,split01,1,0.2,other,1,0,0,48,,1.0,,0.0,False,False,no_accepted_units_A_g=0
fed_isic2019__fed-isic__split01__seed1__dna__alphaANY__variantANY|alpha0.25|grouped,fed_isic2019__fed-isic__split01__seed1__dna__alphaANY__variantANY,split01,1,0.25,HAM_derived,0,5,0,136,0.0,0.6161480503626224,0.6161480503626224,0.009078612096402665,True,True,cp_width_blocks (empirical<alpha but finite-sample UCB>alpha)
fed_isic2019__fed-isic__split01__seed1__dna__alphaANY__variantANY|alpha0.25|grouped,fed_isic2019__fed-isic__split01__seed1__dna__alphaANY__variantANY,split01,1,0.25,other,1,0,0,48,,1.0,,0.0,False,False,no_accepted_units_A_g=0
fed_isic2019__fed-isic__split01__seed1__dna__alphaANY__variantANY|alpha0.3|grouped,fed_isic2019__fed-isic__split01__seed1__dna__alphaANY__variantANY,split01,1,0.3,HAM_derived,0,5,0,136,0.0,0.6161480503626224,0.6161480503626224,0.009078612096402665,True,True,cp_width_blocks (empirical<alpha but finite-sample UCB>alpha)
fed_isic2019__fed-isic__split01__seed1__dna__alphaANY__variantANY|alpha0.3|grouped,fed_isic2019__fed-isic__split01__seed1__dna__alphaANY__variantANY,split01,1,0.3,other,1,0,0,48,,1.0,,0.0,False,False,no_accepted_units_A_g=0
fed_isic2019__fed-isic__split01__seed2__dna__alphaANY__variantANY|alpha0.05|grouped,fed_isic2019__fed-isic__split01__seed2__dna__alphaANY__variantANY,split01,2,0.05,HAM_derived,0,6,0,136,0.0,0.5497333384325314,0.5497333384325314,0.012767207527162332,True,False,cp_width_blocks (empirical<alpha but finite-sample UCB>alpha)
fed_isic2019__fed-isic__split01__seed2__dna__alphaANY__variantANY|alpha0.05|grouped,fed_isic2019__fed-isic__split01__seed2__dna__alphaANY__variantANY,split01,2,0.05,other,1,1,0,48,0.0,0.9916666666666667,0.9916666666666667,0.00017432333872317103,True,True,cp_width_blocks (empirical<alpha but finite-sample UCB>alpha)
fed_isic2019__fed-isic__split01__seed2__dna__alphaANY__variantANY|alpha0.1|grouped,fed_isic2019__fed-isic__split01__seed2__dna__alphaANY__variantANY,split01,2,0.1,HAM_derived,0,6,0,136,0.0,0.5497333384325314,0.5497333384325314,0.012767207527162332,True,False,cp_width_blocks (empirical<alpha but finite-sample UCB>alpha)
fed_isic2019__fed-isic__split01__seed2__dna__alphaANY__variantANY|alpha0.1|grouped,fed_isic2019__fed-isic__split01__seed2__dna__alphaANY__variantANY,split01,2,0.1,other,1,1,0,48,0.0,0.9916666666666667,0.9916666666666667,0.00017432333872317103,True,True,cp_width_blocks (empirical<alpha but finite-sample UCB>alpha)
fed_isic2019__fed-isic__split01__seed2__dna__alphaANY__variantANY|alpha0.15|grouped,fed_isic2019__fed-isic__split01__seed2__dna__alphaANY__variantANY,split01,2,0.15,HAM_derived,0,6,0,136,0.0,0.5497333384325314,0.5497333384325314,0.012767207527162332,True,False,cp_width_blocks (empirical<alpha but finite-sample UCB>alpha)
fed_isic2019__fed-isic__split01__seed2__dna__alphaANY__variantANY|alpha0.15|grouped,fed_isic2019__fed-isic__split01__seed2__dna__alphaANY__variantANY,split01,2,0.15,other,1,1,0,48,0.0,0.9916666666666667,0.9916666666666667,0.00017432333872317103,True,True,cp_width_blocks (empirical<alpha but finite-sample UCB>alpha)
fed_isic2019__fed-isic__split01__seed2__dna__alphaANY__variantANY|alpha0.2|grouped,fed_isic2019__fed-isic__split01__seed2__dna__alphaANY__variantANY,split01,2,0.2,HAM_derived,0,6,0,136,0.0,0.5497333384325314,0.5497333384325314,0.012767207527162332,True,False,cp_width_blocks (empirical<alpha but finite-sample UCB>alpha)
fed_isic2019__fed-isic__split01__seed2__dna__alphaANY__variantANY|alpha0.2|grouped,fed_isic2019__fed-isic__split01__seed2__dna__alphaANY__variantANY,split01,2,0.2,other,1,1,0,48,0.0,0.9916666666666667,0.9916666666666667,0.00017432333872317103,True,True,cp_width_blocks (empirical<alpha but finite-sample UCB>alpha)
fed_isic2019__fed-isic__split01__seed2__dna__alphaANY__variantANY|alpha0.25|grouped,fed_isic2019__fed-isic__split01__seed2__dna__alphaANY__variantANY,split01,2,0.25,HAM_derived,0,6,0,136,0.0,0.5497333384325314,0.5497333384325314,0.012767207527162332,True,False,cp_width_blocks (empirical<alpha but finite-sample UCB>alpha)
fed_isic2019__fed-isic__split01__seed2__dna__alphaANY__variantANY|alpha0.25|grouped,fed_isic2019__fed-isic__split01__seed2__dna__alphaANY__variantANY,split01,2,0.25,other,1,1,0,48,0.0,0.9916666666666667,0.9916666666666667,0.00017432333872317103,True,True,cp_width_blocks (empirical<alpha but finite-sample UCB>alpha)
fed_isic2019__fed-isic__split01__seed2__dna__alphaANY__variantANY|alpha0.3|grouped,fed_isic2019__fed-isic__split01__seed2__dna__alphaANY__variantANY,split01,2,0.3,HAM_derived,0,6,0,136,0.0,0.5497333384325314,0.5497333384325314,0.012767207527162332,True,False,cp_width_blocks (empirical<alpha but finite-sample UCB>alpha)
fed_isic2019__fed-isic__split01__seed2__dna__alphaANY__variantANY|alpha0.3|grouped,fed_isic2019__fed-isic__split01__seed2__dna__alphaANY__variantANY,split01,2,0.3,other,1,1,0,48,0.0,0.9916666666666667,0.9916666666666667,0.00017432333872317103,True,True,cp_width_blocks (empirical<alpha but finite-sample UCB>alpha)
fed_isic2019__fed-isic__split01__seed3__dna__alphaANY__variantANY|alpha0.05|grouped,fed_isic2019__fed-isic__split01__seed3__dna__alphaANY__variantANY,split01,3,0.05,HAM_derived,0,0,0,136,,1.0,,0.0,False,False,no_accepted_units_A_g=0
fed_isic2019__fed-isic__split01__seed3__dna__alphaANY__variantANY|alpha0.05|grouped,fed_isic2019__fed-isic__split01__seed3__dna__alphaANY__variantANY,split01,3,0.05,other,1,0,0,48,,1.0,,0.0,False,False,no_accepted_units_A_g=0
fed_isic2019__fed-isic__split01__seed3__dna__alphaANY__variantANY|alpha0.1|grouped,fed_isic2019__fed-isic__split01__seed3__dna__alphaANY__variantANY,split01,3,0.1,HAM_derived,0,0,0,136,,1.0,,0.0,False,False,no_accepted_units_A_g=0
fed_isic2019__fed-isic__split01__seed3__dna__alphaANY__variantANY|alpha0.1|grouped,fed_isic2019__fed-isic__split01__seed3__dna__alphaANY__variantANY,split01,3,0.1,other,1,0,0,48,,1.0,,0.0,False,False,no_accepted_units_A_g=0
fed_isic2019__fed-isic__split01__seed3__dna__alphaANY__variantANY|alpha0.15|grouped,fed_isic2019__fed-isic__split01__seed3__dna__alphaANY__variantANY,split01,3,0.15,HAM_derived,0,0,0,136,,1.0,,0.0,False,False,no_accepted_units_A_g=0
fed_isic2019__fed-isic__split01__seed3__dna__alphaANY__variantANY|alpha0.15|grouped,fed_isic2019__fed-isic__split01__seed3__dna__alphaANY__variantANY,split01,3,0.15,other,1,0,0,48,,1.0,,0.0,False,False,no_accepted_units_A_g=0
fed_isic2019__fed-isic__split01__seed3__dna__alphaANY__variantANY|alpha0.2|grouped,fed_isic2019__fed-isic__split01__seed3__dna__alphaANY__variantANY,split01,3,0.2,HAM_derived,0,0,0,136,,1.0,,0.0,False,False,no_accepted_units_A_g=0
fed_isic2019__fed-isic__split01__seed3__dna__alphaANY__variantANY|alpha0.2|grouped,fed_isic2019__fed-isic__split01__seed3__dna__alphaANY__variantANY,split01,3,0.2,other,1,0,0,48,,1.0,,0.0,False,False,no_accepted_units_A_g=0
fed_isic2019__fed-isic__split01__seed3__dna__alphaANY__variantANY|alpha0.25|grouped,fed_isic2019__fed-isic__split01__seed3__dna__alphaANY__variantANY,split01,3,0.25,HAM_derived,0,0,0,136,,1.0,,0.0,False,False,no_accepted_units_A_g=0
fed_isic2019__fed-isic__split01__seed3__dna__alphaANY__variantANY|alpha0.25|grouped,fed_isic2019__fed-isic__split01__seed3__dna__alphaANY__variantANY,split01,3,0.25,other,1,0,0,48,,1.0,,0.0,False,False,no_accepted_units_A_g=0
fed_isic2019__fed-isic__split01__seed3__dna__alphaANY__variantANY|alpha0.3|grouped,fed_isic2019__fed-isic__split01__seed3__dna__alphaANY__variantANY,split01,3,0.3,HAM_derived,0,0,0,136,,1.0,,0.0,False,False,no_accepted_units_A_g=0
fed_isic2019__fed-isic__split01__seed3__dna__alphaANY__variantANY|alpha0.3|grouped,fed_isic2019__fed-isic__split01__seed3__dna__alphaANY__variantANY,split01,3,0.3,other,1,0,0,48,,1.0,,0.0,False,False,no_accepted_units_A_g=0
fed_isic2019__fed-isic__split01__seed4__dna__alphaANY__variantANY|alpha0.05|grouped,fed_isic2019__fed-isic__split01__seed4__dna__alphaANY__variantANY,split01,4,0.05,HAM_derived,0,1,1,136,1.0,1.0,0.0,6.152935456894037e-05,True,True,empirical_risk_>=_alpha (point estimate already over target)
fed_isic2019__fed-isic__split01__seed4__dna__alphaANY__variantANY|alpha0.05|grouped,fed_isic2019__fed-isic__split01__seed4__dna__alphaANY__variantANY,split01,4,0.05,other,1,0,0,48,,1.0,,0.0,False,False,no_accepted_units_A_g=0
fed_isic2019__fed-isic__split01__seed4__dna__alphaANY__variantANY|alpha0.1|grouped,fed_isic2019__fed-isic__split01__seed4__dna__alphaANY__variantANY,split01,4,0.1,HAM_derived,0,1,1,136,1.0,1.0,0.0,6.152935456894037e-05,True,True,empirical_risk_>=_alpha (point estimate already over target)
fed_isic2019__fed-isic__split01__seed4__dna__alphaANY__variantANY|alpha0.1|grouped,fed_isic2019__fed-isic__split01__seed4__dna__alphaANY__variantANY,split01,4,0.1,other,1,0,0,48,,1.0,,0.0,False,False,no_accepted_units_A_g=0
fed_isic2019__fed-isic__split01__seed4__dna__alphaANY__variantANY|alpha0.15|grouped,fed_isic2019__fed-isic__split01__seed4__dna__alphaANY__variantANY,split01,4,0.15,HAM_derived,0,1,1,136,1.0,1.0,0.0,6.152935456894037e-05,True,True,empirical_risk_>=_alpha (point estimate already over target)
fed_isic2019__fed-isic__split01__seed4__dna__alphaANY__variantANY|alpha0.15|grouped,fed_isic2019__fed-isic__split01__seed4__dna__alphaANY__variantANY,split01,4,0.15,other,1,0,0,48,,1.0,,0.0,False,False,no_accepted_units_A_g=0
fed_isic2019__fed-isic__split01__seed4__dna__alphaANY__variantANY|alpha0.2|grouped,fed_isic2019__fed-isic__split01__seed4__dna__alphaANY__variantANY,split01,4,0.2,HAM_derived,0,1,1,136,1.0,1.0,0.0,6.152935456894037e-05,True,True,empirical_risk_>=_alpha (point estimate already over target)
fed_isic2019__fed-isic__split01__seed4__dna__alphaANY__variantANY|alpha0.2|grouped,fed_isic2019__fed-isic__split01__seed4__dna__alphaANY__variantANY,split01,4,0.2,other,1,0,0,48,,1.0,,0.0,False,False,no_accepted_units_A_g=0
fed_isic2019__fed-isic__split01__seed4__dna__alphaANY__variantANY|alpha0.25|grouped,fed_isic2019__fed-isic__split01__seed4__dna__alphaANY__variantANY,split01,4,0.25,HAM_derived,0,1,1,136,1.0,1.0,0.0,6.152935456894037e-05,True,True,empirical_risk_>=_alpha (point estimate already over target)
fed_isic2019__fed-isic__split01__seed4__dna__alphaANY__variantANY|alpha0.25|grouped,fed_isic2019__fed-isic__split01__seed4__dna__alphaANY__variantANY,split01,4,0.25,other,1,0,0,48,,1.0,,0.0,False,False,no_accepted_units_A_g=0
fed_isic2019__fed-isic__split01__seed4__dna__alphaANY__variantANY|alpha0.3|grouped,fed_isic2019__fed-isic__split01__seed4__dna__alphaANY__variantANY,split01,4,0.3,HAM_derived,0,1,1,136,1.0,1.0,0.0,6.152935456894037e-05,True,True,empirical_risk_>=_alpha (point estimate already over target)
fed_isic2019__fed-isic__split01__seed4__dna__alphaANY__variantANY|alpha0.3|grouped,fed_isic2019__fed-isic__split01__seed4__dna__alphaANY__variantANY,split01,4,0.3,other,1,0,0,48,,1.0,,0.0,False,False,no_accepted_units_A_g=0
fed_isic2019__fed-isic__split02__seed0__dna__alphaANY__variantANY|alpha0.05|grouped,fed_isic2019__fed-isic__split02__seed0__dna__alphaANY__variantANY,split02,0,0.05,HAM_derived,0,0,0,59,,1.0,,0.0,False,False,no_accepted_units_A_g=0
fed_isic2019__fed-isic__split02__seed0__dna__alphaANY__variantANY|alpha0.05|grouped,fed_isic2019__fed-isic__split02__seed0__dna__alphaANY__variantANY,split02,0,0.05,other,1,2,1,54,0.5,0.9958246164193104,0.4958246164193104,0.0025204395291889667,True,True,empirical_risk_>=_alpha (point estimate already over target)
fed_isic2019__fed-isic__split02__seed0__dna__alphaANY__variantANY|alpha0.1|grouped,fed_isic2019__fed-isic__split02__seed0__dna__alphaANY__variantANY,split02,0,0.1,HAM_derived,0,0,0,59,,1.0,,0.0,False,False,no_accepted_units_A_g=0
fed_isic2019__fed-isic__split02__seed0__dna__alphaANY__variantANY|alpha0.1|grouped,fed_isic2019__fed-isic__split02__seed0__dna__alphaANY__variantANY,split02,0,0.1,other,1,2,1,54,0.5,0.9958246164193104,0.4958246164193104,0.0025204395291889667,True,True,empirical_risk_>=_alpha (point estimate already over target)
fed_isic2019__fed-isic__split02__seed0__dna__alphaANY__variantANY|alpha0.15|grouped,fed_isic2019__fed-isic__split02__seed0__dna__alphaANY__variantANY,split02,0,0.15,HAM_derived,0,0,0,59,,1.0,,0.0,False,False,no_accepted_units_A_g=0
fed_isic2019__fed-isic__split02__seed0__dna__alphaANY__variantANY|alpha0.15|grouped,fed_isic2019__fed-isic__split02__seed0__dna__alphaANY__variantANY,split02,0,0.15,other,1,2,1,54,0.5,0.9958246164193104,0.4958246164193104,0.0025204395291889667,True,True,empirical_risk_>=_alpha (point estimate already over target)
fed_isic2019__fed-isic__split02__seed0__dna__alphaANY__variantANY|alpha0.2|grouped,fed_isic2019__fed-isic__split02__seed0__dna__alphaANY__variantANY,split02,0,0.2,HAM_derived,0,0,0,59,,1.0,,0.0,False,False,no_accepted_units_A_g=0
fed_isic2019__fed-isic__split02__seed0__dna__alphaANY__variantANY|alpha0.2|grouped,fed_isic2019__fed-isic__split02__seed0__dna__alphaANY__variantANY,split02,0,0.2,other,1,2,1,54,0.5,0.9958246164193104,0.4958246164193104,0.0025204395291889667,True,True,empirical_risk_>=_alpha (point estimate already over target)
fed_isic2019__fed-isic__split02__seed0__dna__alphaANY__variantANY|alpha0.25|grouped,fed_isic2019__fed-isic__split02__seed0__dna__alphaANY__variantANY,split02,0,0.25,HAM_derived,0,0,0,59,,1.0,,0.0,False,False,no_accepted_units_A_g=0
fed_isic2019__fed-isic__split02__seed0__dna__alphaANY__variantANY|alpha0.25|grouped,fed_isic2019__fed-isic__split02__seed0__dna__alphaANY__variantANY,split02,0,0.25,other,1,2,1,54,0.5,0.9958246164193104,0.4958246164193104,0.0025204395291889667,True,True,empirical_risk_>=_alpha (point estimate already over target)
fed_isic2019__fed-isic__split02__seed0__dna__alphaANY__variantANY|alpha0.3|grouped,fed_isic2019__fed-isic__split02__seed0__dna__alphaANY__variantANY,split02,0,0.3,HAM_derived,0,0,0,59,,1.0,,0.0,False,False,no_accepted_units_A_g=0
fed_isic2019__fed-isic__split02__seed0__dna__alphaANY__variantANY|alpha0.3|grouped,fed_isic2019__fed-isic__split02__seed0__dna__alphaANY__variantANY,split02,0,0.3,other,1,2,1,54,0.5,0.9958246164193104,0.4958246164193104,0.0025204395291889667,True,True,empirical_risk_>=_alpha (point estimate already over target)
fed_isic2019__fed-isic__split02__seed1__dna__alphaANY__variantANY|alpha0.05|grouped,fed_isic2019__fed-isic__split02__seed1__dna__alphaANY__variantANY,split02,1,0.05,HAM_derived,0,0,0,59,,1.0,,0.0,False,False,no_accepted_units_A_g=0
fed_isic2019__fed-isic__split02__seed1__dna__alphaANY__variantANY|alpha0.05|grouped,fed_isic2019__fed-isic__split02__seed1__dna__alphaANY__variantANY,split02,1,0.05,other,1,3,0,54,0.0,0.7972599334808866,0.7972599334808866,0.00765977566406527,True,True,cp_width_blocks (empirical<alpha but finite-sample UCB>alpha)
fed_isic2019__fed-isic__split02__seed1__dna__alphaANY__variantANY|alpha0.1|grouped,fed_isic2019__fed-isic__split02__seed1__dna__alphaANY__variantANY,split02,1,0.1,HAM_derived,0,0,0,59,,1.0,,0.0,False,False,no_accepted_units_A_g=0
fed_isic2019__fed-isic__split02__seed1__dna__alphaANY__variantANY|alpha0.1|grouped,fed_isic2019__fed-isic__split02__seed1__dna__alphaANY__variantANY,split02,1,0.1,other,1,3,0,54,0.0,0.7972599334808866,0.7972599334808866,0.00765977566406527,True,True,cp_width_blocks (empirical<alpha but finite-sample UCB>alpha)
fed_isic2019__fed-isic__split02__seed1__dna__alphaANY__variantANY|alpha0.15|grouped,fed_isic2019__fed-isic__split02__seed1__dna__alphaANY__variantANY,split02,1,0.15,HAM_derived,0,0,0,59,,1.0,,0.0,False,False,no_accepted_units_A_g=0
fed_isic2019__fed-isic__split02__seed1__dna__alphaANY__variantANY|alpha0.15|grouped,fed_isic2019__fed-isic__split02__seed1__dna__alphaANY__variantANY,split02,1,0.15,other,1,3,0,54,0.0,0.7972599334808866,0.7972599334808866,0.00765977566406527,True,True,cp_width_blocks (empirical<alpha but finite-sample UCB>alpha)
fed_isic2019__fed-isic__split02__seed1__dna__alphaANY__variantANY|alpha0.2|grouped,fed_isic2019__fed-isic__split02__seed1__dna__alphaANY__variantANY,split02,1,0.2,HAM_derived,0,0,0,59,,1.0,,0.0,False,False,no_accepted_units_A_g=0
fed_isic2019__fed-isic__split02__seed1__dna__alphaANY__variantANY|alpha0.2|grouped,fed_isic2019__fed-isic__split02__seed1__dna__alphaANY__variantANY,split02,1,0.2,other,1,3,0,54,0.0,0.7972599334808866,0.7972599334808866,0.00765977566406527,True,True,cp_width_blocks (empirical<alpha but finite-sample UCB>alpha)
fed_isic2019__fed-isic__split02__seed1__dna__alphaANY__variantANY|alpha0.25|grouped,fed_isic2019__fed-isic__split02__seed1__dna__alphaANY__variantANY,split02,1,0.25,HAM_derived,0,0,0,59,,1.0,,0.0,False,False,no_accepted_units_A_g=0
fed_isic2019__fed-isic__split02__seed1__dna__alphaANY__variantANY|alpha0.25|grouped,fed_isic2019__fed-isic__split02__seed1__dna__alphaANY__variantANY,split02,1,0.25,other,1,3,0,54,0.0,0.7972599334808866,0.7972599334808866,0.00765977566406527,True,True,cp_width_blocks (empirical<alpha but finite-sample UCB>alpha)
fed_isic2019__fed-isic__split02__seed1__dna__alphaANY__variantANY|alpha0.3|grouped,fed_isic2019__fed-isic__split02__seed1__dna__alphaANY__variantANY,split02,1,0.3,HAM_derived,0,0,0,59,,1.0,,0.0,False,False,no_accepted_units_A_g=0
fed_isic2019__fed-isic__split02__seed1__dna__alphaANY__variantANY|alpha0.3|grouped,fed_isic2019__fed-isic__split02__seed1__dna__alphaANY__variantANY,split02,1,0.3,other,1,3,0,54,0.0,0.7972599334808866,0.7972599334808866,0.00765977566406527,True,True,cp_width_blocks (empirical<alpha but finite-sample UCB>alpha)
fed_isic2019__fed-isic__split02__seed2__dna__alphaANY__variantANY|alpha0.05|grouped,fed_isic2019__fed-isic__split02__seed2__dna__alphaANY__variantANY,split02,2,0.05,HAM_derived,0,0,0,59,,1.0,,0.0,False,False,no_accepted_units_A_g=0
fed_isic2019__fed-isic__split02__seed2__dna__alphaANY__variantANY|alpha0.05|grouped,fed_isic2019__fed-isic__split02__seed2__dna__alphaANY__variantANY,split02,2,0.05,other,1,0,0,54,,1.0,,0.0,False,False,no_accepted_units_A_g=0
fed_isic2019__fed-isic__split02__seed2__dna__alphaANY__variantANY|alpha0.1|grouped,fed_isic2019__fed-isic__split02__seed2__dna__alphaANY__variantANY,split02,2,0.1,HAM_derived,0,0,0,59,,1.0,,0.0,False,False,no_accepted_units_A_g=0
fed_isic2019__fed-isic__split02__seed2__dna__alphaANY__variantANY|alpha0.1|grouped,fed_isic2019__fed-isic__split02__seed2__dna__alphaANY__variantANY,split02,2,0.1,other,1,0,0,54,,1.0,,0.0,False,False,no_accepted_units_A_g=0
fed_isic2019__fed-isic__split02__seed2__dna__alphaANY__variantANY|alpha0.15|grouped,fed_isic2019__fed-isic__split02__seed2__dna__alphaANY__variantANY,split02,2,0.15,HAM_derived,0,0,0,59,,1.0,,0.0,False,False,no_accepted_units_A_g=0
fed_isic2019__fed-isic__split02__seed2__dna__alphaANY__variantANY|alpha0.15|grouped,fed_isic2019__fed-isic__split02__seed2__dna__alphaANY__variantANY,split02,2,0.15,other,1,0,0,54,,1.0,,0.0,False,False,no_accepted_units_A_g=0
fed_isic2019__fed-isic__split02__seed2__dna__alphaANY__variantANY|alpha0.2|grouped,fed_isic2019__fed-isic__split02__seed2__dna__alphaANY__variantANY,split02,2,0.2,HAM_derived,0,0,0,59,,1.0,,0.0,False,False,no_accepted_units_A_g=0
fed_isic2019__fed-isic__split02__seed2__dna__alphaANY__variantANY|alpha0.2|grouped,fed_isic2019__fed-isic__split02__seed2__dna__alphaANY__variantANY,split02,2,0.2,other,1,0,0,54,,1.0,,0.0,False,False,no_accepted_units_A_g=0
fed_isic2019__fed-isic__split02__seed2__dna__alphaANY__variantANY|alpha0.25|grouped,fed_isic2019__fed-isic__split02__seed2__dna__alphaANY__variantANY,split02,2,0.25,HAM_derived,0,0,0,59,,1.0,,0.0,False,False,no_accepted_units_A_g=0
fed_isic2019__fed-isic__split02__seed2__dna__alphaANY__variantANY|alpha0.25|grouped,fed_isic2019__fed-isic__split02__seed2__dna__alphaANY__variantANY,split02,2,0.25,other,1,0,0,54,,1.0,,0.0,False,False,no_accepted_units_A_g=0
fed_isic2019__fed-isic__split02__seed2__dna__alphaANY__variantANY|alpha0.3|grouped,fed_isic2019__fed-isic__split02__seed2__dna__alphaANY__variantANY,split02,2,0.3,HAM_derived,0,0,0,59,,1.0,,0.0,False,False,no_accepted_units_A_g=0
fed_isic2019__fed-isic__split02__seed2__dna__alphaANY__variantANY|alpha0.3|grouped,fed_isic2019__fed-isic__split02__seed2__dna__alphaANY__variantANY,split02,2,0.3,other,1,0,0,54,,1.0,,0.0,False,False,no_accepted_units_A_g=0
fed_isic2019__fed-isic__split02__seed3__dna__alphaANY__variantANY|alpha0.05|grouped,fed_isic2019__fed-isic__split02__seed3__dna__alphaANY__variantANY,split02,3,0.05,HAM_derived,0,4,0,59,0.0,0.6978624602643232,0.6978624602643232,0.013476261557151977,True,False,cp_width_blocks (empirical<alpha but finite-sample UCB>alpha)
fed_isic2019__fed-isic__split02__seed3__dna__alphaANY__variantANY|alpha0.05|grouped,fed_isic2019__fed-isic__split02__seed3__dna__alphaANY__variantANY,split02,3,0.05,other,1,1,1,54,1.0,1.0,0.0,0.0001549555796348494,True,True,empirical_risk_>=_alpha (point estimate already over target)
fed_isic2019__fed-isic__split02__seed3__dna__alphaANY__variantANY|alpha0.1|grouped,fed_isic2019__fed-isic__split02__seed3__dna__alphaANY__variantANY,split02,3,0.1,HAM_derived,0,4,0,59,0.0,0.6978624602643232,0.6978624602643232,0.013476261557151977,True,False,cp_width_blocks (empirical<alpha but finite-sample UCB>alpha)
fed_isic2019__fed-isic__split02__seed3__dna__alphaANY__variantANY|alpha0.1|grouped,fed_isic2019__fed-isic__split02__seed3__dna__alphaANY__variantANY,split02,3,0.1,other,1,1,1,54,1.0,1.0,0.0,0.0001549555796348494,True,True,empirical_risk_>=_alpha (point estimate already over target)
fed_isic2019__fed-isic__split02__seed3__dna__alphaANY__variantANY|alpha0.15|grouped,fed_isic2019__fed-isic__split02__seed3__dna__alphaANY__variantANY,split02,3,0.15,HAM_derived,0,4,0,59,0.0,0.6978624602643232,0.6978624602643232,0.013476261557151977,True,False,cp_width_blocks (empirical<alpha but finite-sample UCB>alpha)
fed_isic2019__fed-isic__split02__seed3__dna__alphaANY__variantANY|alpha0.15|grouped,fed_isic2019__fed-isic__split02__seed3__dna__alphaANY__variantANY,split02,3,0.15,other,1,1,1,54,1.0,1.0,0.0,0.0001549555796348494,True,True,empirical_risk_>=_alpha (point estimate already over target)
fed_isic2019__fed-isic__split02__seed3__dna__alphaANY__variantANY|alpha0.2|grouped,fed_isic2019__fed-isic__split02__seed3__dna__alphaANY__variantANY,split02,3,0.2,HAM_derived,0,4,0,59,0.0,0.6978624602643232,0.6978624602643232,0.013476261557151977,True,False,cp_width_blocks (empirical<alpha but finite-sample UCB>alpha)
fed_isic2019__fed-isic__split02__seed3__dna__alphaANY__variantANY|alpha0.2|grouped,fed_isic2019__fed-isic__split02__seed3__dna__alphaANY__variantANY,split02,3,0.2,other,1,1,1,54,1.0,1.0,0.0,0.0001549555796348494,True,True,empirical_risk_>=_alpha (point estimate already over target)
fed_isic2019__fed-isic__split02__seed3__dna__alphaANY__variantANY|alpha0.25|grouped,fed_isic2019__fed-isic__split02__seed3__dna__alphaANY__variantANY,split02,3,0.25,HAM_derived,0,4,0,59,0.0,0.6978624602643232,0.6978624602643232,0.013476261557151977,True,False,cp_width_blocks (empirical<alpha but finite-sample UCB>alpha)
fed_isic2019__fed-isic__split02__seed3__dna__alphaANY__variantANY|alpha0.25|grouped,fed_isic2019__fed-isic__split02__seed3__dna__alphaANY__variantANY,split02,3,0.25,other,1,1,1,54,1.0,1.0,0.0,0.0001549555796348494,True,True,empirical_risk_>=_alpha (point estimate already over target)
fed_isic2019__fed-isic__split02__seed3__dna__alphaANY__variantANY|alpha0.3|grouped,fed_isic2019__fed-isic__split02__seed3__dna__alphaANY__variantANY,split02,3,0.3,HAM_derived,0,4,0,59,0.0,0.6978624602643232,0.6978624602643232,0.013476261557151977,True,False,cp_width_blocks (empirical<alpha but finite-sample UCB>alpha)
fed_isic2019__fed-isic__split02__seed3__dna__alphaANY__variantANY|alpha0.3|grouped,fed_isic2019__fed-isic__split02__seed3__dna__alphaANY__variantANY,split02,3,0.3,other,1,1,1,54,1.0,1.0,0.0,0.0001549555796348494,True,True,empirical_risk_>=_alpha (point estimate already over target)
fed_isic2019__fed-isic__split02__seed4__dna__alphaANY__variantANY|alpha0.05|grouped,fed_isic2019__fed-isic__split02__seed4__dna__alphaANY__variantANY,split02,4,0.05,HAM_derived,0,0,0,59,,1.0,,0.0,False,False,no_accepted_units_A_g=0
fed_isic2019__fed-isic__split02__seed4__dna__alphaANY__variantANY|alpha0.05|grouped,fed_isic2019__fed-isic__split02__seed4__dna__alphaANY__variantANY,split02,4,0.05,other,1,0,0,54,,1.0,,0.0,False,False,no_accepted_units_A_g=0
fed_isic2019__fed-isic__split02__seed4__dna__alphaANY__variantANY|alpha0.1|grouped,fed_isic2019__fed-isic__split02__seed4__dna__alphaANY__variantANY,split02,4,0.1,HAM_derived,0,0,0,59,,1.0,,0.0,False,False,no_accepted_units_A_g=0
fed_isic2019__fed-isic__split02__seed4__dna__alphaANY__variantANY|alpha0.1|grouped,fed_isic2019__fed-isic__split02__seed4__dna__alphaANY__variantANY,split02,4,0.1,other,1,0,0,54,,1.0,,0.0,False,False,no_accepted_units_A_g=0
fed_isic2019__fed-isic__split02__seed4__dna__alphaANY__variantANY|alpha0.15|grouped,fed_isic2019__fed-isic__split02__seed4__dna__alphaANY__variantANY,split02,4,0.15,HAM_derived,0,0,0,59,,1.0,,0.0,False,False,no_accepted_units_A_g=0
fed_isic2019__fed-isic__split02__seed4__dna__alphaANY__variantANY|alpha0.15|grouped,fed_isic2019__fed-isic__split02__seed4__dna__alphaANY__variantANY,split02,4,0.15,other,1,0,0,54,,1.0,,0.0,False,False,no_accepted_units_A_g=0
fed_isic2019__fed-isic__split02__seed4__dna__alphaANY__variantANY|alpha0.2|grouped,fed_isic2019__fed-isic__split02__seed4__dna__alphaANY__variantANY,split02,4,0.2,HAM_derived,0,0,0,59,,1.0,,0.0,False,False,no_accepted_units_A_g=0
fed_isic2019__fed-isic__split02__seed4__dna__alphaANY__variantANY|alpha0.2|grouped,fed_isic2019__fed-isic__split02__seed4__dna__alphaANY__variantANY,split02,4,0.2,other,1,0,0,54,,1.0,,0.0,False,False,no_accepted_units_A_g=0
fed_isic2019__fed-isic__split02__seed4__dna__alphaANY__variantANY|alpha0.25|grouped,fed_isic2019__fed-isic__split02__seed4__dna__alphaANY__variantANY,split02,4,0.25,HAM_derived,0,0,0,59,,1.0,,0.0,False,False,no_accepted_units_A_g=0
fed_isic2019__fed-isic__split02__seed4__dna__alphaANY__variantANY|alpha0.25|grouped,fed_isic2019__fed-isic__split02__seed4__dna__alphaANY__variantANY,split02,4,0.25,other,1,0,0,54,,1.0,,0.0,False,False,no_accepted_units_A_g=0
fed_isic2019__fed-isic__split02__seed4__dna__alphaANY__variantANY|alpha0.3|grouped,fed_isic2019__fed-isic__split02__seed4__dna__alphaANY__variantANY,split02,4,0.3,HAM_derived,0,0,0,59,,1.0,,0.0,False,False,no_accepted_units_A_g=0
fed_isic2019__fed-isic__split02__seed4__dna__alphaANY__variantANY|alpha0.3|grouped,fed_isic2019__fed-isic__split02__seed4__dna__alphaANY__variantANY,split02,4,0.3,other,1,0,0,54,,1.0,,0.0,False,False,no_accepted_units_A_g=0
fed_isic2019__fed-isic__split03__seed0__dna__alphaANY__variantANY|alpha0.05|grouped,fed_isic2019__fed-isic__split03__seed0__dna__alphaANY__variantANY,split03,0,0.05,HAM_derived,0,0,0,62,,1.0,,0.0,False,False,no_accepted_units_A_g=0
fed_isic2019__fed-isic__split03__seed0__dna__alphaANY__variantANY|alpha0.05|grouped,fed_isic2019__fed-isic__split03__seed0__dna__alphaANY__variantANY,split03,0,0.05,other,1,0,0,54,,1.0,,0.0,False,False,no_accepted_units_A_g=0
fed_isic2019__fed-isic__split03__seed0__dna__alphaANY__variantANY|alpha0.1|grouped,fed_isic2019__fed-isic__split03__seed0__dna__alphaANY__variantANY,split03,0,0.1,HAM_derived,0,0,0,62,,1.0,,0.0,False,False,no_accepted_units_A_g=0
fed_isic2019__fed-isic__split03__seed0__dna__alphaANY__variantANY|alpha0.1|grouped,fed_isic2019__fed-isic__split03__seed0__dna__alphaANY__variantANY,split03,0,0.1,other,1,0,0,54,,1.0,,0.0,False,False,no_accepted_units_A_g=0
fed_isic2019__fed-isic__split03__seed0__dna__alphaANY__variantANY|alpha0.15|grouped,fed_isic2019__fed-isic__split03__seed0__dna__alphaANY__variantANY,split03,0,0.15,HAM_derived,0,0,0,62,,1.0,,0.0,False,False,no_accepted_units_A_g=0
fed_isic2019__fed-isic__split03__seed0__dna__alphaANY__variantANY|alpha0.15|grouped,fed_isic2019__fed-isic__split03__seed0__dna__alphaANY__variantANY,split03,0,0.15,other,1,0,0,54,,1.0,,0.0,False,False,no_accepted_units_A_g=0
fed_isic2019__fed-isic__split03__seed0__dna__alphaANY__variantANY|alpha0.2|grouped,fed_isic2019__fed-isic__split03__seed0__dna__alphaANY__variantANY,split03,0,0.2,HAM_derived,0,0,0,62,,1.0,,0.0,False,False,no_accepted_units_A_g=0
fed_isic2019__fed-isic__split03__seed0__dna__alphaANY__variantANY|alpha0.2|grouped,fed_isic2019__fed-isic__split03__seed0__dna__alphaANY__variantANY,split03,0,0.2,other,1,0,0,54,,1.0,,0.0,False,False,no_accepted_units_A_g=0
fed_isic2019__fed-isic__split03__seed0__dna__alphaANY__variantANY|alpha0.25|grouped,fed_isic2019__fed-isic__split03__seed0__dna__alphaANY__variantANY,split03,0,0.25,HAM_derived,0,0,0,62,,1.0,,0.0,False,False,no_accepted_units_A_g=0
fed_isic2019__fed-isic__split03__seed0__dna__alphaANY__variantANY|alpha0.25|grouped,fed_isic2019__fed-isic__split03__seed0__dna__alphaANY__variantANY,split03,0,0.25,other,1,0,0,54,,1.0,,0.0,False,False,no_accepted_units_A_g=0
fed_isic2019__fed-isic__split03__seed0__dna__alphaANY__variantANY|alpha0.3|grouped,fed_isic2019__fed-isic__split03__seed0__dna__alphaANY__variantANY,split03,0,0.3,HAM_derived,0,0,0,62,,1.0,,0.0,False,False,no_accepted_units_A_g=0
fed_isic2019__fed-isic__split03__seed0__dna__alphaANY__variantANY|alpha0.3|grouped,fed_isic2019__fed-isic__split03__seed0__dna__alphaANY__variantANY,split03,0,0.3,other,1,0,0,54,,1.0,,0.0,False,False,no_accepted_units_A_g=0
fed_isic2019__fed-isic__split03__seed1__dna__alphaANY__variantANY|alpha0.05|grouped,fed_isic2019__fed-isic__split03__seed1__dna__alphaANY__variantANY,split03,1,0.05,HAM_derived,0,0,0,62,,1.0,,0.0,False,False,no_accepted_units_A_g=0
fed_isic2019__fed-isic__split03__seed1__dna__alphaANY__variantANY|alpha0.05|grouped,fed_isic2019__fed-isic__split03__seed1__dna__alphaANY__variantANY,split03,1,0.05,other,1,0,0,54,,1.0,,0.0,False,False,no_accepted_units_A_g=0
fed_isic2019__fed-isic__split03__seed1__dna__alphaANY__variantANY|alpha0.1|grouped,fed_isic2019__fed-isic__split03__seed1__dna__alphaANY__variantANY,split03,1,0.1,HAM_derived,0,0,0,62,,1.0,,0.0,False,False,no_accepted_units_A_g=0
fed_isic2019__fed-isic__split03__seed1__dna__alphaANY__variantANY|alpha0.1|grouped,fed_isic2019__fed-isic__split03__seed1__dna__alphaANY__variantANY,split03,1,0.1,other,1,0,0,54,,1.0,,0.0,False,False,no_accepted_units_A_g=0
fed_isic2019__fed-isic__split03__seed1__dna__alphaANY__variantANY|alpha0.15|grouped,fed_isic2019__fed-isic__split03__seed1__dna__alphaANY__variantANY,split03,1,0.15,HAM_derived,0,0,0,62,,1.0,,0.0,False,False,no_accepted_units_A_g=0
fed_isic2019__fed-isic__split03__seed1__dna__alphaANY__variantANY|alpha0.15|grouped,fed_isic2019__fed-isic__split03__seed1__dna__alphaANY__variantANY,split03,1,0.15,other,1,0,0,54,,1.0,,0.0,False,False,no_accepted_units_A_g=0
fed_isic2019__fed-isic__split03__seed1__dna__alphaANY__variantANY|alpha0.2|grouped,fed_isic2019__fed-isic__split03__seed1__dna__alphaANY__variantANY,split03,1,0.2,HAM_derived,0,0,0,62,,1.0,,0.0,False,False,no_accepted_units_A_g=0
fed_isic2019__fed-isic__split03__seed1__dna__alphaANY__variantANY|alpha0.2|grouped,fed_isic2019__fed-isic__split03__seed1__dna__alphaANY__variantANY,split03,1,0.2,other,1,0,0,54,,1.0,,0.0,False,False,no_accepted_units_A_g=0
fed_isic2019__fed-isic__split03__seed1__dna__alphaANY__variantANY|alpha0.25|grouped,fed_isic2019__fed-isic__split03__seed1__dna__alphaANY__variantANY,split03,1,0.25,HAM_derived,0,0,0,62,,1.0,,0.0,False,False,no_accepted_units_A_g=0
fed_isic2019__fed-isic__split03__seed1__dna__alphaANY__variantANY|alpha0.25|grouped,fed_isic2019__fed-isic__split03__seed1__dna__alphaANY__variantANY,split03,1,0.25,other,1,0,0,54,,1.0,,0.0,False,False,no_accepted_units_A_g=0
fed_isic2019__fed-isic__split03__seed1__dna__alphaANY__variantANY|alpha0.3|grouped,fed_isic2019__fed-isic__split03__seed1__dna__alphaANY__variantANY,split03,1,0.3,HAM_derived,0,0,0,62,,1.0,,0.0,False,False,no_accepted_units_A_g=0
fed_isic2019__fed-isic__split03__seed1__dna__alphaANY__variantANY|alpha0.3|grouped,fed_isic2019__fed-isic__split03__seed1__dna__alphaANY__variantANY,split03,1,0.3,other,1,0,0,54,,1.0,,0.0,False,False,no_accepted_units_A_g=0
fed_isic2019__fed-isic__split03__seed2__dna__alphaANY__variantANY|alpha0.05|grouped,fed_isic2019__fed-isic__split03__seed2__dna__alphaANY__variantANY,split03,2,0.05,HAM_derived,0,0,0,62,,1.0,,0.0,False,False,no_accepted_units_A_g=0
fed_isic2019__fed-isic__split03__seed2__dna__alphaANY__variantANY|alpha0.05|grouped,fed_isic2019__fed-isic__split03__seed2__dna__alphaANY__variantANY,split03,2,0.05,other,1,0,0,54,,1.0,,0.0,False,False,no_accepted_units_A_g=0
fed_isic2019__fed-isic__split03__seed2__dna__alphaANY__variantANY|alpha0.1|grouped,fed_isic2019__fed-isic__split03__seed2__dna__alphaANY__variantANY,split03,2,0.1,HAM_derived,0,0,0,62,,1.0,,0.0,False,False,no_accepted_units_A_g=0
fed_isic2019__fed-isic__split03__seed2__dna__alphaANY__variantANY|alpha0.1|grouped,fed_isic2019__fed-isic__split03__seed2__dna__alphaANY__variantANY,split03,2,0.1,other,1,0,0,54,,1.0,,0.0,False,False,no_accepted_units_A_g=0
fed_isic2019__fed-isic__split03__seed2__dna__alphaANY__variantANY|alpha0.15|grouped,fed_isic2019__fed-isic__split03__seed2__dna__alphaANY__variantANY,split03,2,0.15,HAM_derived,0,0,0,62,,1.0,,0.0,False,False,no_accepted_units_A_g=0
fed_isic2019__fed-isic__split03__seed2__dna__alphaANY__variantANY|alpha0.15|grouped,fed_isic2019__fed-isic__split03__seed2__dna__alphaANY__variantANY,split03,2,0.15,other,1,0,0,54,,1.0,,0.0,False,False,no_accepted_units_A_g=0
fed_isic2019__fed-isic__split03__seed2__dna__alphaANY__variantANY|alpha0.2|grouped,fed_isic2019__fed-isic__split03__seed2__dna__alphaANY__variantANY,split03,2,0.2,HAM_derived,0,0,0,62,,1.0,,0.0,False,False,no_accepted_units_A_g=0
fed_isic2019__fed-isic__split03__seed2__dna__alphaANY__variantANY|alpha0.2|grouped,fed_isic2019__fed-isic__split03__seed2__dna__alphaANY__variantANY,split03,2,0.2,other,1,0,0,54,,1.0,,0.0,False,False,no_accepted_units_A_g=0
fed_isic2019__fed-isic__split03__seed2__dna__alphaANY__variantANY|alpha0.25|grouped,fed_isic2019__fed-isic__split03__seed2__dna__alphaANY__variantANY,split03,2,0.25,HAM_derived,0,0,0,62,,1.0,,0.0,False,False,no_accepted_units_A_g=0
fed_isic2019__fed-isic__split03__seed2__dna__alphaANY__variantANY|alpha0.25|grouped,fed_isic2019__fed-isic__split03__seed2__dna__alphaANY__variantANY,split03,2,0.25,other,1,0,0,54,,1.0,,0.0,False,False,no_accepted_units_A_g=0
fed_isic2019__fed-isic__split03__seed2__dna__alphaANY__variantANY|alpha0.3|grouped,fed_isic2019__fed-isic__split03__seed2__dna__alphaANY__variantANY,split03,2,0.3,HAM_derived,0,0,0,62,,1.0,,0.0,False,False,no_accepted_units_A_g=0
fed_isic2019__fed-isic__split03__seed2__dna__alphaANY__variantANY|alpha0.3|grouped,fed_isic2019__fed-isic__split03__seed2__dna__alphaANY__variantANY,split03,2,0.3,other,1,0,0,54,,1.0,,0.0,False,False,no_accepted_units_A_g=0
fed_isic2019__fed-isic__split03__seed3__dna__alphaANY__variantANY|alpha0.05|grouped,fed_isic2019__fed-isic__split03__seed3__dna__alphaANY__variantANY,split03,3,0.05,HAM_derived,0,0,0,62,,1.0,,0.0,False,False,no_accepted_units_A_g=0
fed_isic2019__fed-isic__split03__seed3__dna__alphaANY__variantANY|alpha0.05|grouped,fed_isic2019__fed-isic__split03__seed3__dna__alphaANY__variantANY,split03,3,0.05,other,1,0,0,54,,1.0,,0.0,False,False,no_accepted_units_A_g=0
fed_isic2019__fed-isic__split03__seed3__dna__alphaANY__variantANY|alpha0.1|grouped,fed_isic2019__fed-isic__split03__seed3__dna__alphaANY__variantANY,split03,3,0.1,HAM_derived,0,0,0,62,,1.0,,0.0,False,False,no_accepted_units_A_g=0
fed_isic2019__fed-isic__split03__seed3__dna__alphaANY__variantANY|alpha0.1|grouped,fed_isic2019__fed-isic__split03__seed3__dna__alphaANY__variantANY,split03,3,0.1,other,1,0,0,54,,1.0,,0.0,False,False,no_accepted_units_A_g=0
fed_isic2019__fed-isic__split03__seed3__dna__alphaANY__variantANY|alpha0.15|grouped,fed_isic2019__fed-isic__split03__seed3__dna__alphaANY__variantANY,split03,3,0.15,HAM_derived,0,0,0,62,,1.0,,0.0,False,False,no_accepted_units_A_g=0
fed_isic2019__fed-isic__split03__seed3__dna__alphaANY__variantANY|alpha0.15|grouped,fed_isic2019__fed-isic__split03__seed3__dna__alphaANY__variantANY,split03,3,0.15,other,1,0,0,54,,1.0,,0.0,False,False,no_accepted_units_A_g=0
fed_isic2019__fed-isic__split03__seed3__dna__alphaANY__variantANY|alpha0.2|grouped,fed_isic2019__fed-isic__split03__seed3__dna__alphaANY__variantANY,split03,3,0.2,HAM_derived,0,0,0,62,,1.0,,0.0,False,False,no_accepted_units_A_g=0
fed_isic2019__fed-isic__split03__seed3__dna__alphaANY__variantANY|alpha0.2|grouped,fed_isic2019__fed-isic__split03__seed3__dna__alphaANY__variantANY,split03,3,0.2,other,1,0,0,54,,1.0,,0.0,False,False,no_accepted_units_A_g=0
fed_isic2019__fed-isic__split03__seed3__dna__alphaANY__variantANY|alpha0.25|grouped,fed_isic2019__fed-isic__split03__seed3__dna__alphaANY__variantANY,split03,3,0.25,HAM_derived,0,0,0,62,,1.0,,0.0,False,False,no_accepted_units_A_g=0
fed_isic2019__fed-isic__split03__seed3__dna__alphaANY__variantANY|alpha0.25|grouped,fed_isic2019__fed-isic__split03__seed3__dna__alphaANY__variantANY,split03,3,0.25,other,1,0,0,54,,1.0,,0.0,False,False,no_accepted_units_A_g=0
fed_isic2019__fed-isic__split03__seed3__dna__alphaANY__variantANY|alpha0.3|grouped,fed_isic2019__fed-isic__split03__seed3__dna__alphaANY__variantANY,split03,3,0.3,HAM_derived,0,0,0,62,,1.0,,0.0,False,False,no_accepted_units_A_g=0
fed_isic2019__fed-isic__split03__seed3__dna__alphaANY__variantANY|alpha0.3|grouped,fed_isic2019__fed-isic__split03__seed3__dna__alphaANY__variantANY,split03,3,0.3,other,1,0,0,54,,1.0,,0.0,False,False,no_accepted_units_A_g=0
fed_isic2019__fed-isic__split03__seed4__dna__alphaANY__variantANY|alpha0.05|grouped,fed_isic2019__fed-isic__split03__seed4__dna__alphaANY__variantANY,split03,4,0.05,HAM_derived,0,0,0,62,,1.0,,0.0,False,False,no_accepted_units_A_g=0
fed_isic2019__fed-isic__split03__seed4__dna__alphaANY__variantANY|alpha0.05|grouped,fed_isic2019__fed-isic__split03__seed4__dna__alphaANY__variantANY,split03,4,0.05,other,1,0,0,54,,1.0,,0.0,False,False,no_accepted_units_A_g=0
fed_isic2019__fed-isic__split03__seed4__dna__alphaANY__variantANY|alpha0.1|grouped,fed_isic2019__fed-isic__split03__seed4__dna__alphaANY__variantANY,split03,4,0.1,HAM_derived,0,0,0,62,,1.0,,0.0,False,False,no_accepted_units_A_g=0
fed_isic2019__fed-isic__split03__seed4__dna__alphaANY__variantANY|alpha0.1|grouped,fed_isic2019__fed-isic__split03__seed4__dna__alphaANY__variantANY,split03,4,0.1,other,1,0,0,54,,1.0,,0.0,False,False,no_accepted_units_A_g=0
fed_isic2019__fed-isic__split03__seed4__dna__alphaANY__variantANY|alpha0.15|grouped,fed_isic2019__fed-isic__split03__seed4__dna__alphaANY__variantANY,split03,4,0.15,HAM_derived,0,0,0,62,,1.0,,0.0,False,False,no_accepted_units_A_g=0
fed_isic2019__fed-isic__split03__seed4__dna__alphaANY__variantANY|alpha0.15|grouped,fed_isic2019__fed-isic__split03__seed4__dna__alphaANY__variantANY,split03,4,0.15,other,1,0,0,54,,1.0,,0.0,False,False,no_accepted_units_A_g=0
fed_isic2019__fed-isic__split03__seed4__dna__alphaANY__variantANY|alpha0.2|grouped,fed_isic2019__fed-isic__split03__seed4__dna__alphaANY__variantANY,split03,4,0.2,HAM_derived,0,0,0,62,,1.0,,0.0,False,False,no_accepted_units_A_g=0
fed_isic2019__fed-isic__split03__seed4__dna__alphaANY__variantANY|alpha0.2|grouped,fed_isic2019__fed-isic__split03__seed4__dna__alphaANY__variantANY,split03,4,0.2,other,1,0,0,54,,1.0,,0.0,False,False,no_accepted_units_A_g=0
fed_isic2019__fed-isic__split03__seed4__dna__alphaANY__variantANY|alpha0.25|grouped,fed_isic2019__fed-isic__split03__seed4__dna__alphaANY__variantANY,split03,4,0.25,HAM_derived,0,0,0,62,,1.0,,0.0,False,False,no_accepted_units_A_g=0
fed_isic2019__fed-isic__split03__seed4__dna__alphaANY__variantANY|alpha0.25|grouped,fed_isic2019__fed-isic__split03__seed4__dna__alphaANY__variantANY,split03,4,0.25,other,1,0,0,54,,1.0,,0.0,False,False,no_accepted_units_A_g=0
fed_isic2019__fed-isic__split03__seed4__dna__alphaANY__variantANY|alpha0.3|grouped,fed_isic2019__fed-isic__split03__seed4__dna__alphaANY__variantANY,split03,4,0.3,HAM_derived,0,0,0,62,,1.0,,0.0,False,False,no_accepted_units_A_g=0
fed_isic2019__fed-isic__split03__seed4__dna__alphaANY__variantANY|alpha0.3|grouped,fed_isic2019__fed-isic__split03__seed4__dna__alphaANY__variantANY,split03,4,0.3,other,1,0,0,54,,1.0,,0.0,False,False,no_accepted_units_A_g=0
fed_isic2019__fed-isic__split04__seed1__dna__alphaANY__variantANY|alpha0.05|grouped,fed_isic2019__fed-isic__split04__seed1__dna__alphaANY__variantANY,split04,1,0.05,HAM_derived,0,1,1,103,1.0,1.0,0.0,8.124184213499397e-05,True,True,empirical_risk_>=_alpha (point estimate already over target)
fed_isic2019__fed-isic__split04__seed1__dna__alphaANY__variantANY|alpha0.05|grouped,fed_isic2019__fed-isic__split04__seed1__dna__alphaANY__variantANY,split04,1,0.05,other,1,4,0,79,0.0,0.6978624602643232,0.6978624602643232,0.010015022378292557,True,False,cp_width_blocks (empirical<alpha but finite-sample UCB>alpha)
fed_isic2019__fed-isic__split04__seed1__dna__alphaANY__variantANY|alpha0.1|grouped,fed_isic2019__fed-isic__split04__seed1__dna__alphaANY__variantANY,split04,1,0.1,HAM_derived,0,1,1,103,1.0,1.0,0.0,8.124184213499397e-05,True,True,empirical_risk_>=_alpha (point estimate already over target)
fed_isic2019__fed-isic__split04__seed1__dna__alphaANY__variantANY|alpha0.1|grouped,fed_isic2019__fed-isic__split04__seed1__dna__alphaANY__variantANY,split04,1,0.1,other,1,4,0,79,0.0,0.6978624602643232,0.6978624602643232,0.010015022378292557,True,False,cp_width_blocks (empirical<alpha but finite-sample UCB>alpha)
fed_isic2019__fed-isic__split04__seed1__dna__alphaANY__variantANY|alpha0.15|grouped,fed_isic2019__fed-isic__split04__seed1__dna__alphaANY__variantANY,split04,1,0.15,HAM_derived,0,1,1,103,1.0,1.0,0.0,8.124184213499397e-05,True,True,empirical_risk_>=_alpha (point estimate already over target)
fed_isic2019__fed-isic__split04__seed1__dna__alphaANY__variantANY|alpha0.15|grouped,fed_isic2019__fed-isic__split04__seed1__dna__alphaANY__variantANY,split04,1,0.15,other,1,4,0,79,0.0,0.6978624602643232,0.6978624602643232,0.010015022378292557,True,False,cp_width_blocks (empirical<alpha but finite-sample UCB>alpha)
fed_isic2019__fed-isic__split04__seed1__dna__alphaANY__variantANY|alpha0.2|grouped,fed_isic2019__fed-isic__split04__seed1__dna__alphaANY__variantANY,split04,1,0.2,HAM_derived,0,1,1,103,1.0,1.0,0.0,8.124184213499397e-05,True,True,empirical_risk_>=_alpha (point estimate already over target)
fed_isic2019__fed-isic__split04__seed1__dna__alphaANY__variantANY|alpha0.2|grouped,fed_isic2019__fed-isic__split04__seed1__dna__alphaANY__variantANY,split04,1,0.2,other,1,4,0,79,0.0,0.6978624602643232,0.6978624602643232,0.010015022378292557,True,False,cp_width_blocks (empirical<alpha but finite-sample UCB>alpha)
fed_isic2019__fed-isic__split04__seed1__dna__alphaANY__variantANY|alpha0.25|grouped,fed_isic2019__fed-isic__split04__seed1__dna__alphaANY__variantANY,split04,1,0.25,HAM_derived,0,1,1,103,1.0,1.0,0.0,8.124184213499397e-05,True,True,empirical_risk_>=_alpha (point estimate already over target)
fed_isic2019__fed-isic__split04__seed1__dna__alphaANY__variantANY|alpha0.25|grouped,fed_isic2019__fed-isic__split04__seed1__dna__alphaANY__variantANY,split04,1,0.25,other,1,4,0,79,0.0,0.6978624602643232,0.6978624602643232,0.010015022378292557,True,False,cp_width_blocks (empirical<alpha but finite-sample UCB>alpha)
fed_isic2019__fed-isic__split04__seed1__dna__alphaANY__variantANY|alpha0.3|grouped,fed_isic2019__fed-isic__split04__seed1__dna__alphaANY__variantANY,split04,1,0.3,HAM_derived,0,1,1,103,1.0,1.0,0.0,8.124184213499397e-05,True,True,empirical_risk_>=_alpha (point estimate already over target)
fed_isic2019__fed-isic__split04__seed1__dna__alphaANY__variantANY|alpha0.3|grouped,fed_isic2019__fed-isic__split04__seed1__dna__alphaANY__variantANY,split04,1,0.3,other,1,4,0,79,0.0,0.6978624602643232,0.6978624602643232,0.010015022378292557,True,False,cp_width_blocks (empirical<alpha but finite-sample UCB>alpha)
fed_isic2019__fed-isic__split04__seed4__dna__alphaANY__variantANY|alpha0.05|grouped,fed_isic2019__fed-isic__split04__seed4__dna__alphaANY__variantANY,split04,4,0.05,HAM_derived,0,2,0,103,0.0,0.9087129070824723,0.9087129070824723,0.00131629633711094,True,True,cp_width_blocks (empirical<alpha but finite-sample UCB>alpha)
fed_isic2019__fed-isic__split04__seed4__dna__alphaANY__variantANY|alpha0.05|grouped,fed_isic2019__fed-isic__split04__seed4__dna__alphaANY__variantANY,split04,4,0.05,other,1,0,0,79,,1.0,,0.0,False,False,no_accepted_units_A_g=0
fed_isic2019__fed-isic__split04__seed4__dna__alphaANY__variantANY|alpha0.1|grouped,fed_isic2019__fed-isic__split04__seed4__dna__alphaANY__variantANY,split04,4,0.1,HAM_derived,0,2,0,103,0.0,0.9087129070824723,0.9087129070824723,0.00131629633711094,True,True,cp_width_blocks (empirical<alpha but finite-sample UCB>alpha)
fed_isic2019__fed-isic__split04__seed4__dna__alphaANY__variantANY|alpha0.1|grouped,fed_isic2019__fed-isic__split04__seed4__dna__alphaANY__variantANY,split04,4,0.1,other,1,0,0,79,,1.0,,0.0,False,False,no_accepted_units_A_g=0
fed_isic2019__fed-isic__split04__seed4__dna__alphaANY__variantANY|alpha0.15|grouped,fed_isic2019__fed-isic__split04__seed4__dna__alphaANY__variantANY,split04,4,0.15,HAM_derived,0,2,0,103,0.0,0.9087129070824723,0.9087129070824723,0.00131629633711094,True,True,cp_width_blocks (empirical<alpha but finite-sample UCB>alpha)
fed_isic2019__fed-isic__split04__seed4__dna__alphaANY__variantANY|alpha0.15|grouped,fed_isic2019__fed-isic__split04__seed4__dna__alphaANY__variantANY,split04,4,0.15,other,1,0,0,79,,1.0,,0.0,False,False,no_accepted_units_A_g=0
fed_isic2019__fed-isic__split04__seed4__dna__alphaANY__variantANY|alpha0.2|grouped,fed_isic2019__fed-isic__split04__seed4__dna__alphaANY__variantANY,split04,4,0.2,HAM_derived,0,2,0,103,0.0,0.9087129070824723,0.9087129070824723,0.00131629633711094,True,True,cp_width_blocks (empirical<alpha but finite-sample UCB>alpha)
fed_isic2019__fed-isic__split04__seed4__dna__alphaANY__variantANY|alpha0.2|grouped,fed_isic2019__fed-isic__split04__seed4__dna__alphaANY__variantANY,split04,4,0.2,other,1,0,0,79,,1.0,,0.0,False,False,no_accepted_units_A_g=0
fed_isic2019__fed-isic__split04__seed4__dna__alphaANY__variantANY|alpha0.25|grouped,fed_isic2019__fed-isic__split04__seed4__dna__alphaANY__variantANY,split04,4,0.25,HAM_derived,0,2,0,103,0.0,0.9087129070824723,0.9087129070824723,0.00131629633711094,True,True,cp_width_blocks (empirical<alpha but finite-sample UCB>alpha)
fed_isic2019__fed-isic__split04__seed4__dna__alphaANY__variantANY|alpha0.25|grouped,fed_isic2019__fed-isic__split04__seed4__dna__alphaANY__variantANY,split04,4,0.25,other,1,0,0,79,,1.0,,0.0,False,False,no_accepted_units_A_g=0
fed_isic2019__fed-isic__split04__seed4__dna__alphaANY__variantANY|alpha0.3|grouped,fed_isic2019__fed-isic__split04__seed4__dna__alphaANY__variantANY,split04,4,0.3,HAM_derived,0,2,0,103,0.0,0.9087129070824723,0.9087129070824723,0.00131629633711094,True,True,cp_width_blocks (empirical<alpha but finite-sample UCB>alpha)
fed_isic2019__fed-isic__split04__seed4__dna__alphaANY__variantANY|alpha0.3|grouped,fed_isic2019__fed-isic__split04__seed4__dna__alphaANY__variantANY,split04,4,0.3,other,1,0,0,79,,1.0,,0.0,False,False,no_accepted_units_A_g=0
fed_isic2019__fed-isic__split06__seed0__dna__alphaANY__variantANY|alpha0.05|grouped,fed_isic2019__fed-isic__split06__seed0__dna__alphaANY__variantANY,split06,0,0.05,HAM_derived,0,0,0,116,,1.0,,0.0,False,False,no_accepted_units_A_g=0
fed_isic2019__fed-isic__split06__seed0__dna__alphaANY__variantANY|alpha0.05|grouped,fed_isic2019__fed-isic__split06__seed0__dna__alphaANY__variantANY,split06,0,0.05,other,1,2,2,77,1.0,1.0,0.0,0.0017632878277638758,True,True,empirical_risk_>=_alpha (point estimate already over target)
fed_isic2019__fed-isic__split06__seed0__dna__alphaANY__variantANY|alpha0.1|grouped,fed_isic2019__fed-isic__split06__seed0__dna__alphaANY__variantANY,split06,0,0.1,HAM_derived,0,0,0,116,,1.0,,0.0,False,False,no_accepted_units_A_g=0
fed_isic2019__fed-isic__split06__seed0__dna__alphaANY__variantANY|alpha0.1|grouped,fed_isic2019__fed-isic__split06__seed0__dna__alphaANY__variantANY,split06,0,0.1,other,1,2,2,77,1.0,1.0,0.0,0.0017632878277638758,True,True,empirical_risk_>=_alpha (point estimate already over target)
fed_isic2019__fed-isic__split06__seed0__dna__alphaANY__variantANY|alpha0.15|grouped,fed_isic2019__fed-isic__split06__seed0__dna__alphaANY__variantANY,split06,0,0.15,HAM_derived,0,0,0,116,,1.0,,0.0,False,False,no_accepted_units_A_g=0
fed_isic2019__fed-isic__split06__seed0__dna__alphaANY__variantANY|alpha0.15|grouped,fed_isic2019__fed-isic__split06__seed0__dna__alphaANY__variantANY,split06,0,0.15,other,1,2,2,77,1.0,1.0,0.0,0.0017632878277638758,True,True,empirical_risk_>=_alpha (point estimate already over target)
fed_isic2019__fed-isic__split06__seed0__dna__alphaANY__variantANY|alpha0.2|grouped,fed_isic2019__fed-isic__split06__seed0__dna__alphaANY__variantANY,split06,0,0.2,HAM_derived,0,0,0,116,,1.0,,0.0,False,False,no_accepted_units_A_g=0
fed_isic2019__fed-isic__split06__seed0__dna__alphaANY__variantANY|alpha0.2|grouped,fed_isic2019__fed-isic__split06__seed0__dna__alphaANY__variantANY,split06,0,0.2,other,1,2,2,77,1.0,1.0,0.0,0.0017632878277638758,True,True,empirical_risk_>=_alpha (point estimate already over target)
fed_isic2019__fed-isic__split06__seed0__dna__alphaANY__variantANY|alpha0.25|grouped,fed_isic2019__fed-isic__split06__seed0__dna__alphaANY__variantANY,split06,0,0.25,HAM_derived,0,0,0,116,,1.0,,0.0,False,False,no_accepted_units_A_g=0
fed_isic2019__fed-isic__split06__seed0__dna__alphaANY__variantANY|alpha0.25|grouped,fed_isic2019__fed-isic__split06__seed0__dna__alphaANY__variantANY,split06,0,0.25,other,1,2,2,77,1.0,1.0,0.0,0.0017632878277638758,True,True,empirical_risk_>=_alpha (point estimate already over target)
fed_isic2019__fed-isic__split06__seed0__dna__alphaANY__variantANY|alpha0.3|grouped,fed_isic2019__fed-isic__split06__seed0__dna__alphaANY__variantANY,split06,0,0.3,HAM_derived,0,0,0,116,,1.0,,0.0,False,False,no_accepted_units_A_g=0
fed_isic2019__fed-isic__split06__seed0__dna__alphaANY__variantANY|alpha0.3|grouped,fed_isic2019__fed-isic__split06__seed0__dna__alphaANY__variantANY,split06,0,0.3,other,1,2,2,77,1.0,1.0,0.0,0.0017632878277638758,True,True,empirical_risk_>=_alpha (point estimate already over target)
fed_isic2019__fed-isic__split06__seed1__dna__alphaANY__variantANY|alpha0.05|grouped,fed_isic2019__fed-isic__split06__seed1__dna__alphaANY__variantANY,split06,1,0.05,HAM_derived,0,0,0,116,,1.0,,0.0,False,False,no_accepted_units_A_g=0
fed_isic2019__fed-isic__split06__seed1__dna__alphaANY__variantANY|alpha0.05|grouped,fed_isic2019__fed-isic__split06__seed1__dna__alphaANY__variantANY,split06,1,0.05,other,1,0,0,77,,1.0,,0.0,False,False,no_accepted_units_A_g=0
fed_isic2019__fed-isic__split06__seed1__dna__alphaANY__variantANY|alpha0.1|grouped,fed_isic2019__fed-isic__split06__seed1__dna__alphaANY__variantANY,split06,1,0.1,HAM_derived,0,0,0,116,,1.0,,0.0,False,False,no_accepted_units_A_g=0
fed_isic2019__fed-isic__split06__seed1__dna__alphaANY__variantANY|alpha0.1|grouped,fed_isic2019__fed-isic__split06__seed1__dna__alphaANY__variantANY,split06,1,0.1,other,1,0,0,77,,1.0,,0.0,False,False,no_accepted_units_A_g=0
fed_isic2019__fed-isic__split06__seed1__dna__alphaANY__variantANY|alpha0.15|grouped,fed_isic2019__fed-isic__split06__seed1__dna__alphaANY__variantANY,split06,1,0.15,HAM_derived,0,0,0,116,,1.0,,0.0,False,False,no_accepted_units_A_g=0
fed_isic2019__fed-isic__split06__seed1__dna__alphaANY__variantANY|alpha0.15|grouped,fed_isic2019__fed-isic__split06__seed1__dna__alphaANY__variantANY,split06,1,0.15,other,1,0,0,77,,1.0,,0.0,False,False,no_accepted_units_A_g=0
fed_isic2019__fed-isic__split06__seed1__dna__alphaANY__variantANY|alpha0.2|grouped,fed_isic2019__fed-isic__split06__seed1__dna__alphaANY__variantANY,split06,1,0.2,HAM_derived,0,0,0,116,,1.0,,0.0,False,False,no_accepted_units_A_g=0
fed_isic2019__fed-isic__split06__seed1__dna__alphaANY__variantANY|alpha0.2|grouped,fed_isic2019__fed-isic__split06__seed1__dna__alphaANY__variantANY,split06,1,0.2,other,1,0,0,77,,1.0,,0.0,False,False,no_accepted_units_A_g=0
fed_isic2019__fed-isic__split06__seed1__dna__alphaANY__variantANY|alpha0.25|grouped,fed_isic2019__fed-isic__split06__seed1__dna__alphaANY__variantANY,split06,1,0.25,HAM_derived,0,0,0,116,,1.0,,0.0,False,False,no_accepted_units_A_g=0
fed_isic2019__fed-isic__split06__seed1__dna__alphaANY__variantANY|alpha0.25|grouped,fed_isic2019__fed-isic__split06__seed1__dna__alphaANY__variantANY,split06,1,0.25,other,1,0,0,77,,1.0,,0.0,False,False,no_accepted_units_A_g=0
fed_isic2019__fed-isic__split06__seed1__dna__alphaANY__variantANY|alpha0.3|grouped,fed_isic2019__fed-isic__split06__seed1__dna__alphaANY__variantANY,split06,1,0.3,HAM_derived,0,0,0,116,,1.0,,0.0,False,False,no_accepted_units_A_g=0
fed_isic2019__fed-isic__split06__seed1__dna__alphaANY__variantANY|alpha0.3|grouped,fed_isic2019__fed-isic__split06__seed1__dna__alphaANY__variantANY,split06,1,0.3,other,1,0,0,77,,1.0,,0.0,False,False,no_accepted_units_A_g=0
fed_isic2019__fed-isic__split06__seed2__dna__alphaANY__variantANY|alpha0.05|grouped,fed_isic2019__fed-isic__split06__seed2__dna__alphaANY__variantANY,split06,2,0.05,HAM_derived,0,0,0,116,,1.0,,0.0,False,False,no_accepted_units_A_g=0
fed_isic2019__fed-isic__split06__seed2__dna__alphaANY__variantANY|alpha0.05|grouped,fed_isic2019__fed-isic__split06__seed2__dna__alphaANY__variantANY,split06,2,0.05,other,1,1,0,77,0.0,0.9916666666666667,0.9916666666666667,0.00010867266184801601,True,True,cp_width_blocks (empirical<alpha but finite-sample UCB>alpha)
fed_isic2019__fed-isic__split06__seed2__dna__alphaANY__variantANY|alpha0.1|grouped,fed_isic2019__fed-isic__split06__seed2__dna__alphaANY__variantANY,split06,2,0.1,HAM_derived,0,0,0,116,,1.0,,0.0,False,False,no_accepted_units_A_g=0
fed_isic2019__fed-isic__split06__seed2__dna__alphaANY__variantANY|alpha0.1|grouped,fed_isic2019__fed-isic__split06__seed2__dna__alphaANY__variantANY,split06,2,0.1,other,1,1,0,77,0.0,0.9916666666666667,0.9916666666666667,0.00010867266184801601,True,True,cp_width_blocks (empirical<alpha but finite-sample UCB>alpha)
fed_isic2019__fed-isic__split06__seed2__dna__alphaANY__variantANY|alpha0.15|grouped,fed_isic2019__fed-isic__split06__seed2__dna__alphaANY__variantANY,split06,2,0.15,HAM_derived,0,0,0,116,,1.0,,0.0,False,False,no_accepted_units_A_g=0
fed_isic2019__fed-isic__split06__seed2__dna__alphaANY__variantANY|alpha0.15|grouped,fed_isic2019__fed-isic__split06__seed2__dna__alphaANY__variantANY,split06,2,0.15,other,1,1,0,77,0.0,0.9916666666666667,0.9916666666666667,0.00010867266184801601,True,True,cp_width_blocks (empirical<alpha but finite-sample UCB>alpha)
fed_isic2019__fed-isic__split06__seed2__dna__alphaANY__variantANY|alpha0.2|grouped,fed_isic2019__fed-isic__split06__seed2__dna__alphaANY__variantANY,split06,2,0.2,HAM_derived,0,0,0,116,,1.0,,0.0,False,False,no_accepted_units_A_g=0
fed_isic2019__fed-isic__split06__seed2__dna__alphaANY__variantANY|alpha0.2|grouped,fed_isic2019__fed-isic__split06__seed2__dna__alphaANY__variantANY,split06,2,0.2,other,1,1,0,77,0.0,0.9916666666666667,0.9916666666666667,0.00010867266184801601,True,True,cp_width_blocks (empirical<alpha but finite-sample UCB>alpha)
fed_isic2019__fed-isic__split06__seed2__dna__alphaANY__variantANY|alpha0.25|grouped,fed_isic2019__fed-isic__split06__seed2__dna__alphaANY__variantANY,split06,2,0.25,HAM_derived,0,0,0,116,,1.0,,0.0,False,False,no_accepted_units_A_g=0
fed_isic2019__fed-isic__split06__seed2__dna__alphaANY__variantANY|alpha0.25|grouped,fed_isic2019__fed-isic__split06__seed2__dna__alphaANY__variantANY,split06,2,0.25,other,1,1,0,77,0.0,0.9916666666666667,0.9916666666666667,0.00010867266184801601,True,True,cp_width_blocks (empirical<alpha but finite-sample UCB>alpha)
fed_isic2019__fed-isic__split06__seed2__dna__alphaANY__variantANY|alpha0.3|grouped,fed_isic2019__fed-isic__split06__seed2__dna__alphaANY__variantANY,split06,2,0.3,HAM_derived,0,0,0,116,,1.0,,0.0,False,False,no_accepted_units_A_g=0
fed_isic2019__fed-isic__split06__seed2__dna__alphaANY__variantANY|alpha0.3|grouped,fed_isic2019__fed-isic__split06__seed2__dna__alphaANY__variantANY,split06,2,0.3,other,1,1,0,77,0.0,0.9916666666666667,0.9916666666666667,0.00010867266184801601,True,True,cp_width_blocks (empirical<alpha but finite-sample UCB>alpha)
fed_isic2019__fed-isic__split06__seed3__dna__alphaANY__variantANY|alpha0.05|grouped,fed_isic2019__fed-isic__split06__seed3__dna__alphaANY__variantANY,split06,3,0.05,HAM_derived,0,0,0,116,,1.0,,0.0,False,False,no_accepted_units_A_g=0
fed_isic2019__fed-isic__split06__seed3__dna__alphaANY__variantANY|alpha0.05|grouped,fed_isic2019__fed-isic__split06__seed3__dna__alphaANY__variantANY,split06,3,0.05,other,1,5,2,77,0.4,0.9009406336579223,0.5009406336579223,0.016164851131215238,True,True,empirical_risk_>=_alpha (point estimate already over target)
fed_isic2019__fed-isic__split06__seed3__dna__alphaANY__variantANY|alpha0.1|grouped,fed_isic2019__fed-isic__split06__seed3__dna__alphaANY__variantANY,split06,3,0.1,HAM_derived,0,0,0,116,,1.0,,0.0,False,False,no_accepted_units_A_g=0
fed_isic2019__fed-isic__split06__seed3__dna__alphaANY__variantANY|alpha0.1|grouped,fed_isic2019__fed-isic__split06__seed3__dna__alphaANY__variantANY,split06,3,0.1,other,1,5,2,77,0.4,0.9009406336579223,0.5009406336579223,0.016164851131215238,True,True,empirical_risk_>=_alpha (point estimate already over target)
fed_isic2019__fed-isic__split06__seed3__dna__alphaANY__variantANY|alpha0.15|grouped,fed_isic2019__fed-isic__split06__seed3__dna__alphaANY__variantANY,split06,3,0.15,HAM_derived,0,0,0,116,,1.0,,0.0,False,False,no_accepted_units_A_g=0
fed_isic2019__fed-isic__split06__seed3__dna__alphaANY__variantANY|alpha0.15|grouped,fed_isic2019__fed-isic__split06__seed3__dna__alphaANY__variantANY,split06,3,0.15,other,1,5,2,77,0.4,0.9009406336579223,0.5009406336579223,0.016164851131215238,True,True,empirical_risk_>=_alpha (point estimate already over target)
fed_isic2019__fed-isic__split06__seed3__dna__alphaANY__variantANY|alpha0.2|grouped,fed_isic2019__fed-isic__split06__seed3__dna__alphaANY__variantANY,split06,3,0.2,HAM_derived,0,0,0,116,,1.0,,0.0,False,False,no_accepted_units_A_g=0
fed_isic2019__fed-isic__split06__seed3__dna__alphaANY__variantANY|alpha0.2|grouped,fed_isic2019__fed-isic__split06__seed3__dna__alphaANY__variantANY,split06,3,0.2,other,1,5,2,77,0.4,0.9009406336579223,0.5009406336579223,0.016164851131215238,True,True,empirical_risk_>=_alpha (point estimate already over target)
fed_isic2019__fed-isic__split06__seed3__dna__alphaANY__variantANY|alpha0.25|grouped,fed_isic2019__fed-isic__split06__seed3__dna__alphaANY__variantANY,split06,3,0.25,HAM_derived,0,0,0,116,,1.0,,0.0,False,False,no_accepted_units_A_g=0
fed_isic2019__fed-isic__split06__seed3__dna__alphaANY__variantANY|alpha0.25|grouped,fed_isic2019__fed-isic__split06__seed3__dna__alphaANY__variantANY,split06,3,0.25,other,1,5,2,77,0.4,0.9009406336579223,0.5009406336579223,0.016164851131215238,True,True,empirical_risk_>=_alpha (point estimate already over target)
fed_isic2019__fed-isic__split06__seed3__dna__alphaANY__variantANY|alpha0.3|grouped,fed_isic2019__fed-isic__split06__seed3__dna__alphaANY__variantANY,split06,3,0.3,HAM_derived,0,0,0,116,,1.0,,0.0,False,False,no_accepted_units_A_g=0
fed_isic2019__fed-isic__split06__seed3__dna__alphaANY__variantANY|alpha0.3|grouped,fed_isic2019__fed-isic__split06__seed3__dna__alphaANY__variantANY,split06,3,0.3,other,1,5,2,77,0.4,0.9009406336579223,0.5009406336579223,0.016164851131215238,True,True,empirical_risk_>=_alpha (point estimate already over target)
fed_isic2019__fed-isic__split06__seed4__dna__alphaANY__variantANY|alpha0.05|grouped,fed_isic2019__fed-isic__split06__seed4__dna__alphaANY__variantANY,split06,4,0.05,HAM_derived,0,0,0,116,,1.0,,0.0,False,False,no_accepted_units_A_g=0
fed_isic2019__fed-isic__split06__seed4__dna__alphaANY__variantANY|alpha0.05|grouped,fed_isic2019__fed-isic__split06__seed4__dna__alphaANY__variantANY,split06,4,0.05,other,1,0,0,77,,1.0,,0.0,False,False,no_accepted_units_A_g=0
fed_isic2019__fed-isic__split06__seed4__dna__alphaANY__variantANY|alpha0.1|grouped,fed_isic2019__fed-isic__split06__seed4__dna__alphaANY__variantANY,split06,4,0.1,HAM_derived,0,0,0,116,,1.0,,0.0,False,False,no_accepted_units_A_g=0
fed_isic2019__fed-isic__split06__seed4__dna__alphaANY__variantANY|alpha0.1|grouped,fed_isic2019__fed-isic__split06__seed4__dna__alphaANY__variantANY,split06,4,0.1,other,1,0,0,77,,1.0,,0.0,False,False,no_accepted_units_A_g=0
fed_isic2019__fed-isic__split06__seed4__dna__alphaANY__variantANY|alpha0.15|grouped,fed_isic2019__fed-isic__split06__seed4__dna__alphaANY__variantANY,split06,4,0.15,HAM_derived,0,0,0,116,,1.0,,0.0,False,False,no_accepted_units_A_g=0
fed_isic2019__fed-isic__split06__seed4__dna__alphaANY__variantANY|alpha0.15|grouped,fed_isic2019__fed-isic__split06__seed4__dna__alphaANY__variantANY,split06,4,0.15,other,1,0,0,77,,1.0,,0.0,False,False,no_accepted_units_A_g=0
fed_isic2019__fed-isic__split06__seed4__dna__alphaANY__variantANY|alpha0.2|grouped,fed_isic2019__fed-isic__split06__seed4__dna__alphaANY__variantANY,split06,4,0.2,HAM_derived,0,0,0,116,,1.0,,0.0,False,False,no_accepted_units_A_g=0
fed_isic2019__fed-isic__split06__seed4__dna__alphaANY__variantANY|alpha0.2|grouped,fed_isic2019__fed-isic__split06__seed4__dna__alphaANY__variantANY,split06,4,0.2,other,1,0,0,77,,1.0,,0.0,False,False,no_accepted_units_A_g=0
fed_isic2019__fed-isic__split06__seed4__dna__alphaANY__variantANY|alpha0.25|grouped,fed_isic2019__fed-isic__split06__seed4__dna__alphaANY__variantANY,split06,4,0.25,HAM_derived,0,0,0,116,,1.0,,0.0,False,False,no_accepted_units_A_g=0
fed_isic2019__fed-isic__split06__seed4__dna__alphaANY__variantANY|alpha0.25|grouped,fed_isic2019__fed-isic__split06__seed4__dna__alphaANY__variantANY,split06,4,0.25,other,1,0,0,77,,1.0,,0.0,False,False,no_accepted_units_A_g=0
fed_isic2019__fed-isic__split06__seed4__dna__alphaANY__variantANY|alpha0.3|grouped,fed_isic2019__fed-isic__split06__seed4__dna__alphaANY__variantANY,split06,4,0.3,HAM_derived,0,0,0,116,,1.0,,0.0,False,False,no_accepted_units_A_g=0
fed_isic2019__fed-isic__split06__seed4__dna__alphaANY__variantANY|alpha0.3|grouped,fed_isic2019__fed-isic__split06__seed4__dna__alphaANY__variantANY,split06,4,0.3,other,1,0,0,77,,1.0,,0.0,False,False,no_accepted_units_A_g=0
fed_isic2019__fed-isic__split09__seed0__dna__alphaANY__variantANY|alpha0.05|grouped,fed_isic2019__fed-isic__split09__seed0__dna__alphaANY__variantANY,split09,0,0.05,HAM_derived,0,0,0,111,,1.0,,0.0,False,False,no_accepted_units_A_g=0
fed_isic2019__fed-isic__split09__seed0__dna__alphaANY__variantANY|alpha0.05|grouped,fed_isic2019__fed-isic__split09__seed0__dna__alphaANY__variantANY,split09,0,0.05,other,1,0,0,60,,1.0,,0.0,False,False,no_accepted_units_A_g=0
fed_isic2019__fed-isic__split09__seed0__dna__alphaANY__variantANY|alpha0.1|grouped,fed_isic2019__fed-isic__split09__seed0__dna__alphaANY__variantANY,split09,0,0.1,HAM_derived,0,0,0,111,,1.0,,0.0,False,False,no_accepted_units_A_g=0
fed_isic2019__fed-isic__split09__seed0__dna__alphaANY__variantANY|alpha0.1|grouped,fed_isic2019__fed-isic__split09__seed0__dna__alphaANY__variantANY,split09,0,0.1,other,1,0,0,60,,1.0,,0.0,False,False,no_accepted_units_A_g=0
fed_isic2019__fed-isic__split09__seed0__dna__alphaANY__variantANY|alpha0.15|grouped,fed_isic2019__fed-isic__split09__seed0__dna__alphaANY__variantANY,split09,0,0.15,HAM_derived,0,0,0,111,,1.0,,0.0,False,False,no_accepted_units_A_g=0
fed_isic2019__fed-isic__split09__seed0__dna__alphaANY__variantANY|alpha0.15|grouped,fed_isic2019__fed-isic__split09__seed0__dna__alphaANY__variantANY,split09,0,0.15,other,1,0,0,60,,1.0,,0.0,False,False,no_accepted_units_A_g=0
fed_isic2019__fed-isic__split09__seed0__dna__alphaANY__variantANY|alpha0.2|grouped,fed_isic2019__fed-isic__split09__seed0__dna__alphaANY__variantANY,split09,0,0.2,HAM_derived,0,0,0,111,,1.0,,0.0,False,False,no_accepted_units_A_g=0
fed_isic2019__fed-isic__split09__seed0__dna__alphaANY__variantANY|alpha0.2|grouped,fed_isic2019__fed-isic__split09__seed0__dna__alphaANY__variantANY,split09,0,0.2,other,1,0,0,60,,1.0,,0.0,False,False,no_accepted_units_A_g=0
fed_isic2019__fed-isic__split09__seed0__dna__alphaANY__variantANY|alpha0.25|grouped,fed_isic2019__fed-isic__split09__seed0__dna__alphaANY__variantANY,split09,0,0.25,HAM_derived,0,0,0,111,,1.0,,0.0,False,False,no_accepted_units_A_g=0
fed_isic2019__fed-isic__split09__seed0__dna__alphaANY__variantANY|alpha0.25|grouped,fed_isic2019__fed-isic__split09__seed0__dna__alphaANY__variantANY,split09,0,0.25,other,1,0,0,60,,1.0,,0.0,False,False,no_accepted_units_A_g=0
fed_isic2019__fed-isic__split09__seed0__dna__alphaANY__variantANY|alpha0.3|grouped,fed_isic2019__fed-isic__split09__seed0__dna__alphaANY__variantANY,split09,0,0.3,HAM_derived,0,0,0,111,,1.0,,0.0,False,False,no_accepted_units_A_g=0
fed_isic2019__fed-isic__split09__seed0__dna__alphaANY__variantANY|alpha0.3|grouped,fed_isic2019__fed-isic__split09__seed0__dna__alphaANY__variantANY,split09,0,0.3,other,1,0,0,60,,1.0,,0.0,False,False,no_accepted_units_A_g=0
fed_isic2019__fed-isic__split09__seed1__dna__alphaANY__variantANY|alpha0.05|grouped,fed_isic2019__fed-isic__split09__seed1__dna__alphaANY__variantANY,split09,1,0.05,HAM_derived,0,12,0,111,0.0,0.3289808783890964,0.3289808783890964,0.04897311411737117,True,True,cp_width_blocks (empirical<alpha but finite-sample UCB>alpha)
fed_isic2019__fed-isic__split09__seed1__dna__alphaANY__variantANY|alpha0.05|grouped,fed_isic2019__fed-isic__split09__seed1__dna__alphaANY__variantANY,split09,1,0.05,other,1,0,0,60,,1.0,,0.0,False,False,no_accepted_units_A_g=0
fed_isic2019__fed-isic__split09__seed1__dna__alphaANY__variantANY|alpha0.1|grouped,fed_isic2019__fed-isic__split09__seed1__dna__alphaANY__variantANY,split09,1,0.1,HAM_derived,0,12,0,111,0.0,0.3289808783890964,0.3289808783890964,0.04897311411737117,True,True,cp_width_blocks (empirical<alpha but finite-sample UCB>alpha)
fed_isic2019__fed-isic__split09__seed1__dna__alphaANY__variantANY|alpha0.1|grouped,fed_isic2019__fed-isic__split09__seed1__dna__alphaANY__variantANY,split09,1,0.1,other,1,0,0,60,,1.0,,0.0,False,False,no_accepted_units_A_g=0
fed_isic2019__fed-isic__split09__seed1__dna__alphaANY__variantANY|alpha0.15|grouped,fed_isic2019__fed-isic__split09__seed1__dna__alphaANY__variantANY,split09,1,0.15,HAM_derived,0,12,0,111,0.0,0.3289808783890964,0.3289808783890964,0.04897311411737117,True,True,cp_width_blocks (empirical<alpha but finite-sample UCB>alpha)
fed_isic2019__fed-isic__split09__seed1__dna__alphaANY__variantANY|alpha0.15|grouped,fed_isic2019__fed-isic__split09__seed1__dna__alphaANY__variantANY,split09,1,0.15,other,1,0,0,60,,1.0,,0.0,False,False,no_accepted_units_A_g=0
fed_isic2019__fed-isic__split09__seed1__dna__alphaANY__variantANY|alpha0.2|grouped,fed_isic2019__fed-isic__split09__seed1__dna__alphaANY__variantANY,split09,1,0.2,HAM_derived,0,12,0,111,0.0,0.3289808783890964,0.3289808783890964,0.04897311411737117,True,True,cp_width_blocks (empirical<alpha but finite-sample UCB>alpha)
fed_isic2019__fed-isic__split09__seed1__dna__alphaANY__variantANY|alpha0.2|grouped,fed_isic2019__fed-isic__split09__seed1__dna__alphaANY__variantANY,split09,1,0.2,other,1,0,0,60,,1.0,,0.0,False,False,no_accepted_units_A_g=0
fed_isic2019__fed-isic__split09__seed1__dna__alphaANY__variantANY|alpha0.25|grouped,fed_isic2019__fed-isic__split09__seed1__dna__alphaANY__variantANY,split09,1,0.25,HAM_derived,0,12,0,111,0.0,0.3289808783890964,0.3289808783890964,0.04897311411737117,True,True,cp_width_blocks (empirical<alpha but finite-sample UCB>alpha)
fed_isic2019__fed-isic__split09__seed1__dna__alphaANY__variantANY|alpha0.25|grouped,fed_isic2019__fed-isic__split09__seed1__dna__alphaANY__variantANY,split09,1,0.25,other,1,0,0,60,,1.0,,0.0,False,False,no_accepted_units_A_g=0
fed_isic2019__fed-isic__split09__seed1__dna__alphaANY__variantANY|alpha0.3|grouped,fed_isic2019__fed-isic__split09__seed1__dna__alphaANY__variantANY,split09,1,0.3,HAM_derived,0,12,0,111,0.0,0.3289808783890964,0.3289808783890964,0.04897311411737117,True,True,cp_width_blocks (empirical<alpha but finite-sample UCB>alpha)
fed_isic2019__fed-isic__split09__seed1__dna__alphaANY__variantANY|alpha0.3|grouped,fed_isic2019__fed-isic__split09__seed1__dna__alphaANY__variantANY,split09,1,0.3,other,1,0,0,60,,1.0,,0.0,False,False,no_accepted_units_A_g=0
fed_isic2019__fed-isic__split09__seed2__dna__alphaANY__variantANY|alpha0.05|grouped,fed_isic2019__fed-isic__split09__seed2__dna__alphaANY__variantANY,split09,2,0.05,HAM_derived,0,10,3,111,0.3,0.7118011740430626,0.41180117404306266,0.037016296506568507,True,False,empirical_risk_>=_alpha (point estimate already over target)
fed_isic2019__fed-isic__split09__seed2__dna__alphaANY__variantANY|alpha0.05|grouped,fed_isic2019__fed-isic__split09__seed2__dna__alphaANY__variantANY,split09,2,0.05,other,1,3,2,60,0.6666666666666666,0.9972144702507099,0.33054780358404323,0.006883329727777982,True,True,empirical_risk_>=_alpha (point estimate already over target)
fed_isic2019__fed-isic__split09__seed2__dna__alphaANY__variantANY|alpha0.1|grouped,fed_isic2019__fed-isic__split09__seed2__dna__alphaANY__variantANY,split09,2,0.1,HAM_derived,0,10,3,111,0.3,0.7118011740430626,0.41180117404306266,0.037016296506568507,True,False,empirical_risk_>=_alpha (point estimate already over target)
fed_isic2019__fed-isic__split09__seed2__dna__alphaANY__variantANY|alpha0.1|grouped,fed_isic2019__fed-isic__split09__seed2__dna__alphaANY__variantANY,split09,2,0.1,other,1,3,2,60,0.6666666666666666,0.9972144702507099,0.33054780358404323,0.006883329727777982,True,True,empirical_risk_>=_alpha (point estimate already over target)
fed_isic2019__fed-isic__split09__seed2__dna__alphaANY__variantANY|alpha0.15|grouped,fed_isic2019__fed-isic__split09__seed2__dna__alphaANY__variantANY,split09,2,0.15,HAM_derived,0,10,3,111,0.3,0.7118011740430626,0.41180117404306266,0.037016296506568507,True,False,empirical_risk_>=_alpha (point estimate already over target)
fed_isic2019__fed-isic__split09__seed2__dna__alphaANY__variantANY|alpha0.15|grouped,fed_isic2019__fed-isic__split09__seed2__dna__alphaANY__variantANY,split09,2,0.15,other,1,3,2,60,0.6666666666666666,0.9972144702507099,0.33054780358404323,0.006883329727777982,True,True,empirical_risk_>=_alpha (point estimate already over target)
fed_isic2019__fed-isic__split09__seed2__dna__alphaANY__variantANY|alpha0.2|grouped,fed_isic2019__fed-isic__split09__seed2__dna__alphaANY__variantANY,split09,2,0.2,HAM_derived,0,10,3,111,0.3,0.7118011740430626,0.41180117404306266,0.037016296506568507,True,False,empirical_risk_>=_alpha (point estimate already over target)
fed_isic2019__fed-isic__split09__seed2__dna__alphaANY__variantANY|alpha0.2|grouped,fed_isic2019__fed-isic__split09__seed2__dna__alphaANY__variantANY,split09,2,0.2,other,1,3,2,60,0.6666666666666666,0.9972144702507099,0.33054780358404323,0.006883329727777982,True,True,empirical_risk_>=_alpha (point estimate already over target)
fed_isic2019__fed-isic__split09__seed2__dna__alphaANY__variantANY|alpha0.25|grouped,fed_isic2019__fed-isic__split09__seed2__dna__alphaANY__variantANY,split09,2,0.25,HAM_derived,0,10,3,111,0.3,0.7118011740430626,0.41180117404306266,0.037016296506568507,True,False,empirical_risk_>=_alpha (point estimate already over target)
fed_isic2019__fed-isic__split09__seed2__dna__alphaANY__variantANY|alpha0.25|grouped,fed_isic2019__fed-isic__split09__seed2__dna__alphaANY__variantANY,split09,2,0.25,other,1,3,2,60,0.6666666666666666,0.9972144702507099,0.33054780358404323,0.006883329727777982,True,True,empirical_risk_>=_alpha (point estimate already over target)
fed_isic2019__fed-isic__split09__seed2__dna__alphaANY__variantANY|alpha0.3|grouped,fed_isic2019__fed-isic__split09__seed2__dna__alphaANY__variantANY,split09,2,0.3,HAM_derived,0,10,3,111,0.3,0.7118011740430626,0.41180117404306266,0.037016296506568507,True,False,empirical_risk_>=_alpha (point estimate already over target)
fed_isic2019__fed-isic__split09__seed2__dna__alphaANY__variantANY|alpha0.3|grouped,fed_isic2019__fed-isic__split09__seed2__dna__alphaANY__variantANY,split09,2,0.3,other,1,3,2,60,0.6666666666666666,0.9972144702507099,0.33054780358404323,0.006883329727777982,True,True,empirical_risk_>=_alpha (point estimate already over target)
fed_isic2019__fed-isic__split09__seed3__dna__alphaANY__variantANY|alpha0.05|grouped,fed_isic2019__fed-isic__split09__seed3__dna__alphaANY__variantANY,split09,3,0.05,HAM_derived,0,0,0,111,,1.0,,0.0,False,False,no_accepted_units_A_g=0
fed_isic2019__fed-isic__split09__seed3__dna__alphaANY__variantANY|alpha0.05|grouped,fed_isic2019__fed-isic__split09__seed3__dna__alphaANY__variantANY,split09,3,0.05,other,1,0,0,60,,1.0,,0.0,False,False,no_accepted_units_A_g=0
fed_isic2019__fed-isic__split09__seed3__dna__alphaANY__variantANY|alpha0.1|grouped,fed_isic2019__fed-isic__split09__seed3__dna__alphaANY__variantANY,split09,3,0.1,HAM_derived,0,0,0,111,,1.0,,0.0,False,False,no_accepted_units_A_g=0
fed_isic2019__fed-isic__split09__seed3__dna__alphaANY__variantANY|alpha0.1|grouped,fed_isic2019__fed-isic__split09__seed3__dna__alphaANY__variantANY,split09,3,0.1,other,1,0,0,60,,1.0,,0.0,False,False,no_accepted_units_A_g=0
fed_isic2019__fed-isic__split09__seed3__dna__alphaANY__variantANY|alpha0.15|grouped,fed_isic2019__fed-isic__split09__seed3__dna__alphaANY__variantANY,split09,3,0.15,HAM_derived,0,0,0,111,,1.0,,0.0,False,False,no_accepted_units_A_g=0
fed_isic2019__fed-isic__split09__seed3__dna__alphaANY__variantANY|alpha0.15|grouped,fed_isic2019__fed-isic__split09__seed3__dna__alphaANY__variantANY,split09,3,0.15,other,1,0,0,60,,1.0,,0.0,False,False,no_accepted_units_A_g=0
fed_isic2019__fed-isic__split09__seed3__dna__alphaANY__variantANY|alpha0.2|grouped,fed_isic2019__fed-isic__split09__seed3__dna__alphaANY__variantANY,split09,3,0.2,HAM_derived,0,0,0,111,,1.0,,0.0,False,False,no_accepted_units_A_g=0
fed_isic2019__fed-isic__split09__seed3__dna__alphaANY__variantANY|alpha0.2|grouped,fed_isic2019__fed-isic__split09__seed3__dna__alphaANY__variantANY,split09,3,0.2,other,1,0,0,60,,1.0,,0.0,False,False,no_accepted_units_A_g=0
fed_isic2019__fed-isic__split09__seed3__dna__alphaANY__variantANY|alpha0.25|grouped,fed_isic2019__fed-isic__split09__seed3__dna__alphaANY__variantANY,split09,3,0.25,HAM_derived,0,0,0,111,,1.0,,0.0,False,False,no_accepted_units_A_g=0
fed_isic2019__fed-isic__split09__seed3__dna__alphaANY__variantANY|alpha0.25|grouped,fed_isic2019__fed-isic__split09__seed3__dna__alphaANY__variantANY,split09,3,0.25,other,1,0,0,60,,1.0,,0.0,False,False,no_accepted_units_A_g=0
fed_isic2019__fed-isic__split09__seed3__dna__alphaANY__variantANY|alpha0.3|grouped,fed_isic2019__fed-isic__split09__seed3__dna__alphaANY__variantANY,split09,3,0.3,HAM_derived,0,0,0,111,,1.0,,0.0,False,False,no_accepted_units_A_g=0
fed_isic2019__fed-isic__split09__seed3__dna__alphaANY__variantANY|alpha0.3|grouped,fed_isic2019__fed-isic__split09__seed3__dna__alphaANY__variantANY,split09,3,0.3,other,1,0,0,60,,1.0,,0.0,False,False,no_accepted_units_A_g=0
fed_isic2019__fed-isic__split09__seed4__dna__alphaANY__variantANY|alpha0.05|grouped,fed_isic2019__fed-isic__split09__seed4__dna__alphaANY__variantANY,split09,4,0.05,HAM_derived,0,9,0,111,0.0,0.41253788901020616,0.41253788901020616,0.03131300564934465,True,False,cp_width_blocks (empirical<alpha but finite-sample UCB>alpha)
fed_isic2019__fed-isic__split09__seed4__dna__alphaANY__variantANY|alpha0.05|grouped,fed_isic2019__fed-isic__split09__seed4__dna__alphaANY__variantANY,split09,4,0.05,other,1,1,0,60,0.0,0.9916666666666667,0.9916666666666667,0.00013946110223818527,True,True,cp_width_blocks (empirical<alpha but finite-sample UCB>alpha)
fed_isic2019__fed-isic__split09__seed4__dna__alphaANY__variantANY|alpha0.1|grouped,fed_isic2019__fed-isic__split09__seed4__dna__alphaANY__variantANY,split09,4,0.1,HAM_derived,0,9,0,111,0.0,0.41253788901020616,0.41253788901020616,0.03131300564934465,True,False,cp_width_blocks (empirical<alpha but finite-sample UCB>alpha)
fed_isic2019__fed-isic__split09__seed4__dna__alphaANY__variantANY|alpha0.1|grouped,fed_isic2019__fed-isic__split09__seed4__dna__alphaANY__variantANY,split09,4,0.1,other,1,1,0,60,0.0,0.9916666666666667,0.9916666666666667,0.00013946110223818527,True,True,cp_width_blocks (empirical<alpha but finite-sample UCB>alpha)
fed_isic2019__fed-isic__split09__seed4__dna__alphaANY__variantANY|alpha0.15|grouped,fed_isic2019__fed-isic__split09__seed4__dna__alphaANY__variantANY,split09,4,0.15,HAM_derived,0,9,0,111,0.0,0.41253788901020616,0.41253788901020616,0.03131300564934465,True,False,cp_width_blocks (empirical<alpha but finite-sample UCB>alpha)
fed_isic2019__fed-isic__split09__seed4__dna__alphaANY__variantANY|alpha0.15|grouped,fed_isic2019__fed-isic__split09__seed4__dna__alphaANY__variantANY,split09,4,0.15,other,1,1,0,60,0.0,0.9916666666666667,0.9916666666666667,0.00013946110223818527,True,True,cp_width_blocks (empirical<alpha but finite-sample UCB>alpha)
fed_isic2019__fed-isic__split09__seed4__dna__alphaANY__variantANY|alpha0.2|grouped,fed_isic2019__fed-isic__split09__seed4__dna__alphaANY__variantANY,split09,4,0.2,HAM_derived,0,9,0,111,0.0,0.41253788901020616,0.41253788901020616,0.03131300564934465,True,False,cp_width_blocks (empirical<alpha but finite-sample UCB>alpha)
fed_isic2019__fed-isic__split09__seed4__dna__alphaANY__variantANY|alpha0.2|grouped,fed_isic2019__fed-isic__split09__seed4__dna__alphaANY__variantANY,split09,4,0.2,other,1,1,0,60,0.0,0.9916666666666667,0.9916666666666667,0.00013946110223818527,True,True,cp_width_blocks (empirical<alpha but finite-sample UCB>alpha)
fed_isic2019__fed-isic__split09__seed4__dna__alphaANY__variantANY|alpha0.25|grouped,fed_isic2019__fed-isic__split09__seed4__dna__alphaANY__variantANY,split09,4,0.25,HAM_derived,0,9,0,111,0.0,0.41253788901020616,0.41253788901020616,0.03131300564934465,True,False,cp_width_blocks (empirical<alpha but finite-sample UCB>alpha)
fed_isic2019__fed-isic__split09__seed4__dna__alphaANY__variantANY|alpha0.25|grouped,fed_isic2019__fed-isic__split09__seed4__dna__alphaANY__variantANY,split09,4,0.25,other,1,1,0,60,0.0,0.9916666666666667,0.9916666666666667,0.00013946110223818527,True,True,cp_width_blocks (empirical<alpha but finite-sample UCB>alpha)
fed_isic2019__fed-isic__split09__seed4__dna__alphaANY__variantANY|alpha0.3|grouped,fed_isic2019__fed-isic__split09__seed4__dna__alphaANY__variantANY,split09,4,0.3,HAM_derived,0,9,0,111,0.0,0.41253788901020616,0.41253788901020616,0.03131300564934465,True,False,cp_width_blocks (empirical<alpha but finite-sample UCB>alpha)
fed_isic2019__fed-isic__split09__seed4__dna__alphaANY__variantANY|alpha0.3|grouped,fed_isic2019__fed-isic__split09__seed4__dna__alphaANY__variantANY,split09,4,0.3,other,1,1,0,60,0.0,0.9916666666666667,0.9916666666666667,0.00013946110223818527,True,True,cp_width_blocks (empirical<alpha but finite-sample UCB>alpha)
