semantic_id,dataset,condition,client,reservoir_n,draw_n,unique_draw_indices,duplication_rate,max_multiplicity,draw_index_sha256
cifar100_proser_fedavg__split00__seed0__d0.1,cifar100,d0.1,0,514,514,325,0.36770428015564205,6,96a891fdd1c839b95dc13742ee7f9417b589620ee58bfd7475b38788b7890555
cifar100_proser_fedavg__split00__seed0__d0.1,cifar100,d0.1,1,514,514,330,0.357976653696498,6,597d2af6ab9ce87f282fc005d13dab6101e56444de25c3220aa2557688b00522
cifar100_proser_fedavg__split00__seed0__d0.1,cifar100,d0.1,2,514,514,333,0.35214007782101164,5,fda750658a09aa4f1615ced6d22984f55c3dc13d31146e5c1a146a38dda3aaa9
cifar100_proser_fedavg__split00__seed0__d0.1,cifar100,d0.1,3,514,514,329,0.3599221789883269,5,e375c7710d7b7a05f9dad2262602eb7ad600408ee785593a4c4552177a5dd3e6
cifar100_proser_fedavg__split00__seed0__d0.1,cifar100,d0.1,4,514,514,316,0.38521400778210113,6,480f1e31182efcac3f30dfc16aa6358c26ccd368a5ceb58a08fc77c0755bea85
cifar100_proser_fedavg__split00__seed0__d0.5,cifar100,d0.5,0,514,514,325,0.36770428015564205,6,96a891fdd1c839b95dc13742ee7f9417b589620ee58bfd7475b38788b7890555
cifar100_proser_fedavg__split00__seed0__d0.5,cifar100,d0.5,1,514,514,330,0.357976653696498,6,597d2af6ab9ce87f282fc005d13dab6101e56444de25c3220aa2557688b00522
cifar100_proser_fedavg__split00__seed0__d0.5,cifar100,d0.5,2,514,514,333,0.35214007782101164,5,fda750658a09aa4f1615ced6d22984f55c3dc13d31146e5c1a146a38dda3aaa9
cifar100_proser_fedavg__split00__seed0__d0.5,cifar100,d0.5,3,514,514,329,0.3599221789883269,5,e375c7710d7b7a05f9dad2262602eb7ad600408ee785593a4c4552177a5dd3e6
cifar100_proser_fedavg__split00__seed0__d0.5,cifar100,d0.5,4,514,514,316,0.38521400778210113,6,480f1e31182efcac3f30dfc16aa6358c26ccd368a5ceb58a08fc77c0755bea85
cifar100_proser_fedavg__split00__seed0__d5.0,cifar100,d5,0,514,514,325,0.36770428015564205,6,96a891fdd1c839b95dc13742ee7f9417b589620ee58bfd7475b38788b7890555
cifar100_proser_fedavg__split00__seed0__d5.0,cifar100,d5,1,514,514,330,0.357976653696498,6,597d2af6ab9ce87f282fc005d13dab6101e56444de25c3220aa2557688b00522
cifar100_proser_fedavg__split00__seed0__d5.0,cifar100,d5,2,514,514,333,0.35214007782101164,5,fda750658a09aa4f1615ced6d22984f55c3dc13d31146e5c1a146a38dda3aaa9
cifar100_proser_fedavg__split00__seed0__d5.0,cifar100,d5,3,514,514,329,0.3599221789883269,5,e375c7710d7b7a05f9dad2262602eb7ad600408ee785593a4c4552177a5dd3e6
cifar100_proser_fedavg__split00__seed0__d5.0,cifar100,d5,4,514,514,316,0.38521400778210113,6,480f1e31182efcac3f30dfc16aa6358c26ccd368a5ceb58a08fc77c0755bea85
cifar100_proser_fedavg__split00__seed1__d0.1,cifar100,d0.1,0,514,514,332,0.35408560311284043,6,d2193dd852848aa913aa9fae965419c56f6ee040465def0aacf908830e16edf3
cifar100_proser_fedavg__split00__seed1__d0.1,cifar100,d0.1,1,514,514,321,0.3754863813229572,5,d5899b23c2ec2d9ad90968a5a40145c4375a9833b88b6c2d4f42d2906ada60d0
cifar100_proser_fedavg__split00__seed1__d0.1,cifar100,d0.1,2,514,514,330,0.357976653696498,5,b4bffd65a5c99d6ff1b596defc11c81f27bfdbc77892e031931ce4f74e3eb67c
cifar100_proser_fedavg__split00__seed1__d0.1,cifar100,d0.1,3,514,514,326,0.36575875486381326,5,041756e42693587d70834827f0cafb68945947b4bc64f60405d7ddb7ef7cd491
cifar100_proser_fedavg__split00__seed1__d0.1,cifar100,d0.1,4,514,514,327,0.3638132295719845,6,7ab87c1ee4b19e58ed32c5e617a6040c7293c0f2b6ebad36bbf9bf05d1860029
cifar100_proser_fedavg__split00__seed1__d0.5,cifar100,d0.5,0,514,514,332,0.35408560311284043,6,d2193dd852848aa913aa9fae965419c56f6ee040465def0aacf908830e16edf3
cifar100_proser_fedavg__split00__seed1__d0.5,cifar100,d0.5,1,514,514,321,0.3754863813229572,5,d5899b23c2ec2d9ad90968a5a40145c4375a9833b88b6c2d4f42d2906ada60d0
cifar100_proser_fedavg__split00__seed1__d0.5,cifar100,d0.5,2,514,514,330,0.357976653696498,5,b4bffd65a5c99d6ff1b596defc11c81f27bfdbc77892e031931ce4f74e3eb67c
cifar100_proser_fedavg__split00__seed1__d0.5,cifar100,d0.5,3,514,514,326,0.36575875486381326,5,041756e42693587d70834827f0cafb68945947b4bc64f60405d7ddb7ef7cd491
cifar100_proser_fedavg__split00__seed1__d0.5,cifar100,d0.5,4,514,514,327,0.3638132295719845,6,7ab87c1ee4b19e58ed32c5e617a6040c7293c0f2b6ebad36bbf9bf05d1860029
cifar100_proser_fedavg__split00__seed1__d5.0,cifar100,d5,0,514,514,332,0.35408560311284043,6,d2193dd852848aa913aa9fae965419c56f6ee040465def0aacf908830e16edf3
cifar100_proser_fedavg__split00__seed1__d5.0,cifar100,d5,1,514,514,321,0.3754863813229572,5,d5899b23c2ec2d9ad90968a5a40145c4375a9833b88b6c2d4f42d2906ada60d0
cifar100_proser_fedavg__split00__seed1__d5.0,cifar100,d5,2,514,514,330,0.357976653696498,5,b4bffd65a5c99d6ff1b596defc11c81f27bfdbc77892e031931ce4f74e3eb67c
cifar100_proser_fedavg__split00__seed1__d5.0,cifar100,d5,3,514,514,326,0.36575875486381326,5,041756e42693587d70834827f0cafb68945947b4bc64f60405d7ddb7ef7cd491
cifar100_proser_fedavg__split00__seed1__d5.0,cifar100,d5,4,514,514,327,0.3638132295719845,6,7ab87c1ee4b19e58ed32c5e617a6040c7293c0f2b6ebad36bbf9bf05d1860029
cifar100_proser_fedavg__split00__seed2__d0.1,cifar100,d0.1,0,514,514,324,0.36964980544747084,5,e8ef8d2f0275da8cefd1c6b5646aaf5bd2e8d197136884633b77c6f7b0ab507a
cifar100_proser_fedavg__split00__seed2__d0.1,cifar100,d0.1,1,514,514,324,0.36964980544747084,7,c8a42853890dcbb1428009e9d8d1d9a63b5d90c0d38a00b38113e0ff52b4d5b6
cifar100_proser_fedavg__split00__seed2__d0.1,cifar100,d0.1,2,514,514,343,0.3326848249027238,5,bc9d1249576713fef4ff2da300c3bcc30fea6855e2749b02dfb1df8fa370eced
cifar100_proser_fedavg__split00__seed2__d0.1,cifar100,d0.1,3,514,514,337,0.3443579766536965,5,77c678676f03fe55e576e9f695173c4414231aa054eff20095e310d8c5612921
cifar100_proser_fedavg__split00__seed2__d0.1,cifar100,d0.1,4,514,514,331,0.3560311284046692,4,fcc7ebfba6e3765cfb7f02451b541345ec23c5cbd5866f80b6020924f1c27900
cifar100_proser_fedavg__split00__seed2__d0.5,cifar100,d0.5,0,514,514,324,0.36964980544747084,5,e8ef8d2f0275da8cefd1c6b5646aaf5bd2e8d197136884633b77c6f7b0ab507a
cifar100_proser_fedavg__split00__seed2__d0.5,cifar100,d0.5,1,514,514,324,0.36964980544747084,7,c8a42853890dcbb1428009e9d8d1d9a63b5d90c0d38a00b38113e0ff52b4d5b6
cifar100_proser_fedavg__split00__seed2__d0.5,cifar100,d0.5,2,514,514,343,0.3326848249027238,5,bc9d1249576713fef4ff2da300c3bcc30fea6855e2749b02dfb1df8fa370eced
cifar100_proser_fedavg__split00__seed2__d0.5,cifar100,d0.5,3,514,514,337,0.3443579766536965,5,77c678676f03fe55e576e9f695173c4414231aa054eff20095e310d8c5612921
cifar100_proser_fedavg__split00__seed2__d0.5,cifar100,d0.5,4,514,514,331,0.3560311284046692,4,fcc7ebfba6e3765cfb7f02451b541345ec23c5cbd5866f80b6020924f1c27900
cifar100_proser_fedavg__split00__seed2__d5.0,cifar100,d5,0,514,514,324,0.36964980544747084,5,e8ef8d2f0275da8cefd1c6b5646aaf5bd2e8d197136884633b77c6f7b0ab507a
cifar100_proser_fedavg__split00__seed2__d5.0,cifar100,d5,1,514,514,324,0.36964980544747084,7,c8a42853890dcbb1428009e9d8d1d9a63b5d90c0d38a00b38113e0ff52b4d5b6
cifar100_proser_fedavg__split00__seed2__d5.0,cifar100,d5,2,514,514,343,0.3326848249027238,5,bc9d1249576713fef4ff2da300c3bcc30fea6855e2749b02dfb1df8fa370eced
cifar100_proser_fedavg__split00__seed2__d5.0,cifar100,d5,3,514,514,337,0.3443579766536965,5,77c678676f03fe55e576e9f695173c4414231aa054eff20095e310d8c5612921
cifar100_proser_fedavg__split00__seed2__d5.0,cifar100,d5,4,514,514,331,0.3560311284046692,4,fcc7ebfba6e3765cfb7f02451b541345ec23c5cbd5866f80b6020924f1c27900
cifar100_proser_fedavg__split00__seed3__d0.1,cifar100,d0.1,0,514,514,317,0.38326848249027234,6,16d329e29ba563b63834ccdabb749978b55d0cec77d4f03d8a068293287a1449
cifar100_proser_fedavg__split00__seed3__d0.1,cifar100,d0.1,1,514,514,315,0.3871595330739299,8,5083a143181aedfc99324fb5f2061d9f6fa04f5aca4e4406ca7c7e817176dd8c
cifar100_proser_fedavg__split00__seed3__d0.1,cifar100,d0.1,2,514,514,326,0.36575875486381326,5,853eeb588447e9aa983baf5377678b85a8cb8306f289b2e3a77d353843214faf
cifar100_proser_fedavg__split00__seed3__d0.1,cifar100,d0.1,3,514,514,331,0.3560311284046692,5,5831262787432000477c38be4e19182dfc38461464df67ddf735d43a4fde86fc
cifar100_proser_fedavg__split00__seed3__d0.1,cifar100,d0.1,4,514,514,327,0.3638132295719845,6,f77a7d10e8ed81901741d0810ede9c02c128f30455d0fefb2b3b1bbaa0276a31
cifar100_proser_fedavg__split00__seed3__d0.5,cifar100,d0.5,0,514,514,317,0.38326848249027234,6,16d329e29ba563b63834ccdabb749978b55d0cec77d4f03d8a068293287a1449
cifar100_proser_fedavg__split00__seed3__d0.5,cifar100,d0.5,1,514,514,315,0.3871595330739299,8,5083a143181aedfc99324fb5f2061d9f6fa04f5aca4e4406ca7c7e817176dd8c
cifar100_proser_fedavg__split00__seed3__d0.5,cifar100,d0.5,2,514,514,326,0.36575875486381326,5,853eeb588447e9aa983baf5377678b85a8cb8306f289b2e3a77d353843214faf
cifar100_proser_fedavg__split00__seed3__d0.5,cifar100,d0.5,3,514,514,331,0.3560311284046692,5,5831262787432000477c38be4e19182dfc38461464df67ddf735d43a4fde86fc
cifar100_proser_fedavg__split00__seed3__d0.5,cifar100,d0.5,4,514,514,327,0.3638132295719845,6,f77a7d10e8ed81901741d0810ede9c02c128f30455d0fefb2b3b1bbaa0276a31
cifar100_proser_fedavg__split00__seed3__d5.0,cifar100,d5,0,514,514,317,0.38326848249027234,6,16d329e29ba563b63834ccdabb749978b55d0cec77d4f03d8a068293287a1449
cifar100_proser_fedavg__split00__seed3__d5.0,cifar100,d5,1,514,514,315,0.3871595330739299,8,5083a143181aedfc99324fb5f2061d9f6fa04f5aca4e4406ca7c7e817176dd8c
cifar100_proser_fedavg__split00__seed3__d5.0,cifar100,d5,2,514,514,326,0.36575875486381326,5,853eeb588447e9aa983baf5377678b85a8cb8306f289b2e3a77d353843214faf
cifar100_proser_fedavg__split00__seed3__d5.0,cifar100,d5,3,514,514,331,0.3560311284046692,5,5831262787432000477c38be4e19182dfc38461464df67ddf735d43a4fde86fc
cifar100_proser_fedavg__split00__seed3__d5.0,cifar100,d5,4,514,514,327,0.3638132295719845,6,f77a7d10e8ed81901741d0810ede9c02c128f30455d0fefb2b3b1bbaa0276a31
cifar100_proser_fedavg__split00__seed4__d0.1,cifar100,d0.1,0,514,514,324,0.36964980544747084,5,d5bec48cd590f5234869632c6112bcaa3886bab0cdc916b5e3e917f178d72299
cifar100_proser_fedavg__split00__seed4__d0.1,cifar100,d0.1,1,514,514,320,0.377431906614786,6,6b46475f073953a0c3292177d1588bf2eecafef50820ceb76da2fa31c6c09014
cifar100_proser_fedavg__split00__seed4__d0.1,cifar100,d0.1,2,514,514,329,0.3599221789883269,5,9d4c14f419c5d740a51e27e4c869ccc664a275511340ca4c0ebfc30cdd4db46d
cifar100_proser_fedavg__split00__seed4__d0.1,cifar100,d0.1,3,514,514,335,0.34824902723735407,5,bd20356da0f92c90ec82ef8b83ab000cc034db9c2512abcfaa5b8efa6d7b12ba
cifar100_proser_fedavg__split00__seed4__d0.1,cifar100,d0.1,4,514,514,329,0.3599221789883269,5,5bd84d5520186f96656f69e5fe572a5f82e85b6938b04ad82f710ecdbe4de10e
cifar100_proser_fedavg__split00__seed4__d0.5,cifar100,d0.5,0,514,514,324,0.36964980544747084,5,d5bec48cd590f5234869632c6112bcaa3886bab0cdc916b5e3e917f178d72299
cifar100_proser_fedavg__split00__seed4__d0.5,cifar100,d0.5,1,514,514,320,0.377431906614786,6,6b46475f073953a0c3292177d1588bf2eecafef50820ceb76da2fa31c6c09014
cifar100_proser_fedavg__split00__seed4__d0.5,cifar100,d0.5,2,514,514,329,0.3599221789883269,5,9d4c14f419c5d740a51e27e4c869ccc664a275511340ca4c0ebfc30cdd4db46d
cifar100_proser_fedavg__split00__seed4__d0.5,cifar100,d0.5,3,514,514,335,0.34824902723735407,5,bd20356da0f92c90ec82ef8b83ab000cc034db9c2512abcfaa5b8efa6d7b12ba
cifar100_proser_fedavg__split00__seed4__d0.5,cifar100,d0.5,4,514,514,329,0.3599221789883269,5,5bd84d5520186f96656f69e5fe572a5f82e85b6938b04ad82f710ecdbe4de10e
cifar100_proser_fedavg__split00__seed4__d5.0,cifar100,d5,0,514,514,324,0.36964980544747084,5,d5bec48cd590f5234869632c6112bcaa3886bab0cdc916b5e3e917f178d72299
cifar100_proser_fedavg__split00__seed4__d5.0,cifar100,d5,1,514,514,320,0.377431906614786,6,6b46475f073953a0c3292177d1588bf2eecafef50820ceb76da2fa31c6c09014
cifar100_proser_fedavg__split00__seed4__d5.0,cifar100,d5,2,514,514,329,0.3599221789883269,5,9d4c14f419c5d740a51e27e4c869ccc664a275511340ca4c0ebfc30cdd4db46d
cifar100_proser_fedavg__split00__seed4__d5.0,cifar100,d5,3,514,514,335,0.34824902723735407,5,bd20356da0f92c90ec82ef8b83ab000cc034db9c2512abcfaa5b8efa6d7b12ba
cifar100_proser_fedavg__split00__seed4__d5.0,cifar100,d5,4,514,514,329,0.3599221789883269,5,5bd84d5520186f96656f69e5fe572a5f82e85b6938b04ad82f710ecdbe4de10e
cifar100_proser_fedavg__split01__seed0__d0.1,cifar100,d0.1,0,514,514,321,0.3754863813229572,5,6ef7615fc0c44fd8fccbb738218519c9ddd1fe558ffa180aec63576f852c3433
cifar100_proser_fedavg__split01__seed0__d0.1,cifar100,d0.1,1,514,514,332,0.35408560311284043,4,92fccc6e1fd8a7494c72f2110be03fe4991479ed1df8eb8448a32ab7b0796199
cifar100_proser_fedavg__split01__seed0__d0.1,cifar100,d0.1,2,514,514,334,0.35019455252918286,5,49830967d769e4c05e5773da3944515a9e5c1cfabce66417c28269fc348ec243
cifar100_proser_fedavg__split01__seed0__d0.1,cifar100,d0.1,3,514,514,324,0.36964980544747084,4,65918a93572aa8c6012cf4f357e201a9d8383a43f1fbce4676b6ab99c03f0de7
cifar100_proser_fedavg__split01__seed0__d0.1,cifar100,d0.1,4,514,514,335,0.34824902723735407,6,8098ed33bdf061be7d22213b23241f865140f70f93ba7d82eff15be521e45c08
cifar100_proser_fedavg__split01__seed0__d0.5,cifar100,d0.5,0,514,514,321,0.3754863813229572,5,6ef7615fc0c44fd8fccbb738218519c9ddd1fe558ffa180aec63576f852c3433
cifar100_proser_fedavg__split01__seed0__d0.5,cifar100,d0.5,1,514,514,332,0.35408560311284043,4,92fccc6e1fd8a7494c72f2110be03fe4991479ed1df8eb8448a32ab7b0796199
cifar100_proser_fedavg__split01__seed0__d0.5,cifar100,d0.5,2,514,514,334,0.35019455252918286,5,49830967d769e4c05e5773da3944515a9e5c1cfabce66417c28269fc348ec243
cifar100_proser_fedavg__split01__seed0__d0.5,cifar100,d0.5,3,514,514,324,0.36964980544747084,4,65918a93572aa8c6012cf4f357e201a9d8383a43f1fbce4676b6ab99c03f0de7
cifar100_proser_fedavg__split01__seed0__d0.5,cifar100,d0.5,4,514,514,335,0.34824902723735407,6,8098ed33bdf061be7d22213b23241f865140f70f93ba7d82eff15be521e45c08
cifar100_proser_fedavg__split01__seed0__d5.0,cifar100,d5,0,514,514,321,0.3754863813229572,5,6ef7615fc0c44fd8fccbb738218519c9ddd1fe558ffa180aec63576f852c3433
cifar100_proser_fedavg__split01__seed0__d5.0,cifar100,d5,1,514,514,332,0.35408560311284043,4,92fccc6e1fd8a7494c72f2110be03fe4991479ed1df8eb8448a32ab7b0796199
cifar100_proser_fedavg__split01__seed0__d5.0,cifar100,d5,2,514,514,334,0.35019455252918286,5,49830967d769e4c05e5773da3944515a9e5c1cfabce66417c28269fc348ec243
cifar100_proser_fedavg__split01__seed0__d5.0,cifar100,d5,3,514,514,324,0.36964980544747084,4,65918a93572aa8c6012cf4f357e201a9d8383a43f1fbce4676b6ab99c03f0de7
cifar100_proser_fedavg__split01__seed0__d5.0,cifar100,d5,4,514,514,335,0.34824902723735407,6,8098ed33bdf061be7d22213b23241f865140f70f93ba7d82eff15be521e45c08
cifar100_proser_fedavg__split01__seed1__d0.1,cifar100,d0.1,0,514,514,326,0.36575875486381326,5,e00e72fd94094713e175f82394b2abb9768c48961397ef21519b17c8d54f6ebf
cifar100_proser_fedavg__split01__seed1__d0.1,cifar100,d0.1,1,514,514,322,0.3735408560311284,6,31a33b8c066831416d809a6cd1589926346b2e8a09cdad55bbf555505bc1be5b
cifar100_proser_fedavg__split01__seed1__d0.1,cifar100,d0.1,2,514,514,325,0.36770428015564205,5,763f3a74e59b05996b4519c5e9b6ca0006d664bee7e2d90289b6967d808236bd
cifar100_proser_fedavg__split01__seed1__d0.1,cifar100,d0.1,3,514,514,334,0.35019455252918286,5,0cb1fa2b02be17ca58a00a6c335521d8e60e01e8837d3963fc1d041044afc3a2
cifar100_proser_fedavg__split01__seed1__d0.1,cifar100,d0.1,4,514,514,329,0.3599221789883269,5,2ffe7a65d7320d16890906d1404d141babc13913b048b07953705f159aa2d720
cifar100_proser_fedavg__split01__seed1__d0.5,cifar100,d0.5,0,514,514,326,0.36575875486381326,5,e00e72fd94094713e175f82394b2abb9768c48961397ef21519b17c8d54f6ebf
cifar100_proser_fedavg__split01__seed1__d0.5,cifar100,d0.5,1,514,514,322,0.3735408560311284,6,31a33b8c066831416d809a6cd1589926346b2e8a09cdad55bbf555505bc1be5b
cifar100_proser_fedavg__split01__seed1__d0.5,cifar100,d0.5,2,514,514,325,0.36770428015564205,5,763f3a74e59b05996b4519c5e9b6ca0006d664bee7e2d90289b6967d808236bd
cifar100_proser_fedavg__split01__seed1__d0.5,cifar100,d0.5,3,514,514,334,0.35019455252918286,5,0cb1fa2b02be17ca58a00a6c335521d8e60e01e8837d3963fc1d041044afc3a2
cifar100_proser_fedavg__split01__seed1__d0.5,cifar100,d0.5,4,514,514,329,0.3599221789883269,5,2ffe7a65d7320d16890906d1404d141babc13913b048b07953705f159aa2d720
cifar100_proser_fedavg__split01__seed1__d5.0,cifar100,d5,0,514,514,326,0.36575875486381326,5,e00e72fd94094713e175f82394b2abb9768c48961397ef21519b17c8d54f6ebf
cifar100_proser_fedavg__split01__seed1__d5.0,cifar100,d5,1,514,514,322,0.3735408560311284,6,31a33b8c066831416d809a6cd1589926346b2e8a09cdad55bbf555505bc1be5b
cifar100_proser_fedavg__split01__seed1__d5.0,cifar100,d5,2,514,514,325,0.36770428015564205,5,763f3a74e59b05996b4519c5e9b6ca0006d664bee7e2d90289b6967d808236bd
cifar100_proser_fedavg__split01__seed1__d5.0,cifar100,d5,3,514,514,334,0.35019455252918286,5,0cb1fa2b02be17ca58a00a6c335521d8e60e01e8837d3963fc1d041044afc3a2
cifar100_proser_fedavg__split01__seed1__d5.0,cifar100,d5,4,514,514,329,0.3599221789883269,5,2ffe7a65d7320d16890906d1404d141babc13913b048b07953705f159aa2d720
cifar100_proser_fedavg__split01__seed2__d0.1,cifar100,d0.1,0,514,514,333,0.35214007782101164,5,b6bc1be15c0ff0704bca60449eea9a8b7565af1640d10e7bf9a04ad19d0d3b62
cifar100_proser_fedavg__split01__seed2__d0.1,cifar100,d0.1,1,514,514,319,0.37937743190661477,5,57da981c764347aac8680ad3551389019391fa169e8bf56cf5eb75666c115ae2
cifar100_proser_fedavg__split01__seed2__d0.1,cifar100,d0.1,2,514,514,327,0.3638132295719845,6,8e4cf7b092de4c79fbce2b2b53843f7e5a8fdfd5d39c72274630cb2a30f45f84
cifar100_proser_fedavg__split01__seed2__d0.1,cifar100,d0.1,3,514,514,321,0.3754863813229572,6,214fc72742a90a5f84efe1b3c275ee394c915743b3db3369879e136f7dc562e9
cifar100_proser_fedavg__split01__seed2__d0.1,cifar100,d0.1,4,514,514,327,0.3638132295719845,5,81507d0cf74b1285b83b35301dc24595cb583031ac2d129381a94e6424901e6f
cifar100_proser_fedavg__split01__seed2__d0.5,cifar100,d0.5,0,514,514,333,0.35214007782101164,5,b6bc1be15c0ff0704bca60449eea9a8b7565af1640d10e7bf9a04ad19d0d3b62
cifar100_proser_fedavg__split01__seed2__d0.5,cifar100,d0.5,1,514,514,319,0.37937743190661477,5,57da981c764347aac8680ad3551389019391fa169e8bf56cf5eb75666c115ae2
cifar100_proser_fedavg__split01__seed2__d0.5,cifar100,d0.5,2,514,514,327,0.3638132295719845,6,8e4cf7b092de4c79fbce2b2b53843f7e5a8fdfd5d39c72274630cb2a30f45f84
cifar100_proser_fedavg__split01__seed2__d0.5,cifar100,d0.5,3,514,514,321,0.3754863813229572,6,214fc72742a90a5f84efe1b3c275ee394c915743b3db3369879e136f7dc562e9
cifar100_proser_fedavg__split01__seed2__d0.5,cifar100,d0.5,4,514,514,327,0.3638132295719845,5,81507d0cf74b1285b83b35301dc24595cb583031ac2d129381a94e6424901e6f
cifar100_proser_fedavg__split01__seed2__d5.0,cifar100,d5,0,514,514,333,0.35214007782101164,5,b6bc1be15c0ff0704bca60449eea9a8b7565af1640d10e7bf9a04ad19d0d3b62
cifar100_proser_fedavg__split01__seed2__d5.0,cifar100,d5,1,514,514,319,0.37937743190661477,5,57da981c764347aac8680ad3551389019391fa169e8bf56cf5eb75666c115ae2
cifar100_proser_fedavg__split01__seed2__d5.0,cifar100,d5,2,514,514,327,0.3638132295719845,6,8e4cf7b092de4c79fbce2b2b53843f7e5a8fdfd5d39c72274630cb2a30f45f84
cifar100_proser_fedavg__split01__seed2__d5.0,cifar100,d5,3,514,514,321,0.3754863813229572,6,214fc72742a90a5f84efe1b3c275ee394c915743b3db3369879e136f7dc562e9
cifar100_proser_fedavg__split01__seed2__d5.0,cifar100,d5,4,514,514,327,0.3638132295719845,5,81507d0cf74b1285b83b35301dc24595cb583031ac2d129381a94e6424901e6f
cifar100_proser_fedavg__split01__seed3__d0.1,cifar100,d0.1,0,514,514,329,0.3599221789883269,6,e8cbfd320ef108d426fc8604d02f99bba7fd0db84286890ae1e6dadc47e7be0f
cifar100_proser_fedavg__split01__seed3__d0.1,cifar100,d0.1,1,514,514,332,0.35408560311284043,4,448d7be435e4efef6146360a3f46df92a254864b20c4fc2a4a6e5e1b5dce0bc0
cifar100_proser_fedavg__split01__seed3__d0.1,cifar100,d0.1,2,514,514,331,0.3560311284046692,5,1402a82368e948317036eb18bbb7454546642fac3f8926a3ef136531f65822cc
cifar100_proser_fedavg__split01__seed3__d0.1,cifar100,d0.1,3,514,514,328,0.3618677042801557,4,205f6cf61660353e093ea1df3e13acf5919900e9afd3ae208577aab9f0a078f1
cifar100_proser_fedavg__split01__seed3__d0.1,cifar100,d0.1,4,514,514,323,0.3715953307392996,4,a56a894339ae9d0a62cc7187ff56e65c042d41348c5b0d211c46c57afe1c54d4
cifar100_proser_fedavg__split01__seed3__d0.5,cifar100,d0.5,0,514,514,329,0.3599221789883269,6,e8cbfd320ef108d426fc8604d02f99bba7fd0db84286890ae1e6dadc47e7be0f
cifar100_proser_fedavg__split01__seed3__d0.5,cifar100,d0.5,1,514,514,332,0.35408560311284043,4,448d7be435e4efef6146360a3f46df92a254864b20c4fc2a4a6e5e1b5dce0bc0
cifar100_proser_fedavg__split01__seed3__d0.5,cifar100,d0.5,2,514,514,331,0.3560311284046692,5,1402a82368e948317036eb18bbb7454546642fac3f8926a3ef136531f65822cc
cifar100_proser_fedavg__split01__seed3__d0.5,cifar100,d0.5,3,514,514,328,0.3618677042801557,4,205f6cf61660353e093ea1df3e13acf5919900e9afd3ae208577aab9f0a078f1
cifar100_proser_fedavg__split01__seed3__d0.5,cifar100,d0.5,4,514,514,323,0.3715953307392996,4,a56a894339ae9d0a62cc7187ff56e65c042d41348c5b0d211c46c57afe1c54d4
cifar100_proser_fedavg__split01__seed3__d5.0,cifar100,d5,0,514,514,329,0.3599221789883269,6,e8cbfd320ef108d426fc8604d02f99bba7fd0db84286890ae1e6dadc47e7be0f
cifar100_proser_fedavg__split01__seed3__d5.0,cifar100,d5,1,514,514,332,0.35408560311284043,4,448d7be435e4efef6146360a3f46df92a254864b20c4fc2a4a6e5e1b5dce0bc0
cifar100_proser_fedavg__split01__seed3__d5.0,cifar100,d5,2,514,514,331,0.3560311284046692,5,1402a82368e948317036eb18bbb7454546642fac3f8926a3ef136531f65822cc
cifar100_proser_fedavg__split01__seed3__d5.0,cifar100,d5,3,514,514,328,0.3618677042801557,4,205f6cf61660353e093ea1df3e13acf5919900e9afd3ae208577aab9f0a078f1
cifar100_proser_fedavg__split01__seed3__d5.0,cifar100,d5,4,514,514,323,0.3715953307392996,4,a56a894339ae9d0a62cc7187ff56e65c042d41348c5b0d211c46c57afe1c54d4
cifar100_proser_fedavg__split01__seed4__d0.1,cifar100,d0.1,0,514,514,327,0.3638132295719845,5,42258e3a3a254bbe820529429be1c4af8d431261308dcafdbf072edc703b8997
cifar100_proser_fedavg__split01__seed4__d0.1,cifar100,d0.1,1,514,514,321,0.3754863813229572,5,d332ff2e9bb1d69217683a82ec2138ec4a555c011796b1ff768a8572677ee856
cifar100_proser_fedavg__split01__seed4__d0.1,cifar100,d0.1,2,514,514,326,0.36575875486381326,4,1a9352d87a17f3032c018875b510121d33d2786387e17784644288fdff68e1ce
cifar100_proser_fedavg__split01__seed4__d0.1,cifar100,d0.1,3,514,514,336,0.3463035019455253,5,d22b40859100f137028f08b311ce3d96539629b1ce64a3180bf7ce1ab9a3c352
cifar100_proser_fedavg__split01__seed4__d0.1,cifar100,d0.1,4,514,514,325,0.36770428015564205,5,f9bb28839d42179b44efa7307bd18069ad14f56cb6c540edb2129fc982bd6313
cifar100_proser_fedavg__split01__seed4__d0.5,cifar100,d0.5,0,514,514,327,0.3638132295719845,5,42258e3a3a254bbe820529429be1c4af8d431261308dcafdbf072edc703b8997
cifar100_proser_fedavg__split01__seed4__d0.5,cifar100,d0.5,1,514,514,321,0.3754863813229572,5,d332ff2e9bb1d69217683a82ec2138ec4a555c011796b1ff768a8572677ee856
cifar100_proser_fedavg__split01__seed4__d0.5,cifar100,d0.5,2,514,514,326,0.36575875486381326,4,1a9352d87a17f3032c018875b510121d33d2786387e17784644288fdff68e1ce
cifar100_proser_fedavg__split01__seed4__d0.5,cifar100,d0.5,3,514,514,336,0.3463035019455253,5,d22b40859100f137028f08b311ce3d96539629b1ce64a3180bf7ce1ab9a3c352
cifar100_proser_fedavg__split01__seed4__d0.5,cifar100,d0.5,4,514,514,325,0.36770428015564205,5,f9bb28839d42179b44efa7307bd18069ad14f56cb6c540edb2129fc982bd6313
cifar100_proser_fedavg__split01__seed4__d5.0,cifar100,d5,0,514,514,327,0.3638132295719845,5,42258e3a3a254bbe820529429be1c4af8d431261308dcafdbf072edc703b8997
cifar100_proser_fedavg__split01__seed4__d5.0,cifar100,d5,1,514,514,321,0.3754863813229572,5,d332ff2e9bb1d69217683a82ec2138ec4a555c011796b1ff768a8572677ee856
cifar100_proser_fedavg__split01__seed4__d5.0,cifar100,d5,2,514,514,326,0.36575875486381326,4,1a9352d87a17f3032c018875b510121d33d2786387e17784644288fdff68e1ce
cifar100_proser_fedavg__split01__seed4__d5.0,cifar100,d5,3,514,514,336,0.3463035019455253,5,d22b40859100f137028f08b311ce3d96539629b1ce64a3180bf7ce1ab9a3c352
cifar100_proser_fedavg__split01__seed4__d5.0,cifar100,d5,4,514,514,325,0.36770428015564205,5,f9bb28839d42179b44efa7307bd18069ad14f56cb6c540edb2129fc982bd6313
cifar100_proser_fedavg__split02__seed0__d0.1,cifar100,d0.1,0,514,514,320,0.377431906614786,5,9c22d6052808bad454ff130aa2d3a3c01015d37ef24c934fa3192a498a31e38a
cifar100_proser_fedavg__split02__seed0__d0.1,cifar100,d0.1,1,514,514,328,0.3618677042801557,5,c310b6c9390d3a7c06fd4a8822126b8f6b44342097a1dc66971b9db320437133
cifar100_proser_fedavg__split02__seed0__d0.1,cifar100,d0.1,2,514,514,322,0.3735408560311284,7,15fd65f5a8bd16ab616779677bd4176432b6ea3ca76ab5b15b2f49bd9c7acaab
cifar100_proser_fedavg__split02__seed0__d0.1,cifar100,d0.1,3,514,514,328,0.3618677042801557,5,17f198623fe80b8832335399f8f3e1c818b890865f80d24b7592010fe4b90915
cifar100_proser_fedavg__split02__seed0__d0.1,cifar100,d0.1,4,514,514,323,0.3715953307392996,5,c94b070afd7996a3f67f9768ee3aeb71ad293210db694116dff3d08abe2c6f5d
cifar100_proser_fedavg__split02__seed0__d0.5,cifar100,d0.5,0,514,514,320,0.377431906614786,5,9c22d6052808bad454ff130aa2d3a3c01015d37ef24c934fa3192a498a31e38a
cifar100_proser_fedavg__split02__seed0__d0.5,cifar100,d0.5,1,514,514,328,0.3618677042801557,5,c310b6c9390d3a7c06fd4a8822126b8f6b44342097a1dc66971b9db320437133
cifar100_proser_fedavg__split02__seed0__d0.5,cifar100,d0.5,2,514,514,322,0.3735408560311284,7,15fd65f5a8bd16ab616779677bd4176432b6ea3ca76ab5b15b2f49bd9c7acaab
cifar100_proser_fedavg__split02__seed0__d0.5,cifar100,d0.5,3,514,514,328,0.3618677042801557,5,17f198623fe80b8832335399f8f3e1c818b890865f80d24b7592010fe4b90915
cifar100_proser_fedavg__split02__seed0__d0.5,cifar100,d0.5,4,514,514,323,0.3715953307392996,5,c94b070afd7996a3f67f9768ee3aeb71ad293210db694116dff3d08abe2c6f5d
cifar100_proser_fedavg__split02__seed0__d5.0,cifar100,d5,0,514,514,320,0.377431906614786,5,9c22d6052808bad454ff130aa2d3a3c01015d37ef24c934fa3192a498a31e38a
cifar100_proser_fedavg__split02__seed0__d5.0,cifar100,d5,1,514,514,328,0.3618677042801557,5,c310b6c9390d3a7c06fd4a8822126b8f6b44342097a1dc66971b9db320437133
cifar100_proser_fedavg__split02__seed0__d5.0,cifar100,d5,2,514,514,322,0.3735408560311284,7,15fd65f5a8bd16ab616779677bd4176432b6ea3ca76ab5b15b2f49bd9c7acaab
cifar100_proser_fedavg__split02__seed0__d5.0,cifar100,d5,3,514,514,328,0.3618677042801557,5,17f198623fe80b8832335399f8f3e1c818b890865f80d24b7592010fe4b90915
cifar100_proser_fedavg__split02__seed0__d5.0,cifar100,d5,4,514,514,323,0.3715953307392996,5,c94b070afd7996a3f67f9768ee3aeb71ad293210db694116dff3d08abe2c6f5d
cifar100_proser_fedavg__split02__seed1__d0.1,cifar100,d0.1,0,514,514,320,0.377431906614786,8,0417476ca6037a46da021f6417a756773ea7e600e4599ee72860bc25ba63777d
cifar100_proser_fedavg__split02__seed1__d0.1,cifar100,d0.1,1,514,514,324,0.36964980544747084,5,1016836e127fedd5e185749ad0b6f94b4e70bdd8ef60c32779093add8334b297
cifar100_proser_fedavg__split02__seed1__d0.1,cifar100,d0.1,2,514,514,310,0.39688715953307396,5,d17a09fc822115a47629891d534a3b61f8e07508da709968a5f11ca19f965c43
cifar100_proser_fedavg__split02__seed1__d0.1,cifar100,d0.1,3,514,514,329,0.3599221789883269,6,062081f53042e490c7901512a5175648830104f8223a0a33a75801e00233bb3a
cifar100_proser_fedavg__split02__seed1__d0.1,cifar100,d0.1,4,514,514,337,0.3443579766536965,5,992e68b769147685cb306afea33f36cb8083eecb45f4c21c6f9096772121fb69
cifar100_proser_fedavg__split02__seed1__d0.5,cifar100,d0.5,0,514,514,320,0.377431906614786,8,0417476ca6037a46da021f6417a756773ea7e600e4599ee72860bc25ba63777d
cifar100_proser_fedavg__split02__seed1__d0.5,cifar100,d0.5,1,514,514,324,0.36964980544747084,5,1016836e127fedd5e185749ad0b6f94b4e70bdd8ef60c32779093add8334b297
cifar100_proser_fedavg__split02__seed1__d0.5,cifar100,d0.5,2,514,514,310,0.39688715953307396,5,d17a09fc822115a47629891d534a3b61f8e07508da709968a5f11ca19f965c43
cifar100_proser_fedavg__split02__seed1__d0.5,cifar100,d0.5,3,514,514,329,0.3599221789883269,6,062081f53042e490c7901512a5175648830104f8223a0a33a75801e00233bb3a
cifar100_proser_fedavg__split02__seed1__d0.5,cifar100,d0.5,4,514,514,337,0.3443579766536965,5,992e68b769147685cb306afea33f36cb8083eecb45f4c21c6f9096772121fb69
cifar100_proser_fedavg__split02__seed1__d5.0,cifar100,d5,0,514,514,320,0.377431906614786,8,0417476ca6037a46da021f6417a756773ea7e600e4599ee72860bc25ba63777d
cifar100_proser_fedavg__split02__seed1__d5.0,cifar100,d5,1,514,514,324,0.36964980544747084,5,1016836e127fedd5e185749ad0b6f94b4e70bdd8ef60c32779093add8334b297
cifar100_proser_fedavg__split02__seed1__d5.0,cifar100,d5,2,514,514,310,0.39688715953307396,5,d17a09fc822115a47629891d534a3b61f8e07508da709968a5f11ca19f965c43
cifar100_proser_fedavg__split02__seed1__d5.0,cifar100,d5,3,514,514,329,0.3599221789883269,6,062081f53042e490c7901512a5175648830104f8223a0a33a75801e00233bb3a
cifar100_proser_fedavg__split02__seed1__d5.0,cifar100,d5,4,514,514,337,0.3443579766536965,5,992e68b769147685cb306afea33f36cb8083eecb45f4c21c6f9096772121fb69
cifar100_proser_fedavg__split02__seed2__d0.1,cifar100,d0.1,0,514,514,324,0.36964980544747084,5,fb530cb2e195634d5200578ce29ee919f4ed5149dc5267c98659dfea11b4bbbb
cifar100_proser_fedavg__split02__seed2__d0.1,cifar100,d0.1,1,514,514,320,0.377431906614786,5,0c38fa80ccb76669c4dc3f3dbf7ff1afac59b12172a9bf2fbc5981280dd29f99
cifar100_proser_fedavg__split02__seed2__d0.1,cifar100,d0.1,2,514,514,321,0.3754863813229572,6,8bd79e94fa602b449d2f623f49ccd13776315ac5aaa3297c3010f08840f10a45
cifar100_proser_fedavg__split02__seed2__d0.1,cifar100,d0.1,3,514,514,327,0.3638132295719845,5,50f164bb51e93349bb1ec41050ad54b9186b377236b16bca6a858da16952f5b4
cifar100_proser_fedavg__split02__seed2__d0.1,cifar100,d0.1,4,514,514,324,0.36964980544747084,5,898b3f7f42499582ea00f26dd363e3a0b1bffc54db7788214240a4ba58cfcc41
cifar100_proser_fedavg__split02__seed2__d0.5,cifar100,d0.5,0,514,514,324,0.36964980544747084,5,fb530cb2e195634d5200578ce29ee919f4ed5149dc5267c98659dfea11b4bbbb
cifar100_proser_fedavg__split02__seed2__d0.5,cifar100,d0.5,1,514,514,320,0.377431906614786,5,0c38fa80ccb76669c4dc3f3dbf7ff1afac59b12172a9bf2fbc5981280dd29f99
cifar100_proser_fedavg__split02__seed2__d0.5,cifar100,d0.5,2,514,514,321,0.3754863813229572,6,8bd79e94fa602b449d2f623f49ccd13776315ac5aaa3297c3010f08840f10a45
cifar100_proser_fedavg__split02__seed2__d0.5,cifar100,d0.5,3,514,514,327,0.3638132295719845,5,50f164bb51e93349bb1ec41050ad54b9186b377236b16bca6a858da16952f5b4
cifar100_proser_fedavg__split02__seed2__d0.5,cifar100,d0.5,4,514,514,324,0.36964980544747084,5,898b3f7f42499582ea00f26dd363e3a0b1bffc54db7788214240a4ba58cfcc41
cifar100_proser_fedavg__split02__seed2__d5.0,cifar100,d5,0,514,514,324,0.36964980544747084,5,fb530cb2e195634d5200578ce29ee919f4ed5149dc5267c98659dfea11b4bbbb
cifar100_proser_fedavg__split02__seed2__d5.0,cifar100,d5,1,514,514,320,0.377431906614786,5,0c38fa80ccb76669c4dc3f3dbf7ff1afac59b12172a9bf2fbc5981280dd29f99
cifar100_proser_fedavg__split02__seed2__d5.0,cifar100,d5,2,514,514,321,0.3754863813229572,6,8bd79e94fa602b449d2f623f49ccd13776315ac5aaa3297c3010f08840f10a45
cifar100_proser_fedavg__split02__seed2__d5.0,cifar100,d5,3,514,514,327,0.3638132295719845,5,50f164bb51e93349bb1ec41050ad54b9186b377236b16bca6a858da16952f5b4
cifar100_proser_fedavg__split02__seed2__d5.0,cifar100,d5,4,514,514,324,0.36964980544747084,5,898b3f7f42499582ea00f26dd363e3a0b1bffc54db7788214240a4ba58cfcc41
cifar100_proser_fedavg__split02__seed3__d0.1,cifar100,d0.1,0,514,514,347,0.3249027237354085,6,7270a4c4f835fd4162f3b6bc90f90f12540d255c60514c63ab777a4e7894fd59
cifar100_proser_fedavg__split02__seed3__d0.1,cifar100,d0.1,1,514,514,319,0.37937743190661477,5,e525e49a788e11171ab7a446c834e197eb6d91c9fba8e983a60810b5382db7bb
cifar100_proser_fedavg__split02__seed3__d0.1,cifar100,d0.1,2,514,514,334,0.35019455252918286,4,cf465cbc6fc4b40e6628ab35671409fdab51aa773df96914d6a41032de7fc566
cifar100_proser_fedavg__split02__seed3__d0.1,cifar100,d0.1,3,514,514,331,0.3560311284046692,5,a583c08bc2d542e47ec6655a1940fea7cb7da43b65af68cc6ac46a0b9b0710ee
cifar100_proser_fedavg__split02__seed3__d0.1,cifar100,d0.1,4,514,514,320,0.377431906614786,4,01e07e60a343b402c2cf657d16fc357e6d6254b78754e4cc839a5f2126feb746
cifar100_proser_fedavg__split02__seed3__d0.5,cifar100,d0.5,0,514,514,347,0.3249027237354085,6,7270a4c4f835fd4162f3b6bc90f90f12540d255c60514c63ab777a4e7894fd59
cifar100_proser_fedavg__split02__seed3__d0.5,cifar100,d0.5,1,514,514,319,0.37937743190661477,5,e525e49a788e11171ab7a446c834e197eb6d91c9fba8e983a60810b5382db7bb
cifar100_proser_fedavg__split02__seed3__d0.5,cifar100,d0.5,2,514,514,334,0.35019455252918286,4,cf465cbc6fc4b40e6628ab35671409fdab51aa773df96914d6a41032de7fc566
cifar100_proser_fedavg__split02__seed3__d0.5,cifar100,d0.5,3,514,514,331,0.3560311284046692,5,a583c08bc2d542e47ec6655a1940fea7cb7da43b65af68cc6ac46a0b9b0710ee
cifar100_proser_fedavg__split02__seed3__d0.5,cifar100,d0.5,4,514,514,320,0.377431906614786,4,01e07e60a343b402c2cf657d16fc357e6d6254b78754e4cc839a5f2126feb746
cifar100_proser_fedavg__split02__seed3__d5.0,cifar100,d5,0,514,514,347,0.3249027237354085,6,7270a4c4f835fd4162f3b6bc90f90f12540d255c60514c63ab777a4e7894fd59
cifar100_proser_fedavg__split02__seed3__d5.0,cifar100,d5,1,514,514,319,0.37937743190661477,5,e525e49a788e11171ab7a446c834e197eb6d91c9fba8e983a60810b5382db7bb
cifar100_proser_fedavg__split02__seed3__d5.0,cifar100,d5,2,514,514,334,0.35019455252918286,4,cf465cbc6fc4b40e6628ab35671409fdab51aa773df96914d6a41032de7fc566
cifar100_proser_fedavg__split02__seed3__d5.0,cifar100,d5,3,514,514,331,0.3560311284046692,5,a583c08bc2d542e47ec6655a1940fea7cb7da43b65af68cc6ac46a0b9b0710ee
cifar100_proser_fedavg__split02__seed3__d5.0,cifar100,d5,4,514,514,320,0.377431906614786,4,01e07e60a343b402c2cf657d16fc357e6d6254b78754e4cc839a5f2126feb746
cifar100_proser_fedavg__split02__seed4__d0.1,cifar100,d0.1,0,514,514,323,0.3715953307392996,6,b4c426a72942458a70bbe26684c9f3413db9ac4cf0fc50b55293124ef39ab9b7
cifar100_proser_fedavg__split02__seed4__d0.1,cifar100,d0.1,1,514,514,321,0.3754863813229572,5,8e7a7763171679d4ac0edcb80b67e3405500d8754c6f094d5c37b11162922521
cifar100_proser_fedavg__split02__seed4__d0.1,cifar100,d0.1,2,514,514,329,0.3599221789883269,5,3f8858fb6587a9a7fdb51c1d88ba08365044bb9961e9b290a82d0bd170654e89
cifar100_proser_fedavg__split02__seed4__d0.1,cifar100,d0.1,3,514,514,330,0.357976653696498,5,dbac62b0869080588a4b2376f6f07d7e5a9d5c5eccd55e302bf296cd14ee8118
cifar100_proser_fedavg__split02__seed4__d0.1,cifar100,d0.1,4,514,514,328,0.3618677042801557,6,1fc17565c30182e82d3dc4afa66049e22247b89c56c8421b0407d576dffb9ed8
cifar100_proser_fedavg__split02__seed4__d0.5,cifar100,d0.5,0,514,514,323,0.3715953307392996,6,b4c426a72942458a70bbe26684c9f3413db9ac4cf0fc50b55293124ef39ab9b7
cifar100_proser_fedavg__split02__seed4__d0.5,cifar100,d0.5,1,514,514,321,0.3754863813229572,5,8e7a7763171679d4ac0edcb80b67e3405500d8754c6f094d5c37b11162922521
cifar100_proser_fedavg__split02__seed4__d0.5,cifar100,d0.5,2,514,514,329,0.3599221789883269,5,3f8858fb6587a9a7fdb51c1d88ba08365044bb9961e9b290a82d0bd170654e89
cifar100_proser_fedavg__split02__seed4__d0.5,cifar100,d0.5,3,514,514,330,0.357976653696498,5,dbac62b0869080588a4b2376f6f07d7e5a9d5c5eccd55e302bf296cd14ee8118
cifar100_proser_fedavg__split02__seed4__d0.5,cifar100,d0.5,4,514,514,328,0.3618677042801557,6,1fc17565c30182e82d3dc4afa66049e22247b89c56c8421b0407d576dffb9ed8
cifar100_proser_fedavg__split02__seed4__d5.0,cifar100,d5,0,514,514,323,0.3715953307392996,6,b4c426a72942458a70bbe26684c9f3413db9ac4cf0fc50b55293124ef39ab9b7
cifar100_proser_fedavg__split02__seed4__d5.0,cifar100,d5,1,514,514,321,0.3754863813229572,5,8e7a7763171679d4ac0edcb80b67e3405500d8754c6f094d5c37b11162922521
cifar100_proser_fedavg__split02__seed4__d5.0,cifar100,d5,2,514,514,329,0.3599221789883269,5,3f8858fb6587a9a7fdb51c1d88ba08365044bb9961e9b290a82d0bd170654e89
cifar100_proser_fedavg__split02__seed4__d5.0,cifar100,d5,3,514,514,330,0.357976653696498,5,dbac62b0869080588a4b2376f6f07d7e5a9d5c5eccd55e302bf296cd14ee8118
cifar100_proser_fedavg__split02__seed4__d5.0,cifar100,d5,4,514,514,328,0.3618677042801557,6,1fc17565c30182e82d3dc4afa66049e22247b89c56c8421b0407d576dffb9ed8
cifar100_proser_fedavg__split03__seed0__d0.1,cifar100,d0.1,0,514,514,328,0.3618677042801557,5,b4ee36f636b2600f560b4f8cacd8930aae9b54150b9e64b92300ae0ab476b2b9
cifar100_proser_fedavg__split03__seed0__d0.1,cifar100,d0.1,1,514,514,324,0.36964980544747084,5,ebbfe13e0776cfa4abe54624e8f9cce11adf19f7190cfc4434d88d5e147ea3ef
cifar100_proser_fedavg__split03__seed0__d0.1,cifar100,d0.1,2,514,514,322,0.3735408560311284,6,8069fff44e43f7b0edbcc34c7fd6f127a90b928a0f50577d3561665586f494e2
cifar100_proser_fedavg__split03__seed0__d0.1,cifar100,d0.1,3,514,514,329,0.3599221789883269,4,992b82e88bf2fac8679cb910c8c5794ad5f5dcf5514e519eb6e347598d506189
cifar100_proser_fedavg__split03__seed0__d0.1,cifar100,d0.1,4,514,514,336,0.3463035019455253,5,06ee6887454deabc5f098932b819c26429bb19aa82b4cad7f1e8b389a0248bcc
cifar100_proser_fedavg__split03__seed0__d0.5,cifar100,d0.5,0,514,514,328,0.3618677042801557,5,b4ee36f636b2600f560b4f8cacd8930aae9b54150b9e64b92300ae0ab476b2b9
cifar100_proser_fedavg__split03__seed0__d0.5,cifar100,d0.5,1,514,514,324,0.36964980544747084,5,ebbfe13e0776cfa4abe54624e8f9cce11adf19f7190cfc4434d88d5e147ea3ef
cifar100_proser_fedavg__split03__seed0__d0.5,cifar100,d0.5,2,514,514,322,0.3735408560311284,6,8069fff44e43f7b0edbcc34c7fd6f127a90b928a0f50577d3561665586f494e2
cifar100_proser_fedavg__split03__seed0__d0.5,cifar100,d0.5,3,514,514,329,0.3599221789883269,4,992b82e88bf2fac8679cb910c8c5794ad5f5dcf5514e519eb6e347598d506189
cifar100_proser_fedavg__split03__seed0__d0.5,cifar100,d0.5,4,514,514,336,0.3463035019455253,5,06ee6887454deabc5f098932b819c26429bb19aa82b4cad7f1e8b389a0248bcc
cifar100_proser_fedavg__split03__seed0__d5.0,cifar100,d5,0,514,514,328,0.3618677042801557,5,b4ee36f636b2600f560b4f8cacd8930aae9b54150b9e64b92300ae0ab476b2b9
cifar100_proser_fedavg__split03__seed0__d5.0,cifar100,d5,1,514,514,324,0.36964980544747084,5,ebbfe13e0776cfa4abe54624e8f9cce11adf19f7190cfc4434d88d5e147ea3ef
cifar100_proser_fedavg__split03__seed0__d5.0,cifar100,d5,2,514,514,322,0.3735408560311284,6,8069fff44e43f7b0edbcc34c7fd6f127a90b928a0f50577d3561665586f494e2
cifar100_proser_fedavg__split03__seed0__d5.0,cifar100,d5,3,514,514,329,0.3599221789883269,4,992b82e88bf2fac8679cb910c8c5794ad5f5dcf5514e519eb6e347598d506189
cifar100_proser_fedavg__split03__seed0__d5.0,cifar100,d5,4,514,514,336,0.3463035019455253,5,06ee6887454deabc5f098932b819c26429bb19aa82b4cad7f1e8b389a0248bcc
cifar100_proser_fedavg__split03__seed1__d0.1,cifar100,d0.1,0,514,514,323,0.3715953307392996,4,6f0f4f174e0a154019da6bc89ee7e2b0b4eabe1615d9da0c31a2bcf1c196f2d0
cifar100_proser_fedavg__split03__seed1__d0.1,cifar100,d0.1,1,514,514,334,0.35019455252918286,6,b6276b4fddacffc50eb16e6717ea5d3a69544fdb77c148a5ed31c9472834f3ba
cifar100_proser_fedavg__split03__seed1__d0.1,cifar100,d0.1,2,514,514,318,0.38132295719844356,5,7b3247f896dba3e64d18f32709d54a2c1dfc89035d67259e9cd7ed834b3e66ce
cifar100_proser_fedavg__split03__seed1__d0.1,cifar100,d0.1,3,514,514,326,0.36575875486381326,5,78373e1ec750a5acfdd42d21cb5b60dafd8d6ab8b46242a10830befc8daa307b
cifar100_proser_fedavg__split03__seed1__d0.1,cifar100,d0.1,4,514,514,322,0.3735408560311284,5,530e219f31966aabc734ab8f6e0bdede41c08bb7445505987ce03f08cdd73379
cifar100_proser_fedavg__split03__seed1__d0.5,cifar100,d0.5,0,514,514,323,0.3715953307392996,4,6f0f4f174e0a154019da6bc89ee7e2b0b4eabe1615d9da0c31a2bcf1c196f2d0
cifar100_proser_fedavg__split03__seed1__d0.5,cifar100,d0.5,1,514,514,334,0.35019455252918286,6,b6276b4fddacffc50eb16e6717ea5d3a69544fdb77c148a5ed31c9472834f3ba
cifar100_proser_fedavg__split03__seed1__d0.5,cifar100,d0.5,2,514,514,318,0.38132295719844356,5,7b3247f896dba3e64d18f32709d54a2c1dfc89035d67259e9cd7ed834b3e66ce
cifar100_proser_fedavg__split03__seed1__d0.5,cifar100,d0.5,3,514,514,326,0.36575875486381326,5,78373e1ec750a5acfdd42d21cb5b60dafd8d6ab8b46242a10830befc8daa307b
cifar100_proser_fedavg__split03__seed1__d0.5,cifar100,d0.5,4,514,514,322,0.3735408560311284,5,530e219f31966aabc734ab8f6e0bdede41c08bb7445505987ce03f08cdd73379
cifar100_proser_fedavg__split03__seed1__d5.0,cifar100,d5,0,514,514,323,0.3715953307392996,4,6f0f4f174e0a154019da6bc89ee7e2b0b4eabe1615d9da0c31a2bcf1c196f2d0
cifar100_proser_fedavg__split03__seed1__d5.0,cifar100,d5,1,514,514,334,0.35019455252918286,6,b6276b4fddacffc50eb16e6717ea5d3a69544fdb77c148a5ed31c9472834f3ba
cifar100_proser_fedavg__split03__seed1__d5.0,cifar100,d5,2,514,514,318,0.38132295719844356,5,7b3247f896dba3e64d18f32709d54a2c1dfc89035d67259e9cd7ed834b3e66ce
cifar100_proser_fedavg__split03__seed1__d5.0,cifar100,d5,3,514,514,326,0.36575875486381326,5,78373e1ec750a5acfdd42d21cb5b60dafd8d6ab8b46242a10830befc8daa307b
cifar100_proser_fedavg__split03__seed1__d5.0,cifar100,d5,4,514,514,322,0.3735408560311284,5,530e219f31966aabc734ab8f6e0bdede41c08bb7445505987ce03f08cdd73379
cifar100_proser_fedavg__split03__seed2__d0.1,cifar100,d0.1,0,514,514,327,0.3638132295719845,4,91741ba8288a1552c92c70e72a127980399ceb8487e8da9ba0b04f4294f7c543
cifar100_proser_fedavg__split03__seed2__d0.1,cifar100,d0.1,1,514,514,320,0.377431906614786,6,287792c77c51cd66ee3245c9f1eab65fe25784c28e8b55924d495237a4a5826f
cifar100_proser_fedavg__split03__seed2__d0.1,cifar100,d0.1,2,514,514,329,0.3599221789883269,5,bb188076746d357b9ccf52f7af92d7df126c65902ebe4055a8cf54e21edcf0ad
cifar100_proser_fedavg__split03__seed2__d0.1,cifar100,d0.1,3,514,514,321,0.3754863813229572,6,7e8eadbf39a4616e46d5278b5c86810f6efb54d87a462c3217b922ce86876548
cifar100_proser_fedavg__split03__seed2__d0.1,cifar100,d0.1,4,514,514,319,0.37937743190661477,5,465e0a4cf80e081e31999b76ffec23e64b3cd1768ed5e159ad64b3ad5d5a2551
cifar100_proser_fedavg__split03__seed2__d0.5,cifar100,d0.5,0,514,514,327,0.3638132295719845,4,91741ba8288a1552c92c70e72a127980399ceb8487e8da9ba0b04f4294f7c543
cifar100_proser_fedavg__split03__seed2__d0.5,cifar100,d0.5,1,514,514,320,0.377431906614786,6,287792c77c51cd66ee3245c9f1eab65fe25784c28e8b55924d495237a4a5826f
cifar100_proser_fedavg__split03__seed2__d0.5,cifar100,d0.5,2,514,514,329,0.3599221789883269,5,bb188076746d357b9ccf52f7af92d7df126c65902ebe4055a8cf54e21edcf0ad
cifar100_proser_fedavg__split03__seed2__d0.5,cifar100,d0.5,3,514,514,321,0.3754863813229572,6,7e8eadbf39a4616e46d5278b5c86810f6efb54d87a462c3217b922ce86876548
cifar100_proser_fedavg__split03__seed2__d0.5,cifar100,d0.5,4,514,514,319,0.37937743190661477,5,465e0a4cf80e081e31999b76ffec23e64b3cd1768ed5e159ad64b3ad5d5a2551
cifar100_proser_fedavg__split03__seed2__d5.0,cifar100,d5,0,514,514,327,0.3638132295719845,4,91741ba8288a1552c92c70e72a127980399ceb8487e8da9ba0b04f4294f7c543
cifar100_proser_fedavg__split03__seed2__d5.0,cifar100,d5,1,514,514,320,0.377431906614786,6,287792c77c51cd66ee3245c9f1eab65fe25784c28e8b55924d495237a4a5826f
cifar100_proser_fedavg__split03__seed2__d5.0,cifar100,d5,2,514,514,329,0.3599221789883269,5,bb188076746d357b9ccf52f7af92d7df126c65902ebe4055a8cf54e21edcf0ad
cifar100_proser_fedavg__split03__seed2__d5.0,cifar100,d5,3,514,514,321,0.3754863813229572,6,7e8eadbf39a4616e46d5278b5c86810f6efb54d87a462c3217b922ce86876548
cifar100_proser_fedavg__split03__seed2__d5.0,cifar100,d5,4,514,514,319,0.37937743190661477,5,465e0a4cf80e081e31999b76ffec23e64b3cd1768ed5e159ad64b3ad5d5a2551
cifar100_proser_fedavg__split03__seed3__d0.1,cifar100,d0.1,0,514,514,321,0.3754863813229572,5,35ea9fd0d59e3ebe03324c70c0be8de4c63ec072047504c99b82317d88c790b2
cifar100_proser_fedavg__split03__seed3__d0.1,cifar100,d0.1,1,514,514,322,0.3735408560311284,5,09ee986cd13c7e07f5b5ee480bec10ee3c0b7dcacb98f1cc26854c6d38e99807
cifar100_proser_fedavg__split03__seed3__d0.1,cifar100,d0.1,2,514,514,335,0.34824902723735407,6,ad1f7a2cc84b348df40dc3100b4e464a00b0cba7bb3b07714409b0eb64064d1d
cifar100_proser_fedavg__split03__seed3__d0.1,cifar100,d0.1,3,514,514,328,0.3618677042801557,7,53356911731148f9aa78ca805902bf6eb6caffc9ab4e06c79f114e8e2f7bc954
cifar100_proser_fedavg__split03__seed3__d0.1,cifar100,d0.1,4,514,514,330,0.357976653696498,6,180d9f50610fb8730b31f5b7e1d509cd6f22d441827fdc7d0bc60062ad73dcc1
cifar100_proser_fedavg__split03__seed3__d0.5,cifar100,d0.5,0,514,514,321,0.3754863813229572,5,35ea9fd0d59e3ebe03324c70c0be8de4c63ec072047504c99b82317d88c790b2
cifar100_proser_fedavg__split03__seed3__d0.5,cifar100,d0.5,1,514,514,322,0.3735408560311284,5,09ee986cd13c7e07f5b5ee480bec10ee3c0b7dcacb98f1cc26854c6d38e99807
cifar100_proser_fedavg__split03__seed3__d0.5,cifar100,d0.5,2,514,514,335,0.34824902723735407,6,ad1f7a2cc84b348df40dc3100b4e464a00b0cba7bb3b07714409b0eb64064d1d
cifar100_proser_fedavg__split03__seed3__d0.5,cifar100,d0.5,3,514,514,328,0.3618677042801557,7,53356911731148f9aa78ca805902bf6eb6caffc9ab4e06c79f114e8e2f7bc954
cifar100_proser_fedavg__split03__seed3__d0.5,cifar100,d0.5,4,514,514,330,0.357976653696498,6,180d9f50610fb8730b31f5b7e1d509cd6f22d441827fdc7d0bc60062ad73dcc1
cifar100_proser_fedavg__split03__seed3__d5.0,cifar100,d5,0,514,514,321,0.3754863813229572,5,35ea9fd0d59e3ebe03324c70c0be8de4c63ec072047504c99b82317d88c790b2
cifar100_proser_fedavg__split03__seed3__d5.0,cifar100,d5,1,514,514,322,0.3735408560311284,5,09ee986cd13c7e07f5b5ee480bec10ee3c0b7dcacb98f1cc26854c6d38e99807
cifar100_proser_fedavg__split03__seed3__d5.0,cifar100,d5,2,514,514,335,0.34824902723735407,6,ad1f7a2cc84b348df40dc3100b4e464a00b0cba7bb3b07714409b0eb64064d1d
cifar100_proser_fedavg__split03__seed3__d5.0,cifar100,d5,3,514,514,328,0.3618677042801557,7,53356911731148f9aa78ca805902bf6eb6caffc9ab4e06c79f114e8e2f7bc954
cifar100_proser_fedavg__split03__seed3__d5.0,cifar100,d5,4,514,514,330,0.357976653696498,6,180d9f50610fb8730b31f5b7e1d509cd6f22d441827fdc7d0bc60062ad73dcc1
cifar100_proser_fedavg__split03__seed4__d0.1,cifar100,d0.1,0,514,514,330,0.357976653696498,5,97fbfccbbe55882657b11eb46c9476f1bd442d2ccc91b4954ec3e1db0b793423
cifar100_proser_fedavg__split03__seed4__d0.1,cifar100,d0.1,1,514,514,331,0.3560311284046692,5,3e4bac284fc0b0600595f0e1fc13cf14886d7ab8c9a5308d4587a9e1a48fd801
cifar100_proser_fedavg__split03__seed4__d0.1,cifar100,d0.1,2,514,514,315,0.3871595330739299,5,393455f899ee51baaf21c3e00447e928444de48efe688e5c0fae04814428cd5f
cifar100_proser_fedavg__split03__seed4__d0.1,cifar100,d0.1,3,514,514,327,0.3638132295719845,6,cee8edbebf6ab40c6f40bca8619ac7f200ed3529166ac708cc5f59003acbf37b
cifar100_proser_fedavg__split03__seed4__d0.1,cifar100,d0.1,4,514,514,326,0.36575875486381326,5,2ab9d5e5ec7f501a41158401c91fc3d6324a8dbfa62e873f566fd46839cd3130
cifar100_proser_fedavg__split03__seed4__d0.5,cifar100,d0.5,0,514,514,330,0.357976653696498,5,97fbfccbbe55882657b11eb46c9476f1bd442d2ccc91b4954ec3e1db0b793423
cifar100_proser_fedavg__split03__seed4__d0.5,cifar100,d0.5,1,514,514,331,0.3560311284046692,5,3e4bac284fc0b0600595f0e1fc13cf14886d7ab8c9a5308d4587a9e1a48fd801
cifar100_proser_fedavg__split03__seed4__d0.5,cifar100,d0.5,2,514,514,315,0.3871595330739299,5,393455f899ee51baaf21c3e00447e928444de48efe688e5c0fae04814428cd5f
cifar100_proser_fedavg__split03__seed4__d0.5,cifar100,d0.5,3,514,514,327,0.3638132295719845,6,cee8edbebf6ab40c6f40bca8619ac7f200ed3529166ac708cc5f59003acbf37b
cifar100_proser_fedavg__split03__seed4__d0.5,cifar100,d0.5,4,514,514,326,0.36575875486381326,5,2ab9d5e5ec7f501a41158401c91fc3d6324a8dbfa62e873f566fd46839cd3130
cifar100_proser_fedavg__split03__seed4__d5.0,cifar100,d5,0,514,514,330,0.357976653696498,5,97fbfccbbe55882657b11eb46c9476f1bd442d2ccc91b4954ec3e1db0b793423
cifar100_proser_fedavg__split03__seed4__d5.0,cifar100,d5,1,514,514,331,0.3560311284046692,5,3e4bac284fc0b0600595f0e1fc13cf14886d7ab8c9a5308d4587a9e1a48fd801
cifar100_proser_fedavg__split03__seed4__d5.0,cifar100,d5,2,514,514,315,0.3871595330739299,5,393455f899ee51baaf21c3e00447e928444de48efe688e5c0fae04814428cd5f
cifar100_proser_fedavg__split03__seed4__d5.0,cifar100,d5,3,514,514,327,0.3638132295719845,6,cee8edbebf6ab40c6f40bca8619ac7f200ed3529166ac708cc5f59003acbf37b
cifar100_proser_fedavg__split03__seed4__d5.0,cifar100,d5,4,514,514,326,0.36575875486381326,5,2ab9d5e5ec7f501a41158401c91fc3d6324a8dbfa62e873f566fd46839cd3130
cifar100_proser_fedavg__split04__seed0__d0.1,cifar100,d0.1,0,514,514,327,0.3638132295719845,5,a418b53d9379f7ced5e68aea1f6fe909e1f6933888b9ab833a873960d5a4b51c
cifar100_proser_fedavg__split04__seed0__d0.1,cifar100,d0.1,1,514,514,323,0.3715953307392996,4,28ca55c22efd443214465e5f91f64734be2c2543de3428e8ca0126f840e7af5f
cifar100_proser_fedavg__split04__seed0__d0.1,cifar100,d0.1,2,514,514,332,0.35408560311284043,5,8fdc5e7ae38e9aeb01c210578ea5aab90b0bce6c39148c519a211be3061460b6
cifar100_proser_fedavg__split04__seed0__d0.1,cifar100,d0.1,3,514,514,326,0.36575875486381326,5,6b5bf161b35c839e5d6edcb6872ad5e6a203828aa0258ea144922841d84627f6
cifar100_proser_fedavg__split04__seed0__d0.1,cifar100,d0.1,4,514,514,319,0.37937743190661477,4,126d09b8c9ca829c2abc1060f455aa42a1cd4aaf625fd473a8703d69a58b7a09
cifar100_proser_fedavg__split04__seed0__d0.5,cifar100,d0.5,0,514,514,327,0.3638132295719845,5,a418b53d9379f7ced5e68aea1f6fe909e1f6933888b9ab833a873960d5a4b51c
cifar100_proser_fedavg__split04__seed0__d0.5,cifar100,d0.5,1,514,514,323,0.3715953307392996,4,28ca55c22efd443214465e5f91f64734be2c2543de3428e8ca0126f840e7af5f
cifar100_proser_fedavg__split04__seed0__d0.5,cifar100,d0.5,2,514,514,332,0.35408560311284043,5,8fdc5e7ae38e9aeb01c210578ea5aab90b0bce6c39148c519a211be3061460b6
cifar100_proser_fedavg__split04__seed0__d0.5,cifar100,d0.5,3,514,514,326,0.36575875486381326,5,6b5bf161b35c839e5d6edcb6872ad5e6a203828aa0258ea144922841d84627f6
cifar100_proser_fedavg__split04__seed0__d0.5,cifar100,d0.5,4,514,514,319,0.37937743190661477,4,126d09b8c9ca829c2abc1060f455aa42a1cd4aaf625fd473a8703d69a58b7a09
cifar100_proser_fedavg__split04__seed0__d5.0,cifar100,d5,0,514,514,327,0.3638132295719845,5,a418b53d9379f7ced5e68aea1f6fe909e1f6933888b9ab833a873960d5a4b51c
cifar100_proser_fedavg__split04__seed0__d5.0,cifar100,d5,1,514,514,323,0.3715953307392996,4,28ca55c22efd443214465e5f91f64734be2c2543de3428e8ca0126f840e7af5f
cifar100_proser_fedavg__split04__seed0__d5.0,cifar100,d5,2,514,514,332,0.35408560311284043,5,8fdc5e7ae38e9aeb01c210578ea5aab90b0bce6c39148c519a211be3061460b6
cifar100_proser_fedavg__split04__seed0__d5.0,cifar100,d5,3,514,514,326,0.36575875486381326,5,6b5bf161b35c839e5d6edcb6872ad5e6a203828aa0258ea144922841d84627f6
cifar100_proser_fedavg__split04__seed0__d5.0,cifar100,d5,4,514,514,319,0.37937743190661477,4,126d09b8c9ca829c2abc1060f455aa42a1cd4aaf625fd473a8703d69a58b7a09
cifar100_proser_fedavg__split04__seed1__d0.1,cifar100,d0.1,0,514,514,329,0.3599221789883269,4,1c871b241cafde2d0992ef9c8af18982eedd2a6796e81dbee8a08e6463c132d7
cifar100_proser_fedavg__split04__seed1__d0.1,cifar100,d0.1,1,514,514,338,0.3424124513618677,4,62487448e561448f3e1f42755053289761d4038ae8684450daf153596cab3f91
cifar100_proser_fedavg__split04__seed1__d0.1,cifar100,d0.1,2,514,514,336,0.3463035019455253,5,3a17ff0b382c7211f562c523b3139db584178fe1e69790ee28363726618d2ce5
cifar100_proser_fedavg__split04__seed1__d0.1,cifar100,d0.1,3,514,514,331,0.3560311284046692,5,27624802dc980142e257a92943c9e68c3d7e91ba01517e08e63eb5edaa0be844
cifar100_proser_fedavg__split04__seed1__d0.1,cifar100,d0.1,4,514,514,335,0.34824902723735407,5,8c799b117335aa3588b110f2aa1210f1b9879d21908a22d8f4fcc7938e4e72e5
cifar100_proser_fedavg__split04__seed1__d0.5,cifar100,d0.5,0,514,514,329,0.3599221789883269,4,1c871b241cafde2d0992ef9c8af18982eedd2a6796e81dbee8a08e6463c132d7
cifar100_proser_fedavg__split04__seed1__d0.5,cifar100,d0.5,1,514,514,338,0.3424124513618677,4,62487448e561448f3e1f42755053289761d4038ae8684450daf153596cab3f91
cifar100_proser_fedavg__split04__seed1__d0.5,cifar100,d0.5,2,514,514,336,0.3463035019455253,5,3a17ff0b382c7211f562c523b3139db584178fe1e69790ee28363726618d2ce5
cifar100_proser_fedavg__split04__seed1__d0.5,cifar100,d0.5,3,514,514,331,0.3560311284046692,5,27624802dc980142e257a92943c9e68c3d7e91ba01517e08e63eb5edaa0be844
cifar100_proser_fedavg__split04__seed1__d0.5,cifar100,d0.5,4,514,514,335,0.34824902723735407,5,8c799b117335aa3588b110f2aa1210f1b9879d21908a22d8f4fcc7938e4e72e5
cifar100_proser_fedavg__split04__seed1__d5.0,cifar100,d5,0,514,514,329,0.3599221789883269,4,1c871b241cafde2d0992ef9c8af18982eedd2a6796e81dbee8a08e6463c132d7
cifar100_proser_fedavg__split04__seed1__d5.0,cifar100,d5,1,514,514,338,0.3424124513618677,4,62487448e561448f3e1f42755053289761d4038ae8684450daf153596cab3f91
cifar100_proser_fedavg__split04__seed1__d5.0,cifar100,d5,2,514,514,336,0.3463035019455253,5,3a17ff0b382c7211f562c523b3139db584178fe1e69790ee28363726618d2ce5
cifar100_proser_fedavg__split04__seed1__d5.0,cifar100,d5,3,514,514,331,0.3560311284046692,5,27624802dc980142e257a92943c9e68c3d7e91ba01517e08e63eb5edaa0be844
cifar100_proser_fedavg__split04__seed1__d5.0,cifar100,d5,4,514,514,335,0.34824902723735407,5,8c799b117335aa3588b110f2aa1210f1b9879d21908a22d8f4fcc7938e4e72e5
cifar100_proser_fedavg__split04__seed2__d0.1,cifar100,d0.1,0,514,514,329,0.3599221789883269,5,f9a672360228698538e3d2f03272ed7d4fcd8d234f95ddd25f4f1ebb133202a1
cifar100_proser_fedavg__split04__seed2__d0.1,cifar100,d0.1,1,514,514,309,0.39883268482490275,5,afdd3b51a0bf3b7fe1dd07049e30f4d6a54fe13b9e92fb77185272bdeb17b702
cifar100_proser_fedavg__split04__seed2__d0.1,cifar100,d0.1,2,514,514,333,0.35214007782101164,5,ed214ab8a013611fd33a238cd015ca20446273eeeac571d75803fcdaa2232134
cifar100_proser_fedavg__split04__seed2__d0.1,cifar100,d0.1,3,514,514,318,0.38132295719844356,5,c6937725de362f40a6600fad4629423810f32d4a6c06ab7a34bdf60eea5fbf05
cifar100_proser_fedavg__split04__seed2__d0.1,cifar100,d0.1,4,514,514,324,0.36964980544747084,5,f02383efec458b00ed94358d43ffdb6dd1752829bb1e4b0cd1740d7649b32e87
cifar100_proser_fedavg__split04__seed2__d0.5,cifar100,d0.5,0,514,514,329,0.3599221789883269,5,f9a672360228698538e3d2f03272ed7d4fcd8d234f95ddd25f4f1ebb133202a1
cifar100_proser_fedavg__split04__seed2__d0.5,cifar100,d0.5,1,514,514,309,0.39883268482490275,5,afdd3b51a0bf3b7fe1dd07049e30f4d6a54fe13b9e92fb77185272bdeb17b702
cifar100_proser_fedavg__split04__seed2__d0.5,cifar100,d0.5,2,514,514,333,0.35214007782101164,5,ed214ab8a013611fd33a238cd015ca20446273eeeac571d75803fcdaa2232134
cifar100_proser_fedavg__split04__seed2__d0.5,cifar100,d0.5,3,514,514,318,0.38132295719844356,5,c6937725de362f40a6600fad4629423810f32d4a6c06ab7a34bdf60eea5fbf05
cifar100_proser_fedavg__split04__seed2__d0.5,cifar100,d0.5,4,514,514,324,0.36964980544747084,5,f02383efec458b00ed94358d43ffdb6dd1752829bb1e4b0cd1740d7649b32e87
cifar100_proser_fedavg__split04__seed2__d5.0,cifar100,d5,0,514,514,329,0.3599221789883269,5,f9a672360228698538e3d2f03272ed7d4fcd8d234f95ddd25f4f1ebb133202a1
cifar100_proser_fedavg__split04__seed2__d5.0,cifar100,d5,1,514,514,309,0.39883268482490275,5,afdd3b51a0bf3b7fe1dd07049e30f4d6a54fe13b9e92fb77185272bdeb17b702
cifar100_proser_fedavg__split04__seed2__d5.0,cifar100,d5,2,514,514,333,0.35214007782101164,5,ed214ab8a013611fd33a238cd015ca20446273eeeac571d75803fcdaa2232134
cifar100_proser_fedavg__split04__seed2__d5.0,cifar100,d5,3,514,514,318,0.38132295719844356,5,c6937725de362f40a6600fad4629423810f32d4a6c06ab7a34bdf60eea5fbf05
cifar100_proser_fedavg__split04__seed2__d5.0,cifar100,d5,4,514,514,324,0.36964980544747084,5,f02383efec458b00ed94358d43ffdb6dd1752829bb1e4b0cd1740d7649b32e87
cifar100_proser_fedavg__split04__seed3__d0.1,cifar100,d0.1,0,514,514,318,0.38132295719844356,5,2da7cd635c97d3273d0ce4fbcbc4a2a7c66a1a1aa414f0a4c61d52333437cafb
cifar100_proser_fedavg__split04__seed3__d0.1,cifar100,d0.1,1,514,514,327,0.3638132295719845,5,440050d7cdc3a9a92065bf6a2a8ee0ae88bf95b2e29753af8e5175dea51bc05c
cifar100_proser_fedavg__split04__seed3__d0.1,cifar100,d0.1,2,514,514,331,0.3560311284046692,5,af6d9dffba5a63a858387abbef660a82aa12eefdee7b70db9c325f070015c81d
cifar100_proser_fedavg__split04__seed3__d0.1,cifar100,d0.1,3,514,514,327,0.3638132295719845,5,e20878890e5de3a6be970ee8cb7c8ad8f662d22f0e1e4d0e56e86eb325190d9e
cifar100_proser_fedavg__split04__seed3__d0.1,cifar100,d0.1,4,514,514,323,0.3715953307392996,4,d026ada31f07ec453a7ec714a8f8e529feaaae4ff5ea197ba37ea50377e9d005
cifar100_proser_fedavg__split04__seed3__d0.5,cifar100,d0.5,0,514,514,318,0.38132295719844356,5,2da7cd635c97d3273d0ce4fbcbc4a2a7c66a1a1aa414f0a4c61d52333437cafb
cifar100_proser_fedavg__split04__seed3__d0.5,cifar100,d0.5,1,514,514,327,0.3638132295719845,5,440050d7cdc3a9a92065bf6a2a8ee0ae88bf95b2e29753af8e5175dea51bc05c
cifar100_proser_fedavg__split04__seed3__d0.5,cifar100,d0.5,2,514,514,331,0.3560311284046692,5,af6d9dffba5a63a858387abbef660a82aa12eefdee7b70db9c325f070015c81d
cifar100_proser_fedavg__split04__seed3__d0.5,cifar100,d0.5,3,514,514,327,0.3638132295719845,5,e20878890e5de3a6be970ee8cb7c8ad8f662d22f0e1e4d0e56e86eb325190d9e
cifar100_proser_fedavg__split04__seed3__d0.5,cifar100,d0.5,4,514,514,323,0.3715953307392996,4,d026ada31f07ec453a7ec714a8f8e529feaaae4ff5ea197ba37ea50377e9d005
cifar100_proser_fedavg__split04__seed3__d5.0,cifar100,d5,0,514,514,318,0.38132295719844356,5,2da7cd635c97d3273d0ce4fbcbc4a2a7c66a1a1aa414f0a4c61d52333437cafb
cifar100_proser_fedavg__split04__seed3__d5.0,cifar100,d5,1,514,514,327,0.3638132295719845,5,440050d7cdc3a9a92065bf6a2a8ee0ae88bf95b2e29753af8e5175dea51bc05c
cifar100_proser_fedavg__split04__seed3__d5.0,cifar100,d5,2,514,514,331,0.3560311284046692,5,af6d9dffba5a63a858387abbef660a82aa12eefdee7b70db9c325f070015c81d
cifar100_proser_fedavg__split04__seed3__d5.0,cifar100,d5,3,514,514,327,0.3638132295719845,5,e20878890e5de3a6be970ee8cb7c8ad8f662d22f0e1e4d0e56e86eb325190d9e
cifar100_proser_fedavg__split04__seed3__d5.0,cifar100,d5,4,514,514,323,0.3715953307392996,4,d026ada31f07ec453a7ec714a8f8e529feaaae4ff5ea197ba37ea50377e9d005
cifar100_proser_fedavg__split04__seed4__d0.1,cifar100,d0.1,0,514,514,332,0.35408560311284043,5,6b5c8d847669f39efbb11981f3d2294353131885ba253895aec0c7c315338118
cifar100_proser_fedavg__split04__seed4__d0.1,cifar100,d0.1,1,514,514,330,0.357976653696498,5,1e3d89f59e5bea4e314913705794d89d8a167a2d4da65aac7979cac0b5bf706d
cifar100_proser_fedavg__split04__seed4__d0.1,cifar100,d0.1,2,514,514,335,0.34824902723735407,6,bd49ee244b8deeb55700ceb3e8da3685f91c8c051d10621706ecc376cd232b08
cifar100_proser_fedavg__split04__seed4__d0.1,cifar100,d0.1,3,514,514,312,0.3929961089494164,5,48379d292e16b5a3fe524055bfb1fb619363d82c578017fe71351bda3b307bb1
cifar100_proser_fedavg__split04__seed4__d0.1,cifar100,d0.1,4,514,514,336,0.3463035019455253,4,3df9f641ece568e172cdfa8fbd5bb01481df93751f61d49f629bd75504ab67ff
cifar100_proser_fedavg__split04__seed4__d0.5,cifar100,d0.5,0,514,514,332,0.35408560311284043,5,6b5c8d847669f39efbb11981f3d2294353131885ba253895aec0c7c315338118
cifar100_proser_fedavg__split04__seed4__d0.5,cifar100,d0.5,1,514,514,330,0.357976653696498,5,1e3d89f59e5bea4e314913705794d89d8a167a2d4da65aac7979cac0b5bf706d
cifar100_proser_fedavg__split04__seed4__d0.5,cifar100,d0.5,2,514,514,335,0.34824902723735407,6,bd49ee244b8deeb55700ceb3e8da3685f91c8c051d10621706ecc376cd232b08
cifar100_proser_fedavg__split04__seed4__d0.5,cifar100,d0.5,3,514,514,312,0.3929961089494164,5,48379d292e16b5a3fe524055bfb1fb619363d82c578017fe71351bda3b307bb1
cifar100_proser_fedavg__split04__seed4__d0.5,cifar100,d0.5,4,514,514,336,0.3463035019455253,4,3df9f641ece568e172cdfa8fbd5bb01481df93751f61d49f629bd75504ab67ff
cifar100_proser_fedavg__split04__seed4__d5.0,cifar100,d5,0,514,514,332,0.35408560311284043,5,6b5c8d847669f39efbb11981f3d2294353131885ba253895aec0c7c315338118
cifar100_proser_fedavg__split04__seed4__d5.0,cifar100,d5,1,514,514,330,0.357976653696498,5,1e3d89f59e5bea4e314913705794d89d8a167a2d4da65aac7979cac0b5bf706d
cifar100_proser_fedavg__split04__seed4__d5.0,cifar100,d5,2,514,514,335,0.34824902723735407,6,bd49ee244b8deeb55700ceb3e8da3685f91c8c051d10621706ecc376cd232b08
cifar100_proser_fedavg__split04__seed4__d5.0,cifar100,d5,3,514,514,312,0.3929961089494164,5,48379d292e16b5a3fe524055bfb1fb619363d82c578017fe71351bda3b307bb1
cifar100_proser_fedavg__split04__seed4__d5.0,cifar100,d5,4,514,514,336,0.3463035019455253,4,3df9f641ece568e172cdfa8fbd5bb01481df93751f61d49f629bd75504ab67ff
cifar100_proser_fedavg__split05__seed0__d0.1,cifar100,d0.1,0,514,514,328,0.3618677042801557,5,6ba3228bd4dfe65b1ea2176b8468ac23cbe6b1a93ed243600bf63b56718ca702
cifar100_proser_fedavg__split05__seed0__d0.1,cifar100,d0.1,1,514,514,326,0.36575875486381326,4,8531be323241f248075a8cf42bb0882436d56457b841a52e68280e1b9cefc288
cifar100_proser_fedavg__split05__seed0__d0.1,cifar100,d0.1,2,514,514,334,0.35019455252918286,5,5c52eded1845708c13fb89c942f6308923124acba1e8c8c7149cd3f4e5edff67
cifar100_proser_fedavg__split05__seed0__d0.1,cifar100,d0.1,3,514,514,321,0.3754863813229572,5,4c581f977906c53e21c55156cb5e333c0f067cc1951d4bdd839f7cf10a3b9839
cifar100_proser_fedavg__split05__seed0__d0.1,cifar100,d0.1,4,514,514,327,0.3638132295719845,6,3f91266d4bb36c7c2a588e5d2ab51d9da45479896baeaa143ac2caae32b78322
cifar100_proser_fedavg__split05__seed0__d0.5,cifar100,d0.5,0,514,514,328,0.3618677042801557,5,6ba3228bd4dfe65b1ea2176b8468ac23cbe6b1a93ed243600bf63b56718ca702
cifar100_proser_fedavg__split05__seed0__d0.5,cifar100,d0.5,1,514,514,326,0.36575875486381326,4,8531be323241f248075a8cf42bb0882436d56457b841a52e68280e1b9cefc288
cifar100_proser_fedavg__split05__seed0__d0.5,cifar100,d0.5,2,514,514,334,0.35019455252918286,5,5c52eded1845708c13fb89c942f6308923124acba1e8c8c7149cd3f4e5edff67
cifar100_proser_fedavg__split05__seed0__d0.5,cifar100,d0.5,3,514,514,321,0.3754863813229572,5,4c581f977906c53e21c55156cb5e333c0f067cc1951d4bdd839f7cf10a3b9839
cifar100_proser_fedavg__split05__seed0__d0.5,cifar100,d0.5,4,514,514,327,0.3638132295719845,6,3f91266d4bb36c7c2a588e5d2ab51d9da45479896baeaa143ac2caae32b78322
cifar100_proser_fedavg__split05__seed0__d5.0,cifar100,d5,0,514,514,328,0.3618677042801557,5,6ba3228bd4dfe65b1ea2176b8468ac23cbe6b1a93ed243600bf63b56718ca702
cifar100_proser_fedavg__split05__seed0__d5.0,cifar100,d5,1,514,514,326,0.36575875486381326,4,8531be323241f248075a8cf42bb0882436d56457b841a52e68280e1b9cefc288
cifar100_proser_fedavg__split05__seed0__d5.0,cifar100,d5,2,514,514,334,0.35019455252918286,5,5c52eded1845708c13fb89c942f6308923124acba1e8c8c7149cd3f4e5edff67
cifar100_proser_fedavg__split05__seed0__d5.0,cifar100,d5,3,514,514,321,0.3754863813229572,5,4c581f977906c53e21c55156cb5e333c0f067cc1951d4bdd839f7cf10a3b9839
cifar100_proser_fedavg__split05__seed0__d5.0,cifar100,d5,4,514,514,327,0.3638132295719845,6,3f91266d4bb36c7c2a588e5d2ab51d9da45479896baeaa143ac2caae32b78322
cifar100_proser_fedavg__split05__seed1__d0.1,cifar100,d0.1,0,514,514,330,0.357976653696498,5,b8f71e549873be1dcc4d027d70474fa9a3ff7f73e2888738fc9676d6f21f09f2
cifar100_proser_fedavg__split05__seed1__d0.1,cifar100,d0.1,1,514,514,335,0.34824902723735407,5,6f9f0e05d7631ab412230d3044cb337120d64721ec1690588008f334d439590f
cifar100_proser_fedavg__split05__seed1__d0.1,cifar100,d0.1,2,514,514,320,0.377431906614786,7,6d77d93251756895ea2c38e3b693f459f7be6e381aeeccc62df2cb23e3ea6022
cifar100_proser_fedavg__split05__seed1__d0.1,cifar100,d0.1,3,514,514,328,0.3618677042801557,5,390821dbbce56505043ec23e7106666098c030d5044480a5f72816ecc7fad1e0
cifar100_proser_fedavg__split05__seed1__d0.1,cifar100,d0.1,4,514,514,329,0.3599221789883269,6,62f519978ff71f88db1d13548d1ed11e8f10f677cb8581637d5f87582d8f8f04
cifar100_proser_fedavg__split05__seed1__d0.5,cifar100,d0.5,0,514,514,330,0.357976653696498,5,b8f71e549873be1dcc4d027d70474fa9a3ff7f73e2888738fc9676d6f21f09f2
cifar100_proser_fedavg__split05__seed1__d0.5,cifar100,d0.5,1,514,514,335,0.34824902723735407,5,6f9f0e05d7631ab412230d3044cb337120d64721ec1690588008f334d439590f
cifar100_proser_fedavg__split05__seed1__d0.5,cifar100,d0.5,2,514,514,320,0.377431906614786,7,6d77d93251756895ea2c38e3b693f459f7be6e381aeeccc62df2cb23e3ea6022
cifar100_proser_fedavg__split05__seed1__d0.5,cifar100,d0.5,3,514,514,328,0.3618677042801557,5,390821dbbce56505043ec23e7106666098c030d5044480a5f72816ecc7fad1e0
cifar100_proser_fedavg__split05__seed1__d0.5,cifar100,d0.5,4,514,514,329,0.3599221789883269,6,62f519978ff71f88db1d13548d1ed11e8f10f677cb8581637d5f87582d8f8f04
cifar100_proser_fedavg__split05__seed1__d5.0,cifar100,d5,0,514,514,330,0.357976653696498,5,b8f71e549873be1dcc4d027d70474fa9a3ff7f73e2888738fc9676d6f21f09f2
cifar100_proser_fedavg__split05__seed1__d5.0,cifar100,d5,1,514,514,335,0.34824902723735407,5,6f9f0e05d7631ab412230d3044cb337120d64721ec1690588008f334d439590f
cifar100_proser_fedavg__split05__seed1__d5.0,cifar100,d5,2,514,514,320,0.377431906614786,7,6d77d93251756895ea2c38e3b693f459f7be6e381aeeccc62df2cb23e3ea6022
cifar100_proser_fedavg__split05__seed1__d5.0,cifar100,d5,3,514,514,328,0.3618677042801557,5,390821dbbce56505043ec23e7106666098c030d5044480a5f72816ecc7fad1e0
cifar100_proser_fedavg__split05__seed1__d5.0,cifar100,d5,4,514,514,329,0.3599221789883269,6,62f519978ff71f88db1d13548d1ed11e8f10f677cb8581637d5f87582d8f8f04
cifar100_proser_fedavg__split05__seed2__d0.1,cifar100,d0.1,0,514,514,322,0.3735408560311284,6,94ac2b7407590d06ff53f5c363e941af13b6cdae1bbe3f222bc99dc9246810a2
cifar100_proser_fedavg__split05__seed2__d0.1,cifar100,d0.1,1,514,514,331,0.3560311284046692,5,8fd06635b18c199a301427e2b4766e7581cb61bb76e7ac1149aa3b452708c670
cifar100_proser_fedavg__split05__seed2__d0.1,cifar100,d0.1,2,514,514,321,0.3754863813229572,7,70d9a1cf0204440f1bfd8b0452be96622205414fe1361cdf4cdbe72affeb1db1
cifar100_proser_fedavg__split05__seed2__d0.1,cifar100,d0.1,3,514,514,321,0.3754863813229572,6,02245857f916653693bf1a8747aad778775cdb8668f6831a2528966c258e4ff9
cifar100_proser_fedavg__split05__seed2__d0.1,cifar100,d0.1,4,514,514,325,0.36770428015564205,4,6a3f10710fcce62f789540c532c2dd48f60a87d84466eb3e03f327b1dd2d0272
cifar100_proser_fedavg__split05__seed2__d0.5,cifar100,d0.5,0,514,514,322,0.3735408560311284,6,94ac2b7407590d06ff53f5c363e941af13b6cdae1bbe3f222bc99dc9246810a2
cifar100_proser_fedavg__split05__seed2__d0.5,cifar100,d0.5,1,514,514,331,0.3560311284046692,5,8fd06635b18c199a301427e2b4766e7581cb61bb76e7ac1149aa3b452708c670
cifar100_proser_fedavg__split05__seed2__d0.5,cifar100,d0.5,2,514,514,321,0.3754863813229572,7,70d9a1cf0204440f1bfd8b0452be96622205414fe1361cdf4cdbe72affeb1db1
cifar100_proser_fedavg__split05__seed2__d0.5,cifar100,d0.5,3,514,514,321,0.3754863813229572,6,02245857f916653693bf1a8747aad778775cdb8668f6831a2528966c258e4ff9
cifar100_proser_fedavg__split05__seed2__d0.5,cifar100,d0.5,4,514,514,325,0.36770428015564205,4,6a3f10710fcce62f789540c532c2dd48f60a87d84466eb3e03f327b1dd2d0272
cifar100_proser_fedavg__split05__seed2__d5.0,cifar100,d5,0,514,514,322,0.3735408560311284,6,94ac2b7407590d06ff53f5c363e941af13b6cdae1bbe3f222bc99dc9246810a2
cifar100_proser_fedavg__split05__seed2__d5.0,cifar100,d5,1,514,514,331,0.3560311284046692,5,8fd06635b18c199a301427e2b4766e7581cb61bb76e7ac1149aa3b452708c670
cifar100_proser_fedavg__split05__seed2__d5.0,cifar100,d5,2,514,514,321,0.3754863813229572,7,70d9a1cf0204440f1bfd8b0452be96622205414fe1361cdf4cdbe72affeb1db1
cifar100_proser_fedavg__split05__seed2__d5.0,cifar100,d5,3,514,514,321,0.3754863813229572,6,02245857f916653693bf1a8747aad778775cdb8668f6831a2528966c258e4ff9
cifar100_proser_fedavg__split05__seed2__d5.0,cifar100,d5,4,514,514,325,0.36770428015564205,4,6a3f10710fcce62f789540c532c2dd48f60a87d84466eb3e03f327b1dd2d0272
cifar100_proser_fedavg__split05__seed3__d0.1,cifar100,d0.1,0,514,514,325,0.36770428015564205,5,5241ae9893eae6196ad7d970986906422ae958f2dd726ddce4bd40a3b339381e
cifar100_proser_fedavg__split05__seed3__d0.1,cifar100,d0.1,1,514,514,323,0.3715953307392996,5,6fe93487e02c7da35e6d2f9c6d9e6cc3d5feb5485191ece576782c25cd2f9dde
cifar100_proser_fedavg__split05__seed3__d0.1,cifar100,d0.1,2,514,514,319,0.37937743190661477,4,a96d502b02f911aab5179baa7277f17c1cde7222e90644984435cf2bf21ab7d7
cifar100_proser_fedavg__split05__seed3__d0.1,cifar100,d0.1,3,514,514,327,0.3638132295719845,5,94aad0f594611a1b1049ca182c08a960795b022600171f46204fa1142121bfc9
cifar100_proser_fedavg__split05__seed3__d0.1,cifar100,d0.1,4,514,514,315,0.3871595330739299,5,7b4ff039c4480d7fb1998540cb38b2d94384c74357070dbc782ec44b69962552
cifar100_proser_fedavg__split05__seed3__d0.5,cifar100,d0.5,0,514,514,325,0.36770428015564205,5,5241ae9893eae6196ad7d970986906422ae958f2dd726ddce4bd40a3b339381e
cifar100_proser_fedavg__split05__seed3__d0.5,cifar100,d0.5,1,514,514,323,0.3715953307392996,5,6fe93487e02c7da35e6d2f9c6d9e6cc3d5feb5485191ece576782c25cd2f9dde
cifar100_proser_fedavg__split05__seed3__d0.5,cifar100,d0.5,2,514,514,319,0.37937743190661477,4,a96d502b02f911aab5179baa7277f17c1cde7222e90644984435cf2bf21ab7d7
cifar100_proser_fedavg__split05__seed3__d0.5,cifar100,d0.5,3,514,514,327,0.3638132295719845,5,94aad0f594611a1b1049ca182c08a960795b022600171f46204fa1142121bfc9
cifar100_proser_fedavg__split05__seed3__d0.5,cifar100,d0.5,4,514,514,315,0.3871595330739299,5,7b4ff039c4480d7fb1998540cb38b2d94384c74357070dbc782ec44b69962552
cifar100_proser_fedavg__split05__seed3__d5.0,cifar100,d5,0,514,514,325,0.36770428015564205,5,5241ae9893eae6196ad7d970986906422ae958f2dd726ddce4bd40a3b339381e
cifar100_proser_fedavg__split05__seed3__d5.0,cifar100,d5,1,514,514,323,0.3715953307392996,5,6fe93487e02c7da35e6d2f9c6d9e6cc3d5feb5485191ece576782c25cd2f9dde
cifar100_proser_fedavg__split05__seed3__d5.0,cifar100,d5,2,514,514,319,0.37937743190661477,4,a96d502b02f911aab5179baa7277f17c1cde7222e90644984435cf2bf21ab7d7
cifar100_proser_fedavg__split05__seed3__d5.0,cifar100,d5,3,514,514,327,0.3638132295719845,5,94aad0f594611a1b1049ca182c08a960795b022600171f46204fa1142121bfc9
cifar100_proser_fedavg__split05__seed3__d5.0,cifar100,d5,4,514,514,315,0.3871595330739299,5,7b4ff039c4480d7fb1998540cb38b2d94384c74357070dbc782ec44b69962552
cifar100_proser_fedavg__split05__seed4__d0.1,cifar100,d0.1,0,514,514,334,0.35019455252918286,5,963e1147bf1dc7979982facfe3c830e39e66c6b4f9e2313c54b6ce0b4bca17ae
cifar100_proser_fedavg__split05__seed4__d0.1,cifar100,d0.1,1,514,514,329,0.3599221789883269,6,8d45e3316e47cb751826cd9395f605d8b375bcd0cf0f34fa8b030c75eaf1cd8f
cifar100_proser_fedavg__split05__seed4__d0.1,cifar100,d0.1,2,514,514,325,0.36770428015564205,6,c49250186d958b3428e28cf46af520d258749203b7232aadeaf478aff2b49de6
cifar100_proser_fedavg__split05__seed4__d0.1,cifar100,d0.1,3,514,514,322,0.3735408560311284,5,2678029d9621da42e6a2bf4db0acf2f79756a4e3b37f1dc1caeffc7557414479
cifar100_proser_fedavg__split05__seed4__d0.1,cifar100,d0.1,4,514,514,329,0.3599221789883269,5,4bac88d87e1f6caae9e68e9485b47d561838fa60a5fa0f4a4c3d2c75f3e1b51e
cifar100_proser_fedavg__split05__seed4__d0.5,cifar100,d0.5,0,514,514,334,0.35019455252918286,5,963e1147bf1dc7979982facfe3c830e39e66c6b4f9e2313c54b6ce0b4bca17ae
cifar100_proser_fedavg__split05__seed4__d0.5,cifar100,d0.5,1,514,514,329,0.3599221789883269,6,8d45e3316e47cb751826cd9395f605d8b375bcd0cf0f34fa8b030c75eaf1cd8f
cifar100_proser_fedavg__split05__seed4__d0.5,cifar100,d0.5,2,514,514,325,0.36770428015564205,6,c49250186d958b3428e28cf46af520d258749203b7232aadeaf478aff2b49de6
cifar100_proser_fedavg__split05__seed4__d0.5,cifar100,d0.5,3,514,514,322,0.3735408560311284,5,2678029d9621da42e6a2bf4db0acf2f79756a4e3b37f1dc1caeffc7557414479
cifar100_proser_fedavg__split05__seed4__d0.5,cifar100,d0.5,4,514,514,329,0.3599221789883269,5,4bac88d87e1f6caae9e68e9485b47d561838fa60a5fa0f4a4c3d2c75f3e1b51e
cifar100_proser_fedavg__split05__seed4__d5.0,cifar100,d5,0,514,514,334,0.35019455252918286,5,963e1147bf1dc7979982facfe3c830e39e66c6b4f9e2313c54b6ce0b4bca17ae
cifar100_proser_fedavg__split05__seed4__d5.0,cifar100,d5,1,514,514,329,0.3599221789883269,6,8d45e3316e47cb751826cd9395f605d8b375bcd0cf0f34fa8b030c75eaf1cd8f
cifar100_proser_fedavg__split05__seed4__d5.0,cifar100,d5,2,514,514,325,0.36770428015564205,6,c49250186d958b3428e28cf46af520d258749203b7232aadeaf478aff2b49de6
cifar100_proser_fedavg__split05__seed4__d5.0,cifar100,d5,3,514,514,322,0.3735408560311284,5,2678029d9621da42e6a2bf4db0acf2f79756a4e3b37f1dc1caeffc7557414479
cifar100_proser_fedavg__split05__seed4__d5.0,cifar100,d5,4,514,514,329,0.3599221789883269,5,4bac88d87e1f6caae9e68e9485b47d561838fa60a5fa0f4a4c3d2c75f3e1b51e
cifar100_proser_fedavg__split06__seed0__d0.1,cifar100,d0.1,0,514,514,325,0.36770428015564205,5,49f14005a7d68a5a8258f00a4f9db37db0deb29b4f58968d9d683dd749c7328a
cifar100_proser_fedavg__split06__seed0__d0.1,cifar100,d0.1,1,514,514,335,0.34824902723735407,5,7fda59e02e23aa11aab6869c39a2f50ad9f48a84eda48a78335c1e7fb3898766
cifar100_proser_fedavg__split06__seed0__d0.1,cifar100,d0.1,2,514,514,319,0.37937743190661477,7,b58bc5a2ce85fe61f1d04b0783bf5cc68369b126d9a49ceca8493f7bda5d047b
cifar100_proser_fedavg__split06__seed0__d0.1,cifar100,d0.1,3,514,514,325,0.36770428015564205,5,efceb018c8abc261eafb6c5ccd8a6b83efd47c6b7873abc574dbd4b1d01db65f
cifar100_proser_fedavg__split06__seed0__d0.1,cifar100,d0.1,4,514,514,335,0.34824902723735407,5,6b103c8cd61c81494249d9721334fa2858d8ed5586a1fa3b94791b49f538529b
cifar100_proser_fedavg__split06__seed0__d0.5,cifar100,d0.5,0,514,514,325,0.36770428015564205,5,49f14005a7d68a5a8258f00a4f9db37db0deb29b4f58968d9d683dd749c7328a
cifar100_proser_fedavg__split06__seed0__d0.5,cifar100,d0.5,1,514,514,335,0.34824902723735407,5,7fda59e02e23aa11aab6869c39a2f50ad9f48a84eda48a78335c1e7fb3898766
cifar100_proser_fedavg__split06__seed0__d0.5,cifar100,d0.5,2,514,514,319,0.37937743190661477,7,b58bc5a2ce85fe61f1d04b0783bf5cc68369b126d9a49ceca8493f7bda5d047b
cifar100_proser_fedavg__split06__seed0__d0.5,cifar100,d0.5,3,514,514,325,0.36770428015564205,5,efceb018c8abc261eafb6c5ccd8a6b83efd47c6b7873abc574dbd4b1d01db65f
cifar100_proser_fedavg__split06__seed0__d0.5,cifar100,d0.5,4,514,514,335,0.34824902723735407,5,6b103c8cd61c81494249d9721334fa2858d8ed5586a1fa3b94791b49f538529b
cifar100_proser_fedavg__split06__seed0__d5.0,cifar100,d5,0,514,514,325,0.36770428015564205,5,49f14005a7d68a5a8258f00a4f9db37db0deb29b4f58968d9d683dd749c7328a
cifar100_proser_fedavg__split06__seed0__d5.0,cifar100,d5,1,514,514,335,0.34824902723735407,5,7fda59e02e23aa11aab6869c39a2f50ad9f48a84eda48a78335c1e7fb3898766
cifar100_proser_fedavg__split06__seed0__d5.0,cifar100,d5,2,514,514,319,0.37937743190661477,7,b58bc5a2ce85fe61f1d04b0783bf5cc68369b126d9a49ceca8493f7bda5d047b
cifar100_proser_fedavg__split06__seed0__d5.0,cifar100,d5,3,514,514,325,0.36770428015564205,5,efceb018c8abc261eafb6c5ccd8a6b83efd47c6b7873abc574dbd4b1d01db65f
cifar100_proser_fedavg__split06__seed0__d5.0,cifar100,d5,4,514,514,335,0.34824902723735407,5,6b103c8cd61c81494249d9721334fa2858d8ed5586a1fa3b94791b49f538529b
cifar100_proser_fedavg__split06__seed1__d0.1,cifar100,d0.1,0,514,514,330,0.357976653696498,5,52593b8eed7f6451518b71bca127802c9e99668e6a1eafaa3f5e09bc17a12f4a
cifar100_proser_fedavg__split06__seed1__d0.1,cifar100,d0.1,1,514,514,326,0.36575875486381326,5,0fea64f3bf0cb9525a0a59836ab6d396674f9c3a4c540d4b00bf55f27091b56f
cifar100_proser_fedavg__split06__seed1__d0.1,cifar100,d0.1,2,514,514,329,0.3599221789883269,7,5b926ed06c33cd79c0209587f9489126ca087179d6d9db21041514c4d8f904d8
cifar100_proser_fedavg__split06__seed1__d0.1,cifar100,d0.1,3,514,514,334,0.35019455252918286,5,a55176aa3b94afc9fbebfb73ec861843c3021c815067e315a0c2d3ae7c608124
cifar100_proser_fedavg__split06__seed1__d0.1,cifar100,d0.1,4,514,514,314,0.3891050583657587,6,b78fc480705948f5c1d8d327eaffa420339004aa390a571cea82dd44e6e037a2
cifar100_proser_fedavg__split06__seed1__d0.5,cifar100,d0.5,0,514,514,330,0.357976653696498,5,52593b8eed7f6451518b71bca127802c9e99668e6a1eafaa3f5e09bc17a12f4a
cifar100_proser_fedavg__split06__seed1__d0.5,cifar100,d0.5,1,514,514,326,0.36575875486381326,5,0fea64f3bf0cb9525a0a59836ab6d396674f9c3a4c540d4b00bf55f27091b56f
cifar100_proser_fedavg__split06__seed1__d0.5,cifar100,d0.5,2,514,514,329,0.3599221789883269,7,5b926ed06c33cd79c0209587f9489126ca087179d6d9db21041514c4d8f904d8
cifar100_proser_fedavg__split06__seed1__d0.5,cifar100,d0.5,3,514,514,334,0.35019455252918286,5,a55176aa3b94afc9fbebfb73ec861843c3021c815067e315a0c2d3ae7c608124
cifar100_proser_fedavg__split06__seed1__d0.5,cifar100,d0.5,4,514,514,314,0.3891050583657587,6,b78fc480705948f5c1d8d327eaffa420339004aa390a571cea82dd44e6e037a2
cifar100_proser_fedavg__split06__seed1__d5.0,cifar100,d5,0,514,514,330,0.357976653696498,5,52593b8eed7f6451518b71bca127802c9e99668e6a1eafaa3f5e09bc17a12f4a
cifar100_proser_fedavg__split06__seed1__d5.0,cifar100,d5,1,514,514,326,0.36575875486381326,5,0fea64f3bf0cb9525a0a59836ab6d396674f9c3a4c540d4b00bf55f27091b56f
cifar100_proser_fedavg__split06__seed1__d5.0,cifar100,d5,2,514,514,329,0.3599221789883269,7,5b926ed06c33cd79c0209587f9489126ca087179d6d9db21041514c4d8f904d8
cifar100_proser_fedavg__split06__seed1__d5.0,cifar100,d5,3,514,514,334,0.35019455252918286,5,a55176aa3b94afc9fbebfb73ec861843c3021c815067e315a0c2d3ae7c608124
cifar100_proser_fedavg__split06__seed1__d5.0,cifar100,d5,4,514,514,314,0.3891050583657587,6,b78fc480705948f5c1d8d327eaffa420339004aa390a571cea82dd44e6e037a2
cifar100_proser_fedavg__split06__seed2__d0.1,cifar100,d0.1,0,514,514,333,0.35214007782101164,5,daa630fb329c9ef4130f524696c09ab34224b44bce34189be37b58f4e58ca893
cifar100_proser_fedavg__split06__seed2__d0.1,cifar100,d0.1,1,514,514,329,0.3599221789883269,5,169fda8a1b64d7ef731d4d304c1660b33bd6b3e49cbdc579c53ab5fefebbc37d
cifar100_proser_fedavg__split06__seed2__d0.1,cifar100,d0.1,2,514,514,330,0.357976653696498,5,7cb454b80ad2f7e897dfa48dcb401646f80b6dcc729b69837e008bd8e02dfe42
cifar100_proser_fedavg__split06__seed2__d0.1,cifar100,d0.1,3,514,514,327,0.3638132295719845,5,167f25446a29c5e5296f822fadab64ebc71f04d6e20261a20573976941f62816
cifar100_proser_fedavg__split06__seed2__d0.1,cifar100,d0.1,4,514,514,320,0.377431906614786,5,6bdad97e1f30123d478206ce29e663adbe881761673d083013d7a2f1498e6915
cifar100_proser_fedavg__split06__seed2__d0.5,cifar100,d0.5,0,514,514,333,0.35214007782101164,5,daa630fb329c9ef4130f524696c09ab34224b44bce34189be37b58f4e58ca893
cifar100_proser_fedavg__split06__seed2__d0.5,cifar100,d0.5,1,514,514,329,0.3599221789883269,5,169fda8a1b64d7ef731d4d304c1660b33bd6b3e49cbdc579c53ab5fefebbc37d
cifar100_proser_fedavg__split06__seed2__d0.5,cifar100,d0.5,2,514,514,330,0.357976653696498,5,7cb454b80ad2f7e897dfa48dcb401646f80b6dcc729b69837e008bd8e02dfe42
cifar100_proser_fedavg__split06__seed2__d0.5,cifar100,d0.5,3,514,514,327,0.3638132295719845,5,167f25446a29c5e5296f822fadab64ebc71f04d6e20261a20573976941f62816
cifar100_proser_fedavg__split06__seed2__d0.5,cifar100,d0.5,4,514,514,320,0.377431906614786,5,6bdad97e1f30123d478206ce29e663adbe881761673d083013d7a2f1498e6915
cifar100_proser_fedavg__split06__seed2__d5.0,cifar100,d5,0,514,514,333,0.35214007782101164,5,daa630fb329c9ef4130f524696c09ab34224b44bce34189be37b58f4e58ca893
cifar100_proser_fedavg__split06__seed2__d5.0,cifar100,d5,1,514,514,329,0.3599221789883269,5,169fda8a1b64d7ef731d4d304c1660b33bd6b3e49cbdc579c53ab5fefebbc37d
cifar100_proser_fedavg__split06__seed2__d5.0,cifar100,d5,2,514,514,330,0.357976653696498,5,7cb454b80ad2f7e897dfa48dcb401646f80b6dcc729b69837e008bd8e02dfe42
cifar100_proser_fedavg__split06__seed2__d5.0,cifar100,d5,3,514,514,327,0.3638132295719845,5,167f25446a29c5e5296f822fadab64ebc71f04d6e20261a20573976941f62816
cifar100_proser_fedavg__split06__seed2__d5.0,cifar100,d5,4,514,514,320,0.377431906614786,5,6bdad97e1f30123d478206ce29e663adbe881761673d083013d7a2f1498e6915
cifar100_proser_fedavg__split06__seed3__d0.1,cifar100,d0.1,0,514,514,335,0.34824902723735407,6,f065b02b41541f7f63c5c43660a9864a33a57951aa8dce5033bf492ddde2164b
cifar100_proser_fedavg__split06__seed3__d0.1,cifar100,d0.1,1,514,514,323,0.3715953307392996,5,c4960aa0391c5982cde46f2a6a26100d9fa8e477881b36c1ea2d678a79532929
cifar100_proser_fedavg__split06__seed3__d0.1,cifar100,d0.1,2,514,514,335,0.34824902723735407,5,7fd0653122312fd3f96ed13c36643000b072a923b73e5eee4380ad21cff5b96b
cifar100_proser_fedavg__split06__seed3__d0.1,cifar100,d0.1,3,514,514,323,0.3715953307392996,5,5faecbbcc35fd841d9978fea3ee2d420f34bd81c4f217bdd5488f5666b64e2fb
cifar100_proser_fedavg__split06__seed3__d0.1,cifar100,d0.1,4,514,514,321,0.3754863813229572,6,cef47c8794bd1620053c6de639639984f22271e5fbcc6711d42f305b3e79ee33
cifar100_proser_fedavg__split06__seed3__d0.5,cifar100,d0.5,0,514,514,335,0.34824902723735407,6,f065b02b41541f7f63c5c43660a9864a33a57951aa8dce5033bf492ddde2164b
cifar100_proser_fedavg__split06__seed3__d0.5,cifar100,d0.5,1,514,514,323,0.3715953307392996,5,c4960aa0391c5982cde46f2a6a26100d9fa8e477881b36c1ea2d678a79532929
cifar100_proser_fedavg__split06__seed3__d0.5,cifar100,d0.5,2,514,514,335,0.34824902723735407,5,7fd0653122312fd3f96ed13c36643000b072a923b73e5eee4380ad21cff5b96b
cifar100_proser_fedavg__split06__seed3__d0.5,cifar100,d0.5,3,514,514,323,0.3715953307392996,5,5faecbbcc35fd841d9978fea3ee2d420f34bd81c4f217bdd5488f5666b64e2fb
cifar100_proser_fedavg__split06__seed3__d0.5,cifar100,d0.5,4,514,514,321,0.3754863813229572,6,cef47c8794bd1620053c6de639639984f22271e5fbcc6711d42f305b3e79ee33
cifar100_proser_fedavg__split06__seed3__d5.0,cifar100,d5,0,514,514,335,0.34824902723735407,6,f065b02b41541f7f63c5c43660a9864a33a57951aa8dce5033bf492ddde2164b
cifar100_proser_fedavg__split06__seed3__d5.0,cifar100,d5,1,514,514,323,0.3715953307392996,5,c4960aa0391c5982cde46f2a6a26100d9fa8e477881b36c1ea2d678a79532929
cifar100_proser_fedavg__split06__seed3__d5.0,cifar100,d5,2,514,514,335,0.34824902723735407,5,7fd0653122312fd3f96ed13c36643000b072a923b73e5eee4380ad21cff5b96b
cifar100_proser_fedavg__split06__seed3__d5.0,cifar100,d5,3,514,514,323,0.3715953307392996,5,5faecbbcc35fd841d9978fea3ee2d420f34bd81c4f217bdd5488f5666b64e2fb
cifar100_proser_fedavg__split06__seed3__d5.0,cifar100,d5,4,514,514,321,0.3754863813229572,6,cef47c8794bd1620053c6de639639984f22271e5fbcc6711d42f305b3e79ee33
cifar100_proser_fedavg__split06__seed4__d0.1,cifar100,d0.1,0,514,514,315,0.3871595330739299,5,8330a5415908d5afeb6ecf7a69049c1dfe183b069ff9065ad639a12c92bcc536
cifar100_proser_fedavg__split06__seed4__d0.1,cifar100,d0.1,1,514,514,325,0.36770428015564205,5,6cb4c92cc3ee88b8381a245f2aa35b2919dcbceadff337eed81a978d8b0a972b
cifar100_proser_fedavg__split06__seed4__d0.1,cifar100,d0.1,2,514,514,323,0.3715953307392996,5,daaa098f2fd59dd10ac71387d7c357e1ac5fe8bc93631a3d200769472c679aa7
cifar100_proser_fedavg__split06__seed4__d0.1,cifar100,d0.1,3,514,514,330,0.357976653696498,5,d1e6f9c84dc576aa9b60a8508cbd6d73c3c90a75c6f546fe8cc0059e76189210
cifar100_proser_fedavg__split06__seed4__d0.1,cifar100,d0.1,4,514,514,330,0.357976653696498,5,cbf9502e56a50775c479357c95f350c2f0f56b3842f63d1b6dd0744586f1ceec
cifar100_proser_fedavg__split06__seed4__d0.5,cifar100,d0.5,0,514,514,315,0.3871595330739299,5,8330a5415908d5afeb6ecf7a69049c1dfe183b069ff9065ad639a12c92bcc536
cifar100_proser_fedavg__split06__seed4__d0.5,cifar100,d0.5,1,514,514,325,0.36770428015564205,5,6cb4c92cc3ee88b8381a245f2aa35b2919dcbceadff337eed81a978d8b0a972b
cifar100_proser_fedavg__split06__seed4__d0.5,cifar100,d0.5,2,514,514,323,0.3715953307392996,5,daaa098f2fd59dd10ac71387d7c357e1ac5fe8bc93631a3d200769472c679aa7
cifar100_proser_fedavg__split06__seed4__d0.5,cifar100,d0.5,3,514,514,330,0.357976653696498,5,d1e6f9c84dc576aa9b60a8508cbd6d73c3c90a75c6f546fe8cc0059e76189210
cifar100_proser_fedavg__split06__seed4__d0.5,cifar100,d0.5,4,514,514,330,0.357976653696498,5,cbf9502e56a50775c479357c95f350c2f0f56b3842f63d1b6dd0744586f1ceec
cifar100_proser_fedavg__split06__seed4__d5.0,cifar100,d5,0,514,514,315,0.3871595330739299,5,8330a5415908d5afeb6ecf7a69049c1dfe183b069ff9065ad639a12c92bcc536
cifar100_proser_fedavg__split06__seed4__d5.0,cifar100,d5,1,514,514,325,0.36770428015564205,5,6cb4c92cc3ee88b8381a245f2aa35b2919dcbceadff337eed81a978d8b0a972b
cifar100_proser_fedavg__split06__seed4__d5.0,cifar100,d5,2,514,514,323,0.3715953307392996,5,daaa098f2fd59dd10ac71387d7c357e1ac5fe8bc93631a3d200769472c679aa7
cifar100_proser_fedavg__split06__seed4__d5.0,cifar100,d5,3,514,514,330,0.357976653696498,5,d1e6f9c84dc576aa9b60a8508cbd6d73c3c90a75c6f546fe8cc0059e76189210
cifar100_proser_fedavg__split06__seed4__d5.0,cifar100,d5,4,514,514,330,0.357976653696498,5,cbf9502e56a50775c479357c95f350c2f0f56b3842f63d1b6dd0744586f1ceec
cifar100_proser_fedavg__split07__seed0__d0.1,cifar100,d0.1,0,514,514,327,0.3638132295719845,4,87b57a5596e128ccb38ae8cd71b7a4ca908dd203acde1ae6a00724b7c29bfd89
cifar100_proser_fedavg__split07__seed0__d0.1,cifar100,d0.1,1,514,514,339,0.3404669260700389,4,3e0f05c7f117d840c09c162cd6fc0cfddacc414da120d2d0030bd9c9a616b7cd
cifar100_proser_fedavg__split07__seed0__d0.1,cifar100,d0.1,2,514,514,319,0.37937743190661477,5,0f1643a568aa2557cb321af667ec516d4782ad446197e1aca6cfeb84bea0ad9a
cifar100_proser_fedavg__split07__seed0__d0.1,cifar100,d0.1,3,514,514,325,0.36770428015564205,5,03e16f6835ed53ca20987fa23ae454039c8ddc49721a79df43d546d4d817376e
cifar100_proser_fedavg__split07__seed0__d0.1,cifar100,d0.1,4,514,514,333,0.35214007782101164,7,d29b9ee8e39d0ad28850455cfc62123861c889288c107e545887f7231e331d75
cifar100_proser_fedavg__split07__seed0__d0.5,cifar100,d0.5,0,514,514,327,0.3638132295719845,4,87b57a5596e128ccb38ae8cd71b7a4ca908dd203acde1ae6a00724b7c29bfd89
cifar100_proser_fedavg__split07__seed0__d0.5,cifar100,d0.5,1,514,514,339,0.3404669260700389,4,3e0f05c7f117d840c09c162cd6fc0cfddacc414da120d2d0030bd9c9a616b7cd
cifar100_proser_fedavg__split07__seed0__d0.5,cifar100,d0.5,2,514,514,319,0.37937743190661477,5,0f1643a568aa2557cb321af667ec516d4782ad446197e1aca6cfeb84bea0ad9a
cifar100_proser_fedavg__split07__seed0__d0.5,cifar100,d0.5,3,514,514,325,0.36770428015564205,5,03e16f6835ed53ca20987fa23ae454039c8ddc49721a79df43d546d4d817376e
cifar100_proser_fedavg__split07__seed0__d0.5,cifar100,d0.5,4,514,514,333,0.35214007782101164,7,d29b9ee8e39d0ad28850455cfc62123861c889288c107e545887f7231e331d75
cifar100_proser_fedavg__split07__seed0__d5.0,cifar100,d5,0,514,514,327,0.3638132295719845,4,87b57a5596e128ccb38ae8cd71b7a4ca908dd203acde1ae6a00724b7c29bfd89
cifar100_proser_fedavg__split07__seed0__d5.0,cifar100,d5,1,514,514,339,0.3404669260700389,4,3e0f05c7f117d840c09c162cd6fc0cfddacc414da120d2d0030bd9c9a616b7cd
cifar100_proser_fedavg__split07__seed0__d5.0,cifar100,d5,2,514,514,319,0.37937743190661477,5,0f1643a568aa2557cb321af667ec516d4782ad446197e1aca6cfeb84bea0ad9a
cifar100_proser_fedavg__split07__seed0__d5.0,cifar100,d5,3,514,514,325,0.36770428015564205,5,03e16f6835ed53ca20987fa23ae454039c8ddc49721a79df43d546d4d817376e
cifar100_proser_fedavg__split07__seed0__d5.0,cifar100,d5,4,514,514,333,0.35214007782101164,7,d29b9ee8e39d0ad28850455cfc62123861c889288c107e545887f7231e331d75
cifar100_proser_fedavg__split07__seed1__d0.1,cifar100,d0.1,0,514,514,330,0.357976653696498,6,b49641845e277fb592afd9130474cb1dcc51c964c1cac9355d65a43ca32b6015
cifar100_proser_fedavg__split07__seed1__d0.1,cifar100,d0.1,1,514,514,326,0.36575875486381326,5,66c4df17526b876e37a411584173b256a79d947bbe61d27b685924ea18c75bbd
cifar100_proser_fedavg__split07__seed1__d0.1,cifar100,d0.1,2,514,514,312,0.3929961089494164,5,eb386c37df6fa8894bf83d7ac98977081d1962d92f070915ee9bf355b3f8937f
cifar100_proser_fedavg__split07__seed1__d0.1,cifar100,d0.1,3,514,514,320,0.377431906614786,6,dcb114fb13e98652d39dfbdcf3d52f34ab7884fda857a79d8fc5bf15c33b4fcd
cifar100_proser_fedavg__split07__seed1__d0.1,cifar100,d0.1,4,514,514,333,0.35214007782101164,4,d27ec79a43594dab0b2b11e84ea6f9fa8999ff06abbcfac733605c4c1e5fbf0d
cifar100_proser_fedavg__split07__seed1__d0.5,cifar100,d0.5,0,514,514,330,0.357976653696498,6,b49641845e277fb592afd9130474cb1dcc51c964c1cac9355d65a43ca32b6015
cifar100_proser_fedavg__split07__seed1__d0.5,cifar100,d0.5,1,514,514,326,0.36575875486381326,5,66c4df17526b876e37a411584173b256a79d947bbe61d27b685924ea18c75bbd
cifar100_proser_fedavg__split07__seed1__d0.5,cifar100,d0.5,2,514,514,312,0.3929961089494164,5,eb386c37df6fa8894bf83d7ac98977081d1962d92f070915ee9bf355b3f8937f
cifar100_proser_fedavg__split07__seed1__d0.5,cifar100,d0.5,3,514,514,320,0.377431906614786,6,dcb114fb13e98652d39dfbdcf3d52f34ab7884fda857a79d8fc5bf15c33b4fcd
cifar100_proser_fedavg__split07__seed1__d0.5,cifar100,d0.5,4,514,514,333,0.35214007782101164,4,d27ec79a43594dab0b2b11e84ea6f9fa8999ff06abbcfac733605c4c1e5fbf0d
cifar100_proser_fedavg__split07__seed1__d5.0,cifar100,d5,0,514,514,330,0.357976653696498,6,b49641845e277fb592afd9130474cb1dcc51c964c1cac9355d65a43ca32b6015
cifar100_proser_fedavg__split07__seed1__d5.0,cifar100,d5,1,514,514,326,0.36575875486381326,5,66c4df17526b876e37a411584173b256a79d947bbe61d27b685924ea18c75bbd
cifar100_proser_fedavg__split07__seed1__d5.0,cifar100,d5,2,514,514,312,0.3929961089494164,5,eb386c37df6fa8894bf83d7ac98977081d1962d92f070915ee9bf355b3f8937f
cifar100_proser_fedavg__split07__seed1__d5.0,cifar100,d5,3,514,514,320,0.377431906614786,6,dcb114fb13e98652d39dfbdcf3d52f34ab7884fda857a79d8fc5bf15c33b4fcd
cifar100_proser_fedavg__split07__seed1__d5.0,cifar100,d5,4,514,514,333,0.35214007782101164,4,d27ec79a43594dab0b2b11e84ea6f9fa8999ff06abbcfac733605c4c1e5fbf0d
cifar100_proser_fedavg__split07__seed2__d0.1,cifar100,d0.1,0,514,514,332,0.35408560311284043,5,27ebeace8bf663d4567c486e4b59f0f75c1003c215276e5fd24b06360d0be6a5
cifar100_proser_fedavg__split07__seed2__d0.1,cifar100,d0.1,1,514,514,327,0.3638132295719845,5,b2dc72239db92b12f0f72ed26c78d5694d41eaded2c9e4c38b75c74156edc995
cifar100_proser_fedavg__split07__seed2__d0.1,cifar100,d0.1,2,514,514,321,0.3754863813229572,5,06a559adbd2117fe7b3b7058c2d1c67f03c24aef9d919b561be5b47c2e2de9e8
cifar100_proser_fedavg__split07__seed2__d0.1,cifar100,d0.1,3,514,514,321,0.3754863813229572,6,6473b0763a9ef6590064efbb496d3656c3862d500cbee4566b434bbc942ce40d
cifar100_proser_fedavg__split07__seed2__d0.1,cifar100,d0.1,4,514,514,323,0.3715953307392996,5,57fd3d414e5c73127f10d7e707601d2079046f326f16f8cf8d616b29a536fe80
cifar100_proser_fedavg__split07__seed2__d0.5,cifar100,d0.5,0,514,514,332,0.35408560311284043,5,27ebeace8bf663d4567c486e4b59f0f75c1003c215276e5fd24b06360d0be6a5
cifar100_proser_fedavg__split07__seed2__d0.5,cifar100,d0.5,1,514,514,327,0.3638132295719845,5,b2dc72239db92b12f0f72ed26c78d5694d41eaded2c9e4c38b75c74156edc995
cifar100_proser_fedavg__split07__seed2__d0.5,cifar100,d0.5,2,514,514,321,0.3754863813229572,5,06a559adbd2117fe7b3b7058c2d1c67f03c24aef9d919b561be5b47c2e2de9e8
cifar100_proser_fedavg__split07__seed2__d0.5,cifar100,d0.5,3,514,514,321,0.3754863813229572,6,6473b0763a9ef6590064efbb496d3656c3862d500cbee4566b434bbc942ce40d
cifar100_proser_fedavg__split07__seed2__d0.5,cifar100,d0.5,4,514,514,323,0.3715953307392996,5,57fd3d414e5c73127f10d7e707601d2079046f326f16f8cf8d616b29a536fe80
cifar100_proser_fedavg__split07__seed2__d5.0,cifar100,d5,0,514,514,332,0.35408560311284043,5,27ebeace8bf663d4567c486e4b59f0f75c1003c215276e5fd24b06360d0be6a5
cifar100_proser_fedavg__split07__seed2__d5.0,cifar100,d5,1,514,514,327,0.3638132295719845,5,b2dc72239db92b12f0f72ed26c78d5694d41eaded2c9e4c38b75c74156edc995
cifar100_proser_fedavg__split07__seed2__d5.0,cifar100,d5,2,514,514,321,0.3754863813229572,5,06a559adbd2117fe7b3b7058c2d1c67f03c24aef9d919b561be5b47c2e2de9e8
cifar100_proser_fedavg__split07__seed2__d5.0,cifar100,d5,3,514,514,321,0.3754863813229572,6,6473b0763a9ef6590064efbb496d3656c3862d500cbee4566b434bbc942ce40d
cifar100_proser_fedavg__split07__seed2__d5.0,cifar100,d5,4,514,514,323,0.3715953307392996,5,57fd3d414e5c73127f10d7e707601d2079046f326f16f8cf8d616b29a536fe80
cifar100_proser_fedavg__split07__seed3__d0.1,cifar100,d0.1,0,514,514,336,0.3463035019455253,5,eafcbfbf7527af5eb4dd0b0f65e9a49f6377e1e906eb799d268588a3fca5a3c1
cifar100_proser_fedavg__split07__seed3__d0.1,cifar100,d0.1,1,514,514,330,0.357976653696498,6,6d5f59a6dfb804d6b190dfa6baf4887f7afaa65e292af45429e0dedce48e3ac8
cifar100_proser_fedavg__split07__seed3__d0.1,cifar100,d0.1,2,514,514,341,0.33657587548638135,4,2ca38c07efd7fe56b9319fc84b8cf83aad14e9bd01c62145ac004611327e9f3f
cifar100_proser_fedavg__split07__seed3__d0.1,cifar100,d0.1,3,514,514,340,0.33852140077821014,5,355174c049888211deab3ee32865c8683064549d0f8f56c3f18a97d1d441186d
cifar100_proser_fedavg__split07__seed3__d0.1,cifar100,d0.1,4,514,514,340,0.33852140077821014,4,2de2b727edbc1330c6adddc0669d68bbfa3a23e801243683e5130ca1de3be7be
cifar100_proser_fedavg__split07__seed3__d0.5,cifar100,d0.5,0,514,514,336,0.3463035019455253,5,eafcbfbf7527af5eb4dd0b0f65e9a49f6377e1e906eb799d268588a3fca5a3c1
cifar100_proser_fedavg__split07__seed3__d0.5,cifar100,d0.5,1,514,514,330,0.357976653696498,6,6d5f59a6dfb804d6b190dfa6baf4887f7afaa65e292af45429e0dedce48e3ac8
cifar100_proser_fedavg__split07__seed3__d0.5,cifar100,d0.5,2,514,514,341,0.33657587548638135,4,2ca38c07efd7fe56b9319fc84b8cf83aad14e9bd01c62145ac004611327e9f3f
cifar100_proser_fedavg__split07__seed3__d0.5,cifar100,d0.5,3,514,514,340,0.33852140077821014,5,355174c049888211deab3ee32865c8683064549d0f8f56c3f18a97d1d441186d
cifar100_proser_fedavg__split07__seed3__d0.5,cifar100,d0.5,4,514,514,340,0.33852140077821014,4,2de2b727edbc1330c6adddc0669d68bbfa3a23e801243683e5130ca1de3be7be
cifar100_proser_fedavg__split07__seed3__d5.0,cifar100,d5,0,514,514,336,0.3463035019455253,5,eafcbfbf7527af5eb4dd0b0f65e9a49f6377e1e906eb799d268588a3fca5a3c1
cifar100_proser_fedavg__split07__seed3__d5.0,cifar100,d5,1,514,514,330,0.357976653696498,6,6d5f59a6dfb804d6b190dfa6baf4887f7afaa65e292af45429e0dedce48e3ac8
cifar100_proser_fedavg__split07__seed3__d5.0,cifar100,d5,2,514,514,341,0.33657587548638135,4,2ca38c07efd7fe56b9319fc84b8cf83aad14e9bd01c62145ac004611327e9f3f
cifar100_proser_fedavg__split07__seed3__d5.0,cifar100,d5,3,514,514,340,0.33852140077821014,5,355174c049888211deab3ee32865c8683064549d0f8f56c3f18a97d1d441186d
cifar100_proser_fedavg__split07__seed3__d5.0,cifar100,d5,4,514,514,340,0.33852140077821014,4,2de2b727edbc1330c6adddc0669d68bbfa3a23e801243683e5130ca1de3be7be
cifar100_proser_fedavg__split07__seed4__d0.1,cifar100,d0.1,0,514,514,322,0.3735408560311284,5,c3130daa25210b1eda99eea770422fffbe89c59218c651c9bbc14ef4dad37582
cifar100_proser_fedavg__split07__seed4__d0.1,cifar100,d0.1,1,514,514,333,0.35214007782101164,6,084c945af8b7f8d64f0aaaaa40cc000bcd9412099e6ce418f14f710ba9b2a36f
cifar100_proser_fedavg__split07__seed4__d0.1,cifar100,d0.1,2,514,514,329,0.3599221789883269,5,bde8ab439208ab99375bfefb0fb95046e2a38bb7568592286c4d7af53719593d
cifar100_proser_fedavg__split07__seed4__d0.1,cifar100,d0.1,3,514,514,317,0.38326848249027234,6,9530b441b1618fc6747d6418cc1ad169296c387258550301c2cd363b37069520
cifar100_proser_fedavg__split07__seed4__d0.1,cifar100,d0.1,4,514,514,333,0.35214007782101164,5,5455e33d21141024f1a46f76146863264fc351ea0fa2fcbd1186e6669c59192d
cifar100_proser_fedavg__split07__seed4__d0.5,cifar100,d0.5,0,514,514,322,0.3735408560311284,5,c3130daa25210b1eda99eea770422fffbe89c59218c651c9bbc14ef4dad37582
cifar100_proser_fedavg__split07__seed4__d0.5,cifar100,d0.5,1,514,514,333,0.35214007782101164,6,084c945af8b7f8d64f0aaaaa40cc000bcd9412099e6ce418f14f710ba9b2a36f
cifar100_proser_fedavg__split07__seed4__d0.5,cifar100,d0.5,2,514,514,329,0.3599221789883269,5,bde8ab439208ab99375bfefb0fb95046e2a38bb7568592286c4d7af53719593d
cifar100_proser_fedavg__split07__seed4__d0.5,cifar100,d0.5,3,514,514,317,0.38326848249027234,6,9530b441b1618fc6747d6418cc1ad169296c387258550301c2cd363b37069520
cifar100_proser_fedavg__split07__seed4__d0.5,cifar100,d0.5,4,514,514,333,0.35214007782101164,5,5455e33d21141024f1a46f76146863264fc351ea0fa2fcbd1186e6669c59192d
cifar100_proser_fedavg__split07__seed4__d5.0,cifar100,d5,0,514,514,322,0.3735408560311284,5,c3130daa25210b1eda99eea770422fffbe89c59218c651c9bbc14ef4dad37582
cifar100_proser_fedavg__split07__seed4__d5.0,cifar100,d5,1,514,514,333,0.35214007782101164,6,084c945af8b7f8d64f0aaaaa40cc000bcd9412099e6ce418f14f710ba9b2a36f
cifar100_proser_fedavg__split07__seed4__d5.0,cifar100,d5,2,514,514,329,0.3599221789883269,5,bde8ab439208ab99375bfefb0fb95046e2a38bb7568592286c4d7af53719593d
cifar100_proser_fedavg__split07__seed4__d5.0,cifar100,d5,3,514,514,317,0.38326848249027234,6,9530b441b1618fc6747d6418cc1ad169296c387258550301c2cd363b37069520
cifar100_proser_fedavg__split07__seed4__d5.0,cifar100,d5,4,514,514,333,0.35214007782101164,5,5455e33d21141024f1a46f76146863264fc351ea0fa2fcbd1186e6669c59192d
cifar100_proser_fedavg__split08__seed0__d0.1,cifar100,d0.1,0,514,514,333,0.35214007782101164,5,11f35061bdcb0b32bc084a45f92d1244f5f5d204d4d368dcb714d77b55ee15c4
cifar100_proser_fedavg__split08__seed0__d0.1,cifar100,d0.1,1,514,514,317,0.38326848249027234,5,6eefa8ca73a8f21f7183f63f2712fca10061726d3d80221704fbf098ae5c7ae2
cifar100_proser_fedavg__split08__seed0__d0.1,cifar100,d0.1,2,514,514,317,0.38326848249027234,5,efa789c227e7f128edf6d1f0b9b62d92918caa794826c32416feb1e594a332c1
cifar100_proser_fedavg__split08__seed0__d0.1,cifar100,d0.1,3,514,514,321,0.3754863813229572,5,8a8574bb897b2bbb7a69e6ae32bde986e523a4d51db8649947f8d0a724329fef
cifar100_proser_fedavg__split08__seed0__d0.1,cifar100,d0.1,4,514,514,326,0.36575875486381326,5,41ab9a6c893f8545a22e43a077b4ccd0efdbef9e117a734f577f2a34d946d329
cifar100_proser_fedavg__split08__seed0__d0.5,cifar100,d0.5,0,514,514,333,0.35214007782101164,5,11f35061bdcb0b32bc084a45f92d1244f5f5d204d4d368dcb714d77b55ee15c4
cifar100_proser_fedavg__split08__seed0__d0.5,cifar100,d0.5,1,514,514,317,0.38326848249027234,5,6eefa8ca73a8f21f7183f63f2712fca10061726d3d80221704fbf098ae5c7ae2
cifar100_proser_fedavg__split08__seed0__d0.5,cifar100,d0.5,2,514,514,317,0.38326848249027234,5,efa789c227e7f128edf6d1f0b9b62d92918caa794826c32416feb1e594a332c1
cifar100_proser_fedavg__split08__seed0__d0.5,cifar100,d0.5,3,514,514,321,0.3754863813229572,5,8a8574bb897b2bbb7a69e6ae32bde986e523a4d51db8649947f8d0a724329fef
cifar100_proser_fedavg__split08__seed0__d0.5,cifar100,d0.5,4,514,514,326,0.36575875486381326,5,41ab9a6c893f8545a22e43a077b4ccd0efdbef9e117a734f577f2a34d946d329
cifar100_proser_fedavg__split08__seed0__d5.0,cifar100,d5,0,514,514,333,0.35214007782101164,5,11f35061bdcb0b32bc084a45f92d1244f5f5d204d4d368dcb714d77b55ee15c4
cifar100_proser_fedavg__split08__seed0__d5.0,cifar100,d5,1,514,514,317,0.38326848249027234,5,6eefa8ca73a8f21f7183f63f2712fca10061726d3d80221704fbf098ae5c7ae2
cifar100_proser_fedavg__split08__seed0__d5.0,cifar100,d5,2,514,514,317,0.38326848249027234,5,efa789c227e7f128edf6d1f0b9b62d92918caa794826c32416feb1e594a332c1
cifar100_proser_fedavg__split08__seed0__d5.0,cifar100,d5,3,514,514,321,0.3754863813229572,5,8a8574bb897b2bbb7a69e6ae32bde986e523a4d51db8649947f8d0a724329fef
cifar100_proser_fedavg__split08__seed0__d5.0,cifar100,d5,4,514,514,326,0.36575875486381326,5,41ab9a6c893f8545a22e43a077b4ccd0efdbef9e117a734f577f2a34d946d329
cifar100_proser_fedavg__split08__seed1__d0.1,cifar100,d0.1,0,514,514,337,0.3443579766536965,4,4361df3c0bb56d93ff58967ca46295f6c5cd544a3872d35e4b5df3bb818d099f
cifar100_proser_fedavg__split08__seed1__d0.1,cifar100,d0.1,1,514,514,320,0.377431906614786,4,d1b5fd11750243b786a1712b81de258bf559e8033a3b5ddda9273c7bf594e265
cifar100_proser_fedavg__split08__seed1__d0.1,cifar100,d0.1,2,514,514,320,0.377431906614786,5,1cfbe675e0db5068faaf1dfe4e55029de197be07729efc3eaa380b09e05c3880
cifar100_proser_fedavg__split08__seed1__d0.1,cifar100,d0.1,3,514,514,326,0.36575875486381326,5,e95af3d13a7a4d080787f07096ca17af91c48efcab1fbbb4be9f1f7231fe0da4
cifar100_proser_fedavg__split08__seed1__d0.1,cifar100,d0.1,4,514,514,319,0.37937743190661477,5,e6fec4e1fdd5fe26707d689c692b68cec65d5ded297debce602877ef141c4793
cifar100_proser_fedavg__split08__seed1__d0.5,cifar100,d0.5,0,514,514,337,0.3443579766536965,4,4361df3c0bb56d93ff58967ca46295f6c5cd544a3872d35e4b5df3bb818d099f
cifar100_proser_fedavg__split08__seed1__d0.5,cifar100,d0.5,1,514,514,320,0.377431906614786,4,d1b5fd11750243b786a1712b81de258bf559e8033a3b5ddda9273c7bf594e265
cifar100_proser_fedavg__split08__seed1__d0.5,cifar100,d0.5,2,514,514,320,0.377431906614786,5,1cfbe675e0db5068faaf1dfe4e55029de197be07729efc3eaa380b09e05c3880
cifar100_proser_fedavg__split08__seed1__d0.5,cifar100,d0.5,3,514,514,326,0.36575875486381326,5,e95af3d13a7a4d080787f07096ca17af91c48efcab1fbbb4be9f1f7231fe0da4
cifar100_proser_fedavg__split08__seed1__d0.5,cifar100,d0.5,4,514,514,319,0.37937743190661477,5,e6fec4e1fdd5fe26707d689c692b68cec65d5ded297debce602877ef141c4793
cifar100_proser_fedavg__split08__seed1__d5.0,cifar100,d5,0,514,514,337,0.3443579766536965,4,4361df3c0bb56d93ff58967ca46295f6c5cd544a3872d35e4b5df3bb818d099f
cifar100_proser_fedavg__split08__seed1__d5.0,cifar100,d5,1,514,514,320,0.377431906614786,4,d1b5fd11750243b786a1712b81de258bf559e8033a3b5ddda9273c7bf594e265
cifar100_proser_fedavg__split08__seed1__d5.0,cifar100,d5,2,514,514,320,0.377431906614786,5,1cfbe675e0db5068faaf1dfe4e55029de197be07729efc3eaa380b09e05c3880
cifar100_proser_fedavg__split08__seed1__d5.0,cifar100,d5,3,514,514,326,0.36575875486381326,5,e95af3d13a7a4d080787f07096ca17af91c48efcab1fbbb4be9f1f7231fe0da4
cifar100_proser_fedavg__split08__seed1__d5.0,cifar100,d5,4,514,514,319,0.37937743190661477,5,e6fec4e1fdd5fe26707d689c692b68cec65d5ded297debce602877ef141c4793
cifar100_proser_fedavg__split08__seed2__d0.1,cifar100,d0.1,0,514,514,331,0.3560311284046692,5,1984011c8ef02ed37e400751db626ddf8210369a952f8a319b4760eb9e2eb174
cifar100_proser_fedavg__split08__seed2__d0.1,cifar100,d0.1,1,514,514,327,0.3638132295719845,5,3d1001de1cb92ba5877b5e4efc261d2d668e975819bb58e1fa5e6b63cb9d0b9d
cifar100_proser_fedavg__split08__seed2__d0.1,cifar100,d0.1,2,514,514,324,0.36964980544747084,5,9fa062e2969cdcf004b9e9d2ffd677c9329c2ef678703217efe2a95c0d6321a1
cifar100_proser_fedavg__split08__seed2__d0.1,cifar100,d0.1,3,514,514,314,0.3891050583657587,6,76d14a341b40af0d63b148ed023a58a7c684967354326e06a4252b690dbc7292
cifar100_proser_fedavg__split08__seed2__d0.1,cifar100,d0.1,4,514,514,329,0.3599221789883269,5,17c4c7dc39e61b841d1a372c406209ecd74fe8e9cc480452ca4d5fa79c563a98
cifar100_proser_fedavg__split08__seed2__d0.5,cifar100,d0.5,0,514,514,331,0.3560311284046692,5,1984011c8ef02ed37e400751db626ddf8210369a952f8a319b4760eb9e2eb174
cifar100_proser_fedavg__split08__seed2__d0.5,cifar100,d0.5,1,514,514,327,0.3638132295719845,5,3d1001de1cb92ba5877b5e4efc261d2d668e975819bb58e1fa5e6b63cb9d0b9d
cifar100_proser_fedavg__split08__seed2__d0.5,cifar100,d0.5,2,514,514,324,0.36964980544747084,5,9fa062e2969cdcf004b9e9d2ffd677c9329c2ef678703217efe2a95c0d6321a1
cifar100_proser_fedavg__split08__seed2__d0.5,cifar100,d0.5,3,514,514,314,0.3891050583657587,6,76d14a341b40af0d63b148ed023a58a7c684967354326e06a4252b690dbc7292
cifar100_proser_fedavg__split08__seed2__d0.5,cifar100,d0.5,4,514,514,329,0.3599221789883269,5,17c4c7dc39e61b841d1a372c406209ecd74fe8e9cc480452ca4d5fa79c563a98
cifar100_proser_fedavg__split08__seed2__d5.0,cifar100,d5,0,514,514,331,0.3560311284046692,5,1984011c8ef02ed37e400751db626ddf8210369a952f8a319b4760eb9e2eb174
cifar100_proser_fedavg__split08__seed2__d5.0,cifar100,d5,1,514,514,327,0.3638132295719845,5,3d1001de1cb92ba5877b5e4efc261d2d668e975819bb58e1fa5e6b63cb9d0b9d
cifar100_proser_fedavg__split08__seed2__d5.0,cifar100,d5,2,514,514,324,0.36964980544747084,5,9fa062e2969cdcf004b9e9d2ffd677c9329c2ef678703217efe2a95c0d6321a1
cifar100_proser_fedavg__split08__seed2__d5.0,cifar100,d5,3,514,514,314,0.3891050583657587,6,76d14a341b40af0d63b148ed023a58a7c684967354326e06a4252b690dbc7292
cifar100_proser_fedavg__split08__seed2__d5.0,cifar100,d5,4,514,514,329,0.3599221789883269,5,17c4c7dc39e61b841d1a372c406209ecd74fe8e9cc480452ca4d5fa79c563a98
cifar100_proser_fedavg__split08__seed3__d0.1,cifar100,d0.1,0,514,514,324,0.36964980544747084,4,330a3f2f9457b5450798402db978b5b060064ab9d44ae1c06aa5b84c7ee47d36
cifar100_proser_fedavg__split08__seed3__d0.1,cifar100,d0.1,1,514,514,326,0.36575875486381326,6,d2c7f3ca7c18a8868e1aa28c94b00bc0c0ca4cbc2e2e5ea5f89a2a83a75ddba1
cifar100_proser_fedavg__split08__seed3__d0.1,cifar100,d0.1,2,514,514,322,0.3735408560311284,4,4db14dbf73660247c61df80d9538acb970d196438e319d0d3706fac5aec6f299
cifar100_proser_fedavg__split08__seed3__d0.1,cifar100,d0.1,3,514,514,327,0.3638132295719845,6,63961d01b7962e725b67e7015ff8bc8248e7f00dc2ff01cc09bc65fb1835ae41
cifar100_proser_fedavg__split08__seed3__d0.1,cifar100,d0.1,4,514,514,330,0.357976653696498,5,c0297950d9d46e31bd19b7c8ea6152829519b77855a63003db62d87b53d71435
cifar100_proser_fedavg__split08__seed3__d0.5,cifar100,d0.5,0,514,514,324,0.36964980544747084,4,330a3f2f9457b5450798402db978b5b060064ab9d44ae1c06aa5b84c7ee47d36
cifar100_proser_fedavg__split08__seed3__d0.5,cifar100,d0.5,1,514,514,326,0.36575875486381326,6,d2c7f3ca7c18a8868e1aa28c94b00bc0c0ca4cbc2e2e5ea5f89a2a83a75ddba1
cifar100_proser_fedavg__split08__seed3__d0.5,cifar100,d0.5,2,514,514,322,0.3735408560311284,4,4db14dbf73660247c61df80d9538acb970d196438e319d0d3706fac5aec6f299
cifar100_proser_fedavg__split08__seed3__d0.5,cifar100,d0.5,3,514,514,327,0.3638132295719845,6,63961d01b7962e725b67e7015ff8bc8248e7f00dc2ff01cc09bc65fb1835ae41
cifar100_proser_fedavg__split08__seed3__d0.5,cifar100,d0.5,4,514,514,330,0.357976653696498,5,c0297950d9d46e31bd19b7c8ea6152829519b77855a63003db62d87b53d71435
cifar100_proser_fedavg__split08__seed3__d5.0,cifar100,d5,0,514,514,324,0.36964980544747084,4,330a3f2f9457b5450798402db978b5b060064ab9d44ae1c06aa5b84c7ee47d36
cifar100_proser_fedavg__split08__seed3__d5.0,cifar100,d5,1,514,514,326,0.36575875486381326,6,d2c7f3ca7c18a8868e1aa28c94b00bc0c0ca4cbc2e2e5ea5f89a2a83a75ddba1
cifar100_proser_fedavg__split08__seed3__d5.0,cifar100,d5,2,514,514,322,0.3735408560311284,4,4db14dbf73660247c61df80d9538acb970d196438e319d0d3706fac5aec6f299
cifar100_proser_fedavg__split08__seed3__d5.0,cifar100,d5,3,514,514,327,0.3638132295719845,6,63961d01b7962e725b67e7015ff8bc8248e7f00dc2ff01cc09bc65fb1835ae41
cifar100_proser_fedavg__split08__seed3__d5.0,cifar100,d5,4,514,514,330,0.357976653696498,5,c0297950d9d46e31bd19b7c8ea6152829519b77855a63003db62d87b53d71435
cifar100_proser_fedavg__split08__seed4__d0.1,cifar100,d0.1,0,514,514,329,0.3599221789883269,4,69eb210e3e524c859c522fac0590ba2bd05579356cbb66f466be4f85d746c135
cifar100_proser_fedavg__split08__seed4__d0.1,cifar100,d0.1,1,514,514,331,0.3560311284046692,5,9beeaf099e489c70c76f9b285d6af73bbd43888aad4bc105216b04dad251d8a1
cifar100_proser_fedavg__split08__seed4__d0.1,cifar100,d0.1,2,514,514,325,0.36770428015564205,7,f21e4d799e8afbb0234dd6279128fbe79b416d4646f0186a4ce9af4b6d9aeb9f
cifar100_proser_fedavg__split08__seed4__d0.1,cifar100,d0.1,3,514,514,339,0.3404669260700389,5,fb7b8e17d60eb26c9a70001f2800ac79d42acaac748dc74a741d7bb4188349ae
cifar100_proser_fedavg__split08__seed4__d0.1,cifar100,d0.1,4,514,514,323,0.3715953307392996,6,b32632282cde0cda46d2d3fdcb9feb157767630cdb0006e075a53c1f0eeda1e9
cifar100_proser_fedavg__split08__seed4__d0.5,cifar100,d0.5,0,514,514,329,0.3599221789883269,4,69eb210e3e524c859c522fac0590ba2bd05579356cbb66f466be4f85d746c135
cifar100_proser_fedavg__split08__seed4__d0.5,cifar100,d0.5,1,514,514,331,0.3560311284046692,5,9beeaf099e489c70c76f9b285d6af73bbd43888aad4bc105216b04dad251d8a1
cifar100_proser_fedavg__split08__seed4__d0.5,cifar100,d0.5,2,514,514,325,0.36770428015564205,7,f21e4d799e8afbb0234dd6279128fbe79b416d4646f0186a4ce9af4b6d9aeb9f
cifar100_proser_fedavg__split08__seed4__d0.5,cifar100,d0.5,3,514,514,339,0.3404669260700389,5,fb7b8e17d60eb26c9a70001f2800ac79d42acaac748dc74a741d7bb4188349ae
cifar100_proser_fedavg__split08__seed4__d0.5,cifar100,d0.5,4,514,514,323,0.3715953307392996,6,b32632282cde0cda46d2d3fdcb9feb157767630cdb0006e075a53c1f0eeda1e9
cifar100_proser_fedavg__split08__seed4__d5.0,cifar100,d5,0,514,514,329,0.3599221789883269,4,69eb210e3e524c859c522fac0590ba2bd05579356cbb66f466be4f85d746c135
cifar100_proser_fedavg__split08__seed4__d5.0,cifar100,d5,1,514,514,331,0.3560311284046692,5,9beeaf099e489c70c76f9b285d6af73bbd43888aad4bc105216b04dad251d8a1
cifar100_proser_fedavg__split08__seed4__d5.0,cifar100,d5,2,514,514,325,0.36770428015564205,7,f21e4d799e8afbb0234dd6279128fbe79b416d4646f0186a4ce9af4b6d9aeb9f
cifar100_proser_fedavg__split08__seed4__d5.0,cifar100,d5,3,514,514,339,0.3404669260700389,5,fb7b8e17d60eb26c9a70001f2800ac79d42acaac748dc74a741d7bb4188349ae
cifar100_proser_fedavg__split08__seed4__d5.0,cifar100,d5,4,514,514,323,0.3715953307392996,6,b32632282cde0cda46d2d3fdcb9feb157767630cdb0006e075a53c1f0eeda1e9
cifar100_proser_fedavg__split09__seed0__d0.1,cifar100,d0.1,0,514,514,323,0.3715953307392996,5,1c9d5e6fe73ca5bf2f343fa0f6805e51d5ec9fb50f07c0c11cc46a888d75f3b3
cifar100_proser_fedavg__split09__seed0__d0.1,cifar100,d0.1,1,514,514,336,0.3463035019455253,6,d1b759bc613c286d39bf8f765cf5be7d67e9391564eb6c019b37d17c29a85a1f
cifar100_proser_fedavg__split09__seed0__d0.1,cifar100,d0.1,2,514,514,323,0.3715953307392996,5,065f7a9cc3183ff23263fc28488cce3883d87743ac7fb191fc3c307b0b3a245d
cifar100_proser_fedavg__split09__seed0__d0.1,cifar100,d0.1,3,514,514,330,0.357976653696498,4,ceb604a99eef21cf7693d71ee8d23d929829588e74479e930034a1c77b1c45d6
cifar100_proser_fedavg__split09__seed0__d0.1,cifar100,d0.1,4,514,514,324,0.36964980544747084,5,055155f014c5d6beb0ea965bf347623bc15e2178bb0a29dff9afac05669b2888
cifar100_proser_fedavg__split09__seed0__d0.5,cifar100,d0.5,0,514,514,323,0.3715953307392996,5,1c9d5e6fe73ca5bf2f343fa0f6805e51d5ec9fb50f07c0c11cc46a888d75f3b3
cifar100_proser_fedavg__split09__seed0__d0.5,cifar100,d0.5,1,514,514,336,0.3463035019455253,6,d1b759bc613c286d39bf8f765cf5be7d67e9391564eb6c019b37d17c29a85a1f
cifar100_proser_fedavg__split09__seed0__d0.5,cifar100,d0.5,2,514,514,323,0.3715953307392996,5,065f7a9cc3183ff23263fc28488cce3883d87743ac7fb191fc3c307b0b3a245d
cifar100_proser_fedavg__split09__seed0__d0.5,cifar100,d0.5,3,514,514,330,0.357976653696498,4,ceb604a99eef21cf7693d71ee8d23d929829588e74479e930034a1c77b1c45d6
cifar100_proser_fedavg__split09__seed0__d0.5,cifar100,d0.5,4,514,514,324,0.36964980544747084,5,055155f014c5d6beb0ea965bf347623bc15e2178bb0a29dff9afac05669b2888
cifar100_proser_fedavg__split09__seed0__d5.0,cifar100,d5,0,514,514,323,0.3715953307392996,5,1c9d5e6fe73ca5bf2f343fa0f6805e51d5ec9fb50f07c0c11cc46a888d75f3b3
cifar100_proser_fedavg__split09__seed0__d5.0,cifar100,d5,1,514,514,336,0.3463035019455253,6,d1b759bc613c286d39bf8f765cf5be7d67e9391564eb6c019b37d17c29a85a1f
cifar100_proser_fedavg__split09__seed0__d5.0,cifar100,d5,2,514,514,323,0.3715953307392996,5,065f7a9cc3183ff23263fc28488cce3883d87743ac7fb191fc3c307b0b3a245d
cifar100_proser_fedavg__split09__seed0__d5.0,cifar100,d5,3,514,514,330,0.357976653696498,4,ceb604a99eef21cf7693d71ee8d23d929829588e74479e930034a1c77b1c45d6
cifar100_proser_fedavg__split09__seed0__d5.0,cifar100,d5,4,514,514,324,0.36964980544747084,5,055155f014c5d6beb0ea965bf347623bc15e2178bb0a29dff9afac05669b2888
cifar100_proser_fedavg__split09__seed1__d0.1,cifar100,d0.1,0,514,514,311,0.3949416342412452,7,5e5aa3265bf3cb8dc37d3d104887c3836321ca77e4f2a14b594116db32f3e32c
cifar100_proser_fedavg__split09__seed1__d0.1,cifar100,d0.1,1,514,514,325,0.36770428015564205,5,e272115fb1dccf42a3cce0141651d092c1d2a7fd456a86a1f18727e451c7db2b
cifar100_proser_fedavg__split09__seed1__d0.1,cifar100,d0.1,2,514,514,315,0.3871595330739299,6,5448f8d9affe0fd7b1850bb989319e74e54506ea2bede6801647ce90058c524a
cifar100_proser_fedavg__split09__seed1__d0.1,cifar100,d0.1,3,514,514,330,0.357976653696498,6,d70e1ac2d7aacc7b1c504d462b6194827ee41df31f62ea67da45af88cda97d51
cifar100_proser_fedavg__split09__seed1__d0.1,cifar100,d0.1,4,514,514,317,0.38326848249027234,4,130867e260daba524659ae108f8dc80767a1c6a4c12f1257b363a74ae8def9d8
cifar100_proser_fedavg__split09__seed1__d0.5,cifar100,d0.5,0,514,514,311,0.3949416342412452,7,5e5aa3265bf3cb8dc37d3d104887c3836321ca77e4f2a14b594116db32f3e32c
cifar100_proser_fedavg__split09__seed1__d0.5,cifar100,d0.5,1,514,514,325,0.36770428015564205,5,e272115fb1dccf42a3cce0141651d092c1d2a7fd456a86a1f18727e451c7db2b
cifar100_proser_fedavg__split09__seed1__d0.5,cifar100,d0.5,2,514,514,315,0.3871595330739299,6,5448f8d9affe0fd7b1850bb989319e74e54506ea2bede6801647ce90058c524a
cifar100_proser_fedavg__split09__seed1__d0.5,cifar100,d0.5,3,514,514,330,0.357976653696498,6,d70e1ac2d7aacc7b1c504d462b6194827ee41df31f62ea67da45af88cda97d51
cifar100_proser_fedavg__split09__seed1__d0.5,cifar100,d0.5,4,514,514,317,0.38326848249027234,4,130867e260daba524659ae108f8dc80767a1c6a4c12f1257b363a74ae8def9d8
cifar100_proser_fedavg__split09__seed1__d5.0,cifar100,d5,0,514,514,311,0.3949416342412452,7,5e5aa3265bf3cb8dc37d3d104887c3836321ca77e4f2a14b594116db32f3e32c
cifar100_proser_fedavg__split09__seed1__d5.0,cifar100,d5,1,514,514,325,0.36770428015564205,5,e272115fb1dccf42a3cce0141651d092c1d2a7fd456a86a1f18727e451c7db2b
cifar100_proser_fedavg__split09__seed1__d5.0,cifar100,d5,2,514,514,315,0.3871595330739299,6,5448f8d9affe0fd7b1850bb989319e74e54506ea2bede6801647ce90058c524a
cifar100_proser_fedavg__split09__seed1__d5.0,cifar100,d5,3,514,514,330,0.357976653696498,6,d70e1ac2d7aacc7b1c504d462b6194827ee41df31f62ea67da45af88cda97d51
cifar100_proser_fedavg__split09__seed1__d5.0,cifar100,d5,4,514,514,317,0.38326848249027234,4,130867e260daba524659ae108f8dc80767a1c6a4c12f1257b363a74ae8def9d8
cifar100_proser_fedavg__split09__seed2__d0.1,cifar100,d0.1,0,514,514,329,0.3599221789883269,6,1f3fce725aa873b29357cfad186d46034684da4b85058c30bba0b2ed28d27ee4
cifar100_proser_fedavg__split09__seed2__d0.1,cifar100,d0.1,1,514,514,323,0.3715953307392996,5,0a4681ff99d0bb5ab7c44fb3d87821d88f2c9241251b9e212ebeea2894cf6cfb
cifar100_proser_fedavg__split09__seed2__d0.1,cifar100,d0.1,2,514,514,320,0.377431906614786,5,736fcb13ed0452bd26e264f69049f5792a3991580e48b2b7b05b14120d292c62
cifar100_proser_fedavg__split09__seed2__d0.1,cifar100,d0.1,3,514,514,327,0.3638132295719845,5,9daee16191880d0a9c714e215fa25dcdadf9f7ebacf015df251757f6086d3aaf
cifar100_proser_fedavg__split09__seed2__d0.1,cifar100,d0.1,4,514,514,331,0.3560311284046692,5,4dd9d081de88f0f52eaf494eda26d09e9162efb65afdbece3089b39dcd2a51d6
cifar100_proser_fedavg__split09__seed2__d0.5,cifar100,d0.5,0,514,514,329,0.3599221789883269,6,1f3fce725aa873b29357cfad186d46034684da4b85058c30bba0b2ed28d27ee4
cifar100_proser_fedavg__split09__seed2__d0.5,cifar100,d0.5,1,514,514,323,0.3715953307392996,5,0a4681ff99d0bb5ab7c44fb3d87821d88f2c9241251b9e212ebeea2894cf6cfb
cifar100_proser_fedavg__split09__seed2__d0.5,cifar100,d0.5,2,514,514,320,0.377431906614786,5,736fcb13ed0452bd26e264f69049f5792a3991580e48b2b7b05b14120d292c62
cifar100_proser_fedavg__split09__seed2__d0.5,cifar100,d0.5,3,514,514,327,0.3638132295719845,5,9daee16191880d0a9c714e215fa25dcdadf9f7ebacf015df251757f6086d3aaf
cifar100_proser_fedavg__split09__seed2__d0.5,cifar100,d0.5,4,514,514,331,0.3560311284046692,5,4dd9d081de88f0f52eaf494eda26d09e9162efb65afdbece3089b39dcd2a51d6
cifar100_proser_fedavg__split09__seed2__d5.0,cifar100,d5,0,514,514,329,0.3599221789883269,6,1f3fce725aa873b29357cfad186d46034684da4b85058c30bba0b2ed28d27ee4
cifar100_proser_fedavg__split09__seed2__d5.0,cifar100,d5,1,514,514,323,0.3715953307392996,5,0a4681ff99d0bb5ab7c44fb3d87821d88f2c9241251b9e212ebeea2894cf6cfb
cifar100_proser_fedavg__split09__seed2__d5.0,cifar100,d5,2,514,514,320,0.377431906614786,5,736fcb13ed0452bd26e264f69049f5792a3991580e48b2b7b05b14120d292c62
cifar100_proser_fedavg__split09__seed2__d5.0,cifar100,d5,3,514,514,327,0.3638132295719845,5,9daee16191880d0a9c714e215fa25dcdadf9f7ebacf015df251757f6086d3aaf
cifar100_proser_fedavg__split09__seed2__d5.0,cifar100,d5,4,514,514,331,0.3560311284046692,5,4dd9d081de88f0f52eaf494eda26d09e9162efb65afdbece3089b39dcd2a51d6
cifar100_proser_fedavg__split09__seed3__d0.1,cifar100,d0.1,0,514,514,331,0.3560311284046692,6,8e99d04fbe0812fbb361833709b1973a1b4ae85f6cd59f1b1aaadf464294ba50
cifar100_proser_fedavg__split09__seed3__d0.1,cifar100,d0.1,1,514,514,326,0.36575875486381326,7,0f8b09915008789a74c1899a2ad6d66527636d9327e9b2d7ae14464d7dd962ed
cifar100_proser_fedavg__split09__seed3__d0.1,cifar100,d0.1,2,514,514,310,0.39688715953307396,6,ef0ecd9c0c56ead720ec778c64575288d12ce9936f0e42d0999045ea62e5a274
cifar100_proser_fedavg__split09__seed3__d0.1,cifar100,d0.1,3,514,514,342,0.33463035019455256,5,85004142929a9f181229a2eca0c40fa063f7b2175bffb478dd161c8a1a12a111
cifar100_proser_fedavg__split09__seed3__d0.1,cifar100,d0.1,4,514,514,315,0.3871595330739299,5,2cfd4d4d7aeb6499eb78123c2ace182203b7c7ebbac1ee4b2ce6e89162bb3d67
cifar100_proser_fedavg__split09__seed3__d0.5,cifar100,d0.5,0,514,514,331,0.3560311284046692,6,8e99d04fbe0812fbb361833709b1973a1b4ae85f6cd59f1b1aaadf464294ba50
cifar100_proser_fedavg__split09__seed3__d0.5,cifar100,d0.5,1,514,514,326,0.36575875486381326,7,0f8b09915008789a74c1899a2ad6d66527636d9327e9b2d7ae14464d7dd962ed
cifar100_proser_fedavg__split09__seed3__d0.5,cifar100,d0.5,2,514,514,310,0.39688715953307396,6,ef0ecd9c0c56ead720ec778c64575288d12ce9936f0e42d0999045ea62e5a274
cifar100_proser_fedavg__split09__seed3__d0.5,cifar100,d0.5,3,514,514,342,0.33463035019455256,5,85004142929a9f181229a2eca0c40fa063f7b2175bffb478dd161c8a1a12a111
cifar100_proser_fedavg__split09__seed3__d0.5,cifar100,d0.5,4,514,514,315,0.3871595330739299,5,2cfd4d4d7aeb6499eb78123c2ace182203b7c7ebbac1ee4b2ce6e89162bb3d67
cifar100_proser_fedavg__split09__seed3__d5.0,cifar100,d5,0,514,514,331,0.3560311284046692,6,8e99d04fbe0812fbb361833709b1973a1b4ae85f6cd59f1b1aaadf464294ba50
cifar100_proser_fedavg__split09__seed3__d5.0,cifar100,d5,1,514,514,326,0.36575875486381326,7,0f8b09915008789a74c1899a2ad6d66527636d9327e9b2d7ae14464d7dd962ed
cifar100_proser_fedavg__split09__seed3__d5.0,cifar100,d5,2,514,514,310,0.39688715953307396,6,ef0ecd9c0c56ead720ec778c64575288d12ce9936f0e42d0999045ea62e5a274
cifar100_proser_fedavg__split09__seed3__d5.0,cifar100,d5,3,514,514,342,0.33463035019455256,5,85004142929a9f181229a2eca0c40fa063f7b2175bffb478dd161c8a1a12a111
cifar100_proser_fedavg__split09__seed3__d5.0,cifar100,d5,4,514,514,315,0.3871595330739299,5,2cfd4d4d7aeb6499eb78123c2ace182203b7c7ebbac1ee4b2ce6e89162bb3d67
cifar100_proser_fedavg__split09__seed4__d0.1,cifar100,d0.1,0,514,514,329,0.3599221789883269,6,903df2f27de70e90fb39bbef254b973d2200ac33f7b554c0686dee80b6d5057b
cifar100_proser_fedavg__split09__seed4__d0.1,cifar100,d0.1,1,514,514,320,0.377431906614786,5,3af872925ebe35352cbe590eed816e6f4a3814d43ba371322a7744c568a38b6b
cifar100_proser_fedavg__split09__seed4__d0.1,cifar100,d0.1,2,514,514,327,0.3638132295719845,5,158a70029ea84f9a947524bd23ebdcc3c4fec7acdd0991d19903044c163c2263
cifar100_proser_fedavg__split09__seed4__d0.1,cifar100,d0.1,3,514,514,347,0.3249027237354085,6,3f3f806677188c165940dbaf5c64bd50b66f733a3a169217c9b6f2ecffe05714
cifar100_proser_fedavg__split09__seed4__d0.1,cifar100,d0.1,4,514,514,333,0.35214007782101164,5,95f59a8b55751aefd6d65ec6e35114781f7d3b035e877ea96ad7528af5494acc
cifar100_proser_fedavg__split09__seed4__d0.5,cifar100,d0.5,0,514,514,329,0.3599221789883269,6,903df2f27de70e90fb39bbef254b973d2200ac33f7b554c0686dee80b6d5057b
cifar100_proser_fedavg__split09__seed4__d0.5,cifar100,d0.5,1,514,514,320,0.377431906614786,5,3af872925ebe35352cbe590eed816e6f4a3814d43ba371322a7744c568a38b6b
cifar100_proser_fedavg__split09__seed4__d0.5,cifar100,d0.5,2,514,514,327,0.3638132295719845,5,158a70029ea84f9a947524bd23ebdcc3c4fec7acdd0991d19903044c163c2263
cifar100_proser_fedavg__split09__seed4__d0.5,cifar100,d0.5,3,514,514,347,0.3249027237354085,6,3f3f806677188c165940dbaf5c64bd50b66f733a3a169217c9b6f2ecffe05714
cifar100_proser_fedavg__split09__seed4__d0.5,cifar100,d0.5,4,514,514,333,0.35214007782101164,5,95f59a8b55751aefd6d65ec6e35114781f7d3b035e877ea96ad7528af5494acc
cifar100_proser_fedavg__split09__seed4__d5.0,cifar100,d5,0,514,514,329,0.3599221789883269,6,903df2f27de70e90fb39bbef254b973d2200ac33f7b554c0686dee80b6d5057b
cifar100_proser_fedavg__split09__seed4__d5.0,cifar100,d5,1,514,514,320,0.377431906614786,5,3af872925ebe35352cbe590eed816e6f4a3814d43ba371322a7744c568a38b6b
cifar100_proser_fedavg__split09__seed4__d5.0,cifar100,d5,2,514,514,327,0.3638132295719845,5,158a70029ea84f9a947524bd23ebdcc3c4fec7acdd0991d19903044c163c2263
cifar100_proser_fedavg__split09__seed4__d5.0,cifar100,d5,3,514,514,347,0.3249027237354085,6,3f3f806677188c165940dbaf5c64bd50b66f733a3a169217c9b6f2ecffe05714
cifar100_proser_fedavg__split09__seed4__d5.0,cifar100,d5,4,514,514,333,0.35214007782101164,5,95f59a8b55751aefd6d65ec6e35114781f7d3b035e877ea96ad7528af5494acc
cifar10_proser_fedavg__split00__seed0__d0.1,cifar10,d0.1,0,514,514,330,0.357976653696498,6,52ecb732161b11e993fd8ded1c83fbdd67bf6b3571927572b2d8c3bbfa5bee11
cifar10_proser_fedavg__split00__seed0__d0.1,cifar10,d0.1,1,514,514,327,0.3638132295719845,5,e75c8950491f818157daac79b143f4d47f86a654199c207fb0a7aa9ada01531b
cifar10_proser_fedavg__split00__seed0__d0.1,cifar10,d0.1,2,514,514,323,0.3715953307392996,4,15a193194dd0a8a19018a49b232d1bc5aa05961d126ee9587404f64aa8825588
cifar10_proser_fedavg__split00__seed0__d0.1,cifar10,d0.1,3,514,514,314,0.3891050583657587,6,890329ac36339ce09fb17469a3d07297431fbf4767d315026c90711ba2663854
cifar10_proser_fedavg__split00__seed0__d0.1,cifar10,d0.1,4,514,514,333,0.35214007782101164,7,5320fa9494bd22aff238c99b6f3b1d8da8bdd6a0e8f6d131c482846ae22e4f97
cifar10_proser_fedavg__split00__seed0__d0.5,cifar10,d0.5,0,514,514,330,0.357976653696498,6,52ecb732161b11e993fd8ded1c83fbdd67bf6b3571927572b2d8c3bbfa5bee11
cifar10_proser_fedavg__split00__seed0__d0.5,cifar10,d0.5,1,514,514,327,0.3638132295719845,5,e75c8950491f818157daac79b143f4d47f86a654199c207fb0a7aa9ada01531b
cifar10_proser_fedavg__split00__seed0__d0.5,cifar10,d0.5,2,514,514,323,0.3715953307392996,4,15a193194dd0a8a19018a49b232d1bc5aa05961d126ee9587404f64aa8825588
cifar10_proser_fedavg__split00__seed0__d0.5,cifar10,d0.5,3,514,514,314,0.3891050583657587,6,890329ac36339ce09fb17469a3d07297431fbf4767d315026c90711ba2663854
cifar10_proser_fedavg__split00__seed0__d0.5,cifar10,d0.5,4,514,514,333,0.35214007782101164,7,5320fa9494bd22aff238c99b6f3b1d8da8bdd6a0e8f6d131c482846ae22e4f97
cifar10_proser_fedavg__split00__seed0__d5.0,cifar10,d5,0,514,514,330,0.357976653696498,6,52ecb732161b11e993fd8ded1c83fbdd67bf6b3571927572b2d8c3bbfa5bee11
cifar10_proser_fedavg__split00__seed0__d5.0,cifar10,d5,1,514,514,327,0.3638132295719845,5,e75c8950491f818157daac79b143f4d47f86a654199c207fb0a7aa9ada01531b
cifar10_proser_fedavg__split00__seed0__d5.0,cifar10,d5,2,514,514,323,0.3715953307392996,4,15a193194dd0a8a19018a49b232d1bc5aa05961d126ee9587404f64aa8825588
cifar10_proser_fedavg__split00__seed0__d5.0,cifar10,d5,3,514,514,314,0.3891050583657587,6,890329ac36339ce09fb17469a3d07297431fbf4767d315026c90711ba2663854
cifar10_proser_fedavg__split00__seed0__d5.0,cifar10,d5,4,514,514,333,0.35214007782101164,7,5320fa9494bd22aff238c99b6f3b1d8da8bdd6a0e8f6d131c482846ae22e4f97
cifar10_proser_fedavg__split00__seed1__d0.1,cifar10,d0.1,0,514,514,328,0.3618677042801557,5,562c9ca1c040478bbfa9696651badb4e747e7541fa33e2481a6369465cdf0d59
cifar10_proser_fedavg__split00__seed1__d0.1,cifar10,d0.1,1,514,514,319,0.37937743190661477,5,c1aafebf78492fa9148aaad48e0086e163f9d9e9a52f4d0bb09dc416a020f40e
cifar10_proser_fedavg__split00__seed1__d0.1,cifar10,d0.1,2,514,514,326,0.36575875486381326,5,7f74595f100171973274f252674ede134d20444d9716571a4768a6d1978b4999
cifar10_proser_fedavg__split00__seed1__d0.1,cifar10,d0.1,3,514,514,324,0.36964980544747084,5,8a68764763c0d4685bdb659d9ae76538ac2b5089755030047177b16ffb4dc48c
cifar10_proser_fedavg__split00__seed1__d0.1,cifar10,d0.1,4,514,514,324,0.36964980544747084,5,e9ea0b6caadada6440e28caa7e051a3ff930601e1bb86e02da6799f4d17d4a54
cifar10_proser_fedavg__split00__seed1__d0.5,cifar10,d0.5,0,514,514,328,0.3618677042801557,5,562c9ca1c040478bbfa9696651badb4e747e7541fa33e2481a6369465cdf0d59
cifar10_proser_fedavg__split00__seed1__d0.5,cifar10,d0.5,1,514,514,319,0.37937743190661477,5,c1aafebf78492fa9148aaad48e0086e163f9d9e9a52f4d0bb09dc416a020f40e
cifar10_proser_fedavg__split00__seed1__d0.5,cifar10,d0.5,2,514,514,326,0.36575875486381326,5,7f74595f100171973274f252674ede134d20444d9716571a4768a6d1978b4999
cifar10_proser_fedavg__split00__seed1__d0.5,cifar10,d0.5,3,514,514,324,0.36964980544747084,5,8a68764763c0d4685bdb659d9ae76538ac2b5089755030047177b16ffb4dc48c
cifar10_proser_fedavg__split00__seed1__d0.5,cifar10,d0.5,4,514,514,324,0.36964980544747084,5,e9ea0b6caadada6440e28caa7e051a3ff930601e1bb86e02da6799f4d17d4a54
cifar10_proser_fedavg__split00__seed1__d5.0,cifar10,d5,0,514,514,328,0.3618677042801557,5,562c9ca1c040478bbfa9696651badb4e747e7541fa33e2481a6369465cdf0d59
cifar10_proser_fedavg__split00__seed1__d5.0,cifar10,d5,1,514,514,319,0.37937743190661477,5,c1aafebf78492fa9148aaad48e0086e163f9d9e9a52f4d0bb09dc416a020f40e
cifar10_proser_fedavg__split00__seed1__d5.0,cifar10,d5,2,514,514,326,0.36575875486381326,5,7f74595f100171973274f252674ede134d20444d9716571a4768a6d1978b4999
cifar10_proser_fedavg__split00__seed1__d5.0,cifar10,d5,3,514,514,324,0.36964980544747084,5,8a68764763c0d4685bdb659d9ae76538ac2b5089755030047177b16ffb4dc48c
cifar10_proser_fedavg__split00__seed1__d5.0,cifar10,d5,4,514,514,324,0.36964980544747084,5,e9ea0b6caadada6440e28caa7e051a3ff930601e1bb86e02da6799f4d17d4a54
cifar10_proser_fedavg__split00__seed2__d0.1,cifar10,d0.1,0,514,514,311,0.3949416342412452,7,ae663c987bdf35fea1ad77bac09165932273f1e1f65728019f4b2d2aa5a16a90
cifar10_proser_fedavg__split00__seed2__d0.1,cifar10,d0.1,1,514,514,313,0.3910505836575876,6,4fca666803d62ef0ca0c56e04e438768d3ab2d489e0dbc150165f68077e6f7e2
cifar10_proser_fedavg__split00__seed2__d0.1,cifar10,d0.1,2,514,514,329,0.3599221789883269,5,4cb5dd156f4ed9254602185c9416208cc253ee3b5cca7ce12a02b4047435939b
cifar10_proser_fedavg__split00__seed2__d0.1,cifar10,d0.1,3,514,514,327,0.3638132295719845,6,f470e1aa1336588a51343e7d4b3d47e55a60490b13cc1acefc8e05fdb2a4c393
cifar10_proser_fedavg__split00__seed2__d0.1,cifar10,d0.1,4,514,514,324,0.36964980544747084,5,30fab32444ed206fb88ccacb00f4234182c399969cd027ea53d8905f08d902be
cifar10_proser_fedavg__split00__seed2__d0.5,cifar10,d0.5,0,514,514,311,0.3949416342412452,7,ae663c987bdf35fea1ad77bac09165932273f1e1f65728019f4b2d2aa5a16a90
cifar10_proser_fedavg__split00__seed2__d0.5,cifar10,d0.5,1,514,514,313,0.3910505836575876,6,4fca666803d62ef0ca0c56e04e438768d3ab2d489e0dbc150165f68077e6f7e2
cifar10_proser_fedavg__split00__seed2__d0.5,cifar10,d0.5,2,514,514,329,0.3599221789883269,5,4cb5dd156f4ed9254602185c9416208cc253ee3b5cca7ce12a02b4047435939b
cifar10_proser_fedavg__split00__seed2__d0.5,cifar10,d0.5,3,514,514,327,0.3638132295719845,6,f470e1aa1336588a51343e7d4b3d47e55a60490b13cc1acefc8e05fdb2a4c393
cifar10_proser_fedavg__split00__seed2__d0.5,cifar10,d0.5,4,514,514,324,0.36964980544747084,5,30fab32444ed206fb88ccacb00f4234182c399969cd027ea53d8905f08d902be
cifar10_proser_fedavg__split00__seed2__d5.0,cifar10,d5,0,514,514,311,0.3949416342412452,7,ae663c987bdf35fea1ad77bac09165932273f1e1f65728019f4b2d2aa5a16a90
cifar10_proser_fedavg__split00__seed2__d5.0,cifar10,d5,1,514,514,313,0.3910505836575876,6,4fca666803d62ef0ca0c56e04e438768d3ab2d489e0dbc150165f68077e6f7e2
cifar10_proser_fedavg__split00__seed2__d5.0,cifar10,d5,2,514,514,329,0.3599221789883269,5,4cb5dd156f4ed9254602185c9416208cc253ee3b5cca7ce12a02b4047435939b
cifar10_proser_fedavg__split00__seed2__d5.0,cifar10,d5,3,514,514,327,0.3638132295719845,6,f470e1aa1336588a51343e7d4b3d47e55a60490b13cc1acefc8e05fdb2a4c393
cifar10_proser_fedavg__split00__seed2__d5.0,cifar10,d5,4,514,514,324,0.36964980544747084,5,30fab32444ed206fb88ccacb00f4234182c399969cd027ea53d8905f08d902be
cifar10_proser_fedavg__split00__seed3__d0.1,cifar10,d0.1,0,514,514,322,0.3735408560311284,4,f12ae1bf92ad930e6596d693ac6a4463d97150f87527eec434d261c209e726c8
cifar10_proser_fedavg__split00__seed3__d0.1,cifar10,d0.1,1,514,514,332,0.35408560311284043,5,9636dcc35c3d87ad9febb9afb06d42e6d51fbaec5f04cc09f4f59b03f55056d4
cifar10_proser_fedavg__split00__seed3__d0.1,cifar10,d0.1,2,514,514,335,0.34824902723735407,5,7a8b03a4ee7681347292f9259c7509df599a39bfd532a8bf0d0c77ae6ca69e1e
cifar10_proser_fedavg__split00__seed3__d0.1,cifar10,d0.1,3,514,514,320,0.377431906614786,4,5a21f479119be6c07b4491adb0276fd91cfff1f4a68d8260c29bf5c48630b356
cifar10_proser_fedavg__split00__seed3__d0.1,cifar10,d0.1,4,514,514,322,0.3735408560311284,6,b2e82e542f9bfb4415d69c265d949620e1150492a6181c4c4b3d172501f926be
cifar10_proser_fedavg__split00__seed3__d0.5,cifar10,d0.5,0,514,514,322,0.3735408560311284,4,f12ae1bf92ad930e6596d693ac6a4463d97150f87527eec434d261c209e726c8
cifar10_proser_fedavg__split00__seed3__d0.5,cifar10,d0.5,1,514,514,332,0.35408560311284043,5,9636dcc35c3d87ad9febb9afb06d42e6d51fbaec5f04cc09f4f59b03f55056d4
cifar10_proser_fedavg__split00__seed3__d0.5,cifar10,d0.5,2,514,514,335,0.34824902723735407,5,7a8b03a4ee7681347292f9259c7509df599a39bfd532a8bf0d0c77ae6ca69e1e
cifar10_proser_fedavg__split00__seed3__d0.5,cifar10,d0.5,3,514,514,320,0.377431906614786,4,5a21f479119be6c07b4491adb0276fd91cfff1f4a68d8260c29bf5c48630b356
cifar10_proser_fedavg__split00__seed3__d0.5,cifar10,d0.5,4,514,514,322,0.3735408560311284,6,b2e82e542f9bfb4415d69c265d949620e1150492a6181c4c4b3d172501f926be
cifar10_proser_fedavg__split00__seed3__d5.0,cifar10,d5,0,514,514,322,0.3735408560311284,4,f12ae1bf92ad930e6596d693ac6a4463d97150f87527eec434d261c209e726c8
cifar10_proser_fedavg__split00__seed3__d5.0,cifar10,d5,1,514,514,332,0.35408560311284043,5,9636dcc35c3d87ad9febb9afb06d42e6d51fbaec5f04cc09f4f59b03f55056d4
cifar10_proser_fedavg__split00__seed3__d5.0,cifar10,d5,2,514,514,335,0.34824902723735407,5,7a8b03a4ee7681347292f9259c7509df599a39bfd532a8bf0d0c77ae6ca69e1e
cifar10_proser_fedavg__split00__seed3__d5.0,cifar10,d5,3,514,514,320,0.377431906614786,4,5a21f479119be6c07b4491adb0276fd91cfff1f4a68d8260c29bf5c48630b356
cifar10_proser_fedavg__split00__seed3__d5.0,cifar10,d5,4,514,514,322,0.3735408560311284,6,b2e82e542f9bfb4415d69c265d949620e1150492a6181c4c4b3d172501f926be
cifar10_proser_fedavg__split00__seed4__d0.1,cifar10,d0.1,0,514,514,329,0.3599221789883269,6,4ce9cd2c6053319fd28b229098568961ca6a720d9767f1d2814a866049536dbc
cifar10_proser_fedavg__split00__seed4__d0.1,cifar10,d0.1,1,514,514,324,0.36964980544747084,5,0b90200d786185e8983205c16e4c663a53ba4e3f22efc3c737aab3733e483227
cifar10_proser_fedavg__split00__seed4__d0.1,cifar10,d0.1,2,514,514,327,0.3638132295719845,5,7831acdac67f36bac73ceb86126a7d7a5ce8c6060077573eedad49a95d1269ac
cifar10_proser_fedavg__split00__seed4__d0.1,cifar10,d0.1,3,514,514,323,0.3715953307392996,5,39559a8660bbac9175864768d174112f06185b9b0c31d3978884b6cc276d49f3
cifar10_proser_fedavg__split00__seed4__d0.1,cifar10,d0.1,4,514,514,324,0.36964980544747084,5,822f57185af29187834b02caf0f83a0503f45fa59ad0196edc04009ab890d7de
cifar10_proser_fedavg__split00__seed4__d0.5,cifar10,d0.5,0,514,514,329,0.3599221789883269,6,4ce9cd2c6053319fd28b229098568961ca6a720d9767f1d2814a866049536dbc
cifar10_proser_fedavg__split00__seed4__d0.5,cifar10,d0.5,1,514,514,324,0.36964980544747084,5,0b90200d786185e8983205c16e4c663a53ba4e3f22efc3c737aab3733e483227
cifar10_proser_fedavg__split00__seed4__d0.5,cifar10,d0.5,2,514,514,327,0.3638132295719845,5,7831acdac67f36bac73ceb86126a7d7a5ce8c6060077573eedad49a95d1269ac
cifar10_proser_fedavg__split00__seed4__d0.5,cifar10,d0.5,3,514,514,323,0.3715953307392996,5,39559a8660bbac9175864768d174112f06185b9b0c31d3978884b6cc276d49f3
cifar10_proser_fedavg__split00__seed4__d0.5,cifar10,d0.5,4,514,514,324,0.36964980544747084,5,822f57185af29187834b02caf0f83a0503f45fa59ad0196edc04009ab890d7de
cifar10_proser_fedavg__split00__seed4__d5.0,cifar10,d5,0,514,514,329,0.3599221789883269,6,4ce9cd2c6053319fd28b229098568961ca6a720d9767f1d2814a866049536dbc
cifar10_proser_fedavg__split00__seed4__d5.0,cifar10,d5,1,514,514,324,0.36964980544747084,5,0b90200d786185e8983205c16e4c663a53ba4e3f22efc3c737aab3733e483227
cifar10_proser_fedavg__split00__seed4__d5.0,cifar10,d5,2,514,514,327,0.3638132295719845,5,7831acdac67f36bac73ceb86126a7d7a5ce8c6060077573eedad49a95d1269ac
cifar10_proser_fedavg__split00__seed4__d5.0,cifar10,d5,3,514,514,323,0.3715953307392996,5,39559a8660bbac9175864768d174112f06185b9b0c31d3978884b6cc276d49f3
cifar10_proser_fedavg__split00__seed4__d5.0,cifar10,d5,4,514,514,324,0.36964980544747084,5,822f57185af29187834b02caf0f83a0503f45fa59ad0196edc04009ab890d7de
cifar10_proser_fedavg__split01__seed0__d0.1,cifar10,d0.1,0,514,514,337,0.3443579766536965,4,396352c8105193e68ece67e7806b92b44fba4bc70f1cfcd9e74e1b7947c0024f
cifar10_proser_fedavg__split01__seed0__d0.1,cifar10,d0.1,1,514,514,322,0.3735408560311284,6,a1b9a5490107587b883bdaf4096bd14442f68098d9ecdf7d9ca4463d2885b80e
cifar10_proser_fedavg__split01__seed0__d0.1,cifar10,d0.1,2,514,514,328,0.3618677042801557,5,0d6efe2283fe8ef39d558f41c2160610b99f235baf7f52cd8c17acd61e9f1604
cifar10_proser_fedavg__split01__seed0__d0.1,cifar10,d0.1,3,514,514,317,0.38326848249027234,5,fb62041354c2a5858f41e372614d272fbc7ea91d0dcd1ca7ecd4c666160af85b
cifar10_proser_fedavg__split01__seed0__d0.1,cifar10,d0.1,4,514,514,323,0.3715953307392996,5,6ad21b132e58153a7207d8c7aa569a61a2ecc44e86eae921a1819075ae325c93
cifar10_proser_fedavg__split01__seed0__d0.5,cifar10,d0.5,0,514,514,337,0.3443579766536965,4,396352c8105193e68ece67e7806b92b44fba4bc70f1cfcd9e74e1b7947c0024f
cifar10_proser_fedavg__split01__seed0__d0.5,cifar10,d0.5,1,514,514,322,0.3735408560311284,6,a1b9a5490107587b883bdaf4096bd14442f68098d9ecdf7d9ca4463d2885b80e
cifar10_proser_fedavg__split01__seed0__d0.5,cifar10,d0.5,2,514,514,328,0.3618677042801557,5,0d6efe2283fe8ef39d558f41c2160610b99f235baf7f52cd8c17acd61e9f1604
cifar10_proser_fedavg__split01__seed0__d0.5,cifar10,d0.5,3,514,514,317,0.38326848249027234,5,fb62041354c2a5858f41e372614d272fbc7ea91d0dcd1ca7ecd4c666160af85b
cifar10_proser_fedavg__split01__seed0__d0.5,cifar10,d0.5,4,514,514,323,0.3715953307392996,5,6ad21b132e58153a7207d8c7aa569a61a2ecc44e86eae921a1819075ae325c93
cifar10_proser_fedavg__split01__seed0__d5.0,cifar10,d5,0,514,514,337,0.3443579766536965,4,396352c8105193e68ece67e7806b92b44fba4bc70f1cfcd9e74e1b7947c0024f
cifar10_proser_fedavg__split01__seed0__d5.0,cifar10,d5,1,514,514,322,0.3735408560311284,6,a1b9a5490107587b883bdaf4096bd14442f68098d9ecdf7d9ca4463d2885b80e
cifar10_proser_fedavg__split01__seed0__d5.0,cifar10,d5,2,514,514,328,0.3618677042801557,5,0d6efe2283fe8ef39d558f41c2160610b99f235baf7f52cd8c17acd61e9f1604
cifar10_proser_fedavg__split01__seed0__d5.0,cifar10,d5,3,514,514,317,0.38326848249027234,5,fb62041354c2a5858f41e372614d272fbc7ea91d0dcd1ca7ecd4c666160af85b
cifar10_proser_fedavg__split01__seed0__d5.0,cifar10,d5,4,514,514,323,0.3715953307392996,5,6ad21b132e58153a7207d8c7aa569a61a2ecc44e86eae921a1819075ae325c93
cifar10_proser_fedavg__split01__seed1__d0.1,cifar10,d0.1,0,514,514,321,0.3754863813229572,5,c606200cdb9ce86bc5335867043c6d94ef3bcc02ffbc27287774d1fb0ab8abdc
cifar10_proser_fedavg__split01__seed1__d0.1,cifar10,d0.1,1,514,514,320,0.377431906614786,6,86d2f33b248e98fd314b2ac08060a91f150082c6164e6de80cb5434908660fd5
cifar10_proser_fedavg__split01__seed1__d0.1,cifar10,d0.1,2,514,514,336,0.3463035019455253,6,06bd9d2f271ca2be5401c5de91a29799e5704b16cbce89e600e19972f1b94e17
cifar10_proser_fedavg__split01__seed1__d0.1,cifar10,d0.1,3,514,514,318,0.38132295719844356,5,d1362be2157d59c5bea1e289ebe81e1a13bd57a7ffc446526d416a5909de30c8
cifar10_proser_fedavg__split01__seed1__d0.1,cifar10,d0.1,4,514,514,328,0.3618677042801557,6,555526566514642da52b8604a8d05f3559d58706f49a8a6e33c5eca44278364c
cifar10_proser_fedavg__split01__seed1__d0.5,cifar10,d0.5,0,514,514,321,0.3754863813229572,5,c606200cdb9ce86bc5335867043c6d94ef3bcc02ffbc27287774d1fb0ab8abdc
cifar10_proser_fedavg__split01__seed1__d0.5,cifar10,d0.5,1,514,514,320,0.377431906614786,6,86d2f33b248e98fd314b2ac08060a91f150082c6164e6de80cb5434908660fd5
cifar10_proser_fedavg__split01__seed1__d0.5,cifar10,d0.5,2,514,514,336,0.3463035019455253,6,06bd9d2f271ca2be5401c5de91a29799e5704b16cbce89e600e19972f1b94e17
cifar10_proser_fedavg__split01__seed1__d0.5,cifar10,d0.5,3,514,514,318,0.38132295719844356,5,d1362be2157d59c5bea1e289ebe81e1a13bd57a7ffc446526d416a5909de30c8
cifar10_proser_fedavg__split01__seed1__d0.5,cifar10,d0.5,4,514,514,328,0.3618677042801557,6,555526566514642da52b8604a8d05f3559d58706f49a8a6e33c5eca44278364c
cifar10_proser_fedavg__split01__seed1__d5.0,cifar10,d5,0,514,514,321,0.3754863813229572,5,c606200cdb9ce86bc5335867043c6d94ef3bcc02ffbc27287774d1fb0ab8abdc
cifar10_proser_fedavg__split01__seed1__d5.0,cifar10,d5,1,514,514,320,0.377431906614786,6,86d2f33b248e98fd314b2ac08060a91f150082c6164e6de80cb5434908660fd5
cifar10_proser_fedavg__split01__seed1__d5.0,cifar10,d5,2,514,514,336,0.3463035019455253,6,06bd9d2f271ca2be5401c5de91a29799e5704b16cbce89e600e19972f1b94e17
cifar10_proser_fedavg__split01__seed1__d5.0,cifar10,d5,3,514,514,318,0.38132295719844356,5,d1362be2157d59c5bea1e289ebe81e1a13bd57a7ffc446526d416a5909de30c8
cifar10_proser_fedavg__split01__seed1__d5.0,cifar10,d5,4,514,514,328,0.3618677042801557,6,555526566514642da52b8604a8d05f3559d58706f49a8a6e33c5eca44278364c
cifar10_proser_fedavg__split01__seed2__d0.1,cifar10,d0.1,0,514,514,329,0.3599221789883269,4,003a7f36b3674b72e15ae4ac5b5d6b03784f50603debd558db868fdc0a59c658
cifar10_proser_fedavg__split01__seed2__d0.1,cifar10,d0.1,1,514,514,320,0.377431906614786,5,58a0648f6be50cc6f17e225f983a452ed27e5130b2f97559be218260dc26cba2
cifar10_proser_fedavg__split01__seed2__d0.1,cifar10,d0.1,2,514,514,323,0.3715953307392996,5,3ee79cf32d1d56b94a0e382634ce9337762cb732b2c0845b20018b091f6ca9e0
cifar10_proser_fedavg__split01__seed2__d0.1,cifar10,d0.1,3,514,514,314,0.3891050583657587,6,33e8813fc15bcf61a2cdce13bc20f34e52cbaaa47cac4b72d277848ee39f6654
cifar10_proser_fedavg__split01__seed2__d0.1,cifar10,d0.1,4,514,514,313,0.3910505836575876,6,d8faff8d91628336314c719a93a4f1314c78b70e30dc6ffea8d3acf4f4672ec7
cifar10_proser_fedavg__split01__seed2__d0.5,cifar10,d0.5,0,514,514,329,0.3599221789883269,4,003a7f36b3674b72e15ae4ac5b5d6b03784f50603debd558db868fdc0a59c658
cifar10_proser_fedavg__split01__seed2__d0.5,cifar10,d0.5,1,514,514,320,0.377431906614786,5,58a0648f6be50cc6f17e225f983a452ed27e5130b2f97559be218260dc26cba2
cifar10_proser_fedavg__split01__seed2__d0.5,cifar10,d0.5,2,514,514,323,0.3715953307392996,5,3ee79cf32d1d56b94a0e382634ce9337762cb732b2c0845b20018b091f6ca9e0
cifar10_proser_fedavg__split01__seed2__d0.5,cifar10,d0.5,3,514,514,314,0.3891050583657587,6,33e8813fc15bcf61a2cdce13bc20f34e52cbaaa47cac4b72d277848ee39f6654
cifar10_proser_fedavg__split01__seed2__d0.5,cifar10,d0.5,4,514,514,313,0.3910505836575876,6,d8faff8d91628336314c719a93a4f1314c78b70e30dc6ffea8d3acf4f4672ec7
cifar10_proser_fedavg__split01__seed2__d5.0,cifar10,d5,0,514,514,329,0.3599221789883269,4,003a7f36b3674b72e15ae4ac5b5d6b03784f50603debd558db868fdc0a59c658
cifar10_proser_fedavg__split01__seed2__d5.0,cifar10,d5,1,514,514,320,0.377431906614786,5,58a0648f6be50cc6f17e225f983a452ed27e5130b2f97559be218260dc26cba2
cifar10_proser_fedavg__split01__seed2__d5.0,cifar10,d5,2,514,514,323,0.3715953307392996,5,3ee79cf32d1d56b94a0e382634ce9337762cb732b2c0845b20018b091f6ca9e0
cifar10_proser_fedavg__split01__seed2__d5.0,cifar10,d5,3,514,514,314,0.3891050583657587,6,33e8813fc15bcf61a2cdce13bc20f34e52cbaaa47cac4b72d277848ee39f6654
cifar10_proser_fedavg__split01__seed2__d5.0,cifar10,d5,4,514,514,313,0.3910505836575876,6,d8faff8d91628336314c719a93a4f1314c78b70e30dc6ffea8d3acf4f4672ec7
cifar10_proser_fedavg__split01__seed3__d0.1,cifar10,d0.1,0,514,514,323,0.3715953307392996,5,3d6a71c0e87b62d2b30839cd5a8e196ba7cbbde26265c3db99ff913da45b5eb4
cifar10_proser_fedavg__split01__seed3__d0.1,cifar10,d0.1,1,514,514,320,0.377431906614786,5,b0e169ef72e06ffeee304b4932c8bc5c93d4e20cf8198131fb52a32ea863421d
cifar10_proser_fedavg__split01__seed3__d0.1,cifar10,d0.1,2,514,514,317,0.38326848249027234,5,ba27f31dacff7a75a85798138f3b9014cf2d5cdef98f67b844ec663e10a80db6
cifar10_proser_fedavg__split01__seed3__d0.1,cifar10,d0.1,3,514,514,338,0.3424124513618677,4,54d8afabde9925e76318cb7b9c15d21b5d4251257efe8629353428bd50b11028
cifar10_proser_fedavg__split01__seed3__d0.1,cifar10,d0.1,4,514,514,321,0.3754863813229572,5,439401256f46f3b492aec07a30da1a780ca3fbee22580fa311bf66bb6bda381b
cifar10_proser_fedavg__split01__seed3__d0.5,cifar10,d0.5,0,514,514,323,0.3715953307392996,5,3d6a71c0e87b62d2b30839cd5a8e196ba7cbbde26265c3db99ff913da45b5eb4
cifar10_proser_fedavg__split01__seed3__d0.5,cifar10,d0.5,1,514,514,320,0.377431906614786,5,b0e169ef72e06ffeee304b4932c8bc5c93d4e20cf8198131fb52a32ea863421d
cifar10_proser_fedavg__split01__seed3__d0.5,cifar10,d0.5,2,514,514,317,0.38326848249027234,5,ba27f31dacff7a75a85798138f3b9014cf2d5cdef98f67b844ec663e10a80db6
cifar10_proser_fedavg__split01__seed3__d0.5,cifar10,d0.5,3,514,514,338,0.3424124513618677,4,54d8afabde9925e76318cb7b9c15d21b5d4251257efe8629353428bd50b11028
cifar10_proser_fedavg__split01__seed3__d0.5,cifar10,d0.5,4,514,514,321,0.3754863813229572,5,439401256f46f3b492aec07a30da1a780ca3fbee22580fa311bf66bb6bda381b
cifar10_proser_fedavg__split01__seed3__d5.0,cifar10,d5,0,514,514,323,0.3715953307392996,5,3d6a71c0e87b62d2b30839cd5a8e196ba7cbbde26265c3db99ff913da45b5eb4
cifar10_proser_fedavg__split01__seed3__d5.0,cifar10,d5,1,514,514,320,0.377431906614786,5,b0e169ef72e06ffeee304b4932c8bc5c93d4e20cf8198131fb52a32ea863421d
cifar10_proser_fedavg__split01__seed3__d5.0,cifar10,d5,2,514,514,317,0.38326848249027234,5,ba27f31dacff7a75a85798138f3b9014cf2d5cdef98f67b844ec663e10a80db6
cifar10_proser_fedavg__split01__seed3__d5.0,cifar10,d5,3,514,514,338,0.3424124513618677,4,54d8afabde9925e76318cb7b9c15d21b5d4251257efe8629353428bd50b11028
cifar10_proser_fedavg__split01__seed3__d5.0,cifar10,d5,4,514,514,321,0.3754863813229572,5,439401256f46f3b492aec07a30da1a780ca3fbee22580fa311bf66bb6bda381b
cifar10_proser_fedavg__split01__seed4__d0.1,cifar10,d0.1,0,514,514,318,0.38132295719844356,6,4401417855fc8e9a8a40ea7a31c3300c37a29f996f146255f5421dd0db3c5032
cifar10_proser_fedavg__split01__seed4__d0.1,cifar10,d0.1,1,514,514,322,0.3735408560311284,5,705b408738e76cf6cb902a5f67586886ee98b9363b472b182341f6fc3719b052
cifar10_proser_fedavg__split01__seed4__d0.1,cifar10,d0.1,2,514,514,326,0.36575875486381326,5,2c77a05462e2e06f0b44dbce65d47f9acfe2131cbe22a97498abcbd608098f2e
cifar10_proser_fedavg__split01__seed4__d0.1,cifar10,d0.1,3,514,514,327,0.3638132295719845,5,851130d67d2c9ad1f9b418fed94efdfd9eeaa71b55f417ed2037c88b4f458052
cifar10_proser_fedavg__split01__seed4__d0.1,cifar10,d0.1,4,514,514,309,0.39883268482490275,5,f95a806a6e1971ed7910f5d5621a841f3bfe21d6e86c16b826aa62a27587e549
cifar10_proser_fedavg__split01__seed4__d0.5,cifar10,d0.5,0,514,514,318,0.38132295719844356,6,4401417855fc8e9a8a40ea7a31c3300c37a29f996f146255f5421dd0db3c5032
cifar10_proser_fedavg__split01__seed4__d0.5,cifar10,d0.5,1,514,514,322,0.3735408560311284,5,705b408738e76cf6cb902a5f67586886ee98b9363b472b182341f6fc3719b052
cifar10_proser_fedavg__split01__seed4__d0.5,cifar10,d0.5,2,514,514,326,0.36575875486381326,5,2c77a05462e2e06f0b44dbce65d47f9acfe2131cbe22a97498abcbd608098f2e
cifar10_proser_fedavg__split01__seed4__d0.5,cifar10,d0.5,3,514,514,327,0.3638132295719845,5,851130d67d2c9ad1f9b418fed94efdfd9eeaa71b55f417ed2037c88b4f458052
cifar10_proser_fedavg__split01__seed4__d0.5,cifar10,d0.5,4,514,514,309,0.39883268482490275,5,f95a806a6e1971ed7910f5d5621a841f3bfe21d6e86c16b826aa62a27587e549
cifar10_proser_fedavg__split01__seed4__d5.0,cifar10,d5,0,514,514,318,0.38132295719844356,6,4401417855fc8e9a8a40ea7a31c3300c37a29f996f146255f5421dd0db3c5032
cifar10_proser_fedavg__split01__seed4__d5.0,cifar10,d5,1,514,514,322,0.3735408560311284,5,705b408738e76cf6cb902a5f67586886ee98b9363b472b182341f6fc3719b052
cifar10_proser_fedavg__split01__seed4__d5.0,cifar10,d5,2,514,514,326,0.36575875486381326,5,2c77a05462e2e06f0b44dbce65d47f9acfe2131cbe22a97498abcbd608098f2e
cifar10_proser_fedavg__split01__seed4__d5.0,cifar10,d5,3,514,514,327,0.3638132295719845,5,851130d67d2c9ad1f9b418fed94efdfd9eeaa71b55f417ed2037c88b4f458052
cifar10_proser_fedavg__split01__seed4__d5.0,cifar10,d5,4,514,514,309,0.39883268482490275,5,f95a806a6e1971ed7910f5d5621a841f3bfe21d6e86c16b826aa62a27587e549
cifar10_proser_fedavg__split02__seed0__d0.1,cifar10,d0.1,0,514,514,333,0.35214007782101164,6,f70e6a2f1704fa512e9caaa0fb6a9ce720f16060741520f9270d4fb2a7a37990
cifar10_proser_fedavg__split02__seed0__d0.1,cifar10,d0.1,1,514,514,324,0.36964980544747084,6,5437131dc014ad3912511f172c2895b33cf41f9b0c4bfe4cb81f9cf82e2daea1
cifar10_proser_fedavg__split02__seed0__d0.1,cifar10,d0.1,2,514,514,334,0.35019455252918286,5,ccf31aadd7f9361698142deed9a0541a11ead5d79c89b4a5b62c1ee5da57cbba
cifar10_proser_fedavg__split02__seed0__d0.1,cifar10,d0.1,3,514,514,317,0.38326848249027234,5,1e4aa9523c8e9d6201c1a97c841eb8586f5dc2661669d770bee4cf9eb4638d7a
cifar10_proser_fedavg__split02__seed0__d0.1,cifar10,d0.1,4,514,514,317,0.38326848249027234,5,2aab7f197d76da21093f23f7063c7e2a163a2b5add5f7da4cf9a0902e9659b35
cifar10_proser_fedavg__split02__seed0__d0.5,cifar10,d0.5,0,514,514,333,0.35214007782101164,6,f70e6a2f1704fa512e9caaa0fb6a9ce720f16060741520f9270d4fb2a7a37990
cifar10_proser_fedavg__split02__seed0__d0.5,cifar10,d0.5,1,514,514,324,0.36964980544747084,6,5437131dc014ad3912511f172c2895b33cf41f9b0c4bfe4cb81f9cf82e2daea1
cifar10_proser_fedavg__split02__seed0__d0.5,cifar10,d0.5,2,514,514,334,0.35019455252918286,5,ccf31aadd7f9361698142deed9a0541a11ead5d79c89b4a5b62c1ee5da57cbba
cifar10_proser_fedavg__split02__seed0__d0.5,cifar10,d0.5,3,514,514,317,0.38326848249027234,5,1e4aa9523c8e9d6201c1a97c841eb8586f5dc2661669d770bee4cf9eb4638d7a
cifar10_proser_fedavg__split02__seed0__d0.5,cifar10,d0.5,4,514,514,317,0.38326848249027234,5,2aab7f197d76da21093f23f7063c7e2a163a2b5add5f7da4cf9a0902e9659b35
cifar10_proser_fedavg__split02__seed0__d5.0,cifar10,d5,0,514,514,333,0.35214007782101164,6,f70e6a2f1704fa512e9caaa0fb6a9ce720f16060741520f9270d4fb2a7a37990
cifar10_proser_fedavg__split02__seed0__d5.0,cifar10,d5,1,514,514,324,0.36964980544747084,6,5437131dc014ad3912511f172c2895b33cf41f9b0c4bfe4cb81f9cf82e2daea1
cifar10_proser_fedavg__split02__seed0__d5.0,cifar10,d5,2,514,514,334,0.35019455252918286,5,ccf31aadd7f9361698142deed9a0541a11ead5d79c89b4a5b62c1ee5da57cbba
cifar10_proser_fedavg__split02__seed0__d5.0,cifar10,d5,3,514,514,317,0.38326848249027234,5,1e4aa9523c8e9d6201c1a97c841eb8586f5dc2661669d770bee4cf9eb4638d7a
cifar10_proser_fedavg__split02__seed0__d5.0,cifar10,d5,4,514,514,317,0.38326848249027234,5,2aab7f197d76da21093f23f7063c7e2a163a2b5add5f7da4cf9a0902e9659b35
cifar10_proser_fedavg__split02__seed1__d0.1,cifar10,d0.1,0,514,514,334,0.35019455252918286,5,dbc008982529ee95f121c5f8bac17d167d436677ce40e0a40e4f85f219561e12
cifar10_proser_fedavg__split02__seed1__d0.1,cifar10,d0.1,1,514,514,334,0.35019455252918286,5,37be3803395b1f89141b4de76cf81fe09451d7a87819b066ca9502885410da1f
cifar10_proser_fedavg__split02__seed1__d0.1,cifar10,d0.1,2,514,514,332,0.35408560311284043,6,820b8949c88435f8cb5d5232a46e53cda015a80ec3cc7e67dc507464c4aa4967
cifar10_proser_fedavg__split02__seed1__d0.1,cifar10,d0.1,3,514,514,333,0.35214007782101164,4,3da0565906df5434a224a6d066cb22911c983037390e43cfcc1958e508d9d2b2
cifar10_proser_fedavg__split02__seed1__d0.1,cifar10,d0.1,4,514,514,320,0.377431906614786,6,653284cc578804b6b90b8880e916f1e8d5176f9dd388434d5a2d8ce71cd62e92
cifar10_proser_fedavg__split02__seed1__d0.5,cifar10,d0.5,0,514,514,334,0.35019455252918286,5,dbc008982529ee95f121c5f8bac17d167d436677ce40e0a40e4f85f219561e12
cifar10_proser_fedavg__split02__seed1__d0.5,cifar10,d0.5,1,514,514,334,0.35019455252918286,5,37be3803395b1f89141b4de76cf81fe09451d7a87819b066ca9502885410da1f
cifar10_proser_fedavg__split02__seed1__d0.5,cifar10,d0.5,2,514,514,332,0.35408560311284043,6,820b8949c88435f8cb5d5232a46e53cda015a80ec3cc7e67dc507464c4aa4967
cifar10_proser_fedavg__split02__seed1__d0.5,cifar10,d0.5,3,514,514,333,0.35214007782101164,4,3da0565906df5434a224a6d066cb22911c983037390e43cfcc1958e508d9d2b2
cifar10_proser_fedavg__split02__seed1__d0.5,cifar10,d0.5,4,514,514,320,0.377431906614786,6,653284cc578804b6b90b8880e916f1e8d5176f9dd388434d5a2d8ce71cd62e92
cifar10_proser_fedavg__split02__seed1__d5.0,cifar10,d5,0,514,514,334,0.35019455252918286,5,dbc008982529ee95f121c5f8bac17d167d436677ce40e0a40e4f85f219561e12
cifar10_proser_fedavg__split02__seed1__d5.0,cifar10,d5,1,514,514,334,0.35019455252918286,5,37be3803395b1f89141b4de76cf81fe09451d7a87819b066ca9502885410da1f
cifar10_proser_fedavg__split02__seed1__d5.0,cifar10,d5,2,514,514,332,0.35408560311284043,6,820b8949c88435f8cb5d5232a46e53cda015a80ec3cc7e67dc507464c4aa4967
cifar10_proser_fedavg__split02__seed1__d5.0,cifar10,d5,3,514,514,333,0.35214007782101164,4,3da0565906df5434a224a6d066cb22911c983037390e43cfcc1958e508d9d2b2
cifar10_proser_fedavg__split02__seed1__d5.0,cifar10,d5,4,514,514,320,0.377431906614786,6,653284cc578804b6b90b8880e916f1e8d5176f9dd388434d5a2d8ce71cd62e92
cifar10_proser_fedavg__split02__seed2__d0.1,cifar10,d0.1,0,514,514,336,0.3463035019455253,6,2ddb3cdcaef61c8d8114871c481e5dfe94ded48ffa08d315bb15b4943d2ccaa1
cifar10_proser_fedavg__split02__seed2__d0.1,cifar10,d0.1,1,514,514,334,0.35019455252918286,5,d1dc500ba5a6adb4945e79bc995d3920fbe7dc9f92a02a3e8d21ffab4af6f480
cifar10_proser_fedavg__split02__seed2__d0.1,cifar10,d0.1,2,514,514,322,0.3735408560311284,6,34a1523c86fd8e8c0f5ff6f122f7151d3469ea3d433d63554aa1c2c55bfc258d
cifar10_proser_fedavg__split02__seed2__d0.1,cifar10,d0.1,3,514,514,318,0.38132295719844356,7,12a93158f3eaabc56d9a84d9768465442c113d2e2e1c629bc1c493e27535ccd9
cifar10_proser_fedavg__split02__seed2__d0.1,cifar10,d0.1,4,514,514,324,0.36964980544747084,5,786ec1cb83326cf49f7c6c31eb08aff86de7eecf16d65fa3c1f4e840f8f2b5e4
cifar10_proser_fedavg__split02__seed2__d0.5,cifar10,d0.5,0,514,514,336,0.3463035019455253,6,2ddb3cdcaef61c8d8114871c481e5dfe94ded48ffa08d315bb15b4943d2ccaa1
cifar10_proser_fedavg__split02__seed2__d0.5,cifar10,d0.5,1,514,514,334,0.35019455252918286,5,d1dc500ba5a6adb4945e79bc995d3920fbe7dc9f92a02a3e8d21ffab4af6f480
cifar10_proser_fedavg__split02__seed2__d0.5,cifar10,d0.5,2,514,514,322,0.3735408560311284,6,34a1523c86fd8e8c0f5ff6f122f7151d3469ea3d433d63554aa1c2c55bfc258d
cifar10_proser_fedavg__split02__seed2__d0.5,cifar10,d0.5,3,514,514,318,0.38132295719844356,7,12a93158f3eaabc56d9a84d9768465442c113d2e2e1c629bc1c493e27535ccd9
cifar10_proser_fedavg__split02__seed2__d0.5,cifar10,d0.5,4,514,514,324,0.36964980544747084,5,786ec1cb83326cf49f7c6c31eb08aff86de7eecf16d65fa3c1f4e840f8f2b5e4
cifar10_proser_fedavg__split02__seed2__d5.0,cifar10,d5,0,514,514,336,0.3463035019455253,6,2ddb3cdcaef61c8d8114871c481e5dfe94ded48ffa08d315bb15b4943d2ccaa1
cifar10_proser_fedavg__split02__seed2__d5.0,cifar10,d5,1,514,514,334,0.35019455252918286,5,d1dc500ba5a6adb4945e79bc995d3920fbe7dc9f92a02a3e8d21ffab4af6f480
cifar10_proser_fedavg__split02__seed2__d5.0,cifar10,d5,2,514,514,322,0.3735408560311284,6,34a1523c86fd8e8c0f5ff6f122f7151d3469ea3d433d63554aa1c2c55bfc258d
cifar10_proser_fedavg__split02__seed2__d5.0,cifar10,d5,3,514,514,318,0.38132295719844356,7,12a93158f3eaabc56d9a84d9768465442c113d2e2e1c629bc1c493e27535ccd9
cifar10_proser_fedavg__split02__seed2__d5.0,cifar10,d5,4,514,514,324,0.36964980544747084,5,786ec1cb83326cf49f7c6c31eb08aff86de7eecf16d65fa3c1f4e840f8f2b5e4
cifar10_proser_fedavg__split02__seed3__d0.1,cifar10,d0.1,0,514,514,319,0.37937743190661477,5,d71e6e0c9a9d10766b314d1e7279c37566a50aad2a6a0310fc4a875afda49973
cifar10_proser_fedavg__split02__seed3__d0.1,cifar10,d0.1,1,514,514,336,0.3463035019455253,6,aacf2115b2abec53f02bf2c27c7c05978bb1cbbd76a3953b8f993c994172c676
cifar10_proser_fedavg__split02__seed3__d0.1,cifar10,d0.1,2,514,514,316,0.38521400778210113,5,815c7aac5ad8244aa9dbd1e698b2f4509ac822bf12d5770970cf8231b7f3b876
cifar10_proser_fedavg__split02__seed3__d0.1,cifar10,d0.1,3,514,514,330,0.357976653696498,5,bfa008cd66163eddca9146ffcdd86803576df5032a4498cd9acc460e4ae76aef
cifar10_proser_fedavg__split02__seed3__d0.1,cifar10,d0.1,4,514,514,321,0.3754863813229572,5,df2aa5e7b18defd8a714a3d3485fbf968fe5fbb3cb17df2b25be27b17722f634
cifar10_proser_fedavg__split02__seed3__d0.5,cifar10,d0.5,0,514,514,319,0.37937743190661477,5,d71e6e0c9a9d10766b314d1e7279c37566a50aad2a6a0310fc4a875afda49973
cifar10_proser_fedavg__split02__seed3__d0.5,cifar10,d0.5,1,514,514,336,0.3463035019455253,6,aacf2115b2abec53f02bf2c27c7c05978bb1cbbd76a3953b8f993c994172c676
cifar10_proser_fedavg__split02__seed3__d0.5,cifar10,d0.5,2,514,514,316,0.38521400778210113,5,815c7aac5ad8244aa9dbd1e698b2f4509ac822bf12d5770970cf8231b7f3b876
cifar10_proser_fedavg__split02__seed3__d0.5,cifar10,d0.5,3,514,514,330,0.357976653696498,5,bfa008cd66163eddca9146ffcdd86803576df5032a4498cd9acc460e4ae76aef
cifar10_proser_fedavg__split02__seed3__d0.5,cifar10,d0.5,4,514,514,321,0.3754863813229572,5,df2aa5e7b18defd8a714a3d3485fbf968fe5fbb3cb17df2b25be27b17722f634
cifar10_proser_fedavg__split02__seed3__d5.0,cifar10,d5,0,514,514,319,0.37937743190661477,5,d71e6e0c9a9d10766b314d1e7279c37566a50aad2a6a0310fc4a875afda49973
cifar10_proser_fedavg__split02__seed3__d5.0,cifar10,d5,1,514,514,336,0.3463035019455253,6,aacf2115b2abec53f02bf2c27c7c05978bb1cbbd76a3953b8f993c994172c676
cifar10_proser_fedavg__split02__seed3__d5.0,cifar10,d5,2,514,514,316,0.38521400778210113,5,815c7aac5ad8244aa9dbd1e698b2f4509ac822bf12d5770970cf8231b7f3b876
cifar10_proser_fedavg__split02__seed3__d5.0,cifar10,d5,3,514,514,330,0.357976653696498,5,bfa008cd66163eddca9146ffcdd86803576df5032a4498cd9acc460e4ae76aef
cifar10_proser_fedavg__split02__seed3__d5.0,cifar10,d5,4,514,514,321,0.3754863813229572,5,df2aa5e7b18defd8a714a3d3485fbf968fe5fbb3cb17df2b25be27b17722f634
cifar10_proser_fedavg__split02__seed4__d0.1,cifar10,d0.1,0,514,514,330,0.357976653696498,6,82f089947bff44a2b4265bc4e1d6e932ae3a360619ddd4f10b7451b36116949f
cifar10_proser_fedavg__split02__seed4__d0.1,cifar10,d0.1,1,514,514,323,0.3715953307392996,5,d4c3227a09463e86a30405a4968c75608dbb841ed55aa4b05887a99c8f598c46
cifar10_proser_fedavg__split02__seed4__d0.1,cifar10,d0.1,2,514,514,318,0.38132295719844356,5,7d440fe837d0d312461e2fb30b450c748969bf41bf27b40368b5b0890be34b5c
cifar10_proser_fedavg__split02__seed4__d0.1,cifar10,d0.1,3,514,514,324,0.36964980544747084,5,4ef05abe0fb1ae7038390f7d1360c85da6849b43543cca56bbbdca95fec5c27b
cifar10_proser_fedavg__split02__seed4__d0.1,cifar10,d0.1,4,514,514,324,0.36964980544747084,5,d17a9bbef37d33884e6879d022af08d318e3a94616d6d980e1c6039f4416dd23
cifar10_proser_fedavg__split02__seed4__d0.5,cifar10,d0.5,0,514,514,330,0.357976653696498,6,82f089947bff44a2b4265bc4e1d6e932ae3a360619ddd4f10b7451b36116949f
cifar10_proser_fedavg__split02__seed4__d0.5,cifar10,d0.5,1,514,514,323,0.3715953307392996,5,d4c3227a09463e86a30405a4968c75608dbb841ed55aa4b05887a99c8f598c46
cifar10_proser_fedavg__split02__seed4__d0.5,cifar10,d0.5,2,514,514,318,0.38132295719844356,5,7d440fe837d0d312461e2fb30b450c748969bf41bf27b40368b5b0890be34b5c
cifar10_proser_fedavg__split02__seed4__d0.5,cifar10,d0.5,3,514,514,324,0.36964980544747084,5,4ef05abe0fb1ae7038390f7d1360c85da6849b43543cca56bbbdca95fec5c27b
cifar10_proser_fedavg__split02__seed4__d0.5,cifar10,d0.5,4,514,514,324,0.36964980544747084,5,d17a9bbef37d33884e6879d022af08d318e3a94616d6d980e1c6039f4416dd23
cifar10_proser_fedavg__split02__seed4__d5.0,cifar10,d5,0,514,514,330,0.357976653696498,6,82f089947bff44a2b4265bc4e1d6e932ae3a360619ddd4f10b7451b36116949f
cifar10_proser_fedavg__split02__seed4__d5.0,cifar10,d5,1,514,514,323,0.3715953307392996,5,d4c3227a09463e86a30405a4968c75608dbb841ed55aa4b05887a99c8f598c46
cifar10_proser_fedavg__split02__seed4__d5.0,cifar10,d5,2,514,514,318,0.38132295719844356,5,7d440fe837d0d312461e2fb30b450c748969bf41bf27b40368b5b0890be34b5c
cifar10_proser_fedavg__split02__seed4__d5.0,cifar10,d5,3,514,514,324,0.36964980544747084,5,4ef05abe0fb1ae7038390f7d1360c85da6849b43543cca56bbbdca95fec5c27b
cifar10_proser_fedavg__split02__seed4__d5.0,cifar10,d5,4,514,514,324,0.36964980544747084,5,d17a9bbef37d33884e6879d022af08d318e3a94616d6d980e1c6039f4416dd23
cifar10_proser_fedavg__split03__seed0__d0.1,cifar10,d0.1,0,514,514,335,0.34824902723735407,5,32be07ef47a2cb7ecea80c25f520253737c0e1d9092681af50b5d90eadcf0f3d
cifar10_proser_fedavg__split03__seed0__d0.1,cifar10,d0.1,1,514,514,326,0.36575875486381326,6,42b9ac027d62d8d24432127a085aefd7b164b81467b564695be6458f68110f4b
cifar10_proser_fedavg__split03__seed0__d0.1,cifar10,d0.1,2,514,514,324,0.36964980544747084,5,80ac57538690d78f16fe81ecf19bed4af215fea5f838839f84795850bbac230e
cifar10_proser_fedavg__split03__seed0__d0.1,cifar10,d0.1,3,514,514,330,0.357976653696498,5,da2b168ce2e372f1074010bf232023bcca6e44650a46d3cc4adc6f8d54693e2d
cifar10_proser_fedavg__split03__seed0__d0.1,cifar10,d0.1,4,514,514,330,0.357976653696498,6,498e5be95d5dba76755f338b3e866dba39298266a5c5ab88f24d993df983f960
cifar10_proser_fedavg__split03__seed0__d0.5,cifar10,d0.5,0,514,514,335,0.34824902723735407,5,32be07ef47a2cb7ecea80c25f520253737c0e1d9092681af50b5d90eadcf0f3d
cifar10_proser_fedavg__split03__seed0__d0.5,cifar10,d0.5,1,514,514,326,0.36575875486381326,6,42b9ac027d62d8d24432127a085aefd7b164b81467b564695be6458f68110f4b
cifar10_proser_fedavg__split03__seed0__d0.5,cifar10,d0.5,2,514,514,324,0.36964980544747084,5,80ac57538690d78f16fe81ecf19bed4af215fea5f838839f84795850bbac230e
cifar10_proser_fedavg__split03__seed0__d0.5,cifar10,d0.5,3,514,514,330,0.357976653696498,5,da2b168ce2e372f1074010bf232023bcca6e44650a46d3cc4adc6f8d54693e2d
cifar10_proser_fedavg__split03__seed0__d0.5,cifar10,d0.5,4,514,514,330,0.357976653696498,6,498e5be95d5dba76755f338b3e866dba39298266a5c5ab88f24d993df983f960
cifar10_proser_fedavg__split03__seed0__d5.0,cifar10,d5,0,514,514,335,0.34824902723735407,5,32be07ef47a2cb7ecea80c25f520253737c0e1d9092681af50b5d90eadcf0f3d
cifar10_proser_fedavg__split03__seed0__d5.0,cifar10,d5,1,514,514,326,0.36575875486381326,6,42b9ac027d62d8d24432127a085aefd7b164b81467b564695be6458f68110f4b
cifar10_proser_fedavg__split03__seed0__d5.0,cifar10,d5,2,514,514,324,0.36964980544747084,5,80ac57538690d78f16fe81ecf19bed4af215fea5f838839f84795850bbac230e
cifar10_proser_fedavg__split03__seed0__d5.0,cifar10,d5,3,514,514,330,0.357976653696498,5,da2b168ce2e372f1074010bf232023bcca6e44650a46d3cc4adc6f8d54693e2d
cifar10_proser_fedavg__split03__seed0__d5.0,cifar10,d5,4,514,514,330,0.357976653696498,6,498e5be95d5dba76755f338b3e866dba39298266a5c5ab88f24d993df983f960
cifar10_proser_fedavg__split03__seed1__d0.1,cifar10,d0.1,0,514,514,313,0.3910505836575876,6,d9d31cde179033257eb324f9d70429d04b3c66a89ad3cde5421abf8533994c6d
cifar10_proser_fedavg__split03__seed1__d0.1,cifar10,d0.1,1,514,514,319,0.37937743190661477,6,9202b88f653a2a000780ffe67a73528104a005a1e465dfd575fbb96007f74079
cifar10_proser_fedavg__split03__seed1__d0.1,cifar10,d0.1,2,514,514,325,0.36770428015564205,4,e7572839fb8a35defc2263238bf1470f92929bbc4cc28d6313433a258d77e7de
cifar10_proser_fedavg__split03__seed1__d0.1,cifar10,d0.1,3,514,514,322,0.3735408560311284,5,86f4f7d0ddd36373501ca4b23b304aad7db41d16500eaf13d43de149071a88f2
cifar10_proser_fedavg__split03__seed1__d0.1,cifar10,d0.1,4,514,514,334,0.35019455252918286,6,881efa35de6afabae3d3c5f7d81cdfe0dcab0a6cb22b5cc0d36d150f28807984
cifar10_proser_fedavg__split03__seed1__d0.5,cifar10,d0.5,0,514,514,313,0.3910505836575876,6,d9d31cde179033257eb324f9d70429d04b3c66a89ad3cde5421abf8533994c6d
cifar10_proser_fedavg__split03__seed1__d0.5,cifar10,d0.5,1,514,514,319,0.37937743190661477,6,9202b88f653a2a000780ffe67a73528104a005a1e465dfd575fbb96007f74079
cifar10_proser_fedavg__split03__seed1__d0.5,cifar10,d0.5,2,514,514,325,0.36770428015564205,4,e7572839fb8a35defc2263238bf1470f92929bbc4cc28d6313433a258d77e7de
cifar10_proser_fedavg__split03__seed1__d0.5,cifar10,d0.5,3,514,514,322,0.3735408560311284,5,86f4f7d0ddd36373501ca4b23b304aad7db41d16500eaf13d43de149071a88f2
cifar10_proser_fedavg__split03__seed1__d0.5,cifar10,d0.5,4,514,514,334,0.35019455252918286,6,881efa35de6afabae3d3c5f7d81cdfe0dcab0a6cb22b5cc0d36d150f28807984
cifar10_proser_fedavg__split03__seed1__d5.0,cifar10,d5,0,514,514,313,0.3910505836575876,6,d9d31cde179033257eb324f9d70429d04b3c66a89ad3cde5421abf8533994c6d
cifar10_proser_fedavg__split03__seed1__d5.0,cifar10,d5,1,514,514,319,0.37937743190661477,6,9202b88f653a2a000780ffe67a73528104a005a1e465dfd575fbb96007f74079
cifar10_proser_fedavg__split03__seed1__d5.0,cifar10,d5,2,514,514,325,0.36770428015564205,4,e7572839fb8a35defc2263238bf1470f92929bbc4cc28d6313433a258d77e7de
cifar10_proser_fedavg__split03__seed1__d5.0,cifar10,d5,3,514,514,322,0.3735408560311284,5,86f4f7d0ddd36373501ca4b23b304aad7db41d16500eaf13d43de149071a88f2
cifar10_proser_fedavg__split03__seed1__d5.0,cifar10,d5,4,514,514,334,0.35019455252918286,6,881efa35de6afabae3d3c5f7d81cdfe0dcab0a6cb22b5cc0d36d150f28807984
cifar10_proser_fedavg__split03__seed2__d0.1,cifar10,d0.1,0,514,514,321,0.3754863813229572,6,78454f440f216be3de27fab514066003d565f21a2c36bf2280632624b6e181fb
cifar10_proser_fedavg__split03__seed2__d0.1,cifar10,d0.1,1,514,514,329,0.3599221789883269,5,63063670bd609d3519971d32a0a8e19d049e2653c9ca61e31aa2c73cff463d96
cifar10_proser_fedavg__split03__seed2__d0.1,cifar10,d0.1,2,514,514,333,0.35214007782101164,5,7856c6d9b834e417f08900336a33dab0cf1cb8759e80e27f348978426b0794c4
cifar10_proser_fedavg__split03__seed2__d0.1,cifar10,d0.1,3,514,514,322,0.3735408560311284,4,da946c562d1a8a74aba014fa38a6a533e4769f90a74bcfcf228eccb3eed612de
cifar10_proser_fedavg__split03__seed2__d0.1,cifar10,d0.1,4,514,514,321,0.3754863813229572,5,11f0e92e23c747dcca7deb7a8d43e1e183a7f431babb56d584b94f347e2d1d87
cifar10_proser_fedavg__split03__seed2__d0.5,cifar10,d0.5,0,514,514,321,0.3754863813229572,6,78454f440f216be3de27fab514066003d565f21a2c36bf2280632624b6e181fb
cifar10_proser_fedavg__split03__seed2__d0.5,cifar10,d0.5,1,514,514,329,0.3599221789883269,5,63063670bd609d3519971d32a0a8e19d049e2653c9ca61e31aa2c73cff463d96
cifar10_proser_fedavg__split03__seed2__d0.5,cifar10,d0.5,2,514,514,333,0.35214007782101164,5,7856c6d9b834e417f08900336a33dab0cf1cb8759e80e27f348978426b0794c4
cifar10_proser_fedavg__split03__seed2__d0.5,cifar10,d0.5,3,514,514,322,0.3735408560311284,4,da946c562d1a8a74aba014fa38a6a533e4769f90a74bcfcf228eccb3eed612de
cifar10_proser_fedavg__split03__seed2__d0.5,cifar10,d0.5,4,514,514,321,0.3754863813229572,5,11f0e92e23c747dcca7deb7a8d43e1e183a7f431babb56d584b94f347e2d1d87
cifar10_proser_fedavg__split03__seed2__d5.0,cifar10,d5,0,514,514,321,0.3754863813229572,6,78454f440f216be3de27fab514066003d565f21a2c36bf2280632624b6e181fb
cifar10_proser_fedavg__split03__seed2__d5.0,cifar10,d5,1,514,514,329,0.3599221789883269,5,63063670bd609d3519971d32a0a8e19d049e2653c9ca61e31aa2c73cff463d96
cifar10_proser_fedavg__split03__seed2__d5.0,cifar10,d5,2,514,514,333,0.35214007782101164,5,7856c6d9b834e417f08900336a33dab0cf1cb8759e80e27f348978426b0794c4
cifar10_proser_fedavg__split03__seed2__d5.0,cifar10,d5,3,514,514,322,0.3735408560311284,4,da946c562d1a8a74aba014fa38a6a533e4769f90a74bcfcf228eccb3eed612de
cifar10_proser_fedavg__split03__seed2__d5.0,cifar10,d5,4,514,514,321,0.3754863813229572,5,11f0e92e23c747dcca7deb7a8d43e1e183a7f431babb56d584b94f347e2d1d87
cifar10_proser_fedavg__split03__seed3__d0.1,cifar10,d0.1,0,514,514,326,0.36575875486381326,5,e2b98ea8c30aad2026a6300b90b7d2946863c27e13d419b236d4b07356524051
cifar10_proser_fedavg__split03__seed3__d0.1,cifar10,d0.1,1,514,514,325,0.36770428015564205,5,a0d1e8bd589a4954233607ba8ec99eb5f1349506571156d902b665ebac482be5
cifar10_proser_fedavg__split03__seed3__d0.1,cifar10,d0.1,2,514,514,313,0.3910505836575876,6,34274224c4550c55ecaf0ea0fae62ab2de822abb3b019014cb01ce3f76aae5dd
cifar10_proser_fedavg__split03__seed3__d0.1,cifar10,d0.1,3,514,514,330,0.357976653696498,5,029367573d419f21c8e548ea51ea8b02f6252847e8c9cf8fa8df3ae62c4f802b
cifar10_proser_fedavg__split03__seed3__d0.1,cifar10,d0.1,4,514,514,317,0.38326848249027234,5,66df07a649f646f437dd774668160f0296b327f2930450692282eedcf504e7a2
cifar10_proser_fedavg__split03__seed3__d0.5,cifar10,d0.5,0,514,514,326,0.36575875486381326,5,e2b98ea8c30aad2026a6300b90b7d2946863c27e13d419b236d4b07356524051
cifar10_proser_fedavg__split03__seed3__d0.5,cifar10,d0.5,1,514,514,325,0.36770428015564205,5,a0d1e8bd589a4954233607ba8ec99eb5f1349506571156d902b665ebac482be5
cifar10_proser_fedavg__split03__seed3__d0.5,cifar10,d0.5,2,514,514,313,0.3910505836575876,6,34274224c4550c55ecaf0ea0fae62ab2de822abb3b019014cb01ce3f76aae5dd
cifar10_proser_fedavg__split03__seed3__d0.5,cifar10,d0.5,3,514,514,330,0.357976653696498,5,029367573d419f21c8e548ea51ea8b02f6252847e8c9cf8fa8df3ae62c4f802b
cifar10_proser_fedavg__split03__seed3__d0.5,cifar10,d0.5,4,514,514,317,0.38326848249027234,5,66df07a649f646f437dd774668160f0296b327f2930450692282eedcf504e7a2
cifar10_proser_fedavg__split03__seed3__d5.0,cifar10,d5,0,514,514,326,0.36575875486381326,5,e2b98ea8c30aad2026a6300b90b7d2946863c27e13d419b236d4b07356524051
cifar10_proser_fedavg__split03__seed3__d5.0,cifar10,d5,1,514,514,325,0.36770428015564205,5,a0d1e8bd589a4954233607ba8ec99eb5f1349506571156d902b665ebac482be5
cifar10_proser_fedavg__split03__seed3__d5.0,cifar10,d5,2,514,514,313,0.3910505836575876,6,34274224c4550c55ecaf0ea0fae62ab2de822abb3b019014cb01ce3f76aae5dd
cifar10_proser_fedavg__split03__seed3__d5.0,cifar10,d5,3,514,514,330,0.357976653696498,5,029367573d419f21c8e548ea51ea8b02f6252847e8c9cf8fa8df3ae62c4f802b
cifar10_proser_fedavg__split03__seed3__d5.0,cifar10,d5,4,514,514,317,0.38326848249027234,5,66df07a649f646f437dd774668160f0296b327f2930450692282eedcf504e7a2
cifar10_proser_fedavg__split03__seed4__d0.1,cifar10,d0.1,0,514,514,326,0.36575875486381326,4,7346e44a0b582735342b8282fd964a88c88d4e283b299eb67954d64d37b1fb15
cifar10_proser_fedavg__split03__seed4__d0.1,cifar10,d0.1,1,514,514,322,0.3735408560311284,5,47b3183e1296afe6c69e1b3e436cb0b52925f1c2560db337ff5b6b6841c7dcfc
cifar10_proser_fedavg__split03__seed4__d0.1,cifar10,d0.1,2,514,514,330,0.357976653696498,5,03836b8495814b3ca72a756b9bc422ed3dc8f14fcdae2e2f43d30797c014f3f0
cifar10_proser_fedavg__split03__seed4__d0.1,cifar10,d0.1,3,514,514,324,0.36964980544747084,4,0568f06097ae538bd2ff22f770cd7f650719f728bd7c75538b1e6eb768137ee6
cifar10_proser_fedavg__split03__seed4__d0.1,cifar10,d0.1,4,514,514,329,0.3599221789883269,5,634e12abce032f6003aac4655a5137ba59f3955afd0b169e89a4b08eb888000c
cifar10_proser_fedavg__split03__seed4__d0.5,cifar10,d0.5,0,514,514,326,0.36575875486381326,4,7346e44a0b582735342b8282fd964a88c88d4e283b299eb67954d64d37b1fb15
cifar10_proser_fedavg__split03__seed4__d0.5,cifar10,d0.5,1,514,514,322,0.3735408560311284,5,47b3183e1296afe6c69e1b3e436cb0b52925f1c2560db337ff5b6b6841c7dcfc
cifar10_proser_fedavg__split03__seed4__d0.5,cifar10,d0.5,2,514,514,330,0.357976653696498,5,03836b8495814b3ca72a756b9bc422ed3dc8f14fcdae2e2f43d30797c014f3f0
cifar10_proser_fedavg__split03__seed4__d0.5,cifar10,d0.5,3,514,514,324,0.36964980544747084,4,0568f06097ae538bd2ff22f770cd7f650719f728bd7c75538b1e6eb768137ee6
cifar10_proser_fedavg__split03__seed4__d0.5,cifar10,d0.5,4,514,514,329,0.3599221789883269,5,634e12abce032f6003aac4655a5137ba59f3955afd0b169e89a4b08eb888000c
cifar10_proser_fedavg__split03__seed4__d5.0,cifar10,d5,0,514,514,326,0.36575875486381326,4,7346e44a0b582735342b8282fd964a88c88d4e283b299eb67954d64d37b1fb15
cifar10_proser_fedavg__split03__seed4__d5.0,cifar10,d5,1,514,514,322,0.3735408560311284,5,47b3183e1296afe6c69e1b3e436cb0b52925f1c2560db337ff5b6b6841c7dcfc
cifar10_proser_fedavg__split03__seed4__d5.0,cifar10,d5,2,514,514,330,0.357976653696498,5,03836b8495814b3ca72a756b9bc422ed3dc8f14fcdae2e2f43d30797c014f3f0
cifar10_proser_fedavg__split03__seed4__d5.0,cifar10,d5,3,514,514,324,0.36964980544747084,4,0568f06097ae538bd2ff22f770cd7f650719f728bd7c75538b1e6eb768137ee6
cifar10_proser_fedavg__split03__seed4__d5.0,cifar10,d5,4,514,514,329,0.3599221789883269,5,634e12abce032f6003aac4655a5137ba59f3955afd0b169e89a4b08eb888000c
cifar10_proser_fedavg__split04__seed0__d0.1,cifar10,d0.1,0,514,514,324,0.36964980544747084,5,5e82e8b510d74eca0ecdf74b04ce1727ffca775cb9594e0efb9fbd2489879201
cifar10_proser_fedavg__split04__seed0__d0.1,cifar10,d0.1,1,514,514,325,0.36770428015564205,5,bb2586ae35fa1c645e3870eed865cd0f4c6d838f51920ce8ba2e878c06bd918c
cifar10_proser_fedavg__split04__seed0__d0.1,cifar10,d0.1,2,514,514,332,0.35408560311284043,5,138f4b577733138f96df2f9de8e3582bdec368ecf53f571ddbecb0575352ec08
cifar10_proser_fedavg__split04__seed0__d0.1,cifar10,d0.1,3,514,514,327,0.3638132295719845,4,1a5aa59393346f490b0dabb4e051dce8f314c5fed3a95a0690d3d4c87b5fc89a
cifar10_proser_fedavg__split04__seed0__d0.1,cifar10,d0.1,4,514,514,314,0.3891050583657587,6,f177c41609b2374433ffb4046aababe018f7a58b28d268d89fbe7b561cb0408a
cifar10_proser_fedavg__split04__seed0__d0.5,cifar10,d0.5,0,514,514,324,0.36964980544747084,5,5e82e8b510d74eca0ecdf74b04ce1727ffca775cb9594e0efb9fbd2489879201
cifar10_proser_fedavg__split04__seed0__d0.5,cifar10,d0.5,1,514,514,325,0.36770428015564205,5,bb2586ae35fa1c645e3870eed865cd0f4c6d838f51920ce8ba2e878c06bd918c
cifar10_proser_fedavg__split04__seed0__d0.5,cifar10,d0.5,2,514,514,332,0.35408560311284043,5,138f4b577733138f96df2f9de8e3582bdec368ecf53f571ddbecb0575352ec08
cifar10_proser_fedavg__split04__seed0__d0.5,cifar10,d0.5,3,514,514,327,0.3638132295719845,4,1a5aa59393346f490b0dabb4e051dce8f314c5fed3a95a0690d3d4c87b5fc89a
cifar10_proser_fedavg__split04__seed0__d0.5,cifar10,d0.5,4,514,514,314,0.3891050583657587,6,f177c41609b2374433ffb4046aababe018f7a58b28d268d89fbe7b561cb0408a
cifar10_proser_fedavg__split04__seed0__d5.0,cifar10,d5,0,514,514,324,0.36964980544747084,5,5e82e8b510d74eca0ecdf74b04ce1727ffca775cb9594e0efb9fbd2489879201
cifar10_proser_fedavg__split04__seed0__d5.0,cifar10,d5,1,514,514,325,0.36770428015564205,5,bb2586ae35fa1c645e3870eed865cd0f4c6d838f51920ce8ba2e878c06bd918c
cifar10_proser_fedavg__split04__seed0__d5.0,cifar10,d5,2,514,514,332,0.35408560311284043,5,138f4b577733138f96df2f9de8e3582bdec368ecf53f571ddbecb0575352ec08
cifar10_proser_fedavg__split04__seed0__d5.0,cifar10,d5,3,514,514,327,0.3638132295719845,4,1a5aa59393346f490b0dabb4e051dce8f314c5fed3a95a0690d3d4c87b5fc89a
cifar10_proser_fedavg__split04__seed0__d5.0,cifar10,d5,4,514,514,314,0.3891050583657587,6,f177c41609b2374433ffb4046aababe018f7a58b28d268d89fbe7b561cb0408a
cifar10_proser_fedavg__split04__seed1__d0.1,cifar10,d0.1,0,514,514,323,0.3715953307392996,6,a79d3edd7b08c6bd697ee4d6293c6b2c8365418b7ef4a03b58dfae96389f3830
cifar10_proser_fedavg__split04__seed1__d0.1,cifar10,d0.1,1,514,514,337,0.3443579766536965,5,dead8f13cd701672e725083a30b6e9648c5cbf60812ecb79c43cffd5439676f4
cifar10_proser_fedavg__split04__seed1__d0.1,cifar10,d0.1,2,514,514,329,0.3599221789883269,6,d160acfaf029a8d7b3760ad15fd427a3dea5295a1a535d5d2305487785b0abbe
cifar10_proser_fedavg__split04__seed1__d0.1,cifar10,d0.1,3,514,514,331,0.3560311284046692,5,e646b15870e299bd2892d37a32829e06ee10e0f6d2f6063d850ffb212332066b
cifar10_proser_fedavg__split04__seed1__d0.1,cifar10,d0.1,4,514,514,323,0.3715953307392996,5,82788be4875fbf18a230cfffe76c730f8941dfc135463564ed68b7e52a6ae587
cifar10_proser_fedavg__split04__seed1__d0.5,cifar10,d0.5,0,514,514,323,0.3715953307392996,6,a79d3edd7b08c6bd697ee4d6293c6b2c8365418b7ef4a03b58dfae96389f3830
cifar10_proser_fedavg__split04__seed1__d0.5,cifar10,d0.5,1,514,514,337,0.3443579766536965,5,dead8f13cd701672e725083a30b6e9648c5cbf60812ecb79c43cffd5439676f4
cifar10_proser_fedavg__split04__seed1__d0.5,cifar10,d0.5,2,514,514,329,0.3599221789883269,6,d160acfaf029a8d7b3760ad15fd427a3dea5295a1a535d5d2305487785b0abbe
cifar10_proser_fedavg__split04__seed1__d0.5,cifar10,d0.5,3,514,514,331,0.3560311284046692,5,e646b15870e299bd2892d37a32829e06ee10e0f6d2f6063d850ffb212332066b
cifar10_proser_fedavg__split04__seed1__d0.5,cifar10,d0.5,4,514,514,323,0.3715953307392996,5,82788be4875fbf18a230cfffe76c730f8941dfc135463564ed68b7e52a6ae587
cifar10_proser_fedavg__split04__seed1__d5.0,cifar10,d5,0,514,514,323,0.3715953307392996,6,a79d3edd7b08c6bd697ee4d6293c6b2c8365418b7ef4a03b58dfae96389f3830
cifar10_proser_fedavg__split04__seed1__d5.0,cifar10,d5,1,514,514,337,0.3443579766536965,5,dead8f13cd701672e725083a30b6e9648c5cbf60812ecb79c43cffd5439676f4
cifar10_proser_fedavg__split04__seed1__d5.0,cifar10,d5,2,514,514,329,0.3599221789883269,6,d160acfaf029a8d7b3760ad15fd427a3dea5295a1a535d5d2305487785b0abbe
cifar10_proser_fedavg__split04__seed1__d5.0,cifar10,d5,3,514,514,331,0.3560311284046692,5,e646b15870e299bd2892d37a32829e06ee10e0f6d2f6063d850ffb212332066b
cifar10_proser_fedavg__split04__seed1__d5.0,cifar10,d5,4,514,514,323,0.3715953307392996,5,82788be4875fbf18a230cfffe76c730f8941dfc135463564ed68b7e52a6ae587
cifar10_proser_fedavg__split04__seed2__d0.1,cifar10,d0.1,0,514,514,326,0.36575875486381326,5,9b83a1d52b4765750b1d29e002d84a749f564828d9a3b9cb2d8fc09d6646be84
cifar10_proser_fedavg__split04__seed2__d0.1,cifar10,d0.1,1,514,514,318,0.38132295719844356,5,c32e23a488e5d542c35361bc8e1d601d0ca19da4b1a5ce8877c0d87d4d15221e
cifar10_proser_fedavg__split04__seed2__d0.1,cifar10,d0.1,2,514,514,339,0.3404669260700389,10,0aa073a598dd1c4d07ed3e204a33acfe45d2ca700b542cd45112a96e7e178243
cifar10_proser_fedavg__split04__seed2__d0.1,cifar10,d0.1,3,514,514,319,0.37937743190661477,5,741daf551a379a3d7f00f01e9e75cde49f5db8805b58f6db0480e7fa16d1ddc6
cifar10_proser_fedavg__split04__seed2__d0.1,cifar10,d0.1,4,514,514,326,0.36575875486381326,4,799b42aaaa8a06936ef7ef526fdf273912c22b2ebdf4ed35a4ed48d1c5d8cc7a
cifar10_proser_fedavg__split04__seed2__d0.5,cifar10,d0.5,0,514,514,326,0.36575875486381326,5,9b83a1d52b4765750b1d29e002d84a749f564828d9a3b9cb2d8fc09d6646be84
cifar10_proser_fedavg__split04__seed2__d0.5,cifar10,d0.5,1,514,514,318,0.38132295719844356,5,c32e23a488e5d542c35361bc8e1d601d0ca19da4b1a5ce8877c0d87d4d15221e
cifar10_proser_fedavg__split04__seed2__d0.5,cifar10,d0.5,2,514,514,339,0.3404669260700389,10,0aa073a598dd1c4d07ed3e204a33acfe45d2ca700b542cd45112a96e7e178243
cifar10_proser_fedavg__split04__seed2__d0.5,cifar10,d0.5,3,514,514,319,0.37937743190661477,5,741daf551a379a3d7f00f01e9e75cde49f5db8805b58f6db0480e7fa16d1ddc6
cifar10_proser_fedavg__split04__seed2__d0.5,cifar10,d0.5,4,514,514,326,0.36575875486381326,4,799b42aaaa8a06936ef7ef526fdf273912c22b2ebdf4ed35a4ed48d1c5d8cc7a
cifar10_proser_fedavg__split04__seed2__d5.0,cifar10,d5,0,514,514,326,0.36575875486381326,5,9b83a1d52b4765750b1d29e002d84a749f564828d9a3b9cb2d8fc09d6646be84
cifar10_proser_fedavg__split04__seed2__d5.0,cifar10,d5,1,514,514,318,0.38132295719844356,5,c32e23a488e5d542c35361bc8e1d601d0ca19da4b1a5ce8877c0d87d4d15221e
cifar10_proser_fedavg__split04__seed2__d5.0,cifar10,d5,2,514,514,339,0.3404669260700389,10,0aa073a598dd1c4d07ed3e204a33acfe45d2ca700b542cd45112a96e7e178243
cifar10_proser_fedavg__split04__seed2__d5.0,cifar10,d5,3,514,514,319,0.37937743190661477,5,741daf551a379a3d7f00f01e9e75cde49f5db8805b58f6db0480e7fa16d1ddc6
cifar10_proser_fedavg__split04__seed2__d5.0,cifar10,d5,4,514,514,326,0.36575875486381326,4,799b42aaaa8a06936ef7ef526fdf273912c22b2ebdf4ed35a4ed48d1c5d8cc7a
cifar10_proser_fedavg__split04__seed3__d0.1,cifar10,d0.1,0,514,514,339,0.3404669260700389,4,16733dfc725509e20546f18b6dc4634ffe627fcea3b7156f7b2092c6f95e124e
cifar10_proser_fedavg__split04__seed3__d0.1,cifar10,d0.1,1,514,514,342,0.33463035019455256,6,15f99e5eb4a0fb552f487f5dd6c6b980775bf94edf42fe0e77afefeb41f3a9a7
cifar10_proser_fedavg__split04__seed3__d0.1,cifar10,d0.1,2,514,514,332,0.35408560311284043,5,e08f78422a1805b813820032886418a8342f9831d716b0ba7e5201e5612d035a
cifar10_proser_fedavg__split04__seed3__d0.1,cifar10,d0.1,3,514,514,330,0.357976653696498,4,758af89d627cbf2642978d5579418f65f01e2d2f207da77bb196038ac2c5cef1
cifar10_proser_fedavg__split04__seed3__d0.1,cifar10,d0.1,4,514,514,327,0.3638132295719845,7,cf047ad40b3ba44ff0c45e7b2d4446fb86042a972c51106a7b5a8ff78a9d0e49
cifar10_proser_fedavg__split04__seed3__d0.5,cifar10,d0.5,0,514,514,339,0.3404669260700389,4,16733dfc725509e20546f18b6dc4634ffe627fcea3b7156f7b2092c6f95e124e
cifar10_proser_fedavg__split04__seed3__d0.5,cifar10,d0.5,1,514,514,342,0.33463035019455256,6,15f99e5eb4a0fb552f487f5dd6c6b980775bf94edf42fe0e77afefeb41f3a9a7
cifar10_proser_fedavg__split04__seed3__d0.5,cifar10,d0.5,2,514,514,332,0.35408560311284043,5,e08f78422a1805b813820032886418a8342f9831d716b0ba7e5201e5612d035a
cifar10_proser_fedavg__split04__seed3__d0.5,cifar10,d0.5,3,514,514,330,0.357976653696498,4,758af89d627cbf2642978d5579418f65f01e2d2f207da77bb196038ac2c5cef1
cifar10_proser_fedavg__split04__seed3__d0.5,cifar10,d0.5,4,514,514,327,0.3638132295719845,7,cf047ad40b3ba44ff0c45e7b2d4446fb86042a972c51106a7b5a8ff78a9d0e49
cifar10_proser_fedavg__split04__seed3__d5.0,cifar10,d5,0,514,514,339,0.3404669260700389,4,16733dfc725509e20546f18b6dc4634ffe627fcea3b7156f7b2092c6f95e124e
cifar10_proser_fedavg__split04__seed3__d5.0,cifar10,d5,1,514,514,342,0.33463035019455256,6,15f99e5eb4a0fb552f487f5dd6c6b980775bf94edf42fe0e77afefeb41f3a9a7
cifar10_proser_fedavg__split04__seed3__d5.0,cifar10,d5,2,514,514,332,0.35408560311284043,5,e08f78422a1805b813820032886418a8342f9831d716b0ba7e5201e5612d035a
cifar10_proser_fedavg__split04__seed3__d5.0,cifar10,d5,3,514,514,330,0.357976653696498,4,758af89d627cbf2642978d5579418f65f01e2d2f207da77bb196038ac2c5cef1
cifar10_proser_fedavg__split04__seed3__d5.0,cifar10,d5,4,514,514,327,0.3638132295719845,7,cf047ad40b3ba44ff0c45e7b2d4446fb86042a972c51106a7b5a8ff78a9d0e49
cifar10_proser_fedavg__split04__seed4__d0.1,cifar10,d0.1,0,514,514,330,0.357976653696498,4,5cdf0ec7bbd17c91a2bcee90f5ddf663b41ba71c8908b5308e72c2df5b0a84c1
cifar10_proser_fedavg__split04__seed4__d0.1,cifar10,d0.1,1,514,514,324,0.36964980544747084,5,2e1d46d05f680b330d13d72136439217cc837ed783fa965e7921ddec9ac0557f
cifar10_proser_fedavg__split04__seed4__d0.1,cifar10,d0.1,2,514,514,324,0.36964980544747084,6,5114411ff00ca40bbe543a84a185d3ff6bed2452c6264b143f0480764a4dca1c
cifar10_proser_fedavg__split04__seed4__d0.1,cifar10,d0.1,3,514,514,322,0.3735408560311284,4,b983350a9d3158c10374c7153ab458e3521ea5f7ff82e5d15c4805fa1d8943eb
cifar10_proser_fedavg__split04__seed4__d0.1,cifar10,d0.1,4,514,514,329,0.3599221789883269,5,68787f8fd8a7fcbdae28bc6bba665711dd394ae94b4a822efb60cb9e1099fc56
cifar10_proser_fedavg__split04__seed4__d0.5,cifar10,d0.5,0,514,514,330,0.357976653696498,4,5cdf0ec7bbd17c91a2bcee90f5ddf663b41ba71c8908b5308e72c2df5b0a84c1
cifar10_proser_fedavg__split04__seed4__d0.5,cifar10,d0.5,1,514,514,324,0.36964980544747084,5,2e1d46d05f680b330d13d72136439217cc837ed783fa965e7921ddec9ac0557f
cifar10_proser_fedavg__split04__seed4__d0.5,cifar10,d0.5,2,514,514,324,0.36964980544747084,6,5114411ff00ca40bbe543a84a185d3ff6bed2452c6264b143f0480764a4dca1c
cifar10_proser_fedavg__split04__seed4__d0.5,cifar10,d0.5,3,514,514,322,0.3735408560311284,4,b983350a9d3158c10374c7153ab458e3521ea5f7ff82e5d15c4805fa1d8943eb
cifar10_proser_fedavg__split04__seed4__d0.5,cifar10,d0.5,4,514,514,329,0.3599221789883269,5,68787f8fd8a7fcbdae28bc6bba665711dd394ae94b4a822efb60cb9e1099fc56
cifar10_proser_fedavg__split04__seed4__d5.0,cifar10,d5,0,514,514,330,0.357976653696498,4,5cdf0ec7bbd17c91a2bcee90f5ddf663b41ba71c8908b5308e72c2df5b0a84c1
cifar10_proser_fedavg__split04__seed4__d5.0,cifar10,d5,1,514,514,324,0.36964980544747084,5,2e1d46d05f680b330d13d72136439217cc837ed783fa965e7921ddec9ac0557f
cifar10_proser_fedavg__split04__seed4__d5.0,cifar10,d5,2,514,514,324,0.36964980544747084,6,5114411ff00ca40bbe543a84a185d3ff6bed2452c6264b143f0480764a4dca1c
cifar10_proser_fedavg__split04__seed4__d5.0,cifar10,d5,3,514,514,322,0.3735408560311284,4,b983350a9d3158c10374c7153ab458e3521ea5f7ff82e5d15c4805fa1d8943eb
cifar10_proser_fedavg__split04__seed4__d5.0,cifar10,d5,4,514,514,329,0.3599221789883269,5,68787f8fd8a7fcbdae28bc6bba665711dd394ae94b4a822efb60cb9e1099fc56
cifar10_proser_fedavg__split05__seed0__d0.1,cifar10,d0.1,0,514,514,327,0.3638132295719845,5,ceb329c9af3cf9088d10b81b41f97a5399b27d4ff222a9151b016277c3a8ccd6
cifar10_proser_fedavg__split05__seed0__d0.1,cifar10,d0.1,1,514,514,320,0.377431906614786,5,29b2a85ea2fbf19ab2a01a403f187a97f4b2b3163b3c2c2198af04dfd1b9b403
cifar10_proser_fedavg__split05__seed0__d0.1,cifar10,d0.1,2,514,514,334,0.35019455252918286,6,b5fa4aa2ea1d2c7f939af32fb4f0ad5a92806a2551acf09ab32fb2a64e40ab98
cifar10_proser_fedavg__split05__seed0__d0.1,cifar10,d0.1,3,514,514,326,0.36575875486381326,5,82b67dadbad1022fb59b5cce67f3b568b01fe02a702a09ee05618bf9fef37d47
cifar10_proser_fedavg__split05__seed0__d0.1,cifar10,d0.1,4,514,514,323,0.3715953307392996,6,18c913487c7bfa1f4a3c42c9fd2f1aa05b7be4b7b7f848a7953561dfe2baa396
cifar10_proser_fedavg__split05__seed0__d0.5,cifar10,d0.5,0,514,514,327,0.3638132295719845,5,ceb329c9af3cf9088d10b81b41f97a5399b27d4ff222a9151b016277c3a8ccd6
cifar10_proser_fedavg__split05__seed0__d0.5,cifar10,d0.5,1,514,514,320,0.377431906614786,5,29b2a85ea2fbf19ab2a01a403f187a97f4b2b3163b3c2c2198af04dfd1b9b403
cifar10_proser_fedavg__split05__seed0__d0.5,cifar10,d0.5,2,514,514,334,0.35019455252918286,6,b5fa4aa2ea1d2c7f939af32fb4f0ad5a92806a2551acf09ab32fb2a64e40ab98
cifar10_proser_fedavg__split05__seed0__d0.5,cifar10,d0.5,3,514,514,326,0.36575875486381326,5,82b67dadbad1022fb59b5cce67f3b568b01fe02a702a09ee05618bf9fef37d47
cifar10_proser_fedavg__split05__seed0__d0.5,cifar10,d0.5,4,514,514,323,0.3715953307392996,6,18c913487c7bfa1f4a3c42c9fd2f1aa05b7be4b7b7f848a7953561dfe2baa396
cifar10_proser_fedavg__split05__seed0__d5.0,cifar10,d5,0,514,514,327,0.3638132295719845,5,ceb329c9af3cf9088d10b81b41f97a5399b27d4ff222a9151b016277c3a8ccd6
cifar10_proser_fedavg__split05__seed0__d5.0,cifar10,d5,1,514,514,320,0.377431906614786,5,29b2a85ea2fbf19ab2a01a403f187a97f4b2b3163b3c2c2198af04dfd1b9b403
cifar10_proser_fedavg__split05__seed0__d5.0,cifar10,d5,2,514,514,334,0.35019455252918286,6,b5fa4aa2ea1d2c7f939af32fb4f0ad5a92806a2551acf09ab32fb2a64e40ab98
cifar10_proser_fedavg__split05__seed0__d5.0,cifar10,d5,3,514,514,326,0.36575875486381326,5,82b67dadbad1022fb59b5cce67f3b568b01fe02a702a09ee05618bf9fef37d47
cifar10_proser_fedavg__split05__seed0__d5.0,cifar10,d5,4,514,514,323,0.3715953307392996,6,18c913487c7bfa1f4a3c42c9fd2f1aa05b7be4b7b7f848a7953561dfe2baa396
cifar10_proser_fedavg__split05__seed1__d0.1,cifar10,d0.1,0,514,514,330,0.357976653696498,5,b16cd87c1a5ac21f072f953a8b63eb3a54dca99fb4431880befe9e92def39ef0
cifar10_proser_fedavg__split05__seed1__d0.1,cifar10,d0.1,1,514,514,328,0.3618677042801557,6,7a97f09727c68dfba11914260eb9304e95e1d00b34ec2afe38eb516ed0d4c92c
cifar10_proser_fedavg__split05__seed1__d0.1,cifar10,d0.1,2,514,514,321,0.3754863813229572,5,0b6a9b0f2a134fa5bd92ac28a6c9b420878beab497af89123d2a36f7fc419885
cifar10_proser_fedavg__split05__seed1__d0.1,cifar10,d0.1,3,514,514,327,0.3638132295719845,5,1711b3c00bef276d0d22f36862313f0a9a367ba653bc7244859f2b34e7f89553
cifar10_proser_fedavg__split05__seed1__d0.1,cifar10,d0.1,4,514,514,323,0.3715953307392996,7,1b56bf0b2ed710e02acbc586790d4b97171812200a986f6685cd2b7c8fac4b2a
cifar10_proser_fedavg__split05__seed1__d0.5,cifar10,d0.5,0,514,514,330,0.357976653696498,5,b16cd87c1a5ac21f072f953a8b63eb3a54dca99fb4431880befe9e92def39ef0
cifar10_proser_fedavg__split05__seed1__d0.5,cifar10,d0.5,1,514,514,328,0.3618677042801557,6,7a97f09727c68dfba11914260eb9304e95e1d00b34ec2afe38eb516ed0d4c92c
cifar10_proser_fedavg__split05__seed1__d0.5,cifar10,d0.5,2,514,514,321,0.3754863813229572,5,0b6a9b0f2a134fa5bd92ac28a6c9b420878beab497af89123d2a36f7fc419885
cifar10_proser_fedavg__split05__seed1__d0.5,cifar10,d0.5,3,514,514,327,0.3638132295719845,5,1711b3c00bef276d0d22f36862313f0a9a367ba653bc7244859f2b34e7f89553
cifar10_proser_fedavg__split05__seed1__d0.5,cifar10,d0.5,4,514,514,323,0.3715953307392996,7,1b56bf0b2ed710e02acbc586790d4b97171812200a986f6685cd2b7c8fac4b2a
cifar10_proser_fedavg__split05__seed1__d5.0,cifar10,d5,0,514,514,330,0.357976653696498,5,b16cd87c1a5ac21f072f953a8b63eb3a54dca99fb4431880befe9e92def39ef0
cifar10_proser_fedavg__split05__seed1__d5.0,cifar10,d5,1,514,514,328,0.3618677042801557,6,7a97f09727c68dfba11914260eb9304e95e1d00b34ec2afe38eb516ed0d4c92c
cifar10_proser_fedavg__split05__seed1__d5.0,cifar10,d5,2,514,514,321,0.3754863813229572,5,0b6a9b0f2a134fa5bd92ac28a6c9b420878beab497af89123d2a36f7fc419885
cifar10_proser_fedavg__split05__seed1__d5.0,cifar10,d5,3,514,514,327,0.3638132295719845,5,1711b3c00bef276d0d22f36862313f0a9a367ba653bc7244859f2b34e7f89553
cifar10_proser_fedavg__split05__seed1__d5.0,cifar10,d5,4,514,514,323,0.3715953307392996,7,1b56bf0b2ed710e02acbc586790d4b97171812200a986f6685cd2b7c8fac4b2a
cifar10_proser_fedavg__split05__seed2__d0.1,cifar10,d0.1,0,514,514,329,0.3599221789883269,5,8ae83af7cbb39cdebca4becdad55f9da820d64629b0f23aca1985a214cad8096
cifar10_proser_fedavg__split05__seed2__d0.1,cifar10,d0.1,1,514,514,335,0.34824902723735407,6,8d2b13590f33f9f84ad0e056710ebee57910d003cc049acd4ae4951765f9caf3
cifar10_proser_fedavg__split05__seed2__d0.1,cifar10,d0.1,2,514,514,314,0.3891050583657587,6,975235a858789c8f8e64b2e3890edee5fac233b8504c98e9e2cf09a02fc2029f
cifar10_proser_fedavg__split05__seed2__d0.1,cifar10,d0.1,3,514,514,328,0.3618677042801557,4,b149fc9b641c2bb55b123859fe6d155e572b551755ed87e3e48ccbc5c06f2fe6
cifar10_proser_fedavg__split05__seed2__d0.1,cifar10,d0.1,4,514,514,326,0.36575875486381326,5,3da2457091dd4616013dc613aefc579c3b3f20a6e4be917436392fe4bd841025
cifar10_proser_fedavg__split05__seed2__d0.5,cifar10,d0.5,0,514,514,329,0.3599221789883269,5,8ae83af7cbb39cdebca4becdad55f9da820d64629b0f23aca1985a214cad8096
cifar10_proser_fedavg__split05__seed2__d0.5,cifar10,d0.5,1,514,514,335,0.34824902723735407,6,8d2b13590f33f9f84ad0e056710ebee57910d003cc049acd4ae4951765f9caf3
cifar10_proser_fedavg__split05__seed2__d0.5,cifar10,d0.5,2,514,514,314,0.3891050583657587,6,975235a858789c8f8e64b2e3890edee5fac233b8504c98e9e2cf09a02fc2029f
cifar10_proser_fedavg__split05__seed2__d0.5,cifar10,d0.5,3,514,514,328,0.3618677042801557,4,b149fc9b641c2bb55b123859fe6d155e572b551755ed87e3e48ccbc5c06f2fe6
cifar10_proser_fedavg__split05__seed2__d0.5,cifar10,d0.5,4,514,514,326,0.36575875486381326,5,3da2457091dd4616013dc613aefc579c3b3f20a6e4be917436392fe4bd841025
cifar10_proser_fedavg__split05__seed2__d5.0,cifar10,d5,0,514,514,329,0.3599221789883269,5,8ae83af7cbb39cdebca4becdad55f9da820d64629b0f23aca1985a214cad8096
cifar10_proser_fedavg__split05__seed2__d5.0,cifar10,d5,1,514,514,335,0.34824902723735407,6,8d2b13590f33f9f84ad0e056710ebee57910d003cc049acd4ae4951765f9caf3
cifar10_proser_fedavg__split05__seed2__d5.0,cifar10,d5,2,514,514,314,0.3891050583657587,6,975235a858789c8f8e64b2e3890edee5fac233b8504c98e9e2cf09a02fc2029f
cifar10_proser_fedavg__split05__seed2__d5.0,cifar10,d5,3,514,514,328,0.3618677042801557,4,b149fc9b641c2bb55b123859fe6d155e572b551755ed87e3e48ccbc5c06f2fe6
cifar10_proser_fedavg__split05__seed2__d5.0,cifar10,d5,4,514,514,326,0.36575875486381326,5,3da2457091dd4616013dc613aefc579c3b3f20a6e4be917436392fe4bd841025
cifar10_proser_fedavg__split05__seed3__d0.1,cifar10,d0.1,0,514,514,326,0.36575875486381326,6,92c5609fc3fd6f2adbf2f8a06a3d758bc1e42cf81096a240c34dc32981b520d8
cifar10_proser_fedavg__split05__seed3__d0.1,cifar10,d0.1,1,514,514,315,0.3871595330739299,6,404137e1b12c1aa0ca3a74f01fc8b4523bb3b2efa3ea6d29dadd5e9ac5ddff58
cifar10_proser_fedavg__split05__seed3__d0.1,cifar10,d0.1,2,514,514,322,0.3735408560311284,5,74f29a9ff01c2cf66f5596843d1ee05ff206ce1610c39fb301b9feb5ac952a30
cifar10_proser_fedavg__split05__seed3__d0.1,cifar10,d0.1,3,514,514,327,0.3638132295719845,5,829261f36c4ca54c5b83c8bbfc9d9200eee4234576b2fd8c96c12a11ceb756a8
cifar10_proser_fedavg__split05__seed3__d0.1,cifar10,d0.1,4,514,514,325,0.36770428015564205,4,39ca3bad4b830a950bbc120d2dcb6153bdebcaf2c580021074f414353c47b685
cifar10_proser_fedavg__split05__seed3__d0.5,cifar10,d0.5,0,514,514,326,0.36575875486381326,6,92c5609fc3fd6f2adbf2f8a06a3d758bc1e42cf81096a240c34dc32981b520d8
cifar10_proser_fedavg__split05__seed3__d0.5,cifar10,d0.5,1,514,514,315,0.3871595330739299,6,404137e1b12c1aa0ca3a74f01fc8b4523bb3b2efa3ea6d29dadd5e9ac5ddff58
cifar10_proser_fedavg__split05__seed3__d0.5,cifar10,d0.5,2,514,514,322,0.3735408560311284,5,74f29a9ff01c2cf66f5596843d1ee05ff206ce1610c39fb301b9feb5ac952a30
cifar10_proser_fedavg__split05__seed3__d0.5,cifar10,d0.5,3,514,514,327,0.3638132295719845,5,829261f36c4ca54c5b83c8bbfc9d9200eee4234576b2fd8c96c12a11ceb756a8
cifar10_proser_fedavg__split05__seed3__d0.5,cifar10,d0.5,4,514,514,325,0.36770428015564205,4,39ca3bad4b830a950bbc120d2dcb6153bdebcaf2c580021074f414353c47b685
cifar10_proser_fedavg__split05__seed3__d5.0,cifar10,d5,0,514,514,326,0.36575875486381326,6,92c5609fc3fd6f2adbf2f8a06a3d758bc1e42cf81096a240c34dc32981b520d8
cifar10_proser_fedavg__split05__seed3__d5.0,cifar10,d5,1,514,514,315,0.3871595330739299,6,404137e1b12c1aa0ca3a74f01fc8b4523bb3b2efa3ea6d29dadd5e9ac5ddff58
cifar10_proser_fedavg__split05__seed3__d5.0,cifar10,d5,2,514,514,322,0.3735408560311284,5,74f29a9ff01c2cf66f5596843d1ee05ff206ce1610c39fb301b9feb5ac952a30
cifar10_proser_fedavg__split05__seed3__d5.0,cifar10,d5,3,514,514,327,0.3638132295719845,5,829261f36c4ca54c5b83c8bbfc9d9200eee4234576b2fd8c96c12a11ceb756a8
cifar10_proser_fedavg__split05__seed3__d5.0,cifar10,d5,4,514,514,325,0.36770428015564205,4,39ca3bad4b830a950bbc120d2dcb6153bdebcaf2c580021074f414353c47b685
cifar10_proser_fedavg__split05__seed4__d0.1,cifar10,d0.1,0,514,514,332,0.35408560311284043,6,ef148c0263afca3669f35ae17d07ec37715dd453fd0c258fd20912af1059130c
cifar10_proser_fedavg__split05__seed4__d0.1,cifar10,d0.1,1,514,514,324,0.36964980544747084,5,74eff80cf5c9469ea698ecf731840956c909e34eba2c308c4f2f0c5392cbb0e5
cifar10_proser_fedavg__split05__seed4__d0.1,cifar10,d0.1,2,514,514,324,0.36964980544747084,7,6a189a7142c20e568379eb71a56a518445999cc11dd5a64a16b3acfb3330d5d5
cifar10_proser_fedavg__split05__seed4__d0.1,cifar10,d0.1,3,514,514,321,0.3754863813229572,5,992fa2681aabe8410f8795fd6cefa5d2efb92022aa0d5c95f1711e34284a31bc
cifar10_proser_fedavg__split05__seed4__d0.1,cifar10,d0.1,4,514,514,314,0.3891050583657587,5,44193c4558b5279491a964b82a542ce69cde24f572087dc7fb1393bbb61dc735
cifar10_proser_fedavg__split05__seed4__d0.5,cifar10,d0.5,0,514,514,332,0.35408560311284043,6,ef148c0263afca3669f35ae17d07ec37715dd453fd0c258fd20912af1059130c
cifar10_proser_fedavg__split05__seed4__d0.5,cifar10,d0.5,1,514,514,324,0.36964980544747084,5,74eff80cf5c9469ea698ecf731840956c909e34eba2c308c4f2f0c5392cbb0e5
cifar10_proser_fedavg__split05__seed4__d0.5,cifar10,d0.5,2,514,514,324,0.36964980544747084,7,6a189a7142c20e568379eb71a56a518445999cc11dd5a64a16b3acfb3330d5d5
cifar10_proser_fedavg__split05__seed4__d0.5,cifar10,d0.5,3,514,514,321,0.3754863813229572,5,992fa2681aabe8410f8795fd6cefa5d2efb92022aa0d5c95f1711e34284a31bc
cifar10_proser_fedavg__split05__seed4__d0.5,cifar10,d0.5,4,514,514,314,0.3891050583657587,5,44193c4558b5279491a964b82a542ce69cde24f572087dc7fb1393bbb61dc735
cifar10_proser_fedavg__split05__seed4__d5.0,cifar10,d5,0,514,514,332,0.35408560311284043,6,ef148c0263afca3669f35ae17d07ec37715dd453fd0c258fd20912af1059130c
cifar10_proser_fedavg__split05__seed4__d5.0,cifar10,d5,1,514,514,324,0.36964980544747084,5,74eff80cf5c9469ea698ecf731840956c909e34eba2c308c4f2f0c5392cbb0e5
cifar10_proser_fedavg__split05__seed4__d5.0,cifar10,d5,2,514,514,324,0.36964980544747084,7,6a189a7142c20e568379eb71a56a518445999cc11dd5a64a16b3acfb3330d5d5
cifar10_proser_fedavg__split05__seed4__d5.0,cifar10,d5,3,514,514,321,0.3754863813229572,5,992fa2681aabe8410f8795fd6cefa5d2efb92022aa0d5c95f1711e34284a31bc
cifar10_proser_fedavg__split05__seed4__d5.0,cifar10,d5,4,514,514,314,0.3891050583657587,5,44193c4558b5279491a964b82a542ce69cde24f572087dc7fb1393bbb61dc735
cifar10_proser_fedavg__split06__seed0__d0.1,cifar10,d0.1,0,514,514,334,0.35019455252918286,4,1a60ed190f196256dff9625e8fa9236e0c0bae2017510d555c172ba3e9df48b3
cifar10_proser_fedavg__split06__seed0__d0.1,cifar10,d0.1,1,514,514,331,0.3560311284046692,5,0dbf3ee63c92f1dccfeabb6bfa603d13003a96362fc721784d6b513d4a0cb3ef
cifar10_proser_fedavg__split06__seed0__d0.1,cifar10,d0.1,2,514,514,324,0.36964980544747084,5,8ed8942b264d4d79436bafdeb10b911145ac6de302c7dc67940187f2ea34371d
cifar10_proser_fedavg__split06__seed0__d0.1,cifar10,d0.1,3,514,514,327,0.3638132295719845,5,3123378def52d2df155d62993bb1369a418160a75075b47227bee848dc70c176
cifar10_proser_fedavg__split06__seed0__d0.1,cifar10,d0.1,4,514,514,327,0.3638132295719845,5,112f36538c66e279f04211d99b9c961af691e5fee5ce8cb591e3a409be1fab84
cifar10_proser_fedavg__split06__seed0__d0.5,cifar10,d0.5,0,514,514,334,0.35019455252918286,4,1a60ed190f196256dff9625e8fa9236e0c0bae2017510d555c172ba3e9df48b3
cifar10_proser_fedavg__split06__seed0__d0.5,cifar10,d0.5,1,514,514,331,0.3560311284046692,5,0dbf3ee63c92f1dccfeabb6bfa603d13003a96362fc721784d6b513d4a0cb3ef
cifar10_proser_fedavg__split06__seed0__d0.5,cifar10,d0.5,2,514,514,324,0.36964980544747084,5,8ed8942b264d4d79436bafdeb10b911145ac6de302c7dc67940187f2ea34371d
cifar10_proser_fedavg__split06__seed0__d0.5,cifar10,d0.5,3,514,514,327,0.3638132295719845,5,3123378def52d2df155d62993bb1369a418160a75075b47227bee848dc70c176
cifar10_proser_fedavg__split06__seed0__d0.5,cifar10,d0.5,4,514,514,327,0.3638132295719845,5,112f36538c66e279f04211d99b9c961af691e5fee5ce8cb591e3a409be1fab84
cifar10_proser_fedavg__split06__seed0__d5.0,cifar10,d5,0,514,514,334,0.35019455252918286,4,1a60ed190f196256dff9625e8fa9236e0c0bae2017510d555c172ba3e9df48b3
cifar10_proser_fedavg__split06__seed0__d5.0,cifar10,d5,1,514,514,331,0.3560311284046692,5,0dbf3ee63c92f1dccfeabb6bfa603d13003a96362fc721784d6b513d4a0cb3ef
cifar10_proser_fedavg__split06__seed0__d5.0,cifar10,d5,2,514,514,324,0.36964980544747084,5,8ed8942b264d4d79436bafdeb10b911145ac6de302c7dc67940187f2ea34371d
cifar10_proser_fedavg__split06__seed0__d5.0,cifar10,d5,3,514,514,327,0.3638132295719845,5,3123378def52d2df155d62993bb1369a418160a75075b47227bee848dc70c176
cifar10_proser_fedavg__split06__seed0__d5.0,cifar10,d5,4,514,514,327,0.3638132295719845,5,112f36538c66e279f04211d99b9c961af691e5fee5ce8cb591e3a409be1fab84
cifar10_proser_fedavg__split06__seed1__d0.1,cifar10,d0.1,0,514,514,323,0.3715953307392996,5,4d8d1cde64debb961446d20676d2991cb7760d7a0444a9b8c025ce5c368edfaa
cifar10_proser_fedavg__split06__seed1__d0.1,cifar10,d0.1,1,514,514,326,0.36575875486381326,5,630cb922bad1a6e17a2807696e257fc446851bdf833921c74d7cd13d74ac51c8
cifar10_proser_fedavg__split06__seed1__d0.1,cifar10,d0.1,2,514,514,316,0.38521400778210113,8,cd5c5c2808bb189045e01c2fed82bc0089b21da83925ca6ddbd5975132795b98
cifar10_proser_fedavg__split06__seed1__d0.1,cifar10,d0.1,3,514,514,325,0.36770428015564205,5,c0dbe886c42222911cda66c3998c9af4ed8c18060aee42e055fc5974f2861233
cifar10_proser_fedavg__split06__seed1__d0.1,cifar10,d0.1,4,514,514,315,0.3871595330739299,5,e88b2e029c25e87ee7fd0770d451dd6fa7a78d966745220b194bbacf41b68879
cifar10_proser_fedavg__split06__seed1__d0.5,cifar10,d0.5,0,514,514,323,0.3715953307392996,5,4d8d1cde64debb961446d20676d2991cb7760d7a0444a9b8c025ce5c368edfaa
cifar10_proser_fedavg__split06__seed1__d0.5,cifar10,d0.5,1,514,514,326,0.36575875486381326,5,630cb922bad1a6e17a2807696e257fc446851bdf833921c74d7cd13d74ac51c8
cifar10_proser_fedavg__split06__seed1__d0.5,cifar10,d0.5,2,514,514,316,0.38521400778210113,8,cd5c5c2808bb189045e01c2fed82bc0089b21da83925ca6ddbd5975132795b98
cifar10_proser_fedavg__split06__seed1__d0.5,cifar10,d0.5,3,514,514,325,0.36770428015564205,5,c0dbe886c42222911cda66c3998c9af4ed8c18060aee42e055fc5974f2861233
cifar10_proser_fedavg__split06__seed1__d0.5,cifar10,d0.5,4,514,514,315,0.3871595330739299,5,e88b2e029c25e87ee7fd0770d451dd6fa7a78d966745220b194bbacf41b68879
cifar10_proser_fedavg__split06__seed1__d5.0,cifar10,d5,0,514,514,323,0.3715953307392996,5,4d8d1cde64debb961446d20676d2991cb7760d7a0444a9b8c025ce5c368edfaa
cifar10_proser_fedavg__split06__seed1__d5.0,cifar10,d5,1,514,514,326,0.36575875486381326,5,630cb922bad1a6e17a2807696e257fc446851bdf833921c74d7cd13d74ac51c8
cifar10_proser_fedavg__split06__seed1__d5.0,cifar10,d5,2,514,514,316,0.38521400778210113,8,cd5c5c2808bb189045e01c2fed82bc0089b21da83925ca6ddbd5975132795b98
cifar10_proser_fedavg__split06__seed1__d5.0,cifar10,d5,3,514,514,325,0.36770428015564205,5,c0dbe886c42222911cda66c3998c9af4ed8c18060aee42e055fc5974f2861233
cifar10_proser_fedavg__split06__seed1__d5.0,cifar10,d5,4,514,514,315,0.3871595330739299,5,e88b2e029c25e87ee7fd0770d451dd6fa7a78d966745220b194bbacf41b68879
cifar10_proser_fedavg__split06__seed2__d0.1,cifar10,d0.1,0,514,514,319,0.37937743190661477,6,dbce025240c31ed5d1126b6e7061f7890404567ce3a4ad0a0113ec0ecf0b3895
cifar10_proser_fedavg__split06__seed2__d0.1,cifar10,d0.1,1,514,514,323,0.3715953307392996,4,bdf9840bc3ce09f2aecb54a35070983d2f3531ebb36bc2e67d41225bcd0d8f06
cifar10_proser_fedavg__split06__seed2__d0.1,cifar10,d0.1,2,514,514,338,0.3424124513618677,4,5e578beb32bb212b6630ffa650b3a023f9b56af985efaaf0e3d213b2ede4351a
cifar10_proser_fedavg__split06__seed2__d0.1,cifar10,d0.1,3,514,514,337,0.3443579766536965,6,090af39ee5cf2a8a29a876830adb3d1b9d23f9394276fb9cf2eb934df73eab38
cifar10_proser_fedavg__split06__seed2__d0.1,cifar10,d0.1,4,514,514,314,0.3891050583657587,5,587e3cebfd810d81d8ceeb841b439bde0f913db30fabc7320c2d25e4c849664e
cifar10_proser_fedavg__split06__seed2__d0.5,cifar10,d0.5,0,514,514,319,0.37937743190661477,6,dbce025240c31ed5d1126b6e7061f7890404567ce3a4ad0a0113ec0ecf0b3895
cifar10_proser_fedavg__split06__seed2__d0.5,cifar10,d0.5,1,514,514,323,0.3715953307392996,4,bdf9840bc3ce09f2aecb54a35070983d2f3531ebb36bc2e67d41225bcd0d8f06
cifar10_proser_fedavg__split06__seed2__d0.5,cifar10,d0.5,2,514,514,338,0.3424124513618677,4,5e578beb32bb212b6630ffa650b3a023f9b56af985efaaf0e3d213b2ede4351a
cifar10_proser_fedavg__split06__seed2__d0.5,cifar10,d0.5,3,514,514,337,0.3443579766536965,6,090af39ee5cf2a8a29a876830adb3d1b9d23f9394276fb9cf2eb934df73eab38
cifar10_proser_fedavg__split06__seed2__d0.5,cifar10,d0.5,4,514,514,314,0.3891050583657587,5,587e3cebfd810d81d8ceeb841b439bde0f913db30fabc7320c2d25e4c849664e
cifar10_proser_fedavg__split06__seed2__d5.0,cifar10,d5,0,514,514,319,0.37937743190661477,6,dbce025240c31ed5d1126b6e7061f7890404567ce3a4ad0a0113ec0ecf0b3895
cifar10_proser_fedavg__split06__seed2__d5.0,cifar10,d5,1,514,514,323,0.3715953307392996,4,bdf9840bc3ce09f2aecb54a35070983d2f3531ebb36bc2e67d41225bcd0d8f06
cifar10_proser_fedavg__split06__seed2__d5.0,cifar10,d5,2,514,514,338,0.3424124513618677,4,5e578beb32bb212b6630ffa650b3a023f9b56af985efaaf0e3d213b2ede4351a
cifar10_proser_fedavg__split06__seed2__d5.0,cifar10,d5,3,514,514,337,0.3443579766536965,6,090af39ee5cf2a8a29a876830adb3d1b9d23f9394276fb9cf2eb934df73eab38
cifar10_proser_fedavg__split06__seed2__d5.0,cifar10,d5,4,514,514,314,0.3891050583657587,5,587e3cebfd810d81d8ceeb841b439bde0f913db30fabc7320c2d25e4c849664e
cifar10_proser_fedavg__split06__seed3__d0.1,cifar10,d0.1,0,514,514,335,0.34824902723735407,4,328540f76d2d01e362962aab54edd8840b4111fa7ef6aedf02295f7a6d506b7a
cifar10_proser_fedavg__split06__seed3__d0.1,cifar10,d0.1,1,514,514,325,0.36770428015564205,6,9455b39a744088e357a11cf7329f00598d4e2c922f1a5d44ac8e066661197fe4
cifar10_proser_fedavg__split06__seed3__d0.1,cifar10,d0.1,2,514,514,327,0.3638132295719845,5,82d0661a4f0c46757d458ef91c9b6e15baa45dc58f52e6282112159671ef125b
cifar10_proser_fedavg__split06__seed3__d0.1,cifar10,d0.1,3,514,514,315,0.3871595330739299,7,9ecf0b42983172164c6d7cda76216422c8f3932711ff9730a5e8bd38d833d11f
cifar10_proser_fedavg__split06__seed3__d0.1,cifar10,d0.1,4,514,514,325,0.36770428015564205,5,59e67885636d643f4f8d344c46b534324d719399118347e90446aeda0d582a76
cifar10_proser_fedavg__split06__seed3__d0.5,cifar10,d0.5,0,514,514,335,0.34824902723735407,4,328540f76d2d01e362962aab54edd8840b4111fa7ef6aedf02295f7a6d506b7a
cifar10_proser_fedavg__split06__seed3__d0.5,cifar10,d0.5,1,514,514,325,0.36770428015564205,6,9455b39a744088e357a11cf7329f00598d4e2c922f1a5d44ac8e066661197fe4
cifar10_proser_fedavg__split06__seed3__d0.5,cifar10,d0.5,2,514,514,327,0.3638132295719845,5,82d0661a4f0c46757d458ef91c9b6e15baa45dc58f52e6282112159671ef125b
cifar10_proser_fedavg__split06__seed3__d0.5,cifar10,d0.5,3,514,514,315,0.3871595330739299,7,9ecf0b42983172164c6d7cda76216422c8f3932711ff9730a5e8bd38d833d11f
cifar10_proser_fedavg__split06__seed3__d0.5,cifar10,d0.5,4,514,514,325,0.36770428015564205,5,59e67885636d643f4f8d344c46b534324d719399118347e90446aeda0d582a76
cifar10_proser_fedavg__split06__seed3__d5.0,cifar10,d5,0,514,514,335,0.34824902723735407,4,328540f76d2d01e362962aab54edd8840b4111fa7ef6aedf02295f7a6d506b7a
cifar10_proser_fedavg__split06__seed3__d5.0,cifar10,d5,1,514,514,325,0.36770428015564205,6,9455b39a744088e357a11cf7329f00598d4e2c922f1a5d44ac8e066661197fe4
cifar10_proser_fedavg__split06__seed3__d5.0,cifar10,d5,2,514,514,327,0.3638132295719845,5,82d0661a4f0c46757d458ef91c9b6e15baa45dc58f52e6282112159671ef125b
cifar10_proser_fedavg__split06__seed3__d5.0,cifar10,d5,3,514,514,315,0.3871595330739299,7,9ecf0b42983172164c6d7cda76216422c8f3932711ff9730a5e8bd38d833d11f
cifar10_proser_fedavg__split06__seed3__d5.0,cifar10,d5,4,514,514,325,0.36770428015564205,5,59e67885636d643f4f8d344c46b534324d719399118347e90446aeda0d582a76
cifar10_proser_fedavg__split06__seed4__d0.1,cifar10,d0.1,0,514,514,334,0.35019455252918286,5,26ffd19e47e13aa882ac8fa179c1933012aef3787fd57137d3da1a41f650eb15
cifar10_proser_fedavg__split06__seed4__d0.1,cifar10,d0.1,1,514,514,316,0.38521400778210113,6,e88a1edce0fd24ce927f346acb50c07e4676509bbe30f9a4a258d84936651bbd
cifar10_proser_fedavg__split06__seed4__d0.1,cifar10,d0.1,2,514,514,334,0.35019455252918286,6,2c5e6dcbd155a90df8ebf6d964a36917fa90fb20569436934e5a03f03f829aea
cifar10_proser_fedavg__split06__seed4__d0.1,cifar10,d0.1,3,514,514,310,0.39688715953307396,6,849e48737e78f8c0184813f2c488f64c69c98291195dc05c195729852a5a62b9
cifar10_proser_fedavg__split06__seed4__d0.1,cifar10,d0.1,4,514,514,336,0.3463035019455253,4,8abf1045fd93170b1a4fef34fb98268b1b59b382b84fe8d49c802132053ffab0
cifar10_proser_fedavg__split06__seed4__d0.5,cifar10,d0.5,0,514,514,334,0.35019455252918286,5,26ffd19e47e13aa882ac8fa179c1933012aef3787fd57137d3da1a41f650eb15
cifar10_proser_fedavg__split06__seed4__d0.5,cifar10,d0.5,1,514,514,316,0.38521400778210113,6,e88a1edce0fd24ce927f346acb50c07e4676509bbe30f9a4a258d84936651bbd
cifar10_proser_fedavg__split06__seed4__d0.5,cifar10,d0.5,2,514,514,334,0.35019455252918286,6,2c5e6dcbd155a90df8ebf6d964a36917fa90fb20569436934e5a03f03f829aea
cifar10_proser_fedavg__split06__seed4__d0.5,cifar10,d0.5,3,514,514,310,0.39688715953307396,6,849e48737e78f8c0184813f2c488f64c69c98291195dc05c195729852a5a62b9
cifar10_proser_fedavg__split06__seed4__d0.5,cifar10,d0.5,4,514,514,336,0.3463035019455253,4,8abf1045fd93170b1a4fef34fb98268b1b59b382b84fe8d49c802132053ffab0
cifar10_proser_fedavg__split06__seed4__d5.0,cifar10,d5,0,514,514,334,0.35019455252918286,5,26ffd19e47e13aa882ac8fa179c1933012aef3787fd57137d3da1a41f650eb15
cifar10_proser_fedavg__split06__seed4__d5.0,cifar10,d5,1,514,514,316,0.38521400778210113,6,e88a1edce0fd24ce927f346acb50c07e4676509bbe30f9a4a258d84936651bbd
cifar10_proser_fedavg__split06__seed4__d5.0,cifar10,d5,2,514,514,334,0.35019455252918286,6,2c5e6dcbd155a90df8ebf6d964a36917fa90fb20569436934e5a03f03f829aea
cifar10_proser_fedavg__split06__seed4__d5.0,cifar10,d5,3,514,514,310,0.39688715953307396,6,849e48737e78f8c0184813f2c488f64c69c98291195dc05c195729852a5a62b9
cifar10_proser_fedavg__split06__seed4__d5.0,cifar10,d5,4,514,514,336,0.3463035019455253,4,8abf1045fd93170b1a4fef34fb98268b1b59b382b84fe8d49c802132053ffab0
cifar10_proser_fedavg__split07__seed0__d0.1,cifar10,d0.1,0,514,514,331,0.3560311284046692,5,335aeb16e32a2df1da7c8c0be9a1d720fa79252a74f5bb7b1ea8ff88a5666229
cifar10_proser_fedavg__split07__seed0__d0.1,cifar10,d0.1,1,514,514,338,0.3424124513618677,5,714987c4b547bd28c73077ff7f32e41d7559bfc84c0b38fbf0a0fe72bbbffccb
cifar10_proser_fedavg__split07__seed0__d0.1,cifar10,d0.1,2,514,514,325,0.36770428015564205,5,3910a34426545cc4efa6e58c3ff0e52ab6b1b205e541ddf860e10de8f5f432cc
cifar10_proser_fedavg__split07__seed0__d0.1,cifar10,d0.1,3,514,514,320,0.377431906614786,5,f116941bbb6570ffc127f1f6994cc9218c5215d35482170fe500595493a3a770
cifar10_proser_fedavg__split07__seed0__d0.1,cifar10,d0.1,4,514,514,306,0.4046692607003891,6,f784810e0243042656334ea142ceb41e07b5296ad916c3a44e11705633a97a2a
cifar10_proser_fedavg__split07__seed0__d0.5,cifar10,d0.5,0,514,514,331,0.3560311284046692,5,335aeb16e32a2df1da7c8c0be9a1d720fa79252a74f5bb7b1ea8ff88a5666229
cifar10_proser_fedavg__split07__seed0__d0.5,cifar10,d0.5,1,514,514,338,0.3424124513618677,5,714987c4b547bd28c73077ff7f32e41d7559bfc84c0b38fbf0a0fe72bbbffccb
cifar10_proser_fedavg__split07__seed0__d0.5,cifar10,d0.5,2,514,514,325,0.36770428015564205,5,3910a34426545cc4efa6e58c3ff0e52ab6b1b205e541ddf860e10de8f5f432cc
cifar10_proser_fedavg__split07__seed0__d0.5,cifar10,d0.5,3,514,514,320,0.377431906614786,5,f116941bbb6570ffc127f1f6994cc9218c5215d35482170fe500595493a3a770
cifar10_proser_fedavg__split07__seed0__d0.5,cifar10,d0.5,4,514,514,306,0.4046692607003891,6,f784810e0243042656334ea142ceb41e07b5296ad916c3a44e11705633a97a2a
cifar10_proser_fedavg__split07__seed0__d5.0,cifar10,d5,0,514,514,331,0.3560311284046692,5,335aeb16e32a2df1da7c8c0be9a1d720fa79252a74f5bb7b1ea8ff88a5666229
cifar10_proser_fedavg__split07__seed0__d5.0,cifar10,d5,1,514,514,338,0.3424124513618677,5,714987c4b547bd28c73077ff7f32e41d7559bfc84c0b38fbf0a0fe72bbbffccb
cifar10_proser_fedavg__split07__seed0__d5.0,cifar10,d5,2,514,514,325,0.36770428015564205,5,3910a34426545cc4efa6e58c3ff0e52ab6b1b205e541ddf860e10de8f5f432cc
cifar10_proser_fedavg__split07__seed0__d5.0,cifar10,d5,3,514,514,320,0.377431906614786,5,f116941bbb6570ffc127f1f6994cc9218c5215d35482170fe500595493a3a770
cifar10_proser_fedavg__split07__seed0__d5.0,cifar10,d5,4,514,514,306,0.4046692607003891,6,f784810e0243042656334ea142ceb41e07b5296ad916c3a44e11705633a97a2a
cifar10_proser_fedavg__split07__seed1__d0.1,cifar10,d0.1,0,514,514,322,0.3735408560311284,5,35c17710b2ba4708e96d567aefc3daa409cede6ac32ea8c26e9f48929e510bb2
cifar10_proser_fedavg__split07__seed1__d0.1,cifar10,d0.1,1,514,514,320,0.377431906614786,6,cb20a57450d9b50d21d079a6b57cb15efd2bd632d126bfed1ab36d9456806c6b
cifar10_proser_fedavg__split07__seed1__d0.1,cifar10,d0.1,2,514,514,330,0.357976653696498,4,27819bbf3b63e3bc7cb5c6119cb71feee02cde1f65facafd74399585b0af3a3b
cifar10_proser_fedavg__split07__seed1__d0.1,cifar10,d0.1,3,514,514,324,0.36964980544747084,4,e60cede5f4ca0ec1d720eddff32debca216467746433e187fc6ecc34a8ad09a7
cifar10_proser_fedavg__split07__seed1__d0.1,cifar10,d0.1,4,514,514,322,0.3735408560311284,5,8d7947999e02b2c3fd03b5f0487a5966527e77c16c692b9ae08ce6baaab4f6e9
cifar10_proser_fedavg__split07__seed1__d0.5,cifar10,d0.5,0,514,514,322,0.3735408560311284,5,35c17710b2ba4708e96d567aefc3daa409cede6ac32ea8c26e9f48929e510bb2
cifar10_proser_fedavg__split07__seed1__d0.5,cifar10,d0.5,1,514,514,320,0.377431906614786,6,cb20a57450d9b50d21d079a6b57cb15efd2bd632d126bfed1ab36d9456806c6b
cifar10_proser_fedavg__split07__seed1__d0.5,cifar10,d0.5,2,514,514,330,0.357976653696498,4,27819bbf3b63e3bc7cb5c6119cb71feee02cde1f65facafd74399585b0af3a3b
cifar10_proser_fedavg__split07__seed1__d0.5,cifar10,d0.5,3,514,514,324,0.36964980544747084,4,e60cede5f4ca0ec1d720eddff32debca216467746433e187fc6ecc34a8ad09a7
cifar10_proser_fedavg__split07__seed1__d0.5,cifar10,d0.5,4,514,514,322,0.3735408560311284,5,8d7947999e02b2c3fd03b5f0487a5966527e77c16c692b9ae08ce6baaab4f6e9
cifar10_proser_fedavg__split07__seed1__d5.0,cifar10,d5,0,514,514,322,0.3735408560311284,5,35c17710b2ba4708e96d567aefc3daa409cede6ac32ea8c26e9f48929e510bb2
cifar10_proser_fedavg__split07__seed1__d5.0,cifar10,d5,1,514,514,320,0.377431906614786,6,cb20a57450d9b50d21d079a6b57cb15efd2bd632d126bfed1ab36d9456806c6b
cifar10_proser_fedavg__split07__seed1__d5.0,cifar10,d5,2,514,514,330,0.357976653696498,4,27819bbf3b63e3bc7cb5c6119cb71feee02cde1f65facafd74399585b0af3a3b
cifar10_proser_fedavg__split07__seed1__d5.0,cifar10,d5,3,514,514,324,0.36964980544747084,4,e60cede5f4ca0ec1d720eddff32debca216467746433e187fc6ecc34a8ad09a7
cifar10_proser_fedavg__split07__seed1__d5.0,cifar10,d5,4,514,514,322,0.3735408560311284,5,8d7947999e02b2c3fd03b5f0487a5966527e77c16c692b9ae08ce6baaab4f6e9
cifar10_proser_fedavg__split07__seed2__d0.1,cifar10,d0.1,0,514,514,331,0.3560311284046692,5,9f9cf87f8c1167d2dc61b1a21f5bc30287f65cbf58c890f71639f1f26648c316
cifar10_proser_fedavg__split07__seed2__d0.1,cifar10,d0.1,1,514,514,329,0.3599221789883269,5,27335ae8dbede4b0548892956e125716179b720a82c11cd4259b45968bbea0b4
cifar10_proser_fedavg__split07__seed2__d0.1,cifar10,d0.1,2,514,514,307,0.4027237354085603,6,c86642e259cf9e946908398ca02f54f91f3f45d6cc83d0158159838f5f17bb09
cifar10_proser_fedavg__split07__seed2__d0.1,cifar10,d0.1,3,514,514,344,0.330739299610895,4,4442c9097e57a7899b5e279531ca0dbb54827f486584c6afb02de0e10d4062fc
cifar10_proser_fedavg__split07__seed2__d0.1,cifar10,d0.1,4,514,514,344,0.330739299610895,4,8f6ef63993d6aa3d9e341d00400293f71734cbd04c5ad69418b0bd90be1476e5
cifar10_proser_fedavg__split07__seed2__d0.5,cifar10,d0.5,0,514,514,331,0.3560311284046692,5,9f9cf87f8c1167d2dc61b1a21f5bc30287f65cbf58c890f71639f1f26648c316
cifar10_proser_fedavg__split07__seed2__d0.5,cifar10,d0.5,1,514,514,329,0.3599221789883269,5,27335ae8dbede4b0548892956e125716179b720a82c11cd4259b45968bbea0b4
cifar10_proser_fedavg__split07__seed2__d0.5,cifar10,d0.5,2,514,514,307,0.4027237354085603,6,c86642e259cf9e946908398ca02f54f91f3f45d6cc83d0158159838f5f17bb09
cifar10_proser_fedavg__split07__seed2__d0.5,cifar10,d0.5,3,514,514,344,0.330739299610895,4,4442c9097e57a7899b5e279531ca0dbb54827f486584c6afb02de0e10d4062fc
cifar10_proser_fedavg__split07__seed2__d0.5,cifar10,d0.5,4,514,514,344,0.330739299610895,4,8f6ef63993d6aa3d9e341d00400293f71734cbd04c5ad69418b0bd90be1476e5
cifar10_proser_fedavg__split07__seed2__d5.0,cifar10,d5,0,514,514,331,0.3560311284046692,5,9f9cf87f8c1167d2dc61b1a21f5bc30287f65cbf58c890f71639f1f26648c316
cifar10_proser_fedavg__split07__seed2__d5.0,cifar10,d5,1,514,514,329,0.3599221789883269,5,27335ae8dbede4b0548892956e125716179b720a82c11cd4259b45968bbea0b4
cifar10_proser_fedavg__split07__seed2__d5.0,cifar10,d5,2,514,514,307,0.4027237354085603,6,c86642e259cf9e946908398ca02f54f91f3f45d6cc83d0158159838f5f17bb09
cifar10_proser_fedavg__split07__seed2__d5.0,cifar10,d5,3,514,514,344,0.330739299610895,4,4442c9097e57a7899b5e279531ca0dbb54827f486584c6afb02de0e10d4062fc
cifar10_proser_fedavg__split07__seed2__d5.0,cifar10,d5,4,514,514,344,0.330739299610895,4,8f6ef63993d6aa3d9e341d00400293f71734cbd04c5ad69418b0bd90be1476e5
cifar10_proser_fedavg__split07__seed3__d0.1,cifar10,d0.1,0,514,514,332,0.35408560311284043,5,70788533c855535c8ab5f1a9ac7358049ef3b4130246983e1ddf42b076fd9122
cifar10_proser_fedavg__split07__seed3__d0.1,cifar10,d0.1,1,514,514,309,0.39883268482490275,6,dcc5b971dfdac1124873f7ef979c2b11b218028839e643c8f26b4e4a6837edba
cifar10_proser_fedavg__split07__seed3__d0.1,cifar10,d0.1,2,514,514,326,0.36575875486381326,5,f15a5bba827abedea9f156812f373ceb3039ad8a07ccd36ba83ea4cd8649659a
cifar10_proser_fedavg__split07__seed3__d0.1,cifar10,d0.1,3,514,514,320,0.377431906614786,5,40e0e9dfecd702c1ca4353ed588ff2336b2fcc5b7fa01a535d13ded4464500cd
cifar10_proser_fedavg__split07__seed3__d0.1,cifar10,d0.1,4,514,514,324,0.36964980544747084,5,b5201489ff2e775dc0b405796ee5ac4a2acc9ae3c3153f5d106d515863b1bdbe
cifar10_proser_fedavg__split07__seed3__d0.5,cifar10,d0.5,0,514,514,332,0.35408560311284043,5,70788533c855535c8ab5f1a9ac7358049ef3b4130246983e1ddf42b076fd9122
cifar10_proser_fedavg__split07__seed3__d0.5,cifar10,d0.5,1,514,514,309,0.39883268482490275,6,dcc5b971dfdac1124873f7ef979c2b11b218028839e643c8f26b4e4a6837edba
cifar10_proser_fedavg__split07__seed3__d0.5,cifar10,d0.5,2,514,514,326,0.36575875486381326,5,f15a5bba827abedea9f156812f373ceb3039ad8a07ccd36ba83ea4cd8649659a
cifar10_proser_fedavg__split07__seed3__d0.5,cifar10,d0.5,3,514,514,320,0.377431906614786,5,40e0e9dfecd702c1ca4353ed588ff2336b2fcc5b7fa01a535d13ded4464500cd
cifar10_proser_fedavg__split07__seed3__d0.5,cifar10,d0.5,4,514,514,324,0.36964980544747084,5,b5201489ff2e775dc0b405796ee5ac4a2acc9ae3c3153f5d106d515863b1bdbe
cifar10_proser_fedavg__split07__seed3__d5.0,cifar10,d5,0,514,514,332,0.35408560311284043,5,70788533c855535c8ab5f1a9ac7358049ef3b4130246983e1ddf42b076fd9122
cifar10_proser_fedavg__split07__seed3__d5.0,cifar10,d5,1,514,514,309,0.39883268482490275,6,dcc5b971dfdac1124873f7ef979c2b11b218028839e643c8f26b4e4a6837edba
cifar10_proser_fedavg__split07__seed3__d5.0,cifar10,d5,2,514,514,326,0.36575875486381326,5,f15a5bba827abedea9f156812f373ceb3039ad8a07ccd36ba83ea4cd8649659a
cifar10_proser_fedavg__split07__seed3__d5.0,cifar10,d5,3,514,514,320,0.377431906614786,5,40e0e9dfecd702c1ca4353ed588ff2336b2fcc5b7fa01a535d13ded4464500cd
cifar10_proser_fedavg__split07__seed3__d5.0,cifar10,d5,4,514,514,324,0.36964980544747084,5,b5201489ff2e775dc0b405796ee5ac4a2acc9ae3c3153f5d106d515863b1bdbe
cifar10_proser_fedavg__split07__seed4__d0.1,cifar10,d0.1,0,514,514,325,0.36770428015564205,5,79a5f8d5ecb5cd5fb727a6b7bd94f5e2d5de84ad5775002e15a08d30fc62555c
cifar10_proser_fedavg__split07__seed4__d0.1,cifar10,d0.1,1,514,514,313,0.3910505836575876,5,477ff433c4b506a45b39d6f2406800be4a8757c7ce87f38b1c13eba8485c72ac
cifar10_proser_fedavg__split07__seed4__d0.1,cifar10,d0.1,2,514,514,317,0.38326848249027234,5,ed9a56e2027bef49372938cf14263b069dd4fca0380ffb27594a8aa4b791dc17
cifar10_proser_fedavg__split07__seed4__d0.1,cifar10,d0.1,3,514,514,315,0.3871595330739299,6,a51a247125e3c44775093aa16473dabafb10d5871a9255ebcc2bf934c19f96b9
cifar10_proser_fedavg__split07__seed4__d0.1,cifar10,d0.1,4,514,514,329,0.3599221789883269,4,f6907641b79e43cf4ab876d652a679cd4e7f4f43c924cfc18f0aea2fd0dea881
cifar10_proser_fedavg__split07__seed4__d0.5,cifar10,d0.5,0,514,514,325,0.36770428015564205,5,79a5f8d5ecb5cd5fb727a6b7bd94f5e2d5de84ad5775002e15a08d30fc62555c
cifar10_proser_fedavg__split07__seed4__d0.5,cifar10,d0.5,1,514,514,313,0.3910505836575876,5,477ff433c4b506a45b39d6f2406800be4a8757c7ce87f38b1c13eba8485c72ac
cifar10_proser_fedavg__split07__seed4__d0.5,cifar10,d0.5,2,514,514,317,0.38326848249027234,5,ed9a56e2027bef49372938cf14263b069dd4fca0380ffb27594a8aa4b791dc17
cifar10_proser_fedavg__split07__seed4__d0.5,cifar10,d0.5,3,514,514,315,0.3871595330739299,6,a51a247125e3c44775093aa16473dabafb10d5871a9255ebcc2bf934c19f96b9
cifar10_proser_fedavg__split07__seed4__d0.5,cifar10,d0.5,4,514,514,329,0.3599221789883269,4,f6907641b79e43cf4ab876d652a679cd4e7f4f43c924cfc18f0aea2fd0dea881
cifar10_proser_fedavg__split07__seed4__d5.0,cifar10,d5,0,514,514,325,0.36770428015564205,5,79a5f8d5ecb5cd5fb727a6b7bd94f5e2d5de84ad5775002e15a08d30fc62555c
cifar10_proser_fedavg__split07__seed4__d5.0,cifar10,d5,1,514,514,313,0.3910505836575876,5,477ff433c4b506a45b39d6f2406800be4a8757c7ce87f38b1c13eba8485c72ac
cifar10_proser_fedavg__split07__seed4__d5.0,cifar10,d5,2,514,514,317,0.38326848249027234,5,ed9a56e2027bef49372938cf14263b069dd4fca0380ffb27594a8aa4b791dc17
cifar10_proser_fedavg__split07__seed4__d5.0,cifar10,d5,3,514,514,315,0.3871595330739299,6,a51a247125e3c44775093aa16473dabafb10d5871a9255ebcc2bf934c19f96b9
cifar10_proser_fedavg__split07__seed4__d5.0,cifar10,d5,4,514,514,329,0.3599221789883269,4,f6907641b79e43cf4ab876d652a679cd4e7f4f43c924cfc18f0aea2fd0dea881
cifar10_proser_fedavg__split08__seed0__d0.1,cifar10,d0.1,0,514,514,328,0.3618677042801557,6,ee7b6dd034462c1976fe6aa3685472b5c1702f86de9ed1f6f2e1947637f9b1bb
cifar10_proser_fedavg__split08__seed0__d0.1,cifar10,d0.1,1,514,514,318,0.38132295719844356,6,8108e5dec4c4195a028ac188cf42891d19ace8bfce3bbac19935821698f38eed
cifar10_proser_fedavg__split08__seed0__d0.1,cifar10,d0.1,2,514,514,330,0.357976653696498,5,bace9ebcc314e6706ceee358d3cd7f2cfce65d45a815f27ce3e3b30a2ab4f855
cifar10_proser_fedavg__split08__seed0__d0.1,cifar10,d0.1,3,514,514,325,0.36770428015564205,6,1703a0e61da64aac604d0b7ffc80951f550d4ff91b18003ae4bd90a78dc1b324
cifar10_proser_fedavg__split08__seed0__d0.1,cifar10,d0.1,4,514,514,325,0.36770428015564205,5,29d4d0cd8a290e86f3828082beedfd2d389cc77f54d08b090d97169e05f94265
cifar10_proser_fedavg__split08__seed0__d0.5,cifar10,d0.5,0,514,514,328,0.3618677042801557,6,ee7b6dd034462c1976fe6aa3685472b5c1702f86de9ed1f6f2e1947637f9b1bb
cifar10_proser_fedavg__split08__seed0__d0.5,cifar10,d0.5,1,514,514,318,0.38132295719844356,6,8108e5dec4c4195a028ac188cf42891d19ace8bfce3bbac19935821698f38eed
cifar10_proser_fedavg__split08__seed0__d0.5,cifar10,d0.5,2,514,514,330,0.357976653696498,5,bace9ebcc314e6706ceee358d3cd7f2cfce65d45a815f27ce3e3b30a2ab4f855
cifar10_proser_fedavg__split08__seed0__d0.5,cifar10,d0.5,3,514,514,325,0.36770428015564205,6,1703a0e61da64aac604d0b7ffc80951f550d4ff91b18003ae4bd90a78dc1b324
cifar10_proser_fedavg__split08__seed0__d0.5,cifar10,d0.5,4,514,514,325,0.36770428015564205,5,29d4d0cd8a290e86f3828082beedfd2d389cc77f54d08b090d97169e05f94265
cifar10_proser_fedavg__split08__seed0__d5.0,cifar10,d5,0,514,514,328,0.3618677042801557,6,ee7b6dd034462c1976fe6aa3685472b5c1702f86de9ed1f6f2e1947637f9b1bb
cifar10_proser_fedavg__split08__seed0__d5.0,cifar10,d5,1,514,514,318,0.38132295719844356,6,8108e5dec4c4195a028ac188cf42891d19ace8bfce3bbac19935821698f38eed
cifar10_proser_fedavg__split08__seed0__d5.0,cifar10,d5,2,514,514,330,0.357976653696498,5,bace9ebcc314e6706ceee358d3cd7f2cfce65d45a815f27ce3e3b30a2ab4f855
cifar10_proser_fedavg__split08__seed0__d5.0,cifar10,d5,3,514,514,325,0.36770428015564205,6,1703a0e61da64aac604d0b7ffc80951f550d4ff91b18003ae4bd90a78dc1b324
cifar10_proser_fedavg__split08__seed0__d5.0,cifar10,d5,4,514,514,325,0.36770428015564205,5,29d4d0cd8a290e86f3828082beedfd2d389cc77f54d08b090d97169e05f94265
cifar10_proser_fedavg__split08__seed1__d0.1,cifar10,d0.1,0,514,514,336,0.3463035019455253,5,a8d7dd85dd130d59905378d80934e377a852d0359fb6062b2cbc74ef2c8f2269
cifar10_proser_fedavg__split08__seed1__d0.1,cifar10,d0.1,1,514,514,324,0.36964980544747084,4,0fb5404c7107454014150667e9d4b3aa23eedde405b398d5479f04c8d53ad2bc
cifar10_proser_fedavg__split08__seed1__d0.1,cifar10,d0.1,2,514,514,317,0.38326848249027234,5,567d76a9114baee2cdc7814aef72afc290aa752a5c3c520697dd0216d1b6df5f
cifar10_proser_fedavg__split08__seed1__d0.1,cifar10,d0.1,3,514,514,330,0.357976653696498,4,50ae1b57c38828ade3d1fd8879cf2fcdceb3a550e87a3b8a1771f4c65c362968
cifar10_proser_fedavg__split08__seed1__d0.1,cifar10,d0.1,4,514,514,327,0.3638132295719845,5,627df86e213c89dee4f88df1e89df223a10ce0d0ebcbf696038d2af9db6aed47
cifar10_proser_fedavg__split08__seed1__d0.5,cifar10,d0.5,0,514,514,336,0.3463035019455253,5,a8d7dd85dd130d59905378d80934e377a852d0359fb6062b2cbc74ef2c8f2269
cifar10_proser_fedavg__split08__seed1__d0.5,cifar10,d0.5,1,514,514,324,0.36964980544747084,4,0fb5404c7107454014150667e9d4b3aa23eedde405b398d5479f04c8d53ad2bc
cifar10_proser_fedavg__split08__seed1__d0.5,cifar10,d0.5,2,514,514,317,0.38326848249027234,5,567d76a9114baee2cdc7814aef72afc290aa752a5c3c520697dd0216d1b6df5f
cifar10_proser_fedavg__split08__seed1__d0.5,cifar10,d0.5,3,514,514,330,0.357976653696498,4,50ae1b57c38828ade3d1fd8879cf2fcdceb3a550e87a3b8a1771f4c65c362968
cifar10_proser_fedavg__split08__seed1__d0.5,cifar10,d0.5,4,514,514,327,0.3638132295719845,5,627df86e213c89dee4f88df1e89df223a10ce0d0ebcbf696038d2af9db6aed47
cifar10_proser_fedavg__split08__seed1__d5.0,cifar10,d5,0,514,514,336,0.3463035019455253,5,a8d7dd85dd130d59905378d80934e377a852d0359fb6062b2cbc74ef2c8f2269
cifar10_proser_fedavg__split08__seed1__d5.0,cifar10,d5,1,514,514,324,0.36964980544747084,4,0fb5404c7107454014150667e9d4b3aa23eedde405b398d5479f04c8d53ad2bc
cifar10_proser_fedavg__split08__seed1__d5.0,cifar10,d5,2,514,514,317,0.38326848249027234,5,567d76a9114baee2cdc7814aef72afc290aa752a5c3c520697dd0216d1b6df5f
cifar10_proser_fedavg__split08__seed1__d5.0,cifar10,d5,3,514,514,330,0.357976653696498,4,50ae1b57c38828ade3d1fd8879cf2fcdceb3a550e87a3b8a1771f4c65c362968
cifar10_proser_fedavg__split08__seed1__d5.0,cifar10,d5,4,514,514,327,0.3638132295719845,5,627df86e213c89dee4f88df1e89df223a10ce0d0ebcbf696038d2af9db6aed47
cifar10_proser_fedavg__split08__seed2__d0.1,cifar10,d0.1,0,514,514,319,0.37937743190661477,5,88df9823010309565dadee25e359cedf682a724b89e760942776bc7163fad7ac
cifar10_proser_fedavg__split08__seed2__d0.1,cifar10,d0.1,1,514,514,324,0.36964980544747084,5,2b5c63fcab4c672733358e4b5bdc41e0fe07a6839f8acfe7e82aa1449f2310ce
cifar10_proser_fedavg__split08__seed2__d0.1,cifar10,d0.1,2,514,514,319,0.37937743190661477,6,65afe28d14b320955a6540ceab1cb6a1bb581931bee7ced071920c8214cb0c4b
cifar10_proser_fedavg__split08__seed2__d0.1,cifar10,d0.1,3,514,514,326,0.36575875486381326,5,a3adc74be0f46760c1a217c66b8d13d10de1d2da8a9a61cd625767a5d89de8ac
cifar10_proser_fedavg__split08__seed2__d0.1,cifar10,d0.1,4,514,514,321,0.3754863813229572,4,c782b13bb8df103b0d4ac5c4900157220171de490124aaa4c67704c378792997
cifar10_proser_fedavg__split08__seed2__d0.5,cifar10,d0.5,0,514,514,319,0.37937743190661477,5,88df9823010309565dadee25e359cedf682a724b89e760942776bc7163fad7ac
cifar10_proser_fedavg__split08__seed2__d0.5,cifar10,d0.5,1,514,514,324,0.36964980544747084,5,2b5c63fcab4c672733358e4b5bdc41e0fe07a6839f8acfe7e82aa1449f2310ce
cifar10_proser_fedavg__split08__seed2__d0.5,cifar10,d0.5,2,514,514,319,0.37937743190661477,6,65afe28d14b320955a6540ceab1cb6a1bb581931bee7ced071920c8214cb0c4b
cifar10_proser_fedavg__split08__seed2__d0.5,cifar10,d0.5,3,514,514,326,0.36575875486381326,5,a3adc74be0f46760c1a217c66b8d13d10de1d2da8a9a61cd625767a5d89de8ac
cifar10_proser_fedavg__split08__seed2__d0.5,cifar10,d0.5,4,514,514,321,0.3754863813229572,4,c782b13bb8df103b0d4ac5c4900157220171de490124aaa4c67704c378792997
cifar10_proser_fedavg__split08__seed2__d5.0,cifar10,d5,0,514,514,319,0.37937743190661477,5,88df9823010309565dadee25e359cedf682a724b89e760942776bc7163fad7ac
cifar10_proser_fedavg__split08__seed2__d5.0,cifar10,d5,1,514,514,324,0.36964980544747084,5,2b5c63fcab4c672733358e4b5bdc41e0fe07a6839f8acfe7e82aa1449f2310ce
cifar10_proser_fedavg__split08__seed2__d5.0,cifar10,d5,2,514,514,319,0.37937743190661477,6,65afe28d14b320955a6540ceab1cb6a1bb581931bee7ced071920c8214cb0c4b
cifar10_proser_fedavg__split08__seed2__d5.0,cifar10,d5,3,514,514,326,0.36575875486381326,5,a3adc74be0f46760c1a217c66b8d13d10de1d2da8a9a61cd625767a5d89de8ac
cifar10_proser_fedavg__split08__seed2__d5.0,cifar10,d5,4,514,514,321,0.3754863813229572,4,c782b13bb8df103b0d4ac5c4900157220171de490124aaa4c67704c378792997
cifar10_proser_fedavg__split08__seed3__d0.1,cifar10,d0.1,0,514,514,336,0.3463035019455253,5,6e71ed4949f5848f088fa088cd0186e047b5927e8091f08fc42d71c16dadc7ca
cifar10_proser_fedavg__split08__seed3__d0.1,cifar10,d0.1,1,514,514,331,0.3560311284046692,5,ed9f008f0a8ef43db509f7d277484ee3189e13749fca95d5a0688df88e4c372a
cifar10_proser_fedavg__split08__seed3__d0.1,cifar10,d0.1,2,514,514,321,0.3754863813229572,4,7668f69e3f9559448e903b0d0f16d25724925966ab9835c45095ece3f54993cd
cifar10_proser_fedavg__split08__seed3__d0.1,cifar10,d0.1,3,514,514,313,0.3910505836575876,5,1cceee1b063cd7636de5df88fb0d92e9ec5f6ea0eef6df86210a261e19d2ab41
cifar10_proser_fedavg__split08__seed3__d0.1,cifar10,d0.1,4,514,514,327,0.3638132295719845,5,256af972cf0e557b44fb1a3061f3b4f363d258c014d8e366ccc2f5dfbf508275
cifar10_proser_fedavg__split08__seed3__d0.5,cifar10,d0.5,0,514,514,336,0.3463035019455253,5,6e71ed4949f5848f088fa088cd0186e047b5927e8091f08fc42d71c16dadc7ca
cifar10_proser_fedavg__split08__seed3__d0.5,cifar10,d0.5,1,514,514,331,0.3560311284046692,5,ed9f008f0a8ef43db509f7d277484ee3189e13749fca95d5a0688df88e4c372a
cifar10_proser_fedavg__split08__seed3__d0.5,cifar10,d0.5,2,514,514,321,0.3754863813229572,4,7668f69e3f9559448e903b0d0f16d25724925966ab9835c45095ece3f54993cd
cifar10_proser_fedavg__split08__seed3__d0.5,cifar10,d0.5,3,514,514,313,0.3910505836575876,5,1cceee1b063cd7636de5df88fb0d92e9ec5f6ea0eef6df86210a261e19d2ab41
cifar10_proser_fedavg__split08__seed3__d0.5,cifar10,d0.5,4,514,514,327,0.3638132295719845,5,256af972cf0e557b44fb1a3061f3b4f363d258c014d8e366ccc2f5dfbf508275
cifar10_proser_fedavg__split08__seed3__d5.0,cifar10,d5,0,514,514,336,0.3463035019455253,5,6e71ed4949f5848f088fa088cd0186e047b5927e8091f08fc42d71c16dadc7ca
cifar10_proser_fedavg__split08__seed3__d5.0,cifar10,d5,1,514,514,331,0.3560311284046692,5,ed9f008f0a8ef43db509f7d277484ee3189e13749fca95d5a0688df88e4c372a
cifar10_proser_fedavg__split08__seed3__d5.0,cifar10,d5,2,514,514,321,0.3754863813229572,4,7668f69e3f9559448e903b0d0f16d25724925966ab9835c45095ece3f54993cd
cifar10_proser_fedavg__split08__seed3__d5.0,cifar10,d5,3,514,514,313,0.3910505836575876,5,1cceee1b063cd7636de5df88fb0d92e9ec5f6ea0eef6df86210a261e19d2ab41
cifar10_proser_fedavg__split08__seed3__d5.0,cifar10,d5,4,514,514,327,0.3638132295719845,5,256af972cf0e557b44fb1a3061f3b4f363d258c014d8e366ccc2f5dfbf508275
cifar10_proser_fedavg__split08__seed4__d0.1,cifar10,d0.1,0,514,514,322,0.3735408560311284,5,2a61d65063cba29de3427e1b7a0321c0d40f3c95654ce68fb5bb7252082fa265
cifar10_proser_fedavg__split08__seed4__d0.1,cifar10,d0.1,1,514,514,324,0.36964980544747084,7,8707050fb3a7ac27584306ac86dde855db9138e72c56b628f8927a2a4b9e5491
cifar10_proser_fedavg__split08__seed4__d0.1,cifar10,d0.1,2,514,514,322,0.3735408560311284,5,18269753a7eac6064007fbd56659249460ebb49bf46416b75c828ca903a19b9e
cifar10_proser_fedavg__split08__seed4__d0.1,cifar10,d0.1,3,514,514,322,0.3735408560311284,4,eb20fa95781a7addf1f40a285c92e8f278bb9c296cd3c6733287cca357a4698b
cifar10_proser_fedavg__split08__seed4__d0.1,cifar10,d0.1,4,514,514,322,0.3735408560311284,5,80ab9a4a26aec7799879c2a3e95d4a8b56b65c40000e5e2f60aff57432e05856
cifar10_proser_fedavg__split08__seed4__d0.5,cifar10,d0.5,0,514,514,322,0.3735408560311284,5,2a61d65063cba29de3427e1b7a0321c0d40f3c95654ce68fb5bb7252082fa265
cifar10_proser_fedavg__split08__seed4__d0.5,cifar10,d0.5,1,514,514,324,0.36964980544747084,7,8707050fb3a7ac27584306ac86dde855db9138e72c56b628f8927a2a4b9e5491
cifar10_proser_fedavg__split08__seed4__d0.5,cifar10,d0.5,2,514,514,322,0.3735408560311284,5,18269753a7eac6064007fbd56659249460ebb49bf46416b75c828ca903a19b9e
cifar10_proser_fedavg__split08__seed4__d0.5,cifar10,d0.5,3,514,514,322,0.3735408560311284,4,eb20fa95781a7addf1f40a285c92e8f278bb9c296cd3c6733287cca357a4698b
cifar10_proser_fedavg__split08__seed4__d0.5,cifar10,d0.5,4,514,514,322,0.3735408560311284,5,80ab9a4a26aec7799879c2a3e95d4a8b56b65c40000e5e2f60aff57432e05856
cifar10_proser_fedavg__split08__seed4__d5.0,cifar10,d5,0,514,514,322,0.3735408560311284,5,2a61d65063cba29de3427e1b7a0321c0d40f3c95654ce68fb5bb7252082fa265
cifar10_proser_fedavg__split08__seed4__d5.0,cifar10,d5,1,514,514,324,0.36964980544747084,7,8707050fb3a7ac27584306ac86dde855db9138e72c56b628f8927a2a4b9e5491
cifar10_proser_fedavg__split08__seed4__d5.0,cifar10,d5,2,514,514,322,0.3735408560311284,5,18269753a7eac6064007fbd56659249460ebb49bf46416b75c828ca903a19b9e
cifar10_proser_fedavg__split08__seed4__d5.0,cifar10,d5,3,514,514,322,0.3735408560311284,4,eb20fa95781a7addf1f40a285c92e8f278bb9c296cd3c6733287cca357a4698b
cifar10_proser_fedavg__split08__seed4__d5.0,cifar10,d5,4,514,514,322,0.3735408560311284,5,80ab9a4a26aec7799879c2a3e95d4a8b56b65c40000e5e2f60aff57432e05856
cifar10_proser_fedavg__split09__seed0__d0.1,cifar10,d0.1,0,514,514,320,0.377431906614786,5,1e728bbe31028e69ca1938ecb2afa39b419791629c01ce062fa12ab5115e0317
cifar10_proser_fedavg__split09__seed0__d0.1,cifar10,d0.1,1,514,514,332,0.35408560311284043,5,ce3ce3c196f5ee3f0e5e64ef8bfe87e124d9896bbe7cbd7efdfb17ca3d42b238
cifar10_proser_fedavg__split09__seed0__d0.1,cifar10,d0.1,2,514,514,334,0.35019455252918286,5,ffc729b6c09d26c8fff593feac6beedff0e94ea1055118d9d4aeaea773c6b924
cifar10_proser_fedavg__split09__seed0__d0.1,cifar10,d0.1,3,514,514,317,0.38326848249027234,8,9746d4ef53d1e7248686612d0f6f46337cce09ccb4df5aba27bf18d8414504dd
cifar10_proser_fedavg__split09__seed0__d0.1,cifar10,d0.1,4,514,514,334,0.35019455252918286,5,ee5689b70e461da423416e6ccbf0d4ed17c47c2da13433014ac38e95957d946c
cifar10_proser_fedavg__split09__seed0__d0.5,cifar10,d0.5,0,514,514,320,0.377431906614786,5,1e728bbe31028e69ca1938ecb2afa39b419791629c01ce062fa12ab5115e0317
cifar10_proser_fedavg__split09__seed0__d0.5,cifar10,d0.5,1,514,514,332,0.35408560311284043,5,ce3ce3c196f5ee3f0e5e64ef8bfe87e124d9896bbe7cbd7efdfb17ca3d42b238
cifar10_proser_fedavg__split09__seed0__d0.5,cifar10,d0.5,2,514,514,334,0.35019455252918286,5,ffc729b6c09d26c8fff593feac6beedff0e94ea1055118d9d4aeaea773c6b924
cifar10_proser_fedavg__split09__seed0__d0.5,cifar10,d0.5,3,514,514,317,0.38326848249027234,8,9746d4ef53d1e7248686612d0f6f46337cce09ccb4df5aba27bf18d8414504dd
cifar10_proser_fedavg__split09__seed0__d0.5,cifar10,d0.5,4,514,514,334,0.35019455252918286,5,ee5689b70e461da423416e6ccbf0d4ed17c47c2da13433014ac38e95957d946c
cifar10_proser_fedavg__split09__seed0__d5.0,cifar10,d5,0,514,514,320,0.377431906614786,5,1e728bbe31028e69ca1938ecb2afa39b419791629c01ce062fa12ab5115e0317
cifar10_proser_fedavg__split09__seed0__d5.0,cifar10,d5,1,514,514,332,0.35408560311284043,5,ce3ce3c196f5ee3f0e5e64ef8bfe87e124d9896bbe7cbd7efdfb17ca3d42b238
cifar10_proser_fedavg__split09__seed0__d5.0,cifar10,d5,2,514,514,334,0.35019455252918286,5,ffc729b6c09d26c8fff593feac6beedff0e94ea1055118d9d4aeaea773c6b924
cifar10_proser_fedavg__split09__seed0__d5.0,cifar10,d5,3,514,514,317,0.38326848249027234,8,9746d4ef53d1e7248686612d0f6f46337cce09ccb4df5aba27bf18d8414504dd
cifar10_proser_fedavg__split09__seed0__d5.0,cifar10,d5,4,514,514,334,0.35019455252918286,5,ee5689b70e461da423416e6ccbf0d4ed17c47c2da13433014ac38e95957d946c
cifar10_proser_fedavg__split09__seed1__d0.1,cifar10,d0.1,0,514,514,333,0.35214007782101164,5,1f4b03da572eb883baeeddf9b9140072bdda5284031b2aed3d0299f05eb2322f
cifar10_proser_fedavg__split09__seed1__d0.1,cifar10,d0.1,1,514,514,337,0.3443579766536965,4,252fdc6100a2493ce31e3bbc34d12d53986b8ebdc145ae6c79339788461eef90
cifar10_proser_fedavg__split09__seed1__d0.1,cifar10,d0.1,2,514,514,331,0.3560311284046692,5,91ca68fd35e1f2ca0150f40eb6b01a003af6d1167d374b15608e8de9eb5b0970
cifar10_proser_fedavg__split09__seed1__d0.1,cifar10,d0.1,3,514,514,330,0.357976653696498,4,3394badbfc9c6c54d5ffdb6cfe9883924f6bd8b1e647a308544730c3b4a7eb82
cifar10_proser_fedavg__split09__seed1__d0.1,cifar10,d0.1,4,514,514,323,0.3715953307392996,5,10ef5afbc2200ada2df171a135d4aaf04fac11b4b3d07153efd5860d93e4d2ee
cifar10_proser_fedavg__split09__seed1__d0.5,cifar10,d0.5,0,514,514,333,0.35214007782101164,5,1f4b03da572eb883baeeddf9b9140072bdda5284031b2aed3d0299f05eb2322f
cifar10_proser_fedavg__split09__seed1__d0.5,cifar10,d0.5,1,514,514,337,0.3443579766536965,4,252fdc6100a2493ce31e3bbc34d12d53986b8ebdc145ae6c79339788461eef90
cifar10_proser_fedavg__split09__seed1__d0.5,cifar10,d0.5,2,514,514,331,0.3560311284046692,5,91ca68fd35e1f2ca0150f40eb6b01a003af6d1167d374b15608e8de9eb5b0970
cifar10_proser_fedavg__split09__seed1__d0.5,cifar10,d0.5,3,514,514,330,0.357976653696498,4,3394badbfc9c6c54d5ffdb6cfe9883924f6bd8b1e647a308544730c3b4a7eb82
cifar10_proser_fedavg__split09__seed1__d0.5,cifar10,d0.5,4,514,514,323,0.3715953307392996,5,10ef5afbc2200ada2df171a135d4aaf04fac11b4b3d07153efd5860d93e4d2ee
cifar10_proser_fedavg__split09__seed1__d5.0,cifar10,d5,0,514,514,333,0.35214007782101164,5,1f4b03da572eb883baeeddf9b9140072bdda5284031b2aed3d0299f05eb2322f
cifar10_proser_fedavg__split09__seed1__d5.0,cifar10,d5,1,514,514,337,0.3443579766536965,4,252fdc6100a2493ce31e3bbc34d12d53986b8ebdc145ae6c79339788461eef90
cifar10_proser_fedavg__split09__seed1__d5.0,cifar10,d5,2,514,514,331,0.3560311284046692,5,91ca68fd35e1f2ca0150f40eb6b01a003af6d1167d374b15608e8de9eb5b0970
cifar10_proser_fedavg__split09__seed1__d5.0,cifar10,d5,3,514,514,330,0.357976653696498,4,3394badbfc9c6c54d5ffdb6cfe9883924f6bd8b1e647a308544730c3b4a7eb82
cifar10_proser_fedavg__split09__seed1__d5.0,cifar10,d5,4,514,514,323,0.3715953307392996,5,10ef5afbc2200ada2df171a135d4aaf04fac11b4b3d07153efd5860d93e4d2ee
cifar10_proser_fedavg__split09__seed2__d0.1,cifar10,d0.1,0,514,514,321,0.3754863813229572,4,5ad6e4da6ec5a01a4ee1cdf70b1a4bb32778c66f5dfa5ce9e06c2f8152091421
cifar10_proser_fedavg__split09__seed2__d0.1,cifar10,d0.1,1,514,514,317,0.38326848249027234,7,c7e6249db8bde1e2f7d1b323a80f97a1a51a5aeb04c3ade6cd6ebaf14b07ed24
cifar10_proser_fedavg__split09__seed2__d0.1,cifar10,d0.1,2,514,514,337,0.3443579766536965,6,627a7f547d39b27eb992f2c859dfa877367f90cda53f1c8a4bc85c32a194e6d8
cifar10_proser_fedavg__split09__seed2__d0.1,cifar10,d0.1,3,514,514,331,0.3560311284046692,5,3c44eef59cf5acb86848ad3926c6568209515e46b2a751f8c4754990119ce7aa
cifar10_proser_fedavg__split09__seed2__d0.1,cifar10,d0.1,4,514,514,322,0.3735408560311284,5,60ce871fe8cc49ad90f64768f53dd5c01167f35e719409c8009e1eabfc85da55
cifar10_proser_fedavg__split09__seed2__d0.5,cifar10,d0.5,0,514,514,321,0.3754863813229572,4,5ad6e4da6ec5a01a4ee1cdf70b1a4bb32778c66f5dfa5ce9e06c2f8152091421
cifar10_proser_fedavg__split09__seed2__d0.5,cifar10,d0.5,1,514,514,317,0.38326848249027234,7,c7e6249db8bde1e2f7d1b323a80f97a1a51a5aeb04c3ade6cd6ebaf14b07ed24
cifar10_proser_fedavg__split09__seed2__d0.5,cifar10,d0.5,2,514,514,337,0.3443579766536965,6,627a7f547d39b27eb992f2c859dfa877367f90cda53f1c8a4bc85c32a194e6d8
cifar10_proser_fedavg__split09__seed2__d0.5,cifar10,d0.5,3,514,514,331,0.3560311284046692,5,3c44eef59cf5acb86848ad3926c6568209515e46b2a751f8c4754990119ce7aa
cifar10_proser_fedavg__split09__seed2__d0.5,cifar10,d0.5,4,514,514,322,0.3735408560311284,5,60ce871fe8cc49ad90f64768f53dd5c01167f35e719409c8009e1eabfc85da55
cifar10_proser_fedavg__split09__seed2__d5.0,cifar10,d5,0,514,514,321,0.3754863813229572,4,5ad6e4da6ec5a01a4ee1cdf70b1a4bb32778c66f5dfa5ce9e06c2f8152091421
cifar10_proser_fedavg__split09__seed2__d5.0,cifar10,d5,1,514,514,317,0.38326848249027234,7,c7e6249db8bde1e2f7d1b323a80f97a1a51a5aeb04c3ade6cd6ebaf14b07ed24
cifar10_proser_fedavg__split09__seed2__d5.0,cifar10,d5,2,514,514,337,0.3443579766536965,6,627a7f547d39b27eb992f2c859dfa877367f90cda53f1c8a4bc85c32a194e6d8
cifar10_proser_fedavg__split09__seed2__d5.0,cifar10,d5,3,514,514,331,0.3560311284046692,5,3c44eef59cf5acb86848ad3926c6568209515e46b2a751f8c4754990119ce7aa
cifar10_proser_fedavg__split09__seed2__d5.0,cifar10,d5,4,514,514,322,0.3735408560311284,5,60ce871fe8cc49ad90f64768f53dd5c01167f35e719409c8009e1eabfc85da55
cifar10_proser_fedavg__split09__seed3__d0.1,cifar10,d0.1,0,514,514,322,0.3735408560311284,4,32fead2471c15a6c4f13299d2098546aff558c72ba22069678f59688867ba927
cifar10_proser_fedavg__split09__seed3__d0.1,cifar10,d0.1,1,514,514,335,0.34824902723735407,5,465baf956bf1a112ce8826f057db0a6c23ba3961b72540340b34261117cf5a80
cifar10_proser_fedavg__split09__seed3__d0.1,cifar10,d0.1,2,514,514,329,0.3599221789883269,6,2af419fd8a5f7950b36799cd2a51c27ab85de5d7796133d3a49b2f81c3eed52d
cifar10_proser_fedavg__split09__seed3__d0.1,cifar10,d0.1,3,514,514,331,0.3560311284046692,5,4befbda1ab6ee5c726537d1932354206aa78fa5d8f21e38b456277f88b4918a5
cifar10_proser_fedavg__split09__seed3__d0.1,cifar10,d0.1,4,514,514,334,0.35019455252918286,4,cd49034c408c450dfc981b5fbeba3c70023b63e675b357fe2d103b6886ff0523
cifar10_proser_fedavg__split09__seed3__d0.5,cifar10,d0.5,0,514,514,322,0.3735408560311284,4,32fead2471c15a6c4f13299d2098546aff558c72ba22069678f59688867ba927
cifar10_proser_fedavg__split09__seed3__d0.5,cifar10,d0.5,1,514,514,335,0.34824902723735407,5,465baf956bf1a112ce8826f057db0a6c23ba3961b72540340b34261117cf5a80
cifar10_proser_fedavg__split09__seed3__d0.5,cifar10,d0.5,2,514,514,329,0.3599221789883269,6,2af419fd8a5f7950b36799cd2a51c27ab85de5d7796133d3a49b2f81c3eed52d
cifar10_proser_fedavg__split09__seed3__d0.5,cifar10,d0.5,3,514,514,331,0.3560311284046692,5,4befbda1ab6ee5c726537d1932354206aa78fa5d8f21e38b456277f88b4918a5
cifar10_proser_fedavg__split09__seed3__d0.5,cifar10,d0.5,4,514,514,334,0.35019455252918286,4,cd49034c408c450dfc981b5fbeba3c70023b63e675b357fe2d103b6886ff0523
cifar10_proser_fedavg__split09__seed3__d5.0,cifar10,d5,0,514,514,322,0.3735408560311284,4,32fead2471c15a6c4f13299d2098546aff558c72ba22069678f59688867ba927
cifar10_proser_fedavg__split09__seed3__d5.0,cifar10,d5,1,514,514,335,0.34824902723735407,5,465baf956bf1a112ce8826f057db0a6c23ba3961b72540340b34261117cf5a80
cifar10_proser_fedavg__split09__seed3__d5.0,cifar10,d5,2,514,514,329,0.3599221789883269,6,2af419fd8a5f7950b36799cd2a51c27ab85de5d7796133d3a49b2f81c3eed52d
cifar10_proser_fedavg__split09__seed3__d5.0,cifar10,d5,3,514,514,331,0.3560311284046692,5,4befbda1ab6ee5c726537d1932354206aa78fa5d8f21e38b456277f88b4918a5
cifar10_proser_fedavg__split09__seed3__d5.0,cifar10,d5,4,514,514,334,0.35019455252918286,4,cd49034c408c450dfc981b5fbeba3c70023b63e675b357fe2d103b6886ff0523
cifar10_proser_fedavg__split09__seed4__d0.1,cifar10,d0.1,0,514,514,311,0.3949416342412452,4,cddb3ce69959f9fa61a1bba1decc56683c3f88140ef9d70ba9dcaecabd4ab0af
cifar10_proser_fedavg__split09__seed4__d0.1,cifar10,d0.1,1,514,514,334,0.35019455252918286,4,e52627747f834c1d23d676522ef8f1b4061b26cd3fab6bfa3dca91dc0b865130
cifar10_proser_fedavg__split09__seed4__d0.1,cifar10,d0.1,2,514,514,318,0.38132295719844356,7,6a6eb2076616de15a97a01d9dbce7c0254ef5303b70a93a40a8a2f61da1e5c25
cifar10_proser_fedavg__split09__seed4__d0.1,cifar10,d0.1,3,514,514,334,0.35019455252918286,5,61015990ce38b52e7301c49ede36516aaf47ead3655f8769735ef1e4c7a4ff93
cifar10_proser_fedavg__split09__seed4__d0.1,cifar10,d0.1,4,514,514,322,0.3735408560311284,5,80f0fa1b8b9f01fefc54805fa6ae156e028532430a39d2525226f8670233a225
cifar10_proser_fedavg__split09__seed4__d0.5,cifar10,d0.5,0,514,514,311,0.3949416342412452,4,cddb3ce69959f9fa61a1bba1decc56683c3f88140ef9d70ba9dcaecabd4ab0af
cifar10_proser_fedavg__split09__seed4__d0.5,cifar10,d0.5,1,514,514,334,0.35019455252918286,4,e52627747f834c1d23d676522ef8f1b4061b26cd3fab6bfa3dca91dc0b865130
cifar10_proser_fedavg__split09__seed4__d0.5,cifar10,d0.5,2,514,514,318,0.38132295719844356,7,6a6eb2076616de15a97a01d9dbce7c0254ef5303b70a93a40a8a2f61da1e5c25
cifar10_proser_fedavg__split09__seed4__d0.5,cifar10,d0.5,3,514,514,334,0.35019455252918286,5,61015990ce38b52e7301c49ede36516aaf47ead3655f8769735ef1e4c7a4ff93
cifar10_proser_fedavg__split09__seed4__d0.5,cifar10,d0.5,4,514,514,322,0.3735408560311284,5,80f0fa1b8b9f01fefc54805fa6ae156e028532430a39d2525226f8670233a225
cifar10_proser_fedavg__split09__seed4__d5.0,cifar10,d5,0,514,514,311,0.3949416342412452,4,cddb3ce69959f9fa61a1bba1decc56683c3f88140ef9d70ba9dcaecabd4ab0af
cifar10_proser_fedavg__split09__seed4__d5.0,cifar10,d5,1,514,514,334,0.35019455252918286,4,e52627747f834c1d23d676522ef8f1b4061b26cd3fab6bfa3dca91dc0b865130
cifar10_proser_fedavg__split09__seed4__d5.0,cifar10,d5,2,514,514,318,0.38132295719844356,7,6a6eb2076616de15a97a01d9dbce7c0254ef5303b70a93a40a8a2f61da1e5c25
cifar10_proser_fedavg__split09__seed4__d5.0,cifar10,d5,3,514,514,334,0.35019455252918286,5,61015990ce38b52e7301c49ede36516aaf47ead3655f8769735ef1e4c7a4ff93
cifar10_proser_fedavg__split09__seed4__d5.0,cifar10,d5,4,514,514,322,0.3735408560311284,5,80f0fa1b8b9f01fefc54805fa6ae156e028532430a39d2525226f8670233a225
officehome_convnext_frozen__split00__seed0,officehome,frozen,0,510,510,324,0.3647058823529412,5,2f38327e8f9cd3447a7973907a3d2b1865131dd22cf2013fac445f37082986c6
officehome_convnext_frozen__split00__seed0,officehome,frozen,1,978,978,620,0.36605316973415136,5,ddbce9d07ede95be22b51c71aaa9ecd8d04e915cddf60019cda745621ffa97d3
officehome_convnext_frozen__split00__seed0,officehome,frozen,2,997,997,634,0.3640922768304915,5,4e3c4dbc4a53cbfe97df03147e7d81bcbdf2229484fc04cca71d2514343062ec
officehome_convnext_frozen__split00__seed0,officehome,frozen,3,1000,1000,630,0.37,5,bd8a927a88d6a78df0dda025488b03c3552a1eba0385576ae9dbd426a6f3aed0
officehome_convnext_frozen__split00__seed1,officehome,frozen,0,510,510,311,0.3901960784313725,6,12e19b3084f4b961f736c2ecc257f8e7c60e8c8359c00a83f89e3f8c54163cc5
officehome_convnext_frozen__split00__seed1,officehome,frozen,1,978,978,623,0.3629856850715747,6,94e33cec98d1f9026276b9d9452634f04685a61bf85e0b4d66223d7ea31c8109
officehome_convnext_frozen__split00__seed1,officehome,frozen,2,997,997,635,0.3630892678034102,6,89c93b63c2e9352ed4d4af0ca32000bab2bac6295a66d62b89696a3066625601
officehome_convnext_frozen__split00__seed1,officehome,frozen,3,1000,1000,635,0.365,5,c6f15c4a5b06c01c908d7b51ee9d9be277f8edbd74a8781c62f8b7bca31390d2
officehome_convnext_frozen__split00__seed2,officehome,frozen,0,510,510,331,0.3509803921568627,5,adcedd2ed90f1bac0baf3a6431b41d85e309b63464e2754f1bbabfdc5e2e9ab7
officehome_convnext_frozen__split00__seed2,officehome,frozen,1,978,978,606,0.3803680981595092,5,b701263c2562e2f4e0726c858717b088ac9802d71782a4540072743ff9d7ab01
officehome_convnext_frozen__split00__seed2,officehome,frozen,2,997,997,610,0.38816449348044135,5,5f1d19c3457dfa30ce66e491aa40fb4b0b2cad3467ea1018c17b58201ff6f95b
officehome_convnext_frozen__split00__seed2,officehome,frozen,3,1000,1000,629,0.371,7,f07998e8d2231643f2ddca708a7e208f77f27620a6980b4b16b7b01c93d04b78
officehome_convnext_frozen__split00__seed3,officehome,frozen,0,510,510,330,0.3529411764705882,4,f996410c17cd83b55fbf770e28d19558026629f27a8ba275def66de21bff3827
officehome_convnext_frozen__split00__seed3,officehome,frozen,1,978,978,611,0.37525562372188137,7,df6befd108b1b92e62e59f1212a7a88c5a22fdb44bb173a950ea77954efa2bb1
officehome_convnext_frozen__split00__seed3,officehome,frozen,2,997,997,623,0.37512537612838515,6,d67f568c948f342c31ed97b7969d3597b4b35c8fdca9640093614eaa12ecd25f
officehome_convnext_frozen__split00__seed3,officehome,frozen,3,1000,1000,627,0.373,6,a8ca83000b09e7d89510a3aef018b873e3b13fbbc0f8e9920189492137bb4c95
officehome_convnext_frozen__split00__seed4,officehome,frozen,0,510,510,323,0.3666666666666667,6,21438b3a01a70204b2bd18da776920910347fc4bd0ec509ceb2371ea5dce7cdf
officehome_convnext_frozen__split00__seed4,officehome,frozen,1,978,978,611,0.37525562372188137,6,a125febf01c64ccf008c3effd4cae3f733d234363eb14d292926a5ccae8898f7
officehome_convnext_frozen__split00__seed4,officehome,frozen,2,997,997,620,0.3781344032096289,5,640ae647e01381a7ef44dbee6dd455a68814229c5b96f4ea6b44913d7c57f245
officehome_convnext_frozen__split00__seed4,officehome,frozen,3,1000,1000,623,0.377,6,3e591ca2bdf2c3523fe9fdd1c968803ace336ef513f38cfdd5a085d3c6641ae4
officehome_convnext_frozen__split01__seed0,officehome,frozen,0,562,562,347,0.3825622775800712,5,9a0c0cc82cd39ce116d31e9fe53c8f0ebb07236d8a3f6182d016a8397066113c
officehome_convnext_frozen__split01__seed0,officehome,frozen,1,990,990,610,0.38383838383838387,6,2506bc1e56b53d82772798b08408eb3047588d638c1252a6575c8546d89618de
officehome_convnext_frozen__split01__seed0,officehome,frozen,2,995,995,652,0.34472361809045227,5,b112c2e0841ca77fefa02101583d1a8f91eb7a5ae4448ce5c10d808139afe0bb
officehome_convnext_frozen__split01__seed0,officehome,frozen,3,1024,1024,649,0.3662109375,6,809904ee620ae69869b133c1f2ab71d0dac2c0cd7e9b8e80669164b7996e674e
officehome_convnext_frozen__split01__seed1,officehome,frozen,0,562,562,367,0.3469750889679716,5,b28de1a80b705ccf7a257d6d19992a730208a34acaefaf962018d8de12d5ebd7
officehome_convnext_frozen__split01__seed1,officehome,frozen,1,990,990,633,0.3606060606060606,5,b5ec84b210d3e3f2b30e0d521c1885a919faa5accc469247370152e7f16539af
officehome_convnext_frozen__split01__seed1,officehome,frozen,2,995,995,637,0.35979899497487433,6,4acf505ed7be56ba66296ed79fbef54ac6f51caf977884a44c41bff5ee80c700
officehome_convnext_frozen__split01__seed1,officehome,frozen,3,1024,1024,655,0.3603515625,5,d37649ebe3f20b6c474d2210c113d183457d218f4453f18737ff866c9b284cb9
officehome_convnext_frozen__split01__seed2,officehome,frozen,0,562,562,347,0.3825622775800712,6,62d2fce9594f6086d1e9605b74ab520c83a0e1e4767542bb874fdfd7efd7ad42
officehome_convnext_frozen__split01__seed2,officehome,frozen,1,990,990,624,0.36969696969696975,5,1ce7772ff5b76d460b564d4d085f6e71968a8b39b015f357487c0d60f41d3035
officehome_convnext_frozen__split01__seed2,officehome,frozen,2,995,995,642,0.3547738693467337,5,effed28169845f9ecab6ff5ae8067801eb85abee0aba36c481ad4ae6fe1bd81e
officehome_convnext_frozen__split01__seed2,officehome,frozen,3,1024,1024,651,0.3642578125,5,508ad6b98c87be80b8343c92ef0caf66d3f657dc8f51fda9a6559aa99449361e
officehome_convnext_frozen__split01__seed3,officehome,frozen,0,562,562,351,0.3754448398576512,5,5981db8faae1c0f5b799fe02f89d58378106b7cf47bfb1e8b6721446c356281d
officehome_convnext_frozen__split01__seed3,officehome,frozen,1,990,990,615,0.3787878787878788,7,a33c4ce57a7266442f0d6c02f1a81302233ce2743266026df0a91146a119ebe1
officehome_convnext_frozen__split01__seed3,officehome,frozen,2,995,995,622,0.3748743718592965,6,fed4962d085ea63a4d2dbe8688544f3f5cbdbd0d76abb496018c2a8b74cf2305
officehome_convnext_frozen__split01__seed3,officehome,frozen,3,1024,1024,653,0.3623046875,5,36c88cb1a72bb23d34f41872e4de7b93e0f4183df157a5afca9ad7a849e38a3b
officehome_convnext_frozen__split01__seed4,officehome,frozen,0,562,562,350,0.37722419928825623,5,db83fecd438ca7b3138864f183eb274dc5214ef95673fc8983f379915290f3fa
officehome_convnext_frozen__split01__seed4,officehome,frozen,1,990,990,631,0.36262626262626263,7,c8b841fa9109520707df7b126208fb628ccfeb673ca077182c0ec299647f46d9
officehome_convnext_frozen__split01__seed4,officehome,frozen,2,995,995,610,0.3869346733668342,5,7e5e371d62d663b527a616a42cdbdcce6ec316b2bd0f308bd4d7adbf0bedcf50
officehome_convnext_frozen__split01__seed4,officehome,frozen,3,1024,1024,664,0.3515625,6,00c0972dd92ffacb7c71a2a45fdbd504ad84ef8ba6603491514e84a2869a43ab
officehome_convnext_frozen__split02__seed0,officehome,frozen,0,536,536,330,0.3843283582089553,4,547c0888b7ccf1ed6df54471557a5e7d92ac4dd924c02e1e9dd9763e70cbc579
officehome_convnext_frozen__split02__seed0,officehome,frozen,1,978,978,625,0.3609406952965235,6,f290063076ea8f334db78fe630b14dca8c4ef8054c7fa05a10f680afeeec4ea5
officehome_convnext_frozen__split02__seed0,officehome,frozen,2,1017,1017,644,0.3667649950835792,5,51896d78d2df36b13fd46ae2ec43f706450057905017d37f3622db4660337c02
officehome_convnext_frozen__split02__seed0,officehome,frozen,3,1017,1017,643,0.36774827925270404,5,eff18a4c76a7994b123270e1f2ad6003b947c8f1edb38c8f8a38f2de73c6a088
officehome_convnext_frozen__split02__seed1,officehome,frozen,0,536,536,345,0.35634328358208955,5,0f4de049058408e148d4381aec8a5e1aabb0ef58fd215e5b9bf98bd4396e0a00
officehome_convnext_frozen__split02__seed1,officehome,frozen,1,978,978,598,0.38854805725971375,5,9ae8f0e35a1867195b562576942ccd64559d87d2a45ad501972a27cf4ef42770
officehome_convnext_frozen__split02__seed1,officehome,frozen,2,1017,1017,642,0.3687315634218289,5,1161e13d4dad3759d951bcb8e61b44b6909199730d0a0b7bc43524f95fa22309
officehome_convnext_frozen__split02__seed1,officehome,frozen,3,1017,1017,644,0.3667649950835792,6,36a0c22b595b93d0f39fc44c417d377de95ad3678f81259466e982d908a9d719
officehome_convnext_frozen__split02__seed2,officehome,frozen,0,536,536,332,0.3805970149253731,7,55a7625c0ea4eb28f89117a489c50ae8265d9b0ec39be3db61b7f2789ffe6c16
officehome_convnext_frozen__split02__seed2,officehome,frozen,1,978,978,606,0.3803680981595092,6,d388d037841f10ec15312a0fe9d7dbca896a8311d4f28bd371db7dcf0f8d4f22
officehome_convnext_frozen__split02__seed2,officehome,frozen,2,1017,1017,635,0.3756145526057031,6,6e9451a85851c47d907c2cbd0c3e962cafcc305cc6255e8222e5cd184bf6508a
officehome_convnext_frozen__split02__seed2,officehome,frozen,3,1017,1017,630,0.38053097345132747,5,2fb59ffe7978bb00412df6162cd4cf59b562bac2255164b95672cc098c54ef9e
officehome_convnext_frozen__split02__seed3,officehome,frozen,0,536,536,335,0.375,7,7335c3e58ca5ccb3a4c505ceb3216c04bd32b13e2973390e5c6507fbd54e7116
officehome_convnext_frozen__split02__seed3,officehome,frozen,1,978,978,622,0.3640081799591002,5,1c27f7cae397d0df6d4bb38137417da44333bcd0a1704c03d760d4640e03705d
officehome_convnext_frozen__split02__seed3,officehome,frozen,2,1017,1017,653,0.3579154375614553,5,d3b1bc4f6ff41a093fe80c84553f150398a003c3918bf71f7f1fe565b18ce685
officehome_convnext_frozen__split02__seed3,officehome,frozen,3,1017,1017,622,0.3883972468043264,6,7dc56434d607eb55b73c390c5f973ed65a9c92e6b1415d0100c781a9bb937e3e
officehome_convnext_frozen__split02__seed4,officehome,frozen,0,536,536,332,0.3805970149253731,5,f8d6961e4ea6888d734eeef045e8fa3c13a2f80d19bca958e380bbe51eb5b728
officehome_convnext_frozen__split02__seed4,officehome,frozen,1,978,978,633,0.352760736196319,5,b4aa353943eccd56001490bd54e6a814c029f17f1e73deff9a42beda5f403e2e
officehome_convnext_frozen__split02__seed4,officehome,frozen,2,1017,1017,633,0.3775811209439528,7,b53119fb099d4334e67e6b280ff579e3f1a41501979d485ed41c49606a83aadc
officehome_convnext_frozen__split02__seed4,officehome,frozen,3,1017,1017,627,0.38348082595870203,6,0c00393496c4a23b64515b95515d9d361b0a402df969d9217b6da98650e48195
officehome_convnext_frozen__split03__seed0,officehome,frozen,0,561,561,350,0.3761140819964349,5,c2a2bec28a212f53a0e820ab3bdeb466993ae55d448bf5f8d51d24cd3c466db3
officehome_convnext_frozen__split03__seed0,officehome,frozen,1,1016,1016,649,0.3612204724409449,5,3f282cfdc2f65564a291cbdbbcb18f36d412da3d9a638bd3b92c2074f8386929
officehome_convnext_frozen__split03__seed0,officehome,frozen,2,992,992,611,0.38407258064516125,6,2083179eaac520f7375a94343fd7ed2e5785df3a56db55ef1ca8e9d776fedcad
officehome_convnext_frozen__split03__seed0,officehome,frozen,3,1010,1010,655,0.35148514851485146,6,ce661ed2e9b192be21a72242cdc7cbf90c701bb39bcf62f867d6bbe5454301a5
officehome_convnext_frozen__split03__seed1,officehome,frozen,0,561,561,346,0.3832442067736186,5,ce541a1ab03f773ab82165793e454411677ce56756e9a251e8e97fb691f43b52
officehome_convnext_frozen__split03__seed1,officehome,frozen,1,1016,1016,643,0.3671259842519685,5,2b23b1b9bd15879ca9d17c9e3c0b2a3334137105fb1878094c4e916fa8b40cff
officehome_convnext_frozen__split03__seed1,officehome,frozen,2,992,992,634,0.3608870967741935,5,9d8ca613292d3a5070d438442dc58c09d94f8db939fba5b05d4e3706620fc99e
officehome_convnext_frozen__split03__seed1,officehome,frozen,3,1010,1010,635,0.3712871287128713,5,6c761a88e7d12e849335e522afcc0f7f1bfa362983bf7f38f1fd1d25eb10ddba
officehome_convnext_frozen__split03__seed2,officehome,frozen,0,561,561,354,0.36898395721925137,6,83f2e1731c581ad41b99d22fcd72b99f01107c9bb84d7b37692ff3448ce0d2cb
officehome_convnext_frozen__split03__seed2,officehome,frozen,1,1016,1016,647,0.3631889763779528,5,530b43fde3574325d1d624ef01d0456e047cc6cb68b80288f9fb39ba07547ac3
officehome_convnext_frozen__split03__seed2,officehome,frozen,2,992,992,640,0.3548387096774194,6,7aa1540e9798d389c0d476b852b9c4d87d04200c4f78e52b0a5c13f5aadc20d4
officehome_convnext_frozen__split03__seed2,officehome,frozen,3,1010,1010,660,0.3465346534653465,5,08bd7c297452ab99d439d7be882bf0d2abdebba943be9a3552d210e19e88c0e5
officehome_convnext_frozen__split03__seed3,officehome,frozen,0,561,561,356,0.3654188948306596,5,fa63293f7296c40558ba6c663f24ca4d3fe74eab9e06d9ad15845090d9682991
officehome_convnext_frozen__split03__seed3,officehome,frozen,1,1016,1016,642,0.36811023622047245,6,9c0326b307fa1c0454e954a2e74674352965f7290767bb4838f89e501f2990a0
officehome_convnext_frozen__split03__seed3,officehome,frozen,2,992,992,629,0.36592741935483875,5,cba7f70fffcb31342bafaa947834b30dcb3cfd45edf5b65f0c20cf71792f316c
officehome_convnext_frozen__split03__seed3,officehome,frozen,3,1010,1010,644,0.36237623762376237,7,1baec6035467cc43ccdfad27d2d155afcd8503fe01bf07607b72c22bfd7631f5
officehome_convnext_frozen__split03__seed4,officehome,frozen,0,561,561,353,0.3707664884135472,6,c8796774299bb316dd5cd168ea6260b71862edfac80861e15f8ee9917e7d67c3
officehome_convnext_frozen__split03__seed4,officehome,frozen,1,1016,1016,663,0.3474409448818898,5,d39078911adc59769d4ffda9008f2d444853b9b2c66e61ed595bbcd7540e3882
officehome_convnext_frozen__split03__seed4,officehome,frozen,2,992,992,644,0.35080645161290325,5,ec939567a740cbd0d63f4d27a97beaaa8465181c89c48b8442267f1bfdbbaf4d
officehome_convnext_frozen__split03__seed4,officehome,frozen,3,1010,1010,652,0.35445544554455444,5,7392977fde53ea7bb59574fc4ddd83171d6ca18c19bb04bd792cf2cd816f93eb
officehome_convnext_frozen__split04__seed0,officehome,frozen,0,526,526,346,0.3422053231939164,5,c7c2baf3d15a6a2f4a692c85c6042a9c9420b15d270f954d41c3f2ddf7592712
officehome_convnext_frozen__split04__seed0,officehome,frozen,1,961,961,593,0.38293444328824144,6,485b69416240668ea2118cf03a2bc3a75e2ccaa1169f3068cdb594bc117a37ba
officehome_convnext_frozen__split04__seed0,officehome,frozen,2,1005,1005,642,0.3611940298507462,4,4559cf134cfe16306a03c98741453f8f81e455c9629a4a1aa176154544e0547a
officehome_convnext_frozen__split04__seed0,officehome,frozen,3,1024,1024,642,0.373046875,6,4e3df5ee2477e58efb7079da58fe1c4af1aa0586e583407b13a9b379b1380c5f
officehome_convnext_frozen__split04__seed1,officehome,frozen,0,526,526,319,0.3935361216730038,5,24cb5f877dd9cdc51885bebf1af8f5f606d8157a053cfc4bd07c8457e87771f5
officehome_convnext_frozen__split04__seed1,officehome,frozen,1,961,961,599,0.37669094693028093,5,6ff34f568900adc81e444e3cfd7668719175993c17c6eef709610d83d94aca99
officehome_convnext_frozen__split04__seed1,officehome,frozen,2,1005,1005,630,0.3731343283582089,5,f4a826f168ae367888dac167b7a26fd2ad021332d6d3aae5201a8241b15b0b3d
officehome_convnext_frozen__split04__seed1,officehome,frozen,3,1024,1024,652,0.36328125,5,860079050ae58c9432aebc9309ea239ad24492660e8b015a737d9d4226ac89d5
officehome_convnext_frozen__split04__seed2,officehome,frozen,0,526,526,343,0.3479087452471483,5,ee268f6ecedda410f78768cc9607fe378b6d7951d6403e0c078c950cdc7d9e4e
officehome_convnext_frozen__split04__seed2,officehome,frozen,1,961,961,613,0.36212278876170656,6,ecc16663c440d9438bb5e1255642f0ab8d56862b51ce34875804568418e030b0
officehome_convnext_frozen__split04__seed2,officehome,frozen,2,1005,1005,638,0.3651741293532338,5,076a87baa9a7ebcf7f95d8f0c54f97caa84b030ba70b48a054725d289bd3e6ec
officehome_convnext_frozen__split04__seed2,officehome,frozen,3,1024,1024,649,0.3662109375,5,ac61835b02fe7d655fa7c1345a45ee19129ec1fd513a943ecdcb0eae3ae72af4
officehome_convnext_frozen__split04__seed3,officehome,frozen,0,526,526,336,0.3612167300380228,5,84da2d83d0e9f6b961127d550918b7bd39cbb46dfdeb0ebf66fdde4cf5893b04
officehome_convnext_frozen__split04__seed3,officehome,frozen,1,961,961,608,0.3673257023933403,5,3695b3590eb97e99f73b06da0dbc116de701cb6f61799e56ad4d37d9f65ddd2e
officehome_convnext_frozen__split04__seed3,officehome,frozen,2,1005,1005,613,0.39004975124378105,6,32370066b54bc4446ae9fc963a3ac74ac3573d6f70e66dfcaeda37bb6bf65aa1
officehome_convnext_frozen__split04__seed3,officehome,frozen,3,1024,1024,645,0.3701171875,5,4a0729d195ae49001205a8ff8f790e73efac574fdd1e22cf88f03a6ba6147c81
officehome_convnext_frozen__split04__seed4,officehome,frozen,0,526,526,325,0.3821292775665399,4,387c119d6c462333941fe601864caf53885478dcd2da41b64753ac700dc41a17
officehome_convnext_frozen__split04__seed4,officehome,frozen,1,961,961,598,0.3777315296566077,6,0ba5090ad0e86e62b5e3357b2d4c710f01029aaaba90b0cf1b61fc94fa175292
officehome_convnext_frozen__split04__seed4,officehome,frozen,2,1005,1005,642,0.3611940298507462,5,6e8d6a8f3ba747e7481d60572e87469b4e5dbb2db7d8c006f618d2ecbd850f2c
officehome_convnext_frozen__split04__seed4,officehome,frozen,3,1024,1024,659,0.3564453125,6,5227f76f2f5711b42c57ff54b7d0efb7641b4b429716e7ed6d490db9aec2b327
officehome_convnext_frozen__split05__seed0,officehome,frozen,0,546,546,353,0.35347985347985345,6,081823996e63623feb0a1da52e72995f14a3fffd2dc6aad607a69d6b3de07c0a
officehome_convnext_frozen__split05__seed0,officehome,frozen,1,964,964,598,0.3796680497925311,5,ebc4308f300800d49823384f8038e60542d9894b5f8e907ae666a6c7a451a681
officehome_convnext_frozen__split05__seed0,officehome,frozen,2,1006,1006,645,0.3588469184890656,6,928149d66bf3b374548da1a0c24b3a86f7cb3b35ccf2c86d550683a466d6a787
officehome_convnext_frozen__split05__seed0,officehome,frozen,3,1016,1016,644,0.3661417322834646,6,816796725ae98aaf44ddfdea812d16d5c1059fa564e6bc245ad3fb4326836589
officehome_convnext_frozen__split05__seed1,officehome,frozen,0,546,546,344,0.36996336996337,5,1696c7f1d47505a7aec428fb720f48088e52ab938e1c6eb4fa88dc7f7a3390cc
officehome_convnext_frozen__split05__seed1,officehome,frozen,1,964,964,607,0.3703319502074689,6,2011ddc2e66d16f81078d46fa9ecf6efda85b3d1b8753a8f45a525d420ec566a
officehome_convnext_frozen__split05__seed1,officehome,frozen,2,1006,1006,653,0.3508946322067594,7,e264011e5ea53d53a41f416b7871c63d784100f588c54935ca546ec67ed74cad
officehome_convnext_frozen__split05__seed1,officehome,frozen,3,1016,1016,649,0.3612204724409449,6,d5039e882f988ffedf22d9d04dcb10b5722d23058ff835f4a719edfa96d82124
officehome_convnext_frozen__split05__seed2,officehome,frozen,0,546,546,361,0.33882783882783885,5,0ff15510f5f8b1ef33575a56603c9b95144dc721910afaac1ca60ad67028c417
officehome_convnext_frozen__split05__seed2,officehome,frozen,1,964,964,604,0.37344398340248963,5,ec686dfa521613c2721da13bcd2e9676e8858efdfd532f35f026cf183dd7852e
officehome_convnext_frozen__split05__seed2,officehome,frozen,2,1006,1006,621,0.38270377733598404,7,5ba87f6d657ae0dd8b643aca89393fc50066981a4c68710d1b350f18e312f8b8
officehome_convnext_frozen__split05__seed2,officehome,frozen,3,1016,1016,669,0.3415354330708661,5,789f743212617aaf8fe92fb75c6770823e060dc9c0fc47e5ee62cf90d90dfb11
officehome_convnext_frozen__split05__seed3,officehome,frozen,0,546,546,344,0.36996336996337,5,f6cd231e98cff9114041269c0c5dd01d664531c82c66aeddd30a9ef67982fe8c
officehome_convnext_frozen__split05__seed3,officehome,frozen,1,964,964,605,0.3724066390041494,6,69daf313e4df092dbe0c152ca69ae1b74f8af68e3dc66aece65c366071ff2c87
officehome_convnext_frozen__split05__seed3,officehome,frozen,2,1006,1006,636,0.3677932405566601,6,9b6d91eec4ebaabe0461981ab0382fbec32c869900422491468fdd07adc8157f
officehome_convnext_frozen__split05__seed3,officehome,frozen,3,1016,1016,635,0.375,5,47e512265f1991721f3bde43a5aca71f73778804580ec5e0aeb821fb57d39a5a
officehome_convnext_frozen__split05__seed4,officehome,frozen,0,546,546,348,0.3626373626373627,4,bed55a6436b613b696a0eab46f49dc96ba51ae883189df4f24c381113db14cb1
officehome_convnext_frozen__split05__seed4,officehome,frozen,1,964,964,624,0.3526970954356846,6,91e8618b5bbce3bd58f996bd823b555542e75caaba021e5fce3016ae462dfa04
officehome_convnext_frozen__split05__seed4,officehome,frozen,2,1006,1006,629,0.3747514910536779,6,140ff96d1db451e107e3ba27f3fbfb2b9488e6188ea96abca6add5a0be060fac
officehome_convnext_frozen__split05__seed4,officehome,frozen,3,1016,1016,642,0.36811023622047245,5,bd8db7f2a07531d04371c837a7b53d5f96ca4221c63f6c1a1ff56f7390a50e8d
officehome_convnext_frozen__split06__seed0,officehome,frozen,0,532,532,335,0.37030075187969924,5,8b533c16c0744b24bdb5fe0bf7b6ea0b449e156e60e41817684bec7215f6088c
officehome_convnext_frozen__split06__seed0,officehome,frozen,1,1032,1032,639,0.3808139534883721,5,9f95c711bb5cebd05a32b55407ead43154c32d30604219972186602143296155
officehome_convnext_frozen__split06__seed0,officehome,frozen,2,1011,1011,627,0.3798219584569733,5,982d791957ef549ec57e91e1051b83a9d3390038bc58141451cc0def19ee8bc9
officehome_convnext_frozen__split06__seed0,officehome,frozen,3,997,997,634,0.3640922768304915,6,ba3edaa7c3e55f1f8b5ef07aa92f3fdbc586b43fff8815f79695661322e1f4dd
officehome_convnext_frozen__split06__seed1,officehome,frozen,0,532,532,328,0.3834586466165414,5,c3e186fafb34072df3417f26c539ccaad1e0eed9080105e91764248a6b2f442e
officehome_convnext_frozen__split06__seed1,officehome,frozen,1,1032,1032,658,0.3624031007751938,6,803e7e05ba45657c9ef424979fabc7c0b57afd539a6c5dc06e73d3d452087948
officehome_convnext_frozen__split06__seed1,officehome,frozen,2,1011,1011,641,0.36597428288822953,5,da9a54763201ffbb161fed3457efc6f7a2ca36d50ac0396f59fe487ea750772a
officehome_convnext_frozen__split06__seed1,officehome,frozen,3,997,997,626,0.3721163490471414,5,d7759638c8e0d5ab8e2328d6bb6c32c998372516ac6f248fca68450f5c4ca25b
officehome_convnext_frozen__split06__seed2,officehome,frozen,0,532,532,338,0.36466165413533835,5,66a0574887b1285bc8f4b4d7debaaa50d666e802ee9b8950e5c284dff9e17792
officehome_convnext_frozen__split06__seed2,officehome,frozen,1,1032,1032,653,0.36724806201550386,6,160f7b879eedd2de17836092d9dff16c6b5c7cf0610a3df29c3373170799ebba
officehome_convnext_frozen__split06__seed2,officehome,frozen,2,1011,1011,637,0.3699307616221563,5,8428bc6da5bf5659d2ba0a36fd07e55a4737ae37eb8ad0be5baf361421fa82bf
officehome_convnext_frozen__split06__seed2,officehome,frozen,3,997,997,639,0.3590772316950852,7,1c43299bd641665411dbe7892a5c71dd8805d55b5bb701c4dd4c9df34c8bf52e
officehome_convnext_frozen__split06__seed3,officehome,frozen,0,532,532,327,0.38533834586466165,5,f458df9b514625c0798b7014a18d94148d9c5d2691df1178be6d489abd6bb9df
officehome_convnext_frozen__split06__seed3,officehome,frozen,1,1032,1032,651,0.3691860465116279,6,51034f63bbfe6c9d8627f5c2d9c1501154306cc9c75bdfb96933dbbefc877ff6
officehome_convnext_frozen__split06__seed3,officehome,frozen,2,1011,1011,632,0.3748763600395648,5,f2787948f3208e7ba2667ab999a1372becc6441a699d401a709dc480e40ffe3a
officehome_convnext_frozen__split06__seed3,officehome,frozen,3,997,997,628,0.37011033099297896,6,b706eb36480ded8d496fdc3e5f6fc2f4fd476bad640b470eb9d38300b7bbd07d
officehome_convnext_frozen__split06__seed4,officehome,frozen,0,532,532,333,0.37406015037593987,5,89f15ff406924dc45ae1bacb3eb847f4e77d80a477dd032884b5a6c9668a249d
officehome_convnext_frozen__split06__seed4,officehome,frozen,1,1032,1032,659,0.36143410852713176,5,ee3642b8f9abdbd6ff593a6db3a03700ecd80d7cf954bfd36cec42bbc6be6123
officehome_convnext_frozen__split06__seed4,officehome,frozen,2,1011,1011,629,0.3778437190900099,4,67df856a7df01c2599e8ddc3694f3af8655eb9dc41b9d19e09e642de73f58a31
officehome_convnext_frozen__split06__seed4,officehome,frozen,3,997,997,612,0.3861584754262788,6,56df59b8105e2553cb65431457a2d1c18d35afbcaa65b77f05545c478c2461e8
officehome_convnext_frozen__split07__seed0,officehome,frozen,0,563,563,338,0.3996447602131439,6,45ea9bd83565ea90b87af776b07f214c6481e47d7e32d21f11faa89554afa9bd
officehome_convnext_frozen__split07__seed0,officehome,frozen,1,990,990,617,0.37676767676767675,6,ec99f2ee06a8521d147865f877392723d72bc97ef9244f6cb271eb2015077659
officehome_convnext_frozen__split07__seed0,officehome,frozen,2,998,998,634,0.3647294589178357,5,40fb82cfeab86259eaeaa4a88fb325095aad93832bdc891154f3b5f6b71425c2
officehome_convnext_frozen__split07__seed0,officehome,frozen,3,1002,1002,636,0.3652694610778443,5,cd1c795a853bde7fb644acdb708303f35e5ab79de93c820dee29c0bd5b381a7f
officehome_convnext_frozen__split07__seed1,officehome,frozen,0,563,563,360,0.3605683836589698,5,2408f0ab86e8817def3e85d9b623646ca9e316fa8b82d6e8d6df4b198c098126
officehome_convnext_frozen__split07__seed1,officehome,frozen,1,990,990,620,0.3737373737373737,4,90f1f868d6915d585f3e5a03f63ce1e9b0b7de9f5baa18c5ad193eeae7e3081e
officehome_convnext_frozen__split07__seed1,officehome,frozen,2,998,998,633,0.3657314629258517,5,ac677d21ea33caaa4bb32affd5a6ccacc9516bde02e6b225ae0afbf1d0978ed1
officehome_convnext_frozen__split07__seed1,officehome,frozen,3,1002,1002,611,0.3902195608782435,6,603f5eda97c55fee53db9fda70a626dbe9c84c3ee890f9fa09b72bad5ab851b7
officehome_convnext_frozen__split07__seed2,officehome,frozen,0,563,563,342,0.39253996447602135,4,b4fabaa97399ef98a4003d25700b1fae14214f676d8b2c3fbaa82f3be5f058ac
officehome_convnext_frozen__split07__seed2,officehome,frozen,1,990,990,633,0.3606060606060606,6,7bff6b63420012620cb8e57acb29b030cb990adf4a67eefd33a5ec7d7b196365
officehome_convnext_frozen__split07__seed2,officehome,frozen,2,998,998,631,0.36773547094188375,6,58f2d26ec85b6cfa44847cbe4e5a9e6a3a63c19e6ce0dfbe004872a7e099e48d
officehome_convnext_frozen__split07__seed2,officehome,frozen,3,1002,1002,620,0.38123752495009977,5,d15152a65d89031ddc2d93fd0d6e9144712a89017a55fd32e722bad66c48ff2d
officehome_convnext_frozen__split07__seed3,officehome,frozen,0,563,563,362,0.3570159857904085,5,c12a64436b43a147943e55db7d1d17ea60c8fb7fec5e997aafd88addbb065901
officehome_convnext_frozen__split07__seed3,officehome,frozen,1,990,990,643,0.35050505050505054,6,182e59a3cc7dc70de2cfa2631d1f50d99dc6d2b8bca90d1cc287faa984801eed
officehome_convnext_frozen__split07__seed3,officehome,frozen,2,998,998,623,0.375751503006012,4,fc1303bea2212e97f6e4e88fddccf530e479847eb5596d8a3a41a0b796c12559
officehome_convnext_frozen__split07__seed3,officehome,frozen,3,1002,1002,628,0.37325349301397204,5,b5d907e7177689f34766524f5df05e4350dd972e80ee752003034e220bd0c1e2
officehome_convnext_frozen__split07__seed4,officehome,frozen,0,563,563,346,0.3854351687388987,5,3d0ee8c9d26ad047a2d4480f6e3adc4a6f5df906faeda6981ac069b471ba4e00
officehome_convnext_frozen__split07__seed4,officehome,frozen,1,990,990,624,0.36969696969696975,8,2152e9a9e038b02ad89464e412023d9c7fee5f770f1799f480a1cb1f91f70a2c
officehome_convnext_frozen__split07__seed4,officehome,frozen,2,998,998,629,0.3697394789579158,5,e3337c3ca3e6496e4434af12bfd56449b76aff2df27e1c78a3ca3b2c4d5a9f41
officehome_convnext_frozen__split07__seed4,officehome,frozen,3,1002,1002,626,0.375249500998004,5,e1ba5070587ab208f5cabbd0458c35c9c0a1e9f090e60b61b3a2ce4bcc3af348
officehome_convnext_frozen__split08__seed0,officehome,frozen,0,531,531,331,0.37664783427495296,5,128470c34a6b7e8476dacc1ebbd4159cce020b03050a13f2298c63cef5bafff8
officehome_convnext_frozen__split08__seed0,officehome,frozen,1,953,953,613,0.3567681007345226,5,dd6eb6128f37e01e82c7cfe16df147a057ab84db5b765dfba6630d7996c3c1a9
officehome_convnext_frozen__split08__seed0,officehome,frozen,2,1021,1021,630,0.38295788442703227,5,35a81a6e4ea72e76ae56caf09a41c2ea71fe29c0db7feada15c2de5c7006489f
officehome_convnext_frozen__split08__seed0,officehome,frozen,3,1047,1047,668,0.36198662846227314,5,1d51618f751f6bd580f42b4cd1c45c4979f043b0ac9871a188b50deb706ddca9
officehome_convnext_frozen__split08__seed1,officehome,frozen,0,531,531,333,0.3728813559322034,5,71a85026e088cab403729a7b33c312bc109aa41b51d6681c84934a55fdba69fe
officehome_convnext_frozen__split08__seed1,officehome,frozen,1,953,953,594,0.37670514165792235,5,b74e424aec3ed4cb03483de5db3b235d8afad033749c94f207a9e451d5c4d1e8
officehome_convnext_frozen__split08__seed1,officehome,frozen,2,1021,1021,657,0.356513222331048,5,699e5b724d8c65a707e4c743f1b3a2617c446cab47004e9fc5b33f0b489dc0f5
officehome_convnext_frozen__split08__seed1,officehome,frozen,3,1047,1047,659,0.3705826170009551,5,8dfc5b53aab6029a7f7e73ce41fd99fdd79a237bbcee7138d041b4f01841bc93
officehome_convnext_frozen__split08__seed2,officehome,frozen,0,531,531,335,0.3691148775894538,6,19757cdbfd34b3c236cea964233bf5d956408baf71b40e6a7d2e1f8ca8ccfe27
officehome_convnext_frozen__split08__seed2,officehome,frozen,1,953,953,612,0.35781741867785943,5,497d3d9c8a424d966084b6d1111f62e358f8dce1615c7b062916385776da6eba
officehome_convnext_frozen__split08__seed2,officehome,frozen,2,1021,1021,654,0.3594515181194907,7,2512ea612d52d4d458896b9c9a2ac40cca6719369b6badd0ac6be96347a6950f
officehome_convnext_frozen__split08__seed2,officehome,frozen,3,1047,1047,652,0.3772683858643744,5,8aa95398b090ca922240cc203a8e7cba5b1c6aa8aeae5ec70bf41b10e62099e4
officehome_convnext_frozen__split08__seed3,officehome,frozen,0,531,531,333,0.3728813559322034,4,8032deb8a5a006885dadd5d58cd77879ef5e00aa6465efd3bc2c739dba12d178
officehome_convnext_frozen__split08__seed3,officehome,frozen,1,953,953,614,0.35571878279118574,6,885e8a183b99765fcae9c74359bb1cf11a2f142174eb1bd9b9b7dadc4bb8062a
officehome_convnext_frozen__split08__seed3,officehome,frozen,2,1021,1021,653,0.36043095004897163,6,37347cadae7572c1c23199442d9290f0ac2c003945c5a5a311b1653e526611a7
officehome_convnext_frozen__split08__seed3,officehome,frozen,3,1047,1047,658,0.37153772683858644,5,da7713b14df8469b6ee88795e8700b52625b4be72ce81f1c6c8dce88e3362174
officehome_convnext_frozen__split08__seed4,officehome,frozen,0,531,531,325,0.38794726930320156,5,6df20dc4bd73154b28bbdd4bfe8ba2fd8b216428373a80649539ed426d69f8e0
officehome_convnext_frozen__split08__seed4,officehome,frozen,1,953,953,594,0.37670514165792235,6,d8ac289a4372a0268ff3bc5fa32d1b9e5c4352279c65adfc1f615e9b014cca7e
officehome_convnext_frozen__split08__seed4,officehome,frozen,2,1021,1021,646,0.3672869735553379,5,33b36bce8f5bdb302e29fbae85a72d88fe76a77a85dc2796dfd046458984116a
officehome_convnext_frozen__split08__seed4,officehome,frozen,3,1047,1047,673,0.35721107927411655,5,3c8944676f6059da542bf9e079b65aba36a46ccc1937078c4851da3bba1a4de9
officehome_convnext_frozen__split09__seed0,officehome,frozen,0,534,534,332,0.37827715355805247,5,b4ca77928c2b82427b986d300890f60f32874974218987fc7c51afb4b050fa1b
officehome_convnext_frozen__split09__seed0,officehome,frozen,1,1005,1005,634,0.36915422885572136,5,48a3c4a5031fcd988746252f1d0771802e9d19f2569cb1738e757145f70bb3fd
officehome_convnext_frozen__split09__seed0,officehome,frozen,2,997,997,625,0.3731193580742227,5,22c1cff8021e596ab145d175572a339d986c01f4b039f7faf7e442fa1c43b97a
officehome_convnext_frozen__split09__seed0,officehome,frozen,3,1006,1006,644,0.3598409542743539,5,98fa0300b86b485847c6b5090392c9c84e59b56afe19107e34ec3bfe8fdc8ea9
officehome_convnext_frozen__split09__seed1,officehome,frozen,0,534,534,328,0.38576779026217234,5,a6ee9933bf42f25066b5e510ee47b30da9303da0af09f69ab10da75b64a9cac3
officehome_convnext_frozen__split09__seed1,officehome,frozen,1,1005,1005,633,0.37014925373134333,6,29066640340dee609df6ad7a12930224d95e3561799ccf3c605ee232dc04ebab
officehome_convnext_frozen__split09__seed1,officehome,frozen,2,997,997,620,0.3781344032096289,6,6504bf67663895fba2646a24a70d8818ef123de0ba5edd46b79f979a3638af95
officehome_convnext_frozen__split09__seed1,officehome,frozen,3,1006,1006,631,0.37276341948310143,5,617a74140a2ce246648b1e4d176d82350f8736adf3e9eecc2bf89c5bf13474fb
officehome_convnext_frozen__split09__seed2,officehome,frozen,0,534,534,352,0.34082397003745324,5,4ace1cf98c0e31d2961b3002b2d004c4a1408d9ee21fe440075bb58ce1b51fcc
officehome_convnext_frozen__split09__seed2,officehome,frozen,1,1005,1005,641,0.3621890547263682,5,3fc05521fd082cf3836a9d5d2166fc46effa8fb0c036a65e4f95199182f1f46a
officehome_convnext_frozen__split09__seed2,officehome,frozen,2,997,997,635,0.3630892678034102,5,f58d6bcfaeceb39c2cedfb7641ce0396854252aca463fc4ac7eae9daedd60d56
officehome_convnext_frozen__split09__seed2,officehome,frozen,3,1006,1006,645,0.3588469184890656,5,331231d6e30fe792abd300f816f50bea468402bef09b55a5a7d29a0bda31fd6b
officehome_convnext_frozen__split09__seed3,officehome,frozen,0,534,534,341,0.36142322097378277,6,f734fea780c369e222a69f1759251996dcf5db67a850ce5acdfd6c4bc6868b99
officehome_convnext_frozen__split09__seed3,officehome,frozen,1,1005,1005,628,0.37512437810945276,4,7afdc9ebf8eb04e76aec7192d68645113478841f15a2e0143dd867d99a703a76
officehome_convnext_frozen__split09__seed3,officehome,frozen,2,997,997,632,0.36609829488465395,6,fff939609059db1f87881a9bf61ad5f09a3348a8714b143e0a57618d28b2ab91
officehome_convnext_frozen__split09__seed3,officehome,frozen,3,1006,1006,622,0.3817097415506958,5,59b4a71e9cb59c2a312f313b58c57e9b9ba813a46a38386aa0b9734dfcd1d1a9
officehome_convnext_frozen__split09__seed4,officehome,frozen,0,534,534,339,0.3651685393258427,5,8c477a1f855d194d7a6d1bf344c79abd0694ed836958bb6d2e392962edf362a9
officehome_convnext_frozen__split09__seed4,officehome,frozen,1,1005,1005,632,0.3711442786069652,6,3d5b3a279f161addfa3dcf1480a2e56934f719425a67d003b5f5b13af3f8677f
officehome_convnext_frozen__split09__seed4,officehome,frozen,2,997,997,628,0.37011033099297896,6,4ad56f12a04037c8b16ab0bbe9712ac476f19d26be84cad0be7e96fd885de427
officehome_convnext_frozen__split09__seed4,officehome,frozen,3,1006,1006,637,0.36679920477137173,5,83cd08339993f11980b929fa14d6ca78d80d1c832cd64e5556ec1b60c1d7bfae
officehome_convnext_full__split00__seed0,officehome,full,0,510,510,324,0.3647058823529412,5,2f38327e8f9cd3447a7973907a3d2b1865131dd22cf2013fac445f37082986c6
officehome_convnext_full__split00__seed0,officehome,full,1,978,978,620,0.36605316973415136,5,ddbce9d07ede95be22b51c71aaa9ecd8d04e915cddf60019cda745621ffa97d3
officehome_convnext_full__split00__seed0,officehome,full,2,997,997,634,0.3640922768304915,5,4e3c4dbc4a53cbfe97df03147e7d81bcbdf2229484fc04cca71d2514343062ec
officehome_convnext_full__split00__seed0,officehome,full,3,1000,1000,630,0.37,5,bd8a927a88d6a78df0dda025488b03c3552a1eba0385576ae9dbd426a6f3aed0
officehome_convnext_full__split00__seed1,officehome,full,0,510,510,311,0.3901960784313725,6,12e19b3084f4b961f736c2ecc257f8e7c60e8c8359c00a83f89e3f8c54163cc5
officehome_convnext_full__split00__seed1,officehome,full,1,978,978,623,0.3629856850715747,6,94e33cec98d1f9026276b9d9452634f04685a61bf85e0b4d66223d7ea31c8109
officehome_convnext_full__split00__seed1,officehome,full,2,997,997,635,0.3630892678034102,6,89c93b63c2e9352ed4d4af0ca32000bab2bac6295a66d62b89696a3066625601
officehome_convnext_full__split00__seed1,officehome,full,3,1000,1000,635,0.365,5,c6f15c4a5b06c01c908d7b51ee9d9be277f8edbd74a8781c62f8b7bca31390d2
officehome_convnext_full__split00__seed2,officehome,full,0,510,510,331,0.3509803921568627,5,adcedd2ed90f1bac0baf3a6431b41d85e309b63464e2754f1bbabfdc5e2e9ab7
officehome_convnext_full__split00__seed2,officehome,full,1,978,978,606,0.3803680981595092,5,b701263c2562e2f4e0726c858717b088ac9802d71782a4540072743ff9d7ab01
officehome_convnext_full__split00__seed2,officehome,full,2,997,997,610,0.38816449348044135,5,5f1d19c3457dfa30ce66e491aa40fb4b0b2cad3467ea1018c17b58201ff6f95b
officehome_convnext_full__split00__seed2,officehome,full,3,1000,1000,629,0.371,7,f07998e8d2231643f2ddca708a7e208f77f27620a6980b4b16b7b01c93d04b78
officehome_convnext_full__split00__seed3,officehome,full,0,510,510,330,0.3529411764705882,4,f996410c17cd83b55fbf770e28d19558026629f27a8ba275def66de21bff3827
officehome_convnext_full__split00__seed3,officehome,full,1,978,978,611,0.37525562372188137,7,df6befd108b1b92e62e59f1212a7a88c5a22fdb44bb173a950ea77954efa2bb1
officehome_convnext_full__split00__seed3,officehome,full,2,997,997,623,0.37512537612838515,6,d67f568c948f342c31ed97b7969d3597b4b35c8fdca9640093614eaa12ecd25f
officehome_convnext_full__split00__seed3,officehome,full,3,1000,1000,627,0.373,6,a8ca83000b09e7d89510a3aef018b873e3b13fbbc0f8e9920189492137bb4c95
officehome_convnext_full__split00__seed4,officehome,full,0,510,510,323,0.3666666666666667,6,21438b3a01a70204b2bd18da776920910347fc4bd0ec509ceb2371ea5dce7cdf
officehome_convnext_full__split00__seed4,officehome,full,1,978,978,611,0.37525562372188137,6,a125febf01c64ccf008c3effd4cae3f733d234363eb14d292926a5ccae8898f7
officehome_convnext_full__split00__seed4,officehome,full,2,997,997,620,0.3781344032096289,5,640ae647e01381a7ef44dbee6dd455a68814229c5b96f4ea6b44913d7c57f245
officehome_convnext_full__split00__seed4,officehome,full,3,1000,1000,623,0.377,6,3e591ca2bdf2c3523fe9fdd1c968803ace336ef513f38cfdd5a085d3c6641ae4
officehome_convnext_full__split01__seed0,officehome,full,0,562,562,347,0.3825622775800712,5,9a0c0cc82cd39ce116d31e9fe53c8f0ebb07236d8a3f6182d016a8397066113c
officehome_convnext_full__split01__seed0,officehome,full,1,990,990,610,0.38383838383838387,6,2506bc1e56b53d82772798b08408eb3047588d638c1252a6575c8546d89618de
officehome_convnext_full__split01__seed0,officehome,full,2,995,995,652,0.34472361809045227,5,b112c2e0841ca77fefa02101583d1a8f91eb7a5ae4448ce5c10d808139afe0bb
officehome_convnext_full__split01__seed0,officehome,full,3,1024,1024,649,0.3662109375,6,809904ee620ae69869b133c1f2ab71d0dac2c0cd7e9b8e80669164b7996e674e
officehome_convnext_full__split01__seed1,officehome,full,0,562,562,367,0.3469750889679716,5,b28de1a80b705ccf7a257d6d19992a730208a34acaefaf962018d8de12d5ebd7
officehome_convnext_full__split01__seed1,officehome,full,1,990,990,633,0.3606060606060606,5,b5ec84b210d3e3f2b30e0d521c1885a919faa5accc469247370152e7f16539af
officehome_convnext_full__split01__seed1,officehome,full,2,995,995,637,0.35979899497487433,6,4acf505ed7be56ba66296ed79fbef54ac6f51caf977884a44c41bff5ee80c700
officehome_convnext_full__split01__seed1,officehome,full,3,1024,1024,655,0.3603515625,5,d37649ebe3f20b6c474d2210c113d183457d218f4453f18737ff866c9b284cb9
officehome_convnext_full__split01__seed2,officehome,full,0,562,562,347,0.3825622775800712,6,62d2fce9594f6086d1e9605b74ab520c83a0e1e4767542bb874fdfd7efd7ad42
officehome_convnext_full__split01__seed2,officehome,full,1,990,990,624,0.36969696969696975,5,1ce7772ff5b76d460b564d4d085f6e71968a8b39b015f357487c0d60f41d3035
officehome_convnext_full__split01__seed2,officehome,full,2,995,995,642,0.3547738693467337,5,effed28169845f9ecab6ff5ae8067801eb85abee0aba36c481ad4ae6fe1bd81e
officehome_convnext_full__split01__seed2,officehome,full,3,1024,1024,651,0.3642578125,5,508ad6b98c87be80b8343c92ef0caf66d3f657dc8f51fda9a6559aa99449361e
officehome_convnext_full__split01__seed3,officehome,full,0,562,562,351,0.3754448398576512,5,5981db8faae1c0f5b799fe02f89d58378106b7cf47bfb1e8b6721446c356281d
officehome_convnext_full__split01__seed3,officehome,full,1,990,990,615,0.3787878787878788,7,a33c4ce57a7266442f0d6c02f1a81302233ce2743266026df0a91146a119ebe1
officehome_convnext_full__split01__seed3,officehome,full,2,995,995,622,0.3748743718592965,6,fed4962d085ea63a4d2dbe8688544f3f5cbdbd0d76abb496018c2a8b74cf2305
officehome_convnext_full__split01__seed3,officehome,full,3,1024,1024,653,0.3623046875,5,36c88cb1a72bb23d34f41872e4de7b93e0f4183df157a5afca9ad7a849e38a3b
officehome_convnext_full__split01__seed4,officehome,full,0,562,562,350,0.37722419928825623,5,db83fecd438ca7b3138864f183eb274dc5214ef95673fc8983f379915290f3fa
officehome_convnext_full__split01__seed4,officehome,full,1,990,990,631,0.36262626262626263,7,c8b841fa9109520707df7b126208fb628ccfeb673ca077182c0ec299647f46d9
officehome_convnext_full__split01__seed4,officehome,full,2,995,995,610,0.3869346733668342,5,7e5e371d62d663b527a616a42cdbdcce6ec316b2bd0f308bd4d7adbf0bedcf50
officehome_convnext_full__split01__seed4,officehome,full,3,1024,1024,664,0.3515625,6,00c0972dd92ffacb7c71a2a45fdbd504ad84ef8ba6603491514e84a2869a43ab
officehome_convnext_full__split02__seed0,officehome,full,0,536,536,330,0.3843283582089553,4,547c0888b7ccf1ed6df54471557a5e7d92ac4dd924c02e1e9dd9763e70cbc579
officehome_convnext_full__split02__seed0,officehome,full,1,978,978,625,0.3609406952965235,6,f290063076ea8f334db78fe630b14dca8c4ef8054c7fa05a10f680afeeec4ea5
officehome_convnext_full__split02__seed0,officehome,full,2,1017,1017,644,0.3667649950835792,5,51896d78d2df36b13fd46ae2ec43f706450057905017d37f3622db4660337c02
officehome_convnext_full__split02__seed0,officehome,full,3,1017,1017,643,0.36774827925270404,5,eff18a4c76a7994b123270e1f2ad6003b947c8f1edb38c8f8a38f2de73c6a088
officehome_convnext_full__split02__seed1,officehome,full,0,536,536,345,0.35634328358208955,5,0f4de049058408e148d4381aec8a5e1aabb0ef58fd215e5b9bf98bd4396e0a00
officehome_convnext_full__split02__seed1,officehome,full,1,978,978,598,0.38854805725971375,5,9ae8f0e35a1867195b562576942ccd64559d87d2a45ad501972a27cf4ef42770
officehome_convnext_full__split02__seed1,officehome,full,2,1017,1017,642,0.3687315634218289,5,1161e13d4dad3759d951bcb8e61b44b6909199730d0a0b7bc43524f95fa22309
officehome_convnext_full__split02__seed1,officehome,full,3,1017,1017,644,0.3667649950835792,6,36a0c22b595b93d0f39fc44c417d377de95ad3678f81259466e982d908a9d719
officehome_convnext_full__split02__seed2,officehome,full,0,536,536,332,0.3805970149253731,7,55a7625c0ea4eb28f89117a489c50ae8265d9b0ec39be3db61b7f2789ffe6c16
officehome_convnext_full__split02__seed2,officehome,full,1,978,978,606,0.3803680981595092,6,d388d037841f10ec15312a0fe9d7dbca896a8311d4f28bd371db7dcf0f8d4f22
officehome_convnext_full__split02__seed2,officehome,full,2,1017,1017,635,0.3756145526057031,6,6e9451a85851c47d907c2cbd0c3e962cafcc305cc6255e8222e5cd184bf6508a
officehome_convnext_full__split02__seed2,officehome,full,3,1017,1017,630,0.38053097345132747,5,2fb59ffe7978bb00412df6162cd4cf59b562bac2255164b95672cc098c54ef9e
officehome_convnext_full__split02__seed3,officehome,full,0,536,536,335,0.375,7,7335c3e58ca5ccb3a4c505ceb3216c04bd32b13e2973390e5c6507fbd54e7116
officehome_convnext_full__split02__seed3,officehome,full,1,978,978,622,0.3640081799591002,5,1c27f7cae397d0df6d4bb38137417da44333bcd0a1704c03d760d4640e03705d
officehome_convnext_full__split02__seed3,officehome,full,2,1017,1017,653,0.3579154375614553,5,d3b1bc4f6ff41a093fe80c84553f150398a003c3918bf71f7f1fe565b18ce685
officehome_convnext_full__split02__seed3,officehome,full,3,1017,1017,622,0.3883972468043264,6,7dc56434d607eb55b73c390c5f973ed65a9c92e6b1415d0100c781a9bb937e3e
officehome_convnext_full__split02__seed4,officehome,full,0,536,536,332,0.3805970149253731,5,f8d6961e4ea6888d734eeef045e8fa3c13a2f80d19bca958e380bbe51eb5b728
officehome_convnext_full__split02__seed4,officehome,full,1,978,978,633,0.352760736196319,5,b4aa353943eccd56001490bd54e6a814c029f17f1e73deff9a42beda5f403e2e
officehome_convnext_full__split02__seed4,officehome,full,2,1017,1017,633,0.3775811209439528,7,b53119fb099d4334e67e6b280ff579e3f1a41501979d485ed41c49606a83aadc
officehome_convnext_full__split02__seed4,officehome,full,3,1017,1017,627,0.38348082595870203,6,0c00393496c4a23b64515b95515d9d361b0a402df969d9217b6da98650e48195
officehome_convnext_full__split03__seed0,officehome,full,0,561,561,350,0.3761140819964349,5,c2a2bec28a212f53a0e820ab3bdeb466993ae55d448bf5f8d51d24cd3c466db3
officehome_convnext_full__split03__seed0,officehome,full,1,1016,1016,649,0.3612204724409449,5,3f282cfdc2f65564a291cbdbbcb18f36d412da3d9a638bd3b92c2074f8386929
officehome_convnext_full__split03__seed0,officehome,full,2,992,992,611,0.38407258064516125,6,2083179eaac520f7375a94343fd7ed2e5785df3a56db55ef1ca8e9d776fedcad
officehome_convnext_full__split03__seed0,officehome,full,3,1010,1010,655,0.35148514851485146,6,ce661ed2e9b192be21a72242cdc7cbf90c701bb39bcf62f867d6bbe5454301a5
officehome_convnext_full__split03__seed1,officehome,full,0,561,561,346,0.3832442067736186,5,ce541a1ab03f773ab82165793e454411677ce56756e9a251e8e97fb691f43b52
officehome_convnext_full__split03__seed1,officehome,full,1,1016,1016,643,0.3671259842519685,5,2b23b1b9bd15879ca9d17c9e3c0b2a3334137105fb1878094c4e916fa8b40cff
officehome_convnext_full__split03__seed1,officehome,full,2,992,992,634,0.3608870967741935,5,9d8ca613292d3a5070d438442dc58c09d94f8db939fba5b05d4e3706620fc99e
officehome_convnext_full__split03__seed1,officehome,full,3,1010,1010,635,0.3712871287128713,5,6c761a88e7d12e849335e522afcc0f7f1bfa362983bf7f38f1fd1d25eb10ddba
officehome_convnext_full__split03__seed2,officehome,full,0,561,561,354,0.36898395721925137,6,83f2e1731c581ad41b99d22fcd72b99f01107c9bb84d7b37692ff3448ce0d2cb
officehome_convnext_full__split03__seed2,officehome,full,1,1016,1016,647,0.3631889763779528,5,530b43fde3574325d1d624ef01d0456e047cc6cb68b80288f9fb39ba07547ac3
officehome_convnext_full__split03__seed2,officehome,full,2,992,992,640,0.3548387096774194,6,7aa1540e9798d389c0d476b852b9c4d87d04200c4f78e52b0a5c13f5aadc20d4
officehome_convnext_full__split03__seed2,officehome,full,3,1010,1010,660,0.3465346534653465,5,08bd7c297452ab99d439d7be882bf0d2abdebba943be9a3552d210e19e88c0e5
officehome_convnext_full__split03__seed3,officehome,full,0,561,561,356,0.3654188948306596,5,fa63293f7296c40558ba6c663f24ca4d3fe74eab9e06d9ad15845090d9682991
officehome_convnext_full__split03__seed3,officehome,full,1,1016,1016,642,0.36811023622047245,6,9c0326b307fa1c0454e954a2e74674352965f7290767bb4838f89e501f2990a0
officehome_convnext_full__split03__seed3,officehome,full,2,992,992,629,0.36592741935483875,5,cba7f70fffcb31342bafaa947834b30dcb3cfd45edf5b65f0c20cf71792f316c
officehome_convnext_full__split03__seed3,officehome,full,3,1010,1010,644,0.36237623762376237,7,1baec6035467cc43ccdfad27d2d155afcd8503fe01bf07607b72c22bfd7631f5
officehome_convnext_full__split03__seed4,officehome,full,0,561,561,353,0.3707664884135472,6,c8796774299bb316dd5cd168ea6260b71862edfac80861e15f8ee9917e7d67c3
officehome_convnext_full__split03__seed4,officehome,full,1,1016,1016,663,0.3474409448818898,5,d39078911adc59769d4ffda9008f2d444853b9b2c66e61ed595bbcd7540e3882
officehome_convnext_full__split03__seed4,officehome,full,2,992,992,644,0.35080645161290325,5,ec939567a740cbd0d63f4d27a97beaaa8465181c89c48b8442267f1bfdbbaf4d
officehome_convnext_full__split03__seed4,officehome,full,3,1010,1010,652,0.35445544554455444,5,7392977fde53ea7bb59574fc4ddd83171d6ca18c19bb04bd792cf2cd816f93eb
officehome_convnext_full__split04__seed0,officehome,full,0,526,526,346,0.3422053231939164,5,c7c2baf3d15a6a2f4a692c85c6042a9c9420b15d270f954d41c3f2ddf7592712
officehome_convnext_full__split04__seed0,officehome,full,1,961,961,593,0.38293444328824144,6,485b69416240668ea2118cf03a2bc3a75e2ccaa1169f3068cdb594bc117a37ba
officehome_convnext_full__split04__seed0,officehome,full,2,1005,1005,642,0.3611940298507462,4,4559cf134cfe16306a03c98741453f8f81e455c9629a4a1aa176154544e0547a
officehome_convnext_full__split04__seed0,officehome,full,3,1024,1024,642,0.373046875,6,4e3df5ee2477e58efb7079da58fe1c4af1aa0586e583407b13a9b379b1380c5f
officehome_convnext_full__split04__seed1,officehome,full,0,526,526,319,0.3935361216730038,5,24cb5f877dd9cdc51885bebf1af8f5f606d8157a053cfc4bd07c8457e87771f5
officehome_convnext_full__split04__seed1,officehome,full,1,961,961,599,0.37669094693028093,5,6ff34f568900adc81e444e3cfd7668719175993c17c6eef709610d83d94aca99
officehome_convnext_full__split04__seed1,officehome,full,2,1005,1005,630,0.3731343283582089,5,f4a826f168ae367888dac167b7a26fd2ad021332d6d3aae5201a8241b15b0b3d
officehome_convnext_full__split04__seed1,officehome,full,3,1024,1024,652,0.36328125,5,860079050ae58c9432aebc9309ea239ad24492660e8b015a737d9d4226ac89d5
officehome_convnext_full__split04__seed2,officehome,full,0,526,526,343,0.3479087452471483,5,ee268f6ecedda410f78768cc9607fe378b6d7951d6403e0c078c950cdc7d9e4e
officehome_convnext_full__split04__seed2,officehome,full,1,961,961,613,0.36212278876170656,6,ecc16663c440d9438bb5e1255642f0ab8d56862b51ce34875804568418e030b0
officehome_convnext_full__split04__seed2,officehome,full,2,1005,1005,638,0.3651741293532338,5,076a87baa9a7ebcf7f95d8f0c54f97caa84b030ba70b48a054725d289bd3e6ec
officehome_convnext_full__split04__seed2,officehome,full,3,1024,1024,649,0.3662109375,5,ac61835b02fe7d655fa7c1345a45ee19129ec1fd513a943ecdcb0eae3ae72af4
officehome_convnext_full__split04__seed3,officehome,full,0,526,526,336,0.3612167300380228,5,84da2d83d0e9f6b961127d550918b7bd39cbb46dfdeb0ebf66fdde4cf5893b04
officehome_convnext_full__split04__seed3,officehome,full,1,961,961,608,0.3673257023933403,5,3695b3590eb97e99f73b06da0dbc116de701cb6f61799e56ad4d37d9f65ddd2e
officehome_convnext_full__split04__seed3,officehome,full,2,1005,1005,613,0.39004975124378105,6,32370066b54bc4446ae9fc963a3ac74ac3573d6f70e66dfcaeda37bb6bf65aa1
officehome_convnext_full__split04__seed3,officehome,full,3,1024,1024,645,0.3701171875,5,4a0729d195ae49001205a8ff8f790e73efac574fdd1e22cf88f03a6ba6147c81
officehome_convnext_full__split04__seed4,officehome,full,0,526,526,325,0.3821292775665399,4,387c119d6c462333941fe601864caf53885478dcd2da41b64753ac700dc41a17
officehome_convnext_full__split04__seed4,officehome,full,1,961,961,598,0.3777315296566077,6,0ba5090ad0e86e62b5e3357b2d4c710f01029aaaba90b0cf1b61fc94fa175292
officehome_convnext_full__split04__seed4,officehome,full,2,1005,1005,642,0.3611940298507462,5,6e8d6a8f3ba747e7481d60572e87469b4e5dbb2db7d8c006f618d2ecbd850f2c
officehome_convnext_full__split04__seed4,officehome,full,3,1024,1024,659,0.3564453125,6,5227f76f2f5711b42c57ff54b7d0efb7641b4b429716e7ed6d490db9aec2b327
officehome_convnext_full__split05__seed0,officehome,full,0,546,546,353,0.35347985347985345,6,081823996e63623feb0a1da52e72995f14a3fffd2dc6aad607a69d6b3de07c0a
officehome_convnext_full__split05__seed0,officehome,full,1,964,964,598,0.3796680497925311,5,ebc4308f300800d49823384f8038e60542d9894b5f8e907ae666a6c7a451a681
officehome_convnext_full__split05__seed0,officehome,full,2,1006,1006,645,0.3588469184890656,6,928149d66bf3b374548da1a0c24b3a86f7cb3b35ccf2c86d550683a466d6a787
officehome_convnext_full__split05__seed0,officehome,full,3,1016,1016,644,0.3661417322834646,6,816796725ae98aaf44ddfdea812d16d5c1059fa564e6bc245ad3fb4326836589
officehome_convnext_full__split05__seed1,officehome,full,0,546,546,344,0.36996336996337,5,1696c7f1d47505a7aec428fb720f48088e52ab938e1c6eb4fa88dc7f7a3390cc
officehome_convnext_full__split05__seed1,officehome,full,1,964,964,607,0.3703319502074689,6,2011ddc2e66d16f81078d46fa9ecf6efda85b3d1b8753a8f45a525d420ec566a
officehome_convnext_full__split05__seed1,officehome,full,2,1006,1006,653,0.3508946322067594,7,e264011e5ea53d53a41f416b7871c63d784100f588c54935ca546ec67ed74cad
officehome_convnext_full__split05__seed1,officehome,full,3,1016,1016,649,0.3612204724409449,6,d5039e882f988ffedf22d9d04dcb10b5722d23058ff835f4a719edfa96d82124
officehome_convnext_full__split05__seed2,officehome,full,0,546,546,361,0.33882783882783885,5,0ff15510f5f8b1ef33575a56603c9b95144dc721910afaac1ca60ad67028c417
officehome_convnext_full__split05__seed2,officehome,full,1,964,964,604,0.37344398340248963,5,ec686dfa521613c2721da13bcd2e9676e8858efdfd532f35f026cf183dd7852e
officehome_convnext_full__split05__seed2,officehome,full,2,1006,1006,621,0.38270377733598404,7,5ba87f6d657ae0dd8b643aca89393fc50066981a4c68710d1b350f18e312f8b8
officehome_convnext_full__split05__seed2,officehome,full,3,1016,1016,669,0.3415354330708661,5,789f743212617aaf8fe92fb75c6770823e060dc9c0fc47e5ee62cf90d90dfb11
officehome_convnext_full__split05__seed3,officehome,full,0,546,546,344,0.36996336996337,5,f6cd231e98cff9114041269c0c5dd01d664531c82c66aeddd30a9ef67982fe8c
officehome_convnext_full__split05__seed3,officehome,full,1,964,964,605,0.3724066390041494,6,69daf313e4df092dbe0c152ca69ae1b74f8af68e3dc66aece65c366071ff2c87
officehome_convnext_full__split05__seed3,officehome,full,2,1006,1006,636,0.3677932405566601,6,9b6d91eec4ebaabe0461981ab0382fbec32c869900422491468fdd07adc8157f
officehome_convnext_full__split05__seed3,officehome,full,3,1016,1016,635,0.375,5,47e512265f1991721f3bde43a5aca71f73778804580ec5e0aeb821fb57d39a5a
officehome_convnext_full__split05__seed4,officehome,full,0,546,546,348,0.3626373626373627,4,bed55a6436b613b696a0eab46f49dc96ba51ae883189df4f24c381113db14cb1
officehome_convnext_full__split05__seed4,officehome,full,1,964,964,624,0.3526970954356846,6,91e8618b5bbce3bd58f996bd823b555542e75caaba021e5fce3016ae462dfa04
officehome_convnext_full__split05__seed4,officehome,full,2,1006,1006,629,0.3747514910536779,6,140ff96d1db451e107e3ba27f3fbfb2b9488e6188ea96abca6add5a0be060fac
officehome_convnext_full__split05__seed4,officehome,full,3,1016,1016,642,0.36811023622047245,5,bd8db7f2a07531d04371c837a7b53d5f96ca4221c63f6c1a1ff56f7390a50e8d
officehome_convnext_full__split06__seed0,officehome,full,0,532,532,335,0.37030075187969924,5,8b533c16c0744b24bdb5fe0bf7b6ea0b449e156e60e41817684bec7215f6088c
officehome_convnext_full__split06__seed0,officehome,full,1,1032,1032,639,0.3808139534883721,5,9f95c711bb5cebd05a32b55407ead43154c32d30604219972186602143296155
officehome_convnext_full__split06__seed0,officehome,full,2,1011,1011,627,0.3798219584569733,5,982d791957ef549ec57e91e1051b83a9d3390038bc58141451cc0def19ee8bc9
officehome_convnext_full__split06__seed0,officehome,full,3,997,997,634,0.3640922768304915,6,ba3edaa7c3e55f1f8b5ef07aa92f3fdbc586b43fff8815f79695661322e1f4dd
officehome_convnext_full__split06__seed1,officehome,full,0,532,532,328,0.3834586466165414,5,c3e186fafb34072df3417f26c539ccaad1e0eed9080105e91764248a6b2f442e
officehome_convnext_full__split06__seed1,officehome,full,1,1032,1032,658,0.3624031007751938,6,803e7e05ba45657c9ef424979fabc7c0b57afd539a6c5dc06e73d3d452087948
officehome_convnext_full__split06__seed1,officehome,full,2,1011,1011,641,0.36597428288822953,5,da9a54763201ffbb161fed3457efc6f7a2ca36d50ac0396f59fe487ea750772a
officehome_convnext_full__split06__seed1,officehome,full,3,997,997,626,0.3721163490471414,5,d7759638c8e0d5ab8e2328d6bb6c32c998372516ac6f248fca68450f5c4ca25b
officehome_convnext_full__split06__seed2,officehome,full,0,532,532,338,0.36466165413533835,5,66a0574887b1285bc8f4b4d7debaaa50d666e802ee9b8950e5c284dff9e17792
officehome_convnext_full__split06__seed2,officehome,full,1,1032,1032,653,0.36724806201550386,6,160f7b879eedd2de17836092d9dff16c6b5c7cf0610a3df29c3373170799ebba
officehome_convnext_full__split06__seed2,officehome,full,2,1011,1011,637,0.3699307616221563,5,8428bc6da5bf5659d2ba0a36fd07e55a4737ae37eb8ad0be5baf361421fa82bf
officehome_convnext_full__split06__seed2,officehome,full,3,997,997,639,0.3590772316950852,7,1c43299bd641665411dbe7892a5c71dd8805d55b5bb701c4dd4c9df34c8bf52e
officehome_convnext_full__split06__seed3,officehome,full,0,532,532,327,0.38533834586466165,5,f458df9b514625c0798b7014a18d94148d9c5d2691df1178be6d489abd6bb9df
officehome_convnext_full__split06__seed3,officehome,full,1,1032,1032,651,0.3691860465116279,6,51034f63bbfe6c9d8627f5c2d9c1501154306cc9c75bdfb96933dbbefc877ff6
officehome_convnext_full__split06__seed3,officehome,full,2,1011,1011,632,0.3748763600395648,5,f2787948f3208e7ba2667ab999a1372becc6441a699d401a709dc480e40ffe3a
officehome_convnext_full__split06__seed3,officehome,full,3,997,997,628,0.37011033099297896,6,b706eb36480ded8d496fdc3e5f6fc2f4fd476bad640b470eb9d38300b7bbd07d
officehome_convnext_full__split06__seed4,officehome,full,0,532,532,333,0.37406015037593987,5,89f15ff406924dc45ae1bacb3eb847f4e77d80a477dd032884b5a6c9668a249d
officehome_convnext_full__split06__seed4,officehome,full,1,1032,1032,659,0.36143410852713176,5,ee3642b8f9abdbd6ff593a6db3a03700ecd80d7cf954bfd36cec42bbc6be6123
officehome_convnext_full__split06__seed4,officehome,full,2,1011,1011,629,0.3778437190900099,4,67df856a7df01c2599e8ddc3694f3af8655eb9dc41b9d19e09e642de73f58a31
officehome_convnext_full__split06__seed4,officehome,full,3,997,997,612,0.3861584754262788,6,56df59b8105e2553cb65431457a2d1c18d35afbcaa65b77f05545c478c2461e8
officehome_convnext_full__split07__seed0,officehome,full,0,563,563,338,0.3996447602131439,6,45ea9bd83565ea90b87af776b07f214c6481e47d7e32d21f11faa89554afa9bd
officehome_convnext_full__split07__seed0,officehome,full,1,990,990,617,0.37676767676767675,6,ec99f2ee06a8521d147865f877392723d72bc97ef9244f6cb271eb2015077659
officehome_convnext_full__split07__seed0,officehome,full,2,998,998,634,0.3647294589178357,5,40fb82cfeab86259eaeaa4a88fb325095aad93832bdc891154f3b5f6b71425c2
officehome_convnext_full__split07__seed0,officehome,full,3,1002,1002,636,0.3652694610778443,5,cd1c795a853bde7fb644acdb708303f35e5ab79de93c820dee29c0bd5b381a7f
officehome_convnext_full__split07__seed1,officehome,full,0,563,563,360,0.3605683836589698,5,2408f0ab86e8817def3e85d9b623646ca9e316fa8b82d6e8d6df4b198c098126
officehome_convnext_full__split07__seed1,officehome,full,1,990,990,620,0.3737373737373737,4,90f1f868d6915d585f3e5a03f63ce1e9b0b7de9f5baa18c5ad193eeae7e3081e
officehome_convnext_full__split07__seed1,officehome,full,2,998,998,633,0.3657314629258517,5,ac677d21ea33caaa4bb32affd5a6ccacc9516bde02e6b225ae0afbf1d0978ed1
officehome_convnext_full__split07__seed1,officehome,full,3,1002,1002,611,0.3902195608782435,6,603f5eda97c55fee53db9fda70a626dbe9c84c3ee890f9fa09b72bad5ab851b7
officehome_convnext_full__split07__seed2,officehome,full,0,563,563,342,0.39253996447602135,4,b4fabaa97399ef98a4003d25700b1fae14214f676d8b2c3fbaa82f3be5f058ac
officehome_convnext_full__split07__seed2,officehome,full,1,990,990,633,0.3606060606060606,6,7bff6b63420012620cb8e57acb29b030cb990adf4a67eefd33a5ec7d7b196365
officehome_convnext_full__split07__seed2,officehome,full,2,998,998,631,0.36773547094188375,6,58f2d26ec85b6cfa44847cbe4e5a9e6a3a63c19e6ce0dfbe004872a7e099e48d
officehome_convnext_full__split07__seed2,officehome,full,3,1002,1002,620,0.38123752495009977,5,d15152a65d89031ddc2d93fd0d6e9144712a89017a55fd32e722bad66c48ff2d
officehome_convnext_full__split07__seed3,officehome,full,0,563,563,362,0.3570159857904085,5,c12a64436b43a147943e55db7d1d17ea60c8fb7fec5e997aafd88addbb065901
officehome_convnext_full__split07__seed3,officehome,full,1,990,990,643,0.35050505050505054,6,182e59a3cc7dc70de2cfa2631d1f50d99dc6d2b8bca90d1cc287faa984801eed
officehome_convnext_full__split07__seed3,officehome,full,2,998,998,623,0.375751503006012,4,fc1303bea2212e97f6e4e88fddccf530e479847eb5596d8a3a41a0b796c12559
officehome_convnext_full__split07__seed3,officehome,full,3,1002,1002,628,0.37325349301397204,5,b5d907e7177689f34766524f5df05e4350dd972e80ee752003034e220bd0c1e2
officehome_convnext_full__split07__seed4,officehome,full,0,563,563,346,0.3854351687388987,5,3d0ee8c9d26ad047a2d4480f6e3adc4a6f5df906faeda6981ac069b471ba4e00
officehome_convnext_full__split07__seed4,officehome,full,1,990,990,624,0.36969696969696975,8,2152e9a9e038b02ad89464e412023d9c7fee5f770f1799f480a1cb1f91f70a2c
officehome_convnext_full__split07__seed4,officehome,full,2,998,998,629,0.3697394789579158,5,e3337c3ca3e6496e4434af12bfd56449b76aff2df27e1c78a3ca3b2c4d5a9f41
officehome_convnext_full__split07__seed4,officehome,full,3,1002,1002,626,0.375249500998004,5,e1ba5070587ab208f5cabbd0458c35c9c0a1e9f090e60b61b3a2ce4bcc3af348
officehome_convnext_full__split08__seed0,officehome,full,0,531,531,331,0.37664783427495296,5,128470c34a6b7e8476dacc1ebbd4159cce020b03050a13f2298c63cef5bafff8
officehome_convnext_full__split08__seed0,officehome,full,1,953,953,613,0.3567681007345226,5,dd6eb6128f37e01e82c7cfe16df147a057ab84db5b765dfba6630d7996c3c1a9
officehome_convnext_full__split08__seed0,officehome,full,2,1021,1021,630,0.38295788442703227,5,35a81a6e4ea72e76ae56caf09a41c2ea71fe29c0db7feada15c2de5c7006489f
officehome_convnext_full__split08__seed0,officehome,full,3,1047,1047,668,0.36198662846227314,5,1d51618f751f6bd580f42b4cd1c45c4979f043b0ac9871a188b50deb706ddca9
officehome_convnext_full__split08__seed1,officehome,full,0,531,531,333,0.3728813559322034,5,71a85026e088cab403729a7b33c312bc109aa41b51d6681c84934a55fdba69fe
officehome_convnext_full__split08__seed1,officehome,full,1,953,953,594,0.37670514165792235,5,b74e424aec3ed4cb03483de5db3b235d8afad033749c94f207a9e451d5c4d1e8
officehome_convnext_full__split08__seed1,officehome,full,2,1021,1021,657,0.356513222331048,5,699e5b724d8c65a707e4c743f1b3a2617c446cab47004e9fc5b33f0b489dc0f5
officehome_convnext_full__split08__seed1,officehome,full,3,1047,1047,659,0.3705826170009551,5,8dfc5b53aab6029a7f7e73ce41fd99fdd79a237bbcee7138d041b4f01841bc93
officehome_convnext_full__split08__seed2,officehome,full,0,531,531,335,0.3691148775894538,6,19757cdbfd34b3c236cea964233bf5d956408baf71b40e6a7d2e1f8ca8ccfe27
officehome_convnext_full__split08__seed2,officehome,full,1,953,953,612,0.35781741867785943,5,497d3d9c8a424d966084b6d1111f62e358f8dce1615c7b062916385776da6eba
officehome_convnext_full__split08__seed2,officehome,full,2,1021,1021,654,0.3594515181194907,7,2512ea612d52d4d458896b9c9a2ac40cca6719369b6badd0ac6be96347a6950f
officehome_convnext_full__split08__seed2,officehome,full,3,1047,1047,652,0.3772683858643744,5,8aa95398b090ca922240cc203a8e7cba5b1c6aa8aeae5ec70bf41b10e62099e4
officehome_convnext_full__split08__seed3,officehome,full,0,531,531,333,0.3728813559322034,4,8032deb8a5a006885dadd5d58cd77879ef5e00aa6465efd3bc2c739dba12d178
officehome_convnext_full__split08__seed3,officehome,full,1,953,953,614,0.35571878279118574,6,885e8a183b99765fcae9c74359bb1cf11a2f142174eb1bd9b9b7dadc4bb8062a
officehome_convnext_full__split08__seed3,officehome,full,2,1021,1021,653,0.36043095004897163,6,37347cadae7572c1c23199442d9290f0ac2c003945c5a5a311b1653e526611a7
officehome_convnext_full__split08__seed3,officehome,full,3,1047,1047,658,0.37153772683858644,5,da7713b14df8469b6ee88795e8700b52625b4be72ce81f1c6c8dce88e3362174
officehome_convnext_full__split08__seed4,officehome,full,0,531,531,325,0.38794726930320156,5,6df20dc4bd73154b28bbdd4bfe8ba2fd8b216428373a80649539ed426d69f8e0
officehome_convnext_full__split08__seed4,officehome,full,1,953,953,594,0.37670514165792235,6,d8ac289a4372a0268ff3bc5fa32d1b9e5c4352279c65adfc1f615e9b014cca7e
officehome_convnext_full__split08__seed4,officehome,full,2,1021,1021,646,0.3672869735553379,5,33b36bce8f5bdb302e29fbae85a72d88fe76a77a85dc2796dfd046458984116a
officehome_convnext_full__split08__seed4,officehome,full,3,1047,1047,673,0.35721107927411655,5,3c8944676f6059da542bf9e079b65aba36a46ccc1937078c4851da3bba1a4de9
officehome_convnext_full__split09__seed0,officehome,full,0,534,534,332,0.37827715355805247,5,b4ca77928c2b82427b986d300890f60f32874974218987fc7c51afb4b050fa1b
officehome_convnext_full__split09__seed0,officehome,full,1,1005,1005,634,0.36915422885572136,5,48a3c4a5031fcd988746252f1d0771802e9d19f2569cb1738e757145f70bb3fd
officehome_convnext_full__split09__seed0,officehome,full,2,997,997,625,0.3731193580742227,5,22c1cff8021e596ab145d175572a339d986c01f4b039f7faf7e442fa1c43b97a
officehome_convnext_full__split09__seed0,officehome,full,3,1006,1006,644,0.3598409542743539,5,98fa0300b86b485847c6b5090392c9c84e59b56afe19107e34ec3bfe8fdc8ea9
officehome_convnext_full__split09__seed1,officehome,full,0,534,534,328,0.38576779026217234,5,a6ee9933bf42f25066b5e510ee47b30da9303da0af09f69ab10da75b64a9cac3
officehome_convnext_full__split09__seed1,officehome,full,1,1005,1005,633,0.37014925373134333,6,29066640340dee609df6ad7a12930224d95e3561799ccf3c605ee232dc04ebab
officehome_convnext_full__split09__seed1,officehome,full,2,997,997,620,0.3781344032096289,6,6504bf67663895fba2646a24a70d8818ef123de0ba5edd46b79f979a3638af95
officehome_convnext_full__split09__seed1,officehome,full,3,1006,1006,631,0.37276341948310143,5,617a74140a2ce246648b1e4d176d82350f8736adf3e9eecc2bf89c5bf13474fb
officehome_convnext_full__split09__seed2,officehome,full,0,534,534,352,0.34082397003745324,5,4ace1cf98c0e31d2961b3002b2d004c4a1408d9ee21fe440075bb58ce1b51fcc
officehome_convnext_full__split09__seed2,officehome,full,1,1005,1005,641,0.3621890547263682,5,3fc05521fd082cf3836a9d5d2166fc46effa8fb0c036a65e4f95199182f1f46a
officehome_convnext_full__split09__seed2,officehome,full,2,997,997,635,0.3630892678034102,5,f58d6bcfaeceb39c2cedfb7641ce0396854252aca463fc4ac7eae9daedd60d56
officehome_convnext_full__split09__seed2,officehome,full,3,1006,1006,645,0.3588469184890656,5,331231d6e30fe792abd300f816f50bea468402bef09b55a5a7d29a0bda31fd6b
officehome_convnext_full__split09__seed3,officehome,full,0,534,534,341,0.36142322097378277,6,f734fea780c369e222a69f1759251996dcf5db67a850ce5acdfd6c4bc6868b99
officehome_convnext_full__split09__seed3,officehome,full,1,1005,1005,628,0.37512437810945276,4,7afdc9ebf8eb04e76aec7192d68645113478841f15a2e0143dd867d99a703a76
officehome_convnext_full__split09__seed3,officehome,full,2,997,997,632,0.36609829488465395,6,fff939609059db1f87881a9bf61ad5f09a3348a8714b143e0a57618d28b2ab91
officehome_convnext_full__split09__seed3,officehome,full,3,1006,1006,622,0.3817097415506958,5,59b4a71e9cb59c2a312f313b58c57e9b9ba813a46a38386aa0b9734dfcd1d1a9
officehome_convnext_full__split09__seed4,officehome,full,0,534,534,339,0.3651685393258427,5,8c477a1f855d194d7a6d1bf344c79abd0694ed836958bb6d2e392962edf362a9
officehome_convnext_full__split09__seed4,officehome,full,1,1005,1005,632,0.3711442786069652,6,3d5b3a279f161addfa3dcf1480a2e56934f719425a67d003b5f5b13af3f8677f
officehome_convnext_full__split09__seed4,officehome,full,2,997,997,628,0.37011033099297896,6,4ad56f12a04037c8b16ab0bbe9712ac476f19d26be84cad0be7e96fd885de427
officehome_convnext_full__split09__seed4,officehome,full,3,1006,1006,637,0.36679920477137173,5,83cd08339993f11980b929fa14d6ca78d80d1c832cd64e5556ec1b60c1d7bfae
resnext29_8x64d__pathmnist_split_00__seed0__d0.5,pathmnist,d0.5,0,410,410,257,0.37317073170731707,5,ec048739e3d8135b9a475c530f729d3edbbe70cee7eb4fdd5722eb2f7792fb06
resnext29_8x64d__pathmnist_split_00__seed0__d0.5,pathmnist,d0.5,1,410,410,262,0.36097560975609755,5,310abe77418c469f5f69d8300589c8afe4771f2bdb49aabb9ee88fbc7a8d9c1c
resnext29_8x64d__pathmnist_split_00__seed0__d0.5,pathmnist,d0.5,2,410,410,264,0.35609756097560974,4,f9bc11907cdc0122937af495f8189c2e8f8195b343c9c8fb30d3f66302efae96
resnext29_8x64d__pathmnist_split_00__seed0__d0.5,pathmnist,d0.5,3,410,410,265,0.35365853658536583,5,3fcca6b6947d17f6f565bfc6a9b27453964e5ce30955f4a13f8a4144c6fdc27f
resnext29_8x64d__pathmnist_split_00__seed0__d0.5,pathmnist,d0.5,4,410,410,261,0.36341463414634145,4,0a85e30faf3ed8948cd7d3b2a9bb8588bc9c56dfc3dfe2e5a07d1652a6ccf186
resnext29_8x64d__pathmnist_split_00__seed0__d5.0,pathmnist,d5,0,410,410,257,0.37317073170731707,5,ec048739e3d8135b9a475c530f729d3edbbe70cee7eb4fdd5722eb2f7792fb06
resnext29_8x64d__pathmnist_split_00__seed0__d5.0,pathmnist,d5,1,410,410,262,0.36097560975609755,5,310abe77418c469f5f69d8300589c8afe4771f2bdb49aabb9ee88fbc7a8d9c1c
resnext29_8x64d__pathmnist_split_00__seed0__d5.0,pathmnist,d5,2,410,410,264,0.35609756097560974,4,f9bc11907cdc0122937af495f8189c2e8f8195b343c9c8fb30d3f66302efae96
resnext29_8x64d__pathmnist_split_00__seed0__d5.0,pathmnist,d5,3,410,410,265,0.35365853658536583,5,3fcca6b6947d17f6f565bfc6a9b27453964e5ce30955f4a13f8a4144c6fdc27f
resnext29_8x64d__pathmnist_split_00__seed0__d5.0,pathmnist,d5,4,410,410,261,0.36341463414634145,4,0a85e30faf3ed8948cd7d3b2a9bb8588bc9c56dfc3dfe2e5a07d1652a6ccf186
resnext29_8x64d__pathmnist_split_00__seed1__d0.5,pathmnist,d0.5,0,410,410,257,0.37317073170731707,5,b4761c7ac5b366405ba22c13f11920e24713988c0adf87d4517fa9a248273d0b
resnext29_8x64d__pathmnist_split_00__seed1__d0.5,pathmnist,d0.5,1,410,410,267,0.348780487804878,6,55d30178aff812d8df4db13ff973ac17b742a4d8cc358010359ff00875a946ba
resnext29_8x64d__pathmnist_split_00__seed1__d0.5,pathmnist,d0.5,2,410,410,258,0.37073170731707317,6,fbf245e24add4b32e25c8f5b52ead0a74218ed521d0f557ce964ea8143280ce5
resnext29_8x64d__pathmnist_split_00__seed1__d0.5,pathmnist,d0.5,3,410,410,263,0.35853658536585364,5,97c7a9a4f060e7d1b78b75ebee7686a077a4bed0b8f82522cd0eba9e435d74c8
resnext29_8x64d__pathmnist_split_00__seed1__d0.5,pathmnist,d0.5,4,410,410,259,0.36829268292682926,4,ecc0a079086d960f847c65bef1cbaa06f0886d9fff84078e6f0d09e95aca580e
resnext29_8x64d__pathmnist_split_00__seed1__d5.0,pathmnist,d5,0,410,410,257,0.37317073170731707,5,b4761c7ac5b366405ba22c13f11920e24713988c0adf87d4517fa9a248273d0b
resnext29_8x64d__pathmnist_split_00__seed1__d5.0,pathmnist,d5,1,410,410,267,0.348780487804878,6,55d30178aff812d8df4db13ff973ac17b742a4d8cc358010359ff00875a946ba
resnext29_8x64d__pathmnist_split_00__seed1__d5.0,pathmnist,d5,2,410,410,258,0.37073170731707317,6,fbf245e24add4b32e25c8f5b52ead0a74218ed521d0f557ce964ea8143280ce5
resnext29_8x64d__pathmnist_split_00__seed1__d5.0,pathmnist,d5,3,410,410,263,0.35853658536585364,5,97c7a9a4f060e7d1b78b75ebee7686a077a4bed0b8f82522cd0eba9e435d74c8
resnext29_8x64d__pathmnist_split_00__seed1__d5.0,pathmnist,d5,4,410,410,259,0.36829268292682926,4,ecc0a079086d960f847c65bef1cbaa06f0886d9fff84078e6f0d09e95aca580e
resnext29_8x64d__pathmnist_split_00__seed2__d0.5,pathmnist,d0.5,0,410,410,258,0.37073170731707317,4,e1ab5d0ffb2c0e28fe5571e07cfdd846b68b1dc0dd93981f21dc8e9071684920
resnext29_8x64d__pathmnist_split_00__seed2__d0.5,pathmnist,d0.5,1,410,410,255,0.3780487804878049,4,96322b4ae4d73c9b94409cc7f8dd2ea6738fa987c6f0470d4e090c663c402583
resnext29_8x64d__pathmnist_split_00__seed2__d0.5,pathmnist,d0.5,2,410,410,266,0.35121951219512193,5,3a70d8d090b04edfca7ae2a743133463aacd70f47d6705570596f438f569ceea
resnext29_8x64d__pathmnist_split_00__seed2__d0.5,pathmnist,d0.5,3,410,410,259,0.36829268292682926,5,0c7adfc83ff46f09bcab16ca4aa342759a33aed014d52cabfbc78951977cdf47
resnext29_8x64d__pathmnist_split_00__seed2__d0.5,pathmnist,d0.5,4,410,410,269,0.3439024390243902,5,f3d45cf3b353f7029533c498e7fe5a46a620eed872df57596041ae898c481a5f
resnext29_8x64d__pathmnist_split_00__seed2__d5.0,pathmnist,d5,0,410,410,258,0.37073170731707317,4,e1ab5d0ffb2c0e28fe5571e07cfdd846b68b1dc0dd93981f21dc8e9071684920
resnext29_8x64d__pathmnist_split_00__seed2__d5.0,pathmnist,d5,1,410,410,255,0.3780487804878049,4,96322b4ae4d73c9b94409cc7f8dd2ea6738fa987c6f0470d4e090c663c402583
resnext29_8x64d__pathmnist_split_00__seed2__d5.0,pathmnist,d5,2,410,410,266,0.35121951219512193,5,3a70d8d090b04edfca7ae2a743133463aacd70f47d6705570596f438f569ceea
resnext29_8x64d__pathmnist_split_00__seed2__d5.0,pathmnist,d5,3,410,410,259,0.36829268292682926,5,0c7adfc83ff46f09bcab16ca4aa342759a33aed014d52cabfbc78951977cdf47
resnext29_8x64d__pathmnist_split_00__seed2__d5.0,pathmnist,d5,4,410,410,269,0.3439024390243902,5,f3d45cf3b353f7029533c498e7fe5a46a620eed872df57596041ae898c481a5f
resnext29_8x64d__pathmnist_split_00__seed3__d0.5,pathmnist,d0.5,0,410,410,255,0.3780487804878049,4,4adb1a4f0c19241c5f7faf5819cf0d3d2541100e9b4790d074387d0f8c388cbc
resnext29_8x64d__pathmnist_split_00__seed3__d0.5,pathmnist,d0.5,1,410,410,263,0.35853658536585364,4,16dd72a738b8831964c1752dcb685af1e7b2c2002862304fc313f871b3f5200d
resnext29_8x64d__pathmnist_split_00__seed3__d0.5,pathmnist,d0.5,2,410,410,267,0.348780487804878,6,2065ca7b37d847c191bc8b6cdc5a43260a11a64e6dbf45332dd0a0f32ce04156
resnext29_8x64d__pathmnist_split_00__seed3__d0.5,pathmnist,d0.5,3,410,410,260,0.36585365853658536,5,29d268eed474bc3ca9750cf58f8c7212b4891b11b42dfce1e3b6c4810c161549
resnext29_8x64d__pathmnist_split_00__seed3__d0.5,pathmnist,d0.5,4,410,410,257,0.37317073170731707,6,9d37ea9511f5609cec67fcb7ec17f26a528497460ba424f2d25e019c4002c5a0
resnext29_8x64d__pathmnist_split_00__seed3__d5.0,pathmnist,d5,0,410,410,255,0.3780487804878049,4,4adb1a4f0c19241c5f7faf5819cf0d3d2541100e9b4790d074387d0f8c388cbc
resnext29_8x64d__pathmnist_split_00__seed3__d5.0,pathmnist,d5,1,410,410,263,0.35853658536585364,4,16dd72a738b8831964c1752dcb685af1e7b2c2002862304fc313f871b3f5200d
resnext29_8x64d__pathmnist_split_00__seed3__d5.0,pathmnist,d5,2,410,410,267,0.348780487804878,6,2065ca7b37d847c191bc8b6cdc5a43260a11a64e6dbf45332dd0a0f32ce04156
resnext29_8x64d__pathmnist_split_00__seed3__d5.0,pathmnist,d5,3,410,410,260,0.36585365853658536,5,29d268eed474bc3ca9750cf58f8c7212b4891b11b42dfce1e3b6c4810c161549
resnext29_8x64d__pathmnist_split_00__seed3__d5.0,pathmnist,d5,4,410,410,257,0.37317073170731707,6,9d37ea9511f5609cec67fcb7ec17f26a528497460ba424f2d25e019c4002c5a0
resnext29_8x64d__pathmnist_split_00__seed4__d0.5,pathmnist,d0.5,0,410,410,268,0.3463414634146341,5,4a91de60a3a6b618acb4f25be100c0760d15d3e5ced262400f530779915b112b
resnext29_8x64d__pathmnist_split_00__seed4__d0.5,pathmnist,d0.5,1,410,410,259,0.36829268292682926,5,c24e60def0e5a12211abeaa757f462c62cc55589d7d27e36d0e75578ad2aaf6b
resnext29_8x64d__pathmnist_split_00__seed4__d0.5,pathmnist,d0.5,2,410,410,258,0.37073170731707317,5,95c07a8f79ab52193b840c556f30c703ae429d889e75bf9b51d8261c56c4b2de
resnext29_8x64d__pathmnist_split_00__seed4__d0.5,pathmnist,d0.5,3,410,410,268,0.3463414634146341,5,db816aba7a486708e4354cb9940f0ea89e69b4086099475d6dd7deabe634e3c0
resnext29_8x64d__pathmnist_split_00__seed4__d0.5,pathmnist,d0.5,4,410,410,261,0.36341463414634145,4,59e6d64f0046c985b44763a5b4a225b3163e6282a040082e4cb23068fb00541e
resnext29_8x64d__pathmnist_split_00__seed4__d5.0,pathmnist,d5,0,410,410,268,0.3463414634146341,5,4a91de60a3a6b618acb4f25be100c0760d15d3e5ced262400f530779915b112b
resnext29_8x64d__pathmnist_split_00__seed4__d5.0,pathmnist,d5,1,410,410,259,0.36829268292682926,5,c24e60def0e5a12211abeaa757f462c62cc55589d7d27e36d0e75578ad2aaf6b
resnext29_8x64d__pathmnist_split_00__seed4__d5.0,pathmnist,d5,2,410,410,258,0.37073170731707317,5,95c07a8f79ab52193b840c556f30c703ae429d889e75bf9b51d8261c56c4b2de
resnext29_8x64d__pathmnist_split_00__seed4__d5.0,pathmnist,d5,3,410,410,268,0.3463414634146341,5,db816aba7a486708e4354cb9940f0ea89e69b4086099475d6dd7deabe634e3c0
resnext29_8x64d__pathmnist_split_00__seed4__d5.0,pathmnist,d5,4,410,410,261,0.36341463414634145,4,59e6d64f0046c985b44763a5b4a225b3163e6282a040082e4cb23068fb00541e
resnext29_8x64d__pathmnist_split_01__seed0__d0.5,pathmnist,d0.5,0,400,400,256,0.36,4,99ef5d9eb6d8d1203e3cf83f5c167c2a55266495333708138122ca9b6aae8916
resnext29_8x64d__pathmnist_split_01__seed0__d0.5,pathmnist,d0.5,1,399,399,249,0.37593984962406013,5,c44d052c91513ddc31ddfec867de7c6434495ca5d9e607f6a22af4e7165feff2
resnext29_8x64d__pathmnist_split_01__seed0__d0.5,pathmnist,d0.5,2,399,399,251,0.37092731829573933,5,431d6cbe1e57a895a5851e503abdbe46f1bf472fa30af27ee99c48602b756ac1
resnext29_8x64d__pathmnist_split_01__seed0__d0.5,pathmnist,d0.5,3,399,399,248,0.3784461152882206,4,588329f0faf82fd685aef1e386b36d12e1732daad7b8a3e7ce527c15d746e315
resnext29_8x64d__pathmnist_split_01__seed0__d0.5,pathmnist,d0.5,4,399,399,249,0.37593984962406013,4,c89be5039ecf80ca9bbcdccb84f10a27d58e71485dec798f89d395b56e54959f
resnext29_8x64d__pathmnist_split_01__seed0__d5.0,pathmnist,d5,0,400,400,256,0.36,4,99ef5d9eb6d8d1203e3cf83f5c167c2a55266495333708138122ca9b6aae8916
resnext29_8x64d__pathmnist_split_01__seed0__d5.0,pathmnist,d5,1,399,399,249,0.37593984962406013,5,c44d052c91513ddc31ddfec867de7c6434495ca5d9e607f6a22af4e7165feff2
resnext29_8x64d__pathmnist_split_01__seed0__d5.0,pathmnist,d5,2,399,399,251,0.37092731829573933,5,431d6cbe1e57a895a5851e503abdbe46f1bf472fa30af27ee99c48602b756ac1
resnext29_8x64d__pathmnist_split_01__seed0__d5.0,pathmnist,d5,3,399,399,248,0.3784461152882206,4,588329f0faf82fd685aef1e386b36d12e1732daad7b8a3e7ce527c15d746e315
resnext29_8x64d__pathmnist_split_01__seed0__d5.0,pathmnist,d5,4,399,399,249,0.37593984962406013,4,c89be5039ecf80ca9bbcdccb84f10a27d58e71485dec798f89d395b56e54959f
resnext29_8x64d__pathmnist_split_01__seed1__d0.5,pathmnist,d0.5,0,400,400,258,0.355,7,54c8ab7e94878feb2f5e1e10b4fbc029233a4d49b48297b2cde9c4fcd4c6de15
resnext29_8x64d__pathmnist_split_01__seed1__d0.5,pathmnist,d0.5,1,399,399,247,0.38095238095238093,5,a5942931bdbb43909e6a6eebd8c33ef60dd7ff955518fd2c47c3da026aa6f60c
resnext29_8x64d__pathmnist_split_01__seed1__d0.5,pathmnist,d0.5,2,399,399,245,0.38596491228070173,5,255200ea575d4397776e83fd6a94b8c5643fcc1ed4ea11c2b6f67ab63d60ba69
resnext29_8x64d__pathmnist_split_01__seed1__d0.5,pathmnist,d0.5,3,399,399,241,0.39598997493734334,5,cc1b8fe9f0cfaebced22496826cfe0620e15a714bcad57352552fd30c3904586
resnext29_8x64d__pathmnist_split_01__seed1__d0.5,pathmnist,d0.5,4,399,399,265,0.3358395989974937,4,451f1f127c20873c24e1e3f5e4f44d52340508dcc1f7929b282f7b1c0c7705b5
resnext29_8x64d__pathmnist_split_01__seed1__d5.0,pathmnist,d5,0,400,400,258,0.355,7,54c8ab7e94878feb2f5e1e10b4fbc029233a4d49b48297b2cde9c4fcd4c6de15
resnext29_8x64d__pathmnist_split_01__seed1__d5.0,pathmnist,d5,1,399,399,247,0.38095238095238093,5,a5942931bdbb43909e6a6eebd8c33ef60dd7ff955518fd2c47c3da026aa6f60c
resnext29_8x64d__pathmnist_split_01__seed1__d5.0,pathmnist,d5,2,399,399,245,0.38596491228070173,5,255200ea575d4397776e83fd6a94b8c5643fcc1ed4ea11c2b6f67ab63d60ba69
resnext29_8x64d__pathmnist_split_01__seed1__d5.0,pathmnist,d5,3,399,399,241,0.39598997493734334,5,cc1b8fe9f0cfaebced22496826cfe0620e15a714bcad57352552fd30c3904586
resnext29_8x64d__pathmnist_split_01__seed1__d5.0,pathmnist,d5,4,399,399,265,0.3358395989974937,4,451f1f127c20873c24e1e3f5e4f44d52340508dcc1f7929b282f7b1c0c7705b5
resnext29_8x64d__pathmnist_split_01__seed2__d0.5,pathmnist,d0.5,0,400,400,268,0.32999999999999996,5,618c232304114b78c6efd5422ebde673cb4628e9abb6c9d672de06a3c0a035ec
resnext29_8x64d__pathmnist_split_01__seed2__d0.5,pathmnist,d0.5,1,399,399,252,0.368421052631579,6,4fd58ec292c08ddc1340c7e6f52bc751838058817598ae3862ea9afebf714c80
resnext29_8x64d__pathmnist_split_01__seed2__d0.5,pathmnist,d0.5,2,399,399,267,0.3308270676691729,6,c7714afad22ffd991ad6548febfd141444654168363612750f10d823d8d8cce4
resnext29_8x64d__pathmnist_split_01__seed2__d0.5,pathmnist,d0.5,3,399,399,242,0.393483709273183,4,10bf1209637fd4db58396e88796a32c0d4ffe190045b3263bed44a679f73e5f7
resnext29_8x64d__pathmnist_split_01__seed2__d0.5,pathmnist,d0.5,4,399,399,240,0.3984962406015038,5,92ed71c21a1c78ec924973f2930589496bf507ca197af04346968b627648c20e
resnext29_8x64d__pathmnist_split_01__seed2__d5.0,pathmnist,d5,0,400,400,268,0.32999999999999996,5,618c232304114b78c6efd5422ebde673cb4628e9abb6c9d672de06a3c0a035ec
resnext29_8x64d__pathmnist_split_01__seed2__d5.0,pathmnist,d5,1,399,399,252,0.368421052631579,6,4fd58ec292c08ddc1340c7e6f52bc751838058817598ae3862ea9afebf714c80
resnext29_8x64d__pathmnist_split_01__seed2__d5.0,pathmnist,d5,2,399,399,267,0.3308270676691729,6,c7714afad22ffd991ad6548febfd141444654168363612750f10d823d8d8cce4
resnext29_8x64d__pathmnist_split_01__seed2__d5.0,pathmnist,d5,3,399,399,242,0.393483709273183,4,10bf1209637fd4db58396e88796a32c0d4ffe190045b3263bed44a679f73e5f7
resnext29_8x64d__pathmnist_split_01__seed2__d5.0,pathmnist,d5,4,399,399,240,0.3984962406015038,5,92ed71c21a1c78ec924973f2930589496bf507ca197af04346968b627648c20e
resnext29_8x64d__pathmnist_split_01__seed3__d0.5,pathmnist,d0.5,0,400,400,246,0.385,5,c9c04c51483f963c76a7bbbbe58dbf26e9f59e4632f71cf39391ec23ec698530
resnext29_8x64d__pathmnist_split_01__seed3__d0.5,pathmnist,d0.5,1,399,399,271,0.3208020050125313,6,3496b0644d6c04246bbe7fd32c4d65379c1ccb6b02ba3ada9d144f75af26e270
resnext29_8x64d__pathmnist_split_01__seed3__d0.5,pathmnist,d0.5,2,399,399,262,0.343358395989975,5,728e01a7f64bcc0655d06bd2fd5f284eafa45692ed20bd25974c5a146923dd96
resnext29_8x64d__pathmnist_split_01__seed3__d0.5,pathmnist,d0.5,3,399,399,249,0.37593984962406013,6,5b9f17a3580b163419aee408d54de52475a74232ee17d2bc78ecf8e9bc837f1d
resnext29_8x64d__pathmnist_split_01__seed3__d0.5,pathmnist,d0.5,4,399,399,251,0.37092731829573933,6,98a8e03eac8e3d9c270287eb7a950ba4eeaa003c4224e529f4d16ac979b1bf67
resnext29_8x64d__pathmnist_split_01__seed3__d5.0,pathmnist,d5,0,400,400,246,0.385,5,c9c04c51483f963c76a7bbbbe58dbf26e9f59e4632f71cf39391ec23ec698530
resnext29_8x64d__pathmnist_split_01__seed3__d5.0,pathmnist,d5,1,399,399,271,0.3208020050125313,6,3496b0644d6c04246bbe7fd32c4d65379c1ccb6b02ba3ada9d144f75af26e270
resnext29_8x64d__pathmnist_split_01__seed3__d5.0,pathmnist,d5,2,399,399,262,0.343358395989975,5,728e01a7f64bcc0655d06bd2fd5f284eafa45692ed20bd25974c5a146923dd96
resnext29_8x64d__pathmnist_split_01__seed3__d5.0,pathmnist,d5,3,399,399,249,0.37593984962406013,6,5b9f17a3580b163419aee408d54de52475a74232ee17d2bc78ecf8e9bc837f1d
resnext29_8x64d__pathmnist_split_01__seed3__d5.0,pathmnist,d5,4,399,399,251,0.37092731829573933,6,98a8e03eac8e3d9c270287eb7a950ba4eeaa003c4224e529f4d16ac979b1bf67
resnext29_8x64d__pathmnist_split_01__seed4__d0.5,pathmnist,d0.5,0,400,400,258,0.355,4,bd5ba0bc9137050fb6ad78f0bb6cc2dd99a968b889c2a22007d4b12841788b85
resnext29_8x64d__pathmnist_split_01__seed4__d0.5,pathmnist,d0.5,1,399,399,263,0.3408521303258145,5,f1ace732f63a2ada56580ebff2f7e35105cc11f127603bc08af7a9cb676c344f
resnext29_8x64d__pathmnist_split_01__seed4__d0.5,pathmnist,d0.5,2,399,399,251,0.37092731829573933,5,e5e024cbf8d66b5d86e05f8a2fc8d7705b9a8a6fc494b65a63410ccf3eab3204
resnext29_8x64d__pathmnist_split_01__seed4__d0.5,pathmnist,d0.5,3,399,399,256,0.3583959899749374,6,01b61ec32bdf6aec70dc1e948e64f01823a89309029eff66deedb43849c91015
resnext29_8x64d__pathmnist_split_01__seed4__d0.5,pathmnist,d0.5,4,399,399,255,0.3609022556390977,5,5f4b9489aedfc8a3a206c2551a60dc27130d2c526087b4e5375baef9c7d80998
resnext29_8x64d__pathmnist_split_01__seed4__d5.0,pathmnist,d5,0,400,400,258,0.355,4,bd5ba0bc9137050fb6ad78f0bb6cc2dd99a968b889c2a22007d4b12841788b85
resnext29_8x64d__pathmnist_split_01__seed4__d5.0,pathmnist,d5,1,399,399,263,0.3408521303258145,5,f1ace732f63a2ada56580ebff2f7e35105cc11f127603bc08af7a9cb676c344f
resnext29_8x64d__pathmnist_split_01__seed4__d5.0,pathmnist,d5,2,399,399,251,0.37092731829573933,5,e5e024cbf8d66b5d86e05f8a2fc8d7705b9a8a6fc494b65a63410ccf3eab3204
resnext29_8x64d__pathmnist_split_01__seed4__d5.0,pathmnist,d5,3,399,399,256,0.3583959899749374,6,01b61ec32bdf6aec70dc1e948e64f01823a89309029eff66deedb43849c91015
resnext29_8x64d__pathmnist_split_01__seed4__d5.0,pathmnist,d5,4,399,399,255,0.3609022556390977,5,5f4b9489aedfc8a3a206c2551a60dc27130d2c526087b4e5375baef9c7d80998
resnext29_8x64d__pathmnist_split_02__seed0__d0.5,pathmnist,d0.5,0,421,421,269,0.36104513064133015,5,0ce0739dcae56cb8179b370cb3758cfa87fcf74c19a57aff8be3b3d37709849e
resnext29_8x64d__pathmnist_split_02__seed0__d0.5,pathmnist,d0.5,1,421,421,261,0.3800475059382423,5,15ce776aac669d41f3688689c9ce21ff29e682a9ddab4d08c7d233db4879bd2f
resnext29_8x64d__pathmnist_split_02__seed0__d0.5,pathmnist,d0.5,2,421,421,263,0.3752969121140143,5,41f50b54c02e1bc4dafc5aac744499e046e43734632a1958685e1a153dd4c2d6
resnext29_8x64d__pathmnist_split_02__seed0__d0.5,pathmnist,d0.5,3,421,421,265,0.37054631828978624,5,598089cc2ec6cdaca39e83b7a9b519a5a0ece0d80d79b382b8e59a88a5f1c48c
resnext29_8x64d__pathmnist_split_02__seed0__d0.5,pathmnist,d0.5,4,421,421,264,0.37292161520190026,8,d11452ee26a132bc8cf6a36b5b1d8ce2c6acbcde4cb247a469d19c01fb697ef4
resnext29_8x64d__pathmnist_split_02__seed0__d5.0,pathmnist,d5,0,421,421,269,0.36104513064133015,5,0ce0739dcae56cb8179b370cb3758cfa87fcf74c19a57aff8be3b3d37709849e
resnext29_8x64d__pathmnist_split_02__seed0__d5.0,pathmnist,d5,1,421,421,261,0.3800475059382423,5,15ce776aac669d41f3688689c9ce21ff29e682a9ddab4d08c7d233db4879bd2f
resnext29_8x64d__pathmnist_split_02__seed0__d5.0,pathmnist,d5,2,421,421,263,0.3752969121140143,5,41f50b54c02e1bc4dafc5aac744499e046e43734632a1958685e1a153dd4c2d6
resnext29_8x64d__pathmnist_split_02__seed0__d5.0,pathmnist,d5,3,421,421,265,0.37054631828978624,5,598089cc2ec6cdaca39e83b7a9b519a5a0ece0d80d79b382b8e59a88a5f1c48c
resnext29_8x64d__pathmnist_split_02__seed0__d5.0,pathmnist,d5,4,421,421,264,0.37292161520190026,8,d11452ee26a132bc8cf6a36b5b1d8ce2c6acbcde4cb247a469d19c01fb697ef4
resnext29_8x64d__pathmnist_split_02__seed1__d0.5,pathmnist,d0.5,0,421,421,276,0.3444180522565321,5,f0428bc7eecab8c6d39717709a29e936f75a63720199f152be2c4ea3efd22e65
resnext29_8x64d__pathmnist_split_02__seed1__d0.5,pathmnist,d0.5,1,421,421,265,0.37054631828978624,5,e45064732f9b4b6cc97095c6d246ade8b5fb22a3b7cab15867ede14b4291aa69
resnext29_8x64d__pathmnist_split_02__seed1__d0.5,pathmnist,d0.5,2,421,421,278,0.33966745843230406,5,a2ff9d3efd3aaf3801a5d31379daa7b8d1d7be4aeeca48d3391917de74ecafbe
resnext29_8x64d__pathmnist_split_02__seed1__d0.5,pathmnist,d0.5,3,421,421,267,0.3657957244655582,5,86066acf609bd86e2621ca2e6f6cbe88cefa6ce22cbdaf4090f7ac12f03ea584
resnext29_8x64d__pathmnist_split_02__seed1__d0.5,pathmnist,d0.5,4,421,421,262,0.3776722090261283,6,22a3d179ed8b7e09f49a3050bd2057c2a2b4cdbd1dfdb63b1c1a8bd7b71fe3e7
resnext29_8x64d__pathmnist_split_02__seed1__d5.0,pathmnist,d5,0,421,421,276,0.3444180522565321,5,f0428bc7eecab8c6d39717709a29e936f75a63720199f152be2c4ea3efd22e65
resnext29_8x64d__pathmnist_split_02__seed1__d5.0,pathmnist,d5,1,421,421,265,0.37054631828978624,5,e45064732f9b4b6cc97095c6d246ade8b5fb22a3b7cab15867ede14b4291aa69
resnext29_8x64d__pathmnist_split_02__seed1__d5.0,pathmnist,d5,2,421,421,278,0.33966745843230406,5,a2ff9d3efd3aaf3801a5d31379daa7b8d1d7be4aeeca48d3391917de74ecafbe
resnext29_8x64d__pathmnist_split_02__seed1__d5.0,pathmnist,d5,3,421,421,267,0.3657957244655582,5,86066acf609bd86e2621ca2e6f6cbe88cefa6ce22cbdaf4090f7ac12f03ea584
resnext29_8x64d__pathmnist_split_02__seed1__d5.0,pathmnist,d5,4,421,421,262,0.3776722090261283,6,22a3d179ed8b7e09f49a3050bd2057c2a2b4cdbd1dfdb63b1c1a8bd7b71fe3e7
resnext29_8x64d__pathmnist_split_02__seed2__d0.5,pathmnist,d0.5,0,421,421,267,0.3657957244655582,5,65b6634dedf39a7c6de95f031fb978b907f68853fea4e2402efd9b1d90d85726
resnext29_8x64d__pathmnist_split_02__seed2__d0.5,pathmnist,d0.5,1,421,421,269,0.36104513064133015,5,7b90d6985fa096171d4485da34043643b8933209fb1a3929819d7109db0892b0
resnext29_8x64d__pathmnist_split_02__seed2__d0.5,pathmnist,d0.5,2,421,421,269,0.36104513064133015,5,37baeb210c02ee9ceec0856cf5c68346d7d28153fbddb0f484028cfab22c90eb
resnext29_8x64d__pathmnist_split_02__seed2__d0.5,pathmnist,d0.5,3,421,421,267,0.3657957244655582,5,27cd791d2566379863cf6ad42b15c0fe457b9dce81ebbc24ab4eb6afb5e4d6cf
resnext29_8x64d__pathmnist_split_02__seed2__d0.5,pathmnist,d0.5,4,421,421,273,0.35154394299287406,4,ca297024e5791925b32e52b6f70cab93abf571ed7894ecd4af261b13cf2c86cb
resnext29_8x64d__pathmnist_split_02__seed2__d5.0,pathmnist,d5,0,421,421,267,0.3657957244655582,5,65b6634dedf39a7c6de95f031fb978b907f68853fea4e2402efd9b1d90d85726
resnext29_8x64d__pathmnist_split_02__seed2__d5.0,pathmnist,d5,1,421,421,269,0.36104513064133015,5,7b90d6985fa096171d4485da34043643b8933209fb1a3929819d7109db0892b0
resnext29_8x64d__pathmnist_split_02__seed2__d5.0,pathmnist,d5,2,421,421,269,0.36104513064133015,5,37baeb210c02ee9ceec0856cf5c68346d7d28153fbddb0f484028cfab22c90eb
resnext29_8x64d__pathmnist_split_02__seed2__d5.0,pathmnist,d5,3,421,421,267,0.3657957244655582,5,27cd791d2566379863cf6ad42b15c0fe457b9dce81ebbc24ab4eb6afb5e4d6cf
resnext29_8x64d__pathmnist_split_02__seed2__d5.0,pathmnist,d5,4,421,421,273,0.35154394299287406,4,ca297024e5791925b32e52b6f70cab93abf571ed7894ecd4af261b13cf2c86cb
resnext29_8x64d__pathmnist_split_02__seed3__d0.5,pathmnist,d0.5,0,421,421,269,0.36104513064133015,5,ba07d9993be9f4097d64a45431700db4a8204f8006286dc6c937d236fc4fff1a
resnext29_8x64d__pathmnist_split_02__seed3__d0.5,pathmnist,d0.5,1,421,421,272,0.3539192399049881,6,495028b2e9cc63f980624be487644936427e97e2e4e887a22edd044a4bf67302
resnext29_8x64d__pathmnist_split_02__seed3__d0.5,pathmnist,d0.5,2,421,421,268,0.36342042755344417,5,a2d55ee6a36a10a8df23d7b901434d1d4de00fab8d2c8dd1337e7385df71e23a
resnext29_8x64d__pathmnist_split_02__seed3__d0.5,pathmnist,d0.5,3,421,421,264,0.37292161520190026,5,bf7797e714d49c7da54b6a5acb4e68cffe83d84cb20716c9aeaa6a88e8e3f22b
resnext29_8x64d__pathmnist_split_02__seed3__d0.5,pathmnist,d0.5,4,421,421,261,0.3800475059382423,5,7962d1c124a48bb5af09cc43e63ce2508583db3c1c0af256bbbe42112e8f8f1d
resnext29_8x64d__pathmnist_split_02__seed3__d5.0,pathmnist,d5,0,421,421,269,0.36104513064133015,5,ba07d9993be9f4097d64a45431700db4a8204f8006286dc6c937d236fc4fff1a
resnext29_8x64d__pathmnist_split_02__seed3__d5.0,pathmnist,d5,1,421,421,272,0.3539192399049881,6,495028b2e9cc63f980624be487644936427e97e2e4e887a22edd044a4bf67302
resnext29_8x64d__pathmnist_split_02__seed3__d5.0,pathmnist,d5,2,421,421,268,0.36342042755344417,5,a2d55ee6a36a10a8df23d7b901434d1d4de00fab8d2c8dd1337e7385df71e23a
resnext29_8x64d__pathmnist_split_02__seed3__d5.0,pathmnist,d5,3,421,421,264,0.37292161520190026,5,bf7797e714d49c7da54b6a5acb4e68cffe83d84cb20716c9aeaa6a88e8e3f22b
resnext29_8x64d__pathmnist_split_02__seed3__d5.0,pathmnist,d5,4,421,421,261,0.3800475059382423,5,7962d1c124a48bb5af09cc43e63ce2508583db3c1c0af256bbbe42112e8f8f1d
resnext29_8x64d__pathmnist_split_02__seed4__d0.5,pathmnist,d0.5,0,421,421,262,0.3776722090261283,5,565a1aa13a4cf62dcfe96b4c601a9bbfa15b3c1617978c2291df27d732a9fa70
resnext29_8x64d__pathmnist_split_02__seed4__d0.5,pathmnist,d0.5,1,421,421,264,0.37292161520190026,6,c657fe686c5e7239ead83ab5af63e5a1b264788a7ba6ce19f50feecd4adcdb3a
resnext29_8x64d__pathmnist_split_02__seed4__d0.5,pathmnist,d0.5,2,421,421,267,0.3657957244655582,5,e2d44ded39c93bc24b3306e6d0da2dbdbac6c2fdab5b5c50cc658b70c1a9e0da
resnext29_8x64d__pathmnist_split_02__seed4__d0.5,pathmnist,d0.5,3,421,421,274,0.34916864608076015,6,c414fd709d85cc9f790efceb370bd518478dcb33d92a17914125b28cf9cbd749
resnext29_8x64d__pathmnist_split_02__seed4__d0.5,pathmnist,d0.5,4,421,421,278,0.33966745843230406,5,266591e68722f7e8af69a970ce7fb9c891149748fb2ba5ecd022f61dede7cd69
resnext29_8x64d__pathmnist_split_02__seed4__d5.0,pathmnist,d5,0,421,421,262,0.3776722090261283,5,565a1aa13a4cf62dcfe96b4c601a9bbfa15b3c1617978c2291df27d732a9fa70
resnext29_8x64d__pathmnist_split_02__seed4__d5.0,pathmnist,d5,1,421,421,264,0.37292161520190026,6,c657fe686c5e7239ead83ab5af63e5a1b264788a7ba6ce19f50feecd4adcdb3a
resnext29_8x64d__pathmnist_split_02__seed4__d5.0,pathmnist,d5,2,421,421,267,0.3657957244655582,5,e2d44ded39c93bc24b3306e6d0da2dbdbac6c2fdab5b5c50cc658b70c1a9e0da
resnext29_8x64d__pathmnist_split_02__seed4__d5.0,pathmnist,d5,3,421,421,274,0.34916864608076015,6,c414fd709d85cc9f790efceb370bd518478dcb33d92a17914125b28cf9cbd749
resnext29_8x64d__pathmnist_split_02__seed4__d5.0,pathmnist,d5,4,421,421,278,0.33966745843230406,5,266591e68722f7e8af69a970ce7fb9c891149748fb2ba5ecd022f61dede7cd69
resnext29_8x64d__pathmnist_split_03__seed0__d0.5,pathmnist,d0.5,0,419,419,281,0.3293556085918854,5,acc5e3f8c7253f311ec3ea02c9e1e96854b3cdef24a2627b015021e0e528c27a
resnext29_8x64d__pathmnist_split_03__seed0__d0.5,pathmnist,d0.5,1,419,419,275,0.3436754176610979,5,3f367b4188db96fcbaf1d0286c73972d242539c46f8fa43c580b0e34ab58f1df
resnext29_8x64d__pathmnist_split_03__seed0__d0.5,pathmnist,d0.5,2,417,417,262,0.37170263788968827,6,3efe4186186cec5eebb814f9f379b47c74d7588bd846bbf2c8f4ece659e60687
resnext29_8x64d__pathmnist_split_03__seed0__d0.5,pathmnist,d0.5,3,417,417,257,0.3836930455635491,5,14da6c5f1f99d492a3b40ff683ef7eea5a5b630f0ef576f1c90ef9f0080bac88
resnext29_8x64d__pathmnist_split_03__seed0__d0.5,pathmnist,d0.5,4,417,417,257,0.3836930455635491,5,859f823eb03597c43bd44f4c0609d95a480b3d1f80003a4b208b7d172c9f623d
resnext29_8x64d__pathmnist_split_03__seed0__d5.0,pathmnist,d5,0,419,419,281,0.3293556085918854,5,acc5e3f8c7253f311ec3ea02c9e1e96854b3cdef24a2627b015021e0e528c27a
resnext29_8x64d__pathmnist_split_03__seed0__d5.0,pathmnist,d5,1,419,419,275,0.3436754176610979,5,3f367b4188db96fcbaf1d0286c73972d242539c46f8fa43c580b0e34ab58f1df
resnext29_8x64d__pathmnist_split_03__seed0__d5.0,pathmnist,d5,2,417,417,262,0.37170263788968827,6,3efe4186186cec5eebb814f9f379b47c74d7588bd846bbf2c8f4ece659e60687
resnext29_8x64d__pathmnist_split_03__seed0__d5.0,pathmnist,d5,3,417,417,257,0.3836930455635491,5,14da6c5f1f99d492a3b40ff683ef7eea5a5b630f0ef576f1c90ef9f0080bac88
resnext29_8x64d__pathmnist_split_03__seed0__d5.0,pathmnist,d5,4,417,417,257,0.3836930455635491,5,859f823eb03597c43bd44f4c0609d95a480b3d1f80003a4b208b7d172c9f623d
resnext29_8x64d__pathmnist_split_03__seed1__d0.5,pathmnist,d0.5,0,419,419,271,0.3532219570405728,5,5a64eaf2ccfd21f1d43f8413415648884268bfa202cf39d1b98a5f822d9084f6
resnext29_8x64d__pathmnist_split_03__seed1__d0.5,pathmnist,d0.5,1,419,419,257,0.3866348448687351,5,514bbf7db6b5b799d604e57f42da4fb5482e127832707f12db07999246caef01
resnext29_8x64d__pathmnist_split_03__seed1__d0.5,pathmnist,d0.5,2,417,417,264,0.36690647482014394,4,aeb81eedc0237ed0843a2e8f3828572d788172c31496c4847e5dc8c231083ada
resnext29_8x64d__pathmnist_split_03__seed1__d0.5,pathmnist,d0.5,3,417,417,264,0.36690647482014394,5,6ac57b66685d399026c233a16777ddd7e60a9c8fc13257f8fefdd3a3ae9b7690
resnext29_8x64d__pathmnist_split_03__seed1__d0.5,pathmnist,d0.5,4,417,417,254,0.3908872901678657,5,7107121df435ad0e7384816c03ac7037574af6f3978e7f67f7b1381736cc37d4
resnext29_8x64d__pathmnist_split_03__seed1__d5.0,pathmnist,d5,0,419,419,271,0.3532219570405728,5,5a64eaf2ccfd21f1d43f8413415648884268bfa202cf39d1b98a5f822d9084f6
resnext29_8x64d__pathmnist_split_03__seed1__d5.0,pathmnist,d5,1,419,419,257,0.3866348448687351,5,514bbf7db6b5b799d604e57f42da4fb5482e127832707f12db07999246caef01
resnext29_8x64d__pathmnist_split_03__seed1__d5.0,pathmnist,d5,2,417,417,264,0.36690647482014394,4,aeb81eedc0237ed0843a2e8f3828572d788172c31496c4847e5dc8c231083ada
resnext29_8x64d__pathmnist_split_03__seed1__d5.0,pathmnist,d5,3,417,417,264,0.36690647482014394,5,6ac57b66685d399026c233a16777ddd7e60a9c8fc13257f8fefdd3a3ae9b7690
resnext29_8x64d__pathmnist_split_03__seed1__d5.0,pathmnist,d5,4,417,417,254,0.3908872901678657,5,7107121df435ad0e7384816c03ac7037574af6f3978e7f67f7b1381736cc37d4
resnext29_8x64d__pathmnist_split_03__seed2__d0.5,pathmnist,d0.5,0,419,419,265,0.3675417661097852,5,9b1744856eac1b30c7e0e11d6a0b4f355d844ef4093dbc3b7f6ff8ae94a506cb
resnext29_8x64d__pathmnist_split_03__seed2__d0.5,pathmnist,d0.5,1,419,419,280,0.3317422434367542,6,1df3927828b6aeeb3f4758518d22fe8a30bb728a40037770e17c5069fe6acf66
resnext29_8x64d__pathmnist_split_03__seed2__d0.5,pathmnist,d0.5,2,417,417,264,0.36690647482014394,4,d2d877ef0fdc2295ba6efc192250ad404bc8db0537cedbed3e45d7df3c5b9011
resnext29_8x64d__pathmnist_split_03__seed2__d0.5,pathmnist,d0.5,3,417,417,265,0.36450839328537166,5,57120cf64f8e530b7790c1e4736f01fd723bbd40e0e4a96b2a1e64fa489b8e7a
resnext29_8x64d__pathmnist_split_03__seed2__d0.5,pathmnist,d0.5,4,417,417,270,0.3525179856115108,5,4545c948b7764f0718cf68ac51e9905e85d2437b2f0ef8513871b4392842b6a6
resnext29_8x64d__pathmnist_split_03__seed2__d5.0,pathmnist,d5,0,419,419,265,0.3675417661097852,5,9b1744856eac1b30c7e0e11d6a0b4f355d844ef4093dbc3b7f6ff8ae94a506cb
resnext29_8x64d__pathmnist_split_03__seed2__d5.0,pathmnist,d5,1,419,419,280,0.3317422434367542,6,1df3927828b6aeeb3f4758518d22fe8a30bb728a40037770e17c5069fe6acf66
resnext29_8x64d__pathmnist_split_03__seed2__d5.0,pathmnist,d5,2,417,417,264,0.36690647482014394,4,d2d877ef0fdc2295ba6efc192250ad404bc8db0537cedbed3e45d7df3c5b9011
resnext29_8x64d__pathmnist_split_03__seed2__d5.0,pathmnist,d5,3,417,417,265,0.36450839328537166,5,57120cf64f8e530b7790c1e4736f01fd723bbd40e0e4a96b2a1e64fa489b8e7a
resnext29_8x64d__pathmnist_split_03__seed2__d5.0,pathmnist,d5,4,417,417,270,0.3525179856115108,5,4545c948b7764f0718cf68ac51e9905e85d2437b2f0ef8513871b4392842b6a6
resnext29_8x64d__pathmnist_split_03__seed3__d0.5,pathmnist,d0.5,0,419,419,262,0.3747016706443914,4,6599b0e41d3e91d02230695871ee4d0720d83c8793431883964e364d8204a86e
resnext29_8x64d__pathmnist_split_03__seed3__d0.5,pathmnist,d0.5,1,419,419,268,0.36038186157517904,5,2019215dbde8498f365925f0aaef3d63988fb1214efdeb08a198cbe5c815b8a9
resnext29_8x64d__pathmnist_split_03__seed3__d0.5,pathmnist,d0.5,2,417,417,272,0.3477218225419664,4,38ef868ad1d0e04779d2be998eabbf5d67ffa2b75c9bef9d96cbdede4a6da7c2
resnext29_8x64d__pathmnist_split_03__seed3__d0.5,pathmnist,d0.5,3,417,417,261,0.37410071942446044,5,7634be5a17be104dd0bc058f09c848b6bab35ce9dbeabb2ec912e902ab22d150
resnext29_8x64d__pathmnist_split_03__seed3__d0.5,pathmnist,d0.5,4,417,417,282,0.3237410071942446,5,dcd91ecda4fe4653a077f21ed0817e00bcc34decb2dfdb053cc1713dc7f9bb72
resnext29_8x64d__pathmnist_split_03__seed3__d5.0,pathmnist,d5,0,419,419,262,0.3747016706443914,4,6599b0e41d3e91d02230695871ee4d0720d83c8793431883964e364d8204a86e
resnext29_8x64d__pathmnist_split_03__seed3__d5.0,pathmnist,d5,1,419,419,268,0.36038186157517904,5,2019215dbde8498f365925f0aaef3d63988fb1214efdeb08a198cbe5c815b8a9
resnext29_8x64d__pathmnist_split_03__seed3__d5.0,pathmnist,d5,2,417,417,272,0.3477218225419664,4,38ef868ad1d0e04779d2be998eabbf5d67ffa2b75c9bef9d96cbdede4a6da7c2
resnext29_8x64d__pathmnist_split_03__seed3__d5.0,pathmnist,d5,3,417,417,261,0.37410071942446044,5,7634be5a17be104dd0bc058f09c848b6bab35ce9dbeabb2ec912e902ab22d150
resnext29_8x64d__pathmnist_split_03__seed3__d5.0,pathmnist,d5,4,417,417,282,0.3237410071942446,5,dcd91ecda4fe4653a077f21ed0817e00bcc34decb2dfdb053cc1713dc7f9bb72
resnext29_8x64d__pathmnist_split_03__seed4__d0.5,pathmnist,d0.5,0,419,419,266,0.3651551312649165,5,ca2f4999ab0f66635d78da81d951d6a83957b5676c5324d8d264a135feed7390
resnext29_8x64d__pathmnist_split_03__seed4__d0.5,pathmnist,d0.5,1,419,419,265,0.3675417661097852,6,9990266832fed1656d089a77ac0394017b7d99cec132514f3d9033f5b4a14c1d
resnext29_8x64d__pathmnist_split_03__seed4__d0.5,pathmnist,d0.5,2,417,417,259,0.37889688249400477,5,c1974d75fc94f547754b9b857a62480557be3b09437fc2f4f418fa205372bb8c
resnext29_8x64d__pathmnist_split_03__seed4__d0.5,pathmnist,d0.5,3,417,417,258,0.38129496402877694,5,d07bd6b31b5cb5191a6af267f366ddc52fd4313b84f23437d7ad6e237edc8ba9
resnext29_8x64d__pathmnist_split_03__seed4__d0.5,pathmnist,d0.5,4,417,417,263,0.3693045563549161,6,3308d6f62746374bcdf8139b8564e10e0c0e338de810a0af4aff0d980f504cad
resnext29_8x64d__pathmnist_split_03__seed4__d5.0,pathmnist,d5,0,419,419,266,0.3651551312649165,5,ca2f4999ab0f66635d78da81d951d6a83957b5676c5324d8d264a135feed7390
resnext29_8x64d__pathmnist_split_03__seed4__d5.0,pathmnist,d5,1,419,419,265,0.3675417661097852,6,9990266832fed1656d089a77ac0394017b7d99cec132514f3d9033f5b4a14c1d
resnext29_8x64d__pathmnist_split_03__seed4__d5.0,pathmnist,d5,2,417,417,259,0.37889688249400477,5,c1974d75fc94f547754b9b857a62480557be3b09437fc2f4f418fa205372bb8c
resnext29_8x64d__pathmnist_split_03__seed4__d5.0,pathmnist,d5,3,417,417,258,0.38129496402877694,5,d07bd6b31b5cb5191a6af267f366ddc52fd4313b84f23437d7ad6e237edc8ba9
resnext29_8x64d__pathmnist_split_03__seed4__d5.0,pathmnist,d5,4,417,417,263,0.3693045563549161,6,3308d6f62746374bcdf8139b8564e10e0c0e338de810a0af4aff0d980f504cad
resnext29_8x64d__pathmnist_split_04__seed0__d0.5,pathmnist,d0.5,0,430,430,271,0.36976744186046506,5,e8b6af3afc5b5734a7960aaf09e45e9cd8e304578790f67f5df4bef3b12cf46f
resnext29_8x64d__pathmnist_split_04__seed0__d0.5,pathmnist,d0.5,1,430,430,278,0.3534883720930233,5,3ba984d80da7174f3d0fdbb2d2a7a7d48c7fb7652d439ee6f3eb4fa87f37b055
resnext29_8x64d__pathmnist_split_04__seed0__d0.5,pathmnist,d0.5,2,430,430,272,0.3674418604651163,5,1e2e0762a40e4d3609aefc44a1a43bb4cd91687aff87eadd9a2d293cf3124238
resnext29_8x64d__pathmnist_split_04__seed0__d0.5,pathmnist,d0.5,3,430,430,269,0.37441860465116283,5,8d68605fcb24fde288a66057cc23d5ef2ddd3a4f1a3e868893f2852ddcc077f3
resnext29_8x64d__pathmnist_split_04__seed0__d0.5,pathmnist,d0.5,4,430,430,269,0.37441860465116283,4,7c60bf3f2a4f2a3f5aa371050a3522c565fbd546117e1b1974581f76aba225be
resnext29_8x64d__pathmnist_split_04__seed0__d5.0,pathmnist,d5,0,430,430,271,0.36976744186046506,5,e8b6af3afc5b5734a7960aaf09e45e9cd8e304578790f67f5df4bef3b12cf46f
resnext29_8x64d__pathmnist_split_04__seed0__d5.0,pathmnist,d5,1,430,430,278,0.3534883720930233,5,3ba984d80da7174f3d0fdbb2d2a7a7d48c7fb7652d439ee6f3eb4fa87f37b055
resnext29_8x64d__pathmnist_split_04__seed0__d5.0,pathmnist,d5,2,430,430,272,0.3674418604651163,5,1e2e0762a40e4d3609aefc44a1a43bb4cd91687aff87eadd9a2d293cf3124238
resnext29_8x64d__pathmnist_split_04__seed0__d5.0,pathmnist,d5,3,430,430,269,0.37441860465116283,5,8d68605fcb24fde288a66057cc23d5ef2ddd3a4f1a3e868893f2852ddcc077f3
resnext29_8x64d__pathmnist_split_04__seed0__d5.0,pathmnist,d5,4,430,430,269,0.37441860465116283,4,7c60bf3f2a4f2a3f5aa371050a3522c565fbd546117e1b1974581f76aba225be
resnext29_8x64d__pathmnist_split_04__seed1__d0.5,pathmnist,d0.5,0,430,430,277,0.3558139534883721,4,bb45a27b51923a6dd4766d338ec414b20ffc34a6fccc37683be6ce83507a2965
resnext29_8x64d__pathmnist_split_04__seed1__d0.5,pathmnist,d0.5,1,430,430,269,0.37441860465116283,5,38fc7805a8b5de2695e6d6e0bc57097f77590b19cb337a368eb8cfdfb4502de6
resnext29_8x64d__pathmnist_split_04__seed1__d0.5,pathmnist,d0.5,2,430,430,272,0.3674418604651163,5,0e31a6306de67c3b26580b73ebe432b4f946f525e4f828e484009f4d2b4e4e2b
resnext29_8x64d__pathmnist_split_04__seed1__d0.5,pathmnist,d0.5,3,430,430,272,0.3674418604651163,5,2df7424d2b5e543d129a0d90760e56d8aaf13ba454f6ee8b8edbf1c1a8d0e2bc
resnext29_8x64d__pathmnist_split_04__seed1__d0.5,pathmnist,d0.5,4,430,430,281,0.34651162790697676,4,039dc52357432ddb2ec912b1c85aab0431d23f3508bcdc4fbbe60b26b308f266
resnext29_8x64d__pathmnist_split_04__seed1__d5.0,pathmnist,d5,0,430,430,277,0.3558139534883721,4,bb45a27b51923a6dd4766d338ec414b20ffc34a6fccc37683be6ce83507a2965
resnext29_8x64d__pathmnist_split_04__seed1__d5.0,pathmnist,d5,1,430,430,269,0.37441860465116283,5,38fc7805a8b5de2695e6d6e0bc57097f77590b19cb337a368eb8cfdfb4502de6
resnext29_8x64d__pathmnist_split_04__seed1__d5.0,pathmnist,d5,2,430,430,272,0.3674418604651163,5,0e31a6306de67c3b26580b73ebe432b4f946f525e4f828e484009f4d2b4e4e2b
resnext29_8x64d__pathmnist_split_04__seed1__d5.0,pathmnist,d5,3,430,430,272,0.3674418604651163,5,2df7424d2b5e543d129a0d90760e56d8aaf13ba454f6ee8b8edbf1c1a8d0e2bc
resnext29_8x64d__pathmnist_split_04__seed1__d5.0,pathmnist,d5,4,430,430,281,0.34651162790697676,4,039dc52357432ddb2ec912b1c85aab0431d23f3508bcdc4fbbe60b26b308f266
resnext29_8x64d__pathmnist_split_04__seed2__d0.5,pathmnist,d0.5,0,430,430,284,0.3395348837209302,5,fc00513374e223b54e857de678a9af9710e8947b7c80e931a6a1381c82900dca
resnext29_8x64d__pathmnist_split_04__seed2__d0.5,pathmnist,d0.5,1,430,430,280,0.34883720930232553,5,e84b06dcf59d34f7077c2777db2780bbafe861a4afef32c01c301cf83784be03
resnext29_8x64d__pathmnist_split_04__seed2__d0.5,pathmnist,d0.5,2,430,430,282,0.3441860465116279,5,4162262375685e9265ca15f70968559fee3a72cd21f74d94db5f5e0ab8c6c596
resnext29_8x64d__pathmnist_split_04__seed2__d0.5,pathmnist,d0.5,3,430,430,259,0.39767441860465114,5,2ab133c9fc616332fca272cafe66c4ac89d197cdb7ba58ac713850e73ce3c898
resnext29_8x64d__pathmnist_split_04__seed2__d0.5,pathmnist,d0.5,4,430,430,270,0.37209302325581395,7,5fcec2a51f55e3e49924bc32a55465dd30e1af2c0055e8d4d2b9ca8358c80f0a
resnext29_8x64d__pathmnist_split_04__seed2__d5.0,pathmnist,d5,0,430,430,284,0.3395348837209302,5,fc00513374e223b54e857de678a9af9710e8947b7c80e931a6a1381c82900dca
resnext29_8x64d__pathmnist_split_04__seed2__d5.0,pathmnist,d5,1,430,430,280,0.34883720930232553,5,e84b06dcf59d34f7077c2777db2780bbafe861a4afef32c01c301cf83784be03
resnext29_8x64d__pathmnist_split_04__seed2__d5.0,pathmnist,d5,2,430,430,282,0.3441860465116279,5,4162262375685e9265ca15f70968559fee3a72cd21f74d94db5f5e0ab8c6c596
resnext29_8x64d__pathmnist_split_04__seed2__d5.0,pathmnist,d5,3,430,430,259,0.39767441860465114,5,2ab133c9fc616332fca272cafe66c4ac89d197cdb7ba58ac713850e73ce3c898
resnext29_8x64d__pathmnist_split_04__seed2__d5.0,pathmnist,d5,4,430,430,270,0.37209302325581395,7,5fcec2a51f55e3e49924bc32a55465dd30e1af2c0055e8d4d2b9ca8358c80f0a
resnext29_8x64d__pathmnist_split_04__seed3__d0.5,pathmnist,d0.5,0,430,430,274,0.3627906976744186,5,6e581a0f7893a200849290c0838d6966339b64059c8b219ad0254894bc3538f8
resnext29_8x64d__pathmnist_split_04__seed3__d0.5,pathmnist,d0.5,1,430,430,282,0.3441860465116279,5,f92a5cb79b24b34804139a9eee7885f84f26f5371b1b9c6f7089dc295dc8a9f7
resnext29_8x64d__pathmnist_split_04__seed3__d0.5,pathmnist,d0.5,2,430,430,270,0.37209302325581395,5,6ebd4712aae37f6a0f2b841b96abab9462efcd0bef764457d863ce090d572b30
resnext29_8x64d__pathmnist_split_04__seed3__d0.5,pathmnist,d0.5,3,430,430,261,0.3930232558139535,5,bf50716ef38d779b3a17d2f9535a8e4fc6747d71391beae63cd403428cdd1459
resnext29_8x64d__pathmnist_split_04__seed3__d0.5,pathmnist,d0.5,4,430,430,278,0.3534883720930233,5,fb8353f2a51f8ee2a776e38d8baa94616bfdfeae6e1f312fc022f2215a80d2ad
resnext29_8x64d__pathmnist_split_04__seed3__d5.0,pathmnist,d5,0,430,430,274,0.3627906976744186,5,6e581a0f7893a200849290c0838d6966339b64059c8b219ad0254894bc3538f8
resnext29_8x64d__pathmnist_split_04__seed3__d5.0,pathmnist,d5,1,430,430,282,0.3441860465116279,5,f92a5cb79b24b34804139a9eee7885f84f26f5371b1b9c6f7089dc295dc8a9f7
resnext29_8x64d__pathmnist_split_04__seed3__d5.0,pathmnist,d5,2,430,430,270,0.37209302325581395,5,6ebd4712aae37f6a0f2b841b96abab9462efcd0bef764457d863ce090d572b30
resnext29_8x64d__pathmnist_split_04__seed3__d5.0,pathmnist,d5,3,430,430,261,0.3930232558139535,5,bf50716ef38d779b3a17d2f9535a8e4fc6747d71391beae63cd403428cdd1459
resnext29_8x64d__pathmnist_split_04__seed3__d5.0,pathmnist,d5,4,430,430,278,0.3534883720930233,5,fb8353f2a51f8ee2a776e38d8baa94616bfdfeae6e1f312fc022f2215a80d2ad
resnext29_8x64d__pathmnist_split_04__seed4__d0.5,pathmnist,d0.5,0,430,430,275,0.36046511627906974,6,7a784010dda3677a59a5d4d4882e2576eedb52d95e25c19d1071dda615dea927
resnext29_8x64d__pathmnist_split_04__seed4__d0.5,pathmnist,d0.5,1,430,430,274,0.3627906976744186,5,8b952572c6a7e292a76a1ad59dea3ba883afa5e9b8e272d8b03f7b02bbee1b53
resnext29_8x64d__pathmnist_split_04__seed4__d0.5,pathmnist,d0.5,2,430,430,266,0.38139534883720927,5,ea3108b7bd554e461f32bee2c9fd726937d8af6582476ca5e5438d45e1657604
resnext29_8x64d__pathmnist_split_04__seed4__d0.5,pathmnist,d0.5,3,430,430,260,0.39534883720930236,5,8cb0e0e6ea0df7ade89633fed0026212ff99e139e910ef2cc2df5de79a4e5531
resnext29_8x64d__pathmnist_split_04__seed4__d0.5,pathmnist,d0.5,4,430,430,273,0.3651162790697674,4,4d0c32423d6d9defab0ba3df37a88a3755d68640912b824d5a9616dc3f74274e
resnext29_8x64d__pathmnist_split_04__seed4__d5.0,pathmnist,d5,0,430,430,275,0.36046511627906974,6,7a784010dda3677a59a5d4d4882e2576eedb52d95e25c19d1071dda615dea927
resnext29_8x64d__pathmnist_split_04__seed4__d5.0,pathmnist,d5,1,430,430,274,0.3627906976744186,5,8b952572c6a7e292a76a1ad59dea3ba883afa5e9b8e272d8b03f7b02bbee1b53
resnext29_8x64d__pathmnist_split_04__seed4__d5.0,pathmnist,d5,2,430,430,266,0.38139534883720927,5,ea3108b7bd554e461f32bee2c9fd726937d8af6582476ca5e5438d45e1657604
resnext29_8x64d__pathmnist_split_04__seed4__d5.0,pathmnist,d5,3,430,430,260,0.39534883720930236,5,8cb0e0e6ea0df7ade89633fed0026212ff99e139e910ef2cc2df5de79a4e5531
resnext29_8x64d__pathmnist_split_04__seed4__d5.0,pathmnist,d5,4,430,430,273,0.3651162790697674,4,4d0c32423d6d9defab0ba3df37a88a3755d68640912b824d5a9616dc3f74274e
