semantic_id,dataset,d,audit_n_per_client,n_cells,n_cell_replicates,certified_count,certification_rate,effective_certified_acceptance,conditional_certified_acceptance
cifar100_proser_fedavg__split00__seed0__d0.1,cifar100,0.1,128,1.0,200.0,0.0,0.0,0.0,
cifar100_proser_fedavg__split00__seed0__d0.1,cifar100,0.1,256,1.0,200.0,0.0,0.0,0.0,
cifar100_proser_fedavg__split00__seed0__d0.1,cifar100,0.1,514,1.0,200.0,1.0,0.005,0.00016496835477988224,0.03299367095597645
cifar100_proser_fedavg__split00__seed0__d0.1,cifar100,0.1,1028,1.0,200.0,68.0,0.34,0.01293673736100999,0.038049227532382324
cifar100_proser_fedavg__split00__seed0__d0.5,cifar100,0.5,128,1.0,200.0,0.0,0.0,0.0,
cifar100_proser_fedavg__split00__seed0__d0.5,cifar100,0.5,256,1.0,200.0,0.0,0.0,0.0,
cifar100_proser_fedavg__split00__seed0__d0.5,cifar100,0.5,514,1.0,200.0,9.0,0.045,0.0015316066413978582,0.03403570314217463
cifar100_proser_fedavg__split00__seed0__d0.5,cifar100,0.5,1028,1.0,200.0,108.0,0.54,0.027598682254214024,0.05110867084113708
cifar100_proser_fedavg__split00__seed0__d5.0,cifar100,5.0,128,1.0,200.0,0.0,0.0,0.0,
cifar100_proser_fedavg__split00__seed0__d5.0,cifar100,5.0,256,1.0,200.0,0.0,0.0,0.0,
cifar100_proser_fedavg__split00__seed0__d5.0,cifar100,5.0,514,1.0,200.0,3.0,0.015,0.0015877663538030346,0.10585109025353563
cifar100_proser_fedavg__split00__seed0__d5.0,cifar100,5.0,1028,1.0,200.0,111.0,0.555,0.048500567101534456,0.08738840919195398
cifar100_proser_fedavg__split00__seed1__d0.1,cifar100,0.1,128,1.0,200.0,0.0,0.0,0.0,
cifar100_proser_fedavg__split00__seed1__d0.1,cifar100,0.1,256,1.0,200.0,0.0,0.0,0.0,
cifar100_proser_fedavg__split00__seed1__d0.1,cifar100,0.1,514,1.0,200.0,0.0,0.0,0.0,
cifar100_proser_fedavg__split00__seed1__d0.1,cifar100,0.1,1028,1.0,200.0,0.0,0.0,0.0,
cifar100_proser_fedavg__split00__seed1__d0.5,cifar100,0.5,128,1.0,200.0,0.0,0.0,0.0,
cifar100_proser_fedavg__split00__seed1__d0.5,cifar100,0.5,256,1.0,200.0,0.0,0.0,0.0,
cifar100_proser_fedavg__split00__seed1__d0.5,cifar100,0.5,514,1.0,200.0,0.0,0.0,0.0,
cifar100_proser_fedavg__split00__seed1__d0.5,cifar100,0.5,1028,1.0,200.0,36.0,0.18,0.009548799419152982,0.05304888566196101
cifar100_proser_fedavg__split00__seed1__d5.0,cifar100,5.0,128,1.0,200.0,0.0,0.0,0.0,
cifar100_proser_fedavg__split00__seed1__d5.0,cifar100,5.0,256,1.0,200.0,0.0,0.0,0.0,
cifar100_proser_fedavg__split00__seed1__d5.0,cifar100,5.0,514,1.0,200.0,34.0,0.17,0.009106321936326585,0.053566599625450496
cifar100_proser_fedavg__split00__seed1__d5.0,cifar100,5.0,1028,1.0,200.0,192.0,0.96,0.07656289340893709,0.0797530139676428
cifar100_proser_fedavg__split00__seed2__d0.1,cifar100,0.1,128,1.0,200.0,0.0,0.0,0.0,
cifar100_proser_fedavg__split00__seed2__d0.1,cifar100,0.1,256,1.0,200.0,0.0,0.0,0.0,
cifar100_proser_fedavg__split00__seed2__d0.1,cifar100,0.1,514,1.0,200.0,0.0,0.0,0.0,
cifar100_proser_fedavg__split00__seed2__d0.1,cifar100,0.1,1028,1.0,200.0,58.0,0.29,0.012410369785800407,0.04279437857172553
cifar100_proser_fedavg__split00__seed2__d0.5,cifar100,0.5,128,1.0,200.0,0.0,0.0,0.0,
cifar100_proser_fedavg__split00__seed2__d0.5,cifar100,0.5,256,1.0,200.0,0.0,0.0,0.0,
cifar100_proser_fedavg__split00__seed2__d0.5,cifar100,0.5,514,1.0,200.0,0.0,0.0,0.0,
cifar100_proser_fedavg__split00__seed2__d0.5,cifar100,0.5,1028,1.0,200.0,24.0,0.12,0.004271203238279669,0.03559336031899724
cifar100_proser_fedavg__split00__seed2__d5.0,cifar100,5.0,128,1.0,200.0,0.0,0.0,0.0,
cifar100_proser_fedavg__split00__seed2__d5.0,cifar100,5.0,256,1.0,200.0,0.0,0.0,0.0,
cifar100_proser_fedavg__split00__seed2__d5.0,cifar100,5.0,514,1.0,200.0,0.0,0.0,0.0,
cifar100_proser_fedavg__split00__seed2__d5.0,cifar100,5.0,1028,1.0,200.0,27.0,0.135,0.0061850665716071005,0.04581530793783037
cifar100_proser_fedavg__split00__seed3__d0.1,cifar100,0.1,128,1.0,200.0,0.0,0.0,0.0,
cifar100_proser_fedavg__split00__seed3__d0.1,cifar100,0.1,256,1.0,200.0,0.0,0.0,0.0,
cifar100_proser_fedavg__split00__seed3__d0.1,cifar100,0.1,514,1.0,200.0,0.0,0.0,0.0,
cifar100_proser_fedavg__split00__seed3__d0.1,cifar100,0.1,1028,1.0,200.0,16.0,0.08,0.0020817369210316765,0.026021711512895958
cifar100_proser_fedavg__split00__seed3__d0.5,cifar100,0.5,128,1.0,200.0,0.0,0.0,0.0,
cifar100_proser_fedavg__split00__seed3__d0.5,cifar100,0.5,256,1.0,200.0,0.0,0.0,0.0,
cifar100_proser_fedavg__split00__seed3__d0.5,cifar100,0.5,514,1.0,200.0,0.0,0.0,0.0,
cifar100_proser_fedavg__split00__seed3__d0.5,cifar100,0.5,1028,1.0,200.0,15.0,0.075,0.004734563747731651,0.06312751663642202
cifar100_proser_fedavg__split00__seed3__d5.0,cifar100,5.0,128,1.0,200.0,0.0,0.0,0.0,
cifar100_proser_fedavg__split00__seed3__d5.0,cifar100,5.0,256,1.0,200.0,0.0,0.0,0.0,
cifar100_proser_fedavg__split00__seed3__d5.0,cifar100,5.0,514,1.0,200.0,0.0,0.0,0.0,
cifar100_proser_fedavg__split00__seed3__d5.0,cifar100,5.0,1028,1.0,200.0,21.0,0.105,0.008937716312755743,0.0851211077405309
cifar100_proser_fedavg__split00__seed4__d0.1,cifar100,0.1,128,1.0,200.0,0.0,0.0,0.0,
cifar100_proser_fedavg__split00__seed4__d0.1,cifar100,0.1,256,1.0,200.0,0.0,0.0,0.0,
cifar100_proser_fedavg__split00__seed4__d0.1,cifar100,0.1,514,1.0,200.0,0.0,0.0,0.0,
cifar100_proser_fedavg__split00__seed4__d0.1,cifar100,0.1,1028,1.0,200.0,0.0,0.0,0.0,
cifar100_proser_fedavg__split00__seed4__d0.5,cifar100,0.5,128,1.0,200.0,0.0,0.0,0.0,
cifar100_proser_fedavg__split00__seed4__d0.5,cifar100,0.5,256,1.0,200.0,0.0,0.0,0.0,
cifar100_proser_fedavg__split00__seed4__d0.5,cifar100,0.5,514,1.0,200.0,0.0,0.0,0.0,
cifar100_proser_fedavg__split00__seed4__d0.5,cifar100,0.5,1028,1.0,200.0,56.0,0.28,0.023645531664774868,0.08444832737419596
cifar100_proser_fedavg__split00__seed4__d5.0,cifar100,5.0,128,1.0,200.0,0.0,0.0,0.0,
cifar100_proser_fedavg__split00__seed4__d5.0,cifar100,5.0,256,1.0,200.0,0.0,0.0,0.0,
cifar100_proser_fedavg__split00__seed4__d5.0,cifar100,5.0,514,1.0,200.0,1.0,0.005,0.00033743284936418156,0.06748656987283631
cifar100_proser_fedavg__split00__seed4__d5.0,cifar100,5.0,1028,1.0,200.0,50.0,0.25,0.015048639052799028,0.06019455621119611
cifar100_proser_fedavg__split01__seed0__d0.1,cifar100,0.1,128,1.0,200.0,0.0,0.0,0.0,
cifar100_proser_fedavg__split01__seed0__d0.1,cifar100,0.1,256,1.0,200.0,0.0,0.0,0.0,
cifar100_proser_fedavg__split01__seed0__d0.1,cifar100,0.1,514,1.0,200.0,0.0,0.0,0.0,
cifar100_proser_fedavg__split01__seed0__d0.1,cifar100,0.1,1028,1.0,200.0,57.0,0.285,0.006761940138652087,0.023726105749656445
cifar100_proser_fedavg__split01__seed0__d0.5,cifar100,0.5,128,1.0,200.0,0.0,0.0,0.0,
cifar100_proser_fedavg__split01__seed0__d0.5,cifar100,0.5,256,1.0,200.0,0.0,0.0,0.0,
cifar100_proser_fedavg__split01__seed0__d0.5,cifar100,0.5,514,1.0,200.0,3.0,0.015,0.0014896480093415931,0.09930986728943954
cifar100_proser_fedavg__split01__seed0__d0.5,cifar100,0.5,1028,1.0,200.0,101.0,0.505,0.05556036161751762,0.1100205180544903
cifar100_proser_fedavg__split01__seed0__d5.0,cifar100,5.0,128,1.0,200.0,0.0,0.0,0.0,
cifar100_proser_fedavg__split01__seed0__d5.0,cifar100,5.0,256,1.0,200.0,0.0,0.0,0.0,
cifar100_proser_fedavg__split01__seed0__d5.0,cifar100,5.0,514,1.0,200.0,34.0,0.17,0.01738477869810041,0.102263404106473
cifar100_proser_fedavg__split01__seed0__d5.0,cifar100,5.0,1028,1.0,200.0,174.0,0.87,0.11978071430537823,0.13767898196020487
cifar100_proser_fedavg__split01__seed1__d0.1,cifar100,0.1,128,1.0,200.0,0.0,0.0,0.0,
cifar100_proser_fedavg__split01__seed1__d0.1,cifar100,0.1,256,1.0,200.0,0.0,0.0,0.0,
cifar100_proser_fedavg__split01__seed1__d0.1,cifar100,0.1,514,1.0,200.0,0.0,0.0,0.0,
cifar100_proser_fedavg__split01__seed1__d0.1,cifar100,0.1,1028,1.0,200.0,62.0,0.31,0.01326787883851499,0.04279960915649997
cifar100_proser_fedavg__split01__seed1__d0.5,cifar100,0.5,128,1.0,200.0,0.0,0.0,0.0,
cifar100_proser_fedavg__split01__seed1__d0.5,cifar100,0.5,256,1.0,200.0,0.0,0.0,0.0,
cifar100_proser_fedavg__split01__seed1__d0.5,cifar100,0.5,514,1.0,200.0,48.0,0.24,0.02404182970697806,0.10017429044574189
cifar100_proser_fedavg__split01__seed1__d0.5,cifar100,0.5,1028,1.0,200.0,189.0,0.945,0.10983920355254587,0.11623196143126546
cifar100_proser_fedavg__split01__seed1__d5.0,cifar100,5.0,128,1.0,200.0,0.0,0.0,0.0,
cifar100_proser_fedavg__split01__seed1__d5.0,cifar100,5.0,256,1.0,200.0,0.0,0.0,0.0,
cifar100_proser_fedavg__split01__seed1__d5.0,cifar100,5.0,514,1.0,200.0,24.0,0.12,0.013286218768637168,0.11071848973864307
cifar100_proser_fedavg__split01__seed1__d5.0,cifar100,5.0,1028,1.0,200.0,177.0,0.885,0.13958080266707157,0.15771842109273623
cifar100_proser_fedavg__split01__seed2__d0.1,cifar100,0.1,128,1.0,200.0,0.0,0.0,0.0,
cifar100_proser_fedavg__split01__seed2__d0.1,cifar100,0.1,256,1.0,200.0,0.0,0.0,0.0,
cifar100_proser_fedavg__split01__seed2__d0.1,cifar100,0.1,514,1.0,200.0,0.0,0.0,0.0,
cifar100_proser_fedavg__split01__seed2__d0.1,cifar100,0.1,1028,1.0,200.0,21.0,0.105,0.0039042047827770616,0.03718290269311487
cifar100_proser_fedavg__split01__seed2__d0.5,cifar100,0.5,128,1.0,200.0,0.0,0.0,0.0,
cifar100_proser_fedavg__split01__seed2__d0.5,cifar100,0.5,256,1.0,200.0,0.0,0.0,0.0,
cifar100_proser_fedavg__split01__seed2__d0.5,cifar100,0.5,514,1.0,200.0,7.0,0.035,0.002458251758010989,0.07023576451459969
cifar100_proser_fedavg__split01__seed2__d0.5,cifar100,0.5,1028,1.0,200.0,123.0,0.615,0.05397858757974322,0.08777006110527352
cifar100_proser_fedavg__split01__seed2__d5.0,cifar100,5.0,128,1.0,200.0,0.0,0.0,0.0,
cifar100_proser_fedavg__split01__seed2__d5.0,cifar100,5.0,256,1.0,200.0,0.0,0.0,0.0,
cifar100_proser_fedavg__split01__seed2__d5.0,cifar100,5.0,514,1.0,200.0,25.0,0.125,0.0092123769379159,0.07369901550332722
cifar100_proser_fedavg__split01__seed2__d5.0,cifar100,5.0,1028,1.0,200.0,172.0,0.86,0.08416852758497623,0.09787038091276305
cifar100_proser_fedavg__split01__seed3__d0.1,cifar100,0.1,128,1.0,200.0,0.0,0.0,0.0,
cifar100_proser_fedavg__split01__seed3__d0.1,cifar100,0.1,256,1.0,200.0,0.0,0.0,0.0,
cifar100_proser_fedavg__split01__seed3__d0.1,cifar100,0.1,514,1.0,200.0,0.0,0.0,0.0,
cifar100_proser_fedavg__split01__seed3__d0.1,cifar100,0.1,1028,1.0,200.0,0.0,0.0,0.0,
cifar100_proser_fedavg__split01__seed3__d0.5,cifar100,0.5,128,1.0,200.0,0.0,0.0,0.0,
cifar100_proser_fedavg__split01__seed3__d0.5,cifar100,0.5,256,1.0,200.0,0.0,0.0,0.0,
cifar100_proser_fedavg__split01__seed3__d0.5,cifar100,0.5,514,1.0,200.0,14.0,0.07,0.004943578528975538,0.07062255041393625
cifar100_proser_fedavg__split01__seed3__d0.5,cifar100,0.5,1028,1.0,200.0,140.0,0.7,0.06683874547931365,0.09548392211330523
cifar100_proser_fedavg__split01__seed3__d5.0,cifar100,5.0,128,1.0,200.0,0.0,0.0,0.0,
cifar100_proser_fedavg__split01__seed3__d5.0,cifar100,5.0,256,1.0,200.0,0.0,0.0,0.0,
cifar100_proser_fedavg__split01__seed3__d5.0,cifar100,5.0,514,1.0,200.0,71.0,0.355,0.025663202672033786,0.07229071175220783
cifar100_proser_fedavg__split01__seed3__d5.0,cifar100,5.0,1028,1.0,200.0,199.0,0.995,0.1326827763520096,0.13334952397186892
cifar100_proser_fedavg__split01__seed4__d0.1,cifar100,0.1,128,1.0,200.0,0.0,0.0,0.0,
cifar100_proser_fedavg__split01__seed4__d0.1,cifar100,0.1,256,1.0,200.0,0.0,0.0,0.0,
cifar100_proser_fedavg__split01__seed4__d0.1,cifar100,0.1,514,1.0,200.0,0.0,0.0,0.0,
cifar100_proser_fedavg__split01__seed4__d0.1,cifar100,0.1,1028,1.0,200.0,0.0,0.0,0.0,
cifar100_proser_fedavg__split01__seed4__d0.5,cifar100,0.5,128,1.0,200.0,0.0,0.0,0.0,
cifar100_proser_fedavg__split01__seed4__d0.5,cifar100,0.5,256,1.0,200.0,0.0,0.0,0.0,
cifar100_proser_fedavg__split01__seed4__d0.5,cifar100,0.5,514,1.0,200.0,13.0,0.065,0.0046884191377631265,0.07212952519635576
cifar100_proser_fedavg__split01__seed4__d0.5,cifar100,0.5,1028,1.0,200.0,130.0,0.65,0.0640886864754481,0.09859797919299709
cifar100_proser_fedavg__split01__seed4__d5.0,cifar100,5.0,128,1.0,200.0,0.0,0.0,0.0,
cifar100_proser_fedavg__split01__seed4__d5.0,cifar100,5.0,256,1.0,200.0,0.0,0.0,0.0,
cifar100_proser_fedavg__split01__seed4__d5.0,cifar100,5.0,514,1.0,200.0,76.0,0.38,0.034987292841854395,0.09207182326803788
cifar100_proser_fedavg__split01__seed4__d5.0,cifar100,5.0,1028,1.0,200.0,194.0,0.97,0.1328623840679705,0.1369715299669799
cifar100_proser_fedavg__split02__seed0__d0.1,cifar100,0.1,128,1.0,200.0,0.0,0.0,0.0,
cifar100_proser_fedavg__split02__seed0__d0.1,cifar100,0.1,256,1.0,200.0,0.0,0.0,0.0,
cifar100_proser_fedavg__split02__seed0__d0.1,cifar100,0.1,514,1.0,200.0,0.0,0.0,0.0,
cifar100_proser_fedavg__split02__seed0__d0.1,cifar100,0.1,1028,1.0,200.0,38.0,0.19,0.006338433237444003,0.0333601749339158
cifar100_proser_fedavg__split02__seed0__d0.5,cifar100,0.5,128,1.0,200.0,0.0,0.0,0.0,
cifar100_proser_fedavg__split02__seed0__d0.5,cifar100,0.5,256,1.0,200.0,0.0,0.0,0.0,
cifar100_proser_fedavg__split02__seed0__d0.5,cifar100,0.5,514,1.0,200.0,12.0,0.06,0.005395950098939704,0.08993250164899504
cifar100_proser_fedavg__split02__seed0__d0.5,cifar100,0.5,1028,1.0,200.0,135.0,0.675,0.07151812915700051,0.10595278393629705
cifar100_proser_fedavg__split02__seed0__d5.0,cifar100,5.0,128,1.0,200.0,0.0,0.0,0.0,
cifar100_proser_fedavg__split02__seed0__d5.0,cifar100,5.0,256,1.0,200.0,2.0,0.01,0.000829029514632949,0.0829029514632949
cifar100_proser_fedavg__split02__seed0__d5.0,cifar100,5.0,514,1.0,200.0,75.0,0.375,0.037546729743884955,0.10012461265035986
cifar100_proser_fedavg__split02__seed0__d5.0,cifar100,5.0,1028,1.0,200.0,195.0,0.975,0.15343159357773953,0.15736573700280976
cifar100_proser_fedavg__split02__seed1__d0.1,cifar100,0.1,128,1.0,200.0,0.0,0.0,0.0,
cifar100_proser_fedavg__split02__seed1__d0.1,cifar100,0.1,256,1.0,200.0,0.0,0.0,0.0,
cifar100_proser_fedavg__split02__seed1__d0.1,cifar100,0.1,514,1.0,200.0,3.0,0.015,0.0008353442967837223,0.055689619785581485
cifar100_proser_fedavg__split02__seed1__d0.1,cifar100,0.1,1028,1.0,200.0,111.0,0.555,0.03429309192115743,0.06178935481289626
cifar100_proser_fedavg__split02__seed1__d0.5,cifar100,0.5,128,1.0,200.0,0.0,0.0,0.0,
cifar100_proser_fedavg__split02__seed1__d0.5,cifar100,0.5,256,1.0,200.0,0.0,0.0,0.0,
cifar100_proser_fedavg__split02__seed1__d0.5,cifar100,0.5,514,1.0,200.0,60.0,0.3,0.024519968916226712,0.08173322972075568
cifar100_proser_fedavg__split02__seed1__d0.5,cifar100,0.5,1028,1.0,200.0,197.0,0.985,0.12997377506002894,0.13195307112693294
cifar100_proser_fedavg__split02__seed1__d5.0,cifar100,5.0,128,1.0,200.0,0.0,0.0,0.0,
cifar100_proser_fedavg__split02__seed1__d5.0,cifar100,5.0,256,1.0,200.0,0.0,0.0,0.0,
cifar100_proser_fedavg__split02__seed1__d5.0,cifar100,5.0,514,1.0,200.0,33.0,0.165,0.013442211565123229,0.08146794887953471
cifar100_proser_fedavg__split02__seed1__d5.0,cifar100,5.0,1028,1.0,200.0,172.0,0.86,0.10597267252538928,0.12322403782022008
cifar100_proser_fedavg__split02__seed2__d0.1,cifar100,0.1,128,1.0,200.0,0.0,0.0,0.0,
cifar100_proser_fedavg__split02__seed2__d0.1,cifar100,0.1,256,1.0,200.0,0.0,0.0,0.0,
cifar100_proser_fedavg__split02__seed2__d0.1,cifar100,0.1,514,1.0,200.0,0.0,0.0,0.0,
cifar100_proser_fedavg__split02__seed2__d0.1,cifar100,0.1,1028,1.0,200.0,30.0,0.15,0.008309777878033595,0.055398519186890614
cifar100_proser_fedavg__split02__seed2__d0.5,cifar100,0.5,128,1.0,200.0,0.0,0.0,0.0,
cifar100_proser_fedavg__split02__seed2__d0.5,cifar100,0.5,256,1.0,200.0,0.0,0.0,0.0,
cifar100_proser_fedavg__split02__seed2__d0.5,cifar100,0.5,514,1.0,200.0,8.0,0.04,0.0030640540491624737,0.07660135122906185
cifar100_proser_fedavg__split02__seed2__d0.5,cifar100,0.5,1028,1.0,200.0,114.0,0.57,0.04810729851327604,0.08439876932153692
cifar100_proser_fedavg__split02__seed2__d5.0,cifar100,5.0,128,1.0,200.0,0.0,0.0,0.0,
cifar100_proser_fedavg__split02__seed2__d5.0,cifar100,5.0,256,1.0,200.0,0.0,0.0,0.0,
cifar100_proser_fedavg__split02__seed2__d5.0,cifar100,5.0,514,1.0,200.0,34.0,0.17,0.016952809143941875,0.09972240672906987
cifar100_proser_fedavg__split02__seed2__d5.0,cifar100,5.0,1028,1.0,200.0,192.0,0.96,0.12888837079236842,0.13425871957538377
cifar100_proser_fedavg__split02__seed3__d0.1,cifar100,0.1,128,1.0,200.0,0.0,0.0,0.0,
cifar100_proser_fedavg__split02__seed3__d0.1,cifar100,0.1,256,1.0,200.0,0.0,0.0,0.0,
cifar100_proser_fedavg__split02__seed3__d0.1,cifar100,0.1,514,1.0,200.0,3.0,0.015,0.0005933856202847291,0.03955904135231527
cifar100_proser_fedavg__split02__seed3__d0.1,cifar100,0.1,1028,1.0,200.0,105.0,0.525,0.019886926513625728,0.03787986002595377
cifar100_proser_fedavg__split02__seed3__d0.5,cifar100,0.5,128,1.0,200.0,0.0,0.0,0.0,
cifar100_proser_fedavg__split02__seed3__d0.5,cifar100,0.5,256,1.0,200.0,0.0,0.0,0.0,
cifar100_proser_fedavg__split02__seed3__d0.5,cifar100,0.5,514,1.0,200.0,59.0,0.295,0.019840843950635463,0.06725709813774733
cifar100_proser_fedavg__split02__seed3__d0.5,cifar100,0.5,1028,1.0,200.0,192.0,0.96,0.10752075520748682,0.11200078667446543
cifar100_proser_fedavg__split02__seed3__d5.0,cifar100,5.0,128,1.0,200.0,0.0,0.0,0.0,
cifar100_proser_fedavg__split02__seed3__d5.0,cifar100,5.0,256,1.0,200.0,1.0,0.005,0.00035039855266536196,0.0700797105330724
cifar100_proser_fedavg__split02__seed3__d5.0,cifar100,5.0,514,1.0,200.0,54.0,0.27,0.02397105155676465,0.08878167243246166
cifar100_proser_fedavg__split02__seed3__d5.0,cifar100,5.0,1028,1.0,200.0,188.0,0.94,0.1242008748748807,0.13212859029242627
cifar100_proser_fedavg__split02__seed4__d0.1,cifar100,0.1,128,1.0,200.0,0.0,0.0,0.0,
cifar100_proser_fedavg__split02__seed4__d0.1,cifar100,0.1,256,1.0,200.0,0.0,0.0,0.0,
cifar100_proser_fedavg__split02__seed4__d0.1,cifar100,0.1,514,1.0,200.0,0.0,0.0,0.0,
cifar100_proser_fedavg__split02__seed4__d0.1,cifar100,0.1,1028,1.0,200.0,4.0,0.02,0.0003732564904434578,0.01866282452217289
cifar100_proser_fedavg__split02__seed4__d0.5,cifar100,0.5,128,1.0,200.0,0.0,0.0,0.0,
cifar100_proser_fedavg__split02__seed4__d0.5,cifar100,0.5,256,1.0,200.0,0.0,0.0,0.0,
cifar100_proser_fedavg__split02__seed4__d0.5,cifar100,0.5,514,1.0,200.0,41.0,0.205,0.01581677303146336,0.07715499039738224
cifar100_proser_fedavg__split02__seed4__d0.5,cifar100,0.5,1028,1.0,200.0,186.0,0.93,0.1041497272801734,0.11198895406470259
cifar100_proser_fedavg__split02__seed4__d5.0,cifar100,5.0,128,1.0,200.0,0.0,0.0,0.0,
cifar100_proser_fedavg__split02__seed4__d5.0,cifar100,5.0,256,1.0,200.0,1.0,0.005,0.0002897459519812777,0.05794919039625555
cifar100_proser_fedavg__split02__seed4__d5.0,cifar100,5.0,514,1.0,200.0,53.0,0.265,0.018901588565852848,0.07132674930510509
cifar100_proser_fedavg__split02__seed4__d5.0,cifar100,5.0,1028,1.0,200.0,191.0,0.955,0.09517980998906211,0.0996647225016357
cifar100_proser_fedavg__split03__seed0__d0.1,cifar100,0.1,128,1.0,200.0,0.0,0.0,0.0,
cifar100_proser_fedavg__split03__seed0__d0.1,cifar100,0.1,256,1.0,200.0,0.0,0.0,0.0,
cifar100_proser_fedavg__split03__seed0__d0.1,cifar100,0.1,514,1.0,200.0,0.0,0.0,0.0,
cifar100_proser_fedavg__split03__seed0__d0.1,cifar100,0.1,1028,1.0,200.0,1.0,0.005,0.00015536876200896322,0.031073752401792644
cifar100_proser_fedavg__split03__seed0__d0.5,cifar100,0.5,128,1.0,200.0,0.0,0.0,0.0,
cifar100_proser_fedavg__split03__seed0__d0.5,cifar100,0.5,256,1.0,200.0,0.0,0.0,0.0,
cifar100_proser_fedavg__split03__seed0__d0.5,cifar100,0.5,514,1.0,200.0,1.0,0.005,0.0002731458105468949,0.05462916210937897
cifar100_proser_fedavg__split03__seed0__d0.5,cifar100,0.5,1028,1.0,200.0,25.0,0.125,0.007810364044258007,0.062482912354064064
cifar100_proser_fedavg__split03__seed0__d5.0,cifar100,5.0,128,1.0,200.0,0.0,0.0,0.0,
cifar100_proser_fedavg__split03__seed0__d5.0,cifar100,5.0,256,1.0,200.0,0.0,0.0,0.0,
cifar100_proser_fedavg__split03__seed0__d5.0,cifar100,5.0,514,1.0,200.0,3.0,0.015,0.0012514977180296835,0.0834331812019789
cifar100_proser_fedavg__split03__seed0__d5.0,cifar100,5.0,1028,1.0,200.0,41.0,0.205,0.021482124053997343,0.10479084904388948
cifar100_proser_fedavg__split03__seed1__d0.1,cifar100,0.1,128,1.0,200.0,0.0,0.0,0.0,
cifar100_proser_fedavg__split03__seed1__d0.1,cifar100,0.1,256,1.0,200.0,0.0,0.0,0.0,
cifar100_proser_fedavg__split03__seed1__d0.1,cifar100,0.1,514,1.0,200.0,0.0,0.0,0.0,
cifar100_proser_fedavg__split03__seed1__d0.1,cifar100,0.1,1028,1.0,200.0,7.0,0.035,0.0007097792289322963,0.02027940654092275
cifar100_proser_fedavg__split03__seed1__d0.5,cifar100,0.5,128,1.0,200.0,0.0,0.0,0.0,
cifar100_proser_fedavg__split03__seed1__d0.5,cifar100,0.5,256,1.0,200.0,0.0,0.0,0.0,
cifar100_proser_fedavg__split03__seed1__d0.5,cifar100,0.5,514,1.0,200.0,0.0,0.0,0.0,
cifar100_proser_fedavg__split03__seed1__d0.5,cifar100,0.5,1028,1.0,200.0,68.0,0.34,0.018454662134687567,0.05427841804319872
cifar100_proser_fedavg__split03__seed1__d5.0,cifar100,5.0,128,1.0,200.0,0.0,0.0,0.0,
cifar100_proser_fedavg__split03__seed1__d5.0,cifar100,5.0,256,1.0,200.0,0.0,0.0,0.0,
cifar100_proser_fedavg__split03__seed1__d5.0,cifar100,5.0,514,1.0,200.0,18.0,0.09,0.007378141325505301,0.08197934806117001
cifar100_proser_fedavg__split03__seed1__d5.0,cifar100,5.0,1028,1.0,200.0,142.0,0.71,0.07980221983584954,0.11239749272654866
cifar100_proser_fedavg__split03__seed2__d0.1,cifar100,0.1,128,1.0,200.0,0.0,0.0,0.0,
cifar100_proser_fedavg__split03__seed2__d0.1,cifar100,0.1,256,1.0,200.0,0.0,0.0,0.0,
cifar100_proser_fedavg__split03__seed2__d0.1,cifar100,0.1,514,1.0,200.0,0.0,0.0,0.0,
cifar100_proser_fedavg__split03__seed2__d0.1,cifar100,0.1,1028,1.0,200.0,0.0,0.0,0.0,
cifar100_proser_fedavg__split03__seed2__d0.5,cifar100,0.5,128,1.0,200.0,0.0,0.0,0.0,
cifar100_proser_fedavg__split03__seed2__d0.5,cifar100,0.5,256,1.0,200.0,0.0,0.0,0.0,
cifar100_proser_fedavg__split03__seed2__d0.5,cifar100,0.5,514,1.0,200.0,2.0,0.01,0.000377064019612691,0.0377064019612691
cifar100_proser_fedavg__split03__seed2__d0.5,cifar100,0.5,1028,1.0,200.0,76.0,0.38,0.024976617379049347,0.06572794047118251
cifar100_proser_fedavg__split03__seed2__d5.0,cifar100,5.0,128,1.0,200.0,0.0,0.0,0.0,
cifar100_proser_fedavg__split03__seed2__d5.0,cifar100,5.0,256,1.0,200.0,0.0,0.0,0.0,
cifar100_proser_fedavg__split03__seed2__d5.0,cifar100,5.0,514,1.0,200.0,36.0,0.18,0.012149966989676847,0.06749981660931582
cifar100_proser_fedavg__split03__seed2__d5.0,cifar100,5.0,1028,1.0,200.0,192.0,0.96,0.11086407980474965,0.1154834164632809
cifar100_proser_fedavg__split03__seed3__d0.1,cifar100,0.1,128,1.0,200.0,0.0,0.0,0.0,
cifar100_proser_fedavg__split03__seed3__d0.1,cifar100,0.1,256,1.0,200.0,0.0,0.0,0.0,
cifar100_proser_fedavg__split03__seed3__d0.1,cifar100,0.1,514,1.0,200.0,0.0,0.0,0.0,
cifar100_proser_fedavg__split03__seed3__d0.1,cifar100,0.1,1028,1.0,200.0,32.0,0.16,0.005621687020716767,0.03513554387947979
cifar100_proser_fedavg__split03__seed3__d0.5,cifar100,0.5,128,1.0,200.0,0.0,0.0,0.0,
cifar100_proser_fedavg__split03__seed3__d0.5,cifar100,0.5,256,1.0,200.0,0.0,0.0,0.0,
cifar100_proser_fedavg__split03__seed3__d0.5,cifar100,0.5,514,1.0,200.0,3.0,0.015,0.0007335672930585338,0.04890448620390225
cifar100_proser_fedavg__split03__seed3__d0.5,cifar100,0.5,1028,1.0,200.0,145.0,0.725,0.04766904453307319,0.06575040625251473
cifar100_proser_fedavg__split03__seed3__d5.0,cifar100,5.0,128,1.0,200.0,0.0,0.0,0.0,
cifar100_proser_fedavg__split03__seed3__d5.0,cifar100,5.0,256,1.0,200.0,0.0,0.0,0.0,
cifar100_proser_fedavg__split03__seed3__d5.0,cifar100,5.0,514,1.0,200.0,29.0,0.145,0.008540441035162737,0.0588995933459499
cifar100_proser_fedavg__split03__seed3__d5.0,cifar100,5.0,1028,1.0,200.0,191.0,0.955,0.08223931020644049,0.08611446094915234
cifar100_proser_fedavg__split03__seed4__d0.1,cifar100,0.1,128,1.0,200.0,0.0,0.0,0.0,
cifar100_proser_fedavg__split03__seed4__d0.1,cifar100,0.1,256,1.0,200.0,0.0,0.0,0.0,
cifar100_proser_fedavg__split03__seed4__d0.1,cifar100,0.1,514,1.0,200.0,0.0,0.0,0.0,
cifar100_proser_fedavg__split03__seed4__d0.1,cifar100,0.1,1028,1.0,200.0,0.0,0.0,0.0,
cifar100_proser_fedavg__split03__seed4__d0.5,cifar100,0.5,128,1.0,200.0,0.0,0.0,0.0,
cifar100_proser_fedavg__split03__seed4__d0.5,cifar100,0.5,256,1.0,200.0,0.0,0.0,0.0,
cifar100_proser_fedavg__split03__seed4__d0.5,cifar100,0.5,514,1.0,200.0,10.0,0.05,0.0035275883719561173,0.07055176743912234
cifar100_proser_fedavg__split03__seed4__d0.5,cifar100,0.5,1028,1.0,200.0,112.0,0.56,0.04369839499771423,0.07803284821020398
cifar100_proser_fedavg__split03__seed4__d5.0,cifar100,5.0,128,1.0,200.0,0.0,0.0,0.0,
cifar100_proser_fedavg__split03__seed4__d5.0,cifar100,5.0,256,1.0,200.0,0.0,0.0,0.0,
cifar100_proser_fedavg__split03__seed4__d5.0,cifar100,5.0,514,1.0,200.0,108.0,0.54,0.044092101791273375,0.08165204035420993
cifar100_proser_fedavg__split03__seed4__d5.0,cifar100,5.0,1028,1.0,200.0,197.0,0.985,0.12388489135353865,0.12577146330308492
cifar100_proser_fedavg__split04__seed0__d0.1,cifar100,0.1,128,1.0,200.0,0.0,0.0,0.0,
cifar100_proser_fedavg__split04__seed0__d0.1,cifar100,0.1,256,1.0,200.0,0.0,0.0,0.0,
cifar100_proser_fedavg__split04__seed0__d0.1,cifar100,0.1,514,1.0,200.0,0.0,0.0,0.0,
cifar100_proser_fedavg__split04__seed0__d0.1,cifar100,0.1,1028,1.0,200.0,1.0,0.005,0.0003165063398446132,0.06330126796892264
cifar100_proser_fedavg__split04__seed0__d0.5,cifar100,0.5,128,1.0,200.0,0.0,0.0,0.0,
cifar100_proser_fedavg__split04__seed0__d0.5,cifar100,0.5,256,1.0,200.0,0.0,0.0,0.0,
cifar100_proser_fedavg__split04__seed0__d0.5,cifar100,0.5,514,1.0,200.0,45.0,0.225,0.017814279211981823,0.0791745742754748
cifar100_proser_fedavg__split04__seed0__d0.5,cifar100,0.5,1028,1.0,200.0,190.0,0.95,0.10238307108855717,0.10777165377742859
cifar100_proser_fedavg__split04__seed0__d5.0,cifar100,5.0,128,1.0,200.0,0.0,0.0,0.0,
cifar100_proser_fedavg__split04__seed0__d5.0,cifar100,5.0,256,1.0,200.0,0.0,0.0,0.0,
cifar100_proser_fedavg__split04__seed0__d5.0,cifar100,5.0,514,1.0,200.0,43.0,0.215,0.02482816042526262,0.11547981593145401
cifar100_proser_fedavg__split04__seed0__d5.0,cifar100,5.0,1028,1.0,200.0,188.0,0.94,0.14734888344943997,0.15675413132919144
cifar100_proser_fedavg__split04__seed1__d0.1,cifar100,0.1,128,1.0,200.0,0.0,0.0,0.0,
cifar100_proser_fedavg__split04__seed1__d0.1,cifar100,0.1,256,1.0,200.0,0.0,0.0,0.0,
cifar100_proser_fedavg__split04__seed1__d0.1,cifar100,0.1,514,1.0,200.0,0.0,0.0,0.0,
cifar100_proser_fedavg__split04__seed1__d0.1,cifar100,0.1,1028,1.0,200.0,0.0,0.0,0.0,
cifar100_proser_fedavg__split04__seed1__d0.5,cifar100,0.5,128,1.0,200.0,0.0,0.0,0.0,
cifar100_proser_fedavg__split04__seed1__d0.5,cifar100,0.5,256,1.0,200.0,0.0,0.0,0.0,
cifar100_proser_fedavg__split04__seed1__d0.5,cifar100,0.5,514,1.0,200.0,61.0,0.305,0.018082618935963753,0.05928727519988116
cifar100_proser_fedavg__split04__seed1__d0.5,cifar100,0.5,1028,1.0,200.0,196.0,0.98,0.10592487640054646,0.10808660857198615
cifar100_proser_fedavg__split04__seed1__d5.0,cifar100,5.0,128,1.0,200.0,0.0,0.0,0.0,
cifar100_proser_fedavg__split04__seed1__d5.0,cifar100,5.0,256,1.0,200.0,1.0,0.005,0.0002748506735274922,0.054970134705498434
cifar100_proser_fedavg__split04__seed1__d5.0,cifar100,5.0,514,1.0,200.0,117.0,0.585,0.06119367862360345,0.10460457884376659
cifar100_proser_fedavg__split04__seed1__d5.0,cifar100,5.0,1028,1.0,200.0,200.0,1.0,0.16228869396147266,0.16228869396147266
cifar100_proser_fedavg__split04__seed2__d0.1,cifar100,0.1,128,1.0,200.0,0.0,0.0,0.0,
cifar100_proser_fedavg__split04__seed2__d0.1,cifar100,0.1,256,1.0,200.0,0.0,0.0,0.0,
cifar100_proser_fedavg__split04__seed2__d0.1,cifar100,0.1,514,1.0,200.0,0.0,0.0,0.0,
cifar100_proser_fedavg__split04__seed2__d0.1,cifar100,0.1,1028,1.0,200.0,6.0,0.03,0.0009977622492369962,0.0332587416412332
cifar100_proser_fedavg__split04__seed2__d0.5,cifar100,0.5,128,1.0,200.0,0.0,0.0,0.0,
cifar100_proser_fedavg__split04__seed2__d0.5,cifar100,0.5,256,1.0,200.0,1.0,0.005,0.0005081094053165152,0.10162188106330305
cifar100_proser_fedavg__split04__seed2__d0.5,cifar100,0.5,514,1.0,200.0,80.0,0.4,0.04136519360914793,0.10341298402286983
cifar100_proser_fedavg__split04__seed2__d0.5,cifar100,0.5,1028,1.0,200.0,199.0,0.995,0.15764724324241072,0.1584394404446339
cifar100_proser_fedavg__split04__seed2__d5.0,cifar100,5.0,128,1.0,200.0,0.0,0.0,0.0,
cifar100_proser_fedavg__split04__seed2__d5.0,cifar100,5.0,256,1.0,200.0,0.0,0.0,0.0,
cifar100_proser_fedavg__split04__seed2__d5.0,cifar100,5.0,514,1.0,200.0,12.0,0.06,0.004683735201731024,0.07806225336218374
cifar100_proser_fedavg__split04__seed2__d5.0,cifar100,5.0,1028,1.0,200.0,162.0,0.81,0.09094370413029358,0.11227617793863406
cifar100_proser_fedavg__split04__seed3__d0.1,cifar100,0.1,128,1.0,200.0,0.0,0.0,0.0,
cifar100_proser_fedavg__split04__seed3__d0.1,cifar100,0.1,256,1.0,200.0,0.0,0.0,0.0,
cifar100_proser_fedavg__split04__seed3__d0.1,cifar100,0.1,514,1.0,200.0,0.0,0.0,0.0,
cifar100_proser_fedavg__split04__seed3__d0.1,cifar100,0.1,1028,1.0,200.0,12.0,0.06,0.003257186159974437,0.05428643599957394
cifar100_proser_fedavg__split04__seed3__d0.5,cifar100,0.5,128,1.0,200.0,0.0,0.0,0.0,
cifar100_proser_fedavg__split04__seed3__d0.5,cifar100,0.5,256,1.0,200.0,1.0,0.005,0.0003658056018207851,0.07316112036415702
cifar100_proser_fedavg__split04__seed3__d0.5,cifar100,0.5,514,1.0,200.0,71.0,0.355,0.02889425692337132,0.0813922730235812
cifar100_proser_fedavg__split04__seed3__d0.5,cifar100,0.5,1028,1.0,200.0,197.0,0.985,0.1191926322339496,0.12100774846086254
cifar100_proser_fedavg__split04__seed3__d5.0,cifar100,5.0,128,1.0,200.0,0.0,0.0,0.0,
cifar100_proser_fedavg__split04__seed3__d5.0,cifar100,5.0,256,1.0,200.0,0.0,0.0,0.0,
cifar100_proser_fedavg__split04__seed3__d5.0,cifar100,5.0,514,1.0,200.0,45.0,0.225,0.022467519355128158,0.09985564157834736
cifar100_proser_fedavg__split04__seed3__d5.0,cifar100,5.0,1028,1.0,200.0,172.0,0.86,0.12941898900931245,0.15048719652245635
cifar100_proser_fedavg__split04__seed4__d0.1,cifar100,0.1,128,1.0,200.0,0.0,0.0,0.0,
cifar100_proser_fedavg__split04__seed4__d0.1,cifar100,0.1,256,1.0,200.0,0.0,0.0,0.0,
cifar100_proser_fedavg__split04__seed4__d0.1,cifar100,0.1,514,1.0,200.0,0.0,0.0,0.0,
cifar100_proser_fedavg__split04__seed4__d0.1,cifar100,0.1,1028,1.0,200.0,0.0,0.0,0.0,
cifar100_proser_fedavg__split04__seed4__d0.5,cifar100,0.5,128,1.0,200.0,0.0,0.0,0.0,
cifar100_proser_fedavg__split04__seed4__d0.5,cifar100,0.5,256,1.0,200.0,0.0,0.0,0.0,
cifar100_proser_fedavg__split04__seed4__d0.5,cifar100,0.5,514,1.0,200.0,7.0,0.035,0.002186468797013369,0.062470537057524825
cifar100_proser_fedavg__split04__seed4__d0.5,cifar100,0.5,1028,1.0,200.0,102.0,0.51,0.034095319766103846,0.06685356816883106
cifar100_proser_fedavg__split04__seed4__d5.0,cifar100,5.0,128,1.0,200.0,0.0,0.0,0.0,
cifar100_proser_fedavg__split04__seed4__d5.0,cifar100,5.0,256,1.0,200.0,0.0,0.0,0.0,
cifar100_proser_fedavg__split04__seed4__d5.0,cifar100,5.0,514,1.0,200.0,22.0,0.11,0.010101401338482334,0.09183092125893032
cifar100_proser_fedavg__split04__seed4__d5.0,cifar100,5.0,1028,1.0,200.0,132.0,0.66,0.07028492606225942,0.10649231221554456
cifar100_proser_fedavg__split05__seed0__d0.1,cifar100,0.1,128,1.0,200.0,0.0,0.0,0.0,
cifar100_proser_fedavg__split05__seed0__d0.1,cifar100,0.1,256,1.0,200.0,0.0,0.0,0.0,
cifar100_proser_fedavg__split05__seed0__d0.1,cifar100,0.1,514,1.0,200.0,0.0,0.0,0.0,
cifar100_proser_fedavg__split05__seed0__d0.1,cifar100,0.1,1028,1.0,200.0,2.0,0.01,0.0005403460871970428,0.05403460871970428
cifar100_proser_fedavg__split05__seed0__d0.5,cifar100,0.5,128,1.0,200.0,0.0,0.0,0.0,
cifar100_proser_fedavg__split05__seed0__d0.5,cifar100,0.5,256,1.0,200.0,0.0,0.0,0.0,
cifar100_proser_fedavg__split05__seed0__d0.5,cifar100,0.5,514,1.0,200.0,9.0,0.045,0.002879355083591683,0.06398566852425963
cifar100_proser_fedavg__split05__seed0__d0.5,cifar100,0.5,1028,1.0,200.0,146.0,0.73,0.06307459912813115,0.08640356044949474
cifar100_proser_fedavg__split05__seed0__d5.0,cifar100,5.0,128,1.0,200.0,0.0,0.0,0.0,
cifar100_proser_fedavg__split05__seed0__d5.0,cifar100,5.0,256,1.0,200.0,0.0,0.0,0.0,
cifar100_proser_fedavg__split05__seed0__d5.0,cifar100,5.0,514,1.0,200.0,4.0,0.02,0.0018229726698626195,0.09114863349313097
cifar100_proser_fedavg__split05__seed0__d5.0,cifar100,5.0,1028,1.0,200.0,85.0,0.425,0.04461598900016563,0.10497879764744857
cifar100_proser_fedavg__split05__seed1__d0.1,cifar100,0.1,128,1.0,200.0,0.0,0.0,0.0,
cifar100_proser_fedavg__split05__seed1__d0.1,cifar100,0.1,256,1.0,200.0,0.0,0.0,0.0,
cifar100_proser_fedavg__split05__seed1__d0.1,cifar100,0.1,514,1.0,200.0,0.0,0.0,0.0,
cifar100_proser_fedavg__split05__seed1__d0.1,cifar100,0.1,1028,1.0,200.0,2.0,0.01,0.0002516508584266077,0.02516508584266077
cifar100_proser_fedavg__split05__seed1__d0.5,cifar100,0.5,128,1.0,200.0,0.0,0.0,0.0,
cifar100_proser_fedavg__split05__seed1__d0.5,cifar100,0.5,256,1.0,200.0,0.0,0.0,0.0,
cifar100_proser_fedavg__split05__seed1__d0.5,cifar100,0.5,514,1.0,200.0,9.0,0.045,0.002180715330959405,0.048460340687986776
cifar100_proser_fedavg__split05__seed1__d0.5,cifar100,0.5,1028,1.0,200.0,150.0,0.75,0.052133190746104965,0.06951092099480662
cifar100_proser_fedavg__split05__seed1__d5.0,cifar100,5.0,128,1.0,200.0,0.0,0.0,0.0,
cifar100_proser_fedavg__split05__seed1__d5.0,cifar100,5.0,256,1.0,200.0,1.0,0.005,0.0002897459519812777,0.05794919039625555
cifar100_proser_fedavg__split05__seed1__d5.0,cifar100,5.0,514,1.0,200.0,44.0,0.22,0.017676906223790402,0.08034957374450183
cifar100_proser_fedavg__split05__seed1__d5.0,cifar100,5.0,1028,1.0,200.0,180.0,0.9,0.10653609137323082,0.11837343485914535
cifar100_proser_fedavg__split05__seed2__d0.1,cifar100,0.1,128,1.0,200.0,0.0,0.0,0.0,
cifar100_proser_fedavg__split05__seed2__d0.1,cifar100,0.1,256,1.0,200.0,0.0,0.0,0.0,
cifar100_proser_fedavg__split05__seed2__d0.1,cifar100,0.1,514,1.0,200.0,0.0,0.0,0.0,
cifar100_proser_fedavg__split05__seed2__d0.1,cifar100,0.1,1028,1.0,200.0,23.0,0.115,0.003899559144347277,0.03390920995084588
cifar100_proser_fedavg__split05__seed2__d0.5,cifar100,0.5,128,1.0,200.0,0.0,0.0,0.0,
cifar100_proser_fedavg__split05__seed2__d0.5,cifar100,0.5,256,1.0,200.0,0.0,0.0,0.0,
cifar100_proser_fedavg__split05__seed2__d0.5,cifar100,0.5,514,1.0,200.0,2.0,0.01,0.0006431026091631638,0.06431026091631638
cifar100_proser_fedavg__split05__seed2__d0.5,cifar100,0.5,1028,1.0,200.0,115.0,0.575,0.03974424094748817,0.06912041903910987
cifar100_proser_fedavg__split05__seed2__d5.0,cifar100,5.0,128,1.0,200.0,0.0,0.0,0.0,
cifar100_proser_fedavg__split05__seed2__d5.0,cifar100,5.0,256,1.0,200.0,0.0,0.0,0.0,
cifar100_proser_fedavg__split05__seed2__d5.0,cifar100,5.0,514,1.0,200.0,11.0,0.055,0.004620450847365602,0.0840081972248291
cifar100_proser_fedavg__split05__seed2__d5.0,cifar100,5.0,1028,1.0,200.0,149.0,0.745,0.07483901065499202,0.10045504785904968
cifar100_proser_fedavg__split05__seed3__d0.1,cifar100,0.1,128,1.0,200.0,0.0,0.0,0.0,
cifar100_proser_fedavg__split05__seed3__d0.1,cifar100,0.1,256,1.0,200.0,0.0,0.0,0.0,
cifar100_proser_fedavg__split05__seed3__d0.1,cifar100,0.1,514,1.0,200.0,0.0,0.0,0.0,
cifar100_proser_fedavg__split05__seed3__d0.1,cifar100,0.1,1028,1.0,200.0,15.0,0.075,0.003135220592560102,0.04180294123413471
cifar100_proser_fedavg__split05__seed3__d0.5,cifar100,0.5,128,1.0,200.0,0.0,0.0,0.0,
cifar100_proser_fedavg__split05__seed3__d0.5,cifar100,0.5,256,1.0,200.0,0.0,0.0,0.0,
cifar100_proser_fedavg__split05__seed3__d0.5,cifar100,0.5,514,1.0,200.0,10.0,0.05,0.0028113677355661015,0.05622735471132202
cifar100_proser_fedavg__split05__seed3__d0.5,cifar100,0.5,1028,1.0,200.0,115.0,0.575,0.03555262423839495,0.0618306508493825
cifar100_proser_fedavg__split05__seed3__d5.0,cifar100,5.0,128,1.0,200.0,0.0,0.0,0.0,
cifar100_proser_fedavg__split05__seed3__d5.0,cifar100,5.0,256,1.0,200.0,0.0,0.0,0.0,
cifar100_proser_fedavg__split05__seed3__d5.0,cifar100,5.0,514,1.0,200.0,22.0,0.11,0.007176495991743169,0.06524087265221064
cifar100_proser_fedavg__split05__seed3__d5.0,cifar100,5.0,1028,1.0,200.0,165.0,0.825,0.07094527801915951,0.08599427638686001
cifar100_proser_fedavg__split05__seed4__d0.1,cifar100,0.1,128,1.0,200.0,0.0,0.0,0.0,
cifar100_proser_fedavg__split05__seed4__d0.1,cifar100,0.1,256,1.0,200.0,0.0,0.0,0.0,
cifar100_proser_fedavg__split05__seed4__d0.1,cifar100,0.1,514,1.0,200.0,0.0,0.0,0.0,
cifar100_proser_fedavg__split05__seed4__d0.1,cifar100,0.1,1028,1.0,200.0,0.0,0.0,0.0,
cifar100_proser_fedavg__split05__seed4__d0.5,cifar100,0.5,128,1.0,200.0,0.0,0.0,0.0,
cifar100_proser_fedavg__split05__seed4__d0.5,cifar100,0.5,256,1.0,200.0,0.0,0.0,0.0,
cifar100_proser_fedavg__split05__seed4__d0.5,cifar100,0.5,514,1.0,200.0,0.0,0.0,0.0,
cifar100_proser_fedavg__split05__seed4__d0.5,cifar100,0.5,1028,1.0,200.0,10.0,0.05,0.003102285388879695,0.062045707777593904
cifar100_proser_fedavg__split05__seed4__d5.0,cifar100,5.0,128,1.0,200.0,0.0,0.0,0.0,
cifar100_proser_fedavg__split05__seed4__d5.0,cifar100,5.0,256,1.0,200.0,0.0,0.0,0.0,
cifar100_proser_fedavg__split05__seed4__d5.0,cifar100,5.0,514,1.0,200.0,8.0,0.04,0.0036150103894365816,0.09037525973591454
cifar100_proser_fedavg__split05__seed4__d5.0,cifar100,5.0,1028,1.0,200.0,75.0,0.375,0.0443000904907435,0.11813357464198262
cifar100_proser_fedavg__split06__seed0__d0.1,cifar100,0.1,128,1.0,200.0,0.0,0.0,0.0,
cifar100_proser_fedavg__split06__seed0__d0.1,cifar100,0.1,256,1.0,200.0,0.0,0.0,0.0,
cifar100_proser_fedavg__split06__seed0__d0.1,cifar100,0.1,514,1.0,200.0,0.0,0.0,0.0,
cifar100_proser_fedavg__split06__seed0__d0.1,cifar100,0.1,1028,1.0,200.0,2.0,0.01,0.00031484775225609546,0.031484775225609545
cifar100_proser_fedavg__split06__seed0__d0.5,cifar100,0.5,128,1.0,200.0,0.0,0.0,0.0,
cifar100_proser_fedavg__split06__seed0__d0.5,cifar100,0.5,256,1.0,200.0,0.0,0.0,0.0,
cifar100_proser_fedavg__split06__seed0__d0.5,cifar100,0.5,514,1.0,200.0,3.0,0.015,0.0009545861659832791,0.06363907773221861
cifar100_proser_fedavg__split06__seed0__d0.5,cifar100,0.5,1028,1.0,200.0,110.0,0.55,0.04232181120138722,0.07694874763888587
cifar100_proser_fedavg__split06__seed0__d5.0,cifar100,5.0,128,1.0,200.0,0.0,0.0,0.0,
cifar100_proser_fedavg__split06__seed0__d5.0,cifar100,5.0,256,1.0,200.0,0.0,0.0,0.0,
cifar100_proser_fedavg__split06__seed0__d5.0,cifar100,5.0,514,1.0,200.0,20.0,0.1,0.008725776550934483,0.08725776550934482
cifar100_proser_fedavg__split06__seed0__d5.0,cifar100,5.0,1028,1.0,200.0,167.0,0.835,0.10757505283875758,0.12883239860929052
cifar100_proser_fedavg__split06__seed1__d0.1,cifar100,0.1,128,1.0,200.0,0.0,0.0,0.0,
cifar100_proser_fedavg__split06__seed1__d0.1,cifar100,0.1,256,1.0,200.0,0.0,0.0,0.0,
cifar100_proser_fedavg__split06__seed1__d0.1,cifar100,0.1,514,1.0,200.0,0.0,0.0,0.0,
cifar100_proser_fedavg__split06__seed1__d0.1,cifar100,0.1,1028,1.0,200.0,1.0,0.005,7.465951515314692e-05,0.014931903030629384
cifar100_proser_fedavg__split06__seed1__d0.5,cifar100,0.5,128,1.0,200.0,0.0,0.0,0.0,
cifar100_proser_fedavg__split06__seed1__d0.5,cifar100,0.5,256,1.0,200.0,0.0,0.0,0.0,
cifar100_proser_fedavg__split06__seed1__d0.5,cifar100,0.5,514,1.0,200.0,4.0,0.02,0.001071957450813142,0.0535978725406571
cifar100_proser_fedavg__split06__seed1__d0.5,cifar100,0.5,1028,1.0,200.0,59.0,0.295,0.02374148537053273,0.08047961142553467
cifar100_proser_fedavg__split06__seed1__d5.0,cifar100,5.0,128,1.0,200.0,0.0,0.0,0.0,
cifar100_proser_fedavg__split06__seed1__d5.0,cifar100,5.0,256,1.0,200.0,0.0,0.0,0.0,
cifar100_proser_fedavg__split06__seed1__d5.0,cifar100,5.0,514,1.0,200.0,38.0,0.19,0.01703508809314116,0.08965835838495345
cifar100_proser_fedavg__split06__seed1__d5.0,cifar100,5.0,1028,1.0,200.0,187.0,0.935,0.1155664724688929,0.12360050531432393
cifar100_proser_fedavg__split06__seed2__d0.1,cifar100,0.1,128,1.0,200.0,0.0,0.0,0.0,
cifar100_proser_fedavg__split06__seed2__d0.1,cifar100,0.1,256,1.0,200.0,0.0,0.0,0.0,
cifar100_proser_fedavg__split06__seed2__d0.1,cifar100,0.1,514,1.0,200.0,0.0,0.0,0.0,
cifar100_proser_fedavg__split06__seed2__d0.1,cifar100,0.1,1028,1.0,200.0,0.0,0.0,0.0,
cifar100_proser_fedavg__split06__seed2__d0.5,cifar100,0.5,128,1.0,200.0,0.0,0.0,0.0,
cifar100_proser_fedavg__split06__seed2__d0.5,cifar100,0.5,256,1.0,200.0,0.0,0.0,0.0,
cifar100_proser_fedavg__split06__seed2__d0.5,cifar100,0.5,514,1.0,200.0,38.0,0.19,0.012598762394419585,0.06630927576010309
cifar100_proser_fedavg__split06__seed2__d0.5,cifar100,0.5,1028,1.0,200.0,191.0,0.955,0.09246177359741994,0.09681861109677482
cifar100_proser_fedavg__split06__seed2__d5.0,cifar100,5.0,128,1.0,200.0,0.0,0.0,0.0,
cifar100_proser_fedavg__split06__seed2__d5.0,cifar100,5.0,256,1.0,200.0,0.0,0.0,0.0,
cifar100_proser_fedavg__split06__seed2__d5.0,cifar100,5.0,514,1.0,200.0,63.0,0.315,0.02104270549808396,0.06680223967645703
cifar100_proser_fedavg__split06__seed2__d5.0,cifar100,5.0,1028,1.0,200.0,196.0,0.98,0.09634743649265254,0.0983137107067883
cifar100_proser_fedavg__split06__seed3__d0.1,cifar100,0.1,128,1.0,200.0,0.0,0.0,0.0,
cifar100_proser_fedavg__split06__seed3__d0.1,cifar100,0.1,256,1.0,200.0,0.0,0.0,0.0,
cifar100_proser_fedavg__split06__seed3__d0.1,cifar100,0.1,514,1.0,200.0,1.0,0.005,0.00025731703402725927,0.051463406805451854
cifar100_proser_fedavg__split06__seed3__d0.1,cifar100,0.1,1028,1.0,200.0,62.0,0.31,0.013576676089372013,0.04379572932055488
cifar100_proser_fedavg__split06__seed3__d0.5,cifar100,0.5,128,1.0,200.0,0.0,0.0,0.0,
cifar100_proser_fedavg__split06__seed3__d0.5,cifar100,0.5,256,1.0,200.0,0.0,0.0,0.0,
cifar100_proser_fedavg__split06__seed3__d0.5,cifar100,0.5,514,1.0,200.0,3.0,0.015,0.0008996313356010089,0.059975422373400596
cifar100_proser_fedavg__split06__seed3__d0.5,cifar100,0.5,1028,1.0,200.0,123.0,0.615,0.04335246639068458,0.07049181526940583
cifar100_proser_fedavg__split06__seed3__d5.0,cifar100,5.0,128,1.0,200.0,0.0,0.0,0.0,
cifar100_proser_fedavg__split06__seed3__d5.0,cifar100,5.0,256,1.0,200.0,1.0,0.005,0.0003047536052132915,0.06095072104265829
cifar100_proser_fedavg__split06__seed3__d5.0,cifar100,5.0,514,1.0,200.0,56.0,0.28,0.027453153965319485,0.09804697844756959
cifar100_proser_fedavg__split06__seed3__d5.0,cifar100,5.0,1028,1.0,200.0,183.0,0.915,0.12986143228752464,0.14192506260931653
cifar100_proser_fedavg__split06__seed4__d0.1,cifar100,0.1,128,1.0,200.0,0.0,0.0,0.0,
cifar100_proser_fedavg__split06__seed4__d0.1,cifar100,0.1,256,1.0,200.0,0.0,0.0,0.0,
cifar100_proser_fedavg__split06__seed4__d0.1,cifar100,0.1,514,1.0,200.0,1.0,0.005,0.00014276639323355865,0.02855327864671173
cifar100_proser_fedavg__split06__seed4__d0.1,cifar100,0.1,1028,1.0,200.0,29.0,0.145,0.005976075022419575,0.041214310499445336
cifar100_proser_fedavg__split06__seed4__d0.5,cifar100,0.5,128,1.0,200.0,0.0,0.0,0.0,
cifar100_proser_fedavg__split06__seed4__d0.5,cifar100,0.5,256,1.0,200.0,0.0,0.0,0.0,
cifar100_proser_fedavg__split06__seed4__d0.5,cifar100,0.5,514,1.0,200.0,6.0,0.03,0.0014886475670007804,0.04962158556669267
cifar100_proser_fedavg__split06__seed4__d0.5,cifar100,0.5,1028,1.0,200.0,125.0,0.625,0.047483247309201344,0.07597319569472218
cifar100_proser_fedavg__split06__seed4__d5.0,cifar100,5.0,128,1.0,200.0,0.0,0.0,0.0,
cifar100_proser_fedavg__split06__seed4__d5.0,cifar100,5.0,256,1.0,200.0,0.0,0.0,0.0,
cifar100_proser_fedavg__split06__seed4__d5.0,cifar100,5.0,514,1.0,200.0,17.0,0.085,0.006581042255387067,0.07742402653396552
cifar100_proser_fedavg__split06__seed4__d5.0,cifar100,5.0,1028,1.0,200.0,175.0,0.875,0.09412549155893393,0.10757199035306735
cifar100_proser_fedavg__split07__seed0__d0.1,cifar100,0.1,128,1.0,200.0,0.0,0.0,0.0,
cifar100_proser_fedavg__split07__seed0__d0.1,cifar100,0.1,256,1.0,200.0,0.0,0.0,0.0,
cifar100_proser_fedavg__split07__seed0__d0.1,cifar100,0.1,514,1.0,200.0,0.0,0.0,0.0,
cifar100_proser_fedavg__split07__seed0__d0.1,cifar100,0.1,1028,1.0,200.0,0.0,0.0,0.0,
cifar100_proser_fedavg__split07__seed0__d0.5,cifar100,0.5,128,1.0,200.0,0.0,0.0,0.0,
cifar100_proser_fedavg__split07__seed0__d0.5,cifar100,0.5,256,1.0,200.0,0.0,0.0,0.0,
cifar100_proser_fedavg__split07__seed0__d0.5,cifar100,0.5,514,1.0,200.0,0.0,0.0,0.0,
cifar100_proser_fedavg__split07__seed0__d0.5,cifar100,0.5,1028,1.0,200.0,21.0,0.105,0.006029503426544637,0.05742384215756796
cifar100_proser_fedavg__split07__seed0__d5.0,cifar100,5.0,128,1.0,200.0,0.0,0.0,0.0,
cifar100_proser_fedavg__split07__seed0__d5.0,cifar100,5.0,256,1.0,200.0,0.0,0.0,0.0,
cifar100_proser_fedavg__split07__seed0__d5.0,cifar100,5.0,514,1.0,200.0,29.0,0.145,0.014761418659607086,0.10180288730763506
cifar100_proser_fedavg__split07__seed0__d5.0,cifar100,5.0,1028,1.0,200.0,176.0,0.88,0.1099760774197388,0.1249728152497032
cifar100_proser_fedavg__split07__seed1__d0.1,cifar100,0.1,128,1.0,200.0,0.0,0.0,0.0,
cifar100_proser_fedavg__split07__seed1__d0.1,cifar100,0.1,256,1.0,200.0,0.0,0.0,0.0,
cifar100_proser_fedavg__split07__seed1__d0.1,cifar100,0.1,514,1.0,200.0,0.0,0.0,0.0,
cifar100_proser_fedavg__split07__seed1__d0.1,cifar100,0.1,1028,1.0,200.0,0.0,0.0,0.0,
cifar100_proser_fedavg__split07__seed1__d0.5,cifar100,0.5,128,1.0,200.0,0.0,0.0,0.0,
cifar100_proser_fedavg__split07__seed1__d0.5,cifar100,0.5,256,1.0,200.0,0.0,0.0,0.0,
cifar100_proser_fedavg__split07__seed1__d0.5,cifar100,0.5,514,1.0,200.0,0.0,0.0,0.0,
cifar100_proser_fedavg__split07__seed1__d0.5,cifar100,0.5,1028,1.0,200.0,5.0,0.025,0.0026179990323986864,0.10471996129594745
cifar100_proser_fedavg__split07__seed1__d5.0,cifar100,5.0,128,1.0,200.0,0.0,0.0,0.0,
cifar100_proser_fedavg__split07__seed1__d5.0,cifar100,5.0,256,1.0,200.0,0.0,0.0,0.0,
cifar100_proser_fedavg__split07__seed1__d5.0,cifar100,5.0,514,1.0,200.0,46.0,0.23,0.0264765508037612,0.1151154382772226
cifar100_proser_fedavg__split07__seed1__d5.0,cifar100,5.0,1028,1.0,200.0,193.0,0.965,0.1519996704387328,0.15751261185360912
cifar100_proser_fedavg__split07__seed2__d0.1,cifar100,0.1,128,1.0,200.0,0.0,0.0,0.0,
cifar100_proser_fedavg__split07__seed2__d0.1,cifar100,0.1,256,1.0,200.0,0.0,0.0,0.0,
cifar100_proser_fedavg__split07__seed2__d0.1,cifar100,0.1,514,1.0,200.0,0.0,0.0,0.0,
cifar100_proser_fedavg__split07__seed2__d0.1,cifar100,0.1,1028,1.0,200.0,1.0,0.005,6.73899712022035e-05,0.0134779942404407
cifar100_proser_fedavg__split07__seed2__d0.5,cifar100,0.5,128,1.0,200.0,0.0,0.0,0.0,
cifar100_proser_fedavg__split07__seed2__d0.5,cifar100,0.5,256,1.0,200.0,0.0,0.0,0.0,
cifar100_proser_fedavg__split07__seed2__d0.5,cifar100,0.5,514,1.0,200.0,0.0,0.0,0.0,
cifar100_proser_fedavg__split07__seed2__d0.5,cifar100,0.5,1028,1.0,200.0,74.0,0.37,0.028805112382173096,0.07785165508695431
cifar100_proser_fedavg__split07__seed2__d5.0,cifar100,5.0,128,1.0,200.0,0.0,0.0,0.0,
cifar100_proser_fedavg__split07__seed2__d5.0,cifar100,5.0,256,1.0,200.0,0.0,0.0,0.0,
cifar100_proser_fedavg__split07__seed2__d5.0,cifar100,5.0,514,1.0,200.0,1.0,0.005,0.0004781342543832815,0.0956268508766563
cifar100_proser_fedavg__split07__seed2__d5.0,cifar100,5.0,1028,1.0,200.0,54.0,0.27,0.023816573959204133,0.08820953318223752
cifar100_proser_fedavg__split07__seed3__d0.1,cifar100,0.1,128,1.0,200.0,0.0,0.0,0.0,
cifar100_proser_fedavg__split07__seed3__d0.1,cifar100,0.1,256,1.0,200.0,0.0,0.0,0.0,
cifar100_proser_fedavg__split07__seed3__d0.1,cifar100,0.1,514,1.0,200.0,0.0,0.0,0.0,
cifar100_proser_fedavg__split07__seed3__d0.1,cifar100,0.1,1028,1.0,200.0,20.0,0.1,0.00650732981248041,0.0650732981248041
cifar100_proser_fedavg__split07__seed3__d0.5,cifar100,0.5,128,1.0,200.0,0.0,0.0,0.0,
cifar100_proser_fedavg__split07__seed3__d0.5,cifar100,0.5,256,1.0,200.0,0.0,0.0,0.0,
cifar100_proser_fedavg__split07__seed3__d0.5,cifar100,0.5,514,1.0,200.0,28.0,0.14,0.009643911740439808,0.06888508386028433
cifar100_proser_fedavg__split07__seed3__d0.5,cifar100,0.5,1028,1.0,200.0,184.0,0.92,0.11537456675902572,0.1254071377815497
cifar100_proser_fedavg__split07__seed3__d5.0,cifar100,5.0,128,1.0,200.0,0.0,0.0,0.0,
cifar100_proser_fedavg__split07__seed3__d5.0,cifar100,5.0,256,1.0,200.0,0.0,0.0,0.0,
cifar100_proser_fedavg__split07__seed3__d5.0,cifar100,5.0,514,1.0,200.0,4.0,0.02,0.002212672948433604,0.1106336474216802
cifar100_proser_fedavg__split07__seed3__d5.0,cifar100,5.0,1028,1.0,200.0,137.0,0.685,0.07945436258855747,0.11599177020227369
cifar100_proser_fedavg__split07__seed4__d0.1,cifar100,0.1,128,1.0,200.0,0.0,0.0,0.0,
cifar100_proser_fedavg__split07__seed4__d0.1,cifar100,0.1,256,1.0,200.0,0.0,0.0,0.0,
cifar100_proser_fedavg__split07__seed4__d0.1,cifar100,0.1,514,1.0,200.0,0.0,0.0,0.0,
cifar100_proser_fedavg__split07__seed4__d0.1,cifar100,0.1,1028,1.0,200.0,0.0,0.0,0.0,
cifar100_proser_fedavg__split07__seed4__d0.5,cifar100,0.5,128,1.0,200.0,0.0,0.0,0.0,
cifar100_proser_fedavg__split07__seed4__d0.5,cifar100,0.5,256,1.0,200.0,0.0,0.0,0.0,
cifar100_proser_fedavg__split07__seed4__d0.5,cifar100,0.5,514,1.0,200.0,0.0,0.0,0.0,
cifar100_proser_fedavg__split07__seed4__d0.5,cifar100,0.5,1028,1.0,200.0,47.0,0.235,0.025386688900132466,0.10802846340481904
cifar100_proser_fedavg__split07__seed4__d5.0,cifar100,5.0,128,1.0,200.0,0.0,0.0,0.0,
cifar100_proser_fedavg__split07__seed4__d5.0,cifar100,5.0,256,1.0,200.0,0.0,0.0,0.0,
cifar100_proser_fedavg__split07__seed4__d5.0,cifar100,5.0,514,1.0,200.0,9.0,0.045,0.004504338112133608,0.10009640249185797
cifar100_proser_fedavg__split07__seed4__d5.0,cifar100,5.0,1028,1.0,200.0,124.0,0.62,0.07888428390900243,0.127232715982262
cifar100_proser_fedavg__split08__seed0__d0.1,cifar100,0.1,128,1.0,200.0,0.0,0.0,0.0,
cifar100_proser_fedavg__split08__seed0__d0.1,cifar100,0.1,256,1.0,200.0,0.0,0.0,0.0,
cifar100_proser_fedavg__split08__seed0__d0.1,cifar100,0.1,514,1.0,200.0,0.0,0.0,0.0,
cifar100_proser_fedavg__split08__seed0__d0.1,cifar100,0.1,1028,1.0,200.0,0.0,0.0,0.0,
cifar100_proser_fedavg__split08__seed0__d0.5,cifar100,0.5,128,1.0,200.0,0.0,0.0,0.0,
cifar100_proser_fedavg__split08__seed0__d0.5,cifar100,0.5,256,1.0,200.0,0.0,0.0,0.0,
cifar100_proser_fedavg__split08__seed0__d0.5,cifar100,0.5,514,1.0,200.0,0.0,0.0,0.0,
cifar100_proser_fedavg__split08__seed0__d0.5,cifar100,0.5,1028,1.0,200.0,3.0,0.015,0.0017604273375577595,0.11736182250385063
cifar100_proser_fedavg__split08__seed0__d5.0,cifar100,5.0,128,1.0,200.0,0.0,0.0,0.0,
cifar100_proser_fedavg__split08__seed0__d5.0,cifar100,5.0,256,1.0,200.0,0.0,0.0,0.0,
cifar100_proser_fedavg__split08__seed0__d5.0,cifar100,5.0,514,1.0,200.0,0.0,0.0,0.0,
cifar100_proser_fedavg__split08__seed0__d5.0,cifar100,5.0,1028,1.0,200.0,0.0,0.0,0.0,
cifar100_proser_fedavg__split08__seed1__d0.1,cifar100,0.1,128,1.0,200.0,0.0,0.0,0.0,
cifar100_proser_fedavg__split08__seed1__d0.1,cifar100,0.1,256,1.0,200.0,0.0,0.0,0.0,
cifar100_proser_fedavg__split08__seed1__d0.1,cifar100,0.1,514,1.0,200.0,0.0,0.0,0.0,
cifar100_proser_fedavg__split08__seed1__d0.1,cifar100,0.1,1028,1.0,200.0,0.0,0.0,0.0,
cifar100_proser_fedavg__split08__seed1__d0.5,cifar100,0.5,128,1.0,200.0,0.0,0.0,0.0,
cifar100_proser_fedavg__split08__seed1__d0.5,cifar100,0.5,256,1.0,200.0,0.0,0.0,0.0,
cifar100_proser_fedavg__split08__seed1__d0.5,cifar100,0.5,514,1.0,200.0,0.0,0.0,0.0,
cifar100_proser_fedavg__split08__seed1__d0.5,cifar100,0.5,1028,1.0,200.0,1.0,0.005,8.947303399419928e-05,0.017894606798839856
cifar100_proser_fedavg__split08__seed1__d5.0,cifar100,5.0,128,1.0,200.0,0.0,0.0,0.0,
cifar100_proser_fedavg__split08__seed1__d5.0,cifar100,5.0,256,1.0,200.0,0.0,0.0,0.0,
cifar100_proser_fedavg__split08__seed1__d5.0,cifar100,5.0,514,1.0,200.0,3.0,0.015,0.0012431748595938404,0.0828783239729227
cifar100_proser_fedavg__split08__seed1__d5.0,cifar100,5.0,1028,1.0,200.0,78.0,0.39,0.03460591664612412,0.08873311960544646
cifar100_proser_fedavg__split08__seed2__d0.1,cifar100,0.1,128,1.0,200.0,0.0,0.0,0.0,
cifar100_proser_fedavg__split08__seed2__d0.1,cifar100,0.1,256,1.0,200.0,0.0,0.0,0.0,
cifar100_proser_fedavg__split08__seed2__d0.1,cifar100,0.1,514,1.0,200.0,0.0,0.0,0.0,
cifar100_proser_fedavg__split08__seed2__d0.1,cifar100,0.1,1028,1.0,200.0,8.0,0.04,0.0006690891246257971,0.016727228115644928
cifar100_proser_fedavg__split08__seed2__d0.5,cifar100,0.5,128,1.0,200.0,0.0,0.0,0.0,
cifar100_proser_fedavg__split08__seed2__d0.5,cifar100,0.5,256,1.0,200.0,0.0,0.0,0.0,
cifar100_proser_fedavg__split08__seed2__d0.5,cifar100,0.5,514,1.0,200.0,0.0,0.0,0.0,
cifar100_proser_fedavg__split08__seed2__d0.5,cifar100,0.5,1028,1.0,200.0,0.0,0.0,0.0,
cifar100_proser_fedavg__split08__seed2__d5.0,cifar100,5.0,128,1.0,200.0,0.0,0.0,0.0,
cifar100_proser_fedavg__split08__seed2__d5.0,cifar100,5.0,256,1.0,200.0,0.0,0.0,0.0,
cifar100_proser_fedavg__split08__seed2__d5.0,cifar100,5.0,514,1.0,200.0,2.0,0.01,0.00061826161526105,0.061826161526105
cifar100_proser_fedavg__split08__seed2__d5.0,cifar100,5.0,1028,1.0,200.0,45.0,0.225,0.016255085307502793,0.0722448235889013
cifar100_proser_fedavg__split08__seed3__d0.1,cifar100,0.1,128,1.0,200.0,0.0,0.0,0.0,
cifar100_proser_fedavg__split08__seed3__d0.1,cifar100,0.1,256,1.0,200.0,0.0,0.0,0.0,
cifar100_proser_fedavg__split08__seed3__d0.1,cifar100,0.1,514,1.0,200.0,0.0,0.0,0.0,
cifar100_proser_fedavg__split08__seed3__d0.1,cifar100,0.1,1028,1.0,200.0,0.0,0.0,0.0,
cifar100_proser_fedavg__split08__seed3__d0.5,cifar100,0.5,128,1.0,200.0,0.0,0.0,0.0,
cifar100_proser_fedavg__split08__seed3__d0.5,cifar100,0.5,256,1.0,200.0,0.0,0.0,0.0,
cifar100_proser_fedavg__split08__seed3__d0.5,cifar100,0.5,514,1.0,200.0,0.0,0.0,0.0,
cifar100_proser_fedavg__split08__seed3__d0.5,cifar100,0.5,1028,1.0,200.0,0.0,0.0,0.0,
cifar100_proser_fedavg__split08__seed3__d5.0,cifar100,5.0,128,1.0,200.0,0.0,0.0,0.0,
cifar100_proser_fedavg__split08__seed3__d5.0,cifar100,5.0,256,1.0,200.0,0.0,0.0,0.0,
cifar100_proser_fedavg__split08__seed3__d5.0,cifar100,5.0,514,1.0,200.0,0.0,0.0,0.0,
cifar100_proser_fedavg__split08__seed3__d5.0,cifar100,5.0,1028,1.0,200.0,15.0,0.075,0.004376924531946918,0.058358993759292245
cifar100_proser_fedavg__split08__seed4__d0.1,cifar100,0.1,128,1.0,200.0,0.0,0.0,0.0,
cifar100_proser_fedavg__split08__seed4__d0.1,cifar100,0.1,256,1.0,200.0,0.0,0.0,0.0,
cifar100_proser_fedavg__split08__seed4__d0.1,cifar100,0.1,514,1.0,200.0,0.0,0.0,0.0,
cifar100_proser_fedavg__split08__seed4__d0.1,cifar100,0.1,1028,1.0,200.0,0.0,0.0,0.0,
cifar100_proser_fedavg__split08__seed4__d0.5,cifar100,0.5,128,1.0,200.0,0.0,0.0,0.0,
cifar100_proser_fedavg__split08__seed4__d0.5,cifar100,0.5,256,1.0,200.0,0.0,0.0,0.0,
cifar100_proser_fedavg__split08__seed4__d0.5,cifar100,0.5,514,1.0,200.0,0.0,0.0,0.0,
cifar100_proser_fedavg__split08__seed4__d0.5,cifar100,0.5,1028,1.0,200.0,0.0,0.0,0.0,
cifar100_proser_fedavg__split08__seed4__d5.0,cifar100,5.0,128,1.0,200.0,0.0,0.0,0.0,
cifar100_proser_fedavg__split08__seed4__d5.0,cifar100,5.0,256,1.0,200.0,0.0,0.0,0.0,
cifar100_proser_fedavg__split08__seed4__d5.0,cifar100,5.0,514,1.0,200.0,0.0,0.0,0.0,
cifar100_proser_fedavg__split08__seed4__d5.0,cifar100,5.0,1028,1.0,200.0,12.0,0.06,0.004740203062657802,0.07900338437763002
cifar100_proser_fedavg__split09__seed0__d0.1,cifar100,0.1,128,1.0,200.0,0.0,0.0,0.0,
cifar100_proser_fedavg__split09__seed0__d0.1,cifar100,0.1,256,1.0,200.0,0.0,0.0,0.0,
cifar100_proser_fedavg__split09__seed0__d0.1,cifar100,0.1,514,1.0,200.0,0.0,0.0,0.0,
cifar100_proser_fedavg__split09__seed0__d0.1,cifar100,0.1,1028,1.0,200.0,7.0,0.035,0.0011614118428456175,0.03318319550987479
cifar100_proser_fedavg__split09__seed0__d0.5,cifar100,0.5,128,1.0,200.0,0.0,0.0,0.0,
cifar100_proser_fedavg__split09__seed0__d0.5,cifar100,0.5,256,1.0,200.0,0.0,0.0,0.0,
cifar100_proser_fedavg__split09__seed0__d0.5,cifar100,0.5,514,1.0,200.0,3.0,0.015,0.0012385140325130257,0.08256760216753505
cifar100_proser_fedavg__split09__seed0__d0.5,cifar100,0.5,1028,1.0,200.0,90.0,0.45,0.04333113166831159,0.09629140370735909
cifar100_proser_fedavg__split09__seed0__d5.0,cifar100,5.0,128,1.0,200.0,0.0,0.0,0.0,
cifar100_proser_fedavg__split09__seed0__d5.0,cifar100,5.0,256,1.0,200.0,0.0,0.0,0.0,
cifar100_proser_fedavg__split09__seed0__d5.0,cifar100,5.0,514,1.0,200.0,36.0,0.18,0.016443326731829605,0.09135181517683114
cifar100_proser_fedavg__split09__seed0__d5.0,cifar100,5.0,1028,1.0,200.0,191.0,0.955,0.1323783690849792,0.13861609328270075
cifar100_proser_fedavg__split09__seed1__d0.1,cifar100,0.1,128,1.0,200.0,0.0,0.0,0.0,
cifar100_proser_fedavg__split09__seed1__d0.1,cifar100,0.1,256,1.0,200.0,0.0,0.0,0.0,
cifar100_proser_fedavg__split09__seed1__d0.1,cifar100,0.1,514,1.0,200.0,0.0,0.0,0.0,
cifar100_proser_fedavg__split09__seed1__d0.1,cifar100,0.1,1028,1.0,200.0,0.0,0.0,0.0,
cifar100_proser_fedavg__split09__seed1__d0.5,cifar100,0.5,128,1.0,200.0,0.0,0.0,0.0,
cifar100_proser_fedavg__split09__seed1__d0.5,cifar100,0.5,256,1.0,200.0,0.0,0.0,0.0,
cifar100_proser_fedavg__split09__seed1__d0.5,cifar100,0.5,514,1.0,200.0,1.0,0.005,0.0003212264032168913,0.06424528064337826
cifar100_proser_fedavg__split09__seed1__d0.5,cifar100,0.5,1028,1.0,200.0,40.0,0.2,0.019854404363379475,0.09927202181689736
cifar100_proser_fedavg__split09__seed1__d5.0,cifar100,5.0,128,1.0,200.0,0.0,0.0,0.0,
cifar100_proser_fedavg__split09__seed1__d5.0,cifar100,5.0,256,1.0,200.0,0.0,0.0,0.0,
cifar100_proser_fedavg__split09__seed1__d5.0,cifar100,5.0,514,1.0,200.0,23.0,0.115,0.010750771181258011,0.09348496679354792
cifar100_proser_fedavg__split09__seed1__d5.0,cifar100,5.0,1028,1.0,200.0,170.0,0.85,0.10704820828251836,0.12593906856766868
cifar100_proser_fedavg__split09__seed2__d0.1,cifar100,0.1,128,1.0,200.0,0.0,0.0,0.0,
cifar100_proser_fedavg__split09__seed2__d0.1,cifar100,0.1,256,1.0,200.0,0.0,0.0,0.0,
cifar100_proser_fedavg__split09__seed2__d0.1,cifar100,0.1,514,1.0,200.0,0.0,0.0,0.0,
cifar100_proser_fedavg__split09__seed2__d0.1,cifar100,0.1,1028,1.0,200.0,0.0,0.0,0.0,
cifar100_proser_fedavg__split09__seed2__d0.5,cifar100,0.5,128,1.0,200.0,0.0,0.0,0.0,
cifar100_proser_fedavg__split09__seed2__d0.5,cifar100,0.5,256,1.0,200.0,0.0,0.0,0.0,
cifar100_proser_fedavg__split09__seed2__d0.5,cifar100,0.5,514,1.0,200.0,0.0,0.0,0.0,
cifar100_proser_fedavg__split09__seed2__d0.5,cifar100,0.5,1028,1.0,200.0,31.0,0.155,0.012518555942230765,0.08076487704665007
cifar100_proser_fedavg__split09__seed2__d5.0,cifar100,5.0,128,1.0,200.0,0.0,0.0,0.0,
cifar100_proser_fedavg__split09__seed2__d5.0,cifar100,5.0,256,1.0,200.0,0.0,0.0,0.0,
cifar100_proser_fedavg__split09__seed2__d5.0,cifar100,5.0,514,1.0,200.0,25.0,0.125,0.010202537271232935,0.08162029816986348
cifar100_proser_fedavg__split09__seed2__d5.0,cifar100,5.0,1028,1.0,200.0,178.0,0.89,0.11706915039849992,0.1315383712342696
cifar100_proser_fedavg__split09__seed3__d0.1,cifar100,0.1,128,1.0,200.0,0.0,0.0,0.0,
cifar100_proser_fedavg__split09__seed3__d0.1,cifar100,0.1,256,1.0,200.0,0.0,0.0,0.0,
cifar100_proser_fedavg__split09__seed3__d0.1,cifar100,0.1,514,1.0,200.0,0.0,0.0,0.0,
cifar100_proser_fedavg__split09__seed3__d0.1,cifar100,0.1,1028,1.0,200.0,25.0,0.125,0.008760177993976834,0.07008142395181467
cifar100_proser_fedavg__split09__seed3__d0.5,cifar100,0.5,128,1.0,200.0,0.0,0.0,0.0,
cifar100_proser_fedavg__split09__seed3__d0.5,cifar100,0.5,256,1.0,200.0,0.0,0.0,0.0,
cifar100_proser_fedavg__split09__seed3__d0.5,cifar100,0.5,514,1.0,200.0,44.0,0.22,0.012317769252052541,0.05598986023660246
cifar100_proser_fedavg__split09__seed3__d0.5,cifar100,0.5,1028,1.0,200.0,191.0,0.955,0.09140869052678637,0.09571590631077108
cifar100_proser_fedavg__split09__seed3__d5.0,cifar100,5.0,128,1.0,200.0,0.0,0.0,0.0,
cifar100_proser_fedavg__split09__seed3__d5.0,cifar100,5.0,256,1.0,200.0,0.0,0.0,0.0,
cifar100_proser_fedavg__split09__seed3__d5.0,cifar100,5.0,514,1.0,200.0,79.0,0.395,0.038295548657273,0.096950756094362
cifar100_proser_fedavg__split09__seed3__d5.0,cifar100,5.0,1028,1.0,200.0,195.0,0.975,0.13974284813330115,0.14332599808543708
cifar100_proser_fedavg__split09__seed4__d0.1,cifar100,0.1,128,1.0,200.0,0.0,0.0,0.0,
cifar100_proser_fedavg__split09__seed4__d0.1,cifar100,0.1,256,1.0,200.0,0.0,0.0,0.0,
cifar100_proser_fedavg__split09__seed4__d0.1,cifar100,0.1,514,1.0,200.0,0.0,0.0,0.0,
cifar100_proser_fedavg__split09__seed4__d0.1,cifar100,0.1,1028,1.0,200.0,0.0,0.0,0.0,
cifar100_proser_fedavg__split09__seed4__d0.5,cifar100,0.5,128,1.0,200.0,0.0,0.0,0.0,
cifar100_proser_fedavg__split09__seed4__d0.5,cifar100,0.5,256,1.0,200.0,0.0,0.0,0.0,
cifar100_proser_fedavg__split09__seed4__d0.5,cifar100,0.5,514,1.0,200.0,12.0,0.06,0.0037161829569425254,0.061936382615708746
cifar100_proser_fedavg__split09__seed4__d0.5,cifar100,0.5,1028,1.0,200.0,136.0,0.68,0.05897227107200802,0.08672392804707062
cifar100_proser_fedavg__split09__seed4__d5.0,cifar100,5.0,128,1.0,200.0,0.0,0.0,0.0,
cifar100_proser_fedavg__split09__seed4__d5.0,cifar100,5.0,256,1.0,200.0,0.0,0.0,0.0,
cifar100_proser_fedavg__split09__seed4__d5.0,cifar100,5.0,514,1.0,200.0,37.0,0.185,0.01955258520641291,0.1056896497643941
cifar100_proser_fedavg__split09__seed4__d5.0,cifar100,5.0,1028,1.0,200.0,181.0,0.905,0.1252484800325195,0.13839611053317075
cifar10_proser_fedavg__split00__seed0__d0.1,cifar10,0.1,128,1.0,200.0,0.0,0.0,0.0,
cifar10_proser_fedavg__split00__seed0__d0.1,cifar10,0.1,256,1.0,200.0,0.0,0.0,0.0,
cifar10_proser_fedavg__split00__seed0__d0.1,cifar10,0.1,514,1.0,200.0,0.0,0.0,0.0,
cifar10_proser_fedavg__split00__seed0__d0.1,cifar10,0.1,1028,1.0,200.0,0.0,0.0,0.0,
cifar10_proser_fedavg__split00__seed0__d0.5,cifar10,0.5,128,1.0,200.0,0.0,0.0,0.0,
cifar10_proser_fedavg__split00__seed0__d0.5,cifar10,0.5,256,1.0,200.0,0.0,0.0,0.0,
cifar10_proser_fedavg__split00__seed0__d0.5,cifar10,0.5,514,1.0,200.0,1.0,0.005,0.0003782983876495807,0.07565967752991613
cifar10_proser_fedavg__split00__seed0__d0.5,cifar10,0.5,1028,1.0,200.0,38.0,0.19,0.01401136479464423,0.07374402523496965
cifar10_proser_fedavg__split00__seed0__d5.0,cifar10,5.0,128,1.0,200.0,0.0,0.0,0.0,
cifar10_proser_fedavg__split00__seed0__d5.0,cifar10,5.0,256,1.0,200.0,0.0,0.0,0.0,
cifar10_proser_fedavg__split00__seed0__d5.0,cifar10,5.0,514,1.0,200.0,70.0,0.35,0.04330645426258954,0.12373272646454155
cifar10_proser_fedavg__split00__seed0__d5.0,cifar10,5.0,1028,1.0,200.0,193.0,0.965,0.2080840276660356,0.21563111675236854
cifar10_proser_fedavg__split00__seed1__d0.1,cifar10,0.1,128,1.0,200.0,0.0,0.0,0.0,
cifar10_proser_fedavg__split00__seed1__d0.1,cifar10,0.1,256,1.0,200.0,0.0,0.0,0.0,
cifar10_proser_fedavg__split00__seed1__d0.1,cifar10,0.1,514,1.0,200.0,3.0,0.015,0.0010130742724689067,0.06753828483126044
cifar10_proser_fedavg__split00__seed1__d0.1,cifar10,0.1,1028,1.0,200.0,135.0,0.675,0.051525616996541304,0.07633424740228342
cifar10_proser_fedavg__split00__seed1__d0.5,cifar10,0.5,128,1.0,200.0,0.0,0.0,0.0,
cifar10_proser_fedavg__split00__seed1__d0.5,cifar10,0.5,256,1.0,200.0,17.0,0.085,0.01552611119830465,0.1826601317447606
cifar10_proser_fedavg__split00__seed1__d0.5,cifar10,0.5,514,1.0,200.0,177.0,0.885,0.20061559296027184,0.22668428583081565
cifar10_proser_fedavg__split00__seed1__d0.5,cifar10,0.5,1028,1.0,200.0,200.0,1.0,0.3108137297756657,0.3108137297756657
cifar10_proser_fedavg__split00__seed1__d5.0,cifar10,5.0,128,1.0,200.0,0.0,0.0,0.0,
cifar10_proser_fedavg__split00__seed1__d5.0,cifar10,5.0,256,1.0,200.0,7.0,0.035,0.005872300744057548,0.16778002125878708
cifar10_proser_fedavg__split00__seed1__d5.0,cifar10,5.0,514,1.0,200.0,123.0,0.615,0.12104291624735873,0.1968177499957053
cifar10_proser_fedavg__split00__seed1__d5.0,cifar10,5.0,1028,1.0,200.0,197.0,0.985,0.30093780516935364,0.30552061438513056
cifar10_proser_fedavg__split00__seed2__d0.1,cifar10,0.1,128,1.0,200.0,0.0,0.0,0.0,
cifar10_proser_fedavg__split00__seed2__d0.1,cifar10,0.1,256,1.0,200.0,0.0,0.0,0.0,
cifar10_proser_fedavg__split00__seed2__d0.1,cifar10,0.1,514,1.0,200.0,11.0,0.055,0.0037311353394419277,0.06783882435348959
cifar10_proser_fedavg__split00__seed2__d0.1,cifar10,0.1,1028,1.0,200.0,120.0,0.6,0.05380116829612766,0.08966861382687943
cifar10_proser_fedavg__split00__seed2__d0.5,cifar10,0.5,128,1.0,200.0,0.0,0.0,0.0,
cifar10_proser_fedavg__split00__seed2__d0.5,cifar10,0.5,256,1.0,200.0,43.0,0.215,0.03671263682553753,0.17075645035133735
cifar10_proser_fedavg__split00__seed2__d0.5,cifar10,0.5,514,1.0,200.0,181.0,0.905,0.2386391712353319,0.26368969197274245
cifar10_proser_fedavg__split00__seed2__d0.5,cifar10,0.5,1028,1.0,200.0,200.0,1.0,0.3593801827920349,0.3593801827920349
cifar10_proser_fedavg__split00__seed2__d5.0,cifar10,5.0,128,1.0,200.0,0.0,0.0,0.0,
cifar10_proser_fedavg__split00__seed2__d5.0,cifar10,5.0,256,1.0,200.0,1.0,0.005,0.0009802018570651404,0.19604037141302808
cifar10_proser_fedavg__split00__seed2__d5.0,cifar10,5.0,514,1.0,200.0,83.0,0.415,0.07896661365912552,0.19028099676897717
cifar10_proser_fedavg__split00__seed2__d5.0,cifar10,5.0,1028,1.0,200.0,197.0,0.985,0.27487207389779855,0.2790579430434503
cifar10_proser_fedavg__split00__seed3__d0.1,cifar10,0.1,128,1.0,200.0,0.0,0.0,0.0,
cifar10_proser_fedavg__split00__seed3__d0.1,cifar10,0.1,256,1.0,200.0,0.0,0.0,0.0,
cifar10_proser_fedavg__split00__seed3__d0.1,cifar10,0.1,514,1.0,200.0,5.0,0.025,0.0027213574130058736,0.10885429652023496
cifar10_proser_fedavg__split00__seed3__d0.1,cifar10,0.1,1028,1.0,200.0,103.0,0.515,0.07348863872036063,0.14269638586477792
cifar10_proser_fedavg__split00__seed3__d0.5,cifar10,0.5,128,1.0,200.0,0.0,0.0,0.0,
cifar10_proser_fedavg__split00__seed3__d0.5,cifar10,0.5,256,1.0,200.0,5.0,0.025,0.003808976705114894,0.15235906820459577
cifar10_proser_fedavg__split00__seed3__d0.5,cifar10,0.5,514,1.0,200.0,119.0,0.595,0.09865355290341746,0.1658042905939789
cifar10_proser_fedavg__split00__seed3__d0.5,cifar10,0.5,1028,1.0,200.0,200.0,1.0,0.28911935070368405,0.28911935070368405
cifar10_proser_fedavg__split00__seed3__d5.0,cifar10,5.0,128,1.0,200.0,0.0,0.0,0.0,
cifar10_proser_fedavg__split00__seed3__d5.0,cifar10,5.0,256,1.0,200.0,0.0,0.0,0.0,
cifar10_proser_fedavg__split00__seed3__d5.0,cifar10,5.0,514,1.0,200.0,0.0,0.0,0.0,
cifar10_proser_fedavg__split00__seed3__d5.0,cifar10,5.0,1028,1.0,200.0,42.0,0.21,0.022856672833644485,0.10884129920783088
cifar10_proser_fedavg__split00__seed4__d0.1,cifar10,0.1,128,1.0,200.0,0.0,0.0,0.0,
cifar10_proser_fedavg__split00__seed4__d0.1,cifar10,0.1,256,1.0,200.0,0.0,0.0,0.0,
cifar10_proser_fedavg__split00__seed4__d0.1,cifar10,0.1,514,1.0,200.0,2.0,0.01,0.0011065102681655683,0.11065102681655684
cifar10_proser_fedavg__split00__seed4__d0.1,cifar10,0.1,1028,1.0,200.0,81.0,0.405,0.04478261663527441,0.11057436206240592
cifar10_proser_fedavg__split00__seed4__d0.5,cifar10,0.5,128,1.0,200.0,0.0,0.0,0.0,
cifar10_proser_fedavg__split00__seed4__d0.5,cifar10,0.5,256,1.0,200.0,0.0,0.0,0.0,
cifar10_proser_fedavg__split00__seed4__d0.5,cifar10,0.5,514,1.0,200.0,2.0,0.01,0.0016965248468926851,0.16965248468926852
cifar10_proser_fedavg__split00__seed4__d0.5,cifar10,0.5,1028,1.0,200.0,55.0,0.275,0.06499543637178172,0.23634704135193352
cifar10_proser_fedavg__split00__seed4__d5.0,cifar10,5.0,128,1.0,200.0,0.0,0.0,0.0,
cifar10_proser_fedavg__split00__seed4__d5.0,cifar10,5.0,256,1.0,200.0,0.0,0.0,0.0,
cifar10_proser_fedavg__split00__seed4__d5.0,cifar10,5.0,514,1.0,200.0,6.0,0.03,0.003009430517572088,0.10031435058573628
cifar10_proser_fedavg__split00__seed4__d5.0,cifar10,5.0,1028,1.0,200.0,101.0,0.505,0.07041340295117822,0.13943248109144202
cifar10_proser_fedavg__split01__seed0__d0.1,cifar10,0.1,128,1.0,200.0,0.0,0.0,0.0,
cifar10_proser_fedavg__split01__seed0__d0.1,cifar10,0.1,256,1.0,200.0,0.0,0.0,0.0,
cifar10_proser_fedavg__split01__seed0__d0.1,cifar10,0.1,514,1.0,200.0,0.0,0.0,0.0,
cifar10_proser_fedavg__split01__seed0__d0.1,cifar10,0.1,1028,1.0,200.0,0.0,0.0,0.0,
cifar10_proser_fedavg__split01__seed0__d0.5,cifar10,0.5,128,1.0,200.0,0.0,0.0,0.0,
cifar10_proser_fedavg__split01__seed0__d0.5,cifar10,0.5,256,1.0,200.0,0.0,0.0,0.0,
cifar10_proser_fedavg__split01__seed0__d0.5,cifar10,0.5,514,1.0,200.0,0.0,0.0,0.0,
cifar10_proser_fedavg__split01__seed0__d0.5,cifar10,0.5,1028,1.0,200.0,53.0,0.265,0.0197173558362467,0.07440511636319508
cifar10_proser_fedavg__split01__seed0__d5.0,cifar10,5.0,128,1.0,200.0,8.0,0.04,0.008957348890724534,0.22393372226811337
cifar10_proser_fedavg__split01__seed0__d5.0,cifar10,5.0,256,1.0,200.0,139.0,0.695,0.18590861583504698,0.26749441127344886
cifar10_proser_fedavg__split01__seed0__d5.0,cifar10,5.0,514,1.0,200.0,200.0,1.0,0.3632638216408611,0.3632638216408611
cifar10_proser_fedavg__split01__seed0__d5.0,cifar10,5.0,1028,1.0,200.0,200.0,1.0,0.438190207915339,0.438190207915339
cifar10_proser_fedavg__split01__seed1__d0.1,cifar10,0.1,128,1.0,200.0,0.0,0.0,0.0,
cifar10_proser_fedavg__split01__seed1__d0.1,cifar10,0.1,256,1.0,200.0,14.0,0.07,0.011247369070059094,0.16067670100084422
cifar10_proser_fedavg__split01__seed1__d0.1,cifar10,0.1,514,1.0,200.0,144.0,0.72,0.1435159605569227,0.19932772299572596
cifar10_proser_fedavg__split01__seed1__d0.1,cifar10,0.1,1028,1.0,200.0,200.0,1.0,0.25391251999012204,0.25391251999012204
cifar10_proser_fedavg__split01__seed1__d0.5,cifar10,0.5,128,1.0,200.0,18.0,0.09,0.0218355579095716,0.2426173101063511
cifar10_proser_fedavg__split01__seed1__d0.5,cifar10,0.5,256,1.0,200.0,159.0,0.795,0.22782831759124136,0.286576500114769
cifar10_proser_fedavg__split01__seed1__d0.5,cifar10,0.5,514,1.0,200.0,200.0,1.0,0.37534339293450136,0.37534339293450136
cifar10_proser_fedavg__split01__seed1__d0.5,cifar10,0.5,1028,1.0,200.0,200.0,1.0,0.4410193262709617,0.4410193262709617
cifar10_proser_fedavg__split01__seed1__d5.0,cifar10,5.0,128,1.0,200.0,0.0,0.0,0.0,
cifar10_proser_fedavg__split01__seed1__d5.0,cifar10,5.0,256,1.0,200.0,98.0,0.49,0.15611231051041266,0.31859655206206666
cifar10_proser_fedavg__split01__seed1__d5.0,cifar10,5.0,514,1.0,200.0,193.0,0.965,0.3735869857860331,0.3871367728352675
cifar10_proser_fedavg__split01__seed1__d5.0,cifar10,5.0,1028,1.0,200.0,200.0,1.0,0.46251229958138096,0.46251229958138096
cifar10_proser_fedavg__split01__seed2__d0.1,cifar10,0.1,128,1.0,200.0,0.0,0.0,0.0,
cifar10_proser_fedavg__split01__seed2__d0.1,cifar10,0.1,256,1.0,200.0,0.0,0.0,0.0,
cifar10_proser_fedavg__split01__seed2__d0.1,cifar10,0.1,514,1.0,200.0,0.0,0.0,0.0,
cifar10_proser_fedavg__split01__seed2__d0.1,cifar10,0.1,1028,1.0,200.0,0.0,0.0,0.0,
cifar10_proser_fedavg__split01__seed2__d0.5,cifar10,0.5,128,1.0,200.0,6.0,0.03,0.006637299222937234,0.22124330743124113
cifar10_proser_fedavg__split01__seed2__d0.5,cifar10,0.5,256,1.0,200.0,155.0,0.775,0.22970080181668734,0.29638813137637077
cifar10_proser_fedavg__split01__seed2__d0.5,cifar10,0.5,514,1.0,200.0,199.0,0.995,0.37611756550508907,0.37800760352270274
cifar10_proser_fedavg__split01__seed2__d0.5,cifar10,0.5,1028,1.0,200.0,200.0,1.0,0.4521798853985039,0.4521798853985039
cifar10_proser_fedavg__split01__seed2__d5.0,cifar10,5.0,128,1.0,200.0,11.0,0.055,0.013219238445733432,0.2403497899224261
cifar10_proser_fedavg__split01__seed2__d5.0,cifar10,5.0,256,1.0,200.0,168.0,0.84,0.24472543879080233,0.2913398080842885
cifar10_proser_fedavg__split01__seed2__d5.0,cifar10,5.0,514,1.0,200.0,200.0,1.0,0.3816919743805378,0.3816919743805378
cifar10_proser_fedavg__split01__seed2__d5.0,cifar10,5.0,1028,1.0,200.0,200.0,1.0,0.4467486359722895,0.4467486359722895
cifar10_proser_fedavg__split01__seed3__d0.1,cifar10,0.1,128,1.0,200.0,0.0,0.0,0.0,
cifar10_proser_fedavg__split01__seed3__d0.1,cifar10,0.1,256,1.0,200.0,0.0,0.0,0.0,
cifar10_proser_fedavg__split01__seed3__d0.1,cifar10,0.1,514,1.0,200.0,0.0,0.0,0.0,
cifar10_proser_fedavg__split01__seed3__d0.1,cifar10,0.1,1028,1.0,200.0,0.0,0.0,0.0,
cifar10_proser_fedavg__split01__seed3__d0.5,cifar10,0.5,128,1.0,200.0,1.0,0.005,0.0013603577599307372,0.27207155198614746
cifar10_proser_fedavg__split01__seed3__d0.5,cifar10,0.5,256,1.0,200.0,18.0,0.09,0.01839988167086993,0.20444312967633257
cifar10_proser_fedavg__split01__seed3__d0.5,cifar10,0.5,514,1.0,200.0,173.0,0.865,0.2607498421834027,0.30144490425826903
cifar10_proser_fedavg__split01__seed3__d0.5,cifar10,0.5,1028,1.0,200.0,200.0,1.0,0.3995611150519221,0.3995611150519221
cifar10_proser_fedavg__split01__seed3__d5.0,cifar10,5.0,128,1.0,200.0,11.0,0.055,0.011548599537123371,0.2099745370386068
cifar10_proser_fedavg__split01__seed3__d5.0,cifar10,5.0,256,1.0,200.0,157.0,0.785,0.20927177977731795,0.2665882544933987
cifar10_proser_fedavg__split01__seed3__d5.0,cifar10,5.0,514,1.0,200.0,200.0,1.0,0.38838954127972314,0.38838954127972314
cifar10_proser_fedavg__split01__seed3__d5.0,cifar10,5.0,1028,1.0,200.0,200.0,1.0,0.4488843986127686,0.4488843986127686
cifar10_proser_fedavg__split01__seed4__d0.1,cifar10,0.1,128,1.0,200.0,0.0,0.0,0.0,
cifar10_proser_fedavg__split01__seed4__d0.1,cifar10,0.1,256,1.0,200.0,2.0,0.01,0.0007783542187110909,0.07783542187110909
cifar10_proser_fedavg__split01__seed4__d0.1,cifar10,0.1,514,1.0,200.0,90.0,0.45,0.04359120278859436,0.09686933953020971
cifar10_proser_fedavg__split01__seed4__d0.1,cifar10,0.1,1028,1.0,200.0,195.0,0.975,0.1235103967068323,0.12667732995572542
cifar10_proser_fedavg__split01__seed4__d0.5,cifar10,0.5,128,1.0,200.0,0.0,0.0,0.0,
cifar10_proser_fedavg__split01__seed4__d0.5,cifar10,0.5,256,1.0,200.0,10.0,0.05,0.006227943354738852,0.12455886709477706
cifar10_proser_fedavg__split01__seed4__d0.5,cifar10,0.5,514,1.0,200.0,139.0,0.695,0.10828273036624982,0.15580248973561125
cifar10_proser_fedavg__split01__seed4__d0.5,cifar10,0.5,1028,1.0,200.0,199.0,0.995,0.21614298564713313,0.21722913130365137
cifar10_proser_fedavg__split01__seed4__d5.0,cifar10,5.0,128,1.0,200.0,14.0,0.07,0.017402569434293153,0.24860813477561655
cifar10_proser_fedavg__split01__seed4__d5.0,cifar10,5.0,256,1.0,200.0,157.0,0.785,0.25312773999994703,0.32245571974515547
cifar10_proser_fedavg__split01__seed4__d5.0,cifar10,5.0,514,1.0,200.0,200.0,1.0,0.40589757033243645,0.40589757033243645
cifar10_proser_fedavg__split01__seed4__d5.0,cifar10,5.0,1028,1.0,200.0,200.0,1.0,0.4775601820477799,0.4775601820477799
cifar10_proser_fedavg__split02__seed0__d0.1,cifar10,0.1,128,1.0,200.0,0.0,0.0,0.0,
cifar10_proser_fedavg__split02__seed0__d0.1,cifar10,0.1,256,1.0,200.0,0.0,0.0,0.0,
cifar10_proser_fedavg__split02__seed0__d0.1,cifar10,0.1,514,1.0,200.0,0.0,0.0,0.0,
cifar10_proser_fedavg__split02__seed0__d0.1,cifar10,0.1,1028,1.0,200.0,0.0,0.0,0.0,
cifar10_proser_fedavg__split02__seed0__d0.5,cifar10,0.5,128,1.0,200.0,0.0,0.0,0.0,
cifar10_proser_fedavg__split02__seed0__d0.5,cifar10,0.5,256,1.0,200.0,0.0,0.0,0.0,
cifar10_proser_fedavg__split02__seed0__d0.5,cifar10,0.5,514,1.0,200.0,0.0,0.0,0.0,
cifar10_proser_fedavg__split02__seed0__d0.5,cifar10,0.5,1028,1.0,200.0,0.0,0.0,0.0,
cifar10_proser_fedavg__split02__seed0__d5.0,cifar10,5.0,128,1.0,200.0,0.0,0.0,0.0,
cifar10_proser_fedavg__split02__seed0__d5.0,cifar10,5.0,256,1.0,200.0,2.0,0.01,0.002421172007164485,0.2421172007164485
cifar10_proser_fedavg__split02__seed0__d5.0,cifar10,5.0,514,1.0,200.0,64.0,0.32,0.08375773992392423,0.26174293726226316
cifar10_proser_fedavg__split02__seed0__d5.0,cifar10,5.0,1028,1.0,200.0,188.0,0.94,0.34304116471905954,0.3649374092755952
cifar10_proser_fedavg__split02__seed1__d0.1,cifar10,0.1,128,1.0,200.0,0.0,0.0,0.0,
cifar10_proser_fedavg__split02__seed1__d0.1,cifar10,0.1,256,1.0,200.0,5.0,0.025,0.0017379188558359054,0.0695167542334362
cifar10_proser_fedavg__split02__seed1__d0.1,cifar10,0.1,514,1.0,200.0,136.0,0.68,0.08870130798049843,0.13044309997132122
cifar10_proser_fedavg__split02__seed1__d0.1,cifar10,0.1,1028,1.0,200.0,199.0,0.995,0.21022980254962223,0.2112862337182133
cifar10_proser_fedavg__split02__seed1__d0.5,cifar10,0.5,128,1.0,200.0,0.0,0.0,0.0,
cifar10_proser_fedavg__split02__seed1__d0.5,cifar10,0.5,256,1.0,200.0,0.0,0.0,0.0,
cifar10_proser_fedavg__split02__seed1__d0.5,cifar10,0.5,514,1.0,200.0,1.0,0.005,0.000631593712117925,0.126318742423585
cifar10_proser_fedavg__split02__seed1__d0.5,cifar10,0.5,1028,1.0,200.0,63.0,0.315,0.04528212140809277,0.14375276637489764
cifar10_proser_fedavg__split02__seed1__d5.0,cifar10,5.0,128,1.0,200.0,0.0,0.0,0.0,
cifar10_proser_fedavg__split02__seed1__d5.0,cifar10,5.0,256,1.0,200.0,0.0,0.0,0.0,
cifar10_proser_fedavg__split02__seed1__d5.0,cifar10,5.0,514,1.0,200.0,62.0,0.31,0.07955728876688008,0.25663641537703247
cifar10_proser_fedavg__split02__seed1__d5.0,cifar10,5.0,1028,1.0,200.0,194.0,0.97,0.3261185031388368,0.33620464241117193
cifar10_proser_fedavg__split02__seed2__d0.1,cifar10,0.1,128,1.0,200.0,0.0,0.0,0.0,
cifar10_proser_fedavg__split02__seed2__d0.1,cifar10,0.1,256,1.0,200.0,0.0,0.0,0.0,
cifar10_proser_fedavg__split02__seed2__d0.1,cifar10,0.1,514,1.0,200.0,0.0,0.0,0.0,
cifar10_proser_fedavg__split02__seed2__d0.1,cifar10,0.1,1028,1.0,200.0,0.0,0.0,0.0,
cifar10_proser_fedavg__split02__seed2__d0.5,cifar10,0.5,128,1.0,200.0,1.0,0.005,0.0007185600325455292,0.14371200650910584
cifar10_proser_fedavg__split02__seed2__d0.5,cifar10,0.5,256,1.0,200.0,108.0,0.54,0.09771508853233016,0.1809538676524633
cifar10_proser_fedavg__split02__seed2__d0.5,cifar10,0.5,514,1.0,200.0,200.0,1.0,0.2865224478724278,0.2865224478724278
cifar10_proser_fedavg__split02__seed2__d0.5,cifar10,0.5,1028,1.0,200.0,200.0,1.0,0.37253600734922726,0.37253600734922726
cifar10_proser_fedavg__split02__seed2__d5.0,cifar10,5.0,128,1.0,200.0,1.0,0.005,0.00091410585078992,0.182821170157984
cifar10_proser_fedavg__split02__seed2__d5.0,cifar10,5.0,256,1.0,200.0,25.0,0.125,0.024517890977732878,0.19614312782186308
cifar10_proser_fedavg__split02__seed2__d5.0,cifar10,5.0,514,1.0,200.0,184.0,0.92,0.27721943735908905,0.3013254753903142
cifar10_proser_fedavg__split02__seed2__d5.0,cifar10,5.0,1028,1.0,200.0,200.0,1.0,0.3914019518054354,0.3914019518054354
cifar10_proser_fedavg__split02__seed3__d0.1,cifar10,0.1,128,1.0,200.0,0.0,0.0,0.0,
cifar10_proser_fedavg__split02__seed3__d0.1,cifar10,0.1,256,1.0,200.0,0.0,0.0,0.0,
cifar10_proser_fedavg__split02__seed3__d0.1,cifar10,0.1,514,1.0,200.0,0.0,0.0,0.0,
cifar10_proser_fedavg__split02__seed3__d0.1,cifar10,0.1,1028,1.0,200.0,0.0,0.0,0.0,
cifar10_proser_fedavg__split02__seed3__d0.5,cifar10,0.5,128,1.0,200.0,0.0,0.0,0.0,
cifar10_proser_fedavg__split02__seed3__d0.5,cifar10,0.5,256,1.0,200.0,1.0,0.005,0.0003350846794004887,0.06701693588009774
cifar10_proser_fedavg__split02__seed3__d0.5,cifar10,0.5,514,1.0,200.0,51.0,0.255,0.01885678508165202,0.07394817679079224
cifar10_proser_fedavg__split02__seed3__d0.5,cifar10,0.5,1028,1.0,200.0,189.0,0.945,0.13016564364030184,0.13774142184158925
cifar10_proser_fedavg__split02__seed3__d5.0,cifar10,5.0,128,1.0,200.0,0.0,0.0,0.0,
cifar10_proser_fedavg__split02__seed3__d5.0,cifar10,5.0,256,1.0,200.0,2.0,0.01,0.0011332484650919464,0.11332484650919464
cifar10_proser_fedavg__split02__seed3__d5.0,cifar10,5.0,514,1.0,200.0,136.0,0.68,0.12349173274260714,0.18160548932736345
cifar10_proser_fedavg__split02__seed3__d5.0,cifar10,5.0,1028,1.0,200.0,200.0,1.0,0.3242359392236466,0.3242359392236466
cifar10_proser_fedavg__split02__seed4__d0.1,cifar10,0.1,128,1.0,200.0,0.0,0.0,0.0,
cifar10_proser_fedavg__split02__seed4__d0.1,cifar10,0.1,256,1.0,200.0,0.0,0.0,0.0,
cifar10_proser_fedavg__split02__seed4__d0.1,cifar10,0.1,514,1.0,200.0,1.0,0.005,0.0001501187673066564,0.03002375346133128
cifar10_proser_fedavg__split02__seed4__d0.1,cifar10,0.1,1028,1.0,200.0,14.0,0.07,0.002642601806461522,0.03775145437802174
cifar10_proser_fedavg__split02__seed4__d0.5,cifar10,0.5,128,1.0,200.0,0.0,0.0,0.0,
cifar10_proser_fedavg__split02__seed4__d0.5,cifar10,0.5,256,1.0,200.0,0.0,0.0,0.0,
cifar10_proser_fedavg__split02__seed4__d0.5,cifar10,0.5,514,1.0,200.0,0.0,0.0,0.0,
cifar10_proser_fedavg__split02__seed4__d0.5,cifar10,0.5,1028,1.0,200.0,33.0,0.165,0.01034034317007439,0.06266874648529934
cifar10_proser_fedavg__split02__seed4__d5.0,cifar10,5.0,128,1.0,200.0,0.0,0.0,0.0,
cifar10_proser_fedavg__split02__seed4__d5.0,cifar10,5.0,256,1.0,200.0,21.0,0.105,0.018340042234231947,0.17466706889744713
cifar10_proser_fedavg__split02__seed4__d5.0,cifar10,5.0,514,1.0,200.0,172.0,0.86,0.21191962554493984,0.24641816923830212
cifar10_proser_fedavg__split02__seed4__d5.0,cifar10,5.0,1028,1.0,200.0,200.0,1.0,0.3928485643339545,0.3928485643339545
cifar10_proser_fedavg__split03__seed0__d0.1,cifar10,0.1,128,1.0,200.0,0.0,0.0,0.0,
cifar10_proser_fedavg__split03__seed0__d0.1,cifar10,0.1,256,1.0,200.0,0.0,0.0,0.0,
cifar10_proser_fedavg__split03__seed0__d0.1,cifar10,0.1,514,1.0,200.0,0.0,0.0,0.0,
cifar10_proser_fedavg__split03__seed0__d0.1,cifar10,0.1,1028,1.0,200.0,100.0,0.5,0.019697112553844955,0.039394225107689904
cifar10_proser_fedavg__split03__seed0__d0.5,cifar10,0.5,128,1.0,200.0,0.0,0.0,0.0,
cifar10_proser_fedavg__split03__seed0__d0.5,cifar10,0.5,256,1.0,200.0,0.0,0.0,0.0,
cifar10_proser_fedavg__split03__seed0__d0.5,cifar10,0.5,514,1.0,200.0,65.0,0.325,0.03369446651183506,0.10367528157487708
cifar10_proser_fedavg__split03__seed0__d0.5,cifar10,0.5,1028,1.0,200.0,199.0,0.995,0.19708249547497672,0.19807285977384598
cifar10_proser_fedavg__split03__seed0__d5.0,cifar10,5.0,128,1.0,200.0,4.0,0.02,0.0037572441803644663,0.1878622090182233
cifar10_proser_fedavg__split03__seed0__d5.0,cifar10,5.0,256,1.0,200.0,104.0,0.52,0.12883062844783763,0.24775120855353386
cifar10_proser_fedavg__split03__seed0__d5.0,cifar10,5.0,514,1.0,200.0,198.0,0.99,0.35300064056666636,0.35656630360269337
cifar10_proser_fedavg__split03__seed0__d5.0,cifar10,5.0,1028,1.0,200.0,200.0,1.0,0.4625027529125381,0.4625027529125381
cifar10_proser_fedavg__split03__seed1__d0.1,cifar10,0.1,128,1.0,200.0,0.0,0.0,0.0,
cifar10_proser_fedavg__split03__seed1__d0.1,cifar10,0.1,256,1.0,200.0,0.0,0.0,0.0,
cifar10_proser_fedavg__split03__seed1__d0.1,cifar10,0.1,514,1.0,200.0,0.0,0.0,0.0,
cifar10_proser_fedavg__split03__seed1__d0.1,cifar10,0.1,1028,1.0,200.0,8.0,0.04,0.0015919715381773458,0.039799288454433646
cifar10_proser_fedavg__split03__seed1__d0.5,cifar10,0.5,128,1.0,200.0,0.0,0.0,0.0,
cifar10_proser_fedavg__split03__seed1__d0.5,cifar10,0.5,256,1.0,200.0,32.0,0.16,0.032417398938229966,0.2026087433639373
cifar10_proser_fedavg__split03__seed1__d0.5,cifar10,0.5,514,1.0,200.0,182.0,0.91,0.2629612443416642,0.2889684003754551
cifar10_proser_fedavg__split03__seed1__d0.5,cifar10,0.5,1028,1.0,200.0,200.0,1.0,0.3957196843199523,0.3957196843199523
cifar10_proser_fedavg__split03__seed1__d5.0,cifar10,5.0,128,1.0,200.0,1.0,0.005,0.0005618497153894349,0.11236994307788697
cifar10_proser_fedavg__split03__seed1__d5.0,cifar10,5.0,256,1.0,200.0,51.0,0.255,0.05484670099652831,0.21508510194716984
cifar10_proser_fedavg__split03__seed1__d5.0,cifar10,5.0,514,1.0,200.0,191.0,0.955,0.2973529664454288,0.31136436277008256
cifar10_proser_fedavg__split03__seed1__d5.0,cifar10,5.0,1028,1.0,200.0,200.0,1.0,0.4273360918646695,0.4273360918646695
cifar10_proser_fedavg__split03__seed2__d0.1,cifar10,0.1,128,1.0,200.0,0.0,0.0,0.0,
cifar10_proser_fedavg__split03__seed2__d0.1,cifar10,0.1,256,1.0,200.0,0.0,0.0,0.0,
cifar10_proser_fedavg__split03__seed2__d0.1,cifar10,0.1,514,1.0,200.0,0.0,0.0,0.0,
cifar10_proser_fedavg__split03__seed2__d0.1,cifar10,0.1,1028,1.0,200.0,0.0,0.0,0.0,
cifar10_proser_fedavg__split03__seed2__d0.5,cifar10,0.5,128,1.0,200.0,2.0,0.01,0.0018637665688196298,0.18637665688196298
cifar10_proser_fedavg__split03__seed2__d0.5,cifar10,0.5,256,1.0,200.0,91.0,0.455,0.11433384057711216,0.25128316610354323
cifar10_proser_fedavg__split03__seed2__d0.5,cifar10,0.5,514,1.0,200.0,198.0,0.99,0.3515485200196286,0.35509951517134203
cifar10_proser_fedavg__split03__seed2__d0.5,cifar10,0.5,1028,1.0,200.0,200.0,1.0,0.45913001758323907,0.45913001758323907
cifar10_proser_fedavg__split03__seed2__d5.0,cifar10,5.0,128,1.0,200.0,2.0,0.01,0.0024531786566154624,0.24531786566154623
cifar10_proser_fedavg__split03__seed2__d5.0,cifar10,5.0,256,1.0,200.0,68.0,0.34,0.07418733304884262,0.21819803837894886
cifar10_proser_fedavg__split03__seed2__d5.0,cifar10,5.0,514,1.0,200.0,189.0,0.945,0.3080145159993341,0.3259412867717821
cifar10_proser_fedavg__split03__seed2__d5.0,cifar10,5.0,1028,1.0,200.0,200.0,1.0,0.45364989188837695,0.45364989188837695
cifar10_proser_fedavg__split03__seed3__d0.1,cifar10,0.1,128,1.0,200.0,0.0,0.0,0.0,
cifar10_proser_fedavg__split03__seed3__d0.1,cifar10,0.1,256,1.0,200.0,2.0,0.01,0.0009687978860358537,0.09687978860358537
cifar10_proser_fedavg__split03__seed3__d0.1,cifar10,0.1,514,1.0,200.0,102.0,0.51,0.0619665144867858,0.12150296958193293
cifar10_proser_fedavg__split03__seed3__d0.1,cifar10,0.1,1028,1.0,200.0,199.0,0.995,0.14121715030293927,0.14192678422405958
cifar10_proser_fedavg__split03__seed3__d0.5,cifar10,0.5,128,1.0,200.0,0.0,0.0,0.0,
cifar10_proser_fedavg__split03__seed3__d0.5,cifar10,0.5,256,1.0,200.0,62.0,0.31,0.04965019801557094,0.16016192908248691
cifar10_proser_fedavg__split03__seed3__d0.5,cifar10,0.5,514,1.0,200.0,186.0,0.93,0.24971802497378853,0.2685140053481597
cifar10_proser_fedavg__split03__seed3__d0.5,cifar10,0.5,1028,1.0,200.0,200.0,1.0,0.37936587691761814,0.37936587691761814
cifar10_proser_fedavg__split03__seed3__d5.0,cifar10,5.0,128,1.0,200.0,2.0,0.01,0.0013734528978503152,0.13734528978503152
cifar10_proser_fedavg__split03__seed3__d5.0,cifar10,5.0,256,1.0,200.0,99.0,0.495,0.08022160324839928,0.1620638449462612
cifar10_proser_fedavg__split03__seed3__d5.0,cifar10,5.0,514,1.0,200.0,198.0,0.99,0.256994981446737,0.2595908903502394
cifar10_proser_fedavg__split03__seed3__d5.0,cifar10,5.0,1028,1.0,200.0,200.0,1.0,0.35533722359453324,0.35533722359453324
cifar10_proser_fedavg__split03__seed4__d0.1,cifar10,0.1,128,1.0,200.0,0.0,0.0,0.0,
cifar10_proser_fedavg__split03__seed4__d0.1,cifar10,0.1,256,1.0,200.0,0.0,0.0,0.0,
cifar10_proser_fedavg__split03__seed4__d0.1,cifar10,0.1,514,1.0,200.0,0.0,0.0,0.0,
cifar10_proser_fedavg__split03__seed4__d0.1,cifar10,0.1,1028,1.0,200.0,1.0,0.005,0.00012386443649509593,0.024772887299019185
cifar10_proser_fedavg__split03__seed4__d0.5,cifar10,0.5,128,1.0,200.0,0.0,0.0,0.0,
cifar10_proser_fedavg__split03__seed4__d0.5,cifar10,0.5,256,1.0,200.0,70.0,0.35,0.06156753333845993,0.17590723810988554
cifar10_proser_fedavg__split03__seed4__d0.5,cifar10,0.5,514,1.0,200.0,197.0,0.985,0.22573304672398004,0.22917060581114723
cifar10_proser_fedavg__split03__seed4__d0.5,cifar10,0.5,1028,1.0,200.0,200.0,1.0,0.285809153935622,0.285809153935622
cifar10_proser_fedavg__split03__seed4__d5.0,cifar10,5.0,128,1.0,200.0,0.0,0.0,0.0,
cifar10_proser_fedavg__split03__seed4__d5.0,cifar10,5.0,256,1.0,200.0,92.0,0.46,0.09875153316105921,0.21467724600230267
cifar10_proser_fedavg__split03__seed4__d5.0,cifar10,5.0,514,1.0,200.0,197.0,0.985,0.3304973563333541,0.335530310998329
cifar10_proser_fedavg__split03__seed4__d5.0,cifar10,5.0,1028,1.0,200.0,200.0,1.0,0.4185809881922924,0.4185809881922924
cifar10_proser_fedavg__split04__seed0__d0.1,cifar10,0.1,128,1.0,200.0,0.0,0.0,0.0,
cifar10_proser_fedavg__split04__seed0__d0.1,cifar10,0.1,256,1.0,200.0,0.0,0.0,0.0,
cifar10_proser_fedavg__split04__seed0__d0.1,cifar10,0.1,514,1.0,200.0,0.0,0.0,0.0,
cifar10_proser_fedavg__split04__seed0__d0.1,cifar10,0.1,1028,1.0,200.0,41.0,0.205,0.010904281271116933,0.05319161595666796
cifar10_proser_fedavg__split04__seed0__d0.5,cifar10,0.5,128,1.0,200.0,2.0,0.01,0.0012794068729736318,0.1279406872973632
cifar10_proser_fedavg__split04__seed0__d0.5,cifar10,0.5,256,1.0,200.0,29.0,0.145,0.024122541684688203,0.16636235644612551
cifar10_proser_fedavg__split04__seed0__d0.5,cifar10,0.5,514,1.0,200.0,183.0,0.915,0.19004418419693664,0.20769856196386519
cifar10_proser_fedavg__split04__seed0__d0.5,cifar10,0.5,1028,1.0,200.0,200.0,1.0,0.2762836864574283,0.2762836864574283
cifar10_proser_fedavg__split04__seed0__d5.0,cifar10,5.0,128,1.0,200.0,4.0,0.02,0.004095287746021206,0.20476438730106034
cifar10_proser_fedavg__split04__seed0__d5.0,cifar10,5.0,256,1.0,200.0,93.0,0.465,0.11064469501897749,0.23794558068597313
cifar10_proser_fedavg__split04__seed0__d5.0,cifar10,5.0,514,1.0,200.0,195.0,0.975,0.3020037098867289,0.3097473947556194
cifar10_proser_fedavg__split04__seed0__d5.0,cifar10,5.0,1028,1.0,200.0,200.0,1.0,0.40687270654609053,0.40687270654609053
cifar10_proser_fedavg__split04__seed1__d0.1,cifar10,0.1,128,1.0,200.0,0.0,0.0,0.0,
cifar10_proser_fedavg__split04__seed1__d0.1,cifar10,0.1,256,1.0,200.0,0.0,0.0,0.0,
cifar10_proser_fedavg__split04__seed1__d0.1,cifar10,0.1,514,1.0,200.0,14.0,0.07,0.0029134179995037616,0.04162025713576802
cifar10_proser_fedavg__split04__seed1__d0.1,cifar10,0.1,1028,1.0,200.0,147.0,0.735,0.0446138559076571,0.06069912368388721
cifar10_proser_fedavg__split04__seed1__d0.5,cifar10,0.5,128,1.0,200.0,0.0,0.0,0.0,
cifar10_proser_fedavg__split04__seed1__d0.5,cifar10,0.5,256,1.0,200.0,26.0,0.13,0.01832687883137735,0.14097599101059502
cifar10_proser_fedavg__split04__seed1__d0.5,cifar10,0.5,514,1.0,200.0,177.0,0.885,0.1785165008679302,0.20171356030274598
cifar10_proser_fedavg__split04__seed1__d0.5,cifar10,0.5,1028,1.0,200.0,200.0,1.0,0.3041943531196156,0.3041943531196156
cifar10_proser_fedavg__split04__seed1__d5.0,cifar10,5.0,128,1.0,200.0,2.0,0.01,0.0016639098773044104,0.16639098773044103
cifar10_proser_fedavg__split04__seed1__d5.0,cifar10,5.0,256,1.0,200.0,97.0,0.485,0.09842443951770777,0.2029369886963047
cifar10_proser_fedavg__split04__seed1__d5.0,cifar10,5.0,514,1.0,200.0,199.0,0.995,0.2881974012267967,0.289645629373665
cifar10_proser_fedavg__split04__seed1__d5.0,cifar10,5.0,1028,1.0,200.0,200.0,1.0,0.3935439046341089,0.3935439046341089
cifar10_proser_fedavg__split04__seed2__d0.1,cifar10,0.1,128,1.0,200.0,0.0,0.0,0.0,
cifar10_proser_fedavg__split04__seed2__d0.1,cifar10,0.1,256,1.0,200.0,0.0,0.0,0.0,
cifar10_proser_fedavg__split04__seed2__d0.1,cifar10,0.1,514,1.0,200.0,0.0,0.0,0.0,
cifar10_proser_fedavg__split04__seed2__d0.1,cifar10,0.1,1028,1.0,200.0,5.0,0.025,0.000576959053816317,0.02307836215265268
cifar10_proser_fedavg__split04__seed2__d0.5,cifar10,0.5,128,1.0,200.0,0.0,0.0,0.0,
cifar10_proser_fedavg__split04__seed2__d0.5,cifar10,0.5,256,1.0,200.0,54.0,0.27,0.06210914786443457,0.2300338809793873
cifar10_proser_fedavg__split04__seed2__d0.5,cifar10,0.5,514,1.0,200.0,189.0,0.945,0.26712791685996895,0.28267504429626344
cifar10_proser_fedavg__split04__seed2__d0.5,cifar10,0.5,1028,1.0,200.0,200.0,1.0,0.35415251668027176,0.35415251668027176
cifar10_proser_fedavg__split04__seed2__d5.0,cifar10,5.0,128,1.0,200.0,2.0,0.01,0.0018284024326384815,0.18284024326384815
cifar10_proser_fedavg__split04__seed2__d5.0,cifar10,5.0,256,1.0,200.0,115.0,0.575,0.14586496486376707,0.2536781997630732
cifar10_proser_fedavg__split04__seed2__d5.0,cifar10,5.0,514,1.0,200.0,200.0,1.0,0.3445083054017934,0.3445083054017934
cifar10_proser_fedavg__split04__seed2__d5.0,cifar10,5.0,1028,1.0,200.0,200.0,1.0,0.39910130254608944,0.39910130254608944
cifar10_proser_fedavg__split04__seed3__d0.1,cifar10,0.1,128,1.0,200.0,0.0,0.0,0.0,
cifar10_proser_fedavg__split04__seed3__d0.1,cifar10,0.1,256,1.0,200.0,0.0,0.0,0.0,
cifar10_proser_fedavg__split04__seed3__d0.1,cifar10,0.1,514,1.0,200.0,8.0,0.04,0.002032109697195302,0.050802742429882544
cifar10_proser_fedavg__split04__seed3__d0.1,cifar10,0.1,1028,1.0,200.0,142.0,0.71,0.04510965165220987,0.06353472063691532
cifar10_proser_fedavg__split04__seed3__d0.5,cifar10,0.5,128,1.0,200.0,1.0,0.005,0.00091410585078992,0.182821170157984
cifar10_proser_fedavg__split04__seed3__d0.5,cifar10,0.5,256,1.0,200.0,38.0,0.19,0.04201903820016393,0.22115283263244176
cifar10_proser_fedavg__split04__seed3__d0.5,cifar10,0.5,514,1.0,200.0,187.0,0.935,0.2679498551364604,0.28657738517268494
cifar10_proser_fedavg__split04__seed3__d0.5,cifar10,0.5,1028,1.0,200.0,200.0,1.0,0.36267221723901977,0.36267221723901977
cifar10_proser_fedavg__split04__seed3__d5.0,cifar10,5.0,128,1.0,200.0,2.0,0.01,0.0018955372567019035,0.18955372567019035
cifar10_proser_fedavg__split04__seed3__d5.0,cifar10,5.0,256,1.0,200.0,105.0,0.525,0.1315612180315319,0.25059279625053693
cifar10_proser_fedavg__split04__seed3__d5.0,cifar10,5.0,514,1.0,200.0,199.0,0.995,0.3294636279781301,0.3311192240986232
cifar10_proser_fedavg__split04__seed3__d5.0,cifar10,5.0,1028,1.0,200.0,200.0,1.0,0.4238144363439642,0.4238144363439642
cifar10_proser_fedavg__split04__seed4__d0.1,cifar10,0.1,128,1.0,200.0,0.0,0.0,0.0,
cifar10_proser_fedavg__split04__seed4__d0.1,cifar10,0.1,256,1.0,200.0,0.0,0.0,0.0,
cifar10_proser_fedavg__split04__seed4__d0.1,cifar10,0.1,514,1.0,200.0,0.0,0.0,0.0,
cifar10_proser_fedavg__split04__seed4__d0.1,cifar10,0.1,1028,1.0,200.0,0.0,0.0,0.0,
cifar10_proser_fedavg__split04__seed4__d0.5,cifar10,0.5,128,1.0,200.0,0.0,0.0,0.0,
cifar10_proser_fedavg__split04__seed4__d0.5,cifar10,0.5,256,1.0,200.0,11.0,0.055,0.0051674724558268895,0.09395404465139796
cifar10_proser_fedavg__split04__seed4__d0.5,cifar10,0.5,514,1.0,200.0,159.0,0.795,0.0949605746245631,0.11944726367869571
cifar10_proser_fedavg__split04__seed4__d0.5,cifar10,0.5,1028,1.0,200.0,199.0,0.995,0.17253024839363945,0.17339723456647177
cifar10_proser_fedavg__split04__seed4__d5.0,cifar10,5.0,128,1.0,200.0,1.0,0.005,0.0008153993931450782,0.16307987862901563
cifar10_proser_fedavg__split04__seed4__d5.0,cifar10,5.0,256,1.0,200.0,102.0,0.51,0.10138380287929163,0.19879177035155224
cifar10_proser_fedavg__split04__seed4__d5.0,cifar10,5.0,514,1.0,200.0,197.0,0.985,0.24501602511361034,0.24874723361787854
cifar10_proser_fedavg__split04__seed4__d5.0,cifar10,5.0,1028,1.0,200.0,200.0,1.0,0.32263770508920514,0.32263770508920514
cifar10_proser_fedavg__split05__seed0__d0.1,cifar10,0.1,128,1.0,200.0,0.0,0.0,0.0,
cifar10_proser_fedavg__split05__seed0__d0.1,cifar10,0.1,256,1.0,200.0,0.0,0.0,0.0,
cifar10_proser_fedavg__split05__seed0__d0.1,cifar10,0.1,514,1.0,200.0,0.0,0.0,0.0,
cifar10_proser_fedavg__split05__seed0__d0.1,cifar10,0.1,1028,1.0,200.0,0.0,0.0,0.0,
cifar10_proser_fedavg__split05__seed0__d0.5,cifar10,0.5,128,1.0,200.0,0.0,0.0,0.0,
cifar10_proser_fedavg__split05__seed0__d0.5,cifar10,0.5,256,1.0,200.0,0.0,0.0,0.0,
cifar10_proser_fedavg__split05__seed0__d0.5,cifar10,0.5,514,1.0,200.0,1.0,0.005,0.0002731458105468949,0.05462916210937897
cifar10_proser_fedavg__split05__seed0__d0.5,cifar10,0.5,1028,1.0,200.0,36.0,0.18,0.01481269597369836,0.08229275540943533
cifar10_proser_fedavg__split05__seed0__d5.0,cifar10,5.0,128,1.0,200.0,10.0,0.05,0.01354907584117135,0.27098151682342697
cifar10_proser_fedavg__split05__seed0__d5.0,cifar10,5.0,256,1.0,200.0,148.0,0.74,0.24050703849043592,0.325009511473562
cifar10_proser_fedavg__split05__seed0__d5.0,cifar10,5.0,514,1.0,200.0,200.0,1.0,0.41172387142993677,0.41172387142993677
cifar10_proser_fedavg__split05__seed0__d5.0,cifar10,5.0,1028,1.0,200.0,200.0,1.0,0.4719805123954356,0.4719805123954356
cifar10_proser_fedavg__split05__seed1__d0.1,cifar10,0.1,128,1.0,200.0,0.0,0.0,0.0,
cifar10_proser_fedavg__split05__seed1__d0.1,cifar10,0.1,256,1.0,200.0,0.0,0.0,0.0,
cifar10_proser_fedavg__split05__seed1__d0.1,cifar10,0.1,514,1.0,200.0,78.0,0.39,0.03406694081566353,0.08735113029657314
cifar10_proser_fedavg__split05__seed1__d0.1,cifar10,0.1,1028,1.0,200.0,193.0,0.965,0.12285516070657934,0.1273110473643309
cifar10_proser_fedavg__split05__seed1__d0.5,cifar10,0.5,128,1.0,200.0,9.0,0.045,0.010295991634035441,0.22879981408967648
cifar10_proser_fedavg__split05__seed1__d0.5,cifar10,0.5,256,1.0,200.0,138.0,0.69,0.18690233013230226,0.27087294222072794
cifar10_proser_fedavg__split05__seed1__d0.5,cifar10,0.5,514,1.0,200.0,199.0,0.995,0.35599345113565917,0.3577823629504112
cifar10_proser_fedavg__split05__seed1__d0.5,cifar10,0.5,1028,1.0,200.0,200.0,1.0,0.4268066928703514,0.4268066928703514
cifar10_proser_fedavg__split05__seed1__d5.0,cifar10,5.0,128,1.0,200.0,0.0,0.0,0.0,
cifar10_proser_fedavg__split05__seed1__d5.0,cifar10,5.0,256,1.0,200.0,50.0,0.25,0.05442646370862951,0.21770585483451804
cifar10_proser_fedavg__split05__seed1__d5.0,cifar10,5.0,514,1.0,200.0,187.0,0.935,0.27967207093979396,0.2991145143741112
cifar10_proser_fedavg__split05__seed1__d5.0,cifar10,5.0,1028,1.0,200.0,199.0,0.995,0.38396065935181567,0.3858901099013223
cifar10_proser_fedavg__split05__seed2__d0.1,cifar10,0.1,128,1.0,200.0,0.0,0.0,0.0,
cifar10_proser_fedavg__split05__seed2__d0.1,cifar10,0.1,256,1.0,200.0,0.0,0.0,0.0,
cifar10_proser_fedavg__split05__seed2__d0.1,cifar10,0.1,514,1.0,200.0,6.0,0.03,0.0013911406074386611,0.04637135358128871
cifar10_proser_fedavg__split05__seed2__d0.1,cifar10,0.1,1028,1.0,200.0,157.0,0.785,0.05346345082667062,0.06810630678556767
cifar10_proser_fedavg__split05__seed2__d0.5,cifar10,0.5,128,1.0,200.0,19.0,0.095,0.020753738189941088,0.21846040199937988
cifar10_proser_fedavg__split05__seed2__d0.5,cifar10,0.5,256,1.0,200.0,168.0,0.84,0.224958356846913,0.2678075676748964
cifar10_proser_fedavg__split05__seed2__d0.5,cifar10,0.5,514,1.0,200.0,200.0,1.0,0.3603070164054924,0.3603070164054924
cifar10_proser_fedavg__split05__seed2__d0.5,cifar10,0.5,1028,1.0,200.0,200.0,1.0,0.44074191187690964,0.44074191187690964
cifar10_proser_fedavg__split05__seed2__d5.0,cifar10,5.0,128,1.0,200.0,31.0,0.155,0.03582556914110445,0.23113270413615777
cifar10_proser_fedavg__split05__seed2__d5.0,cifar10,5.0,256,1.0,200.0,176.0,0.88,0.2745211378143203,0.311955838425364
cifar10_proser_fedavg__split05__seed2__d5.0,cifar10,5.0,514,1.0,200.0,199.0,0.995,0.41014689118816294,0.4122079308423748
cifar10_proser_fedavg__split05__seed2__d5.0,cifar10,5.0,1028,1.0,200.0,200.0,1.0,0.4720939755178539,0.4720939755178539
cifar10_proser_fedavg__split05__seed3__d0.1,cifar10,0.1,128,1.0,200.0,0.0,0.0,0.0,
cifar10_proser_fedavg__split05__seed3__d0.1,cifar10,0.1,256,1.0,200.0,43.0,0.215,0.029248539802748948,0.13603972001278583
cifar10_proser_fedavg__split05__seed3__d0.1,cifar10,0.1,514,1.0,200.0,199.0,0.995,0.1654668187587661,0.16629831031031767
cifar10_proser_fedavg__split05__seed3__d0.1,cifar10,0.1,1028,1.0,200.0,200.0,1.0,0.20156500426586585,0.20156500426586585
cifar10_proser_fedavg__split05__seed3__d0.5,cifar10,0.5,128,1.0,200.0,9.0,0.045,0.008531419959477829,0.18958711021061841
cifar10_proser_fedavg__split05__seed3__d0.5,cifar10,0.5,256,1.0,200.0,160.0,0.8,0.2007938017037063,0.2509922521296329
cifar10_proser_fedavg__split05__seed3__d0.5,cifar10,0.5,514,1.0,200.0,200.0,1.0,0.34117111447979,0.34117111447979
cifar10_proser_fedavg__split05__seed3__d0.5,cifar10,0.5,1028,1.0,200.0,200.0,1.0,0.4241434392768605,0.4241434392768605
cifar10_proser_fedavg__split05__seed3__d5.0,cifar10,5.0,128,1.0,200.0,0.0,0.0,0.0,
cifar10_proser_fedavg__split05__seed3__d5.0,cifar10,5.0,256,1.0,200.0,71.0,0.355,0.07800462207707745,0.21973132979458437
cifar10_proser_fedavg__split05__seed3__d5.0,cifar10,5.0,514,1.0,200.0,192.0,0.96,0.2894533989740783,0.30151395726466484
cifar10_proser_fedavg__split05__seed3__d5.0,cifar10,5.0,1028,1.0,200.0,200.0,1.0,0.40960999364956124,0.40960999364956124
cifar10_proser_fedavg__split05__seed4__d0.1,cifar10,0.1,128,1.0,200.0,0.0,0.0,0.0,
cifar10_proser_fedavg__split05__seed4__d0.1,cifar10,0.1,256,1.0,200.0,0.0,0.0,0.0,
cifar10_proser_fedavg__split05__seed4__d0.1,cifar10,0.1,514,1.0,200.0,0.0,0.0,0.0,
cifar10_proser_fedavg__split05__seed4__d0.1,cifar10,0.1,1028,1.0,200.0,29.0,0.145,0.0041682201678102625,0.02874634598489836
cifar10_proser_fedavg__split05__seed4__d0.5,cifar10,0.5,128,1.0,200.0,1.0,0.005,0.0010483671756745514,0.2096734351349103
cifar10_proser_fedavg__split05__seed4__d0.5,cifar10,0.5,256,1.0,200.0,112.0,0.56,0.12644256375088797,0.22579029241229992
cifar10_proser_fedavg__split05__seed4__d0.5,cifar10,0.5,514,1.0,200.0,197.0,0.985,0.28815874348134934,0.29254694769680145
cifar10_proser_fedavg__split05__seed4__d0.5,cifar10,0.5,1028,1.0,200.0,200.0,1.0,0.35052897377555325,0.35052897377555325
cifar10_proser_fedavg__split05__seed4__d5.0,cifar10,5.0,128,1.0,200.0,0.0,0.0,0.0,
cifar10_proser_fedavg__split05__seed4__d5.0,cifar10,5.0,256,1.0,200.0,67.0,0.335,0.06835865720844982,0.20405569315955172
cifar10_proser_fedavg__split05__seed4__d5.0,cifar10,5.0,514,1.0,200.0,195.0,0.975,0.2792414657831151,0.2864015033672975
cifar10_proser_fedavg__split05__seed4__d5.0,cifar10,5.0,1028,1.0,200.0,200.0,1.0,0.39139275971937193,0.39139275971937193
cifar10_proser_fedavg__split06__seed0__d0.1,cifar10,0.1,128,1.0,200.0,0.0,0.0,0.0,
cifar10_proser_fedavg__split06__seed0__d0.1,cifar10,0.1,256,1.0,200.0,0.0,0.0,0.0,
cifar10_proser_fedavg__split06__seed0__d0.1,cifar10,0.1,514,1.0,200.0,0.0,0.0,0.0,
cifar10_proser_fedavg__split06__seed0__d0.1,cifar10,0.1,1028,1.0,200.0,0.0,0.0,0.0,
cifar10_proser_fedavg__split06__seed0__d0.5,cifar10,0.5,128,1.0,200.0,0.0,0.0,0.0,
cifar10_proser_fedavg__split06__seed0__d0.5,cifar10,0.5,256,1.0,200.0,4.0,0.02,0.002098860272359774,0.1049430136179887
cifar10_proser_fedavg__split06__seed0__d0.5,cifar10,0.5,514,1.0,200.0,74.0,0.37,0.0806586594765932,0.21799637696376542
cifar10_proser_fedavg__split06__seed0__d0.5,cifar10,0.5,1028,1.0,200.0,199.0,0.995,0.3538451080024076,0.3556232241230228
cifar10_proser_fedavg__split06__seed0__d5.0,cifar10,5.0,128,1.0,200.0,2.0,0.01,0.0018284024326384815,0.18284024326384815
cifar10_proser_fedavg__split06__seed0__d5.0,cifar10,5.0,256,1.0,200.0,53.0,0.265,0.06165480121301856,0.23265962721893801
cifar10_proser_fedavg__split06__seed0__d5.0,cifar10,5.0,514,1.0,200.0,186.0,0.93,0.3304318130754536,0.3553030248123158
cifar10_proser_fedavg__split06__seed0__d5.0,cifar10,5.0,1028,1.0,200.0,200.0,1.0,0.45678243708186,0.45678243708186
cifar10_proser_fedavg__split06__seed1__d0.1,cifar10,0.1,128,1.0,200.0,0.0,0.0,0.0,
cifar10_proser_fedavg__split06__seed1__d0.1,cifar10,0.1,256,1.0,200.0,1.0,0.005,0.0007059098224731115,0.1411819644946223
cifar10_proser_fedavg__split06__seed1__d0.1,cifar10,0.1,514,1.0,200.0,68.0,0.34,0.06728355853688382,0.19789281922612895
cifar10_proser_fedavg__split06__seed1__d0.1,cifar10,0.1,1028,1.0,200.0,194.0,0.97,0.24061719280200833,0.24805896165155497
cifar10_proser_fedavg__split06__seed1__d0.5,cifar10,0.5,128,1.0,200.0,0.0,0.0,0.0,
cifar10_proser_fedavg__split06__seed1__d0.5,cifar10,0.5,256,1.0,200.0,45.0,0.225,0.048949519472953576,0.2175534198797937
cifar10_proser_fedavg__split06__seed1__d0.5,cifar10,0.5,514,1.0,200.0,182.0,0.91,0.29158718464301114,0.32042547762968265
cifar10_proser_fedavg__split06__seed1__d0.5,cifar10,0.5,1028,1.0,200.0,200.0,1.0,0.4098821087568642,0.4098821087568642
cifar10_proser_fedavg__split06__seed1__d5.0,cifar10,5.0,128,1.0,200.0,6.0,0.03,0.006647803533485701,0.22159345111619008
cifar10_proser_fedavg__split06__seed1__d5.0,cifar10,5.0,256,1.0,200.0,105.0,0.525,0.1391823565838729,0.26510925063594837
cifar10_proser_fedavg__split06__seed1__d5.0,cifar10,5.0,514,1.0,200.0,200.0,1.0,0.3868700985661447,0.3868700985661447
cifar10_proser_fedavg__split06__seed1__d5.0,cifar10,5.0,1028,1.0,200.0,200.0,1.0,0.48383954422881414,0.48383954422881414
cifar10_proser_fedavg__split06__seed2__d0.1,cifar10,0.1,128,1.0,200.0,0.0,0.0,0.0,
cifar10_proser_fedavg__split06__seed2__d0.1,cifar10,0.1,256,1.0,200.0,0.0,0.0,0.0,
cifar10_proser_fedavg__split06__seed2__d0.1,cifar10,0.1,514,1.0,200.0,0.0,0.0,0.0,
cifar10_proser_fedavg__split06__seed2__d0.1,cifar10,0.1,1028,1.0,200.0,0.0,0.0,0.0,
cifar10_proser_fedavg__split06__seed2__d0.5,cifar10,0.5,128,1.0,200.0,0.0,0.0,0.0,
cifar10_proser_fedavg__split06__seed2__d0.5,cifar10,0.5,256,1.0,200.0,1.0,0.005,0.0007059098224731115,0.1411819644946223
cifar10_proser_fedavg__split06__seed2__d0.5,cifar10,0.5,514,1.0,200.0,120.0,0.6,0.146385640313793,0.243976067189655
cifar10_proser_fedavg__split06__seed2__d0.5,cifar10,0.5,1028,1.0,200.0,199.0,0.995,0.33657559395868075,0.3382669286016892
cifar10_proser_fedavg__split06__seed2__d5.0,cifar10,5.0,128,1.0,200.0,2.0,0.01,0.0018949787092519671,0.1894978709251967
cifar10_proser_fedavg__split06__seed2__d5.0,cifar10,5.0,256,1.0,200.0,72.0,0.36,0.09985454488220037,0.27737373578388996
cifar10_proser_fedavg__split06__seed2__d5.0,cifar10,5.0,514,1.0,200.0,198.0,0.99,0.371704889255377,0.3754594840963404
cifar10_proser_fedavg__split06__seed2__d5.0,cifar10,5.0,1028,1.0,200.0,200.0,1.0,0.4554758592428748,0.4554758592428748
cifar10_proser_fedavg__split06__seed3__d0.1,cifar10,0.1,128,1.0,200.0,0.0,0.0,0.0,
cifar10_proser_fedavg__split06__seed3__d0.1,cifar10,0.1,256,1.0,200.0,0.0,0.0,0.0,
cifar10_proser_fedavg__split06__seed3__d0.1,cifar10,0.1,514,1.0,200.0,0.0,0.0,0.0,
cifar10_proser_fedavg__split06__seed3__d0.1,cifar10,0.1,1028,1.0,200.0,3.0,0.015,0.002942585206189609,0.1961723470793073
cifar10_proser_fedavg__split06__seed3__d0.5,cifar10,0.5,128,1.0,200.0,1.0,0.005,0.001684639412137564,0.3369278824275128
cifar10_proser_fedavg__split06__seed3__d0.5,cifar10,0.5,256,1.0,200.0,36.0,0.18,0.04488890403631185,0.24938280020173245
cifar10_proser_fedavg__split06__seed3__d0.5,cifar10,0.5,514,1.0,200.0,184.0,0.92,0.30419792954101066,0.33064992341414207
cifar10_proser_fedavg__split06__seed3__d0.5,cifar10,0.5,1028,1.0,200.0,200.0,1.0,0.4745762175452387,0.4745762175452387
cifar10_proser_fedavg__split06__seed3__d5.0,cifar10,5.0,128,1.0,200.0,0.0,0.0,0.0,
cifar10_proser_fedavg__split06__seed3__d5.0,cifar10,5.0,256,1.0,200.0,0.0,0.0,0.0,
cifar10_proser_fedavg__split06__seed3__d5.0,cifar10,5.0,514,1.0,200.0,64.0,0.32,0.07708698891976949,0.24089684037427966
cifar10_proser_fedavg__split06__seed3__d5.0,cifar10,5.0,1028,1.0,200.0,194.0,0.97,0.3124232696576349,0.3220858450078711
cifar10_proser_fedavg__split06__seed4__d0.1,cifar10,0.1,128,1.0,200.0,0.0,0.0,0.0,
cifar10_proser_fedavg__split06__seed4__d0.1,cifar10,0.1,256,1.0,200.0,0.0,0.0,0.0,
cifar10_proser_fedavg__split06__seed4__d0.1,cifar10,0.1,514,1.0,200.0,0.0,0.0,0.0,
cifar10_proser_fedavg__split06__seed4__d0.1,cifar10,0.1,1028,1.0,200.0,16.0,0.08,0.002246481094444538,0.028081013680556717
cifar10_proser_fedavg__split06__seed4__d0.5,cifar10,0.5,128,1.0,200.0,0.0,0.0,0.0,
cifar10_proser_fedavg__split06__seed4__d0.5,cifar10,0.5,256,1.0,200.0,0.0,0.0,0.0,
cifar10_proser_fedavg__split06__seed4__d0.5,cifar10,0.5,514,1.0,200.0,0.0,0.0,0.0,
cifar10_proser_fedavg__split06__seed4__d0.5,cifar10,0.5,1028,1.0,200.0,50.0,0.25,0.016735530702261442,0.06694212280904578
cifar10_proser_fedavg__split06__seed4__d5.0,cifar10,5.0,128,1.0,200.0,1.0,0.005,0.0012200925472734803,0.24401850945469608
cifar10_proser_fedavg__split06__seed4__d5.0,cifar10,5.0,256,1.0,200.0,1.0,0.005,0.00039688406996799165,0.07937681399359833
cifar10_proser_fedavg__split06__seed4__d5.0,cifar10,5.0,514,1.0,200.0,92.0,0.46,0.0935839777981472,0.20344342999597217
cifar10_proser_fedavg__split06__seed4__d5.0,cifar10,5.0,1028,1.0,200.0,193.0,0.965,0.28528690648099475,0.2956340999803055
cifar10_proser_fedavg__split07__seed0__d0.1,cifar10,0.1,128,1.0,200.0,0.0,0.0,0.0,
cifar10_proser_fedavg__split07__seed0__d0.1,cifar10,0.1,256,1.0,200.0,0.0,0.0,0.0,
cifar10_proser_fedavg__split07__seed0__d0.1,cifar10,0.1,514,1.0,200.0,0.0,0.0,0.0,
cifar10_proser_fedavg__split07__seed0__d0.1,cifar10,0.1,1028,1.0,200.0,0.0,0.0,0.0,
cifar10_proser_fedavg__split07__seed0__d0.5,cifar10,0.5,128,1.0,200.0,0.0,0.0,0.0,
cifar10_proser_fedavg__split07__seed0__d0.5,cifar10,0.5,256,1.0,200.0,0.0,0.0,0.0,
cifar10_proser_fedavg__split07__seed0__d0.5,cifar10,0.5,514,1.0,200.0,2.0,0.01,0.0008575908833717488,0.08575908833717488
cifar10_proser_fedavg__split07__seed0__d0.5,cifar10,0.5,1028,1.0,200.0,84.0,0.42,0.049958765502287915,0.11894944167211408
cifar10_proser_fedavg__split07__seed0__d5.0,cifar10,5.0,128,1.0,200.0,0.0,0.0,0.0,
cifar10_proser_fedavg__split07__seed0__d5.0,cifar10,5.0,256,1.0,200.0,0.0,0.0,0.0,
cifar10_proser_fedavg__split07__seed0__d5.0,cifar10,5.0,514,1.0,200.0,7.0,0.035,0.003342572742756814,0.09550207836448041
cifar10_proser_fedavg__split07__seed0__d5.0,cifar10,5.0,1028,1.0,200.0,114.0,0.57,0.055213186268296736,0.09686523906718725
cifar10_proser_fedavg__split07__seed1__d0.1,cifar10,0.1,128,1.0,200.0,0.0,0.0,0.0,
cifar10_proser_fedavg__split07__seed1__d0.1,cifar10,0.1,256,1.0,200.0,0.0,0.0,0.0,
cifar10_proser_fedavg__split07__seed1__d0.1,cifar10,0.1,514,1.0,200.0,0.0,0.0,0.0,
cifar10_proser_fedavg__split07__seed1__d0.1,cifar10,0.1,1028,1.0,200.0,19.0,0.095,0.005750332060224719,0.0605298111602602
cifar10_proser_fedavg__split07__seed1__d0.5,cifar10,0.5,128,1.0,200.0,0.0,0.0,0.0,
cifar10_proser_fedavg__split07__seed1__d0.5,cifar10,0.5,256,1.0,200.0,0.0,0.0,0.0,
cifar10_proser_fedavg__split07__seed1__d0.5,cifar10,0.5,514,1.0,200.0,2.0,0.01,0.0005522945962868988,0.055229459628689886
cifar10_proser_fedavg__split07__seed1__d0.5,cifar10,0.5,1028,1.0,200.0,86.0,0.43,0.04440313641424758,0.10326310794011066
cifar10_proser_fedavg__split07__seed1__d5.0,cifar10,5.0,128,1.0,200.0,0.0,0.0,0.0,
cifar10_proser_fedavg__split07__seed1__d5.0,cifar10,5.0,256,1.0,200.0,0.0,0.0,0.0,
cifar10_proser_fedavg__split07__seed1__d5.0,cifar10,5.0,514,1.0,200.0,3.0,0.015,0.002470278971488909,0.16468526476592726
cifar10_proser_fedavg__split07__seed1__d5.0,cifar10,5.0,1028,1.0,200.0,64.0,0.32,0.059398686520650494,0.1856208953770328
cifar10_proser_fedavg__split07__seed2__d0.1,cifar10,0.1,128,1.0,200.0,0.0,0.0,0.0,
cifar10_proser_fedavg__split07__seed2__d0.1,cifar10,0.1,256,1.0,200.0,0.0,0.0,0.0,
cifar10_proser_fedavg__split07__seed2__d0.1,cifar10,0.1,514,1.0,200.0,0.0,0.0,0.0,
cifar10_proser_fedavg__split07__seed2__d0.1,cifar10,0.1,1028,1.0,200.0,0.0,0.0,0.0,
cifar10_proser_fedavg__split07__seed2__d0.5,cifar10,0.5,128,1.0,200.0,0.0,0.0,0.0,
cifar10_proser_fedavg__split07__seed2__d0.5,cifar10,0.5,256,1.0,200.0,0.0,0.0,0.0,
cifar10_proser_fedavg__split07__seed2__d0.5,cifar10,0.5,514,1.0,200.0,15.0,0.075,0.011351115446084805,0.1513482059477974
cifar10_proser_fedavg__split07__seed2__d0.5,cifar10,0.5,1028,1.0,200.0,135.0,0.675,0.12504624940261594,0.18525370281869027
cifar10_proser_fedavg__split07__seed2__d5.0,cifar10,5.0,128,1.0,200.0,0.0,0.0,0.0,
cifar10_proser_fedavg__split07__seed2__d5.0,cifar10,5.0,256,1.0,200.0,0.0,0.0,0.0,
cifar10_proser_fedavg__split07__seed2__d5.0,cifar10,5.0,514,1.0,200.0,2.0,0.01,0.0023932325459149932,0.23932325459149933
cifar10_proser_fedavg__split07__seed2__d5.0,cifar10,5.0,1028,1.0,200.0,95.0,0.475,0.08555288979990296,0.18011134694716416
cifar10_proser_fedavg__split07__seed3__d0.1,cifar10,0.1,128,1.0,200.0,0.0,0.0,0.0,
cifar10_proser_fedavg__split07__seed3__d0.1,cifar10,0.1,256,1.0,200.0,0.0,0.0,0.0,
cifar10_proser_fedavg__split07__seed3__d0.1,cifar10,0.1,514,1.0,200.0,0.0,0.0,0.0,
cifar10_proser_fedavg__split07__seed3__d0.1,cifar10,0.1,1028,1.0,200.0,0.0,0.0,0.0,
cifar10_proser_fedavg__split07__seed3__d0.5,cifar10,0.5,128,1.0,200.0,0.0,0.0,0.0,
cifar10_proser_fedavg__split07__seed3__d0.5,cifar10,0.5,256,1.0,200.0,0.0,0.0,0.0,
cifar10_proser_fedavg__split07__seed3__d0.5,cifar10,0.5,514,1.0,200.0,0.0,0.0,0.0,
cifar10_proser_fedavg__split07__seed3__d0.5,cifar10,0.5,1028,1.0,200.0,0.0,0.0,0.0,
cifar10_proser_fedavg__split07__seed3__d5.0,cifar10,5.0,128,1.0,200.0,0.0,0.0,0.0,
cifar10_proser_fedavg__split07__seed3__d5.0,cifar10,5.0,256,1.0,200.0,0.0,0.0,0.0,
cifar10_proser_fedavg__split07__seed3__d5.0,cifar10,5.0,514,1.0,200.0,0.0,0.0,0.0,
cifar10_proser_fedavg__split07__seed3__d5.0,cifar10,5.0,1028,1.0,200.0,9.0,0.045,0.001494986441081222,0.03322192091291604
cifar10_proser_fedavg__split07__seed4__d0.1,cifar10,0.1,128,1.0,200.0,0.0,0.0,0.0,
cifar10_proser_fedavg__split07__seed4__d0.1,cifar10,0.1,256,1.0,200.0,0.0,0.0,0.0,
cifar10_proser_fedavg__split07__seed4__d0.1,cifar10,0.1,514,1.0,200.0,0.0,0.0,0.0,
cifar10_proser_fedavg__split07__seed4__d0.1,cifar10,0.1,1028,1.0,200.0,0.0,0.0,0.0,
cifar10_proser_fedavg__split07__seed4__d0.5,cifar10,0.5,128,1.0,200.0,0.0,0.0,0.0,
cifar10_proser_fedavg__split07__seed4__d0.5,cifar10,0.5,256,1.0,200.0,0.0,0.0,0.0,
cifar10_proser_fedavg__split07__seed4__d0.5,cifar10,0.5,514,1.0,200.0,0.0,0.0,0.0,
cifar10_proser_fedavg__split07__seed4__d0.5,cifar10,0.5,1028,1.0,200.0,0.0,0.0,0.0,
cifar10_proser_fedavg__split07__seed4__d5.0,cifar10,5.0,128,1.0,200.0,0.0,0.0,0.0,
cifar10_proser_fedavg__split07__seed4__d5.0,cifar10,5.0,256,1.0,200.0,0.0,0.0,0.0,
cifar10_proser_fedavg__split07__seed4__d5.0,cifar10,5.0,514,1.0,200.0,0.0,0.0,0.0,
cifar10_proser_fedavg__split07__seed4__d5.0,cifar10,5.0,1028,1.0,200.0,18.0,0.09,0.0036050392329125586,0.0400559914768062
cifar10_proser_fedavg__split08__seed0__d0.1,cifar10,0.1,128,1.0,200.0,0.0,0.0,0.0,
cifar10_proser_fedavg__split08__seed0__d0.1,cifar10,0.1,256,1.0,200.0,0.0,0.0,0.0,
cifar10_proser_fedavg__split08__seed0__d0.1,cifar10,0.1,514,1.0,200.0,0.0,0.0,0.0,
cifar10_proser_fedavg__split08__seed0__d0.1,cifar10,0.1,1028,1.0,200.0,0.0,0.0,0.0,
cifar10_proser_fedavg__split08__seed0__d0.5,cifar10,0.5,128,1.0,200.0,0.0,0.0,0.0,
cifar10_proser_fedavg__split08__seed0__d0.5,cifar10,0.5,256,1.0,200.0,0.0,0.0,0.0,
cifar10_proser_fedavg__split08__seed0__d0.5,cifar10,0.5,514,1.0,200.0,1.0,0.005,0.00015752023768923466,0.031504047537846934
cifar10_proser_fedavg__split08__seed0__d0.5,cifar10,0.5,1028,1.0,200.0,105.0,0.525,0.028126672733791196,0.05357461473103084
cifar10_proser_fedavg__split08__seed0__d5.0,cifar10,5.0,128,1.0,200.0,0.0,0.0,0.0,
cifar10_proser_fedavg__split08__seed0__d5.0,cifar10,5.0,256,1.0,200.0,0.0,0.0,0.0,
cifar10_proser_fedavg__split08__seed0__d5.0,cifar10,5.0,514,1.0,200.0,1.0,0.005,0.0004613404561345608,0.09226809122691217
cifar10_proser_fedavg__split08__seed0__d5.0,cifar10,5.0,1028,1.0,200.0,57.0,0.285,0.02957147459116536,0.10375955996900127
cifar10_proser_fedavg__split08__seed1__d0.1,cifar10,0.1,128,1.0,200.0,0.0,0.0,0.0,
cifar10_proser_fedavg__split08__seed1__d0.1,cifar10,0.1,256,1.0,200.0,0.0,0.0,0.0,
cifar10_proser_fedavg__split08__seed1__d0.1,cifar10,0.1,514,1.0,200.0,1.0,0.005,0.0002810992431184137,0.05621984862368274
cifar10_proser_fedavg__split08__seed1__d0.1,cifar10,0.1,1028,1.0,200.0,39.0,0.195,0.011195835032647476,0.05741453862896142
cifar10_proser_fedavg__split08__seed1__d0.5,cifar10,0.5,128,1.0,200.0,0.0,0.0,0.0,
cifar10_proser_fedavg__split08__seed1__d0.5,cifar10,0.5,256,1.0,200.0,0.0,0.0,0.0,
cifar10_proser_fedavg__split08__seed1__d0.5,cifar10,0.5,514,1.0,200.0,0.0,0.0,0.0,
cifar10_proser_fedavg__split08__seed1__d0.5,cifar10,0.5,1028,1.0,200.0,5.0,0.025,0.0014222434699745123,0.056889738798980495
cifar10_proser_fedavg__split08__seed1__d5.0,cifar10,5.0,128,1.0,200.0,0.0,0.0,0.0,
cifar10_proser_fedavg__split08__seed1__d5.0,cifar10,5.0,256,1.0,200.0,0.0,0.0,0.0,
cifar10_proser_fedavg__split08__seed1__d5.0,cifar10,5.0,514,1.0,200.0,1.0,0.005,0.0004781342543832815,0.0956268508766563
cifar10_proser_fedavg__split08__seed1__d5.0,cifar10,5.0,1028,1.0,200.0,20.0,0.1,0.00984004616369202,0.09840046163692019
cifar10_proser_fedavg__split08__seed2__d0.1,cifar10,0.1,128,1.0,200.0,0.0,0.0,0.0,
cifar10_proser_fedavg__split08__seed2__d0.1,cifar10,0.1,256,1.0,200.0,0.0,0.0,0.0,
cifar10_proser_fedavg__split08__seed2__d0.1,cifar10,0.1,514,1.0,200.0,0.0,0.0,0.0,
cifar10_proser_fedavg__split08__seed2__d0.1,cifar10,0.1,1028,1.0,200.0,1.0,0.005,0.0003122640391726717,0.06245280783453434
cifar10_proser_fedavg__split08__seed2__d0.5,cifar10,0.5,128,1.0,200.0,0.0,0.0,0.0,
cifar10_proser_fedavg__split08__seed2__d0.5,cifar10,0.5,256,1.0,200.0,0.0,0.0,0.0,
cifar10_proser_fedavg__split08__seed2__d0.5,cifar10,0.5,514,1.0,200.0,3.0,0.015,0.0009431775141343225,0.06287850094228817
cifar10_proser_fedavg__split08__seed2__d0.5,cifar10,0.5,1028,1.0,200.0,90.0,0.45,0.05027700061309513,0.11172666802910029
cifar10_proser_fedavg__split08__seed2__d5.0,cifar10,5.0,128,1.0,200.0,0.0,0.0,0.0,
cifar10_proser_fedavg__split08__seed2__d5.0,cifar10,5.0,256,1.0,200.0,0.0,0.0,0.0,
cifar10_proser_fedavg__split08__seed2__d5.0,cifar10,5.0,514,1.0,200.0,0.0,0.0,0.0,
cifar10_proser_fedavg__split08__seed2__d5.0,cifar10,5.0,1028,1.0,200.0,0.0,0.0,0.0,
cifar10_proser_fedavg__split08__seed3__d0.1,cifar10,0.1,128,1.0,200.0,0.0,0.0,0.0,
cifar10_proser_fedavg__split08__seed3__d0.1,cifar10,0.1,256,1.0,200.0,0.0,0.0,0.0,
cifar10_proser_fedavg__split08__seed3__d0.1,cifar10,0.1,514,1.0,200.0,0.0,0.0,0.0,
cifar10_proser_fedavg__split08__seed3__d0.1,cifar10,0.1,1028,1.0,200.0,5.0,0.025,0.001114157230006755,0.04456628920027019
cifar10_proser_fedavg__split08__seed3__d0.5,cifar10,0.5,128,1.0,200.0,0.0,0.0,0.0,
cifar10_proser_fedavg__split08__seed3__d0.5,cifar10,0.5,256,1.0,200.0,0.0,0.0,0.0,
cifar10_proser_fedavg__split08__seed3__d0.5,cifar10,0.5,514,1.0,200.0,1.0,0.005,0.0004949843315098878,0.09899686630197756
cifar10_proser_fedavg__split08__seed3__d0.5,cifar10,0.5,1028,1.0,200.0,79.0,0.395,0.05372848650143469,0.13602148481375873
cifar10_proser_fedavg__split08__seed3__d5.0,cifar10,5.0,128,1.0,200.0,0.0,0.0,0.0,
cifar10_proser_fedavg__split08__seed3__d5.0,cifar10,5.0,256,1.0,200.0,0.0,0.0,0.0,
cifar10_proser_fedavg__split08__seed3__d5.0,cifar10,5.0,514,1.0,200.0,0.0,0.0,0.0,
cifar10_proser_fedavg__split08__seed3__d5.0,cifar10,5.0,1028,1.0,200.0,4.0,0.02,0.0016978105563843066,0.08489052781921533
cifar10_proser_fedavg__split08__seed4__d0.1,cifar10,0.1,128,1.0,200.0,0.0,0.0,0.0,
cifar10_proser_fedavg__split08__seed4__d0.1,cifar10,0.1,256,1.0,200.0,0.0,0.0,0.0,
cifar10_proser_fedavg__split08__seed4__d0.1,cifar10,0.1,514,1.0,200.0,0.0,0.0,0.0,
cifar10_proser_fedavg__split08__seed4__d0.1,cifar10,0.1,1028,1.0,200.0,0.0,0.0,0.0,
cifar10_proser_fedavg__split08__seed4__d0.5,cifar10,0.5,128,1.0,200.0,0.0,0.0,0.0,
cifar10_proser_fedavg__split08__seed4__d0.5,cifar10,0.5,256,1.0,200.0,0.0,0.0,0.0,
cifar10_proser_fedavg__split08__seed4__d0.5,cifar10,0.5,514,1.0,200.0,2.0,0.01,0.0005076029761647034,0.05076029761647034
cifar10_proser_fedavg__split08__seed4__d0.5,cifar10,0.5,1028,1.0,200.0,42.0,0.21,0.012085793057496894,0.05755139551188997
cifar10_proser_fedavg__split08__seed4__d5.0,cifar10,5.0,128,1.0,200.0,0.0,0.0,0.0,
cifar10_proser_fedavg__split08__seed4__d5.0,cifar10,5.0,256,1.0,200.0,0.0,0.0,0.0,
cifar10_proser_fedavg__split08__seed4__d5.0,cifar10,5.0,514,1.0,200.0,0.0,0.0,0.0,
cifar10_proser_fedavg__split08__seed4__d5.0,cifar10,5.0,1028,1.0,200.0,47.0,0.235,0.016660159061363262,0.07089429387814153
cifar10_proser_fedavg__split09__seed0__d0.1,cifar10,0.1,128,1.0,200.0,0.0,0.0,0.0,
cifar10_proser_fedavg__split09__seed0__d0.1,cifar10,0.1,256,1.0,200.0,0.0,0.0,0.0,
cifar10_proser_fedavg__split09__seed0__d0.1,cifar10,0.1,514,1.0,200.0,0.0,0.0,0.0,
cifar10_proser_fedavg__split09__seed0__d0.1,cifar10,0.1,1028,1.0,200.0,0.0,0.0,0.0,
cifar10_proser_fedavg__split09__seed0__d0.5,cifar10,0.5,128,1.0,200.0,0.0,0.0,0.0,
cifar10_proser_fedavg__split09__seed0__d0.5,cifar10,0.5,256,1.0,200.0,0.0,0.0,0.0,
cifar10_proser_fedavg__split09__seed0__d0.5,cifar10,0.5,514,1.0,200.0,0.0,0.0,0.0,
cifar10_proser_fedavg__split09__seed0__d0.5,cifar10,0.5,1028,1.0,200.0,16.0,0.08,0.003254440696417399,0.040680508705217486
cifar10_proser_fedavg__split09__seed0__d5.0,cifar10,5.0,128,1.0,200.0,2.0,0.01,0.002685418290839211,0.2685418290839211
cifar10_proser_fedavg__split09__seed0__d5.0,cifar10,5.0,256,1.0,200.0,64.0,0.32,0.07509923852118526,0.23468512037870393
cifar10_proser_fedavg__split09__seed0__d5.0,cifar10,5.0,514,1.0,200.0,193.0,0.965,0.31627635277448485,0.3277475158284817
cifar10_proser_fedavg__split09__seed0__d5.0,cifar10,5.0,1028,1.0,200.0,200.0,1.0,0.4473191814261439,0.4473191814261439
cifar10_proser_fedavg__split09__seed1__d0.1,cifar10,0.1,128,1.0,200.0,0.0,0.0,0.0,
cifar10_proser_fedavg__split09__seed1__d0.1,cifar10,0.1,256,1.0,200.0,0.0,0.0,0.0,
cifar10_proser_fedavg__split09__seed1__d0.1,cifar10,0.1,514,1.0,200.0,13.0,0.065,0.003049181952746413,0.04691049158071406
cifar10_proser_fedavg__split09__seed1__d0.1,cifar10,0.1,1028,1.0,200.0,147.0,0.735,0.049700108750462685,0.0676191955788608
cifar10_proser_fedavg__split09__seed1__d0.5,cifar10,0.5,128,1.0,200.0,2.0,0.01,0.0017951119627608193,0.17951119627608192
cifar10_proser_fedavg__split09__seed1__d0.5,cifar10,0.5,256,1.0,200.0,89.0,0.445,0.08936639369303442,0.20082335661356052
cifar10_proser_fedavg__split09__seed1__d0.5,cifar10,0.5,514,1.0,200.0,194.0,0.97,0.3417700780381799,0.35234028663729877
cifar10_proser_fedavg__split09__seed1__d0.5,cifar10,0.5,1028,1.0,200.0,200.0,1.0,0.4670648386086376,0.4670648386086376
cifar10_proser_fedavg__split09__seed1__d5.0,cifar10,5.0,128,1.0,200.0,1.0,0.005,0.0006237771928976968,0.12475543857953936
cifar10_proser_fedavg__split09__seed1__d5.0,cifar10,5.0,256,1.0,200.0,54.0,0.27,0.05398267619721761,0.1999358377674726
cifar10_proser_fedavg__split09__seed1__d5.0,cifar10,5.0,514,1.0,200.0,185.0,0.925,0.30698660925132637,0.33187741540683935
cifar10_proser_fedavg__split09__seed1__d5.0,cifar10,5.0,1028,1.0,200.0,200.0,1.0,0.46408346006202983,0.46408346006202983
cifar10_proser_fedavg__split09__seed2__d0.1,cifar10,0.1,128,1.0,200.0,0.0,0.0,0.0,
cifar10_proser_fedavg__split09__seed2__d0.1,cifar10,0.1,256,1.0,200.0,0.0,0.0,0.0,
cifar10_proser_fedavg__split09__seed2__d0.1,cifar10,0.1,514,1.0,200.0,34.0,0.17,0.014945070985991462,0.08791218227053803
cifar10_proser_fedavg__split09__seed2__d0.1,cifar10,0.1,1028,1.0,200.0,164.0,0.82,0.10166879563904713,0.12398633614517945
cifar10_proser_fedavg__split09__seed2__d0.5,cifar10,0.5,128,1.0,200.0,0.0,0.0,0.0,
cifar10_proser_fedavg__split09__seed2__d0.5,cifar10,0.5,256,1.0,200.0,0.0,0.0,0.0,
cifar10_proser_fedavg__split09__seed2__d0.5,cifar10,0.5,514,1.0,200.0,0.0,0.0,0.0,
cifar10_proser_fedavg__split09__seed2__d0.5,cifar10,0.5,1028,1.0,200.0,28.0,0.14,0.007912172763736106,0.05651551974097219
cifar10_proser_fedavg__split09__seed2__d5.0,cifar10,5.0,128,1.0,200.0,1.0,0.005,0.0015390728058255424,0.30781456116510847
cifar10_proser_fedavg__split09__seed2__d5.0,cifar10,5.0,256,1.0,200.0,69.0,0.345,0.08571725356641176,0.24845580743887466
cifar10_proser_fedavg__split09__seed2__d5.0,cifar10,5.0,514,1.0,200.0,193.0,0.965,0.35852460498904903,0.3715280880715534
cifar10_proser_fedavg__split09__seed2__d5.0,cifar10,5.0,1028,1.0,200.0,200.0,1.0,0.4613297841118804,0.4613297841118804
cifar10_proser_fedavg__split09__seed3__d0.1,cifar10,0.1,128,1.0,200.0,0.0,0.0,0.0,
cifar10_proser_fedavg__split09__seed3__d0.1,cifar10,0.1,256,1.0,200.0,15.0,0.075,0.0091001846357151,0.12133579514286799
cifar10_proser_fedavg__split09__seed3__d0.1,cifar10,0.1,514,1.0,200.0,159.0,0.795,0.14040777475394603,0.17661355314961763
cifar10_proser_fedavg__split09__seed3__d0.1,cifar10,0.1,1028,1.0,200.0,200.0,1.0,0.24992147898083822,0.24992147898083822
cifar10_proser_fedavg__split09__seed3__d0.5,cifar10,0.5,128,1.0,200.0,0.0,0.0,0.0,
cifar10_proser_fedavg__split09__seed3__d0.5,cifar10,0.5,256,1.0,200.0,0.0,0.0,0.0,
cifar10_proser_fedavg__split09__seed3__d0.5,cifar10,0.5,514,1.0,200.0,24.0,0.12,0.021308831011320657,0.17757359176100543
cifar10_proser_fedavg__split09__seed3__d0.5,cifar10,0.5,1028,1.0,200.0,177.0,0.885,0.2128670315310066,0.2405277192440752
cifar10_proser_fedavg__split09__seed3__d5.0,cifar10,5.0,128,1.0,200.0,0.0,0.0,0.0,
cifar10_proser_fedavg__split09__seed3__d5.0,cifar10,5.0,256,1.0,200.0,71.0,0.355,0.07691690830563559,0.21666734733981854
cifar10_proser_fedavg__split09__seed3__d5.0,cifar10,5.0,514,1.0,200.0,198.0,0.99,0.3492809271644721,0.3528090173378506
cifar10_proser_fedavg__split09__seed3__d5.0,cifar10,5.0,1028,1.0,200.0,200.0,1.0,0.46574678494208344,0.46574678494208344
cifar10_proser_fedavg__split09__seed4__d0.1,cifar10,0.1,128,1.0,200.0,0.0,0.0,0.0,
cifar10_proser_fedavg__split09__seed4__d0.1,cifar10,0.1,256,1.0,200.0,0.0,0.0,0.0,
cifar10_proser_fedavg__split09__seed4__d0.1,cifar10,0.1,514,1.0,200.0,0.0,0.0,0.0,
cifar10_proser_fedavg__split09__seed4__d0.1,cifar10,0.1,1028,1.0,200.0,3.0,0.015,0.0007021755025663739,0.0468117001710916
cifar10_proser_fedavg__split09__seed4__d0.5,cifar10,0.5,128,1.0,200.0,0.0,0.0,0.0,
cifar10_proser_fedavg__split09__seed4__d0.5,cifar10,0.5,256,1.0,200.0,0.0,0.0,0.0,
cifar10_proser_fedavg__split09__seed4__d0.5,cifar10,0.5,514,1.0,200.0,0.0,0.0,0.0,
cifar10_proser_fedavg__split09__seed4__d0.5,cifar10,0.5,1028,1.0,200.0,31.0,0.155,0.03192933912163305,0.20599573626860035
cifar10_proser_fedavg__split09__seed4__d5.0,cifar10,5.0,128,1.0,200.0,0.0,0.0,0.0,
cifar10_proser_fedavg__split09__seed4__d5.0,cifar10,5.0,256,1.0,200.0,78.0,0.39,0.0966319073206696,0.24777412133505025
cifar10_proser_fedavg__split09__seed4__d5.0,cifar10,5.0,514,1.0,200.0,194.0,0.97,0.3590954813080072,0.370201527121657
cifar10_proser_fedavg__split09__seed4__d5.0,cifar10,5.0,1028,1.0,200.0,200.0,1.0,0.4559807309705181,0.4559807309705181
