split,client,replicate_id,pcg64_seed_uint64,maximum_prefix_draws,primary_prefix_draws,secondary_lower_prefix_draws,secondary_upper_prefix_draws,primary
0,art_painting,0,295026218647405604,256,128,64,256,true
0,art_painting,1,7065150320411554886,256,128,64,256,false
0,art_painting,2,14691867697656361546,256,128,64,256,false
0,art_painting,3,13366009284197692005,256,128,64,256,false
0,art_painting,4,14276006003707947660,256,128,64,256,false
0,art_painting,5,15057467540384773435,256,128,64,256,false
0,art_painting,6,9742604038252416643,256,128,64,256,false
0,art_painting,7,5202738764573914979,256,128,64,256,false
0,art_painting,8,15315893537275563467,256,128,64,256,false
0,art_painting,9,4768058458356478547,256,128,64,256,false
0,art_painting,10,12558770495213592230,256,128,64,256,false
0,art_painting,11,7205464596942038232,256,128,64,256,false
0,art_painting,12,10570689314154361074,256,128,64,256,false
0,art_painting,13,15886122947685893212,256,128,64,256,false
0,art_painting,14,12677249287335121532,256,128,64,256,false
0,art_painting,15,17136688407971451396,256,128,64,256,false
0,art_painting,16,18385820296077919540,256,128,64,256,false
0,art_painting,17,8674887029643905936,256,128,64,256,false
0,art_painting,18,5139033205907056123,256,128,64,256,false
0,art_painting,19,14553866856850543720,256,128,64,256,false
0,art_painting,20,3948433838117875975,256,128,64,256,false
0,art_painting,21,11882952404122860279,256,128,64,256,false
0,art_painting,22,11726704395497674189,256,128,64,256,false
0,art_painting,23,5131483800715141962,256,128,64,256,false
0,art_painting,24,12606414361263439603,256,128,64,256,false
0,art_painting,25,6741050739836376675,256,128,64,256,false
0,art_painting,26,3963743275385026494,256,128,64,256,false
0,art_painting,27,11490834012012766761,256,128,64,256,false
0,art_painting,28,12790243049617149592,256,128,64,256,false
0,art_painting,29,16069982048595111323,256,128,64,256,false
0,art_painting,30,9330057556675386651,256,128,64,256,false
0,art_painting,31,3853361660673749819,256,128,64,256,false
0,art_painting,32,11775425308548939748,256,128,64,256,false
0,art_painting,33,10147813460141399273,256,128,64,256,false
0,art_painting,34,9564499030315164996,256,128,64,256,false
0,art_painting,35,2185130058384168181,256,128,64,256,false
0,art_painting,36,4165187031829248952,256,128,64,256,false
0,art_painting,37,883553111750095497,256,128,64,256,false
0,art_painting,38,8757592951774973219,256,128,64,256,false
0,art_painting,39,5580096435213000549,256,128,64,256,false
0,art_painting,40,16892517461579297504,256,128,64,256,false
0,art_painting,41,17858724773089293602,256,128,64,256,false
0,art_painting,42,5843368416401189457,256,128,64,256,false
0,art_painting,43,14601371165599479483,256,128,64,256,false
0,art_painting,44,2551166137200681922,256,128,64,256,false
0,art_painting,45,14345554929315910021,256,128,64,256,false
0,art_painting,46,17944367122322906462,256,128,64,256,false
0,art_painting,47,13975883909883351942,256,128,64,256,false
0,art_painting,48,12638032640521538700,256,128,64,256,false
0,art_painting,49,9424570863108079211,256,128,64,256,false
0,art_painting,50,7651349120923023367,256,128,64,256,false
0,art_painting,51,37911934474404143,256,128,64,256,false
0,art_painting,52,7199305061915046016,256,128,64,256,false
0,art_painting,53,6022492988733528658,256,128,64,256,false
0,art_painting,54,10664576678291238524,256,128,64,256,false
0,art_painting,55,11866004962607910779,256,128,64,256,false
0,art_painting,56,11481844929605967596,256,128,64,256,false
0,art_painting,57,8860145223696418413,256,128,64,256,false
0,art_painting,58,7866730077004368740,256,128,64,256,false
0,art_painting,59,12311372240010242433,256,128,64,256,false
0,art_painting,60,10197154484886826497,256,128,64,256,false
0,art_painting,61,14853663823252673361,256,128,64,256,false
0,art_painting,62,4226753676596012545,256,128,64,256,false
0,art_painting,63,14530032771955995241,256,128,64,256,false
0,art_painting,64,2511845481013034597,256,128,64,256,false
0,art_painting,65,7797137798918805478,256,128,64,256,false
0,art_painting,66,9899783713524616881,256,128,64,256,false
0,art_painting,67,7860322448608020167,256,128,64,256,false
0,art_painting,68,5347682867306906255,256,128,64,256,false
0,art_painting,69,8600976027584055360,256,128,64,256,false
0,art_painting,70,4295380510745664445,256,128,64,256,false
0,art_painting,71,91433550837184075,256,128,64,256,false
0,art_painting,72,14911632996536896848,256,128,64,256,false
0,art_painting,73,6422546841972676780,256,128,64,256,false
0,art_painting,74,6183365572010854944,256,128,64,256,false
0,art_painting,75,16382313896921222821,256,128,64,256,false
0,art_painting,76,4308039217945120421,256,128,64,256,false
0,art_painting,77,3610896114494055387,256,128,64,256,false
0,art_painting,78,7158702219169835664,256,128,64,256,false
0,art_painting,79,7109010344408995797,256,128,64,256,false
0,art_painting,80,141001081814227174,256,128,64,256,false
0,art_painting,81,8263353254011412972,256,128,64,256,false
0,art_painting,82,14575640990362782459,256,128,64,256,false
0,art_painting,83,3237942491476969626,256,128,64,256,false
0,art_painting,84,15298169919528590391,256,128,64,256,false
0,art_painting,85,8713159625877606826,256,128,64,256,false
0,art_painting,86,14523778407086337902,256,128,64,256,false
0,art_painting,87,11454940369087377285,256,128,64,256,false
0,art_painting,88,17367185265505529018,256,128,64,256,false
0,art_painting,89,14604923570113868135,256,128,64,256,false
0,art_painting,90,6689487220524088037,256,128,64,256,false
0,art_painting,91,10632219565221275249,256,128,64,256,false
0,art_painting,92,17045849961977865976,256,128,64,256,false
0,art_painting,93,18075583037884027274,256,128,64,256,false
0,art_painting,94,6055377421792716108,256,128,64,256,false
0,art_painting,95,3523285154449603727,256,128,64,256,false
0,art_painting,96,15670882272532243731,256,128,64,256,false
0,art_painting,97,2565243784312457003,256,128,64,256,false
0,art_painting,98,35500530779716237,256,128,64,256,false
0,art_painting,99,17071474040550395757,256,128,64,256,false
0,cartoon,0,10820149532481462799,256,128,64,256,true
0,cartoon,1,13184692858353752392,256,128,64,256,false
0,cartoon,2,18074342981626636999,256,128,64,256,false
0,cartoon,3,15723138318410856511,256,128,64,256,false
0,cartoon,4,12290146676237407350,256,128,64,256,false
0,cartoon,5,3457101850153208212,256,128,64,256,false
0,cartoon,6,1305064763900980066,256,128,64,256,false
0,cartoon,7,4882733497784289117,256,128,64,256,false
0,cartoon,8,10840003557766144685,256,128,64,256,false
0,cartoon,9,11682906009069906324,256,128,64,256,false
0,cartoon,10,9733249454786566345,256,128,64,256,false
0,cartoon,11,4150777527205012142,256,128,64,256,false
0,cartoon,12,4918585409717298883,256,128,64,256,false
0,cartoon,13,4936998074378975855,256,128,64,256,false
0,cartoon,14,2177246025202322128,256,128,64,256,false
0,cartoon,15,12856837399986612656,256,128,64,256,false
0,cartoon,16,11984455970044519824,256,128,64,256,false
0,cartoon,17,2514551848595473310,256,128,64,256,false
0,cartoon,18,17055561782260352572,256,128,64,256,false
0,cartoon,19,14337083284944653981,256,128,64,256,false
0,cartoon,20,680754929224835717,256,128,64,256,false
0,cartoon,21,13694389649917048470,256,128,64,256,false
0,cartoon,22,9617988166287565349,256,128,64,256,false
0,cartoon,23,8639867666433655392,256,128,64,256,false
0,cartoon,24,9213236618051462632,256,128,64,256,false
0,cartoon,25,7014656276536365388,256,128,64,256,false
0,cartoon,26,7383321243854480253,256,128,64,256,false
0,cartoon,27,4528186982812495394,256,128,64,256,false
0,cartoon,28,2259950161041205293,256,128,64,256,false
0,cartoon,29,845374250585424126,256,128,64,256,false
0,cartoon,30,4621029914406539219,256,128,64,256,false
0,cartoon,31,16868048658916784325,256,128,64,256,false
0,cartoon,32,13802806060950790083,256,128,64,256,false
0,cartoon,33,16801611078228965167,256,128,64,256,false
0,cartoon,34,558986072835128334,256,128,64,256,false
0,cartoon,35,17449606682560598061,256,128,64,256,false
0,cartoon,36,5748529882956716899,256,128,64,256,false
0,cartoon,37,13190554129936938777,256,128,64,256,false
0,cartoon,38,16054064137156159704,256,128,64,256,false
0,cartoon,39,10358702714482491595,256,128,64,256,false
0,cartoon,40,13941908338907895302,256,128,64,256,false
0,cartoon,41,2109975450316920388,256,128,64,256,false
0,cartoon,42,13078753754310627009,256,128,64,256,false
0,cartoon,43,8504806629648387605,256,128,64,256,false
0,cartoon,44,8446118375103799514,256,128,64,256,false
0,cartoon,45,3306259862286036015,256,128,64,256,false
0,cartoon,46,17790443846597960758,256,128,64,256,false
0,cartoon,47,2240819324877123770,256,128,64,256,false
0,cartoon,48,12206898416896093551,256,128,64,256,false
0,cartoon,49,18320901696663289072,256,128,64,256,false
0,cartoon,50,5101453314684594612,256,128,64,256,false
0,cartoon,51,12628675974975539744,256,128,64,256,false
0,cartoon,52,5641864074269893353,256,128,64,256,false
0,cartoon,53,1462005834337362141,256,128,64,256,false
0,cartoon,54,3756257455263243548,256,128,64,256,false
0,cartoon,55,3117864543397603703,256,128,64,256,false
0,cartoon,56,15609055514077430084,256,128,64,256,false
0,cartoon,57,16577397273694396386,256,128,64,256,false
0,cartoon,58,3662253662510717601,256,128,64,256,false
0,cartoon,59,14154944690468793879,256,128,64,256,false
0,cartoon,60,3178181585131166274,256,128,64,256,false
0,cartoon,61,6921207431628613101,256,128,64,256,false
0,cartoon,62,4889575727022123851,256,128,64,256,false
0,cartoon,63,11001769434803128697,256,128,64,256,false
0,cartoon,64,11336457040659638728,256,128,64,256,false
0,cartoon,65,715233024953129299,256,128,64,256,false
0,cartoon,66,3393825240493987149,256,128,64,256,false
0,cartoon,67,18182113542168951534,256,128,64,256,false
0,cartoon,68,3897347738820010083,256,128,64,256,false
0,cartoon,69,11789381724167928876,256,128,64,256,false
0,cartoon,70,16553866854028015790,256,128,64,256,false
0,cartoon,71,3003790087924799913,256,128,64,256,false
0,cartoon,72,185548669076612077,256,128,64,256,false
0,cartoon,73,3684910361949698140,256,128,64,256,false
0,cartoon,74,4178626783608593756,256,128,64,256,false
0,cartoon,75,17016499724535307474,256,128,64,256,false
0,cartoon,76,6514589557613935107,256,128,64,256,false
0,cartoon,77,2872860193619422610,256,128,64,256,false
0,cartoon,78,9429879864215110604,256,128,64,256,false
0,cartoon,79,8409941251471825027,256,128,64,256,false
0,cartoon,80,1328337308994638706,256,128,64,256,false
0,cartoon,81,11133471915858260725,256,128,64,256,false
0,cartoon,82,13084494832086164475,256,128,64,256,false
0,cartoon,83,16234660137098820041,256,128,64,256,false
0,cartoon,84,10048658120819640320,256,128,64,256,false
0,cartoon,85,11419001716074528673,256,128,64,256,false
0,cartoon,86,17801545996661237101,256,128,64,256,false
0,cartoon,87,12034426692944218478,256,128,64,256,false
0,cartoon,88,442591705799716057,256,128,64,256,false
0,cartoon,89,14045145144212630655,256,128,64,256,false
0,cartoon,90,6942730859838902736,256,128,64,256,false
0,cartoon,91,3421316496496877514,256,128,64,256,false
0,cartoon,92,16589883370271656246,256,128,64,256,false
0,cartoon,93,12888201767075997499,256,128,64,256,false
0,cartoon,94,15734822914090835792,256,128,64,256,false
0,cartoon,95,2234133587898344483,256,128,64,256,false
0,cartoon,96,17004769919036926634,256,128,64,256,false
0,cartoon,97,14137694831520181858,256,128,64,256,false
0,cartoon,98,7966646962477329560,256,128,64,256,false
0,cartoon,99,12616007852719499793,256,128,64,256,false
0,photo,0,4175260205157394625,256,128,64,256,true
0,photo,1,4791200911544413106,256,128,64,256,false
0,photo,2,5797768276567865367,256,128,64,256,false
0,photo,3,16849143730644650409,256,128,64,256,false
0,photo,4,14474439444254542843,256,128,64,256,false
0,photo,5,10410387440486523468,256,128,64,256,false
0,photo,6,6593311620104706777,256,128,64,256,false
0,photo,7,16022389434726943431,256,128,64,256,false
0,photo,8,15036133479942754883,256,128,64,256,false
0,photo,9,12999585701784912943,256,128,64,256,false
0,photo,10,6728091842992388031,256,128,64,256,false
0,photo,11,4930387351454245000,256,128,64,256,false
0,photo,12,17287647252953150012,256,128,64,256,false
0,photo,13,2230708894571365022,256,128,64,256,false
0,photo,14,5947550900710167693,256,128,64,256,false
0,photo,15,17188256712252119737,256,128,64,256,false
0,photo,16,15255300105956370091,256,128,64,256,false
0,photo,17,2012440479722973892,256,128,64,256,false
0,photo,18,18030591740046702591,256,128,64,256,false
0,photo,19,11264833964194146123,256,128,64,256,false
0,photo,20,10967696589033806777,256,128,64,256,false
0,photo,21,3784820030529373387,256,128,64,256,false
0,photo,22,13397241481937714961,256,128,64,256,false
0,photo,23,5262791586349235109,256,128,64,256,false
0,photo,24,2365158779770298624,256,128,64,256,false
0,photo,25,13090187298093748920,256,128,64,256,false
0,photo,26,3888757396415774994,256,128,64,256,false
0,photo,27,465931606546496083,256,128,64,256,false
0,photo,28,10767668102449837290,256,128,64,256,false
0,photo,29,5362840437971744535,256,128,64,256,false
0,photo,30,2751568568859655276,256,128,64,256,false
0,photo,31,16021361375906012335,256,128,64,256,false
0,photo,32,258245912730887805,256,128,64,256,false
0,photo,33,7171575724390308036,256,128,64,256,false
0,photo,34,871559261742646397,256,128,64,256,false
0,photo,35,12641968707908607359,256,128,64,256,false
0,photo,36,13038346749402041350,256,128,64,256,false
0,photo,37,11403240823164367926,256,128,64,256,false
0,photo,38,45241053108230885,256,128,64,256,false
0,photo,39,12893459817746255522,256,128,64,256,false
0,photo,40,186878872362762116,256,128,64,256,false
0,photo,41,8534190017406831755,256,128,64,256,false
0,photo,42,15558083925327807910,256,128,64,256,false
0,photo,43,7557617560930256900,256,128,64,256,false
0,photo,44,16042837039409491226,256,128,64,256,false
0,photo,45,15135076479516517672,256,128,64,256,false
0,photo,46,9682550606388606222,256,128,64,256,false
0,photo,47,4751678259521787310,256,128,64,256,false
0,photo,48,11887630902521753945,256,128,64,256,false
0,photo,49,5222642925234342034,256,128,64,256,false
0,photo,50,9804501594639862288,256,128,64,256,false
0,photo,51,11955527941390930373,256,128,64,256,false
0,photo,52,11595397216477819569,256,128,64,256,false
0,photo,53,9077070362560820813,256,128,64,256,false
0,photo,54,13591736427136865220,256,128,64,256,false
0,photo,55,4916937380414701651,256,128,64,256,false
0,photo,56,4905541737382370857,256,128,64,256,false
0,photo,57,4138488806445603620,256,128,64,256,false
0,photo,58,9221172701367981268,256,128,64,256,false
0,photo,59,7496590983412725971,256,128,64,256,false
0,photo,60,1186372555340844759,256,128,64,256,false
0,photo,61,13617558367390586454,256,128,64,256,false
0,photo,62,976868059582345082,256,128,64,256,false
0,photo,63,13211792544977269325,256,128,64,256,false
0,photo,64,12254099332513718227,256,128,64,256,false
0,photo,65,14564956200740867554,256,128,64,256,false
0,photo,66,12166994934628848799,256,128,64,256,false
0,photo,67,8061676275603108523,256,128,64,256,false
0,photo,68,2266423081168390761,256,128,64,256,false
0,photo,69,7210714782637023398,256,128,64,256,false
0,photo,70,4382314208800023500,256,128,64,256,false
0,photo,71,10902769800270114538,256,128,64,256,false
0,photo,72,8825039257883761784,256,128,64,256,false
0,photo,73,2393962163836673918,256,128,64,256,false
0,photo,74,7629222859956967565,256,128,64,256,false
0,photo,75,13844149067547235353,256,128,64,256,false
0,photo,76,13173140232890009943,256,128,64,256,false
0,photo,77,10715272566633453462,256,128,64,256,false
0,photo,78,853735291480287934,256,128,64,256,false
0,photo,79,6431273927585286380,256,128,64,256,false
0,photo,80,16000502315829829792,256,128,64,256,false
0,photo,81,12166127843566465102,256,128,64,256,false
0,photo,82,7666961951267534818,256,128,64,256,false
0,photo,83,9961611131285002242,256,128,64,256,false
0,photo,84,11058944366063714450,256,128,64,256,false
0,photo,85,6100117013204427351,256,128,64,256,false
0,photo,86,731270900479659545,256,128,64,256,false
0,photo,87,9972305858207861097,256,128,64,256,false
0,photo,88,8400643798292680,256,128,64,256,false
0,photo,89,8758839138326172291,256,128,64,256,false
0,photo,90,4069958682868584433,256,128,64,256,false
0,photo,91,13150898607636212259,256,128,64,256,false
0,photo,92,4431053717755715052,256,128,64,256,false
0,photo,93,2837046979226184840,256,128,64,256,false
0,photo,94,9569656390643004591,256,128,64,256,false
0,photo,95,3119441193110759674,256,128,64,256,false
0,photo,96,17082801734733437394,256,128,64,256,false
0,photo,97,10341190821992398494,256,128,64,256,false
0,photo,98,4761227111765932499,256,128,64,256,false
0,photo,99,13013134469663793984,256,128,64,256,false
0,sketch,0,9820776770918660043,256,128,64,256,true
0,sketch,1,5755487381171365794,256,128,64,256,false
0,sketch,2,328798411000208941,256,128,64,256,false
0,sketch,3,11999296447098241170,256,128,64,256,false
0,sketch,4,2822485478796260945,256,128,64,256,false
0,sketch,5,6003461766615050398,256,128,64,256,false
0,sketch,6,5764827803758133527,256,128,64,256,false
0,sketch,7,3577486480984092274,256,128,64,256,false
0,sketch,8,8104587491652739545,256,128,64,256,false
0,sketch,9,17781908373315865659,256,128,64,256,false
0,sketch,10,4532162413427323801,256,128,64,256,false
0,sketch,11,6675066686437156621,256,128,64,256,false
0,sketch,12,8344583002763889448,256,128,64,256,false
0,sketch,13,12805747836192350398,256,128,64,256,false
0,sketch,14,13392349112315544826,256,128,64,256,false
0,sketch,15,13315215495324720915,256,128,64,256,false
0,sketch,16,3913711925794056735,256,128,64,256,false
0,sketch,17,14747670614016712704,256,128,64,256,false
0,sketch,18,6101556499848743847,256,128,64,256,false
0,sketch,19,3497304587684600618,256,128,64,256,false
0,sketch,20,16412266534639981215,256,128,64,256,false
0,sketch,21,750962866836777085,256,128,64,256,false
0,sketch,22,11620067632223053138,256,128,64,256,false
0,sketch,23,16157969083009204559,256,128,64,256,false
0,sketch,24,17538190661663133970,256,128,64,256,false
0,sketch,25,1322308996202583360,256,128,64,256,false
0,sketch,26,10901240179421683935,256,128,64,256,false
0,sketch,27,14983400836863705195,256,128,64,256,false
0,sketch,28,4508420669227202278,256,128,64,256,false
0,sketch,29,13104715530537156089,256,128,64,256,false
0,sketch,30,1491537626166043281,256,128,64,256,false
0,sketch,31,6818166264430378303,256,128,64,256,false
0,sketch,32,7905630342334660743,256,128,64,256,false
0,sketch,33,12207311764723101111,256,128,64,256,false
0,sketch,34,2275880931348609410,256,128,64,256,false
0,sketch,35,10858767762233177246,256,128,64,256,false
0,sketch,36,464035512915193458,256,128,64,256,false
0,sketch,37,733255372672083590,256,128,64,256,false
0,sketch,38,17330253299016661073,256,128,64,256,false
0,sketch,39,6578708940389315581,256,128,64,256,false
0,sketch,40,7642762145780455108,256,128,64,256,false
0,sketch,41,14980406287031710516,256,128,64,256,false
0,sketch,42,1299358791602877467,256,128,64,256,false
0,sketch,43,14507990028827592162,256,128,64,256,false
0,sketch,44,12089793379724163253,256,128,64,256,false
0,sketch,45,13286587020928728417,256,128,64,256,false
0,sketch,46,4947739547224973605,256,128,64,256,false
0,sketch,47,13582269885573091887,256,128,64,256,false
0,sketch,48,11328436618350085089,256,128,64,256,false
0,sketch,49,10956710166010092362,256,128,64,256,false
0,sketch,50,9680917668864954593,256,128,64,256,false
0,sketch,51,17637332218756592103,256,128,64,256,false
0,sketch,52,9957675662020031845,256,128,64,256,false
0,sketch,53,3674913700010749911,256,128,64,256,false
0,sketch,54,11382359862620259733,256,128,64,256,false
0,sketch,55,11918580810813063674,256,128,64,256,false
0,sketch,56,14024960333744950616,256,128,64,256,false
0,sketch,57,6735088330670109784,256,128,64,256,false
0,sketch,58,4928561062203739518,256,128,64,256,false
0,sketch,59,12960543003867366220,256,128,64,256,false
0,sketch,60,16434636515030276147,256,128,64,256,false
0,sketch,61,13577046449477713562,256,128,64,256,false
0,sketch,62,594945205541512016,256,128,64,256,false
0,sketch,63,17744529617463065754,256,128,64,256,false
0,sketch,64,11610495114447366303,256,128,64,256,false
0,sketch,65,14355380862786477949,256,128,64,256,false
0,sketch,66,2390221214239082577,256,128,64,256,false
0,sketch,67,13041893292649306762,256,128,64,256,false
0,sketch,68,16487084333947012228,256,128,64,256,false
0,sketch,69,7068362298422333202,256,128,64,256,false
0,sketch,70,16120028432946574734,256,128,64,256,false
0,sketch,71,10370038764865180380,256,128,64,256,false
0,sketch,72,5780506453212984124,256,128,64,256,false
0,sketch,73,15228479248481613592,256,128,64,256,false
0,sketch,74,3604362307476651389,256,128,64,256,false
0,sketch,75,473969512495059097,256,128,64,256,false
0,sketch,76,14756232316570655397,256,128,64,256,false
0,sketch,77,4176804363181980723,256,128,64,256,false
0,sketch,78,2899884152700679940,256,128,64,256,false
0,sketch,79,9542585299599195699,256,128,64,256,false
0,sketch,80,16993842237748691809,256,128,64,256,false
0,sketch,81,18188169624327205088,256,128,64,256,false
0,sketch,82,3212777730880005672,256,128,64,256,false
0,sketch,83,16628536820114325549,256,128,64,256,false
0,sketch,84,4050570770426336212,256,128,64,256,false
0,sketch,85,2134370964417340728,256,128,64,256,false
0,sketch,86,15304275130684404560,256,128,64,256,false
0,sketch,87,11915876397024809778,256,128,64,256,false
0,sketch,88,455254141149989153,256,128,64,256,false
0,sketch,89,14510165811027453459,256,128,64,256,false
0,sketch,90,9706572697595670148,256,128,64,256,false
0,sketch,91,6208083141599462183,256,128,64,256,false
0,sketch,92,1586906153019830652,256,128,64,256,false
0,sketch,93,17943006237185795546,256,128,64,256,false
0,sketch,94,11137705131703186004,256,128,64,256,false
0,sketch,95,2852589780349397287,256,128,64,256,false
0,sketch,96,14987909182708443507,256,128,64,256,false
0,sketch,97,14641314346138324524,256,128,64,256,false
0,sketch,98,3089695275333591927,256,128,64,256,false
0,sketch,99,4016869797142989311,256,128,64,256,false
1,art_painting,0,7294820592542990729,256,128,64,256,true
1,art_painting,1,14923717545669786145,256,128,64,256,false
1,art_painting,2,1037281734020233711,256,128,64,256,false
1,art_painting,3,5006188687336473749,256,128,64,256,false
1,art_painting,4,10869662354490100917,256,128,64,256,false
1,art_painting,5,3823487278349001,256,128,64,256,false
1,art_painting,6,7723509275538820554,256,128,64,256,false
1,art_painting,7,12058227574793626264,256,128,64,256,false
1,art_painting,8,5599356891489424702,256,128,64,256,false
1,art_painting,9,18156256782613163777,256,128,64,256,false
1,art_painting,10,10454638754958174497,256,128,64,256,false
1,art_painting,11,11930266905631767831,256,128,64,256,false
1,art_painting,12,8464609909451215640,256,128,64,256,false
1,art_painting,13,4449154694491454726,256,128,64,256,false
1,art_painting,14,7174743257445663248,256,128,64,256,false
1,art_painting,15,2011778313941135989,256,128,64,256,false
1,art_painting,16,6941726074476950904,256,128,64,256,false
1,art_painting,17,11219730206114651639,256,128,64,256,false
1,art_painting,18,11361726442774153569,256,128,64,256,false
1,art_painting,19,16650825326371394119,256,128,64,256,false
1,art_painting,20,1150625145072509638,256,128,64,256,false
1,art_painting,21,11403541966162550784,256,128,64,256,false
1,art_painting,22,1940183301555820406,256,128,64,256,false
1,art_painting,23,16972441700441369333,256,128,64,256,false
1,art_painting,24,1295302843261392432,256,128,64,256,false
1,art_painting,25,7891315833003463099,256,128,64,256,false
1,art_painting,26,6522221416789683856,256,128,64,256,false
1,art_painting,27,14412304905058806729,256,128,64,256,false
1,art_painting,28,3634189718557585278,256,128,64,256,false
1,art_painting,29,3994943422649147743,256,128,64,256,false
1,art_painting,30,15867386461432726133,256,128,64,256,false
1,art_painting,31,11711371637838268910,256,128,64,256,false
1,art_painting,32,13106826594184802750,256,128,64,256,false
1,art_painting,33,9484957373879979535,256,128,64,256,false
1,art_painting,34,3144653994575770828,256,128,64,256,false
1,art_painting,35,15761039279185059266,256,128,64,256,false
1,art_painting,36,26155982066523230,256,128,64,256,false
1,art_painting,37,5132249370528153877,256,128,64,256,false
1,art_painting,38,10259319951664582329,256,128,64,256,false
1,art_painting,39,9408863231828056610,256,128,64,256,false
1,art_painting,40,6918313929705347555,256,128,64,256,false
1,art_painting,41,8509802286821787748,256,128,64,256,false
1,art_painting,42,5394504005287499818,256,128,64,256,false
1,art_painting,43,10379417390692427161,256,128,64,256,false
1,art_painting,44,9151423890832255689,256,128,64,256,false
1,art_painting,45,10916913647673525621,256,128,64,256,false
1,art_painting,46,531209494113118293,256,128,64,256,false
1,art_painting,47,6838854722694880732,256,128,64,256,false
1,art_painting,48,4462859362711443560,256,128,64,256,false
1,art_painting,49,18275451131374086455,256,128,64,256,false
1,art_painting,50,14327404093174662750,256,128,64,256,false
1,art_painting,51,13257611740858981897,256,128,64,256,false
1,art_painting,52,854657422837047829,256,128,64,256,false
1,art_painting,53,1870251878356769042,256,128,64,256,false
1,art_painting,54,3062175718367996661,256,128,64,256,false
1,art_painting,55,13623631457542815599,256,128,64,256,false
1,art_painting,56,12440435008957998686,256,128,64,256,false
1,art_painting,57,16253698416602749834,256,128,64,256,false
1,art_painting,58,6226292435776643401,256,128,64,256,false
1,art_painting,59,12283970964495490012,256,128,64,256,false
1,art_painting,60,477542095474936841,256,128,64,256,false
1,art_painting,61,7938484638713977693,256,128,64,256,false
1,art_painting,62,836136030855726462,256,128,64,256,false
1,art_painting,63,13528129693416216393,256,128,64,256,false
1,art_painting,64,13564342409408978516,256,128,64,256,false
1,art_painting,65,5806166865730255771,256,128,64,256,false
1,art_painting,66,1970673761024306286,256,128,64,256,false
1,art_painting,67,8952846048833087530,256,128,64,256,false
1,art_painting,68,15988176417158497484,256,128,64,256,false
1,art_painting,69,8832072696392875973,256,128,64,256,false
1,art_painting,70,16420257041549926834,256,128,64,256,false
1,art_painting,71,15371759348567605757,256,128,64,256,false
1,art_painting,72,13500730979390029339,256,128,64,256,false
1,art_painting,73,17802549903799690388,256,128,64,256,false
1,art_painting,74,15666392165000376872,256,128,64,256,false
1,art_painting,75,13642512081436433933,256,128,64,256,false
1,art_painting,76,3382285613414099943,256,128,64,256,false
1,art_painting,77,916623704334512264,256,128,64,256,false
1,art_painting,78,5979372057067591774,256,128,64,256,false
1,art_painting,79,14681960961214429934,256,128,64,256,false
1,art_painting,80,16964043772047110010,256,128,64,256,false
1,art_painting,81,14692874493046564072,256,128,64,256,false
1,art_painting,82,16663462798785467760,256,128,64,256,false
1,art_painting,83,2391117781117730770,256,128,64,256,false
1,art_painting,84,2005233845495248426,256,128,64,256,false
1,art_painting,85,7381677370797871121,256,128,64,256,false
1,art_painting,86,9803226540898260488,256,128,64,256,false
1,art_painting,87,15335303285849005992,256,128,64,256,false
1,art_painting,88,633743042857859930,256,128,64,256,false
1,art_painting,89,9738550535682512529,256,128,64,256,false
1,art_painting,90,7148983895545570912,256,128,64,256,false
1,art_painting,91,17842534377793496332,256,128,64,256,false
1,art_painting,92,15256568148404681714,256,128,64,256,false
1,art_painting,93,14985274511011957004,256,128,64,256,false
1,art_painting,94,15773571262523683325,256,128,64,256,false
1,art_painting,95,18097656320999521684,256,128,64,256,false
1,art_painting,96,230718303018003139,256,128,64,256,false
1,art_painting,97,17375144881704887335,256,128,64,256,false
1,art_painting,98,174360992917920450,256,128,64,256,false
1,art_painting,99,5078709014321370858,256,128,64,256,false
1,cartoon,0,4540215786714830223,256,128,64,256,true
1,cartoon,1,12563196708926254722,256,128,64,256,false
1,cartoon,2,15663022704472621904,256,128,64,256,false
1,cartoon,3,996649854463795935,256,128,64,256,false
1,cartoon,4,9513115989028069844,256,128,64,256,false
1,cartoon,5,516554306670654664,256,128,64,256,false
1,cartoon,6,7676016781766266162,256,128,64,256,false
1,cartoon,7,16058499073916260747,256,128,64,256,false
1,cartoon,8,13154258170963664048,256,128,64,256,false
1,cartoon,9,10252636016653330191,256,128,64,256,false
1,cartoon,10,13546765107627326787,256,128,64,256,false
1,cartoon,11,13820890314765512505,256,128,64,256,false
1,cartoon,12,2939477152122964051,256,128,64,256,false
1,cartoon,13,4354695150839958135,256,128,64,256,false
1,cartoon,14,9579602301833072587,256,128,64,256,false
1,cartoon,15,2410074835280388703,256,128,64,256,false
1,cartoon,16,2831463768392817291,256,128,64,256,false
1,cartoon,17,9408016961027353637,256,128,64,256,false
1,cartoon,18,5471655791872584205,256,128,64,256,false
1,cartoon,19,13135286646954256003,256,128,64,256,false
1,cartoon,20,8744083613491723313,256,128,64,256,false
1,cartoon,21,5370114983580424853,256,128,64,256,false
1,cartoon,22,14565317680539533619,256,128,64,256,false
1,cartoon,23,17138270779943362798,256,128,64,256,false
1,cartoon,24,7205152435496448652,256,128,64,256,false
1,cartoon,25,6676652783901086812,256,128,64,256,false
1,cartoon,26,4238067430054306196,256,128,64,256,false
1,cartoon,27,8876964538883001276,256,128,64,256,false
1,cartoon,28,11318956718873871990,256,128,64,256,false
1,cartoon,29,580636503818321394,256,128,64,256,false
1,cartoon,30,14149279947077534958,256,128,64,256,false
1,cartoon,31,15522674107827001615,256,128,64,256,false
1,cartoon,32,14898068958301736621,256,128,64,256,false
1,cartoon,33,6951483663722976134,256,128,64,256,false
1,cartoon,34,8375184547249416741,256,128,64,256,false
1,cartoon,35,9738536562754568107,256,128,64,256,false
1,cartoon,36,10491202363366165042,256,128,64,256,false
1,cartoon,37,11137418705272641904,256,128,64,256,false
1,cartoon,38,9120263124466966496,256,128,64,256,false
1,cartoon,39,8771979992520362562,256,128,64,256,false
1,cartoon,40,9576207825803587964,256,128,64,256,false
1,cartoon,41,4521060016376030433,256,128,64,256,false
1,cartoon,42,6592079217088804486,256,128,64,256,false
1,cartoon,43,7428392249423675941,256,128,64,256,false
1,cartoon,44,5834836666802142832,256,128,64,256,false
1,cartoon,45,14544776169544187848,256,128,64,256,false
1,cartoon,46,800440258605679385,256,128,64,256,false
1,cartoon,47,16291470636054281259,256,128,64,256,false
1,cartoon,48,3405795868825342184,256,128,64,256,false
1,cartoon,49,7436413680924417949,256,128,64,256,false
1,cartoon,50,9215582127897093964,256,128,64,256,false
1,cartoon,51,13911314050145286515,256,128,64,256,false
1,cartoon,52,15669045740271513417,256,128,64,256,false
1,cartoon,53,15630534077388520986,256,128,64,256,false
1,cartoon,54,9625981342736577014,256,128,64,256,false
1,cartoon,55,7096005083639178791,256,128,64,256,false
1,cartoon,56,17533036480655068214,256,128,64,256,false
1,cartoon,57,13011665181797554478,256,128,64,256,false
1,cartoon,58,6862143970465667215,256,128,64,256,false
1,cartoon,59,915602487430409104,256,128,64,256,false
1,cartoon,60,1318889535648360637,256,128,64,256,false
1,cartoon,61,3677210878532029984,256,128,64,256,false
1,cartoon,62,17754585270108711168,256,128,64,256,false
1,cartoon,63,993362245994103334,256,128,64,256,false
1,cartoon,64,7762945369299137716,256,128,64,256,false
1,cartoon,65,1264810568222482455,256,128,64,256,false
1,cartoon,66,5433754656085660644,256,128,64,256,false
1,cartoon,67,2314174812887720365,256,128,64,256,false
1,cartoon,68,7165765133253184678,256,128,64,256,false
1,cartoon,69,5212462574693103793,256,128,64,256,false
1,cartoon,70,10284306553773187166,256,128,64,256,false
1,cartoon,71,11494537772214426977,256,128,64,256,false
1,cartoon,72,9273411006462666306,256,128,64,256,false
1,cartoon,73,6343128112536891937,256,128,64,256,false
1,cartoon,74,1497331104641052200,256,128,64,256,false
1,cartoon,75,17327509710792181193,256,128,64,256,false
1,cartoon,76,13045887567876114496,256,128,64,256,false
1,cartoon,77,522071572396277084,256,128,64,256,false
1,cartoon,78,13020068567819995059,256,128,64,256,false
1,cartoon,79,15713186737254932114,256,128,64,256,false
1,cartoon,80,17711125480253065976,256,128,64,256,false
1,cartoon,81,12478262879232580157,256,128,64,256,false
1,cartoon,82,15840927138213066736,256,128,64,256,false
1,cartoon,83,14591777469928592738,256,128,64,256,false
1,cartoon,84,4993788103259053781,256,128,64,256,false
1,cartoon,85,6581494542287459414,256,128,64,256,false
1,cartoon,86,9189388429665120318,256,128,64,256,false
1,cartoon,87,4245661450714516932,256,128,64,256,false
1,cartoon,88,9772065500382623261,256,128,64,256,false
1,cartoon,89,14282056642172795119,256,128,64,256,false
1,cartoon,90,7534523435500394610,256,128,64,256,false
1,cartoon,91,16907528813405830810,256,128,64,256,false
1,cartoon,92,459471062104249316,256,128,64,256,false
1,cartoon,93,11599112710905781541,256,128,64,256,false
1,cartoon,94,4148652983130683669,256,128,64,256,false
1,cartoon,95,7723745490631095143,256,128,64,256,false
1,cartoon,96,16162586913096233309,256,128,64,256,false
1,cartoon,97,12022941036273805109,256,128,64,256,false
1,cartoon,98,16404820175385963242,256,128,64,256,false
1,cartoon,99,11187338291521377955,256,128,64,256,false
1,photo,0,3492394919662750548,256,128,64,256,true
1,photo,1,6621724149753248781,256,128,64,256,false
1,photo,2,15431613549633524811,256,128,64,256,false
1,photo,3,5026730366808717962,256,128,64,256,false
1,photo,4,4342176797211440128,256,128,64,256,false
1,photo,5,14649798703335972942,256,128,64,256,false
1,photo,6,2931404956896526825,256,128,64,256,false
1,photo,7,14936893217366283371,256,128,64,256,false
1,photo,8,12851833056184883623,256,128,64,256,false
1,photo,9,17514333348991803923,256,128,64,256,false
1,photo,10,8386837632469536000,256,128,64,256,false
1,photo,11,9318837009893833590,256,128,64,256,false
1,photo,12,7987713268754229580,256,128,64,256,false
1,photo,13,3973234241908223658,256,128,64,256,false
1,photo,14,16198823836704339559,256,128,64,256,false
1,photo,15,639665876792515790,256,128,64,256,false
1,photo,16,16964192733128953278,256,128,64,256,false
1,photo,17,8656793961179226939,256,128,64,256,false
1,photo,18,8241369200232122118,256,128,64,256,false
1,photo,19,3956527169485581761,256,128,64,256,false
1,photo,20,10848310744804286145,256,128,64,256,false
1,photo,21,11285942731217877579,256,128,64,256,false
1,photo,22,2653478789163253674,256,128,64,256,false
1,photo,23,8858973050437963988,256,128,64,256,false
1,photo,24,13665769509291855362,256,128,64,256,false
1,photo,25,620288440193762987,256,128,64,256,false
1,photo,26,8390655128453323936,256,128,64,256,false
1,photo,27,13332669832382781347,256,128,64,256,false
1,photo,28,936531401900544032,256,128,64,256,false
1,photo,29,14406261771859976374,256,128,64,256,false
1,photo,30,12685719248661339962,256,128,64,256,false
1,photo,31,17961836827884048775,256,128,64,256,false
1,photo,32,9602526702147228302,256,128,64,256,false
1,photo,33,9058542997598419692,256,128,64,256,false
1,photo,34,13478182334047215193,256,128,64,256,false
1,photo,35,9235152135157420592,256,128,64,256,false
1,photo,36,616101027857187082,256,128,64,256,false
1,photo,37,290376374618960415,256,128,64,256,false
1,photo,38,3815211203781749423,256,128,64,256,false
1,photo,39,14440661716024427879,256,128,64,256,false
1,photo,40,17468822299395654183,256,128,64,256,false
1,photo,41,1631488092970830943,256,128,64,256,false
1,photo,42,14698398428981698607,256,128,64,256,false
1,photo,43,1150673014555804441,256,128,64,256,false
1,photo,44,5555876470556303414,256,128,64,256,false
1,photo,45,9304186452581283123,256,128,64,256,false
1,photo,46,11175357600651193077,256,128,64,256,false
1,photo,47,15005247981142175542,256,128,64,256,false
1,photo,48,14133670717217196171,256,128,64,256,false
1,photo,49,4299031906497177738,256,128,64,256,false
1,photo,50,4273351509225615062,256,128,64,256,false
1,photo,51,14167405044555673619,256,128,64,256,false
1,photo,52,1973072212498801562,256,128,64,256,false
1,photo,53,9904119134700707859,256,128,64,256,false
1,photo,54,6572631265161018439,256,128,64,256,false
1,photo,55,1428073921650632148,256,128,64,256,false
1,photo,56,12535147030648907449,256,128,64,256,false
1,photo,57,1619253196231762723,256,128,64,256,false
1,photo,58,15728047788148368851,256,128,64,256,false
1,photo,59,9398977570913752208,256,128,64,256,false
1,photo,60,14736304900529733592,256,128,64,256,false
1,photo,61,13571103616601530130,256,128,64,256,false
1,photo,62,13513530032442958222,256,128,64,256,false
1,photo,63,16362246584565205701,256,128,64,256,false
1,photo,64,1728841714138563604,256,128,64,256,false
1,photo,65,7856092675299104710,256,128,64,256,false
1,photo,66,9672674528123561236,256,128,64,256,false
1,photo,67,15352609135475918608,256,128,64,256,false
1,photo,68,12234213110135120871,256,128,64,256,false
1,photo,69,5152064100616398197,256,128,64,256,false
1,photo,70,9952019986377358412,256,128,64,256,false
1,photo,71,4824670558664827080,256,128,64,256,false
1,photo,72,4133270752873332512,256,128,64,256,false
1,photo,73,15473969681343528217,256,128,64,256,false
1,photo,74,9068222193488559195,256,128,64,256,false
1,photo,75,3325743727494879155,256,128,64,256,false
1,photo,76,13045535694853084138,256,128,64,256,false
1,photo,77,9049885068068559546,256,128,64,256,false
1,photo,78,1292280198640567741,256,128,64,256,false
1,photo,79,2990147954629313824,256,128,64,256,false
1,photo,80,8732619679790575142,256,128,64,256,false
1,photo,81,3648195311821013823,256,128,64,256,false
1,photo,82,16308208472008588816,256,128,64,256,false
1,photo,83,9990335511600324896,256,128,64,256,false
1,photo,84,8507781580816915281,256,128,64,256,false
1,photo,85,15955109453052697453,256,128,64,256,false
1,photo,86,14613287041647304065,256,128,64,256,false
1,photo,87,16005252113248738316,256,128,64,256,false
1,photo,88,3268365503076257403,256,128,64,256,false
1,photo,89,14127292490134879974,256,128,64,256,false
1,photo,90,6064593637192317354,256,128,64,256,false
1,photo,91,597975291011056156,256,128,64,256,false
1,photo,92,12845024464096423097,256,128,64,256,false
1,photo,93,8826115614970608558,256,128,64,256,false
1,photo,94,15636550298348983195,256,128,64,256,false
1,photo,95,4556342139438692326,256,128,64,256,false
1,photo,96,7535785699907735323,256,128,64,256,false
1,photo,97,2360953554322944959,256,128,64,256,false
1,photo,98,2502196490699833469,256,128,64,256,false
1,photo,99,5144796121202560632,256,128,64,256,false
1,sketch,0,2015792038950011238,256,128,64,256,true
1,sketch,1,395737982575308455,256,128,64,256,false
1,sketch,2,14125397930167094393,256,128,64,256,false
1,sketch,3,7194195217551068162,256,128,64,256,false
1,sketch,4,16602412960328186987,256,128,64,256,false
1,sketch,5,2148969170590608827,256,128,64,256,false
1,sketch,6,5926385307376516141,256,128,64,256,false
1,sketch,7,13829531888713125695,256,128,64,256,false
1,sketch,8,6599928714765532154,256,128,64,256,false
1,sketch,9,13459573142018734343,256,128,64,256,false
1,sketch,10,9887789089427628488,256,128,64,256,false
1,sketch,11,13216203623911637437,256,128,64,256,false
1,sketch,12,14135317938180341638,256,128,64,256,false
1,sketch,13,3163474461165702754,256,128,64,256,false
1,sketch,14,2382378897902580405,256,128,64,256,false
1,sketch,15,621184229119576883,256,128,64,256,false
1,sketch,16,17729832403291946715,256,128,64,256,false
1,sketch,17,13454611925766273409,256,128,64,256,false
1,sketch,18,274133257158396151,256,128,64,256,false
1,sketch,19,11615741716540864058,256,128,64,256,false
1,sketch,20,6190684250730788501,256,128,64,256,false
1,sketch,21,12375001525254408868,256,128,64,256,false
1,sketch,22,1299065228950645801,256,128,64,256,false
1,sketch,23,11944806166805071976,256,128,64,256,false
1,sketch,24,17103960493902611312,256,128,64,256,false
1,sketch,25,8531096166343070320,256,128,64,256,false
1,sketch,26,4132781525162523210,256,128,64,256,false
1,sketch,27,3522954894008199336,256,128,64,256,false
1,sketch,28,10442829962385880138,256,128,64,256,false
1,sketch,29,5331951562091223318,256,128,64,256,false
1,sketch,30,8132253131891070594,256,128,64,256,false
1,sketch,31,3161295802249381185,256,128,64,256,false
1,sketch,32,18137071168185393654,256,128,64,256,false
1,sketch,33,13708656170816784218,256,128,64,256,false
1,sketch,34,11791286670783997886,256,128,64,256,false
1,sketch,35,17845036945748621598,256,128,64,256,false
1,sketch,36,16997896557711861536,256,128,64,256,false
1,sketch,37,5755827337559811318,256,128,64,256,false
1,sketch,38,9396416642774481187,256,128,64,256,false
1,sketch,39,10804389885654798067,256,128,64,256,false
1,sketch,40,9215621386256257798,256,128,64,256,false
1,sketch,41,6682524935378775243,256,128,64,256,false
1,sketch,42,206838214639528614,256,128,64,256,false
1,sketch,43,7957668944201479046,256,128,64,256,false
1,sketch,44,16695867003594845643,256,128,64,256,false
1,sketch,45,14120216737911784667,256,128,64,256,false
1,sketch,46,16332812758720832297,256,128,64,256,false
1,sketch,47,14180250765782697673,256,128,64,256,false
1,sketch,48,13130985306314384616,256,128,64,256,false
1,sketch,49,337638402193549745,256,128,64,256,false
1,sketch,50,13668703187263124914,256,128,64,256,false
1,sketch,51,5289369831603979221,256,128,64,256,false
1,sketch,52,6735174616658476,256,128,64,256,false
1,sketch,53,3563448575245417918,256,128,64,256,false
1,sketch,54,3445494352871420742,256,128,64,256,false
1,sketch,55,14578705462902298136,256,128,64,256,false
1,sketch,56,14268298590124043309,256,128,64,256,false
1,sketch,57,15571081702980415367,256,128,64,256,false
1,sketch,58,4170935540451833750,256,128,64,256,false
1,sketch,59,13531832722833615964,256,128,64,256,false
1,sketch,60,6259057955598846445,256,128,64,256,false
1,sketch,61,18143858205275172614,256,128,64,256,false
1,sketch,62,3762537978638313963,256,128,64,256,false
1,sketch,63,14107879739497664870,256,128,64,256,false
1,sketch,64,8700839847683810106,256,128,64,256,false
1,sketch,65,6361983009432066951,256,128,64,256,false
1,sketch,66,8184727808653951089,256,128,64,256,false
1,sketch,67,4748902732875417474,256,128,64,256,false
1,sketch,68,6738086996636120434,256,128,64,256,false
1,sketch,69,8144030906124540184,256,128,64,256,false
1,sketch,70,1990420033467299121,256,128,64,256,false
1,sketch,71,10241163070627486848,256,128,64,256,false
1,sketch,72,16561810282619072908,256,128,64,256,false
1,sketch,73,13718815315866558836,256,128,64,256,false
1,sketch,74,14747150436857685558,256,128,64,256,false
1,sketch,75,12246552409511469078,256,128,64,256,false
1,sketch,76,17863955243671160567,256,128,64,256,false
1,sketch,77,17053107192397893099,256,128,64,256,false
1,sketch,78,3250728170111374985,256,128,64,256,false
1,sketch,79,6424264017198970940,256,128,64,256,false
1,sketch,80,18096790310332429070,256,128,64,256,false
1,sketch,81,11950333147892286524,256,128,64,256,false
1,sketch,82,10386835106216357129,256,128,64,256,false
1,sketch,83,1098965553666022007,256,128,64,256,false
1,sketch,84,17289409363434013043,256,128,64,256,false
1,sketch,85,3741423999451487464,256,128,64,256,false
1,sketch,86,11670299117872852070,256,128,64,256,false
1,sketch,87,5223182177317111406,256,128,64,256,false
1,sketch,88,17732835862777553036,256,128,64,256,false
1,sketch,89,6122841044934023156,256,128,64,256,false
1,sketch,90,2545912549337917329,256,128,64,256,false
1,sketch,91,18074268497282185389,256,128,64,256,false
1,sketch,92,13713598076050499713,256,128,64,256,false
1,sketch,93,1046057722548680597,256,128,64,256,false
1,sketch,94,8194543983939660984,256,128,64,256,false
1,sketch,95,676524444084560792,256,128,64,256,false
1,sketch,96,18168759564908549799,256,128,64,256,false
1,sketch,97,8801206583149259343,256,128,64,256,false
1,sketch,98,2559399790870071511,256,128,64,256,false
1,sketch,99,5729427607690275535,256,128,64,256,false
2,art_painting,0,14205392823422361943,256,128,64,256,true
2,art_painting,1,17462489898897153124,256,128,64,256,false
2,art_painting,2,12379879476168880646,256,128,64,256,false
2,art_painting,3,17161575795847077180,256,128,64,256,false
2,art_painting,4,7727287684935734409,256,128,64,256,false
2,art_painting,5,8488429594358242607,256,128,64,256,false
2,art_painting,6,4240405392632033439,256,128,64,256,false
2,art_painting,7,4458741840153973306,256,128,64,256,false
2,art_painting,8,9748302745200598924,256,128,64,256,false
2,art_painting,9,420420539287726811,256,128,64,256,false
2,art_painting,10,994575787593534878,256,128,64,256,false
2,art_painting,11,11851760418445482186,256,128,64,256,false
2,art_painting,12,5702671446213585889,256,128,64,256,false
2,art_painting,13,18090464755726216384,256,128,64,256,false
2,art_painting,14,6661572077971075661,256,128,64,256,false
2,art_painting,15,3063346571836204568,256,128,64,256,false
2,art_painting,16,8169406869454402200,256,128,64,256,false
2,art_painting,17,16604608895543420981,256,128,64,256,false
2,art_painting,18,1076037535539648698,256,128,64,256,false
2,art_painting,19,14035859688138408076,256,128,64,256,false
2,art_painting,20,14871192171114085101,256,128,64,256,false
2,art_painting,21,7763320684902819519,256,128,64,256,false
2,art_painting,22,5275063881644952354,256,128,64,256,false
2,art_painting,23,12010398565442508122,256,128,64,256,false
2,art_painting,24,3462963834407218391,256,128,64,256,false
2,art_painting,25,6743064290575640246,256,128,64,256,false
2,art_painting,26,10920914377893209436,256,128,64,256,false
2,art_painting,27,12169390094305315707,256,128,64,256,false
2,art_painting,28,13275940043333986056,256,128,64,256,false
2,art_painting,29,15273382060319682398,256,128,64,256,false
2,art_painting,30,3882204793906106585,256,128,64,256,false
2,art_painting,31,17014995551988964907,256,128,64,256,false
2,art_painting,32,221195943646975166,256,128,64,256,false
2,art_painting,33,2689991003209107056,256,128,64,256,false
2,art_painting,34,11486646144055767671,256,128,64,256,false
2,art_painting,35,7468132938261990766,256,128,64,256,false
2,art_painting,36,8657574358178949144,256,128,64,256,false
2,art_painting,37,2372465453713276462,256,128,64,256,false
2,art_painting,38,2684011160085177873,256,128,64,256,false
2,art_painting,39,15106274575146037812,256,128,64,256,false
2,art_painting,40,16923926770097965815,256,128,64,256,false
2,art_painting,41,15149849738419244098,256,128,64,256,false
2,art_painting,42,15994710304705694030,256,128,64,256,false
2,art_painting,43,4777767129854674435,256,128,64,256,false
2,art_painting,44,7874597230972032161,256,128,64,256,false
2,art_painting,45,15793775919619979765,256,128,64,256,false
2,art_painting,46,17861154988424857640,256,128,64,256,false
2,art_painting,47,12504482977584810784,256,128,64,256,false
2,art_painting,48,2034285223261923065,256,128,64,256,false
2,art_painting,49,11610717979236144622,256,128,64,256,false
2,art_painting,50,6761890621702027872,256,128,64,256,false
2,art_painting,51,10248164068906614102,256,128,64,256,false
2,art_painting,52,637553445218642613,256,128,64,256,false
2,art_painting,53,16121598690619570661,256,128,64,256,false
2,art_painting,54,16343095878890976357,256,128,64,256,false
2,art_painting,55,14271720261846726164,256,128,64,256,false
2,art_painting,56,183125820588316216,256,128,64,256,false
2,art_painting,57,5831882582116117125,256,128,64,256,false
2,art_painting,58,8258502632984445392,256,128,64,256,false
2,art_painting,59,5358895606786180212,256,128,64,256,false
2,art_painting,60,15698525828673795916,256,128,64,256,false
2,art_painting,61,9098998177540102130,256,128,64,256,false
2,art_painting,62,16267748280960574666,256,128,64,256,false
2,art_painting,63,1704714977547926548,256,128,64,256,false
2,art_painting,64,11179526947541736018,256,128,64,256,false
2,art_painting,65,2730270000870052303,256,128,64,256,false
2,art_painting,66,5822940119462848567,256,128,64,256,false
2,art_painting,67,4413097586221181277,256,128,64,256,false
2,art_painting,68,11541126843625969933,256,128,64,256,false
2,art_painting,69,6395187810910430415,256,128,64,256,false
2,art_painting,70,9288484783553717274,256,128,64,256,false
2,art_painting,71,8366472356336078085,256,128,64,256,false
2,art_painting,72,12335795837276789117,256,128,64,256,false
2,art_painting,73,14451575458508536509,256,128,64,256,false
2,art_painting,74,17583150119420849603,256,128,64,256,false
2,art_painting,75,3026097744796254675,256,128,64,256,false
2,art_painting,76,4844753607654360853,256,128,64,256,false
2,art_painting,77,11887829110708100785,256,128,64,256,false
2,art_painting,78,6989168000318282668,256,128,64,256,false
2,art_painting,79,6135050602537791043,256,128,64,256,false
2,art_painting,80,2087267269489537281,256,128,64,256,false
2,art_painting,81,12788548372439947921,256,128,64,256,false
2,art_painting,82,18237305385986369158,256,128,64,256,false
2,art_painting,83,9103702584011853008,256,128,64,256,false
2,art_painting,84,11981533703421500605,256,128,64,256,false
2,art_painting,85,4796926113120478363,256,128,64,256,false
2,art_painting,86,10033553211805175830,256,128,64,256,false
2,art_painting,87,11023756362734666251,256,128,64,256,false
2,art_painting,88,14769209877900850453,256,128,64,256,false
2,art_painting,89,3065791786440464056,256,128,64,256,false
2,art_painting,90,1843333277547865175,256,128,64,256,false
2,art_painting,91,3216517450068081866,256,128,64,256,false
2,art_painting,92,9204207757847847045,256,128,64,256,false
2,art_painting,93,12058803024147620277,256,128,64,256,false
2,art_painting,94,3790383343541911397,256,128,64,256,false
2,art_painting,95,3497990331905871606,256,128,64,256,false
2,art_painting,96,10663334137327871108,256,128,64,256,false
2,art_painting,97,7374204810428509177,256,128,64,256,false
2,art_painting,98,6121989839117365918,256,128,64,256,false
2,art_painting,99,15763493631202734597,256,128,64,256,false
2,cartoon,0,14585759494321175240,256,128,64,256,true
2,cartoon,1,16987555931385798726,256,128,64,256,false
2,cartoon,2,6012537965348139042,256,128,64,256,false
2,cartoon,3,1853492244846067934,256,128,64,256,false
2,cartoon,4,4546123811758775856,256,128,64,256,false
2,cartoon,5,8319417639051989089,256,128,64,256,false
2,cartoon,6,12236375309509018737,256,128,64,256,false
2,cartoon,7,15017719849628617188,256,128,64,256,false
2,cartoon,8,14318055376236438063,256,128,64,256,false
2,cartoon,9,12137398362656744835,256,128,64,256,false
2,cartoon,10,16075863630103294145,256,128,64,256,false
2,cartoon,11,6634038750960873899,256,128,64,256,false
2,cartoon,12,6865657239319418493,256,128,64,256,false
2,cartoon,13,4520479794391751383,256,128,64,256,false
2,cartoon,14,7229959694488129973,256,128,64,256,false
2,cartoon,15,226207334289587019,256,128,64,256,false
2,cartoon,16,6756717310902840667,256,128,64,256,false
2,cartoon,17,3099315808212370433,256,128,64,256,false
2,cartoon,18,8300400830699699137,256,128,64,256,false
2,cartoon,19,12034592428661530389,256,128,64,256,false
2,cartoon,20,3671436803561694484,256,128,64,256,false
2,cartoon,21,14063272330053992878,256,128,64,256,false
2,cartoon,22,18137484456571972158,256,128,64,256,false
2,cartoon,23,4894587735001923756,256,128,64,256,false
2,cartoon,24,16604648008940616731,256,128,64,256,false
2,cartoon,25,3250209012945277596,256,128,64,256,false
2,cartoon,26,11543924961981665909,256,128,64,256,false
2,cartoon,27,8773369852132396158,256,128,64,256,false
2,cartoon,28,957726757509700574,256,128,64,256,false
2,cartoon,29,8835696465785856700,256,128,64,256,false
2,cartoon,30,3355036688483835326,256,128,64,256,false
2,cartoon,31,2285640336884252252,256,128,64,256,false
2,cartoon,32,3015552834460294405,256,128,64,256,false
2,cartoon,33,3633254757954668925,256,128,64,256,false
2,cartoon,34,4421885730724449541,256,128,64,256,false
2,cartoon,35,15821897759062505578,256,128,64,256,false
2,cartoon,36,18184255816171584212,256,128,64,256,false
2,cartoon,37,11359614754666909623,256,128,64,256,false
2,cartoon,38,14323128811098384051,256,128,64,256,false
2,cartoon,39,12347839074650299881,256,128,64,256,false
2,cartoon,40,14595256581840207381,256,128,64,256,false
2,cartoon,41,566410578487637039,256,128,64,256,false
2,cartoon,42,13064911483206025603,256,128,64,256,false
2,cartoon,43,8915271439559045522,256,128,64,256,false
2,cartoon,44,18080551811248363471,256,128,64,256,false
2,cartoon,45,12554410097062947496,256,128,64,256,false
2,cartoon,46,6037830343414862908,256,128,64,256,false
2,cartoon,47,8811391032318481281,256,128,64,256,false
2,cartoon,48,17377671409744868662,256,128,64,256,false
2,cartoon,49,6078784955454418428,256,128,64,256,false
2,cartoon,50,12800913373236927589,256,128,64,256,false
2,cartoon,51,11486228878340755196,256,128,64,256,false
2,cartoon,52,8988721188413112553,256,128,64,256,false
2,cartoon,53,9688629648849289030,256,128,64,256,false
2,cartoon,54,1250371617872254367,256,128,64,256,false
2,cartoon,55,18075239537973166130,256,128,64,256,false
2,cartoon,56,526080016888799318,256,128,64,256,false
2,cartoon,57,6274824327319841962,256,128,64,256,false
2,cartoon,58,15566034462498344018,256,128,64,256,false
2,cartoon,59,3394895576729972002,256,128,64,256,false
2,cartoon,60,4539165082540791174,256,128,64,256,false
2,cartoon,61,18377019270399804017,256,128,64,256,false
2,cartoon,62,17299311765109981465,256,128,64,256,false
2,cartoon,63,10533210157242821304,256,128,64,256,false
2,cartoon,64,11871665987886564324,256,128,64,256,false
2,cartoon,65,5242513334933037492,256,128,64,256,false
2,cartoon,66,16261683163192303784,256,128,64,256,false
2,cartoon,67,9050580635667306415,256,128,64,256,false
2,cartoon,68,561778048757671272,256,128,64,256,false
2,cartoon,69,4872530103582132272,256,128,64,256,false
2,cartoon,70,6339672746051090847,256,128,64,256,false
2,cartoon,71,2109656102155461937,256,128,64,256,false
2,cartoon,72,3755747898142500221,256,128,64,256,false
2,cartoon,73,14109636394675676341,256,128,64,256,false
2,cartoon,74,6152965666128046889,256,128,64,256,false
2,cartoon,75,3396800230496488384,256,128,64,256,false
2,cartoon,76,5395648214996713462,256,128,64,256,false
2,cartoon,77,11427981680660938876,256,128,64,256,false
2,cartoon,78,4884228463538914018,256,128,64,256,false
2,cartoon,79,17918695159812559629,256,128,64,256,false
2,cartoon,80,15784733049248295359,256,128,64,256,false
2,cartoon,81,605407082124335624,256,128,64,256,false
2,cartoon,82,15483147149913330548,256,128,64,256,false
2,cartoon,83,7155134618252422394,256,128,64,256,false
2,cartoon,84,8320314930366017590,256,128,64,256,false
2,cartoon,85,11163713085890162261,256,128,64,256,false
2,cartoon,86,16453302654172783569,256,128,64,256,false
2,cartoon,87,1461276754673498681,256,128,64,256,false
2,cartoon,88,1640931320651034403,256,128,64,256,false
2,cartoon,89,13789569471604271929,256,128,64,256,false
2,cartoon,90,13407981903307673145,256,128,64,256,false
2,cartoon,91,6749609262900649106,256,128,64,256,false
2,cartoon,92,14265062391453113447,256,128,64,256,false
2,cartoon,93,10256738562017565673,256,128,64,256,false
2,cartoon,94,5475259181813450076,256,128,64,256,false
2,cartoon,95,593229300090530605,256,128,64,256,false
2,cartoon,96,16163046874671491631,256,128,64,256,false
2,cartoon,97,11267801777056964450,256,128,64,256,false
2,cartoon,98,8769254303920006101,256,128,64,256,false
2,cartoon,99,11644732210114440422,256,128,64,256,false
2,photo,0,16020720096614582694,256,128,64,256,true
2,photo,1,17088504121850347470,256,128,64,256,false
2,photo,2,2136133326141448396,256,128,64,256,false
2,photo,3,9444001349250286204,256,128,64,256,false
2,photo,4,1572508977652582165,256,128,64,256,false
2,photo,5,7535240754373308288,256,128,64,256,false
2,photo,6,14831844740599743493,256,128,64,256,false
2,photo,7,2491057553018649333,256,128,64,256,false
2,photo,8,11308090319278272101,256,128,64,256,false
2,photo,9,11546488226009199222,256,128,64,256,false
2,photo,10,15610902298112270209,256,128,64,256,false
2,photo,11,5337272993649082656,256,128,64,256,false
2,photo,12,18123692601198385380,256,128,64,256,false
2,photo,13,15020621403788855043,256,128,64,256,false
2,photo,14,5192577209904899467,256,128,64,256,false
2,photo,15,5298897333447382236,256,128,64,256,false
2,photo,16,12807843867187765414,256,128,64,256,false
2,photo,17,2501242269096233676,256,128,64,256,false
2,photo,18,4507683183529288112,256,128,64,256,false
2,photo,19,1842284696904748850,256,128,64,256,false
2,photo,20,3002675193754061429,256,128,64,256,false
2,photo,21,17384412666443913596,256,128,64,256,false
2,photo,22,8994009811322270814,256,128,64,256,false
2,photo,23,2215069534446530984,256,128,64,256,false
2,photo,24,4989997499473429214,256,128,64,256,false
2,photo,25,2334178709448405209,256,128,64,256,false
2,photo,26,8918482796944386522,256,128,64,256,false
2,photo,27,591580304936240458,256,128,64,256,false
2,photo,28,8304693109335593978,256,128,64,256,false
2,photo,29,2589669242659653572,256,128,64,256,false
2,photo,30,14808855148351374743,256,128,64,256,false
2,photo,31,2509819051582684610,256,128,64,256,false
2,photo,32,8354816216298071814,256,128,64,256,false
2,photo,33,1497389995649360460,256,128,64,256,false
2,photo,34,1801611420527516766,256,128,64,256,false
2,photo,35,11715663529819774104,256,128,64,256,false
2,photo,36,1220341903416329925,256,128,64,256,false
2,photo,37,4428456250808380284,256,128,64,256,false
2,photo,38,11842630128982429439,256,128,64,256,false
2,photo,39,8325662764805560077,256,128,64,256,false
2,photo,40,1954196368135069772,256,128,64,256,false
2,photo,41,4678488528543138292,256,128,64,256,false
2,photo,42,12933625304997008281,256,128,64,256,false
2,photo,43,5303159415135571820,256,128,64,256,false
2,photo,44,4778738395616604428,256,128,64,256,false
2,photo,45,8574910533015046768,256,128,64,256,false
2,photo,46,3164584764776412034,256,128,64,256,false
2,photo,47,10696049788916737472,256,128,64,256,false
2,photo,48,7774209444069445218,256,128,64,256,false
2,photo,49,10451344890802419042,256,128,64,256,false
2,photo,50,15120666343572630981,256,128,64,256,false
2,photo,51,1519332115312617145,256,128,64,256,false
2,photo,52,262308356067277414,256,128,64,256,false
2,photo,53,8764756484962722156,256,128,64,256,false
2,photo,54,49699190296995459,256,128,64,256,false
2,photo,55,2436934704240472345,256,128,64,256,false
2,photo,56,3737632965375744666,256,128,64,256,false
2,photo,57,7273326799588727052,256,128,64,256,false
2,photo,58,3153410996637677959,256,128,64,256,false
2,photo,59,13536386178169590948,256,128,64,256,false
2,photo,60,16113936254736979298,256,128,64,256,false
2,photo,61,6213289198955507276,256,128,64,256,false
2,photo,62,11628432762797326747,256,128,64,256,false
2,photo,63,8941227225283874279,256,128,64,256,false
2,photo,64,91568484175795371,256,128,64,256,false
2,photo,65,10892313692400493164,256,128,64,256,false
2,photo,66,13886158007275786408,256,128,64,256,false
2,photo,67,16410800245375814971,256,128,64,256,false
2,photo,68,17125944091992824976,256,128,64,256,false
2,photo,69,15225021098908310599,256,128,64,256,false
2,photo,70,8041403747017550027,256,128,64,256,false
2,photo,71,11436918758199234670,256,128,64,256,false
2,photo,72,13533805612230128946,256,128,64,256,false
2,photo,73,10335507897375249638,256,128,64,256,false
2,photo,74,4884685998464332084,256,128,64,256,false
2,photo,75,14797221502946341274,256,128,64,256,false
2,photo,76,4730375327745494644,256,128,64,256,false
2,photo,77,8116867840739988141,256,128,64,256,false
2,photo,78,9457180714505896424,256,128,64,256,false
2,photo,79,7383594902402399442,256,128,64,256,false
2,photo,80,7040220358659687473,256,128,64,256,false
2,photo,81,10159515372681903334,256,128,64,256,false
2,photo,82,1894987968340488185,256,128,64,256,false
2,photo,83,18043516073152141926,256,128,64,256,false
2,photo,84,8534678313101227582,256,128,64,256,false
2,photo,85,16976846558816693382,256,128,64,256,false
2,photo,86,11590389958896630136,256,128,64,256,false
2,photo,87,8084640534616249816,256,128,64,256,false
2,photo,88,1542977130493253442,256,128,64,256,false
2,photo,89,6339122422055989078,256,128,64,256,false
2,photo,90,1859382238537160358,256,128,64,256,false
2,photo,91,17138723446251189289,256,128,64,256,false
2,photo,92,9098083349969544529,256,128,64,256,false
2,photo,93,13139471532095409969,256,128,64,256,false
2,photo,94,10699906505495523725,256,128,64,256,false
2,photo,95,8353471765833248177,256,128,64,256,false
2,photo,96,13616155361603166555,256,128,64,256,false
2,photo,97,17925129981682300760,256,128,64,256,false
2,photo,98,5460477833057837944,256,128,64,256,false
2,photo,99,14543427362611151983,256,128,64,256,false
2,sketch,0,3750305415383635057,256,128,64,256,true
2,sketch,1,455018376397314169,256,128,64,256,false
2,sketch,2,173517329366782665,256,128,64,256,false
2,sketch,3,1644265727734491033,256,128,64,256,false
2,sketch,4,13154179474121094653,256,128,64,256,false
2,sketch,5,8887554299645928390,256,128,64,256,false
2,sketch,6,17805251621985010077,256,128,64,256,false
2,sketch,7,17712699543693779795,256,128,64,256,false
2,sketch,8,9662062730834703165,256,128,64,256,false
2,sketch,9,17784101928716215798,256,128,64,256,false
2,sketch,10,468876398207332408,256,128,64,256,false
2,sketch,11,13182638496964673184,256,128,64,256,false
2,sketch,12,15288336274581964402,256,128,64,256,false
2,sketch,13,15714055596371764368,256,128,64,256,false
2,sketch,14,9012343232527633804,256,128,64,256,false
2,sketch,15,17227509205008953580,256,128,64,256,false
2,sketch,16,7027004974437034518,256,128,64,256,false
2,sketch,17,10919945787106940950,256,128,64,256,false
2,sketch,18,4617096681347466073,256,128,64,256,false
2,sketch,19,2005724720946992689,256,128,64,256,false
2,sketch,20,17547844887495311575,256,128,64,256,false
2,sketch,21,10286784711970336531,256,128,64,256,false
2,sketch,22,11063259898804686539,256,128,64,256,false
2,sketch,23,15831971234999809226,256,128,64,256,false
2,sketch,24,2984472126142261098,256,128,64,256,false
2,sketch,25,3263573647675432000,256,128,64,256,false
2,sketch,26,6713406016647973494,256,128,64,256,false
2,sketch,27,14448020613572111259,256,128,64,256,false
2,sketch,28,897731548220005550,256,128,64,256,false
2,sketch,29,9525046868112509998,256,128,64,256,false
2,sketch,30,13713039589516644342,256,128,64,256,false
2,sketch,31,9135553649251850341,256,128,64,256,false
2,sketch,32,520382974619809163,256,128,64,256,false
2,sketch,33,10022179070700586718,256,128,64,256,false
2,sketch,34,1392293460290132050,256,128,64,256,false
2,sketch,35,4643417200014529874,256,128,64,256,false
2,sketch,36,11713311626290031245,256,128,64,256,false
2,sketch,37,8062307100253260700,256,128,64,256,false
2,sketch,38,4024818944496288484,256,128,64,256,false
2,sketch,39,2507500120620882307,256,128,64,256,false
2,sketch,40,6785843986735271851,256,128,64,256,false
2,sketch,41,3460096866006817783,256,128,64,256,false
2,sketch,42,16999124819312747046,256,128,64,256,false
2,sketch,43,9062385394378663888,256,128,64,256,false
2,sketch,44,3908214326133984793,256,128,64,256,false
2,sketch,45,14473343918615710795,256,128,64,256,false
2,sketch,46,5546478828224466824,256,128,64,256,false
2,sketch,47,14480028616505365701,256,128,64,256,false
2,sketch,48,5277603678317327361,256,128,64,256,false
2,sketch,49,4855134729559057533,256,128,64,256,false
2,sketch,50,3858730757949642284,256,128,64,256,false
2,sketch,51,12221717599797462144,256,128,64,256,false
2,sketch,52,18406177771382121769,256,128,64,256,false
2,sketch,53,14755591791566001362,256,128,64,256,false
2,sketch,54,4242329371418392494,256,128,64,256,false
2,sketch,55,1139358383779187507,256,128,64,256,false
2,sketch,56,13074333522345653880,256,128,64,256,false
2,sketch,57,6294944808782851650,256,128,64,256,false
2,sketch,58,7999110541039877496,256,128,64,256,false
2,sketch,59,11243064154259247405,256,128,64,256,false
2,sketch,60,3236109777716612652,256,128,64,256,false
2,sketch,61,11099612371553324939,256,128,64,256,false
2,sketch,62,10643635236875451491,256,128,64,256,false
2,sketch,63,1427541328349945052,256,128,64,256,false
2,sketch,64,17488441087464509962,256,128,64,256,false
2,sketch,65,15894880787491619332,256,128,64,256,false
2,sketch,66,11143292460433627108,256,128,64,256,false
2,sketch,67,14099839894358722344,256,128,64,256,false
2,sketch,68,4893343667164147577,256,128,64,256,false
2,sketch,69,6441653114116316993,256,128,64,256,false
2,sketch,70,11537832070365325892,256,128,64,256,false
2,sketch,71,4901830218773339645,256,128,64,256,false
2,sketch,72,13110384953669052351,256,128,64,256,false
2,sketch,73,9419223395257420250,256,128,64,256,false
2,sketch,74,7348755004566238217,256,128,64,256,false
2,sketch,75,17805612867176492340,256,128,64,256,false
2,sketch,76,10509734018967501864,256,128,64,256,false
2,sketch,77,16185997232032802045,256,128,64,256,false
2,sketch,78,4322669213090588766,256,128,64,256,false
2,sketch,79,2083731714625515358,256,128,64,256,false
2,sketch,80,4061343954963296158,256,128,64,256,false
2,sketch,81,6854012018540896473,256,128,64,256,false
2,sketch,82,2316988893723611310,256,128,64,256,false
2,sketch,83,1199515842957164918,256,128,64,256,false
2,sketch,84,10317319603777211545,256,128,64,256,false
2,sketch,85,17971102615302938085,256,128,64,256,false
2,sketch,86,15758308606059753173,256,128,64,256,false
2,sketch,87,6602285395332285153,256,128,64,256,false
2,sketch,88,10271577893577458170,256,128,64,256,false
2,sketch,89,8542874618481858472,256,128,64,256,false
2,sketch,90,3612409201700341249,256,128,64,256,false
2,sketch,91,3208489536740476425,256,128,64,256,false
2,sketch,92,15385781828404965796,256,128,64,256,false
2,sketch,93,2608832015650016898,256,128,64,256,false
2,sketch,94,10880839070841642936,256,128,64,256,false
2,sketch,95,13057512770976471876,256,128,64,256,false
2,sketch,96,7638443084990193266,256,128,64,256,false
2,sketch,97,18286094894945275558,256,128,64,256,false
2,sketch,98,16591311190085005004,256,128,64,256,false
2,sketch,99,5164342824959783959,256,128,64,256,false
3,art_painting,0,10470796930175832721,256,128,64,256,true
3,art_painting,1,13732361604610118348,256,128,64,256,false
3,art_painting,2,9468828759890150199,256,128,64,256,false
3,art_painting,3,14199467479514587123,256,128,64,256,false
3,art_painting,4,8031290356055471794,256,128,64,256,false
3,art_painting,5,11415604305240606479,256,128,64,256,false
3,art_painting,6,5093257720937635295,256,128,64,256,false
3,art_painting,7,441263952644792538,256,128,64,256,false
3,art_painting,8,17431834446297429666,256,128,64,256,false
3,art_painting,9,9174089291051648676,256,128,64,256,false
3,art_painting,10,8681512546016377103,256,128,64,256,false
3,art_painting,11,7517159354256347344,256,128,64,256,false
3,art_painting,12,7448316054311963886,256,128,64,256,false
3,art_painting,13,18408448570322103711,256,128,64,256,false
3,art_painting,14,8851033964747958944,256,128,64,256,false
3,art_painting,15,15607818472013203425,256,128,64,256,false
3,art_painting,16,7049131280510675262,256,128,64,256,false
3,art_painting,17,9599380629455944332,256,128,64,256,false
3,art_painting,18,13927784996837574835,256,128,64,256,false
3,art_painting,19,17509242332543900156,256,128,64,256,false
3,art_painting,20,13275089244723177314,256,128,64,256,false
3,art_painting,21,10511216389849027136,256,128,64,256,false
3,art_painting,22,53660321450546798,256,128,64,256,false
3,art_painting,23,8266989495521015371,256,128,64,256,false
3,art_painting,24,9068807730872795461,256,128,64,256,false
3,art_painting,25,10110071014093117509,256,128,64,256,false
3,art_painting,26,4064948405298971625,256,128,64,256,false
3,art_painting,27,9154915114488779646,256,128,64,256,false
3,art_painting,28,17312446522349720122,256,128,64,256,false
3,art_painting,29,7441493646429525821,256,128,64,256,false
3,art_painting,30,4174568411274281924,256,128,64,256,false
3,art_painting,31,1945638091557083055,256,128,64,256,false
3,art_painting,32,4384694325687481959,256,128,64,256,false
3,art_painting,33,17004989704601734440,256,128,64,256,false
3,art_painting,34,14681346634710383180,256,128,64,256,false
3,art_painting,35,3547913698140990651,256,128,64,256,false
3,art_painting,36,1614440371621241277,256,128,64,256,false
3,art_painting,37,8709604457581674664,256,128,64,256,false
3,art_painting,38,4782540516576867667,256,128,64,256,false
3,art_painting,39,13783421934198689011,256,128,64,256,false
3,art_painting,40,442567022087760384,256,128,64,256,false
3,art_painting,41,9774141472868385237,256,128,64,256,false
3,art_painting,42,11684248194223451573,256,128,64,256,false
3,art_painting,43,16276142733153157783,256,128,64,256,false
3,art_painting,44,4150474798688297363,256,128,64,256,false
3,art_painting,45,4106965895757229793,256,128,64,256,false
3,art_painting,46,1459169993487007411,256,128,64,256,false
3,art_painting,47,17464798514968096367,256,128,64,256,false
3,art_painting,48,1498249801537386191,256,128,64,256,false
3,art_painting,49,8161624098584025411,256,128,64,256,false
3,art_painting,50,8872887119907119345,256,128,64,256,false
3,art_painting,51,5420069349678032400,256,128,64,256,false
3,art_painting,52,3133440501392261722,256,128,64,256,false
3,art_painting,53,17922207665957968830,256,128,64,256,false
3,art_painting,54,5401698725114322031,256,128,64,256,false
3,art_painting,55,10194090372100174437,256,128,64,256,false
3,art_painting,56,11794749346055635437,256,128,64,256,false
3,art_painting,57,6732713454174855980,256,128,64,256,false
3,art_painting,58,6341892923711631093,256,128,64,256,false
3,art_painting,59,1393550015208299467,256,128,64,256,false
3,art_painting,60,4154803989479985851,256,128,64,256,false
3,art_painting,61,9437204331787536072,256,128,64,256,false
3,art_painting,62,14128750972652884985,256,128,64,256,false
3,art_painting,63,14678462716584717758,256,128,64,256,false
3,art_painting,64,7141569800034158338,256,128,64,256,false
3,art_painting,65,3866458015244746835,256,128,64,256,false
3,art_painting,66,3312717135846032132,256,128,64,256,false
3,art_painting,67,14550737492230643800,256,128,64,256,false
3,art_painting,68,5000651304916507355,256,128,64,256,false
3,art_painting,69,9456289067321593369,256,128,64,256,false
3,art_painting,70,7506534212504798490,256,128,64,256,false
3,art_painting,71,8339848978225892843,256,128,64,256,false
3,art_painting,72,16077220541024700589,256,128,64,256,false
3,art_painting,73,14054096379478361724,256,128,64,256,false
3,art_painting,74,5495927332223728022,256,128,64,256,false
3,art_painting,75,1336656917780808607,256,128,64,256,false
3,art_painting,76,17657621266221311987,256,128,64,256,false
3,art_painting,77,13689536250671019184,256,128,64,256,false
3,art_painting,78,3430709464160991704,256,128,64,256,false
3,art_painting,79,8534343408723133314,256,128,64,256,false
3,art_painting,80,7934323504648623034,256,128,64,256,false
3,art_painting,81,5206429448078809635,256,128,64,256,false
3,art_painting,82,11489841347751612121,256,128,64,256,false
3,art_painting,83,945789182054841775,256,128,64,256,false
3,art_painting,84,17681508020517825717,256,128,64,256,false
3,art_painting,85,17342466797056208381,256,128,64,256,false
3,art_painting,86,14889883164807749467,256,128,64,256,false
3,art_painting,87,15291836898366588112,256,128,64,256,false
3,art_painting,88,10460552309720238310,256,128,64,256,false
3,art_painting,89,8856539862444756626,256,128,64,256,false
3,art_painting,90,5442790328855859452,256,128,64,256,false
3,art_painting,91,15981452445591388036,256,128,64,256,false
3,art_painting,92,4814828706816576337,256,128,64,256,false
3,art_painting,93,12541752717154937201,256,128,64,256,false
3,art_painting,94,12312872361427536609,256,128,64,256,false
3,art_painting,95,9803567316426083949,256,128,64,256,false
3,art_painting,96,15553176218138927571,256,128,64,256,false
3,art_painting,97,9375646304797008050,256,128,64,256,false
3,art_painting,98,771233524877913628,256,128,64,256,false
3,art_painting,99,7319833708469192730,256,128,64,256,false
3,cartoon,0,13663327989702198075,256,128,64,256,true
3,cartoon,1,997428294144694065,256,128,64,256,false
3,cartoon,2,8894235788107532239,256,128,64,256,false
3,cartoon,3,4642469256294725212,256,128,64,256,false
3,cartoon,4,10591841752132933210,256,128,64,256,false
3,cartoon,5,12826825917538917420,256,128,64,256,false
3,cartoon,6,6741112111574845062,256,128,64,256,false
3,cartoon,7,2441577597025121625,256,128,64,256,false
3,cartoon,8,5464932150079609365,256,128,64,256,false
3,cartoon,9,634087199509021602,256,128,64,256,false
3,cartoon,10,13454694132493763740,256,128,64,256,false
3,cartoon,11,5173533213834473490,256,128,64,256,false
3,cartoon,12,827531793951203594,256,128,64,256,false
3,cartoon,13,3539840798530597092,256,128,64,256,false
3,cartoon,14,15365817225529234020,256,128,64,256,false
3,cartoon,15,1032862516610644845,256,128,64,256,false
3,cartoon,16,14531147744064977363,256,128,64,256,false
3,cartoon,17,10987593688247423232,256,128,64,256,false
3,cartoon,18,18417164349438671261,256,128,64,256,false
3,cartoon,19,8001763395587063413,256,128,64,256,false
3,cartoon,20,13232970447317731980,256,128,64,256,false
3,cartoon,21,9733431244556711068,256,128,64,256,false
3,cartoon,22,6266494625612436392,256,128,64,256,false
3,cartoon,23,14650177545855473467,256,128,64,256,false
3,cartoon,24,2331159185963000121,256,128,64,256,false
3,cartoon,25,4133450664235308563,256,128,64,256,false
3,cartoon,26,3711885078481515811,256,128,64,256,false
3,cartoon,27,15844523022642623008,256,128,64,256,false
3,cartoon,28,6699703669145194389,256,128,64,256,false
3,cartoon,29,17277079862659430005,256,128,64,256,false
3,cartoon,30,12821483219737682826,256,128,64,256,false
3,cartoon,31,17906868155070457721,256,128,64,256,false
3,cartoon,32,17646736111167067768,256,128,64,256,false
3,cartoon,33,1635449011440430793,256,128,64,256,false
3,cartoon,34,9947354636087088078,256,128,64,256,false
3,cartoon,35,8698844583314728010,256,128,64,256,false
3,cartoon,36,14220068186049707876,256,128,64,256,false
3,cartoon,37,8603007275857259099,256,128,64,256,false
3,cartoon,38,13738121942535406260,256,128,64,256,false
3,cartoon,39,5276529582126807075,256,128,64,256,false
3,cartoon,40,9998831780487206689,256,128,64,256,false
3,cartoon,41,6079700555112946914,256,128,64,256,false
3,cartoon,42,6352562823276147969,256,128,64,256,false
3,cartoon,43,14590409745161042453,256,128,64,256,false
3,cartoon,44,18276433998864430945,256,128,64,256,false
3,cartoon,45,12335278471661151897,256,128,64,256,false
3,cartoon,46,3165054527876917614,256,128,64,256,false
3,cartoon,47,6678793359190794016,256,128,64,256,false
3,cartoon,48,14854204879306771017,256,128,64,256,false
3,cartoon,49,5598970955542806704,256,128,64,256,false
3,cartoon,50,7372043317286846225,256,128,64,256,false
3,cartoon,51,15062930906416315170,256,128,64,256,false
3,cartoon,52,5648580958935058926,256,128,64,256,false
3,cartoon,53,8671503098665296739,256,128,64,256,false
3,cartoon,54,10155530236549072308,256,128,64,256,false
3,cartoon,55,17369037798448190582,256,128,64,256,false
3,cartoon,56,5163284591121337105,256,128,64,256,false
3,cartoon,57,594577688648993254,256,128,64,256,false
3,cartoon,58,945006073306088046,256,128,64,256,false
3,cartoon,59,15959768101180279961,256,128,64,256,false
3,cartoon,60,9827396744449415907,256,128,64,256,false
3,cartoon,61,9988829668985044765,256,128,64,256,false
3,cartoon,62,7502525082591305489,256,128,64,256,false
3,cartoon,63,5388753946722448609,256,128,64,256,false
3,cartoon,64,9739701882354262628,256,128,64,256,false
3,cartoon,65,7145007681966447965,256,128,64,256,false
3,cartoon,66,5228860552934817833,256,128,64,256,false
3,cartoon,67,8314111135133406729,256,128,64,256,false
3,cartoon,68,13720765448490988994,256,128,64,256,false
3,cartoon,69,6796313161126150736,256,128,64,256,false
3,cartoon,70,3072940438587074956,256,128,64,256,false
3,cartoon,71,14336478034799957466,256,128,64,256,false
3,cartoon,72,13138581178289111168,256,128,64,256,false
3,cartoon,73,8157958454141500277,256,128,64,256,false
3,cartoon,74,6065041935247096184,256,128,64,256,false
3,cartoon,75,420546000193077366,256,128,64,256,false
3,cartoon,76,17466635638017262254,256,128,64,256,false
3,cartoon,77,16599751733649124823,256,128,64,256,false
3,cartoon,78,6553668059270275580,256,128,64,256,false
3,cartoon,79,4634831729152744840,256,128,64,256,false
3,cartoon,80,15366308006498144507,256,128,64,256,false
3,cartoon,81,15256408604620900365,256,128,64,256,false
3,cartoon,82,17048297566765499858,256,128,64,256,false
3,cartoon,83,5488562589892450053,256,128,64,256,false
3,cartoon,84,14937695980591337714,256,128,64,256,false
3,cartoon,85,16592822564930206609,256,128,64,256,false
3,cartoon,86,7741855454721549373,256,128,64,256,false
3,cartoon,87,2407860281830687811,256,128,64,256,false
3,cartoon,88,11578268115115015154,256,128,64,256,false
3,cartoon,89,16964818888922319724,256,128,64,256,false
3,cartoon,90,16994197842431719093,256,128,64,256,false
3,cartoon,91,13489397093118306544,256,128,64,256,false
3,cartoon,92,18020576878355548546,256,128,64,256,false
3,cartoon,93,8035961772652453474,256,128,64,256,false
3,cartoon,94,4248011628363322937,256,128,64,256,false
3,cartoon,95,11326778567187698553,256,128,64,256,false
3,cartoon,96,7183514003818597898,256,128,64,256,false
3,cartoon,97,5064400867701900584,256,128,64,256,false
3,cartoon,98,3408785537023752509,256,128,64,256,false
3,cartoon,99,16929776968014673519,256,128,64,256,false
3,photo,0,8944567418111707746,256,128,64,256,true
3,photo,1,6326088355490258351,256,128,64,256,false
3,photo,2,10328814713664860552,256,128,64,256,false
3,photo,3,13858387457385234182,256,128,64,256,false
3,photo,4,4861149971798527525,256,128,64,256,false
3,photo,5,17446285405815281569,256,128,64,256,false
3,photo,6,8300889274026907308,256,128,64,256,false
3,photo,7,8068538726663036156,256,128,64,256,false
3,photo,8,2187819879716526421,256,128,64,256,false
3,photo,9,16577363878532070175,256,128,64,256,false
3,photo,10,4217095531322749861,256,128,64,256,false
3,photo,11,3643729321578532063,256,128,64,256,false
3,photo,12,931682576052392361,256,128,64,256,false
3,photo,13,5208254017455507776,256,128,64,256,false
3,photo,14,11123151044027673203,256,128,64,256,false
3,photo,15,16459506736205433795,256,128,64,256,false
3,photo,16,11221687584372546459,256,128,64,256,false
3,photo,17,294062461581876624,256,128,64,256,false
3,photo,18,14752643599510758502,256,128,64,256,false
3,photo,19,18260509133293036145,256,128,64,256,false
3,photo,20,17650693037545895354,256,128,64,256,false
3,photo,21,17020338996542483996,256,128,64,256,false
3,photo,22,12959069299100771808,256,128,64,256,false
3,photo,23,4995981389355866637,256,128,64,256,false
3,photo,24,249167062325254576,256,128,64,256,false
3,photo,25,14677501847100159538,256,128,64,256,false
3,photo,26,13452539825409931484,256,128,64,256,false
3,photo,27,5104794718443009886,256,128,64,256,false
3,photo,28,12204188777629507883,256,128,64,256,false
3,photo,29,12068195025798036084,256,128,64,256,false
3,photo,30,11877720829936057041,256,128,64,256,false
3,photo,31,16681929567543403520,256,128,64,256,false
3,photo,32,9887618058607376696,256,128,64,256,false
3,photo,33,12939854783083516253,256,128,64,256,false
3,photo,34,6480731492946487608,256,128,64,256,false
3,photo,35,8009703262160742356,256,128,64,256,false
3,photo,36,7620061942829276141,256,128,64,256,false
3,photo,37,10343190967110838659,256,128,64,256,false
3,photo,38,18167957481128081002,256,128,64,256,false
3,photo,39,15499555980008695443,256,128,64,256,false
3,photo,40,3286330598607203973,256,128,64,256,false
3,photo,41,3323730956741487247,256,128,64,256,false
3,photo,42,6065282620466599356,256,128,64,256,false
3,photo,43,14719071804205375387,256,128,64,256,false
3,photo,44,7186361283371096725,256,128,64,256,false
3,photo,45,4435402937096704149,256,128,64,256,false
3,photo,46,11297549653384062642,256,128,64,256,false
3,photo,47,10354530008073533968,256,128,64,256,false
3,photo,48,17463163390770799549,256,128,64,256,false
3,photo,49,17388014026662704296,256,128,64,256,false
3,photo,50,3017783369418135018,256,128,64,256,false
3,photo,51,10857682851060850685,256,128,64,256,false
3,photo,52,15621358256171836493,256,128,64,256,false
3,photo,53,13584174628977499815,256,128,64,256,false
3,photo,54,16415397268549245382,256,128,64,256,false
3,photo,55,1931249823672316832,256,128,64,256,false
3,photo,56,9733184978623639568,256,128,64,256,false
3,photo,57,4021656766802374126,256,128,64,256,false
3,photo,58,4561084265385594495,256,128,64,256,false
3,photo,59,14590503543860104659,256,128,64,256,false
3,photo,60,12833428588237624626,256,128,64,256,false
3,photo,61,10617342971241734851,256,128,64,256,false
3,photo,62,14962002261820341594,256,128,64,256,false
3,photo,63,624575891475377047,256,128,64,256,false
3,photo,64,10147376658713721734,256,128,64,256,false
3,photo,65,12521165595341332268,256,128,64,256,false
3,photo,66,5507454569222375030,256,128,64,256,false
3,photo,67,3648158761053575959,256,128,64,256,false
3,photo,68,17734782518620049082,256,128,64,256,false
3,photo,69,1551832283270828581,256,128,64,256,false
3,photo,70,12416840519792609082,256,128,64,256,false
3,photo,71,59656335261873503,256,128,64,256,false
3,photo,72,5588234043270919119,256,128,64,256,false
3,photo,73,7249577368461880533,256,128,64,256,false
3,photo,74,2122357930040711435,256,128,64,256,false
3,photo,75,2206743092368635878,256,128,64,256,false
3,photo,76,6077666892275262076,256,128,64,256,false
3,photo,77,15937831164531719924,256,128,64,256,false
3,photo,78,16698703413363821325,256,128,64,256,false
3,photo,79,12479536760857499326,256,128,64,256,false
3,photo,80,17266826352888845375,256,128,64,256,false
3,photo,81,10918655519779135947,256,128,64,256,false
3,photo,82,13215066769250158532,256,128,64,256,false
3,photo,83,7339576029324501454,256,128,64,256,false
3,photo,84,6247515569745808441,256,128,64,256,false
3,photo,85,1419171857862433828,256,128,64,256,false
3,photo,86,7478836734993206927,256,128,64,256,false
3,photo,87,16965275810842561241,256,128,64,256,false
3,photo,88,6522221314859361682,256,128,64,256,false
3,photo,89,2546673689036729881,256,128,64,256,false
3,photo,90,18233605439380245010,256,128,64,256,false
3,photo,91,8809423312657052622,256,128,64,256,false
3,photo,92,11151249207955852143,256,128,64,256,false
3,photo,93,18008234933282836170,256,128,64,256,false
3,photo,94,13098078843275074697,256,128,64,256,false
3,photo,95,18315698127971671732,256,128,64,256,false
3,photo,96,3693120445883584284,256,128,64,256,false
3,photo,97,1697797634935201232,256,128,64,256,false
3,photo,98,848301429073781695,256,128,64,256,false
3,photo,99,14636349168037172068,256,128,64,256,false
3,sketch,0,2630072078374515064,256,128,64,256,true
3,sketch,1,1660136827625307077,256,128,64,256,false
3,sketch,2,6368304060191025602,256,128,64,256,false
3,sketch,3,860223609642447322,256,128,64,256,false
3,sketch,4,3748758468430044319,256,128,64,256,false
3,sketch,5,5117562917563900151,256,128,64,256,false
3,sketch,6,9919017202331724640,256,128,64,256,false
3,sketch,7,12729579268583596383,256,128,64,256,false
3,sketch,8,7667435593000455896,256,128,64,256,false
3,sketch,9,15947061997707266221,256,128,64,256,false
3,sketch,10,16677247082312183796,256,128,64,256,false
3,sketch,11,16570611336088604962,256,128,64,256,false
3,sketch,12,15893502282251870545,256,128,64,256,false
3,sketch,13,7392311301193655480,256,128,64,256,false
3,sketch,14,4435037725007260612,256,128,64,256,false
3,sketch,15,1661386278996100566,256,128,64,256,false
3,sketch,16,9356678292121409854,256,128,64,256,false
3,sketch,17,190542096794132153,256,128,64,256,false
3,sketch,18,7345292068387341932,256,128,64,256,false
3,sketch,19,6573956357352453878,256,128,64,256,false
3,sketch,20,18354650661311123083,256,128,64,256,false
3,sketch,21,11489977041008440901,256,128,64,256,false
3,sketch,22,16148228363611209887,256,128,64,256,false
3,sketch,23,8570977106247423073,256,128,64,256,false
3,sketch,24,5542896258936698461,256,128,64,256,false
3,sketch,25,12536230359698761937,256,128,64,256,false
3,sketch,26,11266359562452856916,256,128,64,256,false
3,sketch,27,13466194557015256351,256,128,64,256,false
3,sketch,28,13643666374995204340,256,128,64,256,false
3,sketch,29,17510690427062974608,256,128,64,256,false
3,sketch,30,12840357664062359640,256,128,64,256,false
3,sketch,31,11396044834671758395,256,128,64,256,false
3,sketch,32,5780894334266322530,256,128,64,256,false
3,sketch,33,10065280700720764233,256,128,64,256,false
3,sketch,34,10330394745901467857,256,128,64,256,false
3,sketch,35,8254969683242632673,256,128,64,256,false
3,sketch,36,18191340471522514194,256,128,64,256,false
3,sketch,37,1708578023884173843,256,128,64,256,false
3,sketch,38,9945622053220835082,256,128,64,256,false
3,sketch,39,1475078243722703875,256,128,64,256,false
3,sketch,40,5474513808195813548,256,128,64,256,false
3,sketch,41,3976525286152760091,256,128,64,256,false
3,sketch,42,13931652714969617541,256,128,64,256,false
3,sketch,43,18433532545739009806,256,128,64,256,false
3,sketch,44,9656996738474320442,256,128,64,256,false
3,sketch,45,9142472947584800055,256,128,64,256,false
3,sketch,46,13038045257128066030,256,128,64,256,false
3,sketch,47,16566315591367361019,256,128,64,256,false
3,sketch,48,14858527299735842369,256,128,64,256,false
3,sketch,49,1476713411235476440,256,128,64,256,false
3,sketch,50,14459095961467983644,256,128,64,256,false
3,sketch,51,15268858141732620881,256,128,64,256,false
3,sketch,52,10837020473288596361,256,128,64,256,false
3,sketch,53,6631194758089092614,256,128,64,256,false
3,sketch,54,10341529261137752151,256,128,64,256,false
3,sketch,55,18133857695590483122,256,128,64,256,false
3,sketch,56,5042575508741784774,256,128,64,256,false
3,sketch,57,6100046068592308604,256,128,64,256,false
3,sketch,58,2738066122076723397,256,128,64,256,false
3,sketch,59,15084042055840984304,256,128,64,256,false
3,sketch,60,12759120249119399982,256,128,64,256,false
3,sketch,61,16372686619725501781,256,128,64,256,false
3,sketch,62,7653213621585532591,256,128,64,256,false
3,sketch,63,234377899990657959,256,128,64,256,false
3,sketch,64,1369144976198411099,256,128,64,256,false
3,sketch,65,9939980886110072982,256,128,64,256,false
3,sketch,66,5583457250229304287,256,128,64,256,false
3,sketch,67,16094934785227434471,256,128,64,256,false
3,sketch,68,4842597245484792272,256,128,64,256,false
3,sketch,69,668590145930058409,256,128,64,256,false
3,sketch,70,2579835999652393180,256,128,64,256,false
3,sketch,71,2894633677703973528,256,128,64,256,false
3,sketch,72,16688151387499303713,256,128,64,256,false
3,sketch,73,14755618410775175100,256,128,64,256,false
3,sketch,74,18263700068497470771,256,128,64,256,false
3,sketch,75,9486878280490705882,256,128,64,256,false
3,sketch,76,5742072699436991350,256,128,64,256,false
3,sketch,77,4727149781730363971,256,128,64,256,false
3,sketch,78,12257005137751992145,256,128,64,256,false
3,sketch,79,14270420691167534546,256,128,64,256,false
3,sketch,80,10638838410048959624,256,128,64,256,false
3,sketch,81,12006840680079786178,256,128,64,256,false
3,sketch,82,16759812049203138527,256,128,64,256,false
3,sketch,83,13909203901918139324,256,128,64,256,false
3,sketch,84,15593008714267893949,256,128,64,256,false
3,sketch,85,7942647469848598814,256,128,64,256,false
3,sketch,86,5979077225796562046,256,128,64,256,false
3,sketch,87,1240165369737914530,256,128,64,256,false
3,sketch,88,3448570038744365334,256,128,64,256,false
3,sketch,89,15148855671687535402,256,128,64,256,false
3,sketch,90,10317971327217393745,256,128,64,256,false
3,sketch,91,8418231562155751128,256,128,64,256,false
3,sketch,92,16159454146516564139,256,128,64,256,false
3,sketch,93,12045102792437092273,256,128,64,256,false
3,sketch,94,10884330426506606012,256,128,64,256,false
3,sketch,95,5996890374407782030,256,128,64,256,false
3,sketch,96,15392795470070383740,256,128,64,256,false
3,sketch,97,7134314144512984208,256,128,64,256,false
3,sketch,98,5247882261161642312,256,128,64,256,false
3,sketch,99,608215229936613680,256,128,64,256,false
4,art_painting,0,13829085687857349217,256,128,64,256,true
4,art_painting,1,11783180708203394435,256,128,64,256,false
4,art_painting,2,2335959265017774002,256,128,64,256,false
4,art_painting,3,15579510854177492391,256,128,64,256,false
4,art_painting,4,6058435603858839975,256,128,64,256,false
4,art_painting,5,4630246023400883692,256,128,64,256,false
4,art_painting,6,14514587563290311983,256,128,64,256,false
4,art_painting,7,7307376877392470765,256,128,64,256,false
4,art_painting,8,9325035083480203734,256,128,64,256,false
4,art_painting,9,15695512934149780602,256,128,64,256,false
4,art_painting,10,342955935389794461,256,128,64,256,false
4,art_painting,11,5422368495409497378,256,128,64,256,false
4,art_painting,12,13222304330330456795,256,128,64,256,false
4,art_painting,13,5728906437924633002,256,128,64,256,false
4,art_painting,14,9717357166021272148,256,128,64,256,false
4,art_painting,15,10942126498045997689,256,128,64,256,false
4,art_painting,16,16778928363356832477,256,128,64,256,false
4,art_painting,17,17335929989333564315,256,128,64,256,false
4,art_painting,18,3363618239910927542,256,128,64,256,false
4,art_painting,19,16524147263702692730,256,128,64,256,false
4,art_painting,20,1009913613074924241,256,128,64,256,false
4,art_painting,21,10331884260493950521,256,128,64,256,false
4,art_painting,22,12207022998225360839,256,128,64,256,false
4,art_painting,23,9515291686760194953,256,128,64,256,false
4,art_painting,24,12221336596378515122,256,128,64,256,false
4,art_painting,25,12542121381230901989,256,128,64,256,false
4,art_painting,26,13135349471429977671,256,128,64,256,false
4,art_painting,27,9007409615383122217,256,128,64,256,false
4,art_painting,28,1157074354855215888,256,128,64,256,false
4,art_painting,29,6199210504617473311,256,128,64,256,false
4,art_painting,30,13195679536393209573,256,128,64,256,false
4,art_painting,31,13777566954648159220,256,128,64,256,false
4,art_painting,32,17782989908600999145,256,128,64,256,false
4,art_painting,33,3502415479736955823,256,128,64,256,false
4,art_painting,34,14301649095590341238,256,128,64,256,false
4,art_painting,35,6732855863767283511,256,128,64,256,false
4,art_painting,36,16593883342940328122,256,128,64,256,false
4,art_painting,37,15821158007214067421,256,128,64,256,false
4,art_painting,38,6216949515373489875,256,128,64,256,false
4,art_painting,39,16655949398427709322,256,128,64,256,false
4,art_painting,40,2930413528695814714,256,128,64,256,false
4,art_painting,41,14721848273560839608,256,128,64,256,false
4,art_painting,42,18390098980465294438,256,128,64,256,false
4,art_painting,43,12276603450560207888,256,128,64,256,false
4,art_painting,44,13610992225994947371,256,128,64,256,false
4,art_painting,45,4413574242038150059,256,128,64,256,false
4,art_painting,46,16405174298835585931,256,128,64,256,false
4,art_painting,47,9930231313700567505,256,128,64,256,false
4,art_painting,48,981640589984199967,256,128,64,256,false
4,art_painting,49,13756957424102532889,256,128,64,256,false
4,art_painting,50,10316236176201275514,256,128,64,256,false
4,art_painting,51,7903198509576020030,256,128,64,256,false
4,art_painting,52,16106692849638493481,256,128,64,256,false
4,art_painting,53,3857747673308071974,256,128,64,256,false
4,art_painting,54,7454187572092728679,256,128,64,256,false
4,art_painting,55,9326971836944214237,256,128,64,256,false
4,art_painting,56,10589811657407280194,256,128,64,256,false
4,art_painting,57,11263443662940097705,256,128,64,256,false
4,art_painting,58,458804345926773239,256,128,64,256,false
4,art_painting,59,8861785783580336480,256,128,64,256,false
4,art_painting,60,5644429213814274667,256,128,64,256,false
4,art_painting,61,10954344332858733240,256,128,64,256,false
4,art_painting,62,8785224132759845415,256,128,64,256,false
4,art_painting,63,11914929144594872796,256,128,64,256,false
4,art_painting,64,17495568696834487781,256,128,64,256,false
4,art_painting,65,15753027477002430267,256,128,64,256,false
4,art_painting,66,7788965733932146512,256,128,64,256,false
4,art_painting,67,13617905397564897107,256,128,64,256,false
4,art_painting,68,9213317446628919304,256,128,64,256,false
4,art_painting,69,16676226264589558848,256,128,64,256,false
4,art_painting,70,12345625458689994513,256,128,64,256,false
4,art_painting,71,11384721593255992475,256,128,64,256,false
4,art_painting,72,18045558446953709595,256,128,64,256,false
4,art_painting,73,4833864302174298333,256,128,64,256,false
4,art_painting,74,14274090529279295747,256,128,64,256,false
4,art_painting,75,10691432080482445885,256,128,64,256,false
4,art_painting,76,7912003255336715564,256,128,64,256,false
4,art_painting,77,2065948799764410218,256,128,64,256,false
4,art_painting,78,474993121456113318,256,128,64,256,false
4,art_painting,79,16700322886066176706,256,128,64,256,false
4,art_painting,80,2904730126041505906,256,128,64,256,false
4,art_painting,81,13998881672003882779,256,128,64,256,false
4,art_painting,82,15665949214958823578,256,128,64,256,false
4,art_painting,83,12313629860188776046,256,128,64,256,false
4,art_painting,84,5586225330518103940,256,128,64,256,false
4,art_painting,85,5502893697806584845,256,128,64,256,false
4,art_painting,86,585707370823293692,256,128,64,256,false
4,art_painting,87,5010516944917937789,256,128,64,256,false
4,art_painting,88,4681756025958582845,256,128,64,256,false
4,art_painting,89,18347837543303701013,256,128,64,256,false
4,art_painting,90,3561539114240078373,256,128,64,256,false
4,art_painting,91,11515230666939458636,256,128,64,256,false
4,art_painting,92,684101854218113898,256,128,64,256,false
4,art_painting,93,5200636729263258531,256,128,64,256,false
4,art_painting,94,3880497061736082691,256,128,64,256,false
4,art_painting,95,9603144690962388334,256,128,64,256,false
4,art_painting,96,12313784846482472124,256,128,64,256,false
4,art_painting,97,10683549485052127778,256,128,64,256,false
4,art_painting,98,7030057242040231088,256,128,64,256,false
4,art_painting,99,15600475469397020014,256,128,64,256,false
4,cartoon,0,6974019913641420860,256,128,64,256,true
4,cartoon,1,9619829285014583279,256,128,64,256,false
4,cartoon,2,17870748212932478733,256,128,64,256,false
4,cartoon,3,6318410050432968648,256,128,64,256,false
4,cartoon,4,221117916148608272,256,128,64,256,false
4,cartoon,5,2338423783922414140,256,128,64,256,false
4,cartoon,6,3721648674184572136,256,128,64,256,false
4,cartoon,7,13823565097126985287,256,128,64,256,false
4,cartoon,8,7314473059983736200,256,128,64,256,false
4,cartoon,9,15780052205051408780,256,128,64,256,false
4,cartoon,10,1991649828088405224,256,128,64,256,false
4,cartoon,11,16020691142973953713,256,128,64,256,false
4,cartoon,12,8902627421885652975,256,128,64,256,false
4,cartoon,13,17696305624063232164,256,128,64,256,false
4,cartoon,14,13855236982086338410,256,128,64,256,false
4,cartoon,15,14994928161102130935,256,128,64,256,false
4,cartoon,16,12413655444302043659,256,128,64,256,false
4,cartoon,17,11676056819423316157,256,128,64,256,false
4,cartoon,18,11162610731660270081,256,128,64,256,false
4,cartoon,19,12821817153945186352,256,128,64,256,false
4,cartoon,20,2738513897627954127,256,128,64,256,false
4,cartoon,21,6233790348455378399,256,128,64,256,false
4,cartoon,22,9552504270847798804,256,128,64,256,false
4,cartoon,23,11399421858730456942,256,128,64,256,false
4,cartoon,24,13515616369494629555,256,128,64,256,false
4,cartoon,25,8491158230124673423,256,128,64,256,false
4,cartoon,26,14847012008652391408,256,128,64,256,false
4,cartoon,27,7766467289025545405,256,128,64,256,false
4,cartoon,28,10325659808524433602,256,128,64,256,false
4,cartoon,29,13445582973111285657,256,128,64,256,false
4,cartoon,30,16983589246539041018,256,128,64,256,false
4,cartoon,31,16131952327699467677,256,128,64,256,false
4,cartoon,32,10000490765083364513,256,128,64,256,false
4,cartoon,33,13230880223305849236,256,128,64,256,false
4,cartoon,34,7667640203533425574,256,128,64,256,false
4,cartoon,35,3401575760337648358,256,128,64,256,false
4,cartoon,36,8587489716281759379,256,128,64,256,false
4,cartoon,37,11377305840777249926,256,128,64,256,false
4,cartoon,38,14651075792667018096,256,128,64,256,false
4,cartoon,39,5536358237088268655,256,128,64,256,false
4,cartoon,40,499075637711354737,256,128,64,256,false
4,cartoon,41,2792482618523518270,256,128,64,256,false
4,cartoon,42,13214885546674401445,256,128,64,256,false
4,cartoon,43,18345299518924028670,256,128,64,256,false
4,cartoon,44,12009806433901948514,256,128,64,256,false
4,cartoon,45,14474917359377714455,256,128,64,256,false
4,cartoon,46,14074095304237631086,256,128,64,256,false
4,cartoon,47,4157117274889646072,256,128,64,256,false
4,cartoon,48,14110592614678435575,256,128,64,256,false
4,cartoon,49,5327756525327855847,256,128,64,256,false
4,cartoon,50,12818869867075546582,256,128,64,256,false
4,cartoon,51,11681786731202541588,256,128,64,256,false
4,cartoon,52,8478596796228476452,256,128,64,256,false
4,cartoon,53,12646250628707743707,256,128,64,256,false
4,cartoon,54,6017533025255533089,256,128,64,256,false
4,cartoon,55,7661806525691670756,256,128,64,256,false
4,cartoon,56,11920484647259734018,256,128,64,256,false
4,cartoon,57,3569002389654111476,256,128,64,256,false
4,cartoon,58,11674044191846900357,256,128,64,256,false
4,cartoon,59,8566546665405986759,256,128,64,256,false
4,cartoon,60,5327371437105966951,256,128,64,256,false
4,cartoon,61,10260539974535901466,256,128,64,256,false
4,cartoon,62,14751451577092088857,256,128,64,256,false
4,cartoon,63,15640971089143671515,256,128,64,256,false
4,cartoon,64,10895047254832547008,256,128,64,256,false
4,cartoon,65,12272160696745350401,256,128,64,256,false
4,cartoon,66,1713179234275310478,256,128,64,256,false
4,cartoon,67,11920803966793275573,256,128,64,256,false
4,cartoon,68,17158785781352824018,256,128,64,256,false
4,cartoon,69,5586037566048978196,256,128,64,256,false
4,cartoon,70,14017189115186465250,256,128,64,256,false
4,cartoon,71,10420323949236779494,256,128,64,256,false
4,cartoon,72,3341750377324299856,256,128,64,256,false
4,cartoon,73,11456692427766834166,256,128,64,256,false
4,cartoon,74,3015824706208173065,256,128,64,256,false
4,cartoon,75,4692666304275506184,256,128,64,256,false
4,cartoon,76,12380326243990219823,256,128,64,256,false
4,cartoon,77,11508464552994843781,256,128,64,256,false
4,cartoon,78,12854806059993691451,256,128,64,256,false
4,cartoon,79,5857891290434247947,256,128,64,256,false
4,cartoon,80,8855116595453446338,256,128,64,256,false
4,cartoon,81,12164389984736378444,256,128,64,256,false
4,cartoon,82,11928585792625085714,256,128,64,256,false
4,cartoon,83,11105930669824896641,256,128,64,256,false
4,cartoon,84,17570252594131133675,256,128,64,256,false
4,cartoon,85,6170102063000273630,256,128,64,256,false
4,cartoon,86,14693371748314123860,256,128,64,256,false
4,cartoon,87,13151930633728238291,256,128,64,256,false
4,cartoon,88,16171586380638737694,256,128,64,256,false
4,cartoon,89,10731560209054994564,256,128,64,256,false
4,cartoon,90,13120740267201273485,256,128,64,256,false
4,cartoon,91,11441605100326665521,256,128,64,256,false
4,cartoon,92,14556537684422532491,256,128,64,256,false
4,cartoon,93,16247297530577874343,256,128,64,256,false
4,cartoon,94,15019832913618804641,256,128,64,256,false
4,cartoon,95,10811481075499924592,256,128,64,256,false
4,cartoon,96,12251425843227798576,256,128,64,256,false
4,cartoon,97,205246415004453105,256,128,64,256,false
4,cartoon,98,14902477008847511644,256,128,64,256,false
4,cartoon,99,5147612516219730287,256,128,64,256,false
4,photo,0,11152415192278008065,256,128,64,256,true
4,photo,1,6206173641348473714,256,128,64,256,false
4,photo,2,3523092743166616546,256,128,64,256,false
4,photo,3,17436763501811536989,256,128,64,256,false
4,photo,4,17099645349616373710,256,128,64,256,false
4,photo,5,7727208602179636246,256,128,64,256,false
4,photo,6,10329431723300576557,256,128,64,256,false
4,photo,7,18326210020740847849,256,128,64,256,false
4,photo,8,7390328087492580698,256,128,64,256,false
4,photo,9,17010226749316660064,256,128,64,256,false
4,photo,10,14487624123223259510,256,128,64,256,false
4,photo,11,10581864522467179201,256,128,64,256,false
4,photo,12,609035828282199172,256,128,64,256,false
4,photo,13,16694667335447827177,256,128,64,256,false
4,photo,14,7628514465651837308,256,128,64,256,false
4,photo,15,5081999599397165741,256,128,64,256,false
4,photo,16,18417029713501413617,256,128,64,256,false
4,photo,17,10728558207964953720,256,128,64,256,false
4,photo,18,14497138188300964407,256,128,64,256,false
4,photo,19,11239613888391918991,256,128,64,256,false
4,photo,20,13770963369502449438,256,128,64,256,false
4,photo,21,13551809788678088033,256,128,64,256,false
4,photo,22,14995985743276770257,256,128,64,256,false
4,photo,23,826624372795053839,256,128,64,256,false
4,photo,24,7305025026322598814,256,128,64,256,false
4,photo,25,9280788876718560094,256,128,64,256,false
4,photo,26,15820146843801104619,256,128,64,256,false
4,photo,27,8491801792501146391,256,128,64,256,false
4,photo,28,17914779110557897843,256,128,64,256,false
4,photo,29,7381710554966310798,256,128,64,256,false
4,photo,30,7369685411220831113,256,128,64,256,false
4,photo,31,13042201747182005568,256,128,64,256,false
4,photo,32,18223252423159392208,256,128,64,256,false
4,photo,33,13768092728384637925,256,128,64,256,false
4,photo,34,14231616151563495731,256,128,64,256,false
4,photo,35,9437006972936047925,256,128,64,256,false
4,photo,36,12019680400590896869,256,128,64,256,false
4,photo,37,7609911116535991219,256,128,64,256,false
4,photo,38,2435696016505593790,256,128,64,256,false
4,photo,39,8500926204854710282,256,128,64,256,false
4,photo,40,17647433196935173049,256,128,64,256,false
4,photo,41,16966082882889186495,256,128,64,256,false
4,photo,42,16586318078528585863,256,128,64,256,false
4,photo,43,12645294490478279678,256,128,64,256,false
4,photo,44,15606599884564781016,256,128,64,256,false
4,photo,45,14069195321971179130,256,128,64,256,false
4,photo,46,1950164235155663656,256,128,64,256,false
4,photo,47,11967087940306089391,256,128,64,256,false
4,photo,48,253779145441226117,256,128,64,256,false
4,photo,49,6564626460149505366,256,128,64,256,false
4,photo,50,17929055402987871232,256,128,64,256,false
4,photo,51,2866590597540358597,256,128,64,256,false
4,photo,52,1731218000937241549,256,128,64,256,false
4,photo,53,9385235348554700105,256,128,64,256,false
4,photo,54,531788730117905485,256,128,64,256,false
4,photo,55,18153215413019573251,256,128,64,256,false
4,photo,56,1416629175263997339,256,128,64,256,false
4,photo,57,10875402413963134213,256,128,64,256,false
4,photo,58,3408129388815940687,256,128,64,256,false
4,photo,59,2408854100456842192,256,128,64,256,false
4,photo,60,16394152886974798934,256,128,64,256,false
4,photo,61,9392026636279314991,256,128,64,256,false
4,photo,62,17187871837979875470,256,128,64,256,false
4,photo,63,10911631409278016299,256,128,64,256,false
4,photo,64,11359545267452789732,256,128,64,256,false
4,photo,65,11996063449602110036,256,128,64,256,false
4,photo,66,6346771423145290119,256,128,64,256,false
4,photo,67,5772380865225108472,256,128,64,256,false
4,photo,68,11759316729603720324,256,128,64,256,false
4,photo,69,17598460033657024415,256,128,64,256,false
4,photo,70,221021490415585232,256,128,64,256,false
4,photo,71,5715811291604707858,256,128,64,256,false
4,photo,72,16927564862396390852,256,128,64,256,false
4,photo,73,8656283285918713366,256,128,64,256,false
4,photo,74,991566185393189609,256,128,64,256,false
4,photo,75,460526764483422229,256,128,64,256,false
4,photo,76,11850162946885715312,256,128,64,256,false
4,photo,77,10952100323565483477,256,128,64,256,false
4,photo,78,2970513253240934849,256,128,64,256,false
4,photo,79,13988344740630821227,256,128,64,256,false
4,photo,80,7850156727415915427,256,128,64,256,false
4,photo,81,7289896521048469988,256,128,64,256,false
4,photo,82,3678129250808210005,256,128,64,256,false
4,photo,83,2821467855157629396,256,128,64,256,false
4,photo,84,8256129319541332621,256,128,64,256,false
4,photo,85,10860098293175993192,256,128,64,256,false
4,photo,86,3325304755052767540,256,128,64,256,false
4,photo,87,4679412021082390052,256,128,64,256,false
4,photo,88,10759433776772892607,256,128,64,256,false
4,photo,89,7892975503385174898,256,128,64,256,false
4,photo,90,7360074874221952224,256,128,64,256,false
4,photo,91,12398361587087643194,256,128,64,256,false
4,photo,92,16112333631853064106,256,128,64,256,false
4,photo,93,9302844481639007888,256,128,64,256,false
4,photo,94,14576720688505069274,256,128,64,256,false
4,photo,95,4442801065994375898,256,128,64,256,false
4,photo,96,9237533336200476328,256,128,64,256,false
4,photo,97,2966240265928876316,256,128,64,256,false
4,photo,98,17311107948790923983,256,128,64,256,false
4,photo,99,7434856022965087239,256,128,64,256,false
4,sketch,0,4626016090292626735,256,128,64,256,true
4,sketch,1,17912391560597217996,256,128,64,256,false
4,sketch,2,11747586729696706053,256,128,64,256,false
4,sketch,3,1133189870368796953,256,128,64,256,false
4,sketch,4,13122958920477077449,256,128,64,256,false
4,sketch,5,18340196957595426283,256,128,64,256,false
4,sketch,6,16619106637322191472,256,128,64,256,false
4,sketch,7,14770017982273090884,256,128,64,256,false
4,sketch,8,13108549472339727627,256,128,64,256,false
4,sketch,9,2811868612057894109,256,128,64,256,false
4,sketch,10,16792908802200756555,256,128,64,256,false
4,sketch,11,9302787965175673209,256,128,64,256,false
4,sketch,12,15318191500365092055,256,128,64,256,false
4,sketch,13,6491538886987402891,256,128,64,256,false
4,sketch,14,12837030400602260263,256,128,64,256,false
4,sketch,15,12844042909405999630,256,128,64,256,false
4,sketch,16,10443080955271294542,256,128,64,256,false
4,sketch,17,15518102613741878195,256,128,64,256,false
4,sketch,18,2862891161859604899,256,128,64,256,false
4,sketch,19,4620666653626412979,256,128,64,256,false
4,sketch,20,9437911523053103923,256,128,64,256,false
4,sketch,21,9448411049761877199,256,128,64,256,false
4,sketch,22,1168429569377179015,256,128,64,256,false
4,sketch,23,4965377148957487224,256,128,64,256,false
4,sketch,24,131334986701831,256,128,64,256,false
4,sketch,25,14291698850836335228,256,128,64,256,false
4,sketch,26,8719282111449584064,256,128,64,256,false
4,sketch,27,17236502404740428040,256,128,64,256,false
4,sketch,28,17579019696398621151,256,128,64,256,false
4,sketch,29,10614318539290704225,256,128,64,256,false
4,sketch,30,4723338457082371320,256,128,64,256,false
4,sketch,31,1890761428725712639,256,128,64,256,false
4,sketch,32,14373128696281658368,256,128,64,256,false
4,sketch,33,13801004548331840363,256,128,64,256,false
4,sketch,34,17088843268845973970,256,128,64,256,false
4,sketch,35,7415959089317880877,256,128,64,256,false
4,sketch,36,12630274706344438287,256,128,64,256,false
4,sketch,37,11020649416283041192,256,128,64,256,false
4,sketch,38,7635931548345876168,256,128,64,256,false
4,sketch,39,1686881937764736055,256,128,64,256,false
4,sketch,40,1007418531128636226,256,128,64,256,false
4,sketch,41,18014213374990245780,256,128,64,256,false
4,sketch,42,2145201624291928071,256,128,64,256,false
4,sketch,43,5482424053974328796,256,128,64,256,false
4,sketch,44,5802023538897308749,256,128,64,256,false
4,sketch,45,5168686769031060530,256,128,64,256,false
4,sketch,46,4841140118107821647,256,128,64,256,false
4,sketch,47,12362824553563318325,256,128,64,256,false
4,sketch,48,11423012787860262884,256,128,64,256,false
4,sketch,49,18044218401260274925,256,128,64,256,false
4,sketch,50,6469565414197311207,256,128,64,256,false
4,sketch,51,8488675259702146277,256,128,64,256,false
4,sketch,52,13563702137468518465,256,128,64,256,false
4,sketch,53,4992475989207015222,256,128,64,256,false
4,sketch,54,14431673385728444108,256,128,64,256,false
4,sketch,55,7289203795027482447,256,128,64,256,false
4,sketch,56,3571642154062485587,256,128,64,256,false
4,sketch,57,11764815159768995955,256,128,64,256,false
4,sketch,58,10636942964707367065,256,128,64,256,false
4,sketch,59,8971101537246582159,256,128,64,256,false
4,sketch,60,147883431507863873,256,128,64,256,false
4,sketch,61,4496996054115334611,256,128,64,256,false
4,sketch,62,13528055389031184735,256,128,64,256,false
4,sketch,63,15107978817743434595,256,128,64,256,false
4,sketch,64,5223994938468842758,256,128,64,256,false
4,sketch,65,12888714988952362999,256,128,64,256,false
4,sketch,66,4332145396388177817,256,128,64,256,false
4,sketch,67,15959658692411290041,256,128,64,256,false
4,sketch,68,11577348158207289444,256,128,64,256,false
4,sketch,69,1027801714691278851,256,128,64,256,false
4,sketch,70,9010614372740950711,256,128,64,256,false
4,sketch,71,14109613952615487026,256,128,64,256,false
4,sketch,72,9696377785530153250,256,128,64,256,false
4,sketch,73,8120260863173487836,256,128,64,256,false
4,sketch,74,11848434161884357921,256,128,64,256,false
4,sketch,75,2785392987708240666,256,128,64,256,false
4,sketch,76,14718524160547940990,256,128,64,256,false
4,sketch,77,7718388566005073426,256,128,64,256,false
4,sketch,78,3574154070133194453,256,128,64,256,false
4,sketch,79,10738283555081213924,256,128,64,256,false
4,sketch,80,7844684460915514940,256,128,64,256,false
4,sketch,81,9013533518863725651,256,128,64,256,false
4,sketch,82,6956679303674967429,256,128,64,256,false
4,sketch,83,8254017682880191307,256,128,64,256,false
4,sketch,84,16120210816312168134,256,128,64,256,false
4,sketch,85,11280456178344603371,256,128,64,256,false
4,sketch,86,6531417036782382551,256,128,64,256,false
4,sketch,87,10039064178022034467,256,128,64,256,false
4,sketch,88,7423334271461388918,256,128,64,256,false
4,sketch,89,12934496519291141815,256,128,64,256,false
4,sketch,90,11293096571413927096,256,128,64,256,false
4,sketch,91,17181722202835305781,256,128,64,256,false
4,sketch,92,10930611006412574406,256,128,64,256,false
4,sketch,93,9982403982233503821,256,128,64,256,false
4,sketch,94,16802581166999290040,256,128,64,256,false
4,sketch,95,11263496692145491243,256,128,64,256,false
4,sketch,96,18156334021148871362,256,128,64,256,false
4,sketch,97,12161360619504620085,256,128,64,256,false
4,sketch,98,6596013871406553010,256,128,64,256,false
4,sketch,99,9802455930380578194,256,128,64,256,false
