semantic_id,dataset,condition,arm,split,repetition,alpha,delta_r,delta_c,J,M,procedure,certified,effective_certified_coverage,coverage_lcb,risk_ucb,holm_raw_pvalue,holm_adjusted_pvalue,selected_candidate_index,selected_score,selected_slot,selected_gamma,selected_threshold
cifar100_proser_fedavg__split00__seed0__d0.1,cifar100,d0.1,proser_fedavg,0,0,0.2,0.05,0.05,5,12,H,0,0.0,0.0,,,,,,,,
cifar100_proser_fedavg__split00__seed0__d0.1,cifar100,d0.1,proser_fedavg,0,0,0.2,0.05,0.05,5,12,S,0,0.0,0.0,,,,,,,,
cifar100_proser_fedavg__split00__seed0__d0.1,cifar100,d0.1,proser_fedavg,0,0,0.2,0.05,0.05,5,12,B,0,0.0,0.0,,,,,,,,
cifar100_proser_fedavg__split00__seed0__d0.5,cifar100,d0.5,proser_fedavg,0,0,0.2,0.05,0.05,5,12,H,0,0.0,0.0,,,,,,,,
cifar100_proser_fedavg__split00__seed0__d0.5,cifar100,d0.5,proser_fedavg,0,0,0.2,0.05,0.05,5,12,S,0,0.0,0.0,,,,,,,,
cifar100_proser_fedavg__split00__seed0__d0.5,cifar100,d0.5,proser_fedavg,0,0,0.2,0.05,0.05,5,12,B,0,0.0,0.0,,,,,,,,
cifar100_proser_fedavg__split00__seed0__d5.0,cifar100,d5,proser_fedavg,0,0,0.2,0.05,0.05,5,12,H,0,0.0,0.0,,,,,,,,
cifar100_proser_fedavg__split00__seed0__d5.0,cifar100,d5,proser_fedavg,0,0,0.2,0.05,0.05,5,12,S,0,0.0,0.0,,,,,,,,
cifar100_proser_fedavg__split00__seed0__d5.0,cifar100,d5,proser_fedavg,0,0,0.2,0.05,0.05,5,12,B,0,0.0,0.0,,,,,,,,
cifar100_proser_fedavg__split00__seed1__d0.1,cifar100,d0.1,proser_fedavg,0,1,0.2,0.05,0.05,5,12,H,0,0.0,0.0,,,,,,,,
cifar100_proser_fedavg__split00__seed1__d0.1,cifar100,d0.1,proser_fedavg,0,1,0.2,0.05,0.05,5,12,S,0,0.0,0.0,,,,,,,,
cifar100_proser_fedavg__split00__seed1__d0.1,cifar100,d0.1,proser_fedavg,0,1,0.2,0.05,0.05,5,12,B,0,0.0,0.0,,,,,,,,
cifar100_proser_fedavg__split00__seed1__d0.5,cifar100,d0.5,proser_fedavg,0,1,0.2,0.05,0.05,5,12,H,0,0.0,0.0,,,,,,,,
cifar100_proser_fedavg__split00__seed1__d0.5,cifar100,d0.5,proser_fedavg,0,1,0.2,0.05,0.05,5,12,S,0,0.0,0.0,,,,,,,,
cifar100_proser_fedavg__split00__seed1__d0.5,cifar100,d0.5,proser_fedavg,0,1,0.2,0.05,0.05,5,12,B,0,0.0,0.0,,,,,,,,
cifar100_proser_fedavg__split00__seed1__d5.0,cifar100,d5,proser_fedavg,0,1,0.2,0.05,0.05,5,12,H,1,0.0514634068054518,0.0514634068054518,,0.002873312218992541,0.03447974662791049,8.0,margin,margin,0.3,0.9999959626325396
cifar100_proser_fedavg__split00__seed1__d5.0,cifar100,d5,proser_fedavg,0,1,0.2,0.05,0.05,5,12,S,1,0.0514634068054518,0.0514634068054518,0.19252899988959515,,,8.0,margin,margin,0.3,0.9999959626325396
cifar100_proser_fedavg__split00__seed1__d5.0,cifar100,d5,proser_fedavg,0,1,0.2,0.05,0.05,5,12,B,0,0.0,0.0,,,,,,,,
cifar100_proser_fedavg__split00__seed2__d0.1,cifar100,d0.1,proser_fedavg,0,2,0.2,0.05,0.05,5,12,H,0,0.0,0.0,,,,,,,,
cifar100_proser_fedavg__split00__seed2__d0.1,cifar100,d0.1,proser_fedavg,0,2,0.2,0.05,0.05,5,12,S,0,0.0,0.0,,,,,,,,
cifar100_proser_fedavg__split00__seed2__d0.1,cifar100,d0.1,proser_fedavg,0,2,0.2,0.05,0.05,5,12,B,0,0.0,0.0,,,,,,,,
cifar100_proser_fedavg__split00__seed2__d0.5,cifar100,d0.5,proser_fedavg,0,2,0.2,0.05,0.05,5,12,H,0,0.0,0.0,,,,,,,,
cifar100_proser_fedavg__split00__seed2__d0.5,cifar100,d0.5,proser_fedavg,0,2,0.2,0.05,0.05,5,12,S,0,0.0,0.0,,,,,,,,
cifar100_proser_fedavg__split00__seed2__d0.5,cifar100,d0.5,proser_fedavg,0,2,0.2,0.05,0.05,5,12,B,0,0.0,0.0,,,,,,,,
cifar100_proser_fedavg__split00__seed2__d5.0,cifar100,d5,proser_fedavg,0,2,0.2,0.05,0.05,5,12,H,0,0.0,0.0,,,,,,,,
cifar100_proser_fedavg__split00__seed2__d5.0,cifar100,d5,proser_fedavg,0,2,0.2,0.05,0.05,5,12,S,0,0.0,0.0,,,,,,,,
cifar100_proser_fedavg__split00__seed2__d5.0,cifar100,d5,proser_fedavg,0,2,0.2,0.05,0.05,5,12,B,0,0.0,0.0,,,,,,,,
cifar100_proser_fedavg__split00__seed3__d0.1,cifar100,d0.1,proser_fedavg,0,3,0.2,0.05,0.05,5,12,H,0,0.0,0.0,,,,,,,,
cifar100_proser_fedavg__split00__seed3__d0.1,cifar100,d0.1,proser_fedavg,0,3,0.2,0.05,0.05,5,12,S,0,0.0,0.0,,,,,,,,
cifar100_proser_fedavg__split00__seed3__d0.1,cifar100,d0.1,proser_fedavg,0,3,0.2,0.05,0.05,5,12,B,0,0.0,0.0,,,,,,,,
cifar100_proser_fedavg__split00__seed3__d0.5,cifar100,d0.5,proser_fedavg,0,3,0.2,0.05,0.05,5,12,H,0,0.0,0.0,,,,,,,,
cifar100_proser_fedavg__split00__seed3__d0.5,cifar100,d0.5,proser_fedavg,0,3,0.2,0.05,0.05,5,12,S,0,0.0,0.0,,,,,,,,
cifar100_proser_fedavg__split00__seed3__d0.5,cifar100,d0.5,proser_fedavg,0,3,0.2,0.05,0.05,5,12,B,0,0.0,0.0,,,,,,,,
cifar100_proser_fedavg__split00__seed3__d5.0,cifar100,d5,proser_fedavg,0,3,0.2,0.05,0.05,5,12,H,0,0.0,0.0,,,,,,,,
cifar100_proser_fedavg__split00__seed3__d5.0,cifar100,d5,proser_fedavg,0,3,0.2,0.05,0.05,5,12,S,0,0.0,0.0,,,,,,,,
cifar100_proser_fedavg__split00__seed3__d5.0,cifar100,d5,proser_fedavg,0,3,0.2,0.05,0.05,5,12,B,0,0.0,0.0,,,,,,,,
cifar100_proser_fedavg__split00__seed4__d0.1,cifar100,d0.1,proser_fedavg,0,4,0.2,0.05,0.05,5,12,H,0,0.0,0.0,,,,,,,,
cifar100_proser_fedavg__split00__seed4__d0.1,cifar100,d0.1,proser_fedavg,0,4,0.2,0.05,0.05,5,12,S,0,0.0,0.0,,,,,,,,
cifar100_proser_fedavg__split00__seed4__d0.1,cifar100,d0.1,proser_fedavg,0,4,0.2,0.05,0.05,5,12,B,0,0.0,0.0,,,,,,,,
cifar100_proser_fedavg__split00__seed4__d0.5,cifar100,d0.5,proser_fedavg,0,4,0.2,0.05,0.05,5,12,H,0,0.0,0.0,,,,,,,,
cifar100_proser_fedavg__split00__seed4__d0.5,cifar100,d0.5,proser_fedavg,0,4,0.2,0.05,0.05,5,12,S,0,0.0,0.0,,,,,,,,
cifar100_proser_fedavg__split00__seed4__d0.5,cifar100,d0.5,proser_fedavg,0,4,0.2,0.05,0.05,5,12,B,0,0.0,0.0,,,,,,,,
cifar100_proser_fedavg__split00__seed4__d5.0,cifar100,d5,proser_fedavg,0,4,0.2,0.05,0.05,5,12,H,0,0.0,0.0,,,,,,,,
cifar100_proser_fedavg__split00__seed4__d5.0,cifar100,d5,proser_fedavg,0,4,0.2,0.05,0.05,5,12,S,0,0.0,0.0,,,,,,,,
cifar100_proser_fedavg__split00__seed4__d5.0,cifar100,d5,proser_fedavg,0,4,0.2,0.05,0.05,5,12,B,0,0.0,0.0,,,,,,,,
cifar100_proser_fedavg__split01__seed0__d0.1,cifar100,d0.1,proser_fedavg,1,0,0.2,0.05,0.05,5,12,H,0,0.0,0.0,,,,,,,,
cifar100_proser_fedavg__split01__seed0__d0.1,cifar100,d0.1,proser_fedavg,1,0,0.2,0.05,0.05,5,12,S,0,0.0,0.0,,,,,,,,
cifar100_proser_fedavg__split01__seed0__d0.1,cifar100,d0.1,proser_fedavg,1,0,0.2,0.05,0.05,5,12,B,0,0.0,0.0,,,,,,,,
cifar100_proser_fedavg__split01__seed0__d0.5,cifar100,d0.5,proser_fedavg,1,0,0.2,0.05,0.05,5,12,H,0,0.0,0.0,,,,,,,,
cifar100_proser_fedavg__split01__seed0__d0.5,cifar100,d0.5,proser_fedavg,1,0,0.2,0.05,0.05,5,12,S,0,0.0,0.0,,,,,,,,
cifar100_proser_fedavg__split01__seed0__d0.5,cifar100,d0.5,proser_fedavg,1,0,0.2,0.05,0.05,5,12,B,0,0.0,0.0,,,,,,,,
cifar100_proser_fedavg__split01__seed0__d5.0,cifar100,d5,proser_fedavg,1,0,0.2,0.05,0.05,5,12,H,0,0.0,0.0,,,,,,,,
cifar100_proser_fedavg__split01__seed0__d5.0,cifar100,d5,proser_fedavg,1,0,0.2,0.05,0.05,5,12,S,0,0.0,0.0,,,,,,,,
cifar100_proser_fedavg__split01__seed0__d5.0,cifar100,d5,proser_fedavg,1,0,0.2,0.05,0.05,5,12,B,0,0.0,0.0,,,,,,,,
cifar100_proser_fedavg__split01__seed1__d0.1,cifar100,d0.1,proser_fedavg,1,1,0.2,0.05,0.05,5,12,H,0,0.0,0.0,,,,,,,,
cifar100_proser_fedavg__split01__seed1__d0.1,cifar100,d0.1,proser_fedavg,1,1,0.2,0.05,0.05,5,12,S,0,0.0,0.0,,,,,,,,
cifar100_proser_fedavg__split01__seed1__d0.1,cifar100,d0.1,proser_fedavg,1,1,0.2,0.05,0.05,5,12,B,0,0.0,0.0,,,,,,,,
cifar100_proser_fedavg__split01__seed1__d0.5,cifar100,d0.5,proser_fedavg,1,1,0.2,0.05,0.05,5,12,H,0,0.0,0.0,,,,,,,,
cifar100_proser_fedavg__split01__seed1__d0.5,cifar100,d0.5,proser_fedavg,1,1,0.2,0.05,0.05,5,12,S,0,0.0,0.0,,,,,,,,
cifar100_proser_fedavg__split01__seed1__d0.5,cifar100,d0.5,proser_fedavg,1,1,0.2,0.05,0.05,5,12,B,0,0.0,0.0,,,,,,,,
cifar100_proser_fedavg__split01__seed1__d5.0,cifar100,d5,proser_fedavg,1,1,0.2,0.05,0.05,5,12,H,0,0.0,0.0,,,,,,,,
cifar100_proser_fedavg__split01__seed1__d5.0,cifar100,d5,proser_fedavg,1,1,0.2,0.05,0.05,5,12,S,0,0.0,0.0,,,,,,,,
cifar100_proser_fedavg__split01__seed1__d5.0,cifar100,d5,proser_fedavg,1,1,0.2,0.05,0.05,5,12,B,0,0.0,0.0,,,,,,,,
cifar100_proser_fedavg__split01__seed2__d0.1,cifar100,d0.1,proser_fedavg,1,2,0.2,0.05,0.05,5,12,H,0,0.0,0.0,,,,,,,,
cifar100_proser_fedavg__split01__seed2__d0.1,cifar100,d0.1,proser_fedavg,1,2,0.2,0.05,0.05,5,12,S,0,0.0,0.0,,,,,,,,
cifar100_proser_fedavg__split01__seed2__d0.1,cifar100,d0.1,proser_fedavg,1,2,0.2,0.05,0.05,5,12,B,0,0.0,0.0,,,,,,,,
cifar100_proser_fedavg__split01__seed2__d0.5,cifar100,d0.5,proser_fedavg,1,2,0.2,0.05,0.05,5,12,H,0,0.0,0.0,,,,,,,,
cifar100_proser_fedavg__split01__seed2__d0.5,cifar100,d0.5,proser_fedavg,1,2,0.2,0.05,0.05,5,12,S,0,0.0,0.0,,,,,,,,
cifar100_proser_fedavg__split01__seed2__d0.5,cifar100,d0.5,proser_fedavg,1,2,0.2,0.05,0.05,5,12,B,0,0.0,0.0,,,,,,,,
cifar100_proser_fedavg__split01__seed2__d5.0,cifar100,d5,proser_fedavg,1,2,0.2,0.05,0.05,5,12,H,0,0.0,0.0,,,,,,,,
cifar100_proser_fedavg__split01__seed2__d5.0,cifar100,d5,proser_fedavg,1,2,0.2,0.05,0.05,5,12,S,0,0.0,0.0,,,,,,,,
cifar100_proser_fedavg__split01__seed2__d5.0,cifar100,d5,proser_fedavg,1,2,0.2,0.05,0.05,5,12,B,0,0.0,0.0,,,,,,,,
cifar100_proser_fedavg__split01__seed3__d0.1,cifar100,d0.1,proser_fedavg,1,3,0.2,0.05,0.05,5,12,H,0,0.0,0.0,,,,,,,,
cifar100_proser_fedavg__split01__seed3__d0.1,cifar100,d0.1,proser_fedavg,1,3,0.2,0.05,0.05,5,12,S,0,0.0,0.0,,,,,,,,
cifar100_proser_fedavg__split01__seed3__d0.1,cifar100,d0.1,proser_fedavg,1,3,0.2,0.05,0.05,5,12,B,0,0.0,0.0,,,,,,,,
cifar100_proser_fedavg__split01__seed3__d0.5,cifar100,d0.5,proser_fedavg,1,3,0.2,0.05,0.05,5,12,H,0,0.0,0.0,,,,,,,,
cifar100_proser_fedavg__split01__seed3__d0.5,cifar100,d0.5,proser_fedavg,1,3,0.2,0.05,0.05,5,12,S,0,0.0,0.0,,,,,,,,
cifar100_proser_fedavg__split01__seed3__d0.5,cifar100,d0.5,proser_fedavg,1,3,0.2,0.05,0.05,5,12,B,0,0.0,0.0,,,,,,,,
cifar100_proser_fedavg__split01__seed3__d5.0,cifar100,d5,proser_fedavg,1,3,0.2,0.05,0.05,5,12,H,0,0.0,0.0,,,,,,,,
cifar100_proser_fedavg__split01__seed3__d5.0,cifar100,d5,proser_fedavg,1,3,0.2,0.05,0.05,5,12,S,0,0.0,0.0,,,,,,,,
cifar100_proser_fedavg__split01__seed3__d5.0,cifar100,d5,proser_fedavg,1,3,0.2,0.05,0.05,5,12,B,0,0.0,0.0,,,,,,,,
cifar100_proser_fedavg__split01__seed4__d0.1,cifar100,d0.1,proser_fedavg,1,4,0.2,0.05,0.05,5,12,H,0,0.0,0.0,,,,,,,,
cifar100_proser_fedavg__split01__seed4__d0.1,cifar100,d0.1,proser_fedavg,1,4,0.2,0.05,0.05,5,12,S,0,0.0,0.0,,,,,,,,
cifar100_proser_fedavg__split01__seed4__d0.1,cifar100,d0.1,proser_fedavg,1,4,0.2,0.05,0.05,5,12,B,0,0.0,0.0,,,,,,,,
cifar100_proser_fedavg__split01__seed4__d0.5,cifar100,d0.5,proser_fedavg,1,4,0.2,0.05,0.05,5,12,H,0,0.0,0.0,,,,,,,,
cifar100_proser_fedavg__split01__seed4__d0.5,cifar100,d0.5,proser_fedavg,1,4,0.2,0.05,0.05,5,12,S,0,0.0,0.0,,,,,,,,
cifar100_proser_fedavg__split01__seed4__d0.5,cifar100,d0.5,proser_fedavg,1,4,0.2,0.05,0.05,5,12,B,0,0.0,0.0,,,,,,,,
cifar100_proser_fedavg__split01__seed4__d5.0,cifar100,d5,proser_fedavg,1,4,0.2,0.05,0.05,5,12,H,1,0.1125817716881245,0.1125817716881245,,0.00214648379641134,0.023611321760524738,8.0,margin,margin,0.3,0.999988853931427
cifar100_proser_fedavg__split01__seed4__d5.0,cifar100,d5,proser_fedavg,1,4,0.2,0.05,0.05,5,12,S,1,0.1125817716881245,0.1125817716881245,0.189377689688423,,,8.0,margin,margin,0.3,0.999988853931427
cifar100_proser_fedavg__split01__seed4__d5.0,cifar100,d5,proser_fedavg,1,4,0.2,0.05,0.05,5,12,B,0,0.0,0.0,,,,,,,,
cifar100_proser_fedavg__split02__seed0__d0.1,cifar100,d0.1,proser_fedavg,2,0,0.2,0.05,0.05,5,12,H,0,0.0,0.0,,,,,,,,
cifar100_proser_fedavg__split02__seed0__d0.1,cifar100,d0.1,proser_fedavg,2,0,0.2,0.05,0.05,5,12,S,0,0.0,0.0,,,,,,,,
cifar100_proser_fedavg__split02__seed0__d0.1,cifar100,d0.1,proser_fedavg,2,0,0.2,0.05,0.05,5,12,B,0,0.0,0.0,,,,,,,,
cifar100_proser_fedavg__split02__seed0__d0.5,cifar100,d0.5,proser_fedavg,2,0,0.2,0.05,0.05,5,12,H,0,0.0,0.0,,,,,,,,
cifar100_proser_fedavg__split02__seed0__d0.5,cifar100,d0.5,proser_fedavg,2,0,0.2,0.05,0.05,5,12,S,0,0.0,0.0,,,,,,,,
cifar100_proser_fedavg__split02__seed0__d0.5,cifar100,d0.5,proser_fedavg,2,0,0.2,0.05,0.05,5,12,B,0,0.0,0.0,,,,,,,,
cifar100_proser_fedavg__split02__seed0__d5.0,cifar100,d5,proser_fedavg,2,0,0.2,0.05,0.05,5,12,H,1,0.1419334816916103,0.1419334816916103,,0.0023335609862107825,0.025669170848318608,1.0,proser,native,0.5,0.9918502164524932
cifar100_proser_fedavg__split02__seed0__d5.0,cifar100,d5,proser_fedavg,2,0,0.2,0.05,0.05,5,12,S,1,0.1419334816916103,0.1419334816916103,0.19179959070472102,,,1.0,proser,native,0.5,0.9918502164524932
cifar100_proser_fedavg__split02__seed0__d5.0,cifar100,d5,proser_fedavg,2,0,0.2,0.05,0.05,5,12,B,1,0.0862639914170663,0.0862639914170663,0.19594089375210022,,,0.0,proser,native,0.3,0.9979694503605564
cifar100_proser_fedavg__split02__seed1__d0.1,cifar100,d0.1,proser_fedavg,2,1,0.2,0.05,0.05,5,12,H,0,0.0,0.0,,,,,,,,
cifar100_proser_fedavg__split02__seed1__d0.1,cifar100,d0.1,proser_fedavg,2,1,0.2,0.05,0.05,5,12,S,0,0.0,0.0,,,,,,,,
cifar100_proser_fedavg__split02__seed1__d0.1,cifar100,d0.1,proser_fedavg,2,1,0.2,0.05,0.05,5,12,B,0,0.0,0.0,,,,,,,,
cifar100_proser_fedavg__split02__seed1__d0.5,cifar100,d0.5,proser_fedavg,2,1,0.2,0.05,0.05,5,12,H,0,0.0,0.0,,,,,,,,
cifar100_proser_fedavg__split02__seed1__d0.5,cifar100,d0.5,proser_fedavg,2,1,0.2,0.05,0.05,5,12,S,0,0.0,0.0,,,,,,,,
cifar100_proser_fedavg__split02__seed1__d0.5,cifar100,d0.5,proser_fedavg,2,1,0.2,0.05,0.05,5,12,B,0,0.0,0.0,,,,,,,,
cifar100_proser_fedavg__split02__seed1__d5.0,cifar100,d5,proser_fedavg,2,1,0.2,0.05,0.05,5,12,H,0,0.0,0.0,,,,,,,,
cifar100_proser_fedavg__split02__seed1__d5.0,cifar100,d5,proser_fedavg,2,1,0.2,0.05,0.05,5,12,S,0,0.0,0.0,,,,,,,,
cifar100_proser_fedavg__split02__seed1__d5.0,cifar100,d5,proser_fedavg,2,1,0.2,0.05,0.05,5,12,B,0,0.0,0.0,,,,,,,,
cifar100_proser_fedavg__split02__seed2__d0.1,cifar100,d0.1,proser_fedavg,2,2,0.2,0.05,0.05,5,12,H,0,0.0,0.0,,,,,,,,
cifar100_proser_fedavg__split02__seed2__d0.1,cifar100,d0.1,proser_fedavg,2,2,0.2,0.05,0.05,5,12,S,0,0.0,0.0,,,,,,,,
cifar100_proser_fedavg__split02__seed2__d0.1,cifar100,d0.1,proser_fedavg,2,2,0.2,0.05,0.05,5,12,B,0,0.0,0.0,,,,,,,,
cifar100_proser_fedavg__split02__seed2__d0.5,cifar100,d0.5,proser_fedavg,2,2,0.2,0.05,0.05,5,12,H,0,0.0,0.0,,,,,,,,
cifar100_proser_fedavg__split02__seed2__d0.5,cifar100,d0.5,proser_fedavg,2,2,0.2,0.05,0.05,5,12,S,0,0.0,0.0,,,,,,,,
cifar100_proser_fedavg__split02__seed2__d0.5,cifar100,d0.5,proser_fedavg,2,2,0.2,0.05,0.05,5,12,B,0,0.0,0.0,,,,,,,,
cifar100_proser_fedavg__split02__seed2__d5.0,cifar100,d5,proser_fedavg,2,2,0.2,0.05,0.05,5,12,H,0,0.0,0.0,,,,,,,,
cifar100_proser_fedavg__split02__seed2__d5.0,cifar100,d5,proser_fedavg,2,2,0.2,0.05,0.05,5,12,S,0,0.0,0.0,,,,,,,,
cifar100_proser_fedavg__split02__seed2__d5.0,cifar100,d5,proser_fedavg,2,2,0.2,0.05,0.05,5,12,B,0,0.0,0.0,,,,,,,,
cifar100_proser_fedavg__split02__seed3__d0.1,cifar100,d0.1,proser_fedavg,2,3,0.2,0.05,0.05,5,12,H,0,0.0,0.0,,,,,,,,
cifar100_proser_fedavg__split02__seed3__d0.1,cifar100,d0.1,proser_fedavg,2,3,0.2,0.05,0.05,5,12,S,0,0.0,0.0,,,,,,,,
cifar100_proser_fedavg__split02__seed3__d0.1,cifar100,d0.1,proser_fedavg,2,3,0.2,0.05,0.05,5,12,B,0,0.0,0.0,,,,,,,,
cifar100_proser_fedavg__split02__seed3__d0.5,cifar100,d0.5,proser_fedavg,2,3,0.2,0.05,0.05,5,12,H,0,0.0,0.0,,,,,,,,
cifar100_proser_fedavg__split02__seed3__d0.5,cifar100,d0.5,proser_fedavg,2,3,0.2,0.05,0.05,5,12,S,0,0.0,0.0,,,,,,,,
cifar100_proser_fedavg__split02__seed3__d0.5,cifar100,d0.5,proser_fedavg,2,3,0.2,0.05,0.05,5,12,B,0,0.0,0.0,,,,,,,,
cifar100_proser_fedavg__split02__seed3__d5.0,cifar100,d5,proser_fedavg,2,3,0.2,0.05,0.05,5,12,H,0,0.0,0.0,,,,,,,,
cifar100_proser_fedavg__split02__seed3__d5.0,cifar100,d5,proser_fedavg,2,3,0.2,0.05,0.05,5,12,S,0,0.0,0.0,,,,,,,,
cifar100_proser_fedavg__split02__seed3__d5.0,cifar100,d5,proser_fedavg,2,3,0.2,0.05,0.05,5,12,B,0,0.0,0.0,,,,,,,,
cifar100_proser_fedavg__split02__seed4__d0.1,cifar100,d0.1,proser_fedavg,2,4,0.2,0.05,0.05,5,12,H,0,0.0,0.0,,,,,,,,
cifar100_proser_fedavg__split02__seed4__d0.1,cifar100,d0.1,proser_fedavg,2,4,0.2,0.05,0.05,5,12,S,0,0.0,0.0,,,,,,,,
cifar100_proser_fedavg__split02__seed4__d0.1,cifar100,d0.1,proser_fedavg,2,4,0.2,0.05,0.05,5,12,B,0,0.0,0.0,,,,,,,,
cifar100_proser_fedavg__split02__seed4__d0.5,cifar100,d0.5,proser_fedavg,2,4,0.2,0.05,0.05,5,12,H,0,0.0,0.0,,,,,,,,
cifar100_proser_fedavg__split02__seed4__d0.5,cifar100,d0.5,proser_fedavg,2,4,0.2,0.05,0.05,5,12,S,0,0.0,0.0,,,,,,,,
cifar100_proser_fedavg__split02__seed4__d0.5,cifar100,d0.5,proser_fedavg,2,4,0.2,0.05,0.05,5,12,B,0,0.0,0.0,,,,,,,,
cifar100_proser_fedavg__split02__seed4__d5.0,cifar100,d5,proser_fedavg,2,4,0.2,0.05,0.05,5,12,H,0,0.0,0.0,,,,,,,,
cifar100_proser_fedavg__split02__seed4__d5.0,cifar100,d5,proser_fedavg,2,4,0.2,0.05,0.05,5,12,S,0,0.0,0.0,,,,,,,,
cifar100_proser_fedavg__split02__seed4__d5.0,cifar100,d5,proser_fedavg,2,4,0.2,0.05,0.05,5,12,B,0,0.0,0.0,,,,,,,,
cifar100_proser_fedavg__split03__seed0__d0.1,cifar100,d0.1,proser_fedavg,3,0,0.2,0.05,0.05,5,12,H,0,0.0,0.0,,,,,,,,
cifar100_proser_fedavg__split03__seed0__d0.1,cifar100,d0.1,proser_fedavg,3,0,0.2,0.05,0.05,5,12,S,0,0.0,0.0,,,,,,,,
cifar100_proser_fedavg__split03__seed0__d0.1,cifar100,d0.1,proser_fedavg,3,0,0.2,0.05,0.05,5,12,B,0,0.0,0.0,,,,,,,,
cifar100_proser_fedavg__split03__seed0__d0.5,cifar100,d0.5,proser_fedavg,3,0,0.2,0.05,0.05,5,12,H,0,0.0,0.0,,,,,,,,
cifar100_proser_fedavg__split03__seed0__d0.5,cifar100,d0.5,proser_fedavg,3,0,0.2,0.05,0.05,5,12,S,0,0.0,0.0,,,,,,,,
cifar100_proser_fedavg__split03__seed0__d0.5,cifar100,d0.5,proser_fedavg,3,0,0.2,0.05,0.05,5,12,B,0,0.0,0.0,,,,,,,,
cifar100_proser_fedavg__split03__seed0__d5.0,cifar100,d5,proser_fedavg,3,0,0.2,0.05,0.05,5,12,H,0,0.0,0.0,,,,,,,,
cifar100_proser_fedavg__split03__seed0__d5.0,cifar100,d5,proser_fedavg,3,0,0.2,0.05,0.05,5,12,S,0,0.0,0.0,,,,,,,,
cifar100_proser_fedavg__split03__seed0__d5.0,cifar100,d5,proser_fedavg,3,0,0.2,0.05,0.05,5,12,B,0,0.0,0.0,,,,,,,,
cifar100_proser_fedavg__split03__seed1__d0.1,cifar100,d0.1,proser_fedavg,3,1,0.2,0.05,0.05,5,12,H,0,0.0,0.0,,,,,,,,
cifar100_proser_fedavg__split03__seed1__d0.1,cifar100,d0.1,proser_fedavg,3,1,0.2,0.05,0.05,5,12,S,0,0.0,0.0,,,,,,,,
cifar100_proser_fedavg__split03__seed1__d0.1,cifar100,d0.1,proser_fedavg,3,1,0.2,0.05,0.05,5,12,B,0,0.0,0.0,,,,,,,,
cifar100_proser_fedavg__split03__seed1__d0.5,cifar100,d0.5,proser_fedavg,3,1,0.2,0.05,0.05,5,12,H,0,0.0,0.0,,,,,,,,
cifar100_proser_fedavg__split03__seed1__d0.5,cifar100,d0.5,proser_fedavg,3,1,0.2,0.05,0.05,5,12,S,0,0.0,0.0,,,,,,,,
cifar100_proser_fedavg__split03__seed1__d0.5,cifar100,d0.5,proser_fedavg,3,1,0.2,0.05,0.05,5,12,B,0,0.0,0.0,,,,,,,,
cifar100_proser_fedavg__split03__seed1__d5.0,cifar100,d5,proser_fedavg,3,1,0.2,0.05,0.05,5,12,H,0,0.0,0.0,,,,,,,,
cifar100_proser_fedavg__split03__seed1__d5.0,cifar100,d5,proser_fedavg,3,1,0.2,0.05,0.05,5,12,S,0,0.0,0.0,,,,,,,,
cifar100_proser_fedavg__split03__seed1__d5.0,cifar100,d5,proser_fedavg,3,1,0.2,0.05,0.05,5,12,B,0,0.0,0.0,,,,,,,,
cifar100_proser_fedavg__split03__seed2__d0.1,cifar100,d0.1,proser_fedavg,3,2,0.2,0.05,0.05,5,12,H,0,0.0,0.0,,,,,,,,
cifar100_proser_fedavg__split03__seed2__d0.1,cifar100,d0.1,proser_fedavg,3,2,0.2,0.05,0.05,5,12,S,0,0.0,0.0,,,,,,,,
cifar100_proser_fedavg__split03__seed2__d0.1,cifar100,d0.1,proser_fedavg,3,2,0.2,0.05,0.05,5,12,B,0,0.0,0.0,,,,,,,,
cifar100_proser_fedavg__split03__seed2__d0.5,cifar100,d0.5,proser_fedavg,3,2,0.2,0.05,0.05,5,12,H,0,0.0,0.0,,,,,,,,
cifar100_proser_fedavg__split03__seed2__d0.5,cifar100,d0.5,proser_fedavg,3,2,0.2,0.05,0.05,5,12,S,0,0.0,0.0,,,,,,,,
cifar100_proser_fedavg__split03__seed2__d0.5,cifar100,d0.5,proser_fedavg,3,2,0.2,0.05,0.05,5,12,B,0,0.0,0.0,,,,,,,,
cifar100_proser_fedavg__split03__seed2__d5.0,cifar100,d5,proser_fedavg,3,2,0.2,0.05,0.05,5,12,H,0,0.0,0.0,,,,,,,,
cifar100_proser_fedavg__split03__seed2__d5.0,cifar100,d5,proser_fedavg,3,2,0.2,0.05,0.05,5,12,S,0,0.0,0.0,,,,,,,,
cifar100_proser_fedavg__split03__seed2__d5.0,cifar100,d5,proser_fedavg,3,2,0.2,0.05,0.05,5,12,B,0,0.0,0.0,,,,,,,,
cifar100_proser_fedavg__split03__seed3__d0.1,cifar100,d0.1,proser_fedavg,3,3,0.2,0.05,0.05,5,12,H,0,0.0,0.0,,,,,,,,
cifar100_proser_fedavg__split03__seed3__d0.1,cifar100,d0.1,proser_fedavg,3,3,0.2,0.05,0.05,5,12,S,0,0.0,0.0,,,,,,,,
cifar100_proser_fedavg__split03__seed3__d0.1,cifar100,d0.1,proser_fedavg,3,3,0.2,0.05,0.05,5,12,B,0,0.0,0.0,,,,,,,,
cifar100_proser_fedavg__split03__seed3__d0.5,cifar100,d0.5,proser_fedavg,3,3,0.2,0.05,0.05,5,12,H,0,0.0,0.0,,,,,,,,
cifar100_proser_fedavg__split03__seed3__d0.5,cifar100,d0.5,proser_fedavg,3,3,0.2,0.05,0.05,5,12,S,0,0.0,0.0,,,,,,,,
cifar100_proser_fedavg__split03__seed3__d0.5,cifar100,d0.5,proser_fedavg,3,3,0.2,0.05,0.05,5,12,B,0,0.0,0.0,,,,,,,,
cifar100_proser_fedavg__split03__seed3__d5.0,cifar100,d5,proser_fedavg,3,3,0.2,0.05,0.05,5,12,H,0,0.0,0.0,,,,,,,,
cifar100_proser_fedavg__split03__seed3__d5.0,cifar100,d5,proser_fedavg,3,3,0.2,0.05,0.05,5,12,S,0,0.0,0.0,,,,,,,,
cifar100_proser_fedavg__split03__seed3__d5.0,cifar100,d5,proser_fedavg,3,3,0.2,0.05,0.05,5,12,B,0,0.0,0.0,,,,,,,,
cifar100_proser_fedavg__split03__seed4__d0.1,cifar100,d0.1,proser_fedavg,3,4,0.2,0.05,0.05,5,12,H,0,0.0,0.0,,,,,,,,
cifar100_proser_fedavg__split03__seed4__d0.1,cifar100,d0.1,proser_fedavg,3,4,0.2,0.05,0.05,5,12,S,0,0.0,0.0,,,,,,,,
cifar100_proser_fedavg__split03__seed4__d0.1,cifar100,d0.1,proser_fedavg,3,4,0.2,0.05,0.05,5,12,B,0,0.0,0.0,,,,,,,,
cifar100_proser_fedavg__split03__seed4__d0.5,cifar100,d0.5,proser_fedavg,3,4,0.2,0.05,0.05,5,12,H,0,0.0,0.0,,,,,,,,
cifar100_proser_fedavg__split03__seed4__d0.5,cifar100,d0.5,proser_fedavg,3,4,0.2,0.05,0.05,5,12,S,0,0.0,0.0,,,,,,,,
cifar100_proser_fedavg__split03__seed4__d0.5,cifar100,d0.5,proser_fedavg,3,4,0.2,0.05,0.05,5,12,B,0,0.0,0.0,,,,,,,,
cifar100_proser_fedavg__split03__seed4__d5.0,cifar100,d5,proser_fedavg,3,4,0.2,0.05,0.05,5,12,H,0,0.0,0.0,,,,,,,,
cifar100_proser_fedavg__split03__seed4__d5.0,cifar100,d5,proser_fedavg,3,4,0.2,0.05,0.05,5,12,S,0,0.0,0.0,,,,,,,,
cifar100_proser_fedavg__split03__seed4__d5.0,cifar100,d5,proser_fedavg,3,4,0.2,0.05,0.05,5,12,B,0,0.0,0.0,,,,,,,,
cifar100_proser_fedavg__split04__seed0__d0.1,cifar100,d0.1,proser_fedavg,4,0,0.2,0.05,0.05,5,12,H,0,0.0,0.0,,,,,,,,
cifar100_proser_fedavg__split04__seed0__d0.1,cifar100,d0.1,proser_fedavg,4,0,0.2,0.05,0.05,5,12,S,0,0.0,0.0,,,,,,,,
cifar100_proser_fedavg__split04__seed0__d0.1,cifar100,d0.1,proser_fedavg,4,0,0.2,0.05,0.05,5,12,B,0,0.0,0.0,,,,,,,,
cifar100_proser_fedavg__split04__seed0__d0.5,cifar100,d0.5,proser_fedavg,4,0,0.2,0.05,0.05,5,12,H,1,0.0691134087895594,0.0691134087895594,,0.0012529346147900783,0.01503521537748094,8.0,margin,margin,0.3,0.9999673781187638
cifar100_proser_fedavg__split04__seed0__d0.5,cifar100,d0.5,proser_fedavg,4,0,0.2,0.05,0.05,5,12,S,1,0.0691134087895594,0.0691134087895594,0.17949274753508598,,,8.0,margin,margin,0.3,0.9999673781187638
cifar100_proser_fedavg__split04__seed0__d0.5,cifar100,d0.5,proser_fedavg,4,0,0.2,0.05,0.05,5,12,B,0,0.0,0.0,,,,,,,,
cifar100_proser_fedavg__split04__seed0__d5.0,cifar100,d5,proser_fedavg,4,0,0.2,0.05,0.05,5,12,H,1,0.1401907002717599,0.1401907002717599,,0.003485786951901956,0.038343656470921514,9.0,margin,margin,0.5,0.9996241081917168
cifar100_proser_fedavg__split04__seed0__d5.0,cifar100,d5,proser_fedavg,4,0,0.2,0.05,0.05,5,12,S,1,0.1401907002717599,0.1401907002717599,0.19737707764280177,,,9.0,margin,margin,0.5,0.9996241081917168
cifar100_proser_fedavg__split04__seed0__d5.0,cifar100,d5,proser_fedavg,4,0,0.2,0.05,0.05,5,12,B,0,0.0,0.0,,,,,,,,
cifar100_proser_fedavg__split04__seed1__d0.1,cifar100,d0.1,proser_fedavg,4,1,0.2,0.05,0.05,5,12,H,0,0.0,0.0,,,,,,,,
cifar100_proser_fedavg__split04__seed1__d0.1,cifar100,d0.1,proser_fedavg,4,1,0.2,0.05,0.05,5,12,S,0,0.0,0.0,,,,,,,,
cifar100_proser_fedavg__split04__seed1__d0.1,cifar100,d0.1,proser_fedavg,4,1,0.2,0.05,0.05,5,12,B,0,0.0,0.0,,,,,,,,
cifar100_proser_fedavg__split04__seed1__d0.5,cifar100,d0.5,proser_fedavg,4,1,0.2,0.05,0.05,5,12,H,0,0.0,0.0,,,,,,,,
cifar100_proser_fedavg__split04__seed1__d0.5,cifar100,d0.5,proser_fedavg,4,1,0.2,0.05,0.05,5,12,S,0,0.0,0.0,,,,,,,,
cifar100_proser_fedavg__split04__seed1__d0.5,cifar100,d0.5,proser_fedavg,4,1,0.2,0.05,0.05,5,12,B,0,0.0,0.0,,,,,,,,
cifar100_proser_fedavg__split04__seed1__d5.0,cifar100,d5,proser_fedavg,4,1,0.2,0.05,0.05,5,12,H,1,0.0872520201548094,0.0872520201548094,,0.002313883954491709,0.027766607453900506,0.0,proser,native,0.3,0.9917527594693928
cifar100_proser_fedavg__split04__seed1__d5.0,cifar100,d5,proser_fedavg,4,1,0.2,0.05,0.05,5,12,S,1,0.0872520201548094,0.0872520201548094,0.1899696246931853,,,0.0,proser,native,0.3,0.9917527594693928
cifar100_proser_fedavg__split04__seed1__d5.0,cifar100,d5,proser_fedavg,4,1,0.2,0.05,0.05,5,12,B,0,0.0,0.0,,,,,,,,
cifar100_proser_fedavg__split04__seed2__d0.1,cifar100,d0.1,proser_fedavg,4,2,0.2,0.05,0.05,5,12,H,0,0.0,0.0,,,,,,,,
cifar100_proser_fedavg__split04__seed2__d0.1,cifar100,d0.1,proser_fedavg,4,2,0.2,0.05,0.05,5,12,S,0,0.0,0.0,,,,,,,,
cifar100_proser_fedavg__split04__seed2__d0.1,cifar100,d0.1,proser_fedavg,4,2,0.2,0.05,0.05,5,12,B,0,0.0,0.0,,,,,,,,
cifar100_proser_fedavg__split04__seed2__d0.5,cifar100,d0.5,proser_fedavg,4,2,0.2,0.05,0.05,5,12,H,0,0.0,0.0,,,,,,,,
cifar100_proser_fedavg__split04__seed2__d0.5,cifar100,d0.5,proser_fedavg,4,2,0.2,0.05,0.05,5,12,S,0,0.0,0.0,,,,,,,,
cifar100_proser_fedavg__split04__seed2__d0.5,cifar100,d0.5,proser_fedavg,4,2,0.2,0.05,0.05,5,12,B,0,0.0,0.0,,,,,,,,
cifar100_proser_fedavg__split04__seed2__d5.0,cifar100,d5,proser_fedavg,4,2,0.2,0.05,0.05,5,12,H,0,0.0,0.0,,,,,,,,
cifar100_proser_fedavg__split04__seed2__d5.0,cifar100,d5,proser_fedavg,4,2,0.2,0.05,0.05,5,12,S,0,0.0,0.0,,,,,,,,
cifar100_proser_fedavg__split04__seed2__d5.0,cifar100,d5,proser_fedavg,4,2,0.2,0.05,0.05,5,12,B,0,0.0,0.0,,,,,,,,
cifar100_proser_fedavg__split04__seed3__d0.1,cifar100,d0.1,proser_fedavg,4,3,0.2,0.05,0.05,5,12,H,0,0.0,0.0,,,,,,,,
cifar100_proser_fedavg__split04__seed3__d0.1,cifar100,d0.1,proser_fedavg,4,3,0.2,0.05,0.05,5,12,S,0,0.0,0.0,,,,,,,,
cifar100_proser_fedavg__split04__seed3__d0.1,cifar100,d0.1,proser_fedavg,4,3,0.2,0.05,0.05,5,12,B,0,0.0,0.0,,,,,,,,
cifar100_proser_fedavg__split04__seed3__d0.5,cifar100,d0.5,proser_fedavg,4,3,0.2,0.05,0.05,5,12,H,0,0.0,0.0,,,,,,,,
cifar100_proser_fedavg__split04__seed3__d0.5,cifar100,d0.5,proser_fedavg,4,3,0.2,0.05,0.05,5,12,S,0,0.0,0.0,,,,,,,,
cifar100_proser_fedavg__split04__seed3__d0.5,cifar100,d0.5,proser_fedavg,4,3,0.2,0.05,0.05,5,12,B,0,0.0,0.0,,,,,,,,
cifar100_proser_fedavg__split04__seed3__d5.0,cifar100,d5,proser_fedavg,4,3,0.2,0.05,0.05,5,12,H,0,0.0,0.0,,,,,,,,
cifar100_proser_fedavg__split04__seed3__d5.0,cifar100,d5,proser_fedavg,4,3,0.2,0.05,0.05,5,12,S,0,0.0,0.0,,,,,,,,
cifar100_proser_fedavg__split04__seed3__d5.0,cifar100,d5,proser_fedavg,4,3,0.2,0.05,0.05,5,12,B,0,0.0,0.0,,,,,,,,
cifar100_proser_fedavg__split04__seed4__d0.1,cifar100,d0.1,proser_fedavg,4,4,0.2,0.05,0.05,5,12,H,0,0.0,0.0,,,,,,,,
cifar100_proser_fedavg__split04__seed4__d0.1,cifar100,d0.1,proser_fedavg,4,4,0.2,0.05,0.05,5,12,S,0,0.0,0.0,,,,,,,,
cifar100_proser_fedavg__split04__seed4__d0.1,cifar100,d0.1,proser_fedavg,4,4,0.2,0.05,0.05,5,12,B,0,0.0,0.0,,,,,,,,
cifar100_proser_fedavg__split04__seed4__d0.5,cifar100,d0.5,proser_fedavg,4,4,0.2,0.05,0.05,5,12,H,0,0.0,0.0,,,,,,,,
cifar100_proser_fedavg__split04__seed4__d0.5,cifar100,d0.5,proser_fedavg,4,4,0.2,0.05,0.05,5,12,S,0,0.0,0.0,,,,,,,,
cifar100_proser_fedavg__split04__seed4__d0.5,cifar100,d0.5,proser_fedavg,4,4,0.2,0.05,0.05,5,12,B,0,0.0,0.0,,,,,,,,
cifar100_proser_fedavg__split04__seed4__d5.0,cifar100,d5,proser_fedavg,4,4,0.2,0.05,0.05,5,12,H,0,0.0,0.0,,,,,,,,
cifar100_proser_fedavg__split04__seed4__d5.0,cifar100,d5,proser_fedavg,4,4,0.2,0.05,0.05,5,12,S,0,0.0,0.0,,,,,,,,
cifar100_proser_fedavg__split04__seed4__d5.0,cifar100,d5,proser_fedavg,4,4,0.2,0.05,0.05,5,12,B,0,0.0,0.0,,,,,,,,
cifar100_proser_fedavg__split05__seed0__d0.1,cifar100,d0.1,proser_fedavg,5,0,0.2,0.05,0.05,5,12,H,0,0.0,0.0,,,,,,,,
cifar100_proser_fedavg__split05__seed0__d0.1,cifar100,d0.1,proser_fedavg,5,0,0.2,0.05,0.05,5,12,S,0,0.0,0.0,,,,,,,,
cifar100_proser_fedavg__split05__seed0__d0.1,cifar100,d0.1,proser_fedavg,5,0,0.2,0.05,0.05,5,12,B,0,0.0,0.0,,,,,,,,
cifar100_proser_fedavg__split05__seed0__d0.5,cifar100,d0.5,proser_fedavg,5,0,0.2,0.05,0.05,5,12,H,0,0.0,0.0,,,,,,,,
cifar100_proser_fedavg__split05__seed0__d0.5,cifar100,d0.5,proser_fedavg,5,0,0.2,0.05,0.05,5,12,S,0,0.0,0.0,,,,,,,,
cifar100_proser_fedavg__split05__seed0__d0.5,cifar100,d0.5,proser_fedavg,5,0,0.2,0.05,0.05,5,12,B,0,0.0,0.0,,,,,,,,
cifar100_proser_fedavg__split05__seed0__d5.0,cifar100,d5,proser_fedavg,5,0,0.2,0.05,0.05,5,12,H,0,0.0,0.0,,,,,,,,
cifar100_proser_fedavg__split05__seed0__d5.0,cifar100,d5,proser_fedavg,5,0,0.2,0.05,0.05,5,12,S,0,0.0,0.0,,,,,,,,
cifar100_proser_fedavg__split05__seed0__d5.0,cifar100,d5,proser_fedavg,5,0,0.2,0.05,0.05,5,12,B,0,0.0,0.0,,,,,,,,
cifar100_proser_fedavg__split05__seed1__d0.1,cifar100,d0.1,proser_fedavg,5,1,0.2,0.05,0.05,5,12,H,0,0.0,0.0,,,,,,,,
cifar100_proser_fedavg__split05__seed1__d0.1,cifar100,d0.1,proser_fedavg,5,1,0.2,0.05,0.05,5,12,S,0,0.0,0.0,,,,,,,,
cifar100_proser_fedavg__split05__seed1__d0.1,cifar100,d0.1,proser_fedavg,5,1,0.2,0.05,0.05,5,12,B,0,0.0,0.0,,,,,,,,
cifar100_proser_fedavg__split05__seed1__d0.5,cifar100,d0.5,proser_fedavg,5,1,0.2,0.05,0.05,5,12,H,0,0.0,0.0,,,,,,,,
cifar100_proser_fedavg__split05__seed1__d0.5,cifar100,d0.5,proser_fedavg,5,1,0.2,0.05,0.05,5,12,S,0,0.0,0.0,,,,,,,,
cifar100_proser_fedavg__split05__seed1__d0.5,cifar100,d0.5,proser_fedavg,5,1,0.2,0.05,0.05,5,12,B,0,0.0,0.0,,,,,,,,
cifar100_proser_fedavg__split05__seed1__d5.0,cifar100,d5,proser_fedavg,5,1,0.2,0.05,0.05,5,12,H,1,0.0740174636052026,0.0740174636052026,,0.001712646078689896,0.020551752944278752,0.0,proser,native,0.3,0.99210143886681
cifar100_proser_fedavg__split05__seed1__d5.0,cifar100,d5,proser_fedavg,5,1,0.2,0.05,0.05,5,12,S,1,0.0740174636052026,0.0740174636052026,0.18312820021696746,,,0.0,proser,native,0.3,0.99210143886681
cifar100_proser_fedavg__split05__seed1__d5.0,cifar100,d5,proser_fedavg,5,1,0.2,0.05,0.05,5,12,B,0,0.0,0.0,,,,,,,,
cifar100_proser_fedavg__split05__seed2__d0.1,cifar100,d0.1,proser_fedavg,5,2,0.2,0.05,0.05,5,12,H,0,0.0,0.0,,,,,,,,
cifar100_proser_fedavg__split05__seed2__d0.1,cifar100,d0.1,proser_fedavg,5,2,0.2,0.05,0.05,5,12,S,0,0.0,0.0,,,,,,,,
cifar100_proser_fedavg__split05__seed2__d0.1,cifar100,d0.1,proser_fedavg,5,2,0.2,0.05,0.05,5,12,B,0,0.0,0.0,,,,,,,,
cifar100_proser_fedavg__split05__seed2__d0.5,cifar100,d0.5,proser_fedavg,5,2,0.2,0.05,0.05,5,12,H,0,0.0,0.0,,,,,,,,
cifar100_proser_fedavg__split05__seed2__d0.5,cifar100,d0.5,proser_fedavg,5,2,0.2,0.05,0.05,5,12,S,0,0.0,0.0,,,,,,,,
cifar100_proser_fedavg__split05__seed2__d0.5,cifar100,d0.5,proser_fedavg,5,2,0.2,0.05,0.05,5,12,B,0,0.0,0.0,,,,,,,,
cifar100_proser_fedavg__split05__seed2__d5.0,cifar100,d5,proser_fedavg,5,2,0.2,0.05,0.05,5,12,H,0,0.0,0.0,,,,,,,,
cifar100_proser_fedavg__split05__seed2__d5.0,cifar100,d5,proser_fedavg,5,2,0.2,0.05,0.05,5,12,S,0,0.0,0.0,,,,,,,,
cifar100_proser_fedavg__split05__seed2__d5.0,cifar100,d5,proser_fedavg,5,2,0.2,0.05,0.05,5,12,B,0,0.0,0.0,,,,,,,,
cifar100_proser_fedavg__split05__seed3__d0.1,cifar100,d0.1,proser_fedavg,5,3,0.2,0.05,0.05,5,12,H,0,0.0,0.0,,,,,,,,
cifar100_proser_fedavg__split05__seed3__d0.1,cifar100,d0.1,proser_fedavg,5,3,0.2,0.05,0.05,5,12,S,0,0.0,0.0,,,,,,,,
cifar100_proser_fedavg__split05__seed3__d0.1,cifar100,d0.1,proser_fedavg,5,3,0.2,0.05,0.05,5,12,B,0,0.0,0.0,,,,,,,,
cifar100_proser_fedavg__split05__seed3__d0.5,cifar100,d0.5,proser_fedavg,5,3,0.2,0.05,0.05,5,12,H,0,0.0,0.0,,,,,,,,
cifar100_proser_fedavg__split05__seed3__d0.5,cifar100,d0.5,proser_fedavg,5,3,0.2,0.05,0.05,5,12,S,0,0.0,0.0,,,,,,,,
cifar100_proser_fedavg__split05__seed3__d0.5,cifar100,d0.5,proser_fedavg,5,3,0.2,0.05,0.05,5,12,B,0,0.0,0.0,,,,,,,,
cifar100_proser_fedavg__split05__seed3__d5.0,cifar100,d5,proser_fedavg,5,3,0.2,0.05,0.05,5,12,H,0,0.0,0.0,,,,,,,,
cifar100_proser_fedavg__split05__seed3__d5.0,cifar100,d5,proser_fedavg,5,3,0.2,0.05,0.05,5,12,S,0,0.0,0.0,,,,,,,,
cifar100_proser_fedavg__split05__seed3__d5.0,cifar100,d5,proser_fedavg,5,3,0.2,0.05,0.05,5,12,B,0,0.0,0.0,,,,,,,,
cifar100_proser_fedavg__split05__seed4__d0.1,cifar100,d0.1,proser_fedavg,5,4,0.2,0.05,0.05,5,12,H,0,0.0,0.0,,,,,,,,
cifar100_proser_fedavg__split05__seed4__d0.1,cifar100,d0.1,proser_fedavg,5,4,0.2,0.05,0.05,5,12,S,0,0.0,0.0,,,,,,,,
cifar100_proser_fedavg__split05__seed4__d0.1,cifar100,d0.1,proser_fedavg,5,4,0.2,0.05,0.05,5,12,B,0,0.0,0.0,,,,,,,,
cifar100_proser_fedavg__split05__seed4__d0.5,cifar100,d0.5,proser_fedavg,5,4,0.2,0.05,0.05,5,12,H,0,0.0,0.0,,,,,,,,
cifar100_proser_fedavg__split05__seed4__d0.5,cifar100,d0.5,proser_fedavg,5,4,0.2,0.05,0.05,5,12,S,0,0.0,0.0,,,,,,,,
cifar100_proser_fedavg__split05__seed4__d0.5,cifar100,d0.5,proser_fedavg,5,4,0.2,0.05,0.05,5,12,B,0,0.0,0.0,,,,,,,,
cifar100_proser_fedavg__split05__seed4__d5.0,cifar100,d5,proser_fedavg,5,4,0.2,0.05,0.05,5,12,H,0,0.0,0.0,,,,,,,,
cifar100_proser_fedavg__split05__seed4__d5.0,cifar100,d5,proser_fedavg,5,4,0.2,0.05,0.05,5,12,S,0,0.0,0.0,,,,,,,,
cifar100_proser_fedavg__split05__seed4__d5.0,cifar100,d5,proser_fedavg,5,4,0.2,0.05,0.05,5,12,B,0,0.0,0.0,,,,,,,,
cifar100_proser_fedavg__split06__seed0__d0.1,cifar100,d0.1,proser_fedavg,6,0,0.2,0.05,0.05,5,12,H,0,0.0,0.0,,,,,,,,
cifar100_proser_fedavg__split06__seed0__d0.1,cifar100,d0.1,proser_fedavg,6,0,0.2,0.05,0.05,5,12,S,0,0.0,0.0,,,,,,,,
cifar100_proser_fedavg__split06__seed0__d0.1,cifar100,d0.1,proser_fedavg,6,0,0.2,0.05,0.05,5,12,B,0,0.0,0.0,,,,,,,,
cifar100_proser_fedavg__split06__seed0__d0.5,cifar100,d0.5,proser_fedavg,6,0,0.2,0.05,0.05,5,12,H,0,0.0,0.0,,,,,,,,
cifar100_proser_fedavg__split06__seed0__d0.5,cifar100,d0.5,proser_fedavg,6,0,0.2,0.05,0.05,5,12,S,0,0.0,0.0,,,,,,,,
cifar100_proser_fedavg__split06__seed0__d0.5,cifar100,d0.5,proser_fedavg,6,0,0.2,0.05,0.05,5,12,B,0,0.0,0.0,,,,,,,,
cifar100_proser_fedavg__split06__seed0__d5.0,cifar100,d5,proser_fedavg,6,0,0.2,0.05,0.05,5,12,H,0,0.0,0.0,,,,,,,,
cifar100_proser_fedavg__split06__seed0__d5.0,cifar100,d5,proser_fedavg,6,0,0.2,0.05,0.05,5,12,S,0,0.0,0.0,,,,,,,,
cifar100_proser_fedavg__split06__seed0__d5.0,cifar100,d5,proser_fedavg,6,0,0.2,0.05,0.05,5,12,B,0,0.0,0.0,,,,,,,,
cifar100_proser_fedavg__split06__seed1__d0.1,cifar100,d0.1,proser_fedavg,6,1,0.2,0.05,0.05,5,12,H,0,0.0,0.0,,,,,,,,
cifar100_proser_fedavg__split06__seed1__d0.1,cifar100,d0.1,proser_fedavg,6,1,0.2,0.05,0.05,5,12,S,0,0.0,0.0,,,,,,,,
cifar100_proser_fedavg__split06__seed1__d0.1,cifar100,d0.1,proser_fedavg,6,1,0.2,0.05,0.05,5,12,B,0,0.0,0.0,,,,,,,,
cifar100_proser_fedavg__split06__seed1__d0.5,cifar100,d0.5,proser_fedavg,6,1,0.2,0.05,0.05,5,12,H,0,0.0,0.0,,,,,,,,
cifar100_proser_fedavg__split06__seed1__d0.5,cifar100,d0.5,proser_fedavg,6,1,0.2,0.05,0.05,5,12,S,0,0.0,0.0,,,,,,,,
cifar100_proser_fedavg__split06__seed1__d0.5,cifar100,d0.5,proser_fedavg,6,1,0.2,0.05,0.05,5,12,B,0,0.0,0.0,,,,,,,,
cifar100_proser_fedavg__split06__seed1__d5.0,cifar100,d5,proser_fedavg,6,1,0.2,0.05,0.05,5,12,H,1,0.0707442363313485,0.0707442363313485,,0.002313883954491709,0.027766607453900506,8.0,margin,margin,0.3,0.9999668177553642
cifar100_proser_fedavg__split06__seed1__d5.0,cifar100,d5,proser_fedavg,6,1,0.2,0.05,0.05,5,12,S,1,0.0707442363313485,0.0707442363313485,0.1899696246931853,,,8.0,margin,margin,0.3,0.9999668177553642
cifar100_proser_fedavg__split06__seed1__d5.0,cifar100,d5,proser_fedavg,6,1,0.2,0.05,0.05,5,12,B,0,0.0,0.0,,,,,,,,
cifar100_proser_fedavg__split06__seed2__d0.1,cifar100,d0.1,proser_fedavg,6,2,0.2,0.05,0.05,5,12,H,0,0.0,0.0,,,,,,,,
cifar100_proser_fedavg__split06__seed2__d0.1,cifar100,d0.1,proser_fedavg,6,2,0.2,0.05,0.05,5,12,S,0,0.0,0.0,,,,,,,,
cifar100_proser_fedavg__split06__seed2__d0.1,cifar100,d0.1,proser_fedavg,6,2,0.2,0.05,0.05,5,12,B,0,0.0,0.0,,,,,,,,
cifar100_proser_fedavg__split06__seed2__d0.5,cifar100,d0.5,proser_fedavg,6,2,0.2,0.05,0.05,5,12,H,0,0.0,0.0,,,,,,,,
cifar100_proser_fedavg__split06__seed2__d0.5,cifar100,d0.5,proser_fedavg,6,2,0.2,0.05,0.05,5,12,S,0,0.0,0.0,,,,,,,,
cifar100_proser_fedavg__split06__seed2__d0.5,cifar100,d0.5,proser_fedavg,6,2,0.2,0.05,0.05,5,12,B,0,0.0,0.0,,,,,,,,
cifar100_proser_fedavg__split06__seed2__d5.0,cifar100,d5,proser_fedavg,6,2,0.2,0.05,0.05,5,12,H,0,0.0,0.0,,,,,,,,
cifar100_proser_fedavg__split06__seed2__d5.0,cifar100,d5,proser_fedavg,6,2,0.2,0.05,0.05,5,12,S,0,0.0,0.0,,,,,,,,
cifar100_proser_fedavg__split06__seed2__d5.0,cifar100,d5,proser_fedavg,6,2,0.2,0.05,0.05,5,12,B,0,0.0,0.0,,,,,,,,
cifar100_proser_fedavg__split06__seed3__d0.1,cifar100,d0.1,proser_fedavg,6,3,0.2,0.05,0.05,5,12,H,0,0.0,0.0,,,,,,,,
cifar100_proser_fedavg__split06__seed3__d0.1,cifar100,d0.1,proser_fedavg,6,3,0.2,0.05,0.05,5,12,S,0,0.0,0.0,,,,,,,,
cifar100_proser_fedavg__split06__seed3__d0.1,cifar100,d0.1,proser_fedavg,6,3,0.2,0.05,0.05,5,12,B,0,0.0,0.0,,,,,,,,
cifar100_proser_fedavg__split06__seed3__d0.5,cifar100,d0.5,proser_fedavg,6,3,0.2,0.05,0.05,5,12,H,0,0.0,0.0,,,,,,,,
cifar100_proser_fedavg__split06__seed3__d0.5,cifar100,d0.5,proser_fedavg,6,3,0.2,0.05,0.05,5,12,S,0,0.0,0.0,,,,,,,,
cifar100_proser_fedavg__split06__seed3__d0.5,cifar100,d0.5,proser_fedavg,6,3,0.2,0.05,0.05,5,12,B,0,0.0,0.0,,,,,,,,
cifar100_proser_fedavg__split06__seed3__d5.0,cifar100,d5,proser_fedavg,6,3,0.2,0.05,0.05,5,12,H,0,0.0,0.0,,,,,,,,
cifar100_proser_fedavg__split06__seed3__d5.0,cifar100,d5,proser_fedavg,6,3,0.2,0.05,0.05,5,12,S,0,0.0,0.0,,,,,,,,
cifar100_proser_fedavg__split06__seed3__d5.0,cifar100,d5,proser_fedavg,6,3,0.2,0.05,0.05,5,12,B,0,0.0,0.0,,,,,,,,
cifar100_proser_fedavg__split06__seed4__d0.1,cifar100,d0.1,proser_fedavg,6,4,0.2,0.05,0.05,5,12,H,0,0.0,0.0,,,,,,,,
cifar100_proser_fedavg__split06__seed4__d0.1,cifar100,d0.1,proser_fedavg,6,4,0.2,0.05,0.05,5,12,S,0,0.0,0.0,,,,,,,,
cifar100_proser_fedavg__split06__seed4__d0.1,cifar100,d0.1,proser_fedavg,6,4,0.2,0.05,0.05,5,12,B,0,0.0,0.0,,,,,,,,
cifar100_proser_fedavg__split06__seed4__d0.5,cifar100,d0.5,proser_fedavg,6,4,0.2,0.05,0.05,5,12,H,0,0.0,0.0,,,,,,,,
cifar100_proser_fedavg__split06__seed4__d0.5,cifar100,d0.5,proser_fedavg,6,4,0.2,0.05,0.05,5,12,S,0,0.0,0.0,,,,,,,,
cifar100_proser_fedavg__split06__seed4__d0.5,cifar100,d0.5,proser_fedavg,6,4,0.2,0.05,0.05,5,12,B,0,0.0,0.0,,,,,,,,
cifar100_proser_fedavg__split06__seed4__d5.0,cifar100,d5,proser_fedavg,6,4,0.2,0.05,0.05,5,12,H,0,0.0,0.0,,,,,,,,
cifar100_proser_fedavg__split06__seed4__d5.0,cifar100,d5,proser_fedavg,6,4,0.2,0.05,0.05,5,12,S,0,0.0,0.0,,,,,,,,
cifar100_proser_fedavg__split06__seed4__d5.0,cifar100,d5,proser_fedavg,6,4,0.2,0.05,0.05,5,12,B,0,0.0,0.0,,,,,,,,
cifar100_proser_fedavg__split07__seed0__d0.1,cifar100,d0.1,proser_fedavg,7,0,0.2,0.05,0.05,5,12,H,0,0.0,0.0,,,,,,,,
cifar100_proser_fedavg__split07__seed0__d0.1,cifar100,d0.1,proser_fedavg,7,0,0.2,0.05,0.05,5,12,S,0,0.0,0.0,,,,,,,,
cifar100_proser_fedavg__split07__seed0__d0.1,cifar100,d0.1,proser_fedavg,7,0,0.2,0.05,0.05,5,12,B,0,0.0,0.0,,,,,,,,
cifar100_proser_fedavg__split07__seed0__d0.5,cifar100,d0.5,proser_fedavg,7,0,0.2,0.05,0.05,5,12,H,0,0.0,0.0,,,,,,,,
cifar100_proser_fedavg__split07__seed0__d0.5,cifar100,d0.5,proser_fedavg,7,0,0.2,0.05,0.05,5,12,S,0,0.0,0.0,,,,,,,,
cifar100_proser_fedavg__split07__seed0__d0.5,cifar100,d0.5,proser_fedavg,7,0,0.2,0.05,0.05,5,12,B,0,0.0,0.0,,,,,,,,
cifar100_proser_fedavg__split07__seed0__d5.0,cifar100,d5,proser_fedavg,7,0,0.2,0.05,0.05,5,12,H,0,0.0,0.0,,,,,,,,
cifar100_proser_fedavg__split07__seed0__d5.0,cifar100,d5,proser_fedavg,7,0,0.2,0.05,0.05,5,12,S,0,0.0,0.0,,,,,,,,
cifar100_proser_fedavg__split07__seed0__d5.0,cifar100,d5,proser_fedavg,7,0,0.2,0.05,0.05,5,12,B,0,0.0,0.0,,,,,,,,
cifar100_proser_fedavg__split07__seed1__d0.1,cifar100,d0.1,proser_fedavg,7,1,0.2,0.05,0.05,5,12,H,0,0.0,0.0,,,,,,,,
cifar100_proser_fedavg__split07__seed1__d0.1,cifar100,d0.1,proser_fedavg,7,1,0.2,0.05,0.05,5,12,S,0,0.0,0.0,,,,,,,,
cifar100_proser_fedavg__split07__seed1__d0.1,cifar100,d0.1,proser_fedavg,7,1,0.2,0.05,0.05,5,12,B,0,0.0,0.0,,,,,,,,
cifar100_proser_fedavg__split07__seed1__d0.5,cifar100,d0.5,proser_fedavg,7,1,0.2,0.05,0.05,5,12,H,0,0.0,0.0,,,,,,,,
cifar100_proser_fedavg__split07__seed1__d0.5,cifar100,d0.5,proser_fedavg,7,1,0.2,0.05,0.05,5,12,S,0,0.0,0.0,,,,,,,,
cifar100_proser_fedavg__split07__seed1__d0.5,cifar100,d0.5,proser_fedavg,7,1,0.2,0.05,0.05,5,12,B,0,0.0,0.0,,,,,,,,
cifar100_proser_fedavg__split07__seed1__d5.0,cifar100,d5,proser_fedavg,7,1,0.2,0.05,0.05,5,12,H,0,0.0,0.0,,,,,,,,
cifar100_proser_fedavg__split07__seed1__d5.0,cifar100,d5,proser_fedavg,7,1,0.2,0.05,0.05,5,12,S,0,0.0,0.0,,,,,,,,
cifar100_proser_fedavg__split07__seed1__d5.0,cifar100,d5,proser_fedavg,7,1,0.2,0.05,0.05,5,12,B,0,0.0,0.0,,,,,,,,
cifar100_proser_fedavg__split07__seed2__d0.1,cifar100,d0.1,proser_fedavg,7,2,0.2,0.05,0.05,5,12,H,0,0.0,0.0,,,,,,,,
cifar100_proser_fedavg__split07__seed2__d0.1,cifar100,d0.1,proser_fedavg,7,2,0.2,0.05,0.05,5,12,S,0,0.0,0.0,,,,,,,,
cifar100_proser_fedavg__split07__seed2__d0.1,cifar100,d0.1,proser_fedavg,7,2,0.2,0.05,0.05,5,12,B,0,0.0,0.0,,,,,,,,
cifar100_proser_fedavg__split07__seed2__d0.5,cifar100,d0.5,proser_fedavg,7,2,0.2,0.05,0.05,5,12,H,0,0.0,0.0,,,,,,,,
cifar100_proser_fedavg__split07__seed2__d0.5,cifar100,d0.5,proser_fedavg,7,2,0.2,0.05,0.05,5,12,S,0,0.0,0.0,,,,,,,,
cifar100_proser_fedavg__split07__seed2__d0.5,cifar100,d0.5,proser_fedavg,7,2,0.2,0.05,0.05,5,12,B,0,0.0,0.0,,,,,,,,
cifar100_proser_fedavg__split07__seed2__d5.0,cifar100,d5,proser_fedavg,7,2,0.2,0.05,0.05,5,12,H,0,0.0,0.0,,,,,,,,
cifar100_proser_fedavg__split07__seed2__d5.0,cifar100,d5,proser_fedavg,7,2,0.2,0.05,0.05,5,12,S,0,0.0,0.0,,,,,,,,
cifar100_proser_fedavg__split07__seed2__d5.0,cifar100,d5,proser_fedavg,7,2,0.2,0.05,0.05,5,12,B,0,0.0,0.0,,,,,,,,
cifar100_proser_fedavg__split07__seed3__d0.1,cifar100,d0.1,proser_fedavg,7,3,0.2,0.05,0.05,5,12,H,0,0.0,0.0,,,,,,,,
cifar100_proser_fedavg__split07__seed3__d0.1,cifar100,d0.1,proser_fedavg,7,3,0.2,0.05,0.05,5,12,S,0,0.0,0.0,,,,,,,,
cifar100_proser_fedavg__split07__seed3__d0.1,cifar100,d0.1,proser_fedavg,7,3,0.2,0.05,0.05,5,12,B,0,0.0,0.0,,,,,,,,
cifar100_proser_fedavg__split07__seed3__d0.5,cifar100,d0.5,proser_fedavg,7,3,0.2,0.05,0.05,5,12,H,0,0.0,0.0,,,,,,,,
cifar100_proser_fedavg__split07__seed3__d0.5,cifar100,d0.5,proser_fedavg,7,3,0.2,0.05,0.05,5,12,S,0,0.0,0.0,,,,,,,,
cifar100_proser_fedavg__split07__seed3__d0.5,cifar100,d0.5,proser_fedavg,7,3,0.2,0.05,0.05,5,12,B,0,0.0,0.0,,,,,,,,
cifar100_proser_fedavg__split07__seed3__d5.0,cifar100,d5,proser_fedavg,7,3,0.2,0.05,0.05,5,12,H,0,0.0,0.0,,,,,,,,
cifar100_proser_fedavg__split07__seed3__d5.0,cifar100,d5,proser_fedavg,7,3,0.2,0.05,0.05,5,12,S,0,0.0,0.0,,,,,,,,
cifar100_proser_fedavg__split07__seed3__d5.0,cifar100,d5,proser_fedavg,7,3,0.2,0.05,0.05,5,12,B,0,0.0,0.0,,,,,,,,
cifar100_proser_fedavg__split07__seed4__d0.1,cifar100,d0.1,proser_fedavg,7,4,0.2,0.05,0.05,5,12,H,0,0.0,0.0,,,,,,,,
cifar100_proser_fedavg__split07__seed4__d0.1,cifar100,d0.1,proser_fedavg,7,4,0.2,0.05,0.05,5,12,S,0,0.0,0.0,,,,,,,,
cifar100_proser_fedavg__split07__seed4__d0.1,cifar100,d0.1,proser_fedavg,7,4,0.2,0.05,0.05,5,12,B,0,0.0,0.0,,,,,,,,
cifar100_proser_fedavg__split07__seed4__d0.5,cifar100,d0.5,proser_fedavg,7,4,0.2,0.05,0.05,5,12,H,0,0.0,0.0,,,,,,,,
cifar100_proser_fedavg__split07__seed4__d0.5,cifar100,d0.5,proser_fedavg,7,4,0.2,0.05,0.05,5,12,S,0,0.0,0.0,,,,,,,,
cifar100_proser_fedavg__split07__seed4__d0.5,cifar100,d0.5,proser_fedavg,7,4,0.2,0.05,0.05,5,12,B,0,0.0,0.0,,,,,,,,
cifar100_proser_fedavg__split07__seed4__d5.0,cifar100,d5,proser_fedavg,7,4,0.2,0.05,0.05,5,12,H,0,0.0,0.0,,,,,,,,
cifar100_proser_fedavg__split07__seed4__d5.0,cifar100,d5,proser_fedavg,7,4,0.2,0.05,0.05,5,12,S,0,0.0,0.0,,,,,,,,
cifar100_proser_fedavg__split07__seed4__d5.0,cifar100,d5,proser_fedavg,7,4,0.2,0.05,0.05,5,12,B,0,0.0,0.0,,,,,,,,
cifar100_proser_fedavg__split08__seed0__d0.1,cifar100,d0.1,proser_fedavg,8,0,0.2,0.05,0.05,5,12,H,0,0.0,0.0,,,,,,,,
cifar100_proser_fedavg__split08__seed0__d0.1,cifar100,d0.1,proser_fedavg,8,0,0.2,0.05,0.05,5,12,S,0,0.0,0.0,,,,,,,,
cifar100_proser_fedavg__split08__seed0__d0.1,cifar100,d0.1,proser_fedavg,8,0,0.2,0.05,0.05,5,12,B,0,0.0,0.0,,,,,,,,
cifar100_proser_fedavg__split08__seed0__d0.5,cifar100,d0.5,proser_fedavg,8,0,0.2,0.05,0.05,5,12,H,0,0.0,0.0,,,,,,,,
cifar100_proser_fedavg__split08__seed0__d0.5,cifar100,d0.5,proser_fedavg,8,0,0.2,0.05,0.05,5,12,S,0,0.0,0.0,,,,,,,,
cifar100_proser_fedavg__split08__seed0__d0.5,cifar100,d0.5,proser_fedavg,8,0,0.2,0.05,0.05,5,12,B,0,0.0,0.0,,,,,,,,
cifar100_proser_fedavg__split08__seed0__d5.0,cifar100,d5,proser_fedavg,8,0,0.2,0.05,0.05,5,12,H,0,0.0,0.0,,,,,,,,
cifar100_proser_fedavg__split08__seed0__d5.0,cifar100,d5,proser_fedavg,8,0,0.2,0.05,0.05,5,12,S,0,0.0,0.0,,,,,,,,
cifar100_proser_fedavg__split08__seed0__d5.0,cifar100,d5,proser_fedavg,8,0,0.2,0.05,0.05,5,12,B,0,0.0,0.0,,,,,,,,
cifar100_proser_fedavg__split08__seed1__d0.1,cifar100,d0.1,proser_fedavg,8,1,0.2,0.05,0.05,5,12,H,0,0.0,0.0,,,,,,,,
cifar100_proser_fedavg__split08__seed1__d0.1,cifar100,d0.1,proser_fedavg,8,1,0.2,0.05,0.05,5,12,S,0,0.0,0.0,,,,,,,,
cifar100_proser_fedavg__split08__seed1__d0.1,cifar100,d0.1,proser_fedavg,8,1,0.2,0.05,0.05,5,12,B,0,0.0,0.0,,,,,,,,
cifar100_proser_fedavg__split08__seed1__d0.5,cifar100,d0.5,proser_fedavg,8,1,0.2,0.05,0.05,5,12,H,0,0.0,0.0,,,,,,,,
cifar100_proser_fedavg__split08__seed1__d0.5,cifar100,d0.5,proser_fedavg,8,1,0.2,0.05,0.05,5,12,S,0,0.0,0.0,,,,,,,,
cifar100_proser_fedavg__split08__seed1__d0.5,cifar100,d0.5,proser_fedavg,8,1,0.2,0.05,0.05,5,12,B,0,0.0,0.0,,,,,,,,
cifar100_proser_fedavg__split08__seed1__d5.0,cifar100,d5,proser_fedavg,8,1,0.2,0.05,0.05,5,12,H,0,0.0,0.0,,,,,,,,
cifar100_proser_fedavg__split08__seed1__d5.0,cifar100,d5,proser_fedavg,8,1,0.2,0.05,0.05,5,12,S,0,0.0,0.0,,,,,,,,
cifar100_proser_fedavg__split08__seed1__d5.0,cifar100,d5,proser_fedavg,8,1,0.2,0.05,0.05,5,12,B,0,0.0,0.0,,,,,,,,
cifar100_proser_fedavg__split08__seed2__d0.1,cifar100,d0.1,proser_fedavg,8,2,0.2,0.05,0.05,5,12,H,0,0.0,0.0,,,,,,,,
cifar100_proser_fedavg__split08__seed2__d0.1,cifar100,d0.1,proser_fedavg,8,2,0.2,0.05,0.05,5,12,S,0,0.0,0.0,,,,,,,,
cifar100_proser_fedavg__split08__seed2__d0.1,cifar100,d0.1,proser_fedavg,8,2,0.2,0.05,0.05,5,12,B,0,0.0,0.0,,,,,,,,
cifar100_proser_fedavg__split08__seed2__d0.5,cifar100,d0.5,proser_fedavg,8,2,0.2,0.05,0.05,5,12,H,0,0.0,0.0,,,,,,,,
cifar100_proser_fedavg__split08__seed2__d0.5,cifar100,d0.5,proser_fedavg,8,2,0.2,0.05,0.05,5,12,S,0,0.0,0.0,,,,,,,,
cifar100_proser_fedavg__split08__seed2__d0.5,cifar100,d0.5,proser_fedavg,8,2,0.2,0.05,0.05,5,12,B,0,0.0,0.0,,,,,,,,
cifar100_proser_fedavg__split08__seed2__d5.0,cifar100,d5,proser_fedavg,8,2,0.2,0.05,0.05,5,12,H,0,0.0,0.0,,,,,,,,
cifar100_proser_fedavg__split08__seed2__d5.0,cifar100,d5,proser_fedavg,8,2,0.2,0.05,0.05,5,12,S,0,0.0,0.0,,,,,,,,
cifar100_proser_fedavg__split08__seed2__d5.0,cifar100,d5,proser_fedavg,8,2,0.2,0.05,0.05,5,12,B,0,0.0,0.0,,,,,,,,
cifar100_proser_fedavg__split08__seed3__d0.1,cifar100,d0.1,proser_fedavg,8,3,0.2,0.05,0.05,5,12,H,0,0.0,0.0,,,,,,,,
cifar100_proser_fedavg__split08__seed3__d0.1,cifar100,d0.1,proser_fedavg,8,3,0.2,0.05,0.05,5,12,S,0,0.0,0.0,,,,,,,,
cifar100_proser_fedavg__split08__seed3__d0.1,cifar100,d0.1,proser_fedavg,8,3,0.2,0.05,0.05,5,12,B,0,0.0,0.0,,,,,,,,
cifar100_proser_fedavg__split08__seed3__d0.5,cifar100,d0.5,proser_fedavg,8,3,0.2,0.05,0.05,5,12,H,0,0.0,0.0,,,,,,,,
cifar100_proser_fedavg__split08__seed3__d0.5,cifar100,d0.5,proser_fedavg,8,3,0.2,0.05,0.05,5,12,S,0,0.0,0.0,,,,,,,,
cifar100_proser_fedavg__split08__seed3__d0.5,cifar100,d0.5,proser_fedavg,8,3,0.2,0.05,0.05,5,12,B,0,0.0,0.0,,,,,,,,
cifar100_proser_fedavg__split08__seed3__d5.0,cifar100,d5,proser_fedavg,8,3,0.2,0.05,0.05,5,12,H,0,0.0,0.0,,,,,,,,
cifar100_proser_fedavg__split08__seed3__d5.0,cifar100,d5,proser_fedavg,8,3,0.2,0.05,0.05,5,12,S,0,0.0,0.0,,,,,,,,
cifar100_proser_fedavg__split08__seed3__d5.0,cifar100,d5,proser_fedavg,8,3,0.2,0.05,0.05,5,12,B,0,0.0,0.0,,,,,,,,
cifar100_proser_fedavg__split08__seed4__d0.1,cifar100,d0.1,proser_fedavg,8,4,0.2,0.05,0.05,5,12,H,0,0.0,0.0,,,,,,,,
cifar100_proser_fedavg__split08__seed4__d0.1,cifar100,d0.1,proser_fedavg,8,4,0.2,0.05,0.05,5,12,S,0,0.0,0.0,,,,,,,,
cifar100_proser_fedavg__split08__seed4__d0.1,cifar100,d0.1,proser_fedavg,8,4,0.2,0.05,0.05,5,12,B,0,0.0,0.0,,,,,,,,
cifar100_proser_fedavg__split08__seed4__d0.5,cifar100,d0.5,proser_fedavg,8,4,0.2,0.05,0.05,5,12,H,0,0.0,0.0,,,,,,,,
cifar100_proser_fedavg__split08__seed4__d0.5,cifar100,d0.5,proser_fedavg,8,4,0.2,0.05,0.05,5,12,S,0,0.0,0.0,,,,,,,,
cifar100_proser_fedavg__split08__seed4__d0.5,cifar100,d0.5,proser_fedavg,8,4,0.2,0.05,0.05,5,12,B,0,0.0,0.0,,,,,,,,
cifar100_proser_fedavg__split08__seed4__d5.0,cifar100,d5,proser_fedavg,8,4,0.2,0.05,0.05,5,12,H,0,0.0,0.0,,,,,,,,
cifar100_proser_fedavg__split08__seed4__d5.0,cifar100,d5,proser_fedavg,8,4,0.2,0.05,0.05,5,12,S,0,0.0,0.0,,,,,,,,
cifar100_proser_fedavg__split08__seed4__d5.0,cifar100,d5,proser_fedavg,8,4,0.2,0.05,0.05,5,12,B,0,0.0,0.0,,,,,,,,
cifar100_proser_fedavg__split09__seed0__d0.1,cifar100,d0.1,proser_fedavg,9,0,0.2,0.05,0.05,5,12,H,0,0.0,0.0,,,,,,,,
cifar100_proser_fedavg__split09__seed0__d0.1,cifar100,d0.1,proser_fedavg,9,0,0.2,0.05,0.05,5,12,S,0,0.0,0.0,,,,,,,,
cifar100_proser_fedavg__split09__seed0__d0.1,cifar100,d0.1,proser_fedavg,9,0,0.2,0.05,0.05,5,12,B,0,0.0,0.0,,,,,,,,
cifar100_proser_fedavg__split09__seed0__d0.5,cifar100,d0.5,proser_fedavg,9,0,0.2,0.05,0.05,5,12,H,0,0.0,0.0,,,,,,,,
cifar100_proser_fedavg__split09__seed0__d0.5,cifar100,d0.5,proser_fedavg,9,0,0.2,0.05,0.05,5,12,S,0,0.0,0.0,,,,,,,,
cifar100_proser_fedavg__split09__seed0__d0.5,cifar100,d0.5,proser_fedavg,9,0,0.2,0.05,0.05,5,12,B,0,0.0,0.0,,,,,,,,
cifar100_proser_fedavg__split09__seed0__d5.0,cifar100,d5,proser_fedavg,9,0,0.2,0.05,0.05,5,12,H,1,0.1315056998250879,0.1315056998250879,,0.004012899238082303,0.04414189161890534,1.0,proser,native,0.5,0.9913303726492916
cifar100_proser_fedavg__split09__seed0__d5.0,cifar100,d5,proser_fedavg,9,0,0.2,0.05,0.05,5,12,S,1,0.1315056998250879,0.1315056998250879,0.19941607322080146,,,1.0,proser,native,0.5,0.9913303726492916
cifar100_proser_fedavg__split09__seed0__d5.0,cifar100,d5,proser_fedavg,9,0,0.2,0.05,0.05,5,12,B,0,0.0,0.0,,,,,,,,
cifar100_proser_fedavg__split09__seed1__d0.1,cifar100,d0.1,proser_fedavg,9,1,0.2,0.05,0.05,5,12,H,0,0.0,0.0,,,,,,,,
cifar100_proser_fedavg__split09__seed1__d0.1,cifar100,d0.1,proser_fedavg,9,1,0.2,0.05,0.05,5,12,S,0,0.0,0.0,,,,,,,,
cifar100_proser_fedavg__split09__seed1__d0.1,cifar100,d0.1,proser_fedavg,9,1,0.2,0.05,0.05,5,12,B,0,0.0,0.0,,,,,,,,
cifar100_proser_fedavg__split09__seed1__d0.5,cifar100,d0.5,proser_fedavg,9,1,0.2,0.05,0.05,5,12,H,0,0.0,0.0,,,,,,,,
cifar100_proser_fedavg__split09__seed1__d0.5,cifar100,d0.5,proser_fedavg,9,1,0.2,0.05,0.05,5,12,S,0,0.0,0.0,,,,,,,,
cifar100_proser_fedavg__split09__seed1__d0.5,cifar100,d0.5,proser_fedavg,9,1,0.2,0.05,0.05,5,12,B,0,0.0,0.0,,,,,,,,
cifar100_proser_fedavg__split09__seed1__d5.0,cifar100,d5,proser_fedavg,9,1,0.2,0.05,0.05,5,12,H,1,0.083923384581486,0.083923384581486,,0.003348766154462989,0.040185193853555866,8.0,margin,margin,0.3,0.9999569058418274
cifar100_proser_fedavg__split09__seed1__d5.0,cifar100,d5,proser_fedavg,9,1,0.2,0.05,0.05,5,12,S,1,0.083923384581486,0.083923384581486,0.1958631248415047,,,8.0,margin,margin,0.3,0.9999569058418274
cifar100_proser_fedavg__split09__seed1__d5.0,cifar100,d5,proser_fedavg,9,1,0.2,0.05,0.05,5,12,B,0,0.0,0.0,,,,,,,,
cifar100_proser_fedavg__split09__seed2__d0.1,cifar100,d0.1,proser_fedavg,9,2,0.2,0.05,0.05,5,12,H,0,0.0,0.0,,,,,,,,
cifar100_proser_fedavg__split09__seed2__d0.1,cifar100,d0.1,proser_fedavg,9,2,0.2,0.05,0.05,5,12,S,0,0.0,0.0,,,,,,,,
cifar100_proser_fedavg__split09__seed2__d0.1,cifar100,d0.1,proser_fedavg,9,2,0.2,0.05,0.05,5,12,B,0,0.0,0.0,,,,,,,,
cifar100_proser_fedavg__split09__seed2__d0.5,cifar100,d0.5,proser_fedavg,9,2,0.2,0.05,0.05,5,12,H,0,0.0,0.0,,,,,,,,
cifar100_proser_fedavg__split09__seed2__d0.5,cifar100,d0.5,proser_fedavg,9,2,0.2,0.05,0.05,5,12,S,0,0.0,0.0,,,,,,,,
cifar100_proser_fedavg__split09__seed2__d0.5,cifar100,d0.5,proser_fedavg,9,2,0.2,0.05,0.05,5,12,B,0,0.0,0.0,,,,,,,,
cifar100_proser_fedavg__split09__seed2__d5.0,cifar100,d5,proser_fedavg,9,2,0.2,0.05,0.05,5,12,H,0,0.0,0.0,,,,,,,,
cifar100_proser_fedavg__split09__seed2__d5.0,cifar100,d5,proser_fedavg,9,2,0.2,0.05,0.05,5,12,S,0,0.0,0.0,,,,,,,,
cifar100_proser_fedavg__split09__seed2__d5.0,cifar100,d5,proser_fedavg,9,2,0.2,0.05,0.05,5,12,B,0,0.0,0.0,,,,,,,,
cifar100_proser_fedavg__split09__seed3__d0.1,cifar100,d0.1,proser_fedavg,9,3,0.2,0.05,0.05,5,12,H,0,0.0,0.0,,,,,,,,
cifar100_proser_fedavg__split09__seed3__d0.1,cifar100,d0.1,proser_fedavg,9,3,0.2,0.05,0.05,5,12,S,0,0.0,0.0,,,,,,,,
cifar100_proser_fedavg__split09__seed3__d0.1,cifar100,d0.1,proser_fedavg,9,3,0.2,0.05,0.05,5,12,B,0,0.0,0.0,,,,,,,,
cifar100_proser_fedavg__split09__seed3__d0.5,cifar100,d0.5,proser_fedavg,9,3,0.2,0.05,0.05,5,12,H,0,0.0,0.0,,,,,,,,
cifar100_proser_fedavg__split09__seed3__d0.5,cifar100,d0.5,proser_fedavg,9,3,0.2,0.05,0.05,5,12,S,0,0.0,0.0,,,,,,,,
cifar100_proser_fedavg__split09__seed3__d0.5,cifar100,d0.5,proser_fedavg,9,3,0.2,0.05,0.05,5,12,B,0,0.0,0.0,,,,,,,,
cifar100_proser_fedavg__split09__seed3__d5.0,cifar100,d5,proser_fedavg,9,3,0.2,0.05,0.05,5,12,H,1,0.085586118851824,0.085586118851824,,0.0017447518128594314,0.020937021754313175,8.0,margin,margin,0.3,0.9999957084655762
cifar100_proser_fedavg__split09__seed3__d5.0,cifar100,d5,proser_fedavg,9,3,0.2,0.05,0.05,5,12,S,1,0.085586118851824,0.085586118851824,0.18463770411914054,,,8.0,margin,margin,0.3,0.9999957084655762
cifar100_proser_fedavg__split09__seed3__d5.0,cifar100,d5,proser_fedavg,9,3,0.2,0.05,0.05,5,12,B,0,0.0,0.0,,,,,,,,
cifar100_proser_fedavg__split09__seed4__d0.1,cifar100,d0.1,proser_fedavg,9,4,0.2,0.05,0.05,5,12,H,0,0.0,0.0,,,,,,,,
cifar100_proser_fedavg__split09__seed4__d0.1,cifar100,d0.1,proser_fedavg,9,4,0.2,0.05,0.05,5,12,S,0,0.0,0.0,,,,,,,,
cifar100_proser_fedavg__split09__seed4__d0.1,cifar100,d0.1,proser_fedavg,9,4,0.2,0.05,0.05,5,12,B,0,0.0,0.0,,,,,,,,
cifar100_proser_fedavg__split09__seed4__d0.5,cifar100,d0.5,proser_fedavg,9,4,0.2,0.05,0.05,5,12,H,0,0.0,0.0,,,,,,,,
cifar100_proser_fedavg__split09__seed4__d0.5,cifar100,d0.5,proser_fedavg,9,4,0.2,0.05,0.05,5,12,S,0,0.0,0.0,,,,,,,,
cifar100_proser_fedavg__split09__seed4__d0.5,cifar100,d0.5,proser_fedavg,9,4,0.2,0.05,0.05,5,12,B,0,0.0,0.0,,,,,,,,
cifar100_proser_fedavg__split09__seed4__d5.0,cifar100,d5,proser_fedavg,9,4,0.2,0.05,0.05,5,12,H,0,0.0,0.0,,,,,,,,
cifar100_proser_fedavg__split09__seed4__d5.0,cifar100,d5,proser_fedavg,9,4,0.2,0.05,0.05,5,12,S,0,0.0,0.0,,,,,,,,
cifar100_proser_fedavg__split09__seed4__d5.0,cifar100,d5,proser_fedavg,9,4,0.2,0.05,0.05,5,12,B,0,0.0,0.0,,,,,,,,
cifar10_proser_fedavg__split00__seed0__d0.1,cifar10,d0.1,proser_fedavg,0,0,0.2,0.05,0.05,5,12,H,0,0.0,0.0,,,,,,,,
cifar10_proser_fedavg__split00__seed0__d0.1,cifar10,d0.1,proser_fedavg,0,0,0.2,0.05,0.05,5,12,S,0,0.0,0.0,,,,,,,,
cifar10_proser_fedavg__split00__seed0__d0.1,cifar10,d0.1,proser_fedavg,0,0,0.2,0.05,0.05,5,12,B,0,0.0,0.0,,,,,,,,
cifar10_proser_fedavg__split00__seed0__d0.5,cifar10,d0.5,proser_fedavg,0,0,0.2,0.05,0.05,5,12,H,0,0.0,0.0,,,,,,,,
cifar10_proser_fedavg__split00__seed0__d0.5,cifar10,d0.5,proser_fedavg,0,0,0.2,0.05,0.05,5,12,S,0,0.0,0.0,,,,,,,,
cifar10_proser_fedavg__split00__seed0__d0.5,cifar10,d0.5,proser_fedavg,0,0,0.2,0.05,0.05,5,12,B,0,0.0,0.0,,,,,,,,
cifar10_proser_fedavg__split00__seed0__d5.0,cifar10,d5,proser_fedavg,0,0,0.2,0.05,0.05,5,12,H,1,0.1006859670193697,0.1006859670193697,,0.002313883954491709,0.027766607453900506,4.0,energy,energy,0.3,9.092254951247403
cifar10_proser_fedavg__split00__seed0__d5.0,cifar10,d5,proser_fedavg,0,0,0.2,0.05,0.05,5,12,S,1,0.1006859670193697,0.1006859670193697,0.1899696246931853,,,4.0,energy,energy,0.3,9.092254951247403
cifar10_proser_fedavg__split00__seed0__d5.0,cifar10,d5,proser_fedavg,0,0,0.2,0.05,0.05,5,12,B,0,0.0,0.0,,,,,,,,
cifar10_proser_fedavg__split00__seed1__d0.1,cifar10,d0.1,proser_fedavg,0,1,0.2,0.05,0.05,5,12,H,0,0.0,0.0,,,,,,,,
cifar10_proser_fedavg__split00__seed1__d0.1,cifar10,d0.1,proser_fedavg,0,1,0.2,0.05,0.05,5,12,S,0,0.0,0.0,,,,,,,,
cifar10_proser_fedavg__split00__seed1__d0.1,cifar10,d0.1,proser_fedavg,0,1,0.2,0.05,0.05,5,12,B,0,0.0,0.0,,,,,,,,
cifar10_proser_fedavg__split00__seed1__d0.5,cifar10,d0.5,proser_fedavg,0,1,0.2,0.05,0.05,5,12,H,1,0.2402019320030513,0.2402019320030513,,0.00043822908054709086,0.004820519886017999,1.0,proser,native,0.5,0.982669343717122
cifar10_proser_fedavg__split00__seed1__d0.5,cifar10,d0.5,proser_fedavg,0,1,0.2,0.05,0.05,5,12,S,1,0.2402019320030513,0.2402019320030513,0.1777306898137767,,,1.0,proser,native,0.5,0.982669343717122
cifar10_proser_fedavg__split00__seed1__d0.5,cifar10,d0.5,proser_fedavg,0,1,0.2,0.05,0.05,5,12,B,1,0.2309707976920745,0.2309707976920745,0.19395099020178125,,,1.0,proser,native,0.5,0.982669343717122
cifar10_proser_fedavg__split00__seed1__d5.0,cifar10,d5,proser_fedavg,0,1,0.2,0.05,0.05,5,12,H,1,0.2402019320030513,0.2402019320030513,,0.0007576472006314774,0.008334119206946251,9.0,margin,margin,0.5,0.9999964304990993
cifar10_proser_fedavg__split00__seed1__d5.0,cifar10,d5,proser_fedavg,0,1,0.2,0.05,0.05,5,12,S,1,0.2402019320030513,0.2402019320030513,0.18165466149170922,,,9.0,margin,margin,0.5,0.9999964304990993
cifar10_proser_fedavg__split00__seed1__d5.0,cifar10,d5,proser_fedavg,0,1,0.2,0.05,0.05,5,12,B,1,0.2309707976920745,0.2309707976920745,0.19902518343477094,,,9.0,margin,margin,0.5,0.9999964304990993
cifar10_proser_fedavg__split00__seed2__d0.1,cifar10,d0.1,proser_fedavg,0,2,0.2,0.05,0.05,5,12,H,0,0.0,0.0,,,,,,,,
cifar10_proser_fedavg__split00__seed2__d0.1,cifar10,d0.1,proser_fedavg,0,2,0.2,0.05,0.05,5,12,S,0,0.0,0.0,,,,,,,,
cifar10_proser_fedavg__split00__seed2__d0.1,cifar10,d0.1,proser_fedavg,0,2,0.2,0.05,0.05,5,12,B,0,0.0,0.0,,,,,,,,
cifar10_proser_fedavg__split00__seed2__d0.5,cifar10,d0.5,proser_fedavg,0,2,0.2,0.05,0.05,5,12,H,1,0.3065535017932921,0.3065535017932921,,0.0017156935863351177,0.013725548690680942,1.0,proser,native,0.5,0.9756574582894112
cifar10_proser_fedavg__split00__seed2__d0.5,cifar10,d0.5,proser_fedavg,0,2,0.2,0.05,0.05,5,12,S,1,0.3065535017932921,0.3065535017932921,0.1913513899604919,,,1.0,proser,native,0.5,0.9756574582894112
cifar10_proser_fedavg__split00__seed2__d0.5,cifar10,d0.5,proser_fedavg,0,2,0.2,0.05,0.05,5,12,B,1,0.2781296793758956,0.2781296793758956,0.19563395090491398,,,5.0,energy,energy,0.5,5.521372460202629
cifar10_proser_fedavg__split00__seed2__d5.0,cifar10,d5,proser_fedavg,0,2,0.2,0.05,0.05,5,12,H,1,0.2111818007138661,0.2111818007138661,,0.0023358934830677498,0.025694828313745248,9.0,margin,margin,0.5,0.9999997615814208
cifar10_proser_fedavg__split00__seed2__d5.0,cifar10,d5,proser_fedavg,0,2,0.2,0.05,0.05,5,12,S,1,0.2111818007138661,0.2111818007138661,0.1930058437760407,,,9.0,margin,margin,0.5,0.9999997615814208
cifar10_proser_fedavg__split00__seed2__d5.0,cifar10,d5,proser_fedavg,0,2,0.2,0.05,0.05,5,12,B,0,0.0,0.0,,,,,,,,
cifar10_proser_fedavg__split00__seed3__d0.1,cifar10,d0.1,proser_fedavg,0,3,0.2,0.05,0.05,5,12,H,0,0.0,0.0,,,,,,,,
cifar10_proser_fedavg__split00__seed3__d0.1,cifar10,d0.1,proser_fedavg,0,3,0.2,0.05,0.05,5,12,S,0,0.0,0.0,,,,,,,,
cifar10_proser_fedavg__split00__seed3__d0.1,cifar10,d0.1,proser_fedavg,0,3,0.2,0.05,0.05,5,12,B,0,0.0,0.0,,,,,,,,
cifar10_proser_fedavg__split00__seed3__d0.5,cifar10,d0.5,proser_fedavg,0,3,0.2,0.05,0.05,5,12,H,1,0.085586118851824,0.085586118851824,,0.0016913395931140642,0.02029607511736877,0.0,proser,native,0.3,0.9940378133668548
cifar10_proser_fedavg__split00__seed3__d0.5,cifar10,d0.5,proser_fedavg,0,3,0.2,0.05,0.05,5,12,S,1,0.085586118851824,0.085586118851824,0.1851048197141975,,,0.0,proser,native,0.3,0.9940378133668548
cifar10_proser_fedavg__split00__seed3__d0.5,cifar10,d0.5,proser_fedavg,0,3,0.2,0.05,0.05,5,12,B,0,0.0,0.0,,,,,,,,
cifar10_proser_fedavg__split00__seed3__d5.0,cifar10,d5,proser_fedavg,0,3,0.2,0.05,0.05,5,12,H,0,0.0,0.0,,,,,,,,
cifar10_proser_fedavg__split00__seed3__d5.0,cifar10,d5,proser_fedavg,0,3,0.2,0.05,0.05,5,12,S,0,0.0,0.0,,,,,,,,
cifar10_proser_fedavg__split00__seed3__d5.0,cifar10,d5,proser_fedavg,0,3,0.2,0.05,0.05,5,12,B,0,0.0,0.0,,,,,,,,
cifar10_proser_fedavg__split00__seed4__d0.1,cifar10,d0.1,proser_fedavg,0,4,0.2,0.05,0.05,5,12,H,0,0.0,0.0,,,,,,,,
cifar10_proser_fedavg__split00__seed4__d0.1,cifar10,d0.1,proser_fedavg,0,4,0.2,0.05,0.05,5,12,S,0,0.0,0.0,,,,,,,,
cifar10_proser_fedavg__split00__seed4__d0.1,cifar10,d0.1,proser_fedavg,0,4,0.2,0.05,0.05,5,12,B,0,0.0,0.0,,,,,,,,
cifar10_proser_fedavg__split00__seed4__d0.5,cifar10,d0.5,proser_fedavg,0,4,0.2,0.05,0.05,5,12,H,0,0.0,0.0,,,,,,,,
cifar10_proser_fedavg__split00__seed4__d0.5,cifar10,d0.5,proser_fedavg,0,4,0.2,0.05,0.05,5,12,S,0,0.0,0.0,,,,,,,,
cifar10_proser_fedavg__split00__seed4__d0.5,cifar10,d0.5,proser_fedavg,0,4,0.2,0.05,0.05,5,12,B,0,0.0,0.0,,,,,,,,
cifar10_proser_fedavg__split00__seed4__d5.0,cifar10,d5,proser_fedavg,0,4,0.2,0.05,0.05,5,12,H,0,0.0,0.0,,,,,,,,
cifar10_proser_fedavg__split00__seed4__d5.0,cifar10,d5,proser_fedavg,0,4,0.2,0.05,0.05,5,12,S,0,0.0,0.0,,,,,,,,
cifar10_proser_fedavg__split00__seed4__d5.0,cifar10,d5,proser_fedavg,0,4,0.2,0.05,0.05,5,12,B,0,0.0,0.0,,,,,,,,
cifar10_proser_fedavg__split01__seed0__d0.1,cifar10,d0.1,proser_fedavg,1,0,0.2,0.05,0.05,5,12,H,0,0.0,0.0,,,,,,,,
cifar10_proser_fedavg__split01__seed0__d0.1,cifar10,d0.1,proser_fedavg,1,0,0.2,0.05,0.05,5,12,S,0,0.0,0.0,,,,,,,,
cifar10_proser_fedavg__split01__seed0__d0.1,cifar10,d0.1,proser_fedavg,1,0,0.2,0.05,0.05,5,12,B,0,0.0,0.0,,,,,,,,
cifar10_proser_fedavg__split01__seed0__d0.5,cifar10,d0.5,proser_fedavg,1,0,0.2,0.05,0.05,5,12,H,0,0.0,0.0,,,,,,,,
cifar10_proser_fedavg__split01__seed0__d0.5,cifar10,d0.5,proser_fedavg,1,0,0.2,0.05,0.05,5,12,S,0,0.0,0.0,,,,,,,,
cifar10_proser_fedavg__split01__seed0__d0.5,cifar10,d0.5,proser_fedavg,1,0,0.2,0.05,0.05,5,12,B,0,0.0,0.0,,,,,,,,
cifar10_proser_fedavg__split01__seed0__d5.0,cifar10,d5,proser_fedavg,1,0,0.2,0.05,0.05,5,12,H,1,0.35339710447454,0.35339710447454,,0.001256469359637202,0.008795285517460415,9.0,margin,margin,0.5,0.999945526537688
cifar10_proser_fedavg__split01__seed0__d5.0,cifar10,d5,proser_fedavg,1,0,0.2,0.05,0.05,5,12,S,1,0.35339710447454,0.35339710447454,0.18912350510914316,,,9.0,margin,margin,0.5,0.999945526537688
cifar10_proser_fedavg__split01__seed0__d5.0,cifar10,d5,proser_fedavg,1,0,0.2,0.05,0.05,5,12,B,1,0.3205382840968935,0.3205382840968935,0.19088044541176913,,,5.0,energy,energy,0.5,6.278508041215979
cifar10_proser_fedavg__split01__seed1__d0.1,cifar10,d0.1,proser_fedavg,1,1,0.2,0.05,0.05,5,12,H,1,0.1789333031415155,0.1789333031415155,,0.0017645056807769157,0.02117406816932299,0.0,proser,native,0.3,0.5895502515461134
cifar10_proser_fedavg__split01__seed1__d0.1,cifar10,d0.1,proser_fedavg,1,1,0.2,0.05,0.05,5,12,S,1,0.1789333031415155,0.1789333031415155,0.18894426290411753,,,0.0,proser,native,0.3,0.5895502515461134
cifar10_proser_fedavg__split01__seed1__d0.1,cifar10,d0.1,proser_fedavg,1,1,0.2,0.05,0.05,5,12,B,0,0.0,0.0,,,,,,,,
cifar10_proser_fedavg__split01__seed1__d0.5,cifar10,d0.5,proser_fedavg,1,1,0.2,0.05,0.05,5,12,H,1,0.3760883474258517,0.3760883474258517,,8.564342325009837e-05,0.0007707908092508854,5.0,energy,energy,0.5,3.4985928144742013
cifar10_proser_fedavg__split01__seed1__d0.5,cifar10,d0.5,proser_fedavg,1,1,0.2,0.05,0.05,5,12,S,1,0.3760883474258517,0.3760883474258517,0.17029238716275952,,,5.0,energy,energy,0.5,3.4985928144742013
cifar10_proser_fedavg__split01__seed1__d0.5,cifar10,d0.5,proser_fedavg,1,1,0.2,0.05,0.05,5,12,B,1,0.3654261741451777,0.3654261741451777,0.18342475769272415,,,5.0,energy,energy,0.5,3.4985928144742013
cifar10_proser_fedavg__split01__seed1__d5.0,cifar10,d5,proser_fedavg,1,1,0.2,0.05,0.05,5,12,H,1,0.3439812828054374,0.3439812828054374,,0.0002592362913998107,0.0028515992053979172,4.0,energy,energy,0.3,6.2171910789898
cifar10_proser_fedavg__split01__seed1__d5.0,cifar10,d5,proser_fedavg,1,1,0.2,0.05,0.05,5,12,S,1,0.3439812828054374,0.3439812828054374,0.1766356179392738,,,4.0,energy,energy,0.3,6.2171910789898
cifar10_proser_fedavg__split01__seed1__d5.0,cifar10,d5,proser_fedavg,1,1,0.2,0.05,0.05,5,12,B,1,0.3335653460137279,0.3335653460137279,0.19065929614308086,,,4.0,energy,energy,0.3,6.2171910789898
cifar10_proser_fedavg__split01__seed2__d0.1,cifar10,d0.1,proser_fedavg,1,2,0.2,0.05,0.05,5,12,H,0,0.0,0.0,,,,,,,,
cifar10_proser_fedavg__split01__seed2__d0.1,cifar10,d0.1,proser_fedavg,1,2,0.2,0.05,0.05,5,12,S,0,0.0,0.0,,,,,,,,
cifar10_proser_fedavg__split01__seed2__d0.1,cifar10,d0.1,proser_fedavg,1,2,0.2,0.05,0.05,5,12,B,0,0.0,0.0,,,,,,,,
cifar10_proser_fedavg__split01__seed2__d0.5,cifar10,d0.5,proser_fedavg,1,2,0.2,0.05,0.05,5,12,H,1,0.3855813628592469,0.3855813628592469,,0.0011171781262095733,0.007820246883467013,9.0,margin,margin,0.5,0.9995411271634308
cifar10_proser_fedavg__split01__seed2__d0.5,cifar10,d0.5,proser_fedavg,1,2,0.2,0.05,0.05,5,12,S,1,0.3855813628592469,0.3855813628592469,0.1886611844362736,,,9.0,margin,margin,0.5,0.9995411271634308
cifar10_proser_fedavg__split01__seed2__d0.5,cifar10,d0.5,proser_fedavg,1,2,0.2,0.05,0.05,5,12,B,1,0.3673100393851205,0.3673100393851205,0.18415242040728158,,,5.0,energy,energy,0.5,4.361128952192224
cifar10_proser_fedavg__split01__seed2__d5.0,cifar10,d5,proser_fedavg,1,2,0.2,0.05,0.05,5,12,H,1,0.4180235930891458,0.4180235930891458,,0.0022911509632225005,0.016400437128823435,5.0,energy,energy,0.5,4.427393268980709
cifar10_proser_fedavg__split01__seed2__d5.0,cifar10,d5,proser_fedavg,1,2,0.2,0.05,0.05,5,12,S,1,0.4180235930891458,0.4180235930891458,0.19484960066162438,,,5.0,energy,energy,0.5,4.427393268980709
cifar10_proser_fedavg__split01__seed2__d5.0,cifar10,d5,proser_fedavg,1,2,0.2,0.05,0.05,5,12,B,1,0.3223959433672152,0.3223959433672152,0.16804151267590967,,,4.0,energy,energy,0.3,5.222527031914445
cifar10_proser_fedavg__split01__seed3__d0.1,cifar10,d0.1,proser_fedavg,1,3,0.2,0.05,0.05,5,12,H,0,0.0,0.0,,,,,,,,
cifar10_proser_fedavg__split01__seed3__d0.1,cifar10,d0.1,proser_fedavg,1,3,0.2,0.05,0.05,5,12,S,0,0.0,0.0,,,,,,,,
cifar10_proser_fedavg__split01__seed3__d0.1,cifar10,d0.1,proser_fedavg,1,3,0.2,0.05,0.05,5,12,B,0,0.0,0.0,,,,,,,,
cifar10_proser_fedavg__split01__seed3__d0.5,cifar10,d0.5,proser_fedavg,1,3,0.2,0.05,0.05,5,12,H,1,0.3028319988523356,0.3028319988523356,,0.000375481388852639,0.004505776666231668,9.0,margin,margin,0.5,0.9995642962264376
cifar10_proser_fedavg__split01__seed3__d0.5,cifar10,d0.5,proser_fedavg,1,3,0.2,0.05,0.05,5,12,S,1,0.3028319988523356,0.3028319988523356,0.17820383853009952,,,9.0,margin,margin,0.5,0.9995642962264376
cifar10_proser_fedavg__split01__seed3__d0.5,cifar10,d0.5,proser_fedavg,1,3,0.2,0.05,0.05,5,12,B,1,0.2928102444095538,0.2928102444095538,0.19313499255497119,,,9.0,margin,margin,0.5,0.9995642962264376
cifar10_proser_fedavg__split01__seed3__d5.0,cifar10,d5,proser_fedavg,1,3,0.2,0.05,0.05,5,12,H,1,0.419939886602774,0.419939886602774,,0.008842525750258859,0.035370103001035436,2.0,proser,native,0.7,0.9278291653231234
cifar10_proser_fedavg__split01__seed3__d5.0,cifar10,d5,proser_fedavg,1,3,0.2,0.05,0.05,5,12,S,1,0.410367196520659,0.410367196520659,0.18564892693282253,,,6.0,energy,energy,0.7,4.863598552435936
cifar10_proser_fedavg__split01__seed3__d5.0,cifar10,d5,proser_fedavg,1,3,0.2,0.05,0.05,5,12,B,1,0.3994976464593973,0.3994976464593973,0.1991846504157856,,,6.0,energy,energy,0.7,4.863598552435936
cifar10_proser_fedavg__split01__seed4__d0.1,cifar10,d0.1,proser_fedavg,1,4,0.2,0.05,0.05,5,12,H,1,0.0989968663019775,0.0989968663019775,,0.00214648379641134,0.02575780555693608,8.0,margin,margin,0.3,0.9985294072923054
cifar10_proser_fedavg__split01__seed4__d0.1,cifar10,d0.1,proser_fedavg,1,4,0.2,0.05,0.05,5,12,S,1,0.0989968663019775,0.0989968663019775,0.189377689688423,,,8.0,margin,margin,0.3,0.9985294072923054
cifar10_proser_fedavg__split01__seed4__d0.1,cifar10,d0.1,proser_fedavg,1,4,0.2,0.05,0.05,5,12,B,0,0.0,0.0,,,,,,,,
cifar10_proser_fedavg__split01__seed4__d0.5,cifar10,d0.5,proser_fedavg,1,4,0.2,0.05,0.05,5,12,H,1,0.1436781347005379,0.1436781347005379,,0.0013638728670490306,0.015002601537539337,0.0,proser,native,0.3,0.9771815982949374
cifar10_proser_fedavg__split01__seed4__d0.5,cifar10,d0.5,proser_fedavg,1,4,0.2,0.05,0.05,5,12,S,1,0.1436781347005379,0.1436781347005379,0.18547651279246757,,,0.0,proser,native,0.3,0.9771815982949374
cifar10_proser_fedavg__split01__seed4__d0.5,cifar10,d0.5,proser_fedavg,1,4,0.2,0.05,0.05,5,12,B,1,0.1294566878391349,0.1294566878391349,0.1900384829509632,,,8.0,margin,margin,0.3,0.9999878326786004
cifar10_proser_fedavg__split01__seed4__d5.0,cifar10,d5,proser_fedavg,1,4,0.2,0.05,0.05,5,12,H,1,0.4778356665193009,0.4778356665193009,,0.007269566807080086,0.043617400842480517,6.0,energy,energy,0.7,4.197590662085491
cifar10_proser_fedavg__split01__seed4__d5.0,cifar10,d5,proser_fedavg,1,4,0.2,0.05,0.05,5,12,S,1,0.4084552946345663,0.4084552946345663,0.17659282073944454,,,9.0,margin,margin,0.5,0.999710235308644
cifar10_proser_fedavg__split01__seed4__d5.0,cifar10,d5,proser_fedavg,1,4,0.2,0.05,0.05,5,12,B,1,0.3975958481510068,0.3975958481510068,0.18994173598061848,,,9.0,margin,margin,0.5,0.999710235308644
cifar10_proser_fedavg__split02__seed0__d0.1,cifar10,d0.1,proser_fedavg,2,0,0.2,0.05,0.05,5,12,H,0,0.0,0.0,,,,,,,,
cifar10_proser_fedavg__split02__seed0__d0.1,cifar10,d0.1,proser_fedavg,2,0,0.2,0.05,0.05,5,12,S,0,0.0,0.0,,,,,,,,
cifar10_proser_fedavg__split02__seed0__d0.1,cifar10,d0.1,proser_fedavg,2,0,0.2,0.05,0.05,5,12,B,0,0.0,0.0,,,,,,,,
cifar10_proser_fedavg__split02__seed0__d0.5,cifar10,d0.5,proser_fedavg,2,0,0.2,0.05,0.05,5,12,H,0,0.0,0.0,,,,,,,,
cifar10_proser_fedavg__split02__seed0__d0.5,cifar10,d0.5,proser_fedavg,2,0,0.2,0.05,0.05,5,12,S,0,0.0,0.0,,,,,,,,
cifar10_proser_fedavg__split02__seed0__d0.5,cifar10,d0.5,proser_fedavg,2,0,0.2,0.05,0.05,5,12,B,0,0.0,0.0,,,,,,,,
cifar10_proser_fedavg__split02__seed0__d5.0,cifar10,d5,proser_fedavg,2,0,0.2,0.05,0.05,5,12,H,0,0.0,0.0,,,,,,,,
cifar10_proser_fedavg__split02__seed0__d5.0,cifar10,d5,proser_fedavg,2,0,0.2,0.05,0.05,5,12,S,0,0.0,0.0,,,,,,,,
cifar10_proser_fedavg__split02__seed0__d5.0,cifar10,d5,proser_fedavg,2,0,0.2,0.05,0.05,5,12,B,0,0.0,0.0,,,,,,,,
cifar10_proser_fedavg__split02__seed1__d0.1,cifar10,d0.1,proser_fedavg,2,1,0.2,0.05,0.05,5,12,H,1,0.0973104776589769,0.0973104776589769,,0.0027028598274276734,0.03243431792913208,8.0,margin,margin,0.3,0.9819457369504564
cifar10_proser_fedavg__split02__seed1__d0.1,cifar10,d0.1,proser_fedavg,2,1,0.2,0.05,0.05,5,12,S,1,0.0973104776589769,0.0973104776589769,0.19249888979384683,,,8.0,margin,margin,0.3,0.9819457369504564
cifar10_proser_fedavg__split02__seed1__d0.1,cifar10,d0.1,proser_fedavg,2,1,0.2,0.05,0.05,5,12,B,0,0.0,0.0,,,,,,,,
cifar10_proser_fedavg__split02__seed1__d0.5,cifar10,d0.5,proser_fedavg,2,1,0.2,0.05,0.05,5,12,H,0,0.0,0.0,,,,,,,,
cifar10_proser_fedavg__split02__seed1__d0.5,cifar10,d0.5,proser_fedavg,2,1,0.2,0.05,0.05,5,12,S,0,0.0,0.0,,,,,,,,
cifar10_proser_fedavg__split02__seed1__d0.5,cifar10,d0.5,proser_fedavg,2,1,0.2,0.05,0.05,5,12,B,0,0.0,0.0,,,,,,,,
cifar10_proser_fedavg__split02__seed1__d5.0,cifar10,d5,proser_fedavg,2,1,0.2,0.05,0.05,5,12,H,0,0.0,0.0,,,,,,,,
cifar10_proser_fedavg__split02__seed1__d5.0,cifar10,d5,proser_fedavg,2,1,0.2,0.05,0.05,5,12,S,0,0.0,0.0,,,,,,,,
cifar10_proser_fedavg__split02__seed1__d5.0,cifar10,d5,proser_fedavg,2,1,0.2,0.05,0.05,5,12,B,0,0.0,0.0,,,,,,,,
cifar10_proser_fedavg__split02__seed2__d0.1,cifar10,d0.1,proser_fedavg,2,2,0.2,0.05,0.05,5,12,H,0,0.0,0.0,,,,,,,,
cifar10_proser_fedavg__split02__seed2__d0.1,cifar10,d0.1,proser_fedavg,2,2,0.2,0.05,0.05,5,12,S,0,0.0,0.0,,,,,,,,
cifar10_proser_fedavg__split02__seed2__d0.1,cifar10,d0.1,proser_fedavg,2,2,0.2,0.05,0.05,5,12,B,0,0.0,0.0,,,,,,,,
cifar10_proser_fedavg__split02__seed2__d0.5,cifar10,d0.5,proser_fedavg,2,2,0.2,0.05,0.05,5,12,H,1,0.3647263876560867,0.3647263876560867,,0.007675380306919504,0.03837690153459752,6.0,energy,energy,0.7,5.1477678627473455
cifar10_proser_fedavg__split02__seed2__d0.5,cifar10,d0.5,proser_fedavg,2,2,0.2,0.05,0.05,5,12,S,1,0.2805874503612452,0.2805874503612452,0.1809007927644033,,,5.0,energy,energy,0.5,6.200374137597738
cifar10_proser_fedavg__split02__seed2__d0.5,cifar10,d0.5,proser_fedavg,2,2,0.2,0.05,0.05,5,12,B,1,0.2708184445899803,0.2708184445899803,0.19633376966153215,,,5.0,energy,energy,0.5,6.200374137597738
cifar10_proser_fedavg__split02__seed2__d5.0,cifar10,d5,proser_fedavg,2,2,0.2,0.05,0.05,5,12,H,1,0.377985159670785,0.377985159670785,,0.0008308485132827748,0.007477636619544974,6.0,energy,energy,0.7,6.224523890377287
cifar10_proser_fedavg__split02__seed2__d5.0,cifar10,d5,proser_fedavg,2,2,0.2,0.05,0.05,5,12,S,1,0.377985159670785,0.377985159670785,0.18641113909481904,,,6.0,energy,energy,0.7,6.224523890377287
cifar10_proser_fedavg__split02__seed2__d5.0,cifar10,d5,proser_fedavg,2,2,0.2,0.05,0.05,5,12,B,1,0.3673100393851205,0.3673100393851205,0.19997613993370023,,,6.0,energy,energy,0.7,6.224523890377287
cifar10_proser_fedavg__split02__seed3__d0.1,cifar10,d0.1,proser_fedavg,2,3,0.2,0.05,0.05,5,12,H,0,0.0,0.0,,,,,,,,
cifar10_proser_fedavg__split02__seed3__d0.1,cifar10,d0.1,proser_fedavg,2,3,0.2,0.05,0.05,5,12,S,0,0.0,0.0,,,,,,,,
cifar10_proser_fedavg__split02__seed3__d0.1,cifar10,d0.1,proser_fedavg,2,3,0.2,0.05,0.05,5,12,B,0,0.0,0.0,,,,,,,,
cifar10_proser_fedavg__split02__seed3__d0.5,cifar10,d0.5,proser_fedavg,2,3,0.2,0.05,0.05,5,12,H,0,0.0,0.0,,,,,,,,
cifar10_proser_fedavg__split02__seed3__d0.5,cifar10,d0.5,proser_fedavg,2,3,0.2,0.05,0.05,5,12,S,0,0.0,0.0,,,,,,,,
cifar10_proser_fedavg__split02__seed3__d0.5,cifar10,d0.5,proser_fedavg,2,3,0.2,0.05,0.05,5,12,B,0,0.0,0.0,,,,,,,,
cifar10_proser_fedavg__split02__seed3__d5.0,cifar10,d5,proser_fedavg,2,3,0.2,0.05,0.05,5,12,H,1,0.1878456164087678,0.1878456164087678,,0.0019847143595409194,0.021831857954950115,1.0,proser,native,0.5,0.9931642173923376
cifar10_proser_fedavg__split02__seed3__d5.0,cifar10,d5,proser_fedavg,2,3,0.2,0.05,0.05,5,12,S,1,0.1878456164087678,0.1878456164087678,0.1913841803229558,,,1.0,proser,native,0.5,0.9931642173923376
cifar10_proser_fedavg__split02__seed3__d5.0,cifar10,d5,proser_fedavg,2,3,0.2,0.05,0.05,5,12,B,0,0.0,0.0,,,,,,,,
cifar10_proser_fedavg__split02__seed4__d0.1,cifar10,d0.1,proser_fedavg,2,4,0.2,0.05,0.05,5,12,H,0,0.0,0.0,,,,,,,,
cifar10_proser_fedavg__split02__seed4__d0.1,cifar10,d0.1,proser_fedavg,2,4,0.2,0.05,0.05,5,12,S,0,0.0,0.0,,,,,,,,
cifar10_proser_fedavg__split02__seed4__d0.1,cifar10,d0.1,proser_fedavg,2,4,0.2,0.05,0.05,5,12,B,0,0.0,0.0,,,,,,,,
cifar10_proser_fedavg__split02__seed4__d0.5,cifar10,d0.5,proser_fedavg,2,4,0.2,0.05,0.05,5,12,H,0,0.0,0.0,,,,,,,,
cifar10_proser_fedavg__split02__seed4__d0.5,cifar10,d0.5,proser_fedavg,2,4,0.2,0.05,0.05,5,12,S,0,0.0,0.0,,,,,,,,
cifar10_proser_fedavg__split02__seed4__d0.5,cifar10,d0.5,proser_fedavg,2,4,0.2,0.05,0.05,5,12,B,0,0.0,0.0,,,,,,,,
cifar10_proser_fedavg__split02__seed4__d5.0,cifar10,d5,proser_fedavg,2,4,0.2,0.05,0.05,5,12,H,1,0.2658406413126157,0.2658406413126157,,0.0007086193191472313,0.007086193191472313,9.0,margin,margin,0.5,0.9999974370002748
cifar10_proser_fedavg__split02__seed4__d5.0,cifar10,d5,proser_fedavg,2,4,0.2,0.05,0.05,5,12,S,1,0.2658406413126157,0.2658406413126157,0.18187138619751464,,,9.0,margin,margin,0.5,0.9999974370002748
cifar10_proser_fedavg__split02__seed4__d5.0,cifar10,d5,proser_fedavg,2,4,0.2,0.05,0.05,5,12,B,1,0.2562557266025393,0.2562557266025393,0.19842293622879986,,,9.0,margin,margin,0.5,0.9999974370002748
cifar10_proser_fedavg__split03__seed0__d0.1,cifar10,d0.1,proser_fedavg,3,0,0.2,0.05,0.05,5,12,H,0,0.0,0.0,,,,,,,,
cifar10_proser_fedavg__split03__seed0__d0.1,cifar10,d0.1,proser_fedavg,3,0,0.2,0.05,0.05,5,12,S,0,0.0,0.0,,,,,,,,
cifar10_proser_fedavg__split03__seed0__d0.1,cifar10,d0.1,proser_fedavg,3,0,0.2,0.05,0.05,5,12,B,0,0.0,0.0,,,,,,,,
cifar10_proser_fedavg__split03__seed0__d0.5,cifar10,d0.5,proser_fedavg,3,0,0.2,0.05,0.05,5,12,H,0,0.0,0.0,,,,,,,,
cifar10_proser_fedavg__split03__seed0__d0.5,cifar10,d0.5,proser_fedavg,3,0,0.2,0.05,0.05,5,12,S,0,0.0,0.0,,,,,,,,
cifar10_proser_fedavg__split03__seed0__d0.5,cifar10,d0.5,proser_fedavg,3,0,0.2,0.05,0.05,5,12,B,0,0.0,0.0,,,,,,,,
cifar10_proser_fedavg__split03__seed0__d5.0,cifar10,d5,proser_fedavg,3,0,0.2,0.05,0.05,5,12,H,1,0.2658406413126157,0.2658406413126157,,5.735799270753562e-05,0.0006309379197828918,4.0,energy,energy,0.3,7.23263776102991
cifar10_proser_fedavg__split03__seed0__d5.0,cifar10,d5,proser_fedavg,3,0,0.2,0.05,0.05,5,12,S,1,0.2658406413126157,0.2658406413126157,0.16116433797936003,,,4.0,energy,energy,0.3,7.23263776102991
cifar10_proser_fedavg__split03__seed0__d5.0,cifar10,d5,proser_fedavg,3,0,0.2,0.05,0.05,5,12,B,1,0.2562557266025393,0.2562557266025393,0.17679039975000727,,,4.0,energy,energy,0.3,7.23263776102991
cifar10_proser_fedavg__split03__seed1__d0.1,cifar10,d0.1,proser_fedavg,3,1,0.2,0.05,0.05,5,12,H,0,0.0,0.0,,,,,,,,
cifar10_proser_fedavg__split03__seed1__d0.1,cifar10,d0.1,proser_fedavg,3,1,0.2,0.05,0.05,5,12,S,0,0.0,0.0,,,,,,,,
cifar10_proser_fedavg__split03__seed1__d0.1,cifar10,d0.1,proser_fedavg,3,1,0.2,0.05,0.05,5,12,B,0,0.0,0.0,,,,,,,,
cifar10_proser_fedavg__split03__seed1__d0.5,cifar10,d0.5,proser_fedavg,3,1,0.2,0.05,0.05,5,12,H,1,0.3308382314630494,0.3308382314630494,,0.005014316455153872,0.045128848096384844,9.0,margin,margin,0.5,0.999900042811365
cifar10_proser_fedavg__split03__seed1__d0.5,cifar10,d0.5,proser_fedavg,3,1,0.2,0.05,0.05,5,12,S,1,0.3121431414318236,0.3121431414318236,0.18286634310419303,,,1.0,proser,native,0.5,0.964682183736144
cifar10_proser_fedavg__split03__seed1__d0.5,cifar10,d0.5,proser_fedavg,3,1,0.2,0.05,0.05,5,12,B,1,0.3020240876977838,0.3020240876977838,0.1970812863528123,,,1.0,proser,native,0.5,0.964682183736144
cifar10_proser_fedavg__split03__seed1__d5.0,cifar10,d5,proser_fedavg,3,1,0.2,0.05,0.05,5,12,H,1,0.2274671239383013,0.2274671239383013,,0.00031038020373344837,0.0037245624448013805,8.0,margin,margin,0.3,0.9999996423721312
cifar10_proser_fedavg__split03__seed1__d5.0,cifar10,d5,proser_fedavg,3,1,0.2,0.05,0.05,5,12,S,1,0.2274671239383013,0.2274671239383013,0.17437418383818187,,,8.0,margin,margin,0.3,0.9999996423721312
cifar10_proser_fedavg__split03__seed1__d5.0,cifar10,d5,proser_fedavg,3,1,0.2,0.05,0.05,5,12,B,1,0.2184287638875731,0.2184287638875731,0.1907120192301015,,,8.0,margin,margin,0.3,0.9999996423721312
cifar10_proser_fedavg__split03__seed2__d0.1,cifar10,d0.1,proser_fedavg,3,2,0.2,0.05,0.05,5,12,H,0,0.0,0.0,,,,,,,,
cifar10_proser_fedavg__split03__seed2__d0.1,cifar10,d0.1,proser_fedavg,3,2,0.2,0.05,0.05,5,12,S,0,0.0,0.0,,,,,,,,
cifar10_proser_fedavg__split03__seed2__d0.1,cifar10,d0.1,proser_fedavg,3,2,0.2,0.05,0.05,5,12,B,0,0.0,0.0,,,,,,,,
cifar10_proser_fedavg__split03__seed2__d0.5,cifar10,d0.5,proser_fedavg,3,2,0.2,0.05,0.05,5,12,H,1,0.3515120946282726,0.3515120946282726,,8.288256182058648e-05,0.0009945907418470378,5.0,energy,energy,0.5,5.459087832715597
cifar10_proser_fedavg__split03__seed2__d0.5,cifar10,d0.5,proser_fedavg,3,2,0.2,0.05,0.05,5,12,S,1,0.3515120946282726,0.3515120946282726,0.16920652719084095,,,5.0,energy,energy,0.5,5.459087832715597
cifar10_proser_fedavg__split03__seed2__d0.5,cifar10,d0.5,proser_fedavg,3,2,0.2,0.05,0.05,5,12,B,1,0.3410337382891887,0.3410337382891887,0.18270688009457536,,,5.0,energy,energy,0.5,5.459087832715597
cifar10_proser_fedavg__split03__seed2__d5.0,cifar10,d5,proser_fedavg,3,2,0.2,0.05,0.05,5,12,H,1,0.452650783246098,0.452650783246098,,0.00847837041369203,0.036717442192273644,10.0,margin,margin,0.7,0.9998580253243844
cifar10_proser_fedavg__split03__seed2__d5.0,cifar10,d5,proser_fedavg,3,2,0.2,0.05,0.05,5,12,S,1,0.3704033055002117,0.3704033055002117,0.18417851795312212,,,5.0,energy,energy,0.5,5.783275612221912
cifar10_proser_fedavg__split03__seed2__d5.0,cifar10,d5,proser_fedavg,3,2,0.2,0.05,0.05,5,12,B,1,0.3597809896449279,0.3597809896449279,0.19762027464081028,,,5.0,energy,energy,0.5,5.783275612221912
cifar10_proser_fedavg__split03__seed3__d0.1,cifar10,d0.1,proser_fedavg,3,3,0.2,0.05,0.05,5,12,H,1,0.1384498135937412,0.1384498135937412,,0.0023144702933675047,0.023144702933675047,0.0,proser,native,0.3,0.6205239008900318
cifar10_proser_fedavg__split03__seed3__d0.1,cifar10,d0.1,proser_fedavg,3,3,0.2,0.05,0.05,5,12,S,1,0.1384498135937412,0.1384498135937412,0.1913530377231667,,,0.0,proser,native,0.3,0.6205239008900318
cifar10_proser_fedavg__split03__seed3__d0.1,cifar10,d0.1,proser_fedavg,3,3,0.2,0.05,0.05,5,12,B,1,0.1176481589409964,0.1176481589409964,0.1982779557160116,,,4.0,energy,energy,0.3,1.761411796445432
cifar10_proser_fedavg__split03__seed3__d0.5,cifar10,d0.5,proser_fedavg,3,3,0.2,0.05,0.05,5,12,H,1,0.1700584629511604,0.1700584629511604,,0.00016650009623423104,0.0019980011548107724,0.0,proser,native,0.3,0.986101713068908
cifar10_proser_fedavg__split03__seed3__d0.5,cifar10,d0.5,proser_fedavg,3,3,0.2,0.05,0.05,5,12,S,1,0.1700584629511604,0.1700584629511604,0.16188245299580184,,,0.0,proser,native,0.3,0.986101713068908
cifar10_proser_fedavg__split03__seed3__d0.5,cifar10,d0.5,proser_fedavg,3,3,0.2,0.05,0.05,5,12,B,1,0.1620528528009047,0.1620528528009047,0.1817077404561861,,,0.0,proser,native,0.3,0.986101713068908
cifar10_proser_fedavg__split03__seed3__d5.0,cifar10,d5,proser_fedavg,3,3,0.2,0.05,0.05,5,12,H,1,0.264002099027411,0.264002099027411,,0.003428892844845934,0.030860035603613403,1.0,proser,native,0.5,0.9752125867633118
cifar10_proser_fedavg__split03__seed3__d5.0,cifar10,d5,proser_fedavg,3,3,0.2,0.05,0.05,5,12,S,1,0.264002099027411,0.264002099027411,0.19783330355788453,,,1.0,proser,native,0.5,0.9752125867633118
cifar10_proser_fedavg__split03__seed3__d5.0,cifar10,d5,proser_fedavg,3,3,0.2,0.05,0.05,5,12,B,1,0.1865114082585716,0.1865114082585716,0.15000997213871586,,,4.0,energy,energy,0.3,7.837630726421955
cifar10_proser_fedavg__split03__seed4__d0.1,cifar10,d0.1,proser_fedavg,3,4,0.2,0.05,0.05,5,12,H,0,0.0,0.0,,,,,,,,
cifar10_proser_fedavg__split03__seed4__d0.1,cifar10,d0.1,proser_fedavg,3,4,0.2,0.05,0.05,5,12,S,0,0.0,0.0,,,,,,,,
cifar10_proser_fedavg__split03__seed4__d0.1,cifar10,d0.1,proser_fedavg,3,4,0.2,0.05,0.05,5,12,B,0,0.0,0.0,,,,,,,,
cifar10_proser_fedavg__split03__seed4__d0.5,cifar10,d0.5,proser_fedavg,3,4,0.2,0.05,0.05,5,12,H,1,0.2603282771897686,0.2603282771897686,,0.0039380842310511545,0.031504673848409236,5.0,energy,energy,0.5,4.122441575678694
cifar10_proser_fedavg__split03__seed4__d0.5,cifar10,d0.5,proser_fedavg,3,4,0.2,0.05,0.05,5,12,S,1,0.2603282771897686,0.2603282771897686,0.19937783702075895,,,5.0,energy,energy,0.5,4.122441575678694
cifar10_proser_fedavg__split03__seed4__d0.5,cifar10,d0.5,proser_fedavg,3,4,0.2,0.05,0.05,5,12,B,1,0.1935605684298626,0.1935605684298626,0.15912509653479806,,,4.0,energy,energy,0.3,4.94707970954104
cifar10_proser_fedavg__split03__seed4__d5.0,cifar10,d5,proser_fedavg,3,4,0.2,0.05,0.05,5,12,H,1,0.377985159670785,0.377985159670785,,0.005480955448382659,0.03288573269029595,2.0,proser,native,0.7,0.9618784845074684
cifar10_proser_fedavg__split03__seed4__d5.0,cifar10,d5,proser_fedavg,3,4,0.2,0.05,0.05,5,12,S,1,0.3214786812219085,0.3214786812219085,0.16601535614941743,,,5.0,energy,energy,0.5,6.498277753491863
cifar10_proser_fedavg__split03__seed4__d5.0,cifar10,d5,proser_fedavg,3,4,0.2,0.05,0.05,5,12,B,1,0.3112669205123636,0.3112669205123636,0.18003887496507776,,,5.0,energy,energy,0.5,6.498277753491863
cifar10_proser_fedavg__split04__seed0__d0.1,cifar10,d0.1,proser_fedavg,4,0,0.2,0.05,0.05,5,12,H,0,0.0,0.0,,,,,,,,
cifar10_proser_fedavg__split04__seed0__d0.1,cifar10,d0.1,proser_fedavg,4,0,0.2,0.05,0.05,5,12,S,0,0.0,0.0,,,,,,,,
cifar10_proser_fedavg__split04__seed0__d0.1,cifar10,d0.1,proser_fedavg,4,0,0.2,0.05,0.05,5,12,B,0,0.0,0.0,,,,,,,,
cifar10_proser_fedavg__split04__seed0__d0.5,cifar10,d0.5,proser_fedavg,4,0,0.2,0.05,0.05,5,12,H,1,0.1860602365641464,0.1860602365641464,,0.002630286468487222,0.031563437621846664,8.0,margin,margin,0.3,0.9989073410082024
cifar10_proser_fedavg__split04__seed0__d0.5,cifar10,d0.5,proser_fedavg,4,0,0.2,0.05,0.05,5,12,S,1,0.1860602365641464,0.1860602365641464,0.19438244555792727,,,8.0,margin,margin,0.3,0.9989073410082024
cifar10_proser_fedavg__split04__seed0__d0.5,cifar10,d0.5,proser_fedavg,4,0,0.2,0.05,0.05,5,12,B,0,0.0,0.0,,,,,,,,
cifar10_proser_fedavg__split04__seed0__d5.0,cifar10,d5,proser_fedavg,4,0,0.2,0.05,0.05,5,12,H,1,0.2879860011542096,0.2879860011542096,,0.00017686181967687217,0.0017686181967687216,8.0,margin,margin,0.3,0.9999919368271843
cifar10_proser_fedavg__split04__seed0__d5.0,cifar10,d5,proser_fedavg,4,0,0.2,0.05,0.05,5,12,S,1,0.2879860011542096,0.2879860011542096,0.17172945938326,,,8.0,margin,margin,0.3,0.9999919368271843
cifar10_proser_fedavg__split04__seed0__d5.0,cifar10,d5,proser_fedavg,4,0,0.2,0.05,0.05,5,12,B,1,0.2781296793758956,0.2781296793758956,0.18677983207816062,,,8.0,margin,margin,0.3,0.9999919368271843
cifar10_proser_fedavg__split04__seed1__d0.1,cifar10,d0.1,proser_fedavg,4,1,0.2,0.05,0.05,5,12,H,0,0.0,0.0,,,,,,,,
cifar10_proser_fedavg__split04__seed1__d0.1,cifar10,d0.1,proser_fedavg,4,1,0.2,0.05,0.05,5,12,S,0,0.0,0.0,,,,,,,,
cifar10_proser_fedavg__split04__seed1__d0.1,cifar10,d0.1,proser_fedavg,4,1,0.2,0.05,0.05,5,12,B,0,0.0,0.0,,,,,,,,
cifar10_proser_fedavg__split04__seed1__d0.5,cifar10,d0.5,proser_fedavg,4,1,0.2,0.05,0.05,5,12,H,1,0.1559412873821984,0.1559412873821984,,0.0015504706473111786,0.018605647767734143,8.0,margin,margin,0.3,0.9999885559082032
cifar10_proser_fedavg__split04__seed1__d0.5,cifar10,d0.5,proser_fedavg,4,1,0.2,0.05,0.05,5,12,S,1,0.1559412873821984,0.1559412873821984,0.1865278544857653,,,8.0,margin,margin,0.3,0.9999885559082032
cifar10_proser_fedavg__split04__seed1__d0.5,cifar10,d0.5,proser_fedavg,4,1,0.2,0.05,0.05,5,12,B,0,0.0,0.0,,,,,,,,
cifar10_proser_fedavg__split04__seed1__d5.0,cifar10,d5,proser_fedavg,4,1,0.2,0.05,0.05,5,12,H,1,0.3270915532420068,0.3270915532420068,,0.000952662698016809,0.008573964282151281,1.0,proser,native,0.5,0.9805524068133888
cifar10_proser_fedavg__split04__seed1__d5.0,cifar10,d5,proser_fedavg,4,1,0.2,0.05,0.05,5,12,S,1,0.3270915532420068,0.3270915532420068,0.18645773768939933,,,1.0,proser,native,0.5,0.9805524068133888
cifar10_proser_fedavg__split04__seed1__d5.0,cifar10,d5,proser_fedavg,4,1,0.2,0.05,0.05,5,12,B,1,0.2130750955972069,0.2130750955972069,0.16574521872045717,,,0.0,proser,native,0.3,0.9904918846079338
cifar10_proser_fedavg__split04__seed2__d0.1,cifar10,d0.1,proser_fedavg,4,2,0.2,0.05,0.05,5,12,H,0,0.0,0.0,,,,,,,,
cifar10_proser_fedavg__split04__seed2__d0.1,cifar10,d0.1,proser_fedavg,4,2,0.2,0.05,0.05,5,12,S,0,0.0,0.0,,,,,,,,
cifar10_proser_fedavg__split04__seed2__d0.1,cifar10,d0.1,proser_fedavg,4,2,0.2,0.05,0.05,5,12,B,0,0.0,0.0,,,,,,,,
cifar10_proser_fedavg__split04__seed2__d0.5,cifar10,d0.5,proser_fedavg,4,2,0.2,0.05,0.05,5,12,H,1,0.2566588422630137,0.2566588422630137,,0.00024405681455967908,0.0029286817747161487,8.0,margin,margin,0.3,0.9999467361730876
cifar10_proser_fedavg__split04__seed2__d0.5,cifar10,d0.5,proser_fedavg,4,2,0.2,0.05,0.05,5,12,S,1,0.2566588422630137,0.2566588422630137,0.17182529337653246,,,8.0,margin,margin,0.3,0.9999467361730876
cifar10_proser_fedavg__split04__seed2__d0.5,cifar10,d0.5,proser_fedavg,4,2,0.2,0.05,0.05,5,12,B,1,0.2471955571368119,0.2471955571368119,0.1883661595207523,,,8.0,margin,margin,0.3,0.9999467361730876
cifar10_proser_fedavg__split04__seed2__d5.0,cifar10,d5,proser_fedavg,4,2,0.2,0.05,0.05,5,12,H,1,0.3760883474258517,0.3760883474258517,,0.0012587906849608305,0.010070325479686644,5.0,energy,energy,0.5,5.853455116118875
cifar10_proser_fedavg__split04__seed2__d5.0,cifar10,d5,proser_fedavg,4,2,0.2,0.05,0.05,5,12,S,1,0.3760883474258517,0.3760883474258517,0.1897422446017818,,,5.0,energy,energy,0.5,5.853455116118875
cifar10_proser_fedavg__split04__seed2__d5.0,cifar10,d5,proser_fedavg,4,2,0.2,0.05,0.05,5,12,B,1,0.3354307942100104,0.3354307942100104,0.19018789373605471,,,1.0,proser,native,0.5,0.9847607568753602
cifar10_proser_fedavg__split04__seed3__d0.1,cifar10,d0.1,proser_fedavg,4,3,0.2,0.05,0.05,5,12,H,0,0.0,0.0,,,,,,,,
cifar10_proser_fedavg__split04__seed3__d0.1,cifar10,d0.1,proser_fedavg,4,3,0.2,0.05,0.05,5,12,S,0,0.0,0.0,,,,,,,,
cifar10_proser_fedavg__split04__seed3__d0.1,cifar10,d0.1,proser_fedavg,4,3,0.2,0.05,0.05,5,12,B,0,0.0,0.0,,,,,,,,
cifar10_proser_fedavg__split04__seed3__d0.5,cifar10,d0.5,proser_fedavg,4,3,0.2,0.05,0.05,5,12,H,1,0.3046922556718264,0.3046922556718264,,0.00031985032111275796,0.0034973421141844675,5.0,energy,energy,0.5,4.467269999526416
cifar10_proser_fedavg__split04__seed3__d0.5,cifar10,d0.5,proser_fedavg,4,3,0.2,0.05,0.05,5,12,S,1,0.3046922556718264,0.3046922556718264,0.17738905143777767,,,5.0,energy,energy,0.5,4.467269999526416
cifar10_proser_fedavg__split04__seed3__d0.5,cifar10,d0.5,proser_fedavg,4,3,0.2,0.05,0.05,5,12,B,1,0.2946506702779506,0.2946506702779506,0.19197963774156285,,,5.0,energy,energy,0.5,4.467269999526416
cifar10_proser_fedavg__split04__seed3__d5.0,cifar10,d5,proser_fedavg,4,3,0.2,0.05,0.05,5,12,H,1,0.3836809715599002,0.3836809715599002,,0.0013266732599163701,0.011940059339247331,5.0,energy,energy,0.5,5.459872988952841
cifar10_proser_fedavg__split04__seed3__d5.0,cifar10,d5,proser_fedavg,4,3,0.2,0.05,0.05,5,12,S,1,0.3836809715599002,0.3836809715599002,0.18987882032731435,,,5.0,energy,energy,0.5,5.459872988952841
cifar10_proser_fedavg__split04__seed3__d5.0,cifar10,d5,proser_fedavg,4,3,0.2,0.05,0.05,5,12,B,1,0.3205382840968935,0.3205382840968935,0.19656287073015027,,,9.0,margin,margin,0.5,0.999964528458573
cifar10_proser_fedavg__split04__seed4__d0.1,cifar10,d0.1,proser_fedavg,4,4,0.2,0.05,0.05,5,12,H,0,0.0,0.0,,,,,,,,
cifar10_proser_fedavg__split04__seed4__d0.1,cifar10,d0.1,proser_fedavg,4,4,0.2,0.05,0.05,5,12,S,0,0.0,0.0,,,,,,,,
cifar10_proser_fedavg__split04__seed4__d0.1,cifar10,d0.1,proser_fedavg,4,4,0.2,0.05,0.05,5,12,B,0,0.0,0.0,,,,,,,,
cifar10_proser_fedavg__split04__seed4__d0.5,cifar10,d0.5,proser_fedavg,4,4,0.2,0.05,0.05,5,12,H,1,0.1057690692233078,0.1057690692233078,,0.001444179312619199,0.01588597243881119,4.0,energy,energy,0.3,5.591848300053523
cifar10_proser_fedavg__split04__seed4__d0.5,cifar10,d0.5,proser_fedavg,4,4,0.2,0.05,0.05,5,12,S,1,0.1057690692233078,0.1057690692233078,0.18276441155505785,,,4.0,energy,energy,0.3,5.591848300053523
cifar10_proser_fedavg__split04__seed4__d0.5,cifar10,d0.5,proser_fedavg,4,4,0.2,0.05,0.05,5,12,B,0,0.0,0.0,,,,,,,,
cifar10_proser_fedavg__split04__seed4__d5.0,cifar10,d5,proser_fedavg,4,4,0.2,0.05,0.05,5,12,H,1,0.212986226954952,0.212986226954952,,4.45613384927121e-05,0.0004901747234198331,8.0,margin,margin,0.3,0.9999955296516418
cifar10_proser_fedavg__split04__seed4__d5.0,cifar10,d5,proser_fedavg,4,4,0.2,0.05,0.05,5,12,S,1,0.212986226954952,0.212986226954952,0.15397600199799538,,,8.0,margin,margin,0.3,0.9999955296516418
cifar10_proser_fedavg__split04__seed4__d5.0,cifar10,d5,proser_fedavg,4,4,0.2,0.05,0.05,5,12,B,1,0.2041819170541893,0.2041819170541893,0.17147326979091887,,,8.0,margin,margin,0.3,0.9999955296516418
cifar10_proser_fedavg__split05__seed0__d0.1,cifar10,d0.1,proser_fedavg,5,0,0.2,0.05,0.05,5,12,H,0,0.0,0.0,,,,,,,,
cifar10_proser_fedavg__split05__seed0__d0.1,cifar10,d0.1,proser_fedavg,5,0,0.2,0.05,0.05,5,12,S,0,0.0,0.0,,,,,,,,
cifar10_proser_fedavg__split05__seed0__d0.1,cifar10,d0.1,proser_fedavg,5,0,0.2,0.05,0.05,5,12,B,0,0.0,0.0,,,,,,,,
cifar10_proser_fedavg__split05__seed0__d0.5,cifar10,d0.5,proser_fedavg,5,0,0.2,0.05,0.05,5,12,H,0,0.0,0.0,,,,,,,,
cifar10_proser_fedavg__split05__seed0__d0.5,cifar10,d0.5,proser_fedavg,5,0,0.2,0.05,0.05,5,12,S,0,0.0,0.0,,,,,,,,
cifar10_proser_fedavg__split05__seed0__d0.5,cifar10,d0.5,proser_fedavg,5,0,0.2,0.05,0.05,5,12,B,0,0.0,0.0,,,,,,,,
cifar10_proser_fedavg__split05__seed0__d5.0,cifar10,d5,proser_fedavg,5,0,0.2,0.05,0.05,5,12,H,1,0.4256940258573984,0.4256940258573984,,0.0009269515408817375,0.006488660786172162,5.0,energy,energy,0.5,5.418496149439477
cifar10_proser_fedavg__split05__seed0__d5.0,cifar10,d5,proser_fedavg,5,0,0.2,0.05,0.05,5,12,S,1,0.4256940258573984,0.4256940258573984,0.18801174419271627,,,5.0,energy,energy,0.5,5.418496149439477
cifar10_proser_fedavg__split05__seed0__d5.0,cifar10,d5,proser_fedavg,5,0,0.2,0.05,0.05,5,12,B,1,0.4109303622797447,0.4109303622797447,0.1805354812394377,,,9.0,margin,margin,0.5,0.9998799696016472
cifar10_proser_fedavg__split05__seed1__d0.1,cifar10,d0.1,proser_fedavg,5,1,0.2,0.05,0.05,5,12,H,0,0.0,0.0,,,,,,,,
cifar10_proser_fedavg__split05__seed1__d0.1,cifar10,d0.1,proser_fedavg,5,1,0.2,0.05,0.05,5,12,S,0,0.0,0.0,,,,,,,,
cifar10_proser_fedavg__split05__seed1__d0.1,cifar10,d0.1,proser_fedavg,5,1,0.2,0.05,0.05,5,12,B,0,0.0,0.0,,,,,,,,
cifar10_proser_fedavg__split05__seed1__d0.5,cifar10,d0.5,proser_fedavg,5,1,0.2,0.05,0.05,5,12,H,1,0.3798828686733124,0.3798828686733124,,0.004606472695542212,0.04145825425987991,5.0,energy,energy,0.5,4.353506215838684
cifar10_proser_fedavg__split05__seed1__d0.5,cifar10,d0.5,proser_fedavg,5,1,0.2,0.05,0.05,5,12,S,1,0.3065535017932921,0.3065535017932921,0.1540493836468111,,,0.0,proser,native,0.3,0.9518005479139628
cifar10_proser_fedavg__split05__seed1__d0.5,cifar10,d0.5,proser_fedavg,5,1,0.2,0.05,0.05,5,12,B,1,0.2964922716375284,0.2964922716375284,0.1683325046365483,,,0.0,proser,native,0.3,0.9518005479139628
cifar10_proser_fedavg__split05__seed1__d5.0,cifar10,d5,proser_fedavg,5,1,0.2,0.05,0.05,5,12,H,1,0.377985159670785,0.377985159670785,,0.0026713979455114502,0.0267139794551145,9.0,margin,margin,0.5,0.9999874234199524
cifar10_proser_fedavg__split05__seed1__d5.0,cifar10,d5,proser_fedavg,5,1,0.2,0.05,0.05,5,12,S,1,0.377985159670785,0.377985159670785,0.19597130687887854,,,9.0,margin,margin,0.5,0.9999874234199524
cifar10_proser_fedavg__split05__seed1__d5.0,cifar10,d5,proser_fedavg,5,1,0.2,0.05,0.05,5,12,B,1,0.2544410999455415,0.2544410999455415,0.19395099020178125,,,8.0,margin,margin,0.3,0.9999991655349731
cifar10_proser_fedavg__split05__seed2__d0.1,cifar10,d0.1,proser_fedavg,5,2,0.2,0.05,0.05,5,12,H,0,0.0,0.0,,,,,,,,
cifar10_proser_fedavg__split05__seed2__d0.1,cifar10,d0.1,proser_fedavg,5,2,0.2,0.05,0.05,5,12,S,0,0.0,0.0,,,,,,,,
cifar10_proser_fedavg__split05__seed2__d0.1,cifar10,d0.1,proser_fedavg,5,2,0.2,0.05,0.05,5,12,B,0,0.0,0.0,,,,,,,,
cifar10_proser_fedavg__split05__seed2__d0.5,cifar10,d0.5,proser_fedavg,5,2,0.2,0.05,0.05,5,12,H,1,0.3798828686733124,0.3798828686733124,,0.0015241516323250084,0.012193213058600067,5.0,energy,energy,0.5,4.969647589335871
cifar10_proser_fedavg__split05__seed2__d0.5,cifar10,d0.5,proser_fedavg,5,2,0.2,0.05,0.05,5,12,S,1,0.3798828686733124,0.3798828686733124,0.19126216325799872,,,5.0,energy,energy,0.5,4.969647589335871
cifar10_proser_fedavg__split05__seed2__d0.5,cifar10,d0.5,proser_fedavg,5,2,0.2,0.05,0.05,5,12,B,1,0.3485196368504378,0.3485196368504378,0.19538438096513633,,,1.0,proser,native,0.5,0.9598161974878217
cifar10_proser_fedavg__split05__seed2__d5.0,cifar10,d5,proser_fedavg,5,2,0.2,0.05,0.05,5,12,H,1,0.4661934526976402,0.4661934526976402,,0.007343488438454729,0.04406093063072837,6.0,energy,energy,0.7,4.576382756631909
cifar10_proser_fedavg__split05__seed2__d5.0,cifar10,d5,proser_fedavg,5,2,0.2,0.05,0.05,5,12,S,1,0.3912878815946736,0.3912878815946736,0.17295813830903217,,,5.0,energy,energy,0.5,5.317478779566327
cifar10_proser_fedavg__split05__seed2__d5.0,cifar10,d5,proser_fedavg,5,2,0.2,0.05,0.05,5,12,B,1,0.3805268495458098,0.3805268495458098,0.18649214027273936,,,5.0,energy,energy,0.5,5.317478779566327
cifar10_proser_fedavg__split05__seed3__d0.1,cifar10,d0.1,proser_fedavg,5,3,0.2,0.05,0.05,5,12,H,1,0.1736037904425844,0.1736037904425844,,3.516781636248319e-05,0.00042201379634979833,8.0,margin,margin,0.3,0.9796458323265
cifar10_proser_fedavg__split05__seed3__d0.1,cifar10,d0.1,proser_fedavg,5,3,0.2,0.05,0.05,5,12,S,1,0.1736037904425844,0.1736037904425844,0.14720312574271005,,,8.0,margin,margin,0.3,0.9796458323265
cifar10_proser_fedavg__split05__seed3__d0.1,cifar10,d0.1,proser_fedavg,5,3,0.2,0.05,0.05,5,12,B,1,0.16552563122978,0.16552563122978,0.1662754952681053,,,8.0,margin,margin,0.3,0.9796458323265
cifar10_proser_fedavg__split05__seed3__d0.5,cifar10,d0.5,proser_fedavg,5,3,0.2,0.05,0.05,5,12,H,1,0.3439812828054374,0.3439812828054374,,0.0008919853171522077,0.006243897220065454,9.0,margin,margin,0.5,0.999358472616776
cifar10_proser_fedavg__split05__seed3__d0.5,cifar10,d0.5,proser_fedavg,5,3,0.2,0.05,0.05,5,12,S,1,0.3439812828054374,0.3439812828054374,0.18674545324511227,,,9.0,margin,margin,0.5,0.999358472616776
cifar10_proser_fedavg__split05__seed3__d0.5,cifar10,d0.5,proser_fedavg,5,3,0.2,0.05,0.05,5,12,B,1,0.3261146232719836,0.3261146232719836,0.19863648460762628,,,1.0,proser,native,0.5,0.9362536140508876
cifar10_proser_fedavg__split05__seed3__d5.0,cifar10,d5,proser_fedavg,5,3,0.2,0.05,0.05,5,12,H,1,0.4372259374400153,0.4372259374400153,,0.002124755261074453,0.014873286827521173,10.0,margin,margin,0.7,0.9999629259109496
cifar10_proser_fedavg__split05__seed3__d5.0,cifar10,d5,proser_fedavg,5,3,0.2,0.05,0.05,5,12,S,1,0.4372259374400153,0.4372259374400153,0.19437177666941186,,,10.0,margin,margin,0.7,0.9999629259109496
cifar10_proser_fedavg__split05__seed3__d5.0,cifar10,d5,proser_fedavg,5,3,0.2,0.05,0.05,5,12,B,1,0.3261146232719836,0.3261146232719836,0.17922853165976993,,,9.0,margin,margin,0.5,0.9999961256980896
cifar10_proser_fedavg__split05__seed4__d0.1,cifar10,d0.1,proser_fedavg,5,4,0.2,0.05,0.05,5,12,H,0,0.0,0.0,,,,,,,,
cifar10_proser_fedavg__split05__seed4__d0.1,cifar10,d0.1,proser_fedavg,5,4,0.2,0.05,0.05,5,12,S,0,0.0,0.0,,,,,,,,
cifar10_proser_fedavg__split05__seed4__d0.1,cifar10,d0.1,proser_fedavg,5,4,0.2,0.05,0.05,5,12,B,0,0.0,0.0,,,,,,,,
cifar10_proser_fedavg__split05__seed4__d0.5,cifar10,d0.5,proser_fedavg,5,4,0.2,0.05,0.05,5,12,H,1,0.2475047498890996,0.2475047498890996,,0.0006514715401851201,0.006514715401851201,4.0,energy,energy,0.3,3.9157297069013697
cifar10_proser_fedavg__split05__seed4__d0.5,cifar10,d0.5,proser_fedavg,5,4,0.2,0.05,0.05,5,12,S,1,0.2475047498890996,0.2475047498890996,0.18188478318734563,,,4.0,energy,energy,0.3,3.9157297069013697
cifar10_proser_fedavg__split05__seed4__d0.5,cifar10,d0.5,proser_fedavg,5,4,0.2,0.05,0.05,5,12,B,1,0.2381683020368963,0.2381683020368963,0.19771643543073575,,,4.0,energy,energy,0.3,3.9157297069013697
cifar10_proser_fedavg__split05__seed4__d5.0,cifar10,d5,proser_fedavg,5,4,0.2,0.05,0.05,5,12,H,1,0.3102789480589795,0.3102789480589795,,0.004826886799432643,0.048268867994326434,9.0,margin,margin,0.5,0.9999889659642376
cifar10_proser_fedavg__split05__seed4__d5.0,cifar10,d5,proser_fedavg,5,4,0.2,0.05,0.05,5,12,S,1,0.1967937756316498,0.1967937756316498,0.1434598476984612,,,8.0,margin,margin,0.3,0.9999991059303284
cifar10_proser_fedavg__split05__seed4__d5.0,cifar10,d5,proser_fedavg,5,4,0.2,0.05,0.05,5,12,B,1,0.1882712621545813,0.1882712621545813,0.16124990895025199,,,8.0,margin,margin,0.3,0.9999991059303284
cifar10_proser_fedavg__split06__seed0__d0.1,cifar10,d0.1,proser_fedavg,6,0,0.2,0.05,0.05,5,12,H,0,0.0,0.0,,,,,,,,
cifar10_proser_fedavg__split06__seed0__d0.1,cifar10,d0.1,proser_fedavg,6,0,0.2,0.05,0.05,5,12,S,0,0.0,0.0,,,,,,,,
cifar10_proser_fedavg__split06__seed0__d0.1,cifar10,d0.1,proser_fedavg,6,0,0.2,0.05,0.05,5,12,B,0,0.0,0.0,,,,,,,,
cifar10_proser_fedavg__split06__seed0__d0.5,cifar10,d0.5,proser_fedavg,6,0,0.2,0.05,0.05,5,12,H,0,0.0,0.0,,,,,,,,
cifar10_proser_fedavg__split06__seed0__d0.5,cifar10,d0.5,proser_fedavg,6,0,0.2,0.05,0.05,5,12,S,0,0.0,0.0,,,,,,,,
cifar10_proser_fedavg__split06__seed0__d0.5,cifar10,d0.5,proser_fedavg,6,0,0.2,0.05,0.05,5,12,B,0,0.0,0.0,,,,,,,,
cifar10_proser_fedavg__split06__seed0__d5.0,cifar10,d5,proser_fedavg,6,0,0.2,0.05,0.05,5,12,H,1,0.3950966701610924,0.3950966701610924,,0.004615034321321041,0.04153530889188937,6.0,energy,energy,0.7,6.94855103125939
cifar10_proser_fedavg__split06__seed0__d5.0,cifar10,d5,proser_fedavg,6,0,0.2,0.05,0.05,5,12,S,1,0.3647263876560867,0.3647263876560867,0.16536581941330486,,,1.0,proser,native,0.5,0.9857355782818236
cifar10_proser_fedavg__split06__seed0__d5.0,cifar10,d5,proser_fedavg,6,0,0.2,0.05,0.05,5,12,B,1,0.3541454597745289,0.3541454597745289,0.17882812999615105,,,1.0,proser,native,0.5,0.9857355782818236
cifar10_proser_fedavg__split06__seed1__d0.1,cifar10,d0.1,proser_fedavg,6,1,0.2,0.05,0.05,5,12,H,1,0.1932103073498283,0.1932103073498283,,0.0003604853074611298,0.004325823689533558,8.0,margin,margin,0.3,0.95814309311551
cifar10_proser_fedavg__split06__seed1__d0.1,cifar10,d0.1,proser_fedavg,6,1,0.2,0.05,0.05,5,12,S,1,0.1932103073498283,0.1932103073498283,0.17305411318961833,,,8.0,margin,margin,0.3,0.95814309311551
cifar10_proser_fedavg__split06__seed1__d0.1,cifar10,d0.1,proser_fedavg,6,1,0.2,0.05,0.05,5,12,B,1,0.184753200303743,0.184753200303743,0.19119134654127962,,,8.0,margin,margin,0.3,0.95814309311551
cifar10_proser_fedavg__split06__seed1__d0.5,cifar10,d0.5,proser_fedavg,6,1,0.2,0.05,0.05,5,12,H,1,0.3760883474258517,0.3760883474258517,,0.0015241516323250084,0.014038445453965114,5.0,energy,energy,0.5,4.744196129483124
cifar10_proser_fedavg__split06__seed1__d0.5,cifar10,d0.5,proser_fedavg,6,1,0.2,0.05,0.05,5,12,S,1,0.3760883474258517,0.3760883474258517,0.19126216325799872,,,5.0,energy,energy,0.5,4.744196129483124
cifar10_proser_fedavg__split06__seed1__d0.5,cifar10,d0.5,proser_fedavg,6,1,0.2,0.05,0.05,5,12,B,0,0.0,0.0,,,,,,,,
cifar10_proser_fedavg__split06__seed1__d5.0,cifar10,d5,proser_fedavg,6,1,0.2,0.05,0.05,5,12,H,1,0.4084552946345663,0.4084552946345663,,0.00022080624453764503,0.0019872562008388054,5.0,energy,energy,0.5,6.053104560112075
cifar10_proser_fedavg__split06__seed1__d5.0,cifar10,d5,proser_fedavg,6,1,0.2,0.05,0.05,5,12,S,1,0.4084552946345663,0.4084552946345663,0.17659282073944454,,,5.0,energy,energy,0.5,6.053104560112075
cifar10_proser_fedavg__split06__seed1__d5.0,cifar10,d5,proser_fedavg,6,1,0.2,0.05,0.05,5,12,B,1,0.3975958481510068,0.3975958481510068,0.18994173598061848,,,5.0,energy,energy,0.5,6.053104560112075
cifar10_proser_fedavg__split06__seed2__d0.1,cifar10,d0.1,proser_fedavg,6,2,0.2,0.05,0.05,5,12,H,0,0.0,0.0,,,,,,,,
cifar10_proser_fedavg__split06__seed2__d0.1,cifar10,d0.1,proser_fedavg,6,2,0.2,0.05,0.05,5,12,S,0,0.0,0.0,,,,,,,,
cifar10_proser_fedavg__split06__seed2__d0.1,cifar10,d0.1,proser_fedavg,6,2,0.2,0.05,0.05,5,12,B,0,0.0,0.0,,,,,,,,
cifar10_proser_fedavg__split06__seed2__d0.5,cifar10,d0.5,proser_fedavg,6,2,0.2,0.05,0.05,5,12,H,1,0.2787404050214185,0.2787404050214185,,0.0008196183163687452,0.009835419796424941,1.0,proser,native,0.5,0.971510821162259
cifar10_proser_fedavg__split06__seed2__d0.5,cifar10,d0.5,proser_fedavg,6,2,0.2,0.05,0.05,5,12,S,1,0.2787404050214185,0.2787404050214185,0.18386138180352635,,,1.0,proser,native,0.5,0.971510821162259
cifar10_proser_fedavg__split06__seed2__d0.5,cifar10,d0.5,proser_fedavg,6,2,0.2,0.05,0.05,5,12,B,1,0.2689937158821909,0.2689937158821909,0.19984360829821735,,,1.0,proser,native,0.5,0.971510821162259
cifar10_proser_fedavg__split06__seed2__d5.0,cifar10,d5,proser_fedavg,6,2,0.2,0.05,0.05,5,12,H,1,0.3836809715599002,0.3836809715599002,,7.31317458528158e-05,0.0007501489740686357,5.0,energy,energy,0.5,5.890475418256677
cifar10_proser_fedavg__split06__seed2__d5.0,cifar10,d5,proser_fedavg,6,2,0.2,0.05,0.05,5,12,S,1,0.3836809715599002,0.3836809715599002,0.16977945061250865,,,5.0,energy,energy,0.5,5.890475418256677
cifar10_proser_fedavg__split06__seed2__d5.0,cifar10,d5,proser_fedavg,6,2,0.2,0.05,0.05,5,12,B,1,0.3729680230111561,0.3729680230111561,0.18267134802049545,,,5.0,energy,energy,0.5,5.890475418256677
cifar10_proser_fedavg__split06__seed3__d0.1,cifar10,d0.1,proser_fedavg,6,3,0.2,0.05,0.05,5,12,H,0,0.0,0.0,,,,,,,,
cifar10_proser_fedavg__split06__seed3__d0.1,cifar10,d0.1,proser_fedavg,6,3,0.2,0.05,0.05,5,12,S,0,0.0,0.0,,,,,,,,
cifar10_proser_fedavg__split06__seed3__d0.1,cifar10,d0.1,proser_fedavg,6,3,0.2,0.05,0.05,5,12,B,0,0.0,0.0,,,,,,,,
cifar10_proser_fedavg__split06__seed3__d0.5,cifar10,d0.5,proser_fedavg,6,3,0.2,0.05,0.05,5,12,H,1,0.3590576379982162,0.3590576379982162,,0.005014316455153872,0.045128848096384844,1.0,proser,native,0.5,0.9468016470953772
cifar10_proser_fedavg__split06__seed3__d0.5,cifar10,d0.5,proser_fedavg,6,3,0.2,0.05,0.05,5,12,S,1,0.1896324295589452,0.1896324295589452,0.13681508464586595,,,8.0,margin,margin,0.3,0.9999891449775186
cifar10_proser_fedavg__split06__seed3__d0.5,cifar10,d0.5,proser_fedavg,6,3,0.2,0.05,0.05,5,12,B,1,0.1812417766079162,0.1812417766079162,0.15466595864253518,,,8.0,margin,margin,0.3,0.9999891449775186
cifar10_proser_fedavg__split06__seed3__d5.0,cifar10,d5,proser_fedavg,6,3,0.2,0.05,0.05,5,12,H,0,0.0,0.0,,,,,,,,
cifar10_proser_fedavg__split06__seed3__d5.0,cifar10,d5,proser_fedavg,6,3,0.2,0.05,0.05,5,12,S,0,0.0,0.0,,,,,,,,
cifar10_proser_fedavg__split06__seed3__d5.0,cifar10,d5,proser_fedavg,6,3,0.2,0.05,0.05,5,12,B,0,0.0,0.0,,,,,,,,
cifar10_proser_fedavg__split06__seed4__d0.1,cifar10,d0.1,proser_fedavg,6,4,0.2,0.05,0.05,5,12,H,0,0.0,0.0,,,,,,,,
cifar10_proser_fedavg__split06__seed4__d0.1,cifar10,d0.1,proser_fedavg,6,4,0.2,0.05,0.05,5,12,S,0,0.0,0.0,,,,,,,,
cifar10_proser_fedavg__split06__seed4__d0.1,cifar10,d0.1,proser_fedavg,6,4,0.2,0.05,0.05,5,12,B,0,0.0,0.0,,,,,,,,
cifar10_proser_fedavg__split06__seed4__d0.5,cifar10,d0.5,proser_fedavg,6,4,0.2,0.05,0.05,5,12,H,0,0.0,0.0,,,,,,,,
cifar10_proser_fedavg__split06__seed4__d0.5,cifar10,d0.5,proser_fedavg,6,4,0.2,0.05,0.05,5,12,S,0,0.0,0.0,,,,,,,,
cifar10_proser_fedavg__split06__seed4__d0.5,cifar10,d0.5,proser_fedavg,6,4,0.2,0.05,0.05,5,12,B,0,0.0,0.0,,,,,,,,
cifar10_proser_fedavg__split06__seed4__d5.0,cifar10,d5,proser_fedavg,6,4,0.2,0.05,0.05,5,12,H,0,0.0,0.0,,,,,,,,
cifar10_proser_fedavg__split06__seed4__d5.0,cifar10,d5,proser_fedavg,6,4,0.2,0.05,0.05,5,12,S,0,0.0,0.0,,,,,,,,
cifar10_proser_fedavg__split06__seed4__d5.0,cifar10,d5,proser_fedavg,6,4,0.2,0.05,0.05,5,12,B,0,0.0,0.0,,,,,,,,
cifar10_proser_fedavg__split07__seed0__d0.1,cifar10,d0.1,proser_fedavg,7,0,0.2,0.05,0.05,5,12,H,0,0.0,0.0,,,,,,,,
cifar10_proser_fedavg__split07__seed0__d0.1,cifar10,d0.1,proser_fedavg,7,0,0.2,0.05,0.05,5,12,S,0,0.0,0.0,,,,,,,,
cifar10_proser_fedavg__split07__seed0__d0.1,cifar10,d0.1,proser_fedavg,7,0,0.2,0.05,0.05,5,12,B,0,0.0,0.0,,,,,,,,
cifar10_proser_fedavg__split07__seed0__d0.5,cifar10,d0.5,proser_fedavg,7,0,0.2,0.05,0.05,5,12,H,0,0.0,0.0,,,,,,,,
cifar10_proser_fedavg__split07__seed0__d0.5,cifar10,d0.5,proser_fedavg,7,0,0.2,0.05,0.05,5,12,S,0,0.0,0.0,,,,,,,,
cifar10_proser_fedavg__split07__seed0__d0.5,cifar10,d0.5,proser_fedavg,7,0,0.2,0.05,0.05,5,12,B,0,0.0,0.0,,,,,,,,
cifar10_proser_fedavg__split07__seed0__d5.0,cifar10,d5,proser_fedavg,7,0,0.2,0.05,0.05,5,12,H,0,0.0,0.0,,,,,,,,
cifar10_proser_fedavg__split07__seed0__d5.0,cifar10,d5,proser_fedavg,7,0,0.2,0.05,0.05,5,12,S,0,0.0,0.0,,,,,,,,
cifar10_proser_fedavg__split07__seed0__d5.0,cifar10,d5,proser_fedavg,7,0,0.2,0.05,0.05,5,12,B,0,0.0,0.0,,,,,,,,
cifar10_proser_fedavg__split07__seed1__d0.1,cifar10,d0.1,proser_fedavg,7,1,0.2,0.05,0.05,5,12,H,0,0.0,0.0,,,,,,,,
cifar10_proser_fedavg__split07__seed1__d0.1,cifar10,d0.1,proser_fedavg,7,1,0.2,0.05,0.05,5,12,S,0,0.0,0.0,,,,,,,,
cifar10_proser_fedavg__split07__seed1__d0.1,cifar10,d0.1,proser_fedavg,7,1,0.2,0.05,0.05,5,12,B,0,0.0,0.0,,,,,,,,
cifar10_proser_fedavg__split07__seed1__d0.5,cifar10,d0.5,proser_fedavg,7,1,0.2,0.05,0.05,5,12,H,0,0.0,0.0,,,,,,,,
cifar10_proser_fedavg__split07__seed1__d0.5,cifar10,d0.5,proser_fedavg,7,1,0.2,0.05,0.05,5,12,S,0,0.0,0.0,,,,,,,,
cifar10_proser_fedavg__split07__seed1__d0.5,cifar10,d0.5,proser_fedavg,7,1,0.2,0.05,0.05,5,12,B,0,0.0,0.0,,,,,,,,
cifar10_proser_fedavg__split07__seed1__d5.0,cifar10,d5,proser_fedavg,7,1,0.2,0.05,0.05,5,12,H,0,0.0,0.0,,,,,,,,
cifar10_proser_fedavg__split07__seed1__d5.0,cifar10,d5,proser_fedavg,7,1,0.2,0.05,0.05,5,12,S,0,0.0,0.0,,,,,,,,
cifar10_proser_fedavg__split07__seed1__d5.0,cifar10,d5,proser_fedavg,7,1,0.2,0.05,0.05,5,12,B,0,0.0,0.0,,,,,,,,
cifar10_proser_fedavg__split07__seed2__d0.1,cifar10,d0.1,proser_fedavg,7,2,0.2,0.05,0.05,5,12,H,0,0.0,0.0,,,,,,,,
cifar10_proser_fedavg__split07__seed2__d0.1,cifar10,d0.1,proser_fedavg,7,2,0.2,0.05,0.05,5,12,S,0,0.0,0.0,,,,,,,,
cifar10_proser_fedavg__split07__seed2__d0.1,cifar10,d0.1,proser_fedavg,7,2,0.2,0.05,0.05,5,12,B,0,0.0,0.0,,,,,,,,
cifar10_proser_fedavg__split07__seed2__d0.5,cifar10,d0.5,proser_fedavg,7,2,0.2,0.05,0.05,5,12,H,0,0.0,0.0,,,,,,,,
cifar10_proser_fedavg__split07__seed2__d0.5,cifar10,d0.5,proser_fedavg,7,2,0.2,0.05,0.05,5,12,S,0,0.0,0.0,,,,,,,,
cifar10_proser_fedavg__split07__seed2__d0.5,cifar10,d0.5,proser_fedavg,7,2,0.2,0.05,0.05,5,12,B,0,0.0,0.0,,,,,,,,
cifar10_proser_fedavg__split07__seed2__d5.0,cifar10,d5,proser_fedavg,7,2,0.2,0.05,0.05,5,12,H,0,0.0,0.0,,,,,,,,
cifar10_proser_fedavg__split07__seed2__d5.0,cifar10,d5,proser_fedavg,7,2,0.2,0.05,0.05,5,12,S,0,0.0,0.0,,,,,,,,
cifar10_proser_fedavg__split07__seed2__d5.0,cifar10,d5,proser_fedavg,7,2,0.2,0.05,0.05,5,12,B,0,0.0,0.0,,,,,,,,
cifar10_proser_fedavg__split07__seed3__d0.1,cifar10,d0.1,proser_fedavg,7,3,0.2,0.05,0.05,5,12,H,0,0.0,0.0,,,,,,,,
cifar10_proser_fedavg__split07__seed3__d0.1,cifar10,d0.1,proser_fedavg,7,3,0.2,0.05,0.05,5,12,S,0,0.0,0.0,,,,,,,,
cifar10_proser_fedavg__split07__seed3__d0.1,cifar10,d0.1,proser_fedavg,7,3,0.2,0.05,0.05,5,12,B,0,0.0,0.0,,,,,,,,
cifar10_proser_fedavg__split07__seed3__d0.5,cifar10,d0.5,proser_fedavg,7,3,0.2,0.05,0.05,5,12,H,0,0.0,0.0,,,,,,,,
cifar10_proser_fedavg__split07__seed3__d0.5,cifar10,d0.5,proser_fedavg,7,3,0.2,0.05,0.05,5,12,S,0,0.0,0.0,,,,,,,,
cifar10_proser_fedavg__split07__seed3__d0.5,cifar10,d0.5,proser_fedavg,7,3,0.2,0.05,0.05,5,12,B,0,0.0,0.0,,,,,,,,
cifar10_proser_fedavg__split07__seed3__d5.0,cifar10,d5,proser_fedavg,7,3,0.2,0.05,0.05,5,12,H,0,0.0,0.0,,,,,,,,
cifar10_proser_fedavg__split07__seed3__d5.0,cifar10,d5,proser_fedavg,7,3,0.2,0.05,0.05,5,12,S,0,0.0,0.0,,,,,,,,
cifar10_proser_fedavg__split07__seed3__d5.0,cifar10,d5,proser_fedavg,7,3,0.2,0.05,0.05,5,12,B,0,0.0,0.0,,,,,,,,
cifar10_proser_fedavg__split07__seed4__d0.1,cifar10,d0.1,proser_fedavg,7,4,0.2,0.05,0.05,5,12,H,0,0.0,0.0,,,,,,,,
cifar10_proser_fedavg__split07__seed4__d0.1,cifar10,d0.1,proser_fedavg,7,4,0.2,0.05,0.05,5,12,S,0,0.0,0.0,,,,,,,,
cifar10_proser_fedavg__split07__seed4__d0.1,cifar10,d0.1,proser_fedavg,7,4,0.2,0.05,0.05,5,12,B,0,0.0,0.0,,,,,,,,
cifar10_proser_fedavg__split07__seed4__d0.5,cifar10,d0.5,proser_fedavg,7,4,0.2,0.05,0.05,5,12,H,0,0.0,0.0,,,,,,,,
cifar10_proser_fedavg__split07__seed4__d0.5,cifar10,d0.5,proser_fedavg,7,4,0.2,0.05,0.05,5,12,S,0,0.0,0.0,,,,,,,,
cifar10_proser_fedavg__split07__seed4__d0.5,cifar10,d0.5,proser_fedavg,7,4,0.2,0.05,0.05,5,12,B,0,0.0,0.0,,,,,,,,
cifar10_proser_fedavg__split07__seed4__d5.0,cifar10,d5,proser_fedavg,7,4,0.2,0.05,0.05,5,12,H,0,0.0,0.0,,,,,,,,
cifar10_proser_fedavg__split07__seed4__d5.0,cifar10,d5,proser_fedavg,7,4,0.2,0.05,0.05,5,12,S,0,0.0,0.0,,,,,,,,
cifar10_proser_fedavg__split07__seed4__d5.0,cifar10,d5,proser_fedavg,7,4,0.2,0.05,0.05,5,12,B,0,0.0,0.0,,,,,,,,
cifar10_proser_fedavg__split08__seed0__d0.1,cifar10,d0.1,proser_fedavg,8,0,0.2,0.05,0.05,5,12,H,0,0.0,0.0,,,,,,,,
cifar10_proser_fedavg__split08__seed0__d0.1,cifar10,d0.1,proser_fedavg,8,0,0.2,0.05,0.05,5,12,S,0,0.0,0.0,,,,,,,,
cifar10_proser_fedavg__split08__seed0__d0.1,cifar10,d0.1,proser_fedavg,8,0,0.2,0.05,0.05,5,12,B,0,0.0,0.0,,,,,,,,
cifar10_proser_fedavg__split08__seed0__d0.5,cifar10,d0.5,proser_fedavg,8,0,0.2,0.05,0.05,5,12,H,0,0.0,0.0,,,,,,,,
cifar10_proser_fedavg__split08__seed0__d0.5,cifar10,d0.5,proser_fedavg,8,0,0.2,0.05,0.05,5,12,S,0,0.0,0.0,,,,,,,,
cifar10_proser_fedavg__split08__seed0__d0.5,cifar10,d0.5,proser_fedavg,8,0,0.2,0.05,0.05,5,12,B,0,0.0,0.0,,,,,,,,
cifar10_proser_fedavg__split08__seed0__d5.0,cifar10,d5,proser_fedavg,8,0,0.2,0.05,0.05,5,12,H,0,0.0,0.0,,,,,,,,
cifar10_proser_fedavg__split08__seed0__d5.0,cifar10,d5,proser_fedavg,8,0,0.2,0.05,0.05,5,12,S,0,0.0,0.0,,,,,,,,
cifar10_proser_fedavg__split08__seed0__d5.0,cifar10,d5,proser_fedavg,8,0,0.2,0.05,0.05,5,12,B,0,0.0,0.0,,,,,,,,
cifar10_proser_fedavg__split08__seed1__d0.1,cifar10,d0.1,proser_fedavg,8,1,0.2,0.05,0.05,5,12,H,0,0.0,0.0,,,,,,,,
cifar10_proser_fedavg__split08__seed1__d0.1,cifar10,d0.1,proser_fedavg,8,1,0.2,0.05,0.05,5,12,S,0,0.0,0.0,,,,,,,,
cifar10_proser_fedavg__split08__seed1__d0.1,cifar10,d0.1,proser_fedavg,8,1,0.2,0.05,0.05,5,12,B,0,0.0,0.0,,,,,,,,
cifar10_proser_fedavg__split08__seed1__d0.5,cifar10,d0.5,proser_fedavg,8,1,0.2,0.05,0.05,5,12,H,0,0.0,0.0,,,,,,,,
cifar10_proser_fedavg__split08__seed1__d0.5,cifar10,d0.5,proser_fedavg,8,1,0.2,0.05,0.05,5,12,S,0,0.0,0.0,,,,,,,,
cifar10_proser_fedavg__split08__seed1__d0.5,cifar10,d0.5,proser_fedavg,8,1,0.2,0.05,0.05,5,12,B,0,0.0,0.0,,,,,,,,
cifar10_proser_fedavg__split08__seed1__d5.0,cifar10,d5,proser_fedavg,8,1,0.2,0.05,0.05,5,12,H,0,0.0,0.0,,,,,,,,
cifar10_proser_fedavg__split08__seed1__d5.0,cifar10,d5,proser_fedavg,8,1,0.2,0.05,0.05,5,12,S,0,0.0,0.0,,,,,,,,
cifar10_proser_fedavg__split08__seed1__d5.0,cifar10,d5,proser_fedavg,8,1,0.2,0.05,0.05,5,12,B,0,0.0,0.0,,,,,,,,
cifar10_proser_fedavg__split08__seed2__d0.1,cifar10,d0.1,proser_fedavg,8,2,0.2,0.05,0.05,5,12,H,0,0.0,0.0,,,,,,,,
cifar10_proser_fedavg__split08__seed2__d0.1,cifar10,d0.1,proser_fedavg,8,2,0.2,0.05,0.05,5,12,S,0,0.0,0.0,,,,,,,,
cifar10_proser_fedavg__split08__seed2__d0.1,cifar10,d0.1,proser_fedavg,8,2,0.2,0.05,0.05,5,12,B,0,0.0,0.0,,,,,,,,
cifar10_proser_fedavg__split08__seed2__d0.5,cifar10,d0.5,proser_fedavg,8,2,0.2,0.05,0.05,5,12,H,0,0.0,0.0,,,,,,,,
cifar10_proser_fedavg__split08__seed2__d0.5,cifar10,d0.5,proser_fedavg,8,2,0.2,0.05,0.05,5,12,S,0,0.0,0.0,,,,,,,,
cifar10_proser_fedavg__split08__seed2__d0.5,cifar10,d0.5,proser_fedavg,8,2,0.2,0.05,0.05,5,12,B,0,0.0,0.0,,,,,,,,
cifar10_proser_fedavg__split08__seed2__d5.0,cifar10,d5,proser_fedavg,8,2,0.2,0.05,0.05,5,12,H,0,0.0,0.0,,,,,,,,
cifar10_proser_fedavg__split08__seed2__d5.0,cifar10,d5,proser_fedavg,8,2,0.2,0.05,0.05,5,12,S,0,0.0,0.0,,,,,,,,
cifar10_proser_fedavg__split08__seed2__d5.0,cifar10,d5,proser_fedavg,8,2,0.2,0.05,0.05,5,12,B,0,0.0,0.0,,,,,,,,
cifar10_proser_fedavg__split08__seed3__d0.1,cifar10,d0.1,proser_fedavg,8,3,0.2,0.05,0.05,5,12,H,0,0.0,0.0,,,,,,,,
cifar10_proser_fedavg__split08__seed3__d0.1,cifar10,d0.1,proser_fedavg,8,3,0.2,0.05,0.05,5,12,S,0,0.0,0.0,,,,,,,,
cifar10_proser_fedavg__split08__seed3__d0.1,cifar10,d0.1,proser_fedavg,8,3,0.2,0.05,0.05,5,12,B,0,0.0,0.0,,,,,,,,
cifar10_proser_fedavg__split08__seed3__d0.5,cifar10,d0.5,proser_fedavg,8,3,0.2,0.05,0.05,5,12,H,0,0.0,0.0,,,,,,,,
cifar10_proser_fedavg__split08__seed3__d0.5,cifar10,d0.5,proser_fedavg,8,3,0.2,0.05,0.05,5,12,S,0,0.0,0.0,,,,,,,,
cifar10_proser_fedavg__split08__seed3__d0.5,cifar10,d0.5,proser_fedavg,8,3,0.2,0.05,0.05,5,12,B,0,0.0,0.0,,,,,,,,
cifar10_proser_fedavg__split08__seed3__d5.0,cifar10,d5,proser_fedavg,8,3,0.2,0.05,0.05,5,12,H,0,0.0,0.0,,,,,,,,
cifar10_proser_fedavg__split08__seed3__d5.0,cifar10,d5,proser_fedavg,8,3,0.2,0.05,0.05,5,12,S,0,0.0,0.0,,,,,,,,
cifar10_proser_fedavg__split08__seed3__d5.0,cifar10,d5,proser_fedavg,8,3,0.2,0.05,0.05,5,12,B,0,0.0,0.0,,,,,,,,
cifar10_proser_fedavg__split08__seed4__d0.1,cifar10,d0.1,proser_fedavg,8,4,0.2,0.05,0.05,5,12,H,0,0.0,0.0,,,,,,,,
cifar10_proser_fedavg__split08__seed4__d0.1,cifar10,d0.1,proser_fedavg,8,4,0.2,0.05,0.05,5,12,S,0,0.0,0.0,,,,,,,,
cifar10_proser_fedavg__split08__seed4__d0.1,cifar10,d0.1,proser_fedavg,8,4,0.2,0.05,0.05,5,12,B,0,0.0,0.0,,,,,,,,
cifar10_proser_fedavg__split08__seed4__d0.5,cifar10,d0.5,proser_fedavg,8,4,0.2,0.05,0.05,5,12,H,0,0.0,0.0,,,,,,,,
cifar10_proser_fedavg__split08__seed4__d0.5,cifar10,d0.5,proser_fedavg,8,4,0.2,0.05,0.05,5,12,S,0,0.0,0.0,,,,,,,,
cifar10_proser_fedavg__split08__seed4__d0.5,cifar10,d0.5,proser_fedavg,8,4,0.2,0.05,0.05,5,12,B,0,0.0,0.0,,,,,,,,
cifar10_proser_fedavg__split08__seed4__d5.0,cifar10,d5,proser_fedavg,8,4,0.2,0.05,0.05,5,12,H,0,0.0,0.0,,,,,,,,
cifar10_proser_fedavg__split08__seed4__d5.0,cifar10,d5,proser_fedavg,8,4,0.2,0.05,0.05,5,12,S,0,0.0,0.0,,,,,,,,
cifar10_proser_fedavg__split08__seed4__d5.0,cifar10,d5,proser_fedavg,8,4,0.2,0.05,0.05,5,12,B,0,0.0,0.0,,,,,,,,
cifar10_proser_fedavg__split09__seed0__d0.1,cifar10,d0.1,proser_fedavg,9,0,0.2,0.05,0.05,5,12,H,0,0.0,0.0,,,,,,,,
cifar10_proser_fedavg__split09__seed0__d0.1,cifar10,d0.1,proser_fedavg,9,0,0.2,0.05,0.05,5,12,S,0,0.0,0.0,,,,,,,,
cifar10_proser_fedavg__split09__seed0__d0.1,cifar10,d0.1,proser_fedavg,9,0,0.2,0.05,0.05,5,12,B,0,0.0,0.0,,,,,,,,
cifar10_proser_fedavg__split09__seed0__d0.5,cifar10,d0.5,proser_fedavg,9,0,0.2,0.05,0.05,5,12,H,0,0.0,0.0,,,,,,,,
cifar10_proser_fedavg__split09__seed0__d0.5,cifar10,d0.5,proser_fedavg,9,0,0.2,0.05,0.05,5,12,S,0,0.0,0.0,,,,,,,,
cifar10_proser_fedavg__split09__seed0__d0.5,cifar10,d0.5,proser_fedavg,9,0,0.2,0.05,0.05,5,12,B,0,0.0,0.0,,,,,,,,
cifar10_proser_fedavg__split09__seed0__d5.0,cifar10,d5,proser_fedavg,9,0,0.2,0.05,0.05,5,12,H,1,0.3270915532420068,0.3270915532420068,,0.00015234917109956805,0.0018281900531948165,5.0,energy,energy,0.5,7.410304672343276
cifar10_proser_fedavg__split09__seed0__d5.0,cifar10,d5,proser_fedavg,9,0,0.2,0.05,0.05,5,12,S,1,0.3270915532420068,0.3270915532420068,0.17120198222990296,,,5.0,energy,energy,0.5,7.410304672343276
cifar10_proser_fedavg__split09__seed0__d5.0,cifar10,d5,proser_fedavg,9,0,0.2,0.05,0.05,5,12,B,1,0.3168263424064076,0.3168263424064076,0.18590303627511756,,,5.0,energy,energy,0.5,7.410304672343276
cifar10_proser_fedavg__split09__seed1__d0.1,cifar10,d0.1,proser_fedavg,9,1,0.2,0.05,0.05,5,12,H,0,0.0,0.0,,,,,,,,
cifar10_proser_fedavg__split09__seed1__d0.1,cifar10,d0.1,proser_fedavg,9,1,0.2,0.05,0.05,5,12,S,0,0.0,0.0,,,,,,,,
cifar10_proser_fedavg__split09__seed1__d0.1,cifar10,d0.1,proser_fedavg,9,1,0.2,0.05,0.05,5,12,B,0,0.0,0.0,,,,,,,,
cifar10_proser_fedavg__split09__seed1__d0.5,cifar10,d0.5,proser_fedavg,9,1,0.2,0.05,0.05,5,12,H,1,0.3609463107617132,0.3609463107617132,,0.0035107955566282927,0.03159716000965464,9.0,margin,margin,0.5,0.9998253795215516
cifar10_proser_fedavg__split09__seed1__d0.5,cifar10,d0.5,proser_fedavg,9,1,0.2,0.05,0.05,5,12,S,1,0.3609463107617132,0.3609463107617132,0.19841373250782268,,,9.0,margin,margin,0.5,0.9998253795215516
cifar10_proser_fedavg__split09__seed1__d0.5,cifar10,d0.5,proser_fedavg,9,1,0.2,0.05,0.05,5,12,B,1,0.3205382840968935,0.3205382840968935,0.1962243338446345,,,5.0,energy,energy,0.5,4.88751000305482
cifar10_proser_fedavg__split09__seed1__d5.0,cifar10,d5,proser_fedavg,9,1,0.2,0.05,0.05,5,12,H,1,0.3590576379982162,0.3590576379982162,,0.003841287746262296,0.04609545295514755,9.0,margin,margin,0.5,0.9999919768958586
cifar10_proser_fedavg__split09__seed1__d5.0,cifar10,d5,proser_fedavg,9,1,0.2,0.05,0.05,5,12,S,1,0.3590576379982162,0.3590576379982162,0.1992414302756812,,,9.0,margin,margin,0.5,0.9999919768958586
cifar10_proser_fedavg__split09__seed1__d5.0,cifar10,d5,proser_fedavg,9,1,0.2,0.05,0.05,5,12,B,0,0.0,0.0,,,,,,,,
cifar10_proser_fedavg__split09__seed2__d0.1,cifar10,d0.1,proser_fedavg,9,2,0.2,0.05,0.05,5,12,H,0,0.0,0.0,,,,,,,,
cifar10_proser_fedavg__split09__seed2__d0.1,cifar10,d0.1,proser_fedavg,9,2,0.2,0.05,0.05,5,12,S,0,0.0,0.0,,,,,,,,
cifar10_proser_fedavg__split09__seed2__d0.1,cifar10,d0.1,proser_fedavg,9,2,0.2,0.05,0.05,5,12,B,0,0.0,0.0,,,,,,,,
cifar10_proser_fedavg__split09__seed2__d0.5,cifar10,d0.5,proser_fedavg,9,2,0.2,0.05,0.05,5,12,H,0,0.0,0.0,,,,,,,,
cifar10_proser_fedavg__split09__seed2__d0.5,cifar10,d0.5,proser_fedavg,9,2,0.2,0.05,0.05,5,12,S,0,0.0,0.0,,,,,,,,
cifar10_proser_fedavg__split09__seed2__d0.5,cifar10,d0.5,proser_fedavg,9,2,0.2,0.05,0.05,5,12,B,0,0.0,0.0,,,,,,,,
cifar10_proser_fedavg__split09__seed2__d5.0,cifar10,d5,proser_fedavg,9,2,0.2,0.05,0.05,5,12,H,1,0.3893848190377891,0.3893848190377891,,0.0003829492588342578,0.0033208352052328683,5.0,energy,energy,0.5,5.0319663465621085
cifar10_proser_fedavg__split09__seed2__d5.0,cifar10,d5,proser_fedavg,9,2,0.2,0.05,0.05,5,12,S,1,0.3893848190377891,0.3893848190377891,0.1811060852618912,,,5.0,energy,energy,0.5,5.0319663465621085
cifar10_proser_fedavg__split09__seed2__d5.0,cifar10,d5,proser_fedavg,9,2,0.2,0.05,0.05,5,12,B,1,0.3786355563024496,0.3786355563024496,0.19416225305362433,,,5.0,energy,energy,0.5,5.0319663465621085
cifar10_proser_fedavg__split09__seed3__d0.1,cifar10,d0.1,proser_fedavg,9,3,0.2,0.05,0.05,5,12,H,1,0.126318742423585,0.126318742423585,,0.00032664116320851687,0.003919693958502202,8.0,margin,margin,0.3,0.9941349382384564
cifar10_proser_fedavg__split09__seed3__d0.1,cifar10,d0.1,proser_fedavg,9,3,0.2,0.05,0.05,5,12,S,1,0.126318742423585,0.126318742423585,0.16944571596193914,,,8.0,margin,margin,0.3,0.9941349382384564
cifar10_proser_fedavg__split09__seed3__d0.1,cifar10,d0.1,proser_fedavg,9,3,0.2,0.05,0.05,5,12,B,1,0.1193277683909949,0.1193277683909949,0.1892427735888847,,,8.0,margin,margin,0.3,0.9941349382384564
cifar10_proser_fedavg__split09__seed3__d0.5,cifar10,d0.5,proser_fedavg,9,3,0.2,0.05,0.05,5,12,H,0,0.0,0.0,,,,,,,,
cifar10_proser_fedavg__split09__seed3__d0.5,cifar10,d0.5,proser_fedavg,9,3,0.2,0.05,0.05,5,12,S,0,0.0,0.0,,,,,,,,
cifar10_proser_fedavg__split09__seed3__d0.5,cifar10,d0.5,proser_fedavg,9,3,0.2,0.05,0.05,5,12,B,0,0.0,0.0,,,,,,,,
cifar10_proser_fedavg__split09__seed3__d5.0,cifar10,d5,proser_fedavg,9,3,0.2,0.05,0.05,5,12,H,1,0.1665194198150116,0.1665194198150116,,1.7330909988828975e-05,0.0002079709198659477,4.0,energy,energy,0.3,8.261458996546306
cifar10_proser_fedavg__split09__seed3__d5.0,cifar10,d5,proser_fedavg,9,3,0.2,0.05,0.05,5,12,S,1,0.1665194198150116,0.1665194198150116,0.13968482688390071,,,4.0,energy,energy,0.3,8.261458996546306
cifar10_proser_fedavg__split09__seed3__d5.0,cifar10,d5,proser_fedavg,9,3,0.2,0.05,0.05,5,12,B,1,0.1585875344216875,0.1585875344216875,0.15884379368120227,,,4.0,energy,energy,0.3,8.261458996546306
cifar10_proser_fedavg__split09__seed4__d0.1,cifar10,d0.1,proser_fedavg,9,4,0.2,0.05,0.05,5,12,H,0,0.0,0.0,,,,,,,,
cifar10_proser_fedavg__split09__seed4__d0.1,cifar10,d0.1,proser_fedavg,9,4,0.2,0.05,0.05,5,12,S,0,0.0,0.0,,,,,,,,
cifar10_proser_fedavg__split09__seed4__d0.1,cifar10,d0.1,proser_fedavg,9,4,0.2,0.05,0.05,5,12,B,0,0.0,0.0,,,,,,,,
cifar10_proser_fedavg__split09__seed4__d0.5,cifar10,d0.5,proser_fedavg,9,4,0.2,0.05,0.05,5,12,H,0,0.0,0.0,,,,,,,,
cifar10_proser_fedavg__split09__seed4__d0.5,cifar10,d0.5,proser_fedavg,9,4,0.2,0.05,0.05,5,12,S,0,0.0,0.0,,,,,,,,
cifar10_proser_fedavg__split09__seed4__d0.5,cifar10,d0.5,proser_fedavg,9,4,0.2,0.05,0.05,5,12,B,0,0.0,0.0,,,,,,,,
cifar10_proser_fedavg__split09__seed4__d5.0,cifar10,d5,proser_fedavg,9,4,0.2,0.05,0.05,5,12,H,1,0.3196096406194151,0.3196096406194151,,0.0015359866064301704,0.015359866064301704,9.0,margin,margin,0.5,0.9999961853027344
cifar10_proser_fedavg__split09__seed4__d5.0,cifar10,d5,proser_fedavg,9,4,0.2,0.05,0.05,5,12,S,1,0.3196096406194151,0.3196096406194151,0.19081114734468224,,,9.0,margin,margin,0.5,0.9999961853027344
cifar10_proser_fedavg__split09__seed4__d5.0,cifar10,d5,proser_fedavg,9,4,0.2,0.05,0.05,5,12,B,1,0.2928102444095538,0.2928102444095538,0.1905038286611191,,,5.0,energy,energy,0.5,7.444739678232965
officehome_convnext_frozen__split00__seed0,officehome,frozen,convnext_frozen_linear,0,0,0.2,0.05,0.05,4,12,H,1,0.1677303881607597,0.1677303881607597,,0.003531707189770888,0.028253657518167104,2.0,msp,native,0.7,0.8743266860344606
officehome_convnext_frozen__split00__seed0,officehome,frozen,convnext_frozen_linear,0,0,0.2,0.05,0.05,4,12,S,1,0.1677303881607597,0.1677303881607597,0.19889318707567988,,,2.0,msp,native,0.7,0.8743266860344606
officehome_convnext_frozen__split00__seed0,officehome,frozen,convnext_frozen_linear,0,0,0.2,0.05,0.05,4,12,B,1,0.0361027310425783,0.0361027310425783,0.18708520978749282,,,8.0,margin,margin,0.3,0.9898834559331204
officehome_convnext_frozen__split00__seed1,officehome,frozen,convnext_frozen_linear,0,1,0.2,0.05,0.05,4,12,H,1,0.1610687116333154,0.1610687116333154,,0.0057546739621098224,0.04603739169687858,2.0,msp,native,0.7,0.8865034328588673
officehome_convnext_frozen__split00__seed1,officehome,frozen,convnext_frozen_linear,0,1,0.2,0.05,0.05,4,12,S,1,0.1299133055116196,0.1299133055116196,0.18899031544142347,,,1.0,msp,native,0.5,0.9326031708465174
officehome_convnext_frozen__split00__seed1,officehome,frozen,convnext_frozen_linear,0,1,0.2,0.05,0.05,4,12,B,0,0.0,0.0,,,,,,,,
officehome_convnext_frozen__split00__seed2,officehome,frozen,convnext_frozen_linear,0,2,0.2,0.05,0.05,4,12,H,1,0.1601184550659885,0.1601184550659885,,0.004616268751959963,0.03518431454185125,2.0,msp,native,0.7,0.8811792951703155
officehome_convnext_frozen__split00__seed2,officehome,frozen,convnext_frozen_linear,0,2,0.2,0.05,0.05,4,12,S,1,0.1317887458291849,0.1317887458291849,0.17987176534202426,,,1.0,msp,native,0.5,0.9288621981743777
officehome_convnext_frozen__split00__seed2,officehome,frozen,convnext_frozen_linear,0,2,0.2,0.05,0.05,4,12,B,1,0.1272167383924626,0.1272167383924626,0.19565506821023193,,,1.0,msp,native,0.5,0.9288621981743777
officehome_convnext_frozen__split00__seed3,officehome,frozen,convnext_frozen_linear,0,3,0.2,0.05,0.05,4,12,H,1,0.1582190219076798,0.1582190219076798,,0.004787567720366531,0.038300541762932246,10.0,margin,margin,0.7,0.8448586261722743
officehome_convnext_frozen__split00__seed3,officehome,frozen,convnext_frozen_linear,0,3,0.2,0.05,0.05,4,12,S,1,0.1271035125000629,0.1271035125000629,0.18369964767059616,,,9.0,margin,margin,0.5,0.9125409108389504
officehome_convnext_frozen__split00__seed3,officehome,frozen,convnext_frozen_linear,0,3,0.2,0.05,0.05,4,12,B,1,0.1226064092826564,0.1226064092826564,0.19977693199153618,,,9.0,margin,margin,0.5,0.9125409108389504
officehome_convnext_frozen__split00__seed4,officehome,frozen,convnext_frozen_linear,0,4,0.2,0.05,0.05,4,12,H,1,0.1648732875254419,0.1648732875254419,,0.0058821349009787575,0.035292809405872545,10.0,margin,margin,0.7,0.825567849286523
officehome_convnext_frozen__split00__seed4,officehome,frozen,convnext_frozen_linear,0,4,0.2,0.05,0.05,4,12,S,1,0.1639216153346288,0.1639216153346288,0.1985458076719902,,,2.0,msp,native,0.7,0.8834760025430304
officehome_convnext_frozen__split00__seed4,officehome,frozen,convnext_frozen_linear,0,4,0.2,0.05,0.05,4,12,B,1,0.1043043821049229,0.1043043821049229,0.1967289213840679,,,9.0,margin,margin,0.5,0.9433616014330426
officehome_convnext_frozen__split01__seed0,officehome,frozen,convnext_frozen_linear,1,0,0.2,0.05,0.05,4,12,H,1,0.1126437034189517,0.1126437034189517,,0.0005375257882905528,0.0048377320946149755,1.0,msp,native,0.5,0.9609781947935766
officehome_convnext_frozen__split01__seed0,officehome,frozen,convnext_frozen_linear,1,0,0.2,0.05,0.05,4,12,S,1,0.1126437034189517,0.1126437034189517,0.1774807382859258,,,1.0,msp,native,0.5,0.9609781947935766
officehome_convnext_frozen__split01__seed0,officehome,frozen,convnext_frozen_linear,1,0,0.2,0.05,0.05,4,12,B,1,0.1084160459630132,0.1084160459630132,0.19300010950927976,,,1.0,msp,native,0.5,0.9609781947935766
officehome_convnext_frozen__split01__seed1,officehome,frozen,convnext_frozen_linear,1,1,0.2,0.05,0.05,4,12,H,1,0.1255376004235755,0.1255376004235755,,0.005044014579307859,0.04035211663446287,1.0,msp,native,0.5,0.9483450009913674
officehome_convnext_frozen__split01__seed1,officehome,frozen,convnext_frozen_linear,1,1,0.2,0.05,0.05,4,12,S,1,0.1218441386622459,0.1218441386622459,0.19927708011461065,,,9.0,margin,margin,0.5,0.9359984185501742
officehome_convnext_frozen__split01__seed1,officehome,frozen,convnext_frozen_linear,1,1,0.2,0.05,0.05,4,12,B,1,0.0985371303830379,0.0985371303830379,0.177873673891759,,,0.0,msp,native,0.3,0.972558031541768
officehome_convnext_frozen__split01__seed2,officehome,frozen,convnext_frozen_linear,1,2,0.2,0.05,0.05,4,12,H,1,0.1153986938284415,0.1153986938284415,,0.0019847143595409194,0.017862429235868275,9.0,margin,margin,0.5,0.9441097629694843
officehome_convnext_frozen__split01__seed2,officehome,frozen,convnext_frozen_linear,1,2,0.2,0.05,0.05,4,12,S,1,0.1153986938284415,0.1153986938284415,0.1913841803229558,,,9.0,margin,margin,0.5,0.9441097629694843
officehome_convnext_frozen__split01__seed2,officehome,frozen,convnext_frozen_linear,1,2,0.2,0.05,0.05,4,12,B,1,0.0940725055049796,0.0940725055049796,0.18468277386246618,,,8.0,margin,margin,0.3,0.9672393403442388
officehome_convnext_frozen__split01__seed3,officehome,frozen,convnext_frozen_linear,1,3,0.2,0.05,0.05,4,12,H,1,0.1218441386622459,0.1218441386622459,,0.0039180362719614045,0.031344290175691236,1.0,msp,native,0.5,0.9491424967290136
officehome_convnext_frozen__split01__seed3,officehome,frozen,convnext_frozen_linear,1,3,0.2,0.05,0.05,4,12,S,1,0.1218441386622459,0.1218441386622459,0.19927708011461065,,,1.0,msp,native,0.5,0.9491424967290136
officehome_convnext_frozen__split01__seed3,officehome,frozen,convnext_frozen_linear,1,3,0.2,0.05,0.05,4,12,B,1,0.1138352263143835,0.1138352263143835,0.1977004282375759,,,9.0,margin,margin,0.5,0.9358825245497592
officehome_convnext_frozen__split01__seed4,officehome,frozen,convnext_frozen_linear,1,4,0.2,0.05,0.05,4,12,H,1,0.1218441386622459,0.1218441386622459,,0.0039180362719614045,0.031344290175691236,1.0,msp,native,0.5,0.9550539304888616
officehome_convnext_frozen__split01__seed4,officehome,frozen,convnext_frozen_linear,1,4,0.2,0.05,0.05,4,12,S,1,0.1218441386622459,0.1218441386622459,0.19927708011461065,,,1.0,msp,native,0.5,0.9550539304888616
officehome_convnext_frozen__split01__seed4,officehome,frozen,convnext_frozen_linear,1,4,0.2,0.05,0.05,4,12,B,1,0.0887378613091614,0.0887378613091614,0.1704025479609289,,,0.0,msp,native,0.3,0.9777248095949718
officehome_convnext_frozen__split02__seed0,officehome,frozen,convnext_frozen_linear,2,0,0.2,0.05,0.05,4,12,H,1,0.1084822286946221,0.1084822286946221,,6.0054759717604044e-05,0.0006606023568936445,8.0,margin,margin,0.3,0.9540576980342764
officehome_convnext_frozen__split02__seed0,officehome,frozen,convnext_frozen_linear,2,0,0.2,0.05,0.05,4,12,S,1,0.1084822286946221,0.1084822286946221,0.1562196094796165,,,8.0,margin,margin,0.3,0.9540576980342764
officehome_convnext_frozen__split02__seed0,officehome,frozen,convnext_frozen_linear,2,0,0.2,0.05,0.05,4,12,B,1,0.1043043821049229,0.1043043821049229,0.1715477163902583,,,8.0,margin,margin,0.3,0.9540576980342764
officehome_convnext_frozen__split02__seed1,officehome,frozen,convnext_frozen_linear,2,1,0.2,0.05,0.05,4,12,H,1,0.141191884250979,0.141191884250979,,0.004366689848727096,0.03493351878981677,1.0,msp,native,0.5,0.9386946343244094
officehome_convnext_frozen__split02__seed1,officehome,frozen,convnext_frozen_linear,2,1,0.2,0.05,0.05,4,12,S,1,0.1383665042459665,0.1383665042459665,0.18143943332948304,,,9.0,margin,margin,0.5,0.9246872619554972
officehome_convnext_frozen__split02__seed1,officehome,frozen,convnext_frozen_linear,2,1,0.2,0.05,0.05,4,12,B,1,0.1336926588818007,0.1336926588818007,0.19689729839000325,,,9.0,margin,margin,0.5,0.9246872619554972
officehome_convnext_frozen__split02__seed2,officehome,frozen,convnext_frozen_linear,2,2,0.2,0.05,0.05,4,12,H,1,0.1177679215676994,0.1177679215676994,,0.00029756654775703404,0.0035707985730844085,0.0,msp,native,0.3,0.9657199916735448
officehome_convnext_frozen__split02__seed2,officehome,frozen,convnext_frozen_linear,2,2,0.2,0.05,0.05,4,12,S,1,0.1177679215676994,0.1177679215676994,0.16957899798635262,,,0.0,msp,native,0.3,0.9657199916735448
officehome_convnext_frozen__split02__seed2,officehome,frozen,convnext_frozen_linear,2,2,0.2,0.05,0.05,4,12,B,1,0.1134263530900736,0.1134263530900736,0.18610746461730415,,,0.0,msp,native,0.3,0.9657199916735448
officehome_convnext_frozen__split02__seed3,officehome,frozen,convnext_frozen_linear,2,3,0.2,0.05,0.05,4,12,H,1,0.142134500760151,0.142134500760151,,0.003342874889448004,0.030085874005032036,9.0,margin,margin,0.5,0.9195304145651108
officehome_convnext_frozen__split02__seed3,officehome,frozen,convnext_frozen_linear,2,3,0.2,0.05,0.05,4,12,S,1,0.142134500760151,0.142134500760151,0.19738761771016922,,,9.0,margin,margin,0.5,0.9195304145651108
officehome_convnext_frozen__split02__seed3,officehome,frozen,convnext_frozen_linear,2,3,0.2,0.05,0.05,4,12,B,1,0.1134263530900736,0.1134263530900736,0.17878574270846403,,,8.0,margin,margin,0.3,0.9487950465203888
officehome_convnext_frozen__split02__seed4,officehome,frozen,convnext_frozen_linear,2,4,0.2,0.05,0.05,4,12,H,1,0.1075565793385451,0.1075565793385451,,0.00020283553608010078,0.0022311908968811085,8.0,margin,margin,0.3,0.9605033693951884
officehome_convnext_frozen__split02__seed4,officehome,frozen,convnext_frozen_linear,2,4,0.2,0.05,0.05,4,12,S,1,0.1075565793385451,0.1075565793385451,0.16712514808203532,,,8.0,margin,margin,0.3,0.9605033693951884
officehome_convnext_frozen__split02__seed4,officehome,frozen,convnext_frozen_linear,2,4,0.2,0.05,0.05,4,12,B,1,0.1033955837302435,0.1033955837302435,0.18287785826710196,,,8.0,margin,margin,0.3,0.9605033693951884
officehome_convnext_frozen__split03__seed0,officehome,frozen,convnext_frozen_linear,3,0,0.2,0.05,0.05,4,12,H,1,0.1008078363001261,0.1008078363001261,,0.0019056396431406163,0.022867675717687396,1.0,msp,native,0.5,0.9770010313500928
officehome_convnext_frozen__split03__seed0,officehome,frozen,convnext_frozen_linear,3,0,0.2,0.05,0.05,4,12,S,1,0.1008078363001261,0.1008078363001261,0.19045389093462495,,,1.0,msp,native,0.5,0.9770010313500928
officehome_convnext_frozen__split03__seed0,officehome,frozen,convnext_frozen_linear,3,0,0.2,0.05,0.05,4,12,B,0,0.0,0.0,,,,,,,,
officehome_convnext_frozen__split03__seed1,officehome,frozen,convnext_frozen_linear,3,1,0.2,0.05,0.05,4,12,H,1,0.1025856729567444,0.1025856729567444,,0.004012899238082303,0.048154790856987637,9.0,margin,margin,0.5,0.97085295735762
officehome_convnext_frozen__split03__seed1,officehome,frozen,convnext_frozen_linear,3,1,0.2,0.05,0.05,4,12,S,1,0.1025856729567444,0.1025856729567444,0.19941607322080146,,,9.0,margin,margin,0.5,0.97085295735762
officehome_convnext_frozen__split03__seed1,officehome,frozen,convnext_frozen_linear,3,1,0.2,0.05,0.05,4,12,B,0,0.0,0.0,,,,,,,,
officehome_convnext_frozen__split03__seed2,officehome,frozen,convnext_frozen_linear,3,2,0.2,0.05,0.05,4,12,H,1,0.1016964865314194,0.1016964865314194,,0.0016844676421640546,0.020213611705968654,1.0,msp,native,0.5,0.9762869643361388
officehome_convnext_frozen__split03__seed2,officehome,frozen,convnext_frozen_linear,3,2,0.2,0.05,0.05,4,12,S,1,0.1016964865314194,0.1016964865314194,0.18906369461730965,,,1.0,msp,native,0.5,0.9762869643361388
officehome_convnext_frozen__split03__seed2,officehome,frozen,convnext_frozen_linear,3,2,0.2,0.05,0.05,4,12,B,0,0.0,0.0,,,,,,,,
officehome_convnext_frozen__split03__seed3,officehome,frozen,convnext_frozen_linear,3,3,0.2,0.05,0.05,4,12,H,1,0.0919520502614636,0.0919520502614636,,0.0011923914231977604,0.013116305655175364,9.0,margin,margin,0.5,0.9763903962589584
officehome_convnext_frozen__split03__seed3,officehome,frozen,convnext_frozen_linear,3,3,0.2,0.05,0.05,4,12,S,1,0.0919520502614636,0.0919520502614636,0.18443059510478133,,,9.0,margin,margin,0.5,0.9763903962589584
officehome_convnext_frozen__split03__seed3,officehome,frozen,convnext_frozen_linear,3,3,0.2,0.05,0.05,4,12,B,1,0.0847057802425899,0.0847057802425899,0.19307914742838905,,,1.0,msp,native,0.5,0.9837832963077904
officehome_convnext_frozen__split03__seed4,officehome,frozen,convnext_frozen_linear,3,4,0.2,0.05,0.05,4,12,H,1,0.1043656335770745,0.1043656335770745,,0.002630286468487222,0.031563437621846664,1.0,msp,native,0.5,0.97738830536524
officehome_convnext_frozen__split03__seed4,officehome,frozen,convnext_frozen_linear,3,4,0.2,0.05,0.05,4,12,S,1,0.1043656335770745,0.1043656335770745,0.19438244555792727,,,1.0,msp,native,0.5,0.97738830536524
officehome_convnext_frozen__split03__seed4,officehome,frozen,convnext_frozen_linear,3,4,0.2,0.05,0.05,4,12,B,0,0.0,0.0,,,,,,,,
officehome_convnext_frozen__split04__seed0,officehome,frozen,convnext_frozen_linear,4,0,0.2,0.05,0.05,4,12,H,1,0.1076053868616049,0.1076053868616049,,0.0028151734092182927,0.022521387273746342,1.0,msp,native,0.5,0.9549868767950626
officehome_convnext_frozen__split04__seed0,officehome,frozen,convnext_frozen_linear,4,0,0.2,0.05,0.05,4,12,S,1,0.1076053868616049,0.1076053868616049,0.19530626696445386,,,1.0,msp,native,0.5,0.9549868767950626
officehome_convnext_frozen__split04__seed0,officehome,frozen,convnext_frozen_linear,4,0,0.2,0.05,0.05,4,12,B,1,0.0778350751112146,0.0778350751112146,0.16793360053817014,,,0.0,msp,native,0.3,0.97728914398829
officehome_convnext_frozen__split04__seed1,officehome,frozen,convnext_frozen_linear,4,1,0.2,0.05,0.05,4,12,H,1,0.1066646739342734,0.1066646739342734,,0.003327459649418882,0.029947136844769937,1.0,msp,native,0.5,0.9570522976609354
officehome_convnext_frozen__split04__seed1,officehome,frozen,convnext_frozen_linear,4,1,0.2,0.05,0.05,4,12,S,1,0.1066646739342734,0.1066646739342734,0.1971952546387733,,,1.0,msp,native,0.5,0.9570522976609354
officehome_convnext_frozen__split04__seed1,officehome,frozen,convnext_frozen_linear,4,1,0.2,0.05,0.05,4,12,B,1,0.0997192376218633,0.0997192376218633,0.18760116663333304,,,9.0,margin,margin,0.5,0.946154410387791
officehome_convnext_frozen__split04__seed2,officehome,frozen,convnext_frozen_linear,4,2,0.2,0.05,0.05,4,12,H,1,0.1066646739342734,0.1066646739342734,,0.00015297142396818303,0.0016826856636500134,1.0,msp,native,0.5,0.953950579399069
officehome_convnext_frozen__split04__seed2,officehome,frozen,convnext_frozen_linear,4,2,0.2,0.05,0.05,4,12,S,1,0.1066646739342734,0.1066646739342734,0.1689330853772288,,,1.0,msp,native,0.5,0.953950579399069
officehome_convnext_frozen__split04__seed2,officehome,frozen,convnext_frozen_linear,4,2,0.2,0.05,0.05,4,12,B,1,0.1024851695839702,0.1024851695839702,0.18029966768941752,,,1.0,msp,native,0.5,0.953950579399069
officehome_convnext_frozen__split04__seed3,officehome,frozen,convnext_frozen_linear,4,3,0.2,0.05,0.05,4,12,H,1,0.1057245406503536,0.1057245406503536,,0.003158392718224252,0.02842553446401827,1.0,msp,native,0.5,0.9554075344120768
officehome_convnext_frozen__split04__seed3,officehome,frozen,convnext_frozen_linear,4,3,0.2,0.05,0.05,4,12,S,1,0.1057245406503536,0.1057245406503536,0.19664950483071292,,,1.0,msp,native,0.5,0.9554075344120768
officehome_convnext_frozen__split04__seed3,officehome,frozen,convnext_frozen_linear,4,3,0.2,0.05,0.05,4,12,B,1,0.1006405291076324,0.1006405291076324,0.19282099957562082,,,9.0,margin,margin,0.5,0.9416160629232287
officehome_convnext_frozen__split04__seed4,officehome,frozen,convnext_frozen_linear,4,4,0.2,0.05,0.05,4,12,H,1,0.1104309476429342,0.1104309476429342,,0.0007770004736984514,0.007770004736984514,9.0,margin,margin,0.5,0.9352459893542104
officehome_convnext_frozen__split04__seed4,officehome,frozen,convnext_frozen_linear,4,4,0.2,0.05,0.05,4,12,S,1,0.1104309476429342,0.1104309476429342,0.18772718536538807,,,9.0,margin,margin,0.5,0.9352459893542104
officehome_convnext_frozen__split04__seed4,officehome,frozen,convnext_frozen_linear,4,4,0.2,0.05,0.05,4,12,B,1,0.1061824943637756,0.1061824943637756,0.19754870261437923,,,9.0,margin,margin,0.5,0.9352459893542104
officehome_convnext_frozen__split05__seed0,officehome,frozen,convnext_frozen_linear,5,0,0.2,0.05,0.05,4,12,H,1,0.1044540143189208,0.1044540143189208,,0.0011923914231977604,0.013116305655175364,0.0,msp,native,0.3,0.948596387206588
officehome_convnext_frozen__split05__seed0,officehome,frozen,convnext_frozen_linear,5,0,0.2,0.05,0.05,4,12,S,1,0.1044540143189208,0.1044540143189208,0.18443059510478133,,,0.0,msp,native,0.3,0.948596387206588
officehome_convnext_frozen__split05__seed0,officehome,frozen,convnext_frozen_linear,5,0,0.2,0.05,0.05,4,12,B,1,0.0966527050986683,0.0966527050986683,0.1984840825799825,,,8.0,margin,margin,0.3,0.9319036464504564
officehome_convnext_frozen__split05__seed1,officehome,frozen,convnext_frozen_linear,5,1,0.2,0.05,0.05,4,12,H,1,0.1138451466535105,0.1138451466535105,,0.0013419688955486832,0.014761657851035516,0.0,msp,native,0.3,0.9403148626419684
officehome_convnext_frozen__split05__seed1,officehome,frozen,convnext_frozen_linear,5,1,0.2,0.05,0.05,4,12,S,1,0.1138451466535105,0.1138451466535105,0.18618774419047623,,,0.0,msp,native,0.3,0.9403148626419684
officehome_convnext_frozen__split05__seed1,officehome,frozen,convnext_frozen_linear,5,1,0.2,0.05,0.05,4,12,B,1,0.1076928171970052,0.1076928171970052,0.193970441724504,,,8.0,margin,margin,0.3,0.920987159077124
officehome_convnext_frozen__split05__seed2,officehome,frozen,convnext_frozen_linear,5,2,0.2,0.05,0.05,4,12,H,1,0.1129035401495818,0.1129035401495818,,0.0001162013053286181,0.0013944156639434171,0.0,msp,native,0.3,0.9437834911799418
officehome_convnext_frozen__split05__seed2,officehome,frozen,convnext_frozen_linear,5,2,0.2,0.05,0.05,4,12,S,1,0.1129035401495818,0.1129035401495818,0.1601117039543366,,,0.0,msp,native,0.3,0.9437834911799418
officehome_convnext_frozen__split05__seed2,officehome,frozen,convnext_frozen_linear,5,2,0.2,0.05,0.05,4,12,B,1,0.1086171003090784,0.1086171003090784,0.17642831861055935,,,0.0,msp,native,0.3,0.9437834911799418
officehome_convnext_frozen__split05__seed3,officehome,frozen,convnext_frozen_linear,5,3,0.2,0.05,0.05,4,12,H,0,0.0,0.0,,,,,,,,
officehome_convnext_frozen__split05__seed3,officehome,frozen,convnext_frozen_linear,5,3,0.2,0.05,0.05,4,12,S,0,0.0,0.0,,,,,,,,
officehome_convnext_frozen__split05__seed3,officehome,frozen,convnext_frozen_linear,5,3,0.2,0.05,0.05,4,12,B,0,0.0,0.0,,,,,,,,
officehome_convnext_frozen__split05__seed4,officehome,frozen,convnext_frozen_linear,5,4,0.2,0.05,0.05,4,12,H,0,0.0,0.0,,,,,,,,
officehome_convnext_frozen__split05__seed4,officehome,frozen,convnext_frozen_linear,5,4,0.2,0.05,0.05,4,12,S,0,0.0,0.0,,,,,,,,
officehome_convnext_frozen__split05__seed4,officehome,frozen,convnext_frozen_linear,5,4,0.2,0.05,0.05,4,12,B,0,0.0,0.0,,,,,,,,
officehome_convnext_frozen__split06__seed0,officehome,frozen,convnext_frozen_linear,6,0,0.2,0.05,0.05,4,12,H,1,0.0706979967612714,0.0706979967612714,,0.0005117606805195975,0.00614112816623517,8.0,margin,margin,0.3,0.9794246494912816
officehome_convnext_frozen__split06__seed0,officehome,frozen,convnext_frozen_linear,6,0,0.2,0.05,0.05,4,12,S,1,0.0706979967612714,0.0706979967612714,0.17183859439386923,,,8.0,margin,margin,0.3,0.9794246494912816
officehome_convnext_frozen__split06__seed0,officehome,frozen,convnext_frozen_linear,6,0,0.2,0.05,0.05,4,12,B,1,0.0673896874148163,0.0673896874148163,0.19080766080216244,,,8.0,margin,margin,0.3,0.9794246494912816
officehome_convnext_frozen__split06__seed1,officehome,frozen,convnext_frozen_linear,6,1,0.2,0.05,0.05,4,12,H,1,0.0905073860380341,0.0905073860380341,,0.0028527025825493928,0.03137972840804332,0.0,msp,native,0.3,0.9706677344511412
officehome_convnext_frozen__split06__seed1,officehome,frozen,convnext_frozen_linear,6,1,0.2,0.05,0.05,4,12,S,1,0.0905073860380341,0.0905073860380341,0.19506780705953858,,,0.0,msp,native,0.3,0.9706677344511412
officehome_convnext_frozen__split06__seed1,officehome,frozen,convnext_frozen_linear,6,1,0.2,0.05,0.05,4,12,B,1,0.0825244617107765,0.0825244617107765,0.19834574419071654,,,8.0,margin,margin,0.3,0.9647318133850712
officehome_convnext_frozen__split06__seed2,officehome,frozen,convnext_frozen_linear,6,2,0.2,0.05,0.05,4,12,H,1,0.0766883491610677,0.0766883491610677,,0.00017357822807403822,0.0019217494082458238,8.0,margin,margin,0.3,0.9771087862976062
officehome_convnext_frozen__split06__seed2,officehome,frozen,convnext_frozen_linear,6,2,0.2,0.05,0.05,4,12,S,1,0.0766883491610677,0.0766883491610677,0.16076214298983693,,,8.0,margin,margin,0.3,0.9771087862976062
officehome_convnext_frozen__split06__seed2,officehome,frozen,convnext_frozen_linear,6,2,0.2,0.05,0.05,4,12,B,1,0.0732439506120148,0.0732439506120148,0.17864330596429923,,,8.0,margin,margin,0.3,0.9771087862976062
officehome_convnext_frozen__split06__seed3,officehome,frozen,convnext_frozen_linear,6,3,0.2,0.05,0.05,4,12,H,1,0.0905073860380341,0.0905073860380341,,0.0028527025825493928,0.028527025825493928,8.0,margin,margin,0.3,0.959409353794359
officehome_convnext_frozen__split06__seed3,officehome,frozen,convnext_frozen_linear,6,3,0.2,0.05,0.05,4,12,S,1,0.0905073860380341,0.0905073860380341,0.19506780705953858,,,8.0,margin,margin,0.3,0.959409353794359
officehome_convnext_frozen__split06__seed3,officehome,frozen,convnext_frozen_linear,6,3,0.2,0.05,0.05,4,12,B,0,0.0,0.0,,,,,,,,
officehome_convnext_frozen__split06__seed4,officehome,frozen,convnext_frozen_linear,6,4,0.2,0.05,0.05,4,12,H,1,0.0784064460313021,0.0784064460313021,,0.0011758718242454436,0.01293459006669988,0.0,msp,native,0.3,0.981577314417868
officehome_convnext_frozen__split06__seed4,officehome,frozen,convnext_frozen_linear,6,4,0.2,0.05,0.05,4,12,S,1,0.0784064460313021,0.0784064460313021,0.18317106696647956,,,0.0,msp,native,0.3,0.981577314417868
officehome_convnext_frozen__split06__seed4,officehome,frozen,convnext_frozen_linear,6,4,0.2,0.05,0.05,4,12,B,1,0.0732439506120148,0.0732439506120148,0.19207451667133107,,,8.0,margin,margin,0.3,0.9753390411907203
officehome_convnext_frozen__split07__seed0,officehome,frozen,convnext_frozen_linear,7,0,0.2,0.05,0.05,4,12,H,1,0.0880717163928979,0.0880717163928979,,0.0029433010725465223,0.032376311798011745,0.0,msp,native,0.3,0.962309052858208
officehome_convnext_frozen__split07__seed0,officehome,frozen,convnext_frozen_linear,7,0,0.2,0.05,0.05,4,12,S,1,0.0880717163928979,0.0880717163928979,0.19531677902252004,,,0.0,msp,native,0.3,0.962309052858208
officehome_convnext_frozen__split07__seed0,officehome,frozen,convnext_frozen_linear,7,0,0.2,0.05,0.05,4,12,B,1,0.0799067432275689,0.0799067432275689,0.1980238751997377,,,8.0,margin,margin,0.3,0.9517090800776766
officehome_convnext_frozen__split07__seed1,officehome,frozen,convnext_frozen_linear,7,1,0.2,0.05,0.05,4,12,H,1,0.0799832595801816,0.0799832595801816,,0.003987369106798882,0.043861060174787705,0.0,msp,native,0.3,0.9726861379167324
officehome_convnext_frozen__split07__seed1,officehome,frozen,convnext_frozen_linear,7,1,0.2,0.05,0.05,4,12,S,1,0.0799832595801816,0.0799832595801816,0.19928595662257992,,,0.0,msp,native,0.3,0.9726861379167324
officehome_convnext_frozen__split07__seed1,officehome,frozen,convnext_frozen_linear,7,1,0.2,0.05,0.05,4,12,B,1,0.0711586875766117,0.0711586875766117,0.180704901444932,,,8.0,margin,margin,0.3,0.9670807220952288
officehome_convnext_frozen__split07__seed2,officehome,frozen,convnext_frozen_linear,7,2,0.2,0.05,0.05,4,12,H,1,0.0826729981211168,0.0826729981211168,,0.002645005524942503,0.02909506077436753,8.0,margin,margin,0.3,0.9603964628599954
officehome_convnext_frozen__split07__seed2,officehome,frozen,convnext_frozen_linear,7,2,0.2,0.05,0.05,4,12,S,1,0.0826729981211168,0.0826729981211168,0.19372906865057649,,,8.0,margin,margin,0.3,0.9603964628599954
officehome_convnext_frozen__split07__seed2,officehome,frozen,convnext_frozen_linear,7,2,0.2,0.05,0.05,4,12,B,1,0.0737737487702549,0.0737737487702549,0.1974534465374112,,,0.0,msp,native,0.3,0.975995834657168
officehome_convnext_frozen__split07__seed3,officehome,frozen,convnext_frozen_linear,7,3,0.2,0.05,0.05,4,12,H,1,0.0826729981211168,0.0826729981211168,,0.00035390161584440563,0.004246819390132868,8.0,margin,margin,0.3,0.960731017770564
officehome_convnext_frozen__split07__seed3,officehome,frozen,convnext_frozen_linear,7,3,0.2,0.05,0.05,4,12,S,1,0.0826729981211168,0.0826729981211168,0.16911950572543843,,,8.0,margin,margin,0.3,0.960731017770564
officehome_convnext_frozen__split07__seed3,officehome,frozen,convnext_frozen_linear,7,3,0.2,0.05,0.05,4,12,B,1,0.0790280302069202,0.0790280302069202,0.1869800522776794,,,8.0,margin,margin,0.3,0.960731017770564
officehome_convnext_frozen__split07__seed4,officehome,frozen,convnext_frozen_linear,7,4,0.2,0.05,0.05,4,12,H,1,0.0746242817844748,0.0746242817844748,,0.0003365405126961275,0.00403848615235353,8.0,margin,margin,0.3,0.961193209497578
officehome_convnext_frozen__split07__seed4,officehome,frozen,convnext_frozen_linear,7,4,0.2,0.05,0.05,4,12,S,1,0.0746242817844748,0.0746242817844748,0.1640865383535926,,,8.0,margin,margin,0.3,0.961193209497578
officehome_convnext_frozen__split07__seed4,officehome,frozen,convnext_frozen_linear,7,4,0.2,0.05,0.05,4,12,B,1,0.0711586875766117,0.0711586875766117,0.18441803498362086,,,8.0,margin,margin,0.3,0.961193209497578
officehome_convnext_frozen__split08__seed0,officehome,frozen,convnext_frozen_linear,8,0,0.2,0.05,0.05,4,12,H,1,0.0710976565577517,0.0710976565577517,,0.003501783889212385,0.04202140667054862,0.0,msp,native,0.3,0.9912982239857444
officehome_convnext_frozen__split08__seed0,officehome,frozen,convnext_frozen_linear,8,0,0.2,0.05,0.05,4,12,S,1,0.0710976565577517,0.0710976565577517,0.19733746637016764,,,0.0,msp,native,0.3,0.9912982239857444
officehome_convnext_frozen__split08__seed0,officehome,frozen,convnext_frozen_linear,8,0,0.2,0.05,0.05,4,12,B,0,0.0,0.0,,,,,,,,
officehome_convnext_frozen__split08__seed1,officehome,frozen,convnext_frozen_linear,8,1,0.2,0.05,0.05,4,12,H,0,0.0,0.0,,,,,,,,
officehome_convnext_frozen__split08__seed1,officehome,frozen,convnext_frozen_linear,8,1,0.2,0.05,0.05,4,12,S,0,0.0,0.0,,,,,,,,
officehome_convnext_frozen__split08__seed1,officehome,frozen,convnext_frozen_linear,8,1,0.2,0.05,0.05,4,12,B,0,0.0,0.0,,,,,,,,
officehome_convnext_frozen__split08__seed2,officehome,frozen,convnext_frozen_linear,8,2,0.2,0.05,0.05,4,12,H,1,0.0646827273341054,0.0646827273341054,,0.002056339296626834,0.02467607155952201,8.0,margin,margin,0.3,0.9901121377969344
officehome_convnext_frozen__split08__seed2,officehome,frozen,convnext_frozen_linear,8,2,0.2,0.05,0.05,4,12,S,1,0.0646827273341054,0.0646827273341054,0.18732205373435495,,,8.0,margin,margin,0.3,0.9901121377969344
officehome_convnext_frozen__split08__seed2,officehome,frozen,convnext_frozen_linear,8,2,0.2,0.05,0.05,4,12,B,0,0.0,0.0,,,,,,,,
officehome_convnext_frozen__split08__seed3,officehome,frozen,convnext_frozen_linear,8,3,0.2,0.05,0.05,4,12,H,1,0.1189964695983472,0.1189964695983472,,0.00466191472348401,0.04535011680868367,1.0,msp,native,0.5,0.9740323567178562
officehome_convnext_frozen__split08__seed3,officehome,frozen,convnext_frozen_linear,8,3,0.2,0.05,0.05,4,12,S,1,0.1142273635442196,0.1142273635442196,0.19866652879157182,,,9.0,margin,margin,0.5,0.966307896239243
officehome_convnext_frozen__split08__seed3,officehome,frozen,convnext_frozen_linear,8,3,0.2,0.05,0.05,4,12,B,0,0.0,0.0,,,,,,,,
officehome_convnext_frozen__split08__seed4,officehome,frozen,convnext_frozen_linear,8,4,0.2,0.05,0.05,4,12,H,0,0.0,0.0,,,,,,,,
officehome_convnext_frozen__split08__seed4,officehome,frozen,convnext_frozen_linear,8,4,0.2,0.05,0.05,4,12,S,0,0.0,0.0,,,,,,,,
officehome_convnext_frozen__split08__seed4,officehome,frozen,convnext_frozen_linear,8,4,0.2,0.05,0.05,4,12,B,0,0.0,0.0,,,,,,,,
officehome_convnext_frozen__split09__seed0,officehome,frozen,convnext_frozen_linear,9,0,0.2,0.05,0.05,4,12,H,1,0.048447207015817,0.048447207015817,,0.003677816175612289,0.04413379410734747,4.0,energy,energy,0.3,6.838522867156553
officehome_convnext_frozen__split09__seed0,officehome,frozen,convnext_frozen_linear,9,0,0.2,0.05,0.05,4,12,S,1,0.048447207015817,0.048447207015817,0.19776430412017393,,,4.0,energy,energy,0.3,6.838522867156553
officehome_convnext_frozen__split09__seed0,officehome,frozen,convnext_frozen_linear,9,0,0.2,0.05,0.05,4,12,B,0,0.0,0.0,,,,,,,,
officehome_convnext_frozen__split09__seed1,officehome,frozen,convnext_frozen_linear,9,1,0.2,0.05,0.05,4,12,H,0,0.0,0.0,,,,,,,,
officehome_convnext_frozen__split09__seed1,officehome,frozen,convnext_frozen_linear,9,1,0.2,0.05,0.05,4,12,S,0,0.0,0.0,,,,,,,,
officehome_convnext_frozen__split09__seed1,officehome,frozen,convnext_frozen_linear,9,1,0.2,0.05,0.05,4,12,B,0,0.0,0.0,,,,,,,,
officehome_convnext_frozen__split09__seed2,officehome,frozen,convnext_frozen_linear,9,2,0.2,0.05,0.05,4,12,H,1,0.0544132237903392,0.0544132237903392,,0.0038828274135018766,0.04659392896202252,4.0,energy,energy,0.3,6.711422324868151
officehome_convnext_frozen__split09__seed2,officehome,frozen,convnext_frozen_linear,9,2,0.2,0.05,0.05,4,12,S,1,0.0544132237903392,0.0544132237903392,0.1987989634475283,,,4.0,energy,energy,0.3,6.711422324868151
officehome_convnext_frozen__split09__seed2,officehome,frozen,convnext_frozen_linear,9,2,0.2,0.05,0.05,4,12,B,0,0.0,0.0,,,,,,,,
officehome_convnext_frozen__split09__seed3,officehome,frozen,convnext_frozen_linear,9,3,0.2,0.05,0.05,4,12,H,1,0.0509967941117729,0.0509967941117729,,0.002313883954491709,0.027766607453900506,4.0,energy,energy,0.3,6.7181043660101265
officehome_convnext_frozen__split09__seed3,officehome,frozen,convnext_frozen_linear,9,3,0.2,0.05,0.05,4,12,S,1,0.0509967941117729,0.0509967941117729,0.1899696246931853,,,4.0,energy,energy,0.3,6.7181043660101265
officehome_convnext_frozen__split09__seed3,officehome,frozen,convnext_frozen_linear,9,3,0.2,0.05,0.05,4,12,B,0,0.0,0.0,,,,,,,,
officehome_convnext_frozen__split09__seed4,officehome,frozen,convnext_frozen_linear,9,4,0.2,0.05,0.05,4,12,H,1,0.0965472971067073,0.0965472971067073,,0.0017307641566745005,0.020769169880094005,0.0,msp,native,0.3,0.9712743565073452
officehome_convnext_frozen__split09__seed4,officehome,frozen,convnext_frozen_linear,9,4,0.2,0.05,0.05,4,12,S,1,0.0965472971067073,0.0965472971067073,0.18905677717076752,,,0.0,msp,native,0.3,0.9712743565073452
officehome_convnext_frozen__split09__seed4,officehome,frozen,convnext_frozen_linear,9,4,0.2,0.05,0.05,4,12,B,0,0.0,0.0,,,,,,,,
officehome_convnext_full__split00__seed0,officehome,full,convnext_full_ft,0,0,0.2,0.05,0.05,4,12,H,1,0.2642964389636075,0.2642964389636075,,0.007217627772208841,0.04330576663325304,2.0,msp,native,0.7,0.951911179439538
officehome_convnext_full__split00__seed0,officehome,full,convnext_full_ft,0,0,0.2,0.05,0.05,4,12,S,1,0.2274812912893433,0.2274812912893433,0.18570696305469891,,,9.0,margin,margin,0.5,0.958279145512684
officehome_convnext_full__split00__seed0,officehome,full,convnext_full_ft,0,0,0.2,0.05,0.05,4,12,B,1,0.219580286999561,0.219580286999561,0.19820448720489575,,,9.0,margin,margin,0.5,0.958279145512684
officehome_convnext_full__split00__seed1,officehome,full,convnext_full_ft,0,1,0.2,0.05,0.05,4,12,H,1,0.2201758759907579,0.2201758759907579,,0.00023992143261028297,0.0028790571913233955,9.0,margin,margin,0.5,0.9697653826075124
officehome_convnext_full__split00__seed1,officehome,full,convnext_full_ft,0,1,0.2,0.05,0.05,4,12,S,1,0.2201758759907579,0.2201758759907579,0.1694671534896296,,,9.0,margin,margin,0.5,0.9697653826075124
officehome_convnext_full__split00__seed1,officehome,full,convnext_full_ft,0,1,0.2,0.05,0.05,4,12,B,1,0.2123759619747423,0.2123759619747423,0.18490411602405915,,,9.0,margin,margin,0.5,0.9697653826075124
officehome_convnext_full__split00__seed2,officehome,full,convnext_full_ft,0,2,0.2,0.05,0.05,4,12,H,1,0.2238260723879469,0.2238260723879469,,0.0011284830088556176,0.009027864070844941,9.0,margin,margin,0.5,0.9662785042066868
officehome_convnext_full__split00__seed2,officehome,full,convnext_full_ft,0,2,0.2,0.05,0.05,4,12,S,1,0.2238260723879469,0.2238260723879469,0.1851380917324918,,,9.0,margin,margin,0.5,0.9662785042066868
officehome_convnext_full__split00__seed2,officehome,full,convnext_full_ft,0,2,0.2,0.05,0.05,4,12,B,1,0.1331561164324864,0.1331561164324864,0.16581461072589354,,,5.0,energy,energy,0.5,9.098460000590396
officehome_convnext_full__split00__seed3,officehome,full,convnext_full_ft,0,3,0.2,0.05,0.05,4,12,H,1,0.2220003421697423,0.2220003421697423,,0.00020921622130996428,0.002092162213099643,1.0,msp,native,0.5,0.974549318841418
officehome_convnext_full__split00__seed3,officehome,full,convnext_full_ft,0,3,0.2,0.05,0.05,4,12,S,1,0.2220003421697423,0.2220003421697423,0.17273714207073881,,,1.0,msp,native,0.5,0.974549318841418
officehome_convnext_full__split00__seed3,officehome,full,convnext_full_ft,0,3,0.2,0.05,0.05,4,12,B,1,0.2141748472600798,0.2141748472600798,0.18364725156994616,,,1.0,msp,native,0.5,0.974549318841418
officehome_convnext_full__split00__seed4,officehome,full,convnext_full_ft,0,4,0.2,0.05,0.05,4,12,H,1,0.2568964761138916,0.2568964761138916,,0.006513877008856607,0.04559713906199625,2.0,msp,native,0.7,0.95527503178416
officehome_convnext_full__split00__seed4,officehome,full,convnext_full_ft,0,4,0.2,0.05,0.05,4,12,S,1,0.2220003421697423,0.2220003421697423,0.1911401633736382,,,9.0,margin,margin,0.5,0.9642499309773782
officehome_convnext_full__split00__seed4,officehome,full,convnext_full_ft,0,4,0.2,0.05,0.05,4,12,B,1,0.2141748472600798,0.2141748472600798,0.19709573962639265,,,1.0,msp,native,0.5,0.972181643126795
officehome_convnext_full__split01__seed0,officehome,full,convnext_full_ft,1,0,0.2,0.05,0.05,4,12,H,1,0.1247777603100368,0.1247777603100368,,0.004773932769188866,0.042965394922699796,9.0,margin,margin,0.5,0.9858783688761612
officehome_convnext_full__split01__seed0,officehome,full,convnext_full_ft,1,0,0.2,0.05,0.05,4,12,S,1,0.0965636360918397,0.0965636360918397,0.17094339625553046,,,8.0,margin,margin,0.3,0.993030191071668
officehome_convnext_full__split01__seed0,officehome,full,convnext_full_ft,1,0,0.2,0.05,0.05,4,12,B,1,0.09142792790308,0.09142792790308,0.18523426629845546,,,8.0,margin,margin,0.3,0.993030191071668
officehome_convnext_full__split01__seed1,officehome,full,convnext_full_ft,1,1,0.2,0.05,0.05,4,12,H,1,0.1184541946241214,0.1184541946241214,,0.00459436473328571,0.0459436473328571,5.0,energy,energy,0.5,9.06914507405174
officehome_convnext_full__split01__seed1,officehome,full,convnext_full_ft,1,1,0.2,0.05,0.05,4,12,S,1,0.0766354694853987,0.0766354694853987,0.1958631248415047,,,8.0,margin,margin,0.3,0.994473373377941
officehome_convnext_full__split01__seed1,officehome,full,convnext_full_ft,1,1,0.2,0.05,0.05,4,12,B,0,0.0,0.0,,,,,,,,
officehome_convnext_full__split01__seed2,officehome,full,convnext_full_ft,1,2,0.2,0.05,0.05,4,12,H,1,0.1295386790226324,0.1295386790226324,,0.003155801180366331,0.02840221062329698,5.0,energy,energy,0.5,9.034761817264396
officehome_convnext_full__split01__seed2,officehome,full,convnext_full_ft,1,2,0.2,0.05,0.05,4,12,S,1,0.1295386790226324,0.1295386790226324,0.1980733073745095,,,5.0,energy,energy,0.5,9.034761817264396
officehome_convnext_full__split01__seed2,officehome,full,convnext_full_ft,1,2,0.2,0.05,0.05,4,12,B,1,0.09142792790308,0.09142792790308,0.17448984468815376,,,4.0,energy,energy,0.3,9.451284035674188
officehome_convnext_full__split01__seed3,officehome,full,convnext_full_ft,1,3,0.2,0.05,0.05,4,12,H,1,0.110591022499407,0.110591022499407,,0.00012134613133008617,0.001372850877691483,8.0,margin,margin,0.3,0.9909747266453248
officehome_convnext_full__split01__seed3,officehome,full,convnext_full_ft,1,3,0.2,0.05,0.05,4,12,S,1,0.110591022499407,0.110591022499407,0.1731693998559351,,,8.0,margin,margin,0.3,0.9909747266453248
officehome_convnext_full__split01__seed3,officehome,full,convnext_full_ft,1,3,0.2,0.05,0.05,4,12,B,1,0.1051063727953549,0.1051063727953549,0.18438109264246583,,,8.0,margin,margin,0.3,0.9909747266453248
officehome_convnext_full__split01__seed4,officehome,full,convnext_full_ft,1,4,0.2,0.05,0.05,4,12,H,1,0.1168778047165763,0.1168778047165763,,0.005255120977834734,0.0472960888005126,5.0,energy,energy,0.5,9.137219215481014
officehome_convnext_full__split01__seed4,officehome,full,convnext_full_ft,1,4,0.2,0.05,0.05,4,12,S,1,0.0736101893565049,0.0736101893565049,0.1971588743818416,,,0.0,msp,native,0.3,0.995453447180435
officehome_convnext_full__split01__seed4,officehome,full,convnext_full_ft,1,4,0.2,0.05,0.05,4,12,B,0,0.0,0.0,,,,,,,,
officehome_convnext_full__split02__seed0,officehome,full,convnext_full_ft,2,0,0.2,0.05,0.05,4,12,H,1,0.2039795857797134,0.2039795857797134,,0.0044398220188664695,0.035518576150931756,1.0,msp,native,0.5,0.986416648922839
officehome_convnext_full__split02__seed0,officehome,full,convnext_full_ft,2,0,0.2,0.05,0.05,4,12,S,1,0.157815489749388,0.157815489749388,0.19034169219428299,,,5.0,energy,energy,0.5,9.13537638360232
officehome_convnext_full__split02__seed0,officehome,full,convnext_full_ft,2,0,0.2,0.05,0.05,4,12,B,1,0.1396308603147976,0.1396308603147976,0.18195807895052546,,,8.0,margin,margin,0.3,0.9905901332925529
officehome_convnext_full__split02__seed1,officehome,full,convnext_full_ft,2,1,0.2,0.05,0.05,4,12,H,1,0.2039795857797134,0.2039795857797134,,0.0044398220188664695,0.032921057862256006,9.0,margin,margin,0.5,0.979059662623235
officehome_convnext_full__split02__seed1,officehome,full,convnext_full_ft,2,1,0.2,0.05,0.05,4,12,S,1,0.1970801281763761,0.1970801281763761,0.18769359766969068,,,1.0,msp,native,0.5,0.9851549659815746
officehome_convnext_full__split02__seed1,officehome,full,convnext_full_ft,2,1,0.2,0.05,0.05,4,12,B,1,0.1412781543188566,0.1412781543188566,0.18028549819108153,,,0.0,msp,native,0.3,0.9920651777461682
officehome_convnext_full__split02__seed2,officehome,full,convnext_full_ft,2,2,0.2,0.05,0.05,4,12,H,1,0.1988031527509639,0.1988031527509639,,0.0029595417811277883,0.023676334249022307,9.0,margin,margin,0.5,0.9818438435826894
officehome_convnext_full__split02__seed2,officehome,full,convnext_full_ft,2,2,0.2,0.05,0.05,4,12,S,1,0.1988031527509639,0.1988031527509639,0.19577877390945986,,,9.0,margin,margin,0.5,0.9818438435826894
officehome_convnext_full__split02__seed2,officehome,full,convnext_full_ft,2,2,0.2,0.05,0.05,4,12,B,1,0.1595190873222581,0.1595190873222581,0.19998927753977302,,,5.0,energy,energy,0.5,8.982643276799033
officehome_convnext_full__split02__seed3,officehome,full,convnext_full_ft,2,3,0.2,0.05,0.05,4,12,H,1,0.2215804386701105,0.2215804386701105,,0.0048630886541017855,0.038904709232814284,9.0,margin,margin,0.5,0.9757240019928812
officehome_convnext_full__split02__seed3,officehome,full,convnext_full_ft,2,3,0.2,0.05,0.05,4,12,S,1,0.1561254329464772,0.1561254329464772,0.16762089452784018,,,5.0,energy,energy,0.5,9.088499961602547
officehome_convnext_full__split02__seed3,officehome,full,convnext_full_ft,2,3,0.2,0.05,0.05,4,12,B,1,0.1495426394237214,0.1495426394237214,0.18534125807104584,,,5.0,energy,energy,0.5,9.088499961602547
officehome_convnext_full__split02__seed4,officehome,full,convnext_full_ft,2,4,0.2,0.05,0.05,4,12,H,1,0.2039795857797134,0.2039795857797134,,0.0044398220188664695,0.035518576150931756,9.0,margin,margin,0.5,0.9814619350831848
officehome_convnext_full__split02__seed4,officehome,full,convnext_full_ft,2,4,0.2,0.05,0.05,4,12,S,1,0.1730929383965536,0.1730929383965536,0.18741541869716483,,,5.0,energy,energy,0.5,9.126433043243011
officehome_convnext_full__split02__seed4,officehome,full,convnext_full_ft,2,4,0.2,0.05,0.05,4,12,B,1,0.161187841008131,0.161187841008131,0.17462567337684815,,,8.0,margin,margin,0.3,0.987815761970576
officehome_convnext_full__split03__seed0,officehome,full,convnext_full_ft,3,0,0.2,0.05,0.05,4,12,H,1,0.1425659097793796,0.1425659097793796,,0.0005519608776353972,0.006623530531624766,5.0,energy,energy,0.5,9.302500988566123
officehome_convnext_full__split03__seed0,officehome,full,convnext_full_ft,3,0,0.2,0.05,0.05,4,12,S,1,0.1425659097793796,0.1425659097793796,0.17509815490084785,,,5.0,energy,energy,0.5,9.302500988566123
officehome_convnext_full__split03__seed0,officehome,full,convnext_full_ft,3,0,0.2,0.05,0.05,4,12,B,1,0.1363835491907045,0.1363835491907045,0.19207451667133107,,,5.0,energy,energy,0.5,9.302500988566123
officehome_convnext_full__split03__seed1,officehome,full,convnext_full_ft,3,1,0.2,0.05,0.05,4,12,H,0,0.0,0.0,,,,,,,,
officehome_convnext_full__split03__seed1,officehome,full,convnext_full_ft,3,1,0.2,0.05,0.05,4,12,S,0,0.0,0.0,,,,,,,,
officehome_convnext_full__split03__seed1,officehome,full,convnext_full_ft,3,1,0.2,0.05,0.05,4,12,B,0,0.0,0.0,,,,,,,,
officehome_convnext_full__split03__seed2,officehome,full,convnext_full_ft,3,2,0.2,0.05,0.05,4,12,H,1,0.1218338897745073,0.1218338897745073,,0.003501783889212385,0.038519622781336235,9.0,margin,margin,0.5,0.9902856234046672
officehome_convnext_full__split03__seed2,officehome,full,convnext_full_ft,3,2,0.2,0.05,0.05,4,12,S,1,0.1218338897745073,0.1218338897745073,0.19733746637016764,,,9.0,margin,margin,0.5,0.9902856234046672
officehome_convnext_full__split03__seed2,officehome,full,convnext_full_ft,3,2,0.2,0.05,0.05,4,12,B,0,0.0,0.0,,,,,,,,
officehome_convnext_full__split03__seed3,officehome,full,convnext_full_ft,3,3,0.2,0.05,0.05,4,12,H,1,0.1218338897745073,0.1218338897745073,,0.0005166091170910324,0.0061993094050923885,5.0,energy,energy,0.5,9.452619120293049
officehome_convnext_full__split03__seed3,officehome,full,convnext_full_ft,3,3,0.2,0.05,0.05,4,12,S,1,0.1218338897745073,0.1218338897745073,0.1836675096702592,,,5.0,energy,energy,0.5,9.452619120293049
officehome_convnext_full__split03__seed3,officehome,full,convnext_full_ft,3,3,0.2,0.05,0.05,4,12,B,1,0.1160860915816291,0.1160860915816291,0.19437047567961657,,,5.0,energy,energy,0.5,9.452619120293049
officehome_convnext_full__split03__seed4,officehome,full,convnext_full_ft,3,4,0.2,0.05,0.05,4,12,H,1,0.1202509626642195,0.1202509626642195,,0.0014573224937320583,0.01726751323292015,5.0,energy,energy,0.5,9.54915078071139
officehome_convnext_full__split03__seed4,officehome,full,convnext_full_ft,3,4,0.2,0.05,0.05,4,12,S,1,0.1202509626642195,0.1202509626642195,0.18455002837604795,,,5.0,energy,energy,0.5,9.54915078071139
officehome_convnext_full__split03__seed4,officehome,full,convnext_full_ft,3,4,0.2,0.05,0.05,4,12,B,0,0.0,0.0,,,,,,,,
officehome_convnext_full__split04__seed0,officehome,full,convnext_full_ft,4,0,0.2,0.05,0.05,4,12,H,1,0.1284363562684166,0.1284363562684166,,2.7461159249850815e-05,0.00031850952036758975,0.0,msp,native,0.3,0.9928587605752384
officehome_convnext_full__split04__seed0,officehome,full,convnext_full_ft,4,0,0.2,0.05,0.05,4,12,S,1,0.1284363562684166,0.1284363562684166,0.14723793381544725,,,0.0,msp,native,0.3,0.9928587605752384
officehome_convnext_full__split04__seed0,officehome,full,convnext_full_ft,4,0,0.2,0.05,0.05,4,12,B,1,0.1223619137598126,0.1223619137598126,0.15775876512105919,,,0.0,msp,native,0.3,0.9928587605752384
officehome_convnext_full__split04__seed1,officehome,full,convnext_full_ft,4,1,0.2,0.05,0.05,4,12,H,1,0.1049663654793533,0.1049663654793533,,0.0038828274135018766,0.04271110154852064,8.0,margin,margin,0.3,0.9945218270918668
officehome_convnext_full__split04__seed1,officehome,full,convnext_full_ft,4,1,0.2,0.05,0.05,4,12,S,1,0.1049663654793533,0.1049663654793533,0.1987989634475283,,,8.0,margin,margin,0.3,0.9945218270918668
officehome_convnext_full__split04__seed1,officehome,full,convnext_full_ft,4,1,0.2,0.05,0.05,4,12,B,0,0.0,0.0,,,,,,,,
officehome_convnext_full__split04__seed2,officehome,full,convnext_full_ft,4,2,0.2,0.05,0.05,4,12,H,1,0.1522929910657121,0.1522929910657121,,0.0038969686060492306,0.03507271745444308,5.0,energy,energy,0.5,9.240804993071002
officehome_convnext_full__split04__seed2,officehome,full,convnext_full_ft,4,2,0.2,0.05,0.05,4,12,S,1,0.1522929910657121,0.1522929910657121,0.19904171367688672,,,5.0,energy,energy,0.5,9.240804993071002
officehome_convnext_full__split04__seed2,officehome,full,convnext_full_ft,4,2,0.2,0.05,0.05,4,12,B,1,0.1323241109911369,0.1323241109911369,0.18448614679561842,,,1.0,msp,native,0.5,0.9929437818803888
officehome_convnext_full__split04__seed3,officehome,full,convnext_full_ft,4,3,0.2,0.05,0.05,4,12,H,0,0.0,0.0,,,,,,,,
officehome_convnext_full__split04__seed3,officehome,full,convnext_full_ft,4,3,0.2,0.05,0.05,4,12,S,0,0.0,0.0,,,,,,,,
officehome_convnext_full__split04__seed3,officehome,full,convnext_full_ft,4,3,0.2,0.05,0.05,4,12,B,0,0.0,0.0,,,,,,,,
officehome_convnext_full__split04__seed4,officehome,full,convnext_full_ft,4,4,0.2,0.05,0.05,4,12,H,1,0.1557288176839,0.1557288176839,,0.0030122889501164813,0.03614746740139778,9.0,margin,margin,0.5,0.9888034196626618
officehome_convnext_full__split04__seed4,officehome,full,convnext_full_ft,4,4,0.2,0.05,0.05,4,12,S,1,0.1557288176839,0.1557288176839,0.19546824631902127,,,9.0,margin,margin,0.5,0.9888034196626618
officehome_convnext_full__split04__seed4,officehome,full,convnext_full_ft,4,4,0.2,0.05,0.05,4,12,B,0,0.0,0.0,,,,,,,,
officehome_convnext_full__split05__seed0,officehome,full,convnext_full_ft,5,0,0.2,0.05,0.05,4,12,H,1,0.1531942631661961,0.1531942631661961,,9.228456126217328e-05,0.0011074147351460794,4.0,energy,energy,0.3,8.904297051335686
officehome_convnext_full__split05__seed0,officehome,full,convnext_full_ft,5,0,0.2,0.05,0.05,4,12,S,1,0.1531942631661961,0.1531942631661961,0.17028112056861627,,,4.0,energy,energy,0.3,8.904297051335686
officehome_convnext_full__split05__seed0,officehome,full,convnext_full_ft,5,0,0.2,0.05,0.05,4,12,B,1,0.1467244403781003,0.1467244403781003,0.1807202424352229,,,4.0,energy,energy,0.3,8.904297051335686
officehome_convnext_full__split05__seed1,officehome,full,convnext_full_ft,5,1,0.2,0.05,0.05,4,12,H,1,0.2137230973030752,0.2137230973030752,,0.0017638752489867434,0.01587487724088069,1.0,msp,native,0.5,0.9650143155586264
officehome_convnext_full__split05__seed1,officehome,full,convnext_full_ft,5,1,0.2,0.05,0.05,4,12,S,1,0.2137230973030752,0.2137230973030752,0.1901115072016416,,,1.0,msp,native,0.5,0.9650143155586264
officehome_convnext_full__split05__seed1,officehome,full,convnext_full_ft,5,1,0.2,0.05,0.05,4,12,B,1,0.1353884371976823,0.1353884371976823,0.1694946194988165,,,4.0,energy,energy,0.3,8.941124608528838
officehome_convnext_full__split05__seed2,officehome,full,convnext_full_ft,5,2,0.2,0.05,0.05,4,12,H,1,0.2188377887134499,0.2188377887134499,,0.0012329613358867857,0.009884329983777352,1.0,msp,native,0.5,0.9606718840483888
officehome_convnext_full__split05__seed2,officehome,full,convnext_full_ft,5,2,0.2,0.05,0.05,4,12,S,1,0.2188377887134499,0.2188377887134499,0.18831861874605876,,,1.0,msp,native,0.5,0.9606718840483888
officehome_convnext_full__split05__seed2,officehome,full,convnext_full_ft,5,2,0.2,0.05,0.05,4,12,B,1,0.1912042399688416,0.1912042399688416,0.19977693199153618,,,5.0,energy,energy,0.5,8.227235681014685
officehome_convnext_full__split05__seed3,officehome,full,convnext_full_ft,5,3,0.2,0.05,0.05,4,12,H,1,0.1967473216234004,0.1967473216234004,,6.0054759717604044e-05,0.0005404928374584364,1.0,msp,native,0.5,0.9746300165326484
officehome_convnext_full__split05__seed3,officehome,full,convnext_full_ft,5,3,0.2,0.05,0.05,4,12,S,1,0.1967473216234004,0.1967473216234004,0.16268472197106632,,,1.0,msp,native,0.5,0.9746300165326484
officehome_convnext_full__split05__seed3,officehome,full,convnext_full_ft,5,3,0.2,0.05,0.05,4,12,B,1,0.1895375219328769,0.1895375219328769,0.17233068087347736,,,1.0,msp,native,0.5,0.9746300165326484
officehome_convnext_full__split05__seed4,officehome,full,convnext_full_ft,5,4,0.2,0.05,0.05,4,12,H,1,0.1565114712277958,0.1565114712277958,,0.004283058162400624,0.04283058162400624,4.0,energy,energy,0.3,8.677420783382775
officehome_convnext_full__split05__seed4,officehome,full,convnext_full_ft,5,4,0.2,0.05,0.05,4,12,S,1,0.144927875264535,0.144927875264535,0.17539121838249905,,,0.0,msp,native,0.3,0.9859126782425444
officehome_convnext_full__split05__seed4,officehome,full,convnext_full_ft,5,4,0.2,0.05,0.05,4,12,B,1,0.1386181521393605,0.1386181521393605,0.19383473494989167,,,0.0,msp,native,0.3,0.9859126782425444
officehome_convnext_full__split06__seed0,officehome,full,convnext_full_ft,6,0,0.2,0.05,0.05,4,12,H,1,0.1119943231289148,0.1119943231289148,,0.0009752431698958853,0.011702918038750624,8.0,margin,margin,0.3,0.9891414134265664
officehome_convnext_full__split06__seed0,officehome,full,convnext_full_ft,6,0,0.2,0.05,0.05,4,12,S,1,0.1119943231289148,0.1119943231289148,0.18568144647410012,,,8.0,margin,margin,0.3,0.9891414134265664
officehome_convnext_full__split06__seed0,officehome,full,convnext_full_ft,6,0,0.2,0.05,0.05,4,12,B,1,0.1063319044336079,0.1063319044336079,0.19937951307272916,,,8.0,margin,margin,0.3,0.9891414134265664
officehome_convnext_full__split06__seed1,officehome,full,convnext_full_ft,6,1,0.2,0.05,0.05,4,12,H,1,0.1004805757441177,0.1004805757441177,,0.005192776900124896,0.046734992101124063,5.0,energy,energy,0.5,9.373219716270736
officehome_convnext_full__split06__seed1,officehome,full,convnext_full_ft,6,1,0.2,0.05,0.05,4,12,S,1,0.0810334992176106,0.0810334992176106,0.15889569294659223,,,8.0,margin,margin,0.3,0.9940713951985524
officehome_convnext_full__split06__seed1,officehome,full,convnext_full_ft,6,1,0.2,0.05,0.05,4,12,B,1,0.0762037375574289,0.0762037375574289,0.17303550633495524,,,8.0,margin,margin,0.3,0.9940713951985524
officehome_convnext_full__split06__seed2,officehome,full,convnext_full_ft,6,2,0.2,0.05,0.05,4,12,H,1,0.1353352086640805,0.1353352086640805,,0.0020747891255411127,0.020747891255411127,5.0,energy,energy,0.5,8.952653983751096
officehome_convnext_full__split06__seed2,officehome,full,convnext_full_ft,6,2,0.2,0.05,0.05,4,12,S,1,0.1353352086640805,0.1353352086640805,0.19495249177030766,,,5.0,energy,energy,0.5,8.952653983751096
officehome_convnext_full__split06__seed2,officehome,full,convnext_full_ft,6,2,0.2,0.05,0.05,4,12,B,1,0.0983009545922554,0.0983009545922554,0.18021004689594422,,,0.0,msp,native,0.3,0.9931284637254624
officehome_convnext_full__split06__seed3,officehome,full,convnext_full_ft,6,3,0.2,0.05,0.05,4,12,H,1,0.1778676403513252,0.1778676403513252,,0.002698294011348227,0.026593672660143213,1.0,msp,native,0.5,0.9808316637628914
officehome_convnext_full__split06__seed3,officehome,full,convnext_full_ft,6,3,0.2,0.05,0.05,4,12,S,1,0.1778676403513252,0.1778676403513252,0.19611194163200507,,,1.0,msp,native,0.5,0.9808316637628914
officehome_convnext_full__split06__seed3,officehome,full,convnext_full_ft,6,3,0.2,0.05,0.05,4,12,B,1,0.0746501962053597,0.0746501962053597,0.19952314480802458,,,8.0,margin,margin,0.3,0.9937540072204106
officehome_convnext_full__split06__seed4,officehome,full,convnext_full_ft,6,4,0.2,0.05,0.05,4,12,H,1,0.1830342896663305,0.1830342896663305,,0.001383362682168412,0.01383362682168412,1.0,msp,native,0.5,0.9787691463977668
officehome_convnext_full__split06__seed4,officehome,full,convnext_full_ft,6,4,0.2,0.05,0.05,4,12,S,1,0.1830342896663305,0.1830342896663305,0.19236756114636022,,,1.0,msp,native,0.5,0.9787691463977668
officehome_convnext_full__split06__seed4,officehome,full,convnext_full_ft,6,4,0.2,0.05,0.05,4,12,B,1,0.099901785392416,0.099901785392416,0.180704901444932,,,0.0,msp,native,0.3,0.9937413566789504
officehome_convnext_full__split07__seed0,officehome,full,convnext_full_ft,7,0,0.2,0.05,0.05,4,12,H,1,0.1694399143880217,0.1694399143880217,,0.001044808209033143,0.008358465672265144,9.0,margin,margin,0.5,0.9629631181732264
officehome_convnext_full__split07__seed0,officehome,full,convnext_full_ft,7,0,0.2,0.05,0.05,4,12,S,1,0.1694399143880217,0.1694399143880217,0.18457586528007008,,,9.0,margin,margin,0.5,0.9629631181732264
officehome_convnext_full__split07__seed0,officehome,full,convnext_full_ft,7,0,0.2,0.05,0.05,4,12,B,1,0.1516463065951756,0.1516463065951756,0.18815528471409854,,,1.0,msp,native,0.5,0.9754172756396652
officehome_convnext_full__split07__seed1,officehome,full,convnext_full_ft,7,1,0.2,0.05,0.05,4,12,H,1,0.192277578996074,0.192277578996074,,0.0023358934830677498,0.02102304134760975,1.0,msp,native,0.5,0.9687589892137703
officehome_convnext_full__split07__seed1,officehome,full,convnext_full_ft,7,1,0.2,0.05,0.05,4,12,S,1,0.192277578996074,0.192277578996074,0.1930058437760407,,,1.0,msp,native,0.5,0.9687589892137703
officehome_convnext_full__split07__seed1,officehome,full,convnext_full_ft,7,1,0.2,0.05,0.05,4,12,B,1,0.1405964204127281,0.1405964204127281,0.17389102081481145,,,8.0,margin,margin,0.3,0.9777312209918828
officehome_convnext_full__split07__seed2,officehome,full,convnext_full_ft,7,2,0.2,0.05,0.05,4,12,H,1,0.1726878885491085,0.1726878885491085,,0.001963344470402341,0.01963344470402341,1.0,msp,native,0.5,0.973846871995106
officehome_convnext_full__split07__seed2,officehome,full,convnext_full_ft,7,2,0.2,0.05,0.05,4,12,S,1,0.1726878885491085,0.1726878885491085,0.19052462370242818,,,1.0,msp,native,0.5,0.973846871995106
officehome_convnext_full__split07__seed2,officehome,full,convnext_full_ft,7,2,0.2,0.05,0.05,4,12,B,1,0.098822829286745,0.098822829286745,0.19307914742838905,,,0.0,msp,native,0.3,0.9916477673191354
officehome_convnext_full__split07__seed3,officehome,full,convnext_full_ft,7,3,0.2,0.05,0.05,4,12,H,1,0.1324799033603758,0.1324799033603758,,0.003485786951901956,0.03485786951901956,0.0,msp,native,0.3,0.9872946400402972
officehome_convnext_full__split07__seed3,officehome,full,convnext_full_ft,7,3,0.2,0.05,0.05,4,12,S,1,0.1324799033603758,0.1324799033603758,0.19737707764280177,,,0.0,msp,native,0.3,0.9872946400402972
officehome_convnext_full__split07__seed3,officehome,full,convnext_full_ft,7,3,0.2,0.05,0.05,4,12,B,1,0.1187533457769271,0.1187533457769271,0.19853005235101945,,,8.0,margin,margin,0.3,0.9838852116050564
officehome_convnext_full__split07__seed4,officehome,full,convnext_full_ft,7,4,0.2,0.05,0.05,4,12,H,1,0.1548882958028951,0.1548882958028951,,0.0013638728670490306,0.012274855803441275,9.0,margin,margin,0.5,0.9691202998076556
officehome_convnext_full__split07__seed4,officehome,full,convnext_full_ft,7,4,0.2,0.05,0.05,4,12,S,1,0.1548882958028951,0.1548882958028951,0.18547651279246757,,,9.0,margin,margin,0.5,0.9691202998076556
officehome_convnext_full__split07__seed4,officehome,full,convnext_full_ft,7,4,0.2,0.05,0.05,4,12,B,1,0.1003424103131881,0.1003424103131881,0.1527835627004105,,,4.0,energy,energy,0.3,9.333134322904256
officehome_convnext_full__split08__seed0,officehome,full,convnext_full_ft,8,0,0.2,0.05,0.05,4,12,H,0,0.0,0.0,,,,,,,,
officehome_convnext_full__split08__seed0,officehome,full,convnext_full_ft,8,0,0.2,0.05,0.05,4,12,S,0,0.0,0.0,,,,,,,,
officehome_convnext_full__split08__seed0,officehome,full,convnext_full_ft,8,0,0.2,0.05,0.05,4,12,B,0,0.0,0.0,,,,,,,,
officehome_convnext_full__split08__seed1,officehome,full,convnext_full_ft,8,1,0.2,0.05,0.05,4,12,H,0,0.0,0.0,,,,,,,,
officehome_convnext_full__split08__seed1,officehome,full,convnext_full_ft,8,1,0.2,0.05,0.05,4,12,S,0,0.0,0.0,,,,,,,,
officehome_convnext_full__split08__seed1,officehome,full,convnext_full_ft,8,1,0.2,0.05,0.05,4,12,B,0,0.0,0.0,,,,,,,,
officehome_convnext_full__split08__seed2,officehome,full,convnext_full_ft,8,2,0.2,0.05,0.05,4,12,H,0,0.0,0.0,,,,,,,,
officehome_convnext_full__split08__seed2,officehome,full,convnext_full_ft,8,2,0.2,0.05,0.05,4,12,S,0,0.0,0.0,,,,,,,,
officehome_convnext_full__split08__seed2,officehome,full,convnext_full_ft,8,2,0.2,0.05,0.05,4,12,B,0,0.0,0.0,,,,,,,,
officehome_convnext_full__split08__seed3,officehome,full,convnext_full_ft,8,3,0.2,0.05,0.05,4,12,H,0,0.0,0.0,,,,,,,,
officehome_convnext_full__split08__seed3,officehome,full,convnext_full_ft,8,3,0.2,0.05,0.05,4,12,S,0,0.0,0.0,,,,,,,,
officehome_convnext_full__split08__seed3,officehome,full,convnext_full_ft,8,3,0.2,0.05,0.05,4,12,B,0,0.0,0.0,,,,,,,,
officehome_convnext_full__split08__seed4,officehome,full,convnext_full_ft,8,4,0.2,0.05,0.05,4,12,H,0,0.0,0.0,,,,,,,,
officehome_convnext_full__split08__seed4,officehome,full,convnext_full_ft,8,4,0.2,0.05,0.05,4,12,S,0,0.0,0.0,,,,,,,,
officehome_convnext_full__split08__seed4,officehome,full,convnext_full_ft,8,4,0.2,0.05,0.05,4,12,B,0,0.0,0.0,,,,,,,,
officehome_convnext_full__split09__seed0,officehome,full,convnext_full_ft,9,0,0.2,0.05,0.05,4,12,H,1,0.1465784883860541,0.1465784883860541,,0.0005924249170338483,0.006516674087372332,0.0,msp,native,0.3,0.9910831836070187
officehome_convnext_full__split09__seed0,officehome,full,convnext_full_ft,9,0,0.2,0.05,0.05,4,12,S,1,0.1465784883860541,0.1465784883860541,0.18239627934458175,,,0.0,msp,native,0.3,0.9910831836070187
officehome_convnext_full__split09__seed0,officehome,full,convnext_full_ft,9,0,0.2,0.05,0.05,4,12,B,1,0.14016872635777,0.14016872635777,0.1951340021027586,,,0.0,msp,native,0.3,0.9910831836070187
officehome_convnext_full__split09__seed1,officehome,full,convnext_full_ft,9,1,0.2,0.05,0.05,4,12,H,1,0.1584218443306521,0.1584218443306521,,0.0001031391733264825,0.0011345309065913074,0.0,msp,native,0.3,0.9904498538985412
officehome_convnext_full__split09__seed1,officehome,full,convnext_full_ft,9,1,0.2,0.05,0.05,4,12,S,1,0.1584218443306521,0.1584218443306521,0.1690998418837839,,,0.0,msp,native,0.3,0.9904498538985412
officehome_convnext_full__split09__seed1,officehome,full,convnext_full_ft,9,1,0.2,0.05,0.05,4,12,B,1,0.1517842049476236,0.1517842049476236,0.18146551994903892,,,0.0,msp,native,0.3,0.9904498538985412
officehome_convnext_full__split09__seed2,officehome,full,convnext_full_ft,9,2,0.2,0.05,0.05,4,12,H,1,0.1584218443306521,0.1584218443306521,,0.000526675502004376,0.005793430522048136,0.0,msp,native,0.3,0.9887172318515508
officehome_convnext_full__split09__seed2,officehome,full,convnext_full_ft,9,2,0.2,0.05,0.05,4,12,S,1,0.1584218443306521,0.1584218443306521,0.1820641214481985,,,0.0,msp,native,0.3,0.9887172318515508
officehome_convnext_full__split09__seed2,officehome,full,convnext_full_ft,9,2,0.2,0.05,0.05,4,12,B,1,0.1517842049476236,0.1517842049476236,0.194350713003826,,,0.0,msp,native,0.3,0.9887172318515508
officehome_convnext_full__split09__seed3,officehome,full,convnext_full_ft,9,3,0.2,0.05,0.05,4,12,H,1,0.2065013989654125,0.2065013989654125,,0.0015733470365486442,0.014160123328937797,1.0,msp,native,0.5,0.97801808060376
officehome_convnext_full__split09__seed3,officehome,full,convnext_full_ft,9,3,0.2,0.05,0.05,4,12,S,1,0.2065013989654125,0.2065013989654125,0.19173831397957342,,,1.0,msp,native,0.5,0.97801808060376
officehome_convnext_full__split09__seed3,officehome,full,convnext_full_ft,9,3,0.2,0.05,0.05,4,12,B,1,0.1418224691321458,0.1418224691321458,0.17961087265843545,,,0.0,msp,native,0.3,0.9903740284045842
officehome_convnext_full__split09__seed4,officehome,full,convnext_full_ft,9,4,0.2,0.05,0.05,4,12,H,1,0.1943843147138157,0.1943843147138157,,0.00034570373379948596,0.0027656298703958877,9.0,margin,margin,0.5,0.9727451789518852
officehome_convnext_full__split09__seed4,officehome,full,convnext_full_ft,9,4,0.2,0.05,0.05,4,12,S,1,0.1943843147138157,0.1943843147138157,0.18042169574476574,,,9.0,margin,margin,0.5,0.9727451789518852
officehome_convnext_full__split09__seed4,officehome,full,convnext_full_ft,9,4,0.2,0.05,0.05,4,12,B,1,0.1871334877814463,0.1871334877814463,0.1917142543164232,,,9.0,margin,margin,0.5,0.9727451789518852
resnext29_8x64d__pathmnist_split_00__seed0__d0.5,pathmnist,d0.5,resnext29_8x64d,0,0,0.2,0.05,0.05,5,12,H,1,0.355312504879042,0.355312504879042,,0.0033057003126080887,0.03636270343868898,5.0,energy,energy,0.5,9.433801746687363
resnext29_8x64d__pathmnist_split_00__seed0__d0.5,pathmnist,d0.5,resnext29_8x64d,0,0,0.2,0.05,0.05,5,12,S,1,0.355312504879042,0.355312504879042,0.19753409202438488,,,5.0,energy,energy,0.5,9.433801746687363
resnext29_8x64d__pathmnist_split_00__seed0__d0.5,pathmnist,d0.5,resnext29_8x64d,0,0,0.2,0.05,0.05,5,12,B,0,0.0,0.0,,,,,,,,
resnext29_8x64d__pathmnist_split_00__seed0__d5.0,pathmnist,d5,resnext29_8x64d,0,0,0.2,0.05,0.05,5,12,H,1,0.4605533918313368,0.4605533918313368,,0.0038627969092562544,0.02703957836479378,5.0,energy,energy,0.5,11.649981167005455
resnext29_8x64d__pathmnist_split_00__seed0__d5.0,pathmnist,d5,resnext29_8x64d,0,0,0.2,0.05,0.05,5,12,S,1,0.4605533918313368,0.4605533918313368,0.1993027931688145,,,5.0,energy,energy,0.5,11.649981167005455
resnext29_8x64d__pathmnist_split_00__seed0__d5.0,pathmnist,d5,resnext29_8x64d,0,0,0.2,0.05,0.05,5,12,B,1,0.3693807695149954,0.3693807695149954,0.180427357990535,,,4.0,energy,energy,0.3,13.095320653755929
resnext29_8x64d__pathmnist_split_00__seed1__d0.5,pathmnist,d0.5,resnext29_8x64d,0,1,0.2,0.05,0.05,5,12,H,1,0.5813173659479489,0.5813173659479489,,0.0015111917744568889,0.009067150646741334,6.0,energy,energy,0.7,7.683833209965939
resnext29_8x64d__pathmnist_split_00__seed1__d0.5,pathmnist,d0.5,resnext29_8x64d,0,1,0.2,0.05,0.05,5,12,S,1,0.5813173659479489,0.5813173659479489,0.1919181072507461,,,6.0,energy,energy,0.7,7.683833209965939
resnext29_8x64d__pathmnist_split_00__seed1__d0.5,pathmnist,d0.5,resnext29_8x64d,0,1,0.2,0.05,0.05,5,12,B,1,0.5289431886579371,0.5289431886579371,0.1894363319679983,,,10.0,margin,margin,0.7,0.9291495595089968
resnext29_8x64d__pathmnist_split_00__seed1__d5.0,pathmnist,d5,resnext29_8x64d,0,1,0.2,0.05,0.05,5,12,H,1,0.3365040194473385,0.3365040194473385,,0.0013587655762920443,0.0122288901866284,5.0,energy,energy,0.5,13.003959314480277
resnext29_8x64d__pathmnist_split_00__seed1__d5.0,pathmnist,d5,resnext29_8x64d,0,1,0.2,0.05,0.05,5,12,S,1,0.3365040194473385,0.3365040194473385,0.1886728113999107,,,5.0,energy,energy,0.5,13.003959314480277
resnext29_8x64d__pathmnist_split_00__seed1__d5.0,pathmnist,d5,resnext29_8x64d,0,1,0.2,0.05,0.05,5,12,B,1,0.2382153856341757,0.2382153856341757,0.18268769987380212,,,4.0,energy,energy,0.3,14.587491092873258
resnext29_8x64d__pathmnist_split_00__seed2__d0.5,pathmnist,d0.5,resnext29_8x64d,0,2,0.2,0.05,0.05,5,12,H,1,0.4243399045782939,0.4243399045782939,,0.0003813643451918868,0.0034322791067269813,5.0,energy,energy,0.5,8.619486368619478
resnext29_8x64d__pathmnist_split_00__seed2__d0.5,pathmnist,d0.5,resnext29_8x64d,0,2,0.2,0.05,0.05,5,12,S,1,0.4243399045782939,0.4243399045782939,0.17969906347918857,,,5.0,energy,energy,0.5,8.619486368619478
resnext29_8x64d__pathmnist_split_00__seed2__d0.5,pathmnist,d0.5,resnext29_8x64d,0,2,0.2,0.05,0.05,5,12,B,1,0.4121037082192663,0.4121037082192663,0.19369750897986993,,,5.0,energy,energy,0.5,8.619486368619478
resnext29_8x64d__pathmnist_split_00__seed2__d5.0,pathmnist,d5,resnext29_8x64d,0,2,0.2,0.05,0.05,5,12,H,1,0.4460265139190825,0.4460265139190825,,0.007740580849848137,0.04644348509908882,6.0,energy,energy,0.7,12.300336403990269
resnext29_8x64d__pathmnist_split_00__seed2__d5.0,pathmnist,d5,resnext29_8x64d,0,2,0.2,0.05,0.05,5,12,S,1,0.3435450759692154,0.3435450759692154,0.1709199745897506,,,9.0,margin,margin,0.5,0.9999189376831056
resnext29_8x64d__pathmnist_split_00__seed2__d5.0,pathmnist,d5,resnext29_8x64d,0,2,0.2,0.05,0.05,5,12,B,1,0.3319101521901856,0.3319101521901856,0.18659056683593755,,,9.0,margin,margin,0.5,0.9999189376831056
resnext29_8x64d__pathmnist_split_00__seed3__d0.5,pathmnist,d0.5,resnext29_8x64d,0,3,0.2,0.05,0.05,5,12,H,1,0.4922191218052515,0.4922191218052515,,0.0003689816894703187,0.0025828718262922313,5.0,energy,energy,0.5,6.681336380566243
resnext29_8x64d__pathmnist_split_00__seed3__d0.5,pathmnist,d0.5,resnext29_8x64d,0,3,0.2,0.05,0.05,5,12,S,1,0.4922191218052515,0.4922191218052515,0.1806022448763654,,,5.0,energy,energy,0.5,6.681336380566243
resnext29_8x64d__pathmnist_split_00__seed3__d0.5,pathmnist,d0.5,resnext29_8x64d,0,3,0.2,0.05,0.05,5,12,B,1,0.47973963788634,0.47973963788634,0.19381452740740374,,,5.0,energy,energy,0.5,6.681336380566243
resnext29_8x64d__pathmnist_split_00__seed3__d5.0,pathmnist,d5,resnext29_8x64d,0,3,0.2,0.05,0.05,5,12,H,1,0.4508626540601417,0.4508626540601417,,0.0002723427785785078,0.0021787422286280622,5.0,energy,energy,0.5,11.666356549215156
resnext29_8x64d__pathmnist_split_00__seed3__d5.0,pathmnist,d5,resnext29_8x64d,0,3,0.2,0.05,0.05,5,12,S,1,0.4508626540601417,0.4508626540601417,0.17660972887880327,,,5.0,energy,energy,0.5,11.666356549215156
resnext29_8x64d__pathmnist_split_00__seed3__d5.0,pathmnist,d5,resnext29_8x64d,0,3,0.2,0.05,0.05,5,12,B,1,0.4385038382874313,0.4385038382874313,0.19088044541176913,,,5.0,energy,energy,0.5,11.666356549215156
resnext29_8x64d__pathmnist_split_00__seed4__d0.5,pathmnist,d0.5,resnext29_8x64d,0,4,0.2,0.05,0.05,5,12,H,1,0.244099584186117,0.244099584186117,,0.00046807031597783874,0.005616843791734065,0.0,msp,native,0.3,0.9994842384172522
resnext29_8x64d__pathmnist_split_00__seed4__d0.5,pathmnist,d0.5,resnext29_8x64d,0,4,0.2,0.05,0.05,5,12,S,1,0.244099584186117,0.244099584186117,0.17673134373419824,,,0.0,msp,native,0.3,0.9994842384172522
resnext29_8x64d__pathmnist_split_00__seed4__d0.5,pathmnist,d0.5,resnext29_8x64d,0,4,0.2,0.05,0.05,5,12,B,1,0.2337379603701609,0.2337379603701609,0.1941492423390242,,,0.0,msp,native,0.3,0.9994842384172522
resnext29_8x64d__pathmnist_split_00__seed4__d5.0,pathmnist,d5,resnext29_8x64d,0,4,0.2,0.05,0.05,5,12,H,1,0.3647552462154545,0.3647552462154545,,0.00040869600210579227,0.004904352025269508,4.0,energy,energy,0.3,12.937846764274262
resnext29_8x64d__pathmnist_split_00__seed4__d5.0,pathmnist,d5,resnext29_8x64d,0,4,0.2,0.05,0.05,5,12,S,1,0.3647552462154545,0.3647552462154545,0.17805615696100807,,,4.0,energy,energy,0.3,12.937846764274262
resnext29_8x64d__pathmnist_split_00__seed4__d5.0,pathmnist,d5,resnext29_8x64d,0,4,0.2,0.05,0.05,5,12,B,1,0.352928016711934,0.352928016711934,0.1935947651850617,,,4.0,energy,energy,0.3,12.937846764274262
resnext29_8x64d__pathmnist_split_01__seed0__d0.5,pathmnist,d0.5,resnext29_8x64d,1,0,0.2,0.05,0.05,5,12,H,0,0.0,0.0,,,,,,,,
resnext29_8x64d__pathmnist_split_01__seed0__d0.5,pathmnist,d0.5,resnext29_8x64d,1,0,0.2,0.05,0.05,5,12,S,0,0.0,0.0,,,,,,,,
resnext29_8x64d__pathmnist_split_01__seed0__d0.5,pathmnist,d0.5,resnext29_8x64d,1,0,0.2,0.05,0.05,5,12,B,0,0.0,0.0,,,,,,,,
resnext29_8x64d__pathmnist_split_01__seed0__d5.0,pathmnist,d5,resnext29_8x64d,1,0,0.2,0.05,0.05,5,12,H,1,0.6325601915190386,0.6325601915190386,,0.00486933155484226,0.04382398399358034,6.0,energy,energy,0.7,7.185162158315395
resnext29_8x64d__pathmnist_split_01__seed0__d5.0,pathmnist,d5,resnext29_8x64d,1,0,0.2,0.05,0.05,5,12,S,1,0.5194030287679425,0.5194030287679425,0.18417851795312212,,,5.0,energy,energy,0.5,9.765076605372604
resnext29_8x64d__pathmnist_split_01__seed0__d5.0,pathmnist,d5,resnext29_8x64d,1,0,0.2,0.05,0.05,5,12,B,1,0.5067186885196904,0.5067186885196904,0.19762027464081028,,,5.0,energy,energy,0.5,9.765076605372604
resnext29_8x64d__pathmnist_split_01__seed1__d0.5,pathmnist,d0.5,resnext29_8x64d,1,1,0.2,0.05,0.05,5,12,H,0,0.0,0.0,,,,,,,,
resnext29_8x64d__pathmnist_split_01__seed1__d0.5,pathmnist,d0.5,resnext29_8x64d,1,1,0.2,0.05,0.05,5,12,S,0,0.0,0.0,,,,,,,,
resnext29_8x64d__pathmnist_split_01__seed1__d0.5,pathmnist,d0.5,resnext29_8x64d,1,1,0.2,0.05,0.05,5,12,B,0,0.0,0.0,,,,,,,,
resnext29_8x64d__pathmnist_split_01__seed1__d5.0,pathmnist,d5,resnext29_8x64d,1,1,0.2,0.05,0.05,5,12,H,0,0.0,0.0,,,,,,,,
resnext29_8x64d__pathmnist_split_01__seed1__d5.0,pathmnist,d5,resnext29_8x64d,1,1,0.2,0.05,0.05,5,12,S,0,0.0,0.0,,,,,,,,
resnext29_8x64d__pathmnist_split_01__seed1__d5.0,pathmnist,d5,resnext29_8x64d,1,1,0.2,0.05,0.05,5,12,B,0,0.0,0.0,,,,,,,,
resnext29_8x64d__pathmnist_split_01__seed2__d0.5,pathmnist,d0.5,resnext29_8x64d,1,2,0.2,0.05,0.05,5,12,H,0,0.0,0.0,,,,,,,,
resnext29_8x64d__pathmnist_split_01__seed2__d0.5,pathmnist,d0.5,resnext29_8x64d,1,2,0.2,0.05,0.05,5,12,S,0,0.0,0.0,,,,,,,,
resnext29_8x64d__pathmnist_split_01__seed2__d0.5,pathmnist,d0.5,resnext29_8x64d,1,2,0.2,0.05,0.05,5,12,B,0,0.0,0.0,,,,,,,,
resnext29_8x64d__pathmnist_split_01__seed2__d5.0,pathmnist,d5,resnext29_8x64d,1,2,0.2,0.05,0.05,5,12,H,1,0.4741030553363507,0.4741030553363507,,0.003878307102266722,0.046539685227200665,9.0,margin,margin,0.5,0.9928783459408228
resnext29_8x64d__pathmnist_split_01__seed2__d5.0,pathmnist,d5,resnext29_8x64d,1,2,0.2,0.05,0.05,5,12,S,1,0.4741030553363507,0.4741030553363507,0.19934818158096435,,,9.0,margin,margin,0.5,0.9928783459408228
resnext29_8x64d__pathmnist_split_01__seed2__d5.0,pathmnist,d5,resnext29_8x64d,1,2,0.2,0.05,0.05,5,12,B,0,0.0,0.0,,,,,,,,
resnext29_8x64d__pathmnist_split_01__seed3__d0.5,pathmnist,d0.5,resnext29_8x64d,1,3,0.2,0.05,0.05,5,12,H,0,0.0,0.0,,,,,,,,
resnext29_8x64d__pathmnist_split_01__seed3__d0.5,pathmnist,d0.5,resnext29_8x64d,1,3,0.2,0.05,0.05,5,12,S,0,0.0,0.0,,,,,,,,
resnext29_8x64d__pathmnist_split_01__seed3__d0.5,pathmnist,d0.5,resnext29_8x64d,1,3,0.2,0.05,0.05,5,12,B,0,0.0,0.0,,,,,,,,
resnext29_8x64d__pathmnist_split_01__seed3__d5.0,pathmnist,d5,resnext29_8x64d,1,3,0.2,0.05,0.05,5,12,H,1,0.4331358385700934,0.4331358385700934,,0.0020673214732307077,0.022740536205537783,9.0,margin,margin,0.5,0.991916000843048
resnext29_8x64d__pathmnist_split_01__seed3__d5.0,pathmnist,d5,resnext29_8x64d,1,3,0.2,0.05,0.05,5,12,S,1,0.4331358385700934,0.4331358385700934,0.19339972923084447,,,9.0,margin,margin,0.5,0.991916000843048
resnext29_8x64d__pathmnist_split_01__seed3__d5.0,pathmnist,d5,resnext29_8x64d,1,3,0.2,0.05,0.05,5,12,B,0,0.0,0.0,,,,,,,,
resnext29_8x64d__pathmnist_split_01__seed4__d0.5,pathmnist,d0.5,resnext29_8x64d,1,4,0.2,0.05,0.05,5,12,H,1,0.4853310060224806,0.4853310060224806,,4.306205844395617e-05,0.000516744701327474,1.0,msp,native,0.5,0.9786564476513944
resnext29_8x64d__pathmnist_split_01__seed4__d0.5,pathmnist,d0.5,resnext29_8x64d,1,4,0.2,0.05,0.05,5,12,S,1,0.4853310060224806,0.4853310060224806,0.16424667029406903,,,1.0,msp,native,0.5,0.9786564476513944
resnext29_8x64d__pathmnist_split_01__seed4__d0.5,pathmnist,d0.5,resnext29_8x64d,1,4,0.2,0.05,0.05,5,12,B,1,0.4727110109749232,0.4727110109749232,0.17787486498157956,,,1.0,msp,native,0.5,0.9786564476513944
resnext29_8x64d__pathmnist_split_01__seed4__d5.0,pathmnist,d5,resnext29_8x64d,1,4,0.2,0.05,0.05,5,12,H,1,0.5168719781224871,0.5168719781224871,,0.0018686611115338464,0.018686611115338463,9.0,margin,margin,0.5,0.964964029382304
resnext29_8x64d__pathmnist_split_01__seed4__d5.0,pathmnist,d5,resnext29_8x64d,1,4,0.2,0.05,0.05,5,12,S,1,0.5168719781224871,0.5168719781224871,0.1930214486591989,,,9.0,margin,margin,0.5,0.964964029382304
resnext29_8x64d__pathmnist_split_01__seed4__d5.0,pathmnist,d5,resnext29_8x64d,1,4,0.2,0.05,0.05,5,12,B,0,0.0,0.0,,,,,,,,
resnext29_8x64d__pathmnist_split_02__seed0__d0.5,pathmnist,d0.5,resnext29_8x64d,2,0,0.2,0.05,0.05,5,12,H,1,0.3432761502983287,0.3432761502983287,,0.005473885125510922,0.04379108100408738,1.0,msp,native,0.5,0.9860260552387172
resnext29_8x64d__pathmnist_split_02__seed0__d0.5,pathmnist,d0.5,resnext29_8x64d,2,0,0.2,0.05,0.05,5,12,S,1,0.2507745374877578,0.2507745374877578,0.11746706818137834,,,0.0,msp,native,0.3,0.9970685843639948
resnext29_8x64d__pathmnist_split_02__seed0__d0.5,pathmnist,d0.5,resnext29_8x64d,2,0,0.2,0.05,0.05,5,12,B,1,0.2404392967104865,0.2404392967104865,0.1329908019702729,,,0.0,msp,native,0.3,0.9970685843639948
resnext29_8x64d__pathmnist_split_02__seed0__d5.0,pathmnist,d5,resnext29_8x64d,2,0,0.2,0.05,0.05,5,12,H,1,0.5819364910911502,0.5819364910911502,,4.5429517554783984e-05,0.0004088656579930559,9.0,margin,margin,0.5,0.996492616508318
resnext29_8x64d__pathmnist_split_02__seed0__d5.0,pathmnist,d5,resnext29_8x64d,2,0,0.2,0.05,0.05,5,12,S,1,0.5819364910911502,0.5819364910911502,0.1683338679744268,,,9.0,margin,margin,0.5,0.996492616508318
resnext29_8x64d__pathmnist_split_02__seed0__d5.0,pathmnist,d5,resnext29_8x64d,2,0,0.2,0.05,0.05,5,12,B,1,0.5696537497969656,0.5696537497969656,0.18057212342665657,,,9.0,margin,margin,0.5,0.996492616508318
resnext29_8x64d__pathmnist_split_02__seed1__d0.5,pathmnist,d0.5,resnext29_8x64d,2,1,0.2,0.05,0.05,5,12,H,1,0.4666500287279111,0.4666500287279111,,0.001991518028161349,0.013940626197129442,9.0,margin,margin,0.5,0.9930211590683978
resnext29_8x64d__pathmnist_split_02__seed1__d0.5,pathmnist,d0.5,resnext29_8x64d,2,1,0.2,0.05,0.05,5,12,S,1,0.4666500287279111,0.4666500287279111,0.1933670425223778,,,9.0,margin,margin,0.5,0.9930211590683978
resnext29_8x64d__pathmnist_split_02__seed1__d0.5,pathmnist,d0.5,resnext29_8x64d,2,1,0.2,0.05,0.05,5,12,B,1,0.3936473103001374,0.3936473103001374,0.15286728135547745,,,8.0,margin,margin,0.3,0.9976507774164844
resnext29_8x64d__pathmnist_split_02__seed1__d5.0,pathmnist,d5,resnext29_8x64d,2,1,0.2,0.05,0.05,5,12,H,1,0.1571476059023062,0.1571476059023062,,0.001316760272773489,0.01580112327328187,0.0,msp,native,0.3,0.9999985499525548
resnext29_8x64d__pathmnist_split_02__seed1__d5.0,pathmnist,d5,resnext29_8x64d,2,1,0.2,0.05,0.05,5,12,S,1,0.1571476059023062,0.1571476059023062,0.18391505242173345,,,0.0,msp,native,0.3,0.9999985499525548
resnext29_8x64d__pathmnist_split_02__seed1__d5.0,pathmnist,d5,resnext29_8x64d,2,1,0.2,0.05,0.05,5,12,B,0,0.0,0.0,,,,,,,,
resnext29_8x64d__pathmnist_split_02__seed2__d0.5,pathmnist,d0.5,resnext29_8x64d,2,2,0.2,0.05,0.05,5,12,H,1,0.2023702870758785,0.2023702870758785,,0.0005037882006891293,0.006045458408269552,4.0,energy,energy,0.3,14.729774873790932
resnext29_8x64d__pathmnist_split_02__seed2__d0.5,pathmnist,d0.5,resnext29_8x64d,2,2,0.2,0.05,0.05,5,12,S,1,0.2023702870758785,0.2023702870758785,0.17378694819329865,,,4.0,energy,energy,0.3,14.729774873790932
resnext29_8x64d__pathmnist_split_02__seed2__d0.5,pathmnist,d0.5,resnext29_8x64d,2,2,0.2,0.05,0.05,5,12,B,1,0.1928808409934931,0.1928808409934931,0.1940303687976619,,,4.0,energy,energy,0.3,14.729774873790932
resnext29_8x64d__pathmnist_split_02__seed2__d5.0,pathmnist,d5,resnext29_8x64d,2,2,0.2,0.05,0.05,5,12,H,1,0.4737549223146424,0.4737549223146424,,0.00026025463900041646,0.0020820371120033316,9.0,margin,margin,0.5,0.9996587388890243
resnext29_8x64d__pathmnist_split_02__seed2__d5.0,pathmnist,d5,resnext29_8x64d,2,2,0.2,0.05,0.05,5,12,S,1,0.4737549223146424,0.4737549223146424,0.17735697985062537,,,9.0,margin,margin,0.5,0.9996587388890243
resnext29_8x64d__pathmnist_split_02__seed2__d5.0,pathmnist,d5,resnext29_8x64d,2,2,0.2,0.05,0.05,5,12,B,1,0.4614819319163361,0.4614819319163361,0.19097019543675103,,,9.0,margin,margin,0.5,0.9996587388890243
resnext29_8x64d__pathmnist_split_02__seed3__d0.5,pathmnist,d0.5,resnext29_8x64d,2,3,0.2,0.05,0.05,5,12,H,1,0.4832484196546932,0.4832484196546932,,0.0010889769221412494,0.009800792299271244,9.0,margin,margin,0.5,0.9788768287486456
resnext29_8x64d__pathmnist_split_02__seed3__d0.5,pathmnist,d0.5,resnext29_8x64d,2,3,0.2,0.05,0.05,5,12,S,1,0.4832484196546932,0.4832484196546932,0.1882991280670711,,,9.0,margin,margin,0.5,0.9788768287486456
resnext29_8x64d__pathmnist_split_02__seed3__d0.5,pathmnist,d0.5,resnext29_8x64d,2,3,0.2,0.05,0.05,5,12,B,1,0.3844037680961801,0.3844037680961801,0.17570708683783093,,,4.0,energy,energy,0.3,9.001662350019881
resnext29_8x64d__pathmnist_split_02__seed3__d5.0,pathmnist,d5,resnext29_8x64d,2,3,0.2,0.05,0.05,5,12,H,1,0.4149437341031,0.4149437341031,,9.309333499299387e-05,0.0011171200199159264,9.0,margin,margin,0.5,0.9998086148679854
resnext29_8x64d__pathmnist_split_02__seed3__d5.0,pathmnist,d5,resnext29_8x64d,2,3,0.2,0.05,0.05,5,12,S,1,0.4149437341031,0.4149437341031,0.16992124192482727,,,9.0,margin,margin,0.5,0.9998086148679854
resnext29_8x64d__pathmnist_split_02__seed3__d5.0,pathmnist,d5,resnext29_8x64d,2,3,0.2,0.05,0.05,5,12,B,1,0.4029183238524101,0.4029183238524101,0.18347220825765154,,,9.0,margin,margin,0.5,0.9998086148679854
resnext29_8x64d__pathmnist_split_02__seed4__d0.5,pathmnist,d0.5,resnext29_8x64d,2,4,0.2,0.05,0.05,5,12,H,1,0.5576272924063064,0.5576272924063064,,0.006220344848141357,0.03732206908884814,6.0,energy,energy,0.7,8.260486248743574
resnext29_8x64d__pathmnist_split_02__seed4__d0.5,pathmnist,d0.5,resnext29_8x64d,2,4,0.2,0.05,0.05,5,12,S,1,0.5214570776739866,0.5214570776739866,0.17906829167121435,,,1.0,msp,native,0.5,0.9919240514570256
resnext29_8x64d__pathmnist_split_02__seed4__d0.5,pathmnist,d0.5,resnext29_8x64d,2,4,0.2,0.05,0.05,5,12,B,1,0.5091086842433474,0.5091086842433474,0.19199506637011676,,,1.0,msp,native,0.5,0.9919240514570256
resnext29_8x64d__pathmnist_split_02__seed4__d5.0,pathmnist,d5,resnext29_8x64d,2,4,0.2,0.05,0.05,5,12,H,1,0.4713851766578006,0.4713851766578006,,0.0011667529484798264,0.009334023587838611,9.0,margin,margin,0.5,0.999191679284724
resnext29_8x64d__pathmnist_split_02__seed4__d5.0,pathmnist,d5,resnext29_8x64d,2,4,0.2,0.05,0.05,5,12,S,1,0.4713851766578006,0.4713851766578006,0.18929240307183542,,,9.0,margin,margin,0.5,0.999191679284724
resnext29_8x64d__pathmnist_split_02__seed4__d5.0,pathmnist,d5,resnext29_8x64d,2,4,0.2,0.05,0.05,5,12,B,1,0.4426252859477242,0.4426252859477242,0.19497143820092344,,,5.0,energy,energy,0.5,13.18379444581609
resnext29_8x64d__pathmnist_split_03__seed0__d0.5,pathmnist,d0.5,resnext29_8x64d,3,0,0.2,0.05,0.05,5,12,H,1,0.2353832867711864,0.2353832867711864,,0.00046807031597783874,0.005616843791734065,9.0,margin,margin,0.5,0.9988550735157868
resnext29_8x64d__pathmnist_split_03__seed0__d0.5,pathmnist,d0.5,resnext29_8x64d,3,0,0.2,0.05,0.05,5,12,S,1,0.2353832867711864,0.2353832867711864,0.17673134373419824,,,9.0,margin,margin,0.5,0.9988550735157868
resnext29_8x64d__pathmnist_split_03__seed0__d0.5,pathmnist,d0.5,resnext29_8x64d,3,0,0.2,0.05,0.05,5,12,B,1,0.2252495212347421,0.2252495212347421,0.1941492423390242,,,9.0,margin,margin,0.5,0.9988550735157868
resnext29_8x64d__pathmnist_split_03__seed0__d5.0,pathmnist,d5,resnext29_8x64d,3,0,0.2,0.05,0.05,5,12,H,1,0.2453291757922657,0.2453291757922657,,0.0022538304786903426,0.02704596574428411,1.0,msp,native,0.5,0.9999895179550784
resnext29_8x64d__pathmnist_split_03__seed0__d5.0,pathmnist,d5,resnext29_8x64d,3,0,0.2,0.05,0.05,5,12,S,1,0.2453291757922657,0.2453291757922657,0.1931173109365391,,,1.0,msp,native,0.5,0.9999895179550784
resnext29_8x64d__pathmnist_split_03__seed0__d5.0,pathmnist,d5,resnext29_8x64d,3,0,0.2,0.05,0.05,5,12,B,0,0.0,0.0,,,,,,,,
resnext29_8x64d__pathmnist_split_03__seed1__d0.5,pathmnist,d0.5,resnext29_8x64d,3,1,0.2,0.05,0.05,5,12,H,1,0.2902310074564261,0.2902310074564261,,0.0014996527773618608,0.01649618055098047,9.0,margin,margin,0.5,0.999804455899076
resnext29_8x64d__pathmnist_split_03__seed1__d0.5,pathmnist,d0.5,resnext29_8x64d,3,1,0.2,0.05,0.05,5,12,S,1,0.2902310074564261,0.2902310074564261,0.18867397118233542,,,9.0,margin,margin,0.5,0.999804455899076
resnext29_8x64d__pathmnist_split_03__seed1__d0.5,pathmnist,d0.5,resnext29_8x64d,3,1,0.2,0.05,0.05,5,12,B,0,0.0,0.0,,,,,,,,
resnext29_8x64d__pathmnist_split_03__seed1__d5.0,pathmnist,d5,resnext29_8x64d,3,1,0.2,0.05,0.05,5,12,H,1,0.3449961174922131,0.3449961174922131,,0.00032259906766564486,0.0035485897443220935,1.0,msp,native,0.5,0.9998020503831946
resnext29_8x64d__pathmnist_split_03__seed1__d5.0,pathmnist,d5,resnext29_8x64d,3,1,0.2,0.05,0.05,5,12,S,1,0.3449961174922131,0.3449961174922131,0.17620154506243157,,,1.0,msp,native,0.5,0.9998020503831946
resnext29_8x64d__pathmnist_split_03__seed1__d5.0,pathmnist,d5,resnext29_8x64d,3,1,0.2,0.05,0.05,5,12,B,1,0.3334707056912603,0.3334707056912603,0.1915975455685237,,,1.0,msp,native,0.5,0.9998020503831946
resnext29_8x64d__pathmnist_split_03__seed2__d0.5,pathmnist,d0.5,resnext29_8x64d,3,2,0.2,0.05,0.05,5,12,H,1,0.1890340495658443,0.1890340495658443,,0.002037928461412395,0.02445514153694874,8.0,margin,margin,0.3,0.9938197010336912
resnext29_8x64d__pathmnist_split_03__seed2__d0.5,pathmnist,d0.5,resnext29_8x64d,3,2,0.2,0.05,0.05,5,12,S,1,0.1890340495658443,0.1890340495658443,0.19000963379092478,,,8.0,margin,margin,0.3,0.9938197010336912
resnext29_8x64d__pathmnist_split_03__seed2__d0.5,pathmnist,d0.5,resnext29_8x64d,3,2,0.2,0.05,0.05,5,12,B,0,0.0,0.0,,,,,,,,
resnext29_8x64d__pathmnist_split_03__seed2__d5.0,pathmnist,d5,resnext29_8x64d,3,2,0.2,0.05,0.05,5,12,H,0,0.0,0.0,,,,,,,,
resnext29_8x64d__pathmnist_split_03__seed2__d5.0,pathmnist,d5,resnext29_8x64d,3,2,0.2,0.05,0.05,5,12,S,0,0.0,0.0,,,,,,,,
resnext29_8x64d__pathmnist_split_03__seed2__d5.0,pathmnist,d5,resnext29_8x64d,3,2,0.2,0.05,0.05,5,12,B,0,0.0,0.0,,,,,,,,
resnext29_8x64d__pathmnist_split_03__seed3__d0.5,pathmnist,d0.5,resnext29_8x64d,3,3,0.2,0.05,0.05,5,12,H,0,0.0,0.0,,,,,,,,
resnext29_8x64d__pathmnist_split_03__seed3__d0.5,pathmnist,d0.5,resnext29_8x64d,3,3,0.2,0.05,0.05,5,12,S,0,0.0,0.0,,,,,,,,
resnext29_8x64d__pathmnist_split_03__seed3__d0.5,pathmnist,d0.5,resnext29_8x64d,3,3,0.2,0.05,0.05,5,12,B,0,0.0,0.0,,,,,,,,
resnext29_8x64d__pathmnist_split_03__seed3__d5.0,pathmnist,d5,resnext29_8x64d,3,3,0.2,0.05,0.05,5,12,H,0,0.0,0.0,,,,,,,,
resnext29_8x64d__pathmnist_split_03__seed3__d5.0,pathmnist,d5,resnext29_8x64d,3,3,0.2,0.05,0.05,5,12,S,0,0.0,0.0,,,,,,,,
resnext29_8x64d__pathmnist_split_03__seed3__d5.0,pathmnist,d5,resnext29_8x64d,3,3,0.2,0.05,0.05,5,12,B,0,0.0,0.0,,,,,,,,
resnext29_8x64d__pathmnist_split_03__seed4__d0.5,pathmnist,d0.5,resnext29_8x64d,3,4,0.2,0.05,0.05,5,12,H,1,0.2275736877842476,0.2275736877842476,,0.0028527025825493928,0.03423243099059271,0.0,msp,native,0.3,0.9984322315873112
resnext29_8x64d__pathmnist_split_03__seed4__d0.5,pathmnist,d0.5,resnext29_8x64d,3,4,0.2,0.05,0.05,5,12,S,1,0.2275736877842476,0.2275736877842476,0.19506780705953858,,,0.0,msp,native,0.3,0.9984322315873112
resnext29_8x64d__pathmnist_split_03__seed4__d0.5,pathmnist,d0.5,resnext29_8x64d,3,4,0.2,0.05,0.05,5,12,B,0,0.0,0.0,,,,,,,,
resnext29_8x64d__pathmnist_split_03__seed4__d5.0,pathmnist,d5,resnext29_8x64d,3,4,0.2,0.05,0.05,5,12,H,1,0.3106598656485761,0.3106598656485761,,0.0038101491897378336,0.03196021608824992,5.0,energy,energy,0.5,13.210549536357355
resnext29_8x64d__pathmnist_split_03__seed4__d5.0,pathmnist,d5,resnext29_8x64d,3,4,0.2,0.05,0.05,5,12,S,1,0.3106598656485761,0.3106598656485761,0.19899632060679512,,,5.0,energy,energy,0.5,13.210549536357355
resnext29_8x64d__pathmnist_split_03__seed4__d5.0,pathmnist,d5,resnext29_8x64d,3,4,0.2,0.05,0.05,5,12,B,1,0.1767549974414998,0.1767549974414998,0.17576258420514196,,,4.0,energy,energy,0.3,15.706563397793468
resnext29_8x64d__pathmnist_split_04__seed0__d0.5,pathmnist,d0.5,resnext29_8x64d,4,0,0.2,0.05,0.05,5,12,H,0,0.0,0.0,,,,,,,,
resnext29_8x64d__pathmnist_split_04__seed0__d0.5,pathmnist,d0.5,resnext29_8x64d,4,0,0.2,0.05,0.05,5,12,S,0,0.0,0.0,,,,,,,,
resnext29_8x64d__pathmnist_split_04__seed0__d0.5,pathmnist,d0.5,resnext29_8x64d,4,0,0.2,0.05,0.05,5,12,B,0,0.0,0.0,,,,,,,,
resnext29_8x64d__pathmnist_split_04__seed0__d5.0,pathmnist,d5,resnext29_8x64d,4,0,0.2,0.05,0.05,5,12,H,0,0.0,0.0,,,,,,,,
resnext29_8x64d__pathmnist_split_04__seed0__d5.0,pathmnist,d5,resnext29_8x64d,4,0,0.2,0.05,0.05,5,12,S,0,0.0,0.0,,,,,,,,
resnext29_8x64d__pathmnist_split_04__seed0__d5.0,pathmnist,d5,resnext29_8x64d,4,0,0.2,0.05,0.05,5,12,B,0,0.0,0.0,,,,,,,,
resnext29_8x64d__pathmnist_split_04__seed1__d0.5,pathmnist,d0.5,resnext29_8x64d,4,1,0.2,0.05,0.05,5,12,H,1,0.1621080541442137,0.1621080541442137,,0.00032664116320851687,0.0035930527952936857,0.0,msp,native,0.3,0.992495828847024
resnext29_8x64d__pathmnist_split_04__seed1__d0.5,pathmnist,d0.5,resnext29_8x64d,4,1,0.2,0.05,0.05,5,12,S,1,0.1621080541442137,0.1621080541442137,0.16944571596193914,,,0.0,msp,native,0.3,0.992495828847024
resnext29_8x64d__pathmnist_split_04__seed1__d0.5,pathmnist,d0.5,resnext29_8x64d,4,1,0.2,0.05,0.05,5,12,B,1,0.1535753178543354,0.1535753178543354,0.1892427735888847,,,0.0,msp,native,0.3,0.992495828847024
resnext29_8x64d__pathmnist_split_04__seed1__d5.0,pathmnist,d5,resnext29_8x64d,4,1,0.2,0.05,0.05,5,12,H,0,0.0,0.0,,,,,,,,
resnext29_8x64d__pathmnist_split_04__seed1__d5.0,pathmnist,d5,resnext29_8x64d,4,1,0.2,0.05,0.05,5,12,S,0,0.0,0.0,,,,,,,,
resnext29_8x64d__pathmnist_split_04__seed1__d5.0,pathmnist,d5,resnext29_8x64d,4,1,0.2,0.05,0.05,5,12,B,0,0.0,0.0,,,,,,,,
resnext29_8x64d__pathmnist_split_04__seed2__d0.5,pathmnist,d0.5,resnext29_8x64d,4,2,0.2,0.05,0.05,5,12,H,0,0.0,0.0,,,,,,,,
resnext29_8x64d__pathmnist_split_04__seed2__d0.5,pathmnist,d0.5,resnext29_8x64d,4,2,0.2,0.05,0.05,5,12,S,0,0.0,0.0,,,,,,,,
resnext29_8x64d__pathmnist_split_04__seed2__d0.5,pathmnist,d0.5,resnext29_8x64d,4,2,0.2,0.05,0.05,5,12,B,0,0.0,0.0,,,,,,,,
resnext29_8x64d__pathmnist_split_04__seed2__d5.0,pathmnist,d5,resnext29_8x64d,4,2,0.2,0.05,0.05,5,12,H,0,0.0,0.0,,,,,,,,
resnext29_8x64d__pathmnist_split_04__seed2__d5.0,pathmnist,d5,resnext29_8x64d,4,2,0.2,0.05,0.05,5,12,S,0,0.0,0.0,,,,,,,,
resnext29_8x64d__pathmnist_split_04__seed2__d5.0,pathmnist,d5,resnext29_8x64d,4,2,0.2,0.05,0.05,5,12,B,0,0.0,0.0,,,,,,,,
resnext29_8x64d__pathmnist_split_04__seed3__d0.5,pathmnist,d0.5,resnext29_8x64d,4,3,0.2,0.05,0.05,5,12,H,0,0.0,0.0,,,,,,,,
resnext29_8x64d__pathmnist_split_04__seed3__d0.5,pathmnist,d0.5,resnext29_8x64d,4,3,0.2,0.05,0.05,5,12,S,0,0.0,0.0,,,,,,,,
resnext29_8x64d__pathmnist_split_04__seed3__d0.5,pathmnist,d0.5,resnext29_8x64d,4,3,0.2,0.05,0.05,5,12,B,0,0.0,0.0,,,,,,,,
resnext29_8x64d__pathmnist_split_04__seed3__d5.0,pathmnist,d5,resnext29_8x64d,4,3,0.2,0.05,0.05,5,12,H,0,0.0,0.0,,,,,,,,
resnext29_8x64d__pathmnist_split_04__seed3__d5.0,pathmnist,d5,resnext29_8x64d,4,3,0.2,0.05,0.05,5,12,S,0,0.0,0.0,,,,,,,,
resnext29_8x64d__pathmnist_split_04__seed3__d5.0,pathmnist,d5,resnext29_8x64d,4,3,0.2,0.05,0.05,5,12,B,0,0.0,0.0,,,,,,,,
resnext29_8x64d__pathmnist_split_04__seed4__d0.5,pathmnist,d0.5,resnext29_8x64d,4,4,0.2,0.05,0.05,5,12,H,0,0.0,0.0,,,,,,,,
resnext29_8x64d__pathmnist_split_04__seed4__d0.5,pathmnist,d0.5,resnext29_8x64d,4,4,0.2,0.05,0.05,5,12,S,0,0.0,0.0,,,,,,,,
resnext29_8x64d__pathmnist_split_04__seed4__d0.5,pathmnist,d0.5,resnext29_8x64d,4,4,0.2,0.05,0.05,5,12,B,0,0.0,0.0,,,,,,,,
resnext29_8x64d__pathmnist_split_04__seed4__d5.0,pathmnist,d5,resnext29_8x64d,4,4,0.2,0.05,0.05,5,12,H,0,0.0,0.0,,,,,,,,
resnext29_8x64d__pathmnist_split_04__seed4__d5.0,pathmnist,d5,resnext29_8x64d,4,4,0.2,0.05,0.05,5,12,S,0,0.0,0.0,,,,,,,,
resnext29_8x64d__pathmnist_split_04__seed4__d5.0,pathmnist,d5,resnext29_8x64d,4,4,0.2,0.05,0.05,5,12,B,0,0.0,0.0,,,,,,,,
